variant,model_seed,episode,cost,rolling_cost,immediate_cost,penalty,energy_use,latency_ms,thermal_violation,energy_violation,queue_violation,contact_violation,epsilon,loss,td_loss,auxiliary_loss
contextual_bandit,818,0,105.95659905672073,105.95659905672073,38.49943628907204,67.45716370642185,1.6689158100634813,22985.483333587646,0.0,30.0,0.0,2.0,0.9954761904761905,,,
contextual_bandit,818,1,108.82891327142715,107.39275616407394,40.158667750656605,68.67024621367455,1.7320016864687204,23619.637775421143,0.0,30.0,0.0,1.0,0.9909523809523809,1.3203907012939453,1.3203907012939453,0.0
contextual_bandit,818,2,105.15085107386112,106.64545446733634,39.163466572761536,65.98738459050655,1.7083141831681132,22342.61867904663,0.0,28.0,0.0,3.0,0.9864285714285714,1.152053028345108,1.152053028345108,0.0
contextual_bandit,818,3,175.84276907378776,123.9447831189492,46.350271075963974,129.49249811703308,1.93361406493932,27276.249645233154,0.0,37.0,31.0,1.0,0.981904761904762,1.1864238604903221,1.1864238604903221,0.0
contextual_bandit,818,4,121.61685171652411,123.47919683846419,43.65922386199236,77.95762859958981,1.8406210765242577,25777.45065689087,0.0,31.0,3.0,1.0,0.9773809523809524,1.242273487150669,1.242273487150669,0.0
contextual_bandit,818,5,123.0245063266158,123.40341508648946,37.80796226114035,85.21654409527778,1.76182272285223,22929.319786071777,0.0,35.0,1.0,0.0,0.9728571428571429,1.0448601767420769,1.0448601767420769,0.0
contextual_bandit,818,6,135.85153205525566,125.18171751059892,45.536294266581535,90.31523823570895,1.9129877937957644,27486.359676361084,0.0,31.0,14.0,2.0,0.9683333333333334,0.8587745651602745,0.8587745651602745,0.0
contextual_bandit,818,7,197.08466158104963,134.16958551940525,45.432758778333664,151.65190280271597,1.9596000174060464,27342.602405548096,0.0,38.0,39.0,1.0,0.9638095238095238,0.8303650394082069,0.8303650394082069,0.0
contextual_bandit,818,8,116.13752907514572,132.1660236922653,40.049565836787224,76.08796340227127,1.7642962569370866,23730.649278640747,0.0,32.0,0.0,0.0,0.9592857142857143,0.8298303633928299,0.8298303633928299,0.0
contextual_bandit,818,9,140.42948630870328,132.99236995390908,39.758211597800255,100.67127505362971,1.8285253252834082,24032.363639831543,0.0,36.0,25.0,2.0,0.9547619047619048,0.7367564328014851,0.7367564328014851,0.0
contextual_bandit,818,10,130.33796367088812,132.75106029181626,44.77200250327587,85.5659610335018,1.8720807982608676,26443.256912231445,0.0,33.0,6.0,1.0,0.9502380952380952,0.6002145204693079,0.6002145204693079,0.0
contextual_bandit,818,11,111.72023043334484,130.99849113694364,40.853817120194435,70.86641292572021,1.7651709774509072,23381.677925109863,0.0,30.0,0.0,2.0,0.9457142857142857,0.4207011479884386,0.4207011479884386,0.0
contextual_bandit,818,12,103.14801278710365,128.85614664849442,40.54432041943073,62.60369148850441,1.766332603059709,24254.027740478516,0.0,29.0,0.0,0.0,0.9411904761904761,0.3010244984179735,0.3010244984179735,0.0
contextual_bandit,818,13,117.9571244418621,128.0776450623064,41.747806414961815,76.20931857824326,1.7380000920966268,23665.082584381104,0.0,31.0,0.0,0.0,0.9366666666666666,0.22728833742439747,0.22728833742439747,0.0
contextual_bandit,818,14,125.2599870383854,127.88980119404499,42.0104076564312,83.24958002270414,1.7900401251390576,24680.14570236206,0.0,33.0,5.0,1.0,0.9321428571428572,0.17920113261789083,0.17920113261789083,0.0
contextual_bandit,818,15,113.09154237210751,126.9649100176739,42.23693733662367,70.854604819417,1.7757553709670901,24361.541526794434,0.0,31.0,0.0,1.0,0.9276190476190476,0.14996785763651133,0.14996785763651133,0.0
contextual_bandit,818,16,118.18716253681423,126.44857193056453,40.772456377744675,77.41470609946492,1.8021696507930756,24614.414756774902,0.0,32.0,8.0,0.0,0.9230952380952381,0.13564086239784956,0.13564086239784956,0.0
contextual_bandit,818,17,136.11937022573503,126.98583850251845,43.364803835749626,92.75456647939238,1.9235196895897388,26595.622932434082,0.0,33.0,10.0,0.0,0.9185714285714286,0.12261322606354952,0.12261322606354952,0.0
contextual_bandit,818,18,143.96746295773247,127.8796082106876,35.32018584012985,108.64727717720727,1.7855013674125075,22722.51526260376,0.0,33.0,25.0,2.0,0.914047619047619,0.11580093251541257,0.11580093251541257,0.0
contextual_bandit,818,19,160.86000379930368,129.52862799011842,40.15368317067623,120.70632062862745,1.9400280974805355,25251.54727935791,0.0,33.0,27.0,2.0,0.9095238095238095,0.09700164990499616,0.09700164990499616,0.0
contextual_bandit,818,20,160.4462758811128,132.253111831338,42.10979161411524,118.33648419249174,1.8413228234276175,25041.986213684082,0.0,33.0,23.0,3.0,0.905,0.09335674461908638,0.09335674461908638,0.0
contextual_bandit,818,21,150.66263476295725,134.3447979059145,43.74133685231209,106.92129813416261,1.8571786219254136,25702.708267211914,0.0,36.0,21.0,0.0,0.9004761904761904,0.09995984332635999,0.09995984332635999,0.0
contextual_bandit,818,22,153.58285211216977,136.76639795782995,43.73028847575188,109.85256335329586,1.8673144336789846,26059.9310836792,0.0,35.0,19.0,1.0,0.895952380952381,0.08824324375018477,0.08824324375018477,0.0
contextual_bandit,818,23,212.43133358250563,138.5958261832658,44.901031866669655,167.5303018648476,2.0473794750869274,28154.03929901123,0.0,37.0,29.0,0.0,0.8914285714285715,0.08918171981349587,0.08918171981349587,0.0
contextual_bandit,818,24,112.0451518535614,138.11724119011768,40.35331419110298,71.69183807969094,1.7233504839241505,23050.465591430664,0.0,31.0,0.0,1.0,0.8869047619047619,0.0856976667419076,0.0856976667419076,0.0
contextual_bandit,818,25,109.33950584147041,137.43299116586041,38.34798603504896,70.99152038011616,1.740304191596806,22930.925998687744,0.0,31.0,2.0,0.0,0.8823809523809524,0.08634364558383822,0.08634364558383822,0.0
contextual_bandit,818,26,113.4424785325667,136.312538489726,37.12170735001564,76.32077139116731,1.7595023838803172,22388.248474121094,0.0,32.0,5.0,2.0,0.8778571428571429,0.0788130487781018,0.0788130487781018,0.0
contextual_bandit,818,27,152.95397198044452,134.10600400969574,43.617344468832016,109.33662748181021,1.8773167561739683,26014.916763305664,0.0,33.0,17.0,1.0,0.8733333333333333,0.0831317629199475,0.0831317629199475,0.0
contextual_bandit,818,28,155.29368944064805,136.0638120279708,46.311147421598434,108.98254197434608,1.8982137404382229,27259.871101379395,0.0,35.0,20.0,3.0,0.8688095238095238,0.07549930363893509,0.07549930363893509,0.0
contextual_bandit,818,29,184.26015552611503,138.25534548884144,46.71423336863518,137.5459224257007,1.9561155512928963,27874.451345443726,0.0,35.0,26.0,2.0,0.8642857142857143,0.07508531585335732,0.07508531585335732,0.0
contextual_bandit,818,30,91.29646272957325,136.30327044177565,31.932248145341873,59.36421447992325,1.6083193477243185,19454.077026367188,0.0,27.0,0.0,2.0,0.8597619047619047,0.08440399286337197,0.08440399286337197,0.0
contextual_bandit,818,31,129.07773862050638,137.17114585113376,40.98985247313976,88.0878866987096,1.7987357303500175,24108.691661834717,0.0,34.0,13.0,1.0,0.8552380952380952,0.07361568184569478,0.07361568184569478,0.0
contextual_bandit,818,32,203.84671299809492,142.20608086168332,42.407094940543175,161.43961805755174,1.90132250264287,25602.205810546875,0.0,38.0,42.0,0.0,0.8507142857142858,0.07770040887407959,0.07770040887407959,0.0
contextual_bandit,818,33,149.3448997753128,143.77546962835586,41.42462155222893,107.9202784018978,1.8536582011729479,24661.0082321167,0.0,33.0,27.0,3.0,0.8461904761904762,0.0730364175979048,0.0730364175979048,0.0
contextual_bandit,818,34,181.1049787422697,146.56771921355008,40.15159159898758,140.95338714328216,1.833725119009614,24315.97629547119,0.0,37.0,44.0,1.0,0.8416666666666667,0.06750543136149645,0.06750543136149645,0.0
contextual_bandit,818,35,103.43994829058647,146.08513950947403,35.06030344963074,68.37964487075806,1.699369770474732,21162.74737548828,0.0,27.0,0.0,1.0,0.8371428571428572,0.07096801558509469,0.07096801558509469,0.0
contextual_bandit,818,36,108.17573341727257,145.58456805349698,36.808339804410934,71.36739382147789,1.6694466453045607,21280.745540618896,0.0,31.0,0.0,1.0,0.8326190476190476,0.07361826673150063,0.07361826673150063,0.0
contextual_bandit,818,37,190.15169525880572,148.2861843051505,47.368347495794296,142.78334779281377,1.982017538510263,28079.207927703857,0.0,38.0,37.0,1.0,0.8280952380952381,0.06764698517508805,0.06764698517508805,0.0
contextual_bandit,818,38,185.74396150916004,150.37500923272188,39.872995018959045,145.87096654980562,2.00443880725652,25704.49377822876,0.0,32.0,30.0,1.0,0.8235714285714286,0.06961007951758802,0.06961007951758802,0.0
contextual_bandit,818,39,109.88703597502662,147.826360841508,36.96436366438866,72.92267178909732,1.7319474974647164,22224.465377807617,0.0,32.0,1.0,1.0,0.819047619047619,0.061416194308549166,0.061416194308549166,0.0
contextual_bandit,818,40,97.83451608717442,144.6957728518111,37.64915715157986,60.18535911440849,1.7346738707274199,23000.14143180847,0.0,24.0,0.0,1.0,0.8145238095238095,0.06694066850468516,0.06694066850468516,0.0
contextual_bandit,818,41,135.09450819100138,143.91736652321327,36.65613141655922,98.43837674463984,1.8272201521322131,22810.754768371582,0.0,35.0,13.0,1.0,0.81,0.0571791126858443,0.0571791126858443,0.0
contextual_bandit,818,42,158.9283191959758,144.18463987740358,40.26674021780491,118.66157891856628,1.7972744852304459,24189.595947265625,0.0,36.0,30.0,4.0,0.8054761904761905,0.057933277916163206,0.057933277916163206,0.0
contextual_bandit,818,43,118.75539674925972,139.5008430357413,36.37233419716358,82.38306267130542,1.7899104626849294,23208.67168045044,0.0,28.0,14.0,0.0,0.800952380952381,0.06332137272693217,0.06332137272693217,0.0
contextual_bandit,818,44,117.05616661906242,139.75139377401632,43.641297087073326,73.41486963629723,1.7393969958648086,24847.93286895752,0.0,31.0,0.0,0.0,0.7964285714285715,0.057180610252544284,0.057180610252544284,0.0
contextual_bandit,818,45,105.49531932019596,139.55918444795265,38.09317960590124,67.40214029544,1.7345456136390567,22654.190643310547,0.0,29.0,2.0,0.0,0.7919047619047619,0.05250492785125971,0.05250492785125971,0.0
contextual_bandit,818,46,159.04802115709185,141.83946157917885,43.746004447340965,115.30201656073929,1.9006086625158787,25940.25774383545,0.0,37.0,26.0,2.0,0.7873809523809524,0.0494472268037498,0.0494472268037498,0.0
contextual_bandit,818,47,105.97795134695164,139.4906605475042,37.958550468087196,68.0194000593006,1.766195621341467,23139.929403305054,0.0,30.0,2.0,0.0,0.7828571428571429,0.04764626978430897,0.04764626978430897,0.0
contextual_bandit,818,48,120.91901733510097,137.77192694222688,41.36292877793312,79.55608784191212,1.8079353338107467,24592.699878692627,0.0,33.0,4.0,0.0,0.7783333333333333,0.04321934632025659,0.04321934632025659,0.0
contextual_bandit,818,49,115.88075236380101,134.35295678411117,40.922878578305244,74.95787456035615,1.751538290642202,23666.765853881836,0.0,32.0,0.0,1.0,0.7738095238095238,0.045921115670353174,0.045921115670353174,0.0
contextual_bandit,818,50,103.35453350991011,134.955860323128,39.09011798352003,64.26441561579705,1.7517491541802883,23458.953495025635,0.0,27.0,0.0,3.0,0.7692857142857144,0.04114182700868696,0.04114182700868696,0.0
contextual_bandit,818,51,217.92669606974331,139.3983081955899,43.97845433652401,173.9482417332193,2.0567638454958797,28003.00694656372,0.0,35.0,35.0,3.0,0.7647619047619048,0.047501059831120074,0.047501059831120074,0.0
contextual_bandit,818,52,160.5915215713716,137.2355486242537,39.60003715753555,120.99148442873722,1.854663260281086,23736.928045272827,0.0,37.0,36.0,2.0,0.7602380952380953,0.04564354824833572,0.04564354824833572,0.0
contextual_bandit,818,53,117.28346338272095,135.6324768046241,34.99094308912754,82.29252147078515,1.705066136084497,21099.783237457275,0.0,35.0,0.0,1.0,0.7557142857142858,0.042013408965431154,0.042013408965431154,0.0
contextual_bandit,818,54,121.99255111622342,132.6768554233218,38.17474437505007,83.81780697959195,1.8484046626836061,23333.63791847229,0.0,30.0,17.0,3.0,0.7511904761904762,0.03786436561495066,0.03786436561495066,0.0
contextual_bandit,818,55,107.75450723930726,132.89258337075785,40.553554981946945,67.20095216795333,1.8369742166250944,24686.301498413086,0.0,28.0,2.0,2.0,0.7466666666666667,0.0362020640168339,0.0362020640168339,0.0
contextual_bandit,818,56,120.13601298166066,133.49059734897725,39.840361058712006,80.29565229547768,1.8051205342635512,23565.128913879395,0.0,33.0,16.0,0.0,0.7421428571428572,0.03872975194826722,0.03872975194826722,0.0
contextual_bandit,818,57,142.93184343904053,131.12960475798897,37.64928202331066,105.28256132632292,1.7656383905559778,22588.92254638672,0.0,37.0,34.0,0.0,0.7376190476190476,0.036320087616331875,0.036320087616331875,0.0
contextual_bandit,818,58,124.38049263537354,128.06143131429968,37.03651298582554,87.34398000717587,1.8605622723698616,23518.642471313477,0.0,33.0,6.0,1.0,0.7330952380952381,0.033186247339472175,0.033186247339472175,0.0
contextual_bandit,818,59,104.65890659540892,127.8000248453188,37.55463866889477,67.10426780730486,1.7174764862284064,22194.14820098877,0.0,28.0,0.0,2.0,0.7285714285714286,0.031245367019437253,0.031245367019437253,0.0
contextual_bandit,818,60,198.6019818571526,132.83839813381772,39.602574199438095,158.9994076577145,1.8806881112977862,24236.744270324707,0.0,37.0,34.0,0.0,0.724047619047619,0.029365230351686478,0.029365230351686478,0.0
contextual_bandit,818,61,107.15660443603993,131.44150294606962,31.0356288254261,76.12097543179989,1.5643588956445456,18398.286685943604,0.0,34.0,0.0,4.0,0.7195238095238095,0.02777900791261345,0.02777900791261345,0.0
contextual_bandit,818,62,150.9915843251969,131.04466620253066,45.46156211197376,105.53002167678136,1.8710860684514046,26363.371006011963,0.0,36.0,17.0,4.0,0.7150000000000001,0.02594148612115532,0.02594148612115532,0.0
contextual_bandit,818,63,103.89245613813401,130.30151917197438,35.51908339560032,68.37337250411511,1.6705344188958406,20643.975288391113,0.0,30.0,0.0,2.0,0.7104761904761905,0.030066208099015057,0.030066208099015057,0.0
contextual_bandit,818,64,162.4737683602635,132.57239925903443,38.25821405649185,124.21555436337631,1.7921971185132861,22785.565223693848,0.0,34.0,28.0,1.0,0.7059523809523809,0.026150831021368504,0.026150831021368504,0.0
contextual_bandit,818,65,121.05050757254052,133.35015867165166,38.65430637449026,82.39620167488742,1.771599461324513,23663.049072265625,0.0,33.0,5.0,0.0,0.7014285714285715,0.02557343803346157,0.02557343803346157,0.0
contextual_bandit,818,66,146.97200742930667,132.7463579852624,37.71312066912651,109.25888678998247,1.83154908567667,23453.92889404297,0.0,33.0,24.0,1.0,0.6969047619047619,0.02374097512802109,0.02374097512802109,0.0
contextual_bandit,818,67,108.08299102453557,132.8516099691416,33.104454308748245,74.97853710321752,1.6905232015997171,20566.54242324829,0.0,30.0,15.0,2.0,0.6923809523809523,0.021836735890246928,0.021836735890246928,0.0
contextual_bandit,818,68,129.34474122986012,133.27289616387958,43.53475804626942,85.8099829898756,1.8508929088711739,25231.31711959839,0.0,33.0,13.0,0.0,0.687857142857143,0.021324351720977575,0.021324351720977575,0.0
contextual_bandit,818,69,124.24334217563731,133.6910256544714,37.12667566537857,87.116666256939,1.7735088653862476,22375.685302734375,0.0,34.0,15.0,2.0,0.6833333333333333,0.020015215734019876,0.020015215734019876,0.0
contextual_bandit,818,70,104.78387404978275,133.762492681465,35.443709284067154,69.34016475081444,1.7284601172432303,21601.336296081543,0.0,29.0,0.0,0.0,0.6788095238095238,0.01903489331016317,0.01903489331016317,0.0
contextual_bandit,818,71,131.5110303338948,129.44170939467259,40.37518519163132,91.13584505285654,1.7789185596629977,23852.44553756714,0.0,35.0,12.0,1.0,0.6742857142857144,0.019392003945540637,0.019392003945540637,0.0
contextual_bandit,818,72,96.87451788783073,126.25585921049553,31.157249078154564,65.71726861596107,1.6061232360079885,18906.149341583252,0.0,28.0,0.0,0.0,0.6697619047619048,0.018771597708109766,0.018771597708109766,0.0
contextual_bandit,818,73,200.41307523806162,130.41233980326257,42.34407824277878,158.06899699528282,1.8974197125062346,25134.28005218506,0.0,38.0,37.0,1.0,0.6652380952380952,0.01587322319392115,0.01587322319392115,0.0
contextual_bandit,818,74,153.2772211362421,131.9765733042635,37.90945138037205,115.36776966646309,1.8142900308594108,23364.381561279297,0.0,36.0,23.0,1.0,0.6607142857142857,0.018225671723484993,0.018225671723484993,0.0
contextual_bandit,818,75,155.91590274005645,134.38464307930096,43.193894162774086,112.72200851767774,1.8922239551320672,25706.06182861328,0.0,34.0,21.0,1.0,0.6561904761904762,0.015286080597434193,0.015286080597434193,0.0
contextual_bandit,818,76,108.37860837578773,133.7967728490073,38.02273932099342,70.35586832463741,1.7566492073237896,22667.22942352295,0.0,29.0,0.0,0.0,0.6516666666666667,0.014477870310656726,0.014477870310656726,0.0
contextual_bandit,818,77,104.29835796710678,131.86509857541063,36.015306398272514,68.28305149432846,1.705202890560031,21482.186889648438,0.0,29.0,5.0,3.0,0.6471428571428571,0.01521160890115425,0.01521160890115425,0.0
contextual_bandit,818,78,118.13207966301117,131.5526779267925,38.34266039729118,79.78941907200489,1.7923670802265406,23389.628135681152,0.0,31.0,7.0,1.0,0.6426190476190476,0.013341125566512346,0.013341125566512346,0.0
contextual_bandit,818,79,121.07372466751235,132.37341883039767,38.595028057694435,82.47869625964061,1.7755731716752052,23238.048011779785,0.0,32.0,11.0,1.0,0.6380952380952382,0.013890520145650953,0.013890520145650953,0.0
contextual_bandit,818,80,96.76630050837994,127.28163476295906,37.28958613425493,59.476714143157004,1.710048678331077,22215.24383163452,0.0,28.0,0.0,1.0,0.6335714285714286,0.014711087453179061,0.014711087453179061,0.0
contextual_bandit,818,81,142.9779360241591,129.07270134236498,38.08105006068945,104.89688644030684,1.8051730394363403,23070.085819244385,0.0,37.0,21.0,1.0,0.6290476190476191,0.012742173508740962,0.012742173508740962,0.0
contextual_bandit,818,82,120.30789436772247,127.53851684449128,35.50952124595642,84.79837258532424,1.754973360337317,21718.21580505371,0.0,31.0,12.0,1.0,0.6245238095238095,0.012892878206912428,0.012892878206912428,0.0
contextual_bandit,818,83,98.85956763625146,127.28687241939717,33.33498238027096,65.52458550930024,1.656251385807991,20345.727409362793,0.0,28.0,0.0,2.0,0.62,0.01215832366142422,0.01215832366142422,0.0
contextual_bandit,818,84,123.76654802948832,125.35151140285839,34.59064084291458,89.17590749949812,1.7787817493081093,21883.170249938965,0.0,32.0,15.0,2.0,0.6154761904761905,0.011901485733687878,0.011901485733687878,0.0
contextual_bandit,818,85,111.6868582371387,124.88332893608829,33.58260291814804,78.1042554531011,1.6829748889431357,20884.552055358887,0.0,33.0,6.0,1.0,0.6109523809523809,0.012246480619069189,0.012246480619069189,0.0
contextual_bandit,818,86,95.95507016181946,122.33248207271394,31.170889496803284,64.7841806948185,1.6386176021769643,19255.09757232666,0.0,28.0,0.0,2.0,0.6064285714285714,0.011015368159860373,0.011015368159860373,0.0
contextual_bandit,818,87,94.05645154565573,121.63115509876995,33.65740763396025,60.399043986201285,1.596576513722539,20137.293823242188,0.0,27.0,0.0,2.0,0.6019047619047619,0.011097531678387895,0.011097531678387895,0.0
contextual_bandit,818,88,89.46490909159184,119.63716349185654,32.37489357590675,57.09001611173153,1.6090644840151072,19628.273387908936,0.0,26.0,0.0,0.0,0.5973809523809523,0.010663408058462664,0.010663408058462664,0.0
contextual_bandit,818,89,122.47165291609286,119.54857902887935,38.07921923696995,84.39243373872756,1.7890640692785382,22633.90249633789,0.0,31.0,14.0,2.0,0.592857142857143,0.010462307749548927,0.010462307749548927,0.0
contextual_bandit,818,90,96.08558813455743,119.11366473311804,31.850316740572453,64.23527179631633,1.6915667578577995,20092.978969573975,0.0,27.0,1.0,1.0,0.5883333333333334,0.010233406530460343,0.010233406530460343,0.0
contextual_bandit,818,91,125.89568830261072,118.83289763155385,36.491256184875965,89.40443207303126,1.7892670454457402,22617.937469482422,0.0,31.0,20.0,4.0,0.5838095238095238,0.010145255306269974,0.010145255306269974,0.0
contextual_bandit,818,92,93.63647073507309,118.67099527391596,31.32231218367815,62.314158633351326,1.656820327974856,19786.226148605347,0.0,29.0,0.0,0.0,0.5792857142857144,0.009110820159548894,0.009110820159548894,0.0
contextual_bandit,818,93,115.48611559942864,114.42464729198431,33.54252548515797,81.94359020367767,1.728944767266512,20583.42461013794,0.0,32.0,20.0,3.0,0.5747619047619048,0.010002188209909946,0.010002188209909946,0.0
contextual_bandit,818,94,133.15398805312182,113.4184856378283,39.7816698551178,93.37231816820169,1.825749684125185,24193.572681427002,0.0,31.0,19.0,1.0,0.5702380952380952,0.009827426954871044,0.009827426954871044,0.0
contextual_bandit,818,95,107.68815856970195,111.00709842931057,33.03402016311884,74.6541382575715,1.6840646229684353,20250.30216217041,0.0,31.0,4.0,5.0,0.5657142857142857,0.008431674563325942,0.008431674563325942,0.0
contextual_bandit,818,96,105.460626195571,110.86119932029973,34.77160520851612,70.68902107646184,1.6986291594803333,21781.578342437744,0.0,30.0,4.0,2.0,0.5611904761904762,0.008152245776727796,0.008152245776727796,0.0
contextual_bandit,818,97,90.7534542709589,110.18395413549236,28.34843122959137,62.405023264884946,1.597710900940001,17842.57543182373,0.0,27.0,0.0,2.0,0.5566666666666666,0.009373346256325021,0.009373346256325021,0.0
contextual_bandit,818,98,106.38999914648484,109.59685010966605,33.225122913718224,73.16487615826082,1.709399288520217,20619.81418991089,0.0,27.0,16.0,0.0,0.5521428571428572,0.008911571494536474,0.008911571494536474,0.0
contextual_bandit,818,99,107.18776865303516,108.90255230894218,36.300994247198105,70.88677451014519,1.7139792907983065,21576.268894195557,0.0,30.0,0.0,1.0,0.5476190476190477,0.008762240031501278,0.008762240031501278,0.0
contextual_bandit,818,100,110.33407221440415,109.58094089424337,33.892071291804314,76.44200069908244,1.7014305042102933,20848.73383331299,0.0,28.0,13.0,1.0,0.5430952380952381,0.008288447395898402,0.008288447395898402,0.0
contextual_bandit,818,101,90.6244159117341,106.96326488862212,32.43251070380211,58.191905081272125,1.573767501860857,19396.05237197876,0.0,27.0,0.0,0.0,0.5385714285714286,0.007540720340330154,0.007540720340330154,0.0
contextual_bandit,818,102,106.96202017113079,106.29597117879254,35.10615373402834,71.85586645200361,1.7107793372124434,21128.031002044678,0.0,30.0,7.0,3.0,0.5340476190476191,0.007497730723116547,0.007497730723116547,0.0
contextual_bandit,818,103,145.0017851493758,108.60308205444876,39.408229403197765,105.59355546305596,1.7778774993494153,23276.583724975586,0.0,34.0,26.0,1.0,0.5295238095238095,0.007519604172557592,0.007519604172557592,0.0
contextual_bandit,818,104,101.04367848217487,107.4669385770831,35.37547044456005,65.66820763528347,1.701865378767252,21499.579544067383,0.0,28.0,1.0,2.0,0.525,0.00766747075249441,0.00766747075249441,0.0
contextual_bandit,818,105,91.96051417440177,106.48062137394625,29.913990177214146,62.04652393758297,1.629049589857459,18780.938831329346,0.0,26.0,0.0,2.0,0.5204761904761905,0.008664397581014782,0.008664397581014782,0.0
contextual_bandit,818,106,127.6545800834988,108.06559687003023,34.26607437431812,93.38850579858764,1.723120621405542,21171.375518798828,0.0,32.0,19.0,3.0,0.5159523809523809,0.008341886918060482,0.008341886918060482,0.0
contextual_bandit,818,107,126.62951699237121,109.69425014236599,38.13086311519146,88.49865357915652,1.7968597058206797,23107.10495376587,0.0,33.0,15.0,1.0,0.5114285714285716,0.007407455850625411,0.007407455850625411,0.0
contextual_bandit,818,108,108.3465287738741,110.6383311264801,33.483436822891235,74.86309209999447,1.7023831475526094,20509.25196838379,0.0,32.0,9.0,0.0,0.506904761904762,0.006868204480269924,0.006868204480269924,0.0
contextual_bandit,818,109,179.85994316770535,113.50774563906073,39.026982083916664,140.83296108378866,1.9073470933362842,23788.561378479004,0.0,34.0,33.0,3.0,0.5023809523809524,0.007224243090604432,0.007224243090604432,0.0
contextual_bandit,818,110,121.05233876212984,114.75608317043934,34.57804091274738,86.47429798349292,1.6559920720756054,20616.231258392334,0.0,32.0,24.0,1.0,0.4978571428571429,0.0067789703025482595,0.0067789703025482595,0.0
contextual_bandit,818,111,105.30642016232014,113.72661976342481,36.650788992643356,68.65563143789768,1.6758152469992638,21618.671840667725,0.0,31.0,0.0,0.0,0.4933333333333334,0.006354728480800986,0.006354728480800986,0.0
contextual_bandit,818,112,100.65290214121342,114.07744133373183,36.13198675215244,64.52091592550278,1.6337225986644626,21458.74955368042,0.0,28.0,0.0,0.0,0.4888095238095238,0.007081618619849905,0.007081618619849905,0.0
contextual_bandit,818,113,118.79731099708403,114.2430011036146,34.30235795676708,84.4949532489332,1.7359723625704646,20807.989639282227,0.0,34.0,7.0,0.0,0.4842857142857143,0.008028735028347,0.008028735028347,0.0
contextual_bandit,818,114,102.80211413800717,112.72540740785887,34.204520866274834,68.59759345054627,1.6746125472709537,20074.378337860107,0.0,29.0,0.0,4.0,0.4797619047619047,0.00690289527119603,0.00690289527119603,0.0
contextual_bandit,818,115,182.44794971593672,116.46339696517062,37.56375179439783,144.88419792153886,1.8191673066467047,22830.69267654419,0.0,36.0,36.0,1.0,0.47523809523809524,0.007090810919180512,0.007090810919180512,0.0
contextual_bandit,818,116,124.63428628603413,117.42207996969378,31.487199150025845,93.14708706150248,1.720315957441926,19556.177410125732,0.0,32.0,22.0,1.0,0.47071428571428575,0.008288234588690102,0.008288234588690102,0.0
contextual_bandit,818,117,153.55099277782193,120.56195689503693,38.573433607816696,114.9775593041157,1.8454779163002968,23305.183139801025,0.0,35.0,23.0,0.0,0.46619047619047627,0.006858205568278208,0.006858205568278208,0.0
contextual_bandit,818,118,103.94638692289591,120.43977628385747,28.674322612583637,75.27206444442272,1.5726993680000305,17511.319732666016,0.0,33.0,0.0,4.0,0.46166666666666667,0.005660518945660442,0.005660518945660442,0.0
contextual_bandit,818,119,105.26401302517023,120.34358850246421,35.32651461660862,69.93749840856162,1.6951920250430703,21770.17284011841,0.0,27.0,14.0,1.0,0.4571428571428572,0.007171984965680167,0.007171984965680167,0.0
contextual_bandit,818,120,124.39530247155932,121.04665001532199,33.74923846125603,90.64606409971026,1.72959444206208,20740.742694854736,0.0,33.0,19.0,5.0,0.4526190476190477,0.0069071027101017535,0.0069071027101017535,0.0
contextual_bandit,818,121,95.1796485349536,121.27441164648295,29.939988680183887,65.23965960144997,1.6118066878989339,18543.997215270996,0.0,27.0,0.0,3.0,0.4480952380952381,0.006442980520660058,0.006442980520660058,0.0
contextual_bandit,818,122,108.30715545213974,121.3416684105334,35.58504259586334,72.72211354172983,1.774822985753417,22576.308891296387,0.0,27.0,7.0,2.0,0.4435714285714286,0.006653547519817948,0.006653547519817948,0.0
contextual_bandit,818,123,126.34477966361851,120.40881813624556,35.191758528351784,91.15302116506905,1.7646501855924726,21459.583671569824,0.0,32.0,18.0,1.0,0.439047619047619,0.005450776880024932,0.005450776880024932,0.0
contextual_bandit,818,124,114.60220959549227,121.08674469191142,37.77801024913788,76.82419952516834,1.787037787027657,23278.729288101196,0.0,30.0,7.0,2.0,0.43452380952380953,0.00640969886444509,0.00640969886444509,0.0
contextual_bandit,818,125,94.4194621115923,121.20969208877091,28.690290540456772,65.72917110919953,1.6099850619211793,17974.946201324463,0.0,30.0,0.0,4.0,0.43000000000000005,0.00621319081983529,0.00621319081983529,0.0
contextual_bandit,818,126,130.4470025354293,121.34931321136746,35.00063343346119,95.44636913177045,1.713112278841436,20552.15375137329,0.0,36.0,28.0,1.0,0.42547619047619056,0.006792965024942532,0.006792965024942532,0.0
contextual_bandit,818,127,85.7320124398112,119.30443798373945,28.23905810713768,57.492953632318944,1.608784133568406,18158.287368774414,0.0,26.0,2.0,1.0,0.42095238095238097,0.005363034128095023,0.005363034128095023,0.0
contextual_bandit,818,128,86.36469427496195,118.20534625879384,31.096247248351574,55.26844710111618,1.6061177467927337,18756.77929878235,0.0,26.0,0.0,0.0,0.41642857142857137,0.0052860776777379215,0.0052860776777379215,0.0
contextual_bandit,818,129,83.07447999715805,113.36607310026648,29.83976924419403,53.23471063375473,1.5220402088016272,17346.633029937744,0.0,25.0,0.0,0.0,0.4119047619047619,0.006144448067061603,0.006144448067061603,0.0
contextual_bandit,818,130,99.40893008665579,112.28390266649278,31.06695729494095,68.3419728364183,1.6264458429068327,19228.054573059082,0.0,29.0,7.0,4.0,0.4073809523809524,0.005622728174785152,0.005622728174785152,0.0
contextual_bandit,818,131,85.516426512599,111.29440298400672,28.465239942073822,57.05118673443794,1.587782209739089,17549.99666595459,0.0,26.0,0.0,1.0,0.4028571428571429,0.00575940398266539,0.00575940398266539,0.0
contextual_bandit,818,132,97.05232248902321,111.11437400139721,34.41877391934395,62.63354845046997,1.6344824898988008,20010.705974578857,0.0,29.0,0.0,3.0,0.39833333333333343,0.005818182326038368,0.005818182326038368,0.0
contextual_bandit,818,133,90.33388619422912,109.69120276125447,28.490757159888744,61.84312914609909,1.5654429998248816,17735.124660491943,0.0,30.0,0.0,3.0,0.39380952380952383,0.005344121746020392,0.005344121746020392,0.0
contextual_bandit,818,134,136.60922826830668,111.38155846776945,36.99425231665373,99.61497602615871,1.8145707165822387,23249.937042236328,0.0,32.0,27.0,2.0,0.38928571428571423,0.0062754955142736435,0.0062754955142736435,0.0
contextual_bandit,818,135,106.28303313553333,107.57331263874929,35.242807269096375,71.04022595584392,1.6788647156208754,20701.994556427002,0.0,30.0,0.0,3.0,0.38476190476190475,0.006059481485863216,0.006059481485863216,0.0
contextual_bandit,818,136,106.37871002737103,106.66053382581613,31.05177965760231,75.32692955020485,1.6439773486927152,19052.983573913574,0.0,33.0,6.0,3.0,0.38023809523809526,0.005921723815845326,0.005921723815845326,0.0
contextual_bandit,818,137,129.31798292825994,105.44888333333802,33.06320032477379,96.2547826630908,1.7191333044320345,20097.63661956787,0.0,36.0,23.0,3.0,0.3757142857142858,0.005765224574133754,0.005765224574133754,0.0
contextual_bandit,818,138,110.81922574155702,105.79252527427107,34.1986129283905,76.62061272375956,1.6899819215759635,20271.94607925415,0.0,29.0,15.0,2.0,0.3711904761904763,0.006338416031212546,0.006338416031212546,0.0
contextual_bandit,818,139,99.67172612249851,105.51291092913748,32.161716401576996,67.51000958681107,1.6511230943724513,19831.457752227783,0.0,29.0,0.0,4.0,0.3666666666666667,0.00612134080438409,0.00612134080438409,0.0
contextual_bandit,818,140,130.55446243888667,105.82086892750385,37.43134514242411,93.12311719215447,1.7894669100642204,23017.048095703125,0.0,33.0,20.0,0.0,0.3621428571428572,0.00636563019361347,0.00636563019361347,0.0
contextual_bandit,818,141,119.14473508842781,107.01912325517758,31.820473343133926,87.32426186450317,1.673179654404521,19627.435529708862,0.0,31.0,25.0,1.0,0.3576190476190476,0.0052823693986283615,0.0052823693986283615,0.0
contextual_bandit,818,142,176.8990616492578,110.44871856503346,35.62932173907757,141.2697399101802,1.7482987232506275,21140.783645629883,0.0,37.0,41.0,2.0,0.35309523809523813,0.005120315705426037,0.005120315705426037,0.0
contextual_bandit,818,143,82.5537963733077,108.25916940051793,26.336442552506924,56.2173537760973,1.4920120872557163,16266.622417449951,0.0,26.0,0.0,0.0,0.34857142857142864,0.00551432634529192,0.00551432634529192,0.0
contextual_bandit,818,144,90.60270298421383,107.05919406995402,27.94269121438265,62.660012075304984,1.5267117377370596,16791.865921020508,0.0,30.0,0.0,1.0,0.34404761904761905,0.005349098268197849,0.005349098268197849,0.0
contextual_bandit,818,145,101.8058754534811,107.42851473704846,33.53199450671673,68.2738810510725,1.69239620026201,20535.66943359375,0.0,28.0,8.0,4.0,0.33952380952380956,0.006746363840647973,0.006746363840647973,0.0
contextual_bandit,818,146,132.87869003613957,107.55009911208397,35.025703474879265,97.85298671027188,1.797804195433855,21536.924396514893,0.0,35.0,22.0,2.0,0.3350000000000001,0.006131545771495439,0.006131545771495439,0.0
contextual_bandit,818,147,153.49304442740163,110.9381507114635,37.53919318318367,115.95385130382259,1.7791311824694276,22636.664670944214,0.0,34.0,33.0,0.0,0.3304761904761905,0.006304154027020559,0.006304154027020559,0.0
contextual_bandit,818,148,88.46943809047447,111.04338790223908,27.52206241339445,60.9473757217835,1.5611903490498662,17767.780075073242,0.0,26.0,12.0,0.0,0.325952380952381,0.005022836368880235,0.005022836368880235,0.0
contextual_bandit,818,149,134.90247743111954,113.6347877739372,32.59713727235794,102.30534009915695,1.757149319164455,20610.654232025146,0.0,32.0,25.0,1.0,0.3214285714285714,0.005146301744389348,0.005146301744389348,0.0
contextual_bandit,818,150,104.59327273492161,113.89400490635049,33.75656495243311,70.8367081252152,1.6846842700615525,20430.838123321533,0.0,29.0,8.0,2.0,0.3169047619047619,0.005279423858155496,0.005279423858155496,0.0
contextual_bandit,818,151,99.35759668052197,114.58606341474665,29.969208016991615,69.38838839530945,1.6191598055884242,18389.43715286255,0.0,32.0,0.0,1.0,0.3123809523809524,0.005247381821391173,0.005247381821391173,0.0
contextual_bandit,818,152,110.86545259717964,115.27671992015443,34.86608748137951,75.99936499659083,1.7774053681641817,21452.318851470947,0.0,29.0,12.0,4.0,0.30785714285714294,0.0052110567048657686,0.0052110567048657686,0.0
contextual_bandit,818,153,116.96641086041927,116.60834615346396,30.203630581498146,86.76277926564217,1.7084427308291197,18804.410221099854,0.0,38.0,0.0,0.0,0.30333333333333345,0.004893205114058219,0.004893205114058219,0.0
contextual_bandit,818,154,84.04794429540634,113.98028195481895,28.062288150191307,55.98565624952316,1.5414064172655344,16729.1028175354,0.0,25.0,0.0,2.0,0.29880952380952375,0.005290878558298573,0.005290878558298573,0.0
contextual_bandit,818,155,124.31996108104548,114.88212835209458,32.31091025471687,92.00905099024138,1.6716455165296793,20136.080726623535,0.0,28.0,21.0,1.0,0.29428571428571426,0.005245007268968038,0.005245007268968038,0.0
contextual_bandit,818,156,86.14783510565758,113.87058460600888,26.074220344424248,60.07361514866352,1.5505835199728608,16420.21445274353,0.0,26.0,0.0,0.0,0.2897619047619048,0.005970147714833729,0.005970147714833729,0.0
contextual_bandit,818,157,93.88404751729442,112.0988878354606,28.858355477452278,65.02569172691778,1.6183613119646907,17892.391777038574,0.0,29.0,4.0,3.0,0.2852380952380953,0.005440755732706748,0.005440755732706748,0.0
contextual_bandit,818,158,152.31775403152244,114.17381424995885,33.22730343788862,119.09045059363385,1.7818352272734046,20884.22003173828,0.0,34.0,34.0,0.0,0.2807142857142858,0.005761880282079801,0.005761880282079801,0.0
contextual_bandit,818,159,104.70979124078107,114.42571750587301,28.733094096183777,75.97669712969616,1.6180894672870636,17655.524528503418,0.0,30.0,19.0,3.0,0.2761904761904763,0.005359923219657503,0.005359923219657503,0.0
contextual_bandit,818,160,116.01010912742063,113.6984998402997,33.65706521272659,82.35304386999057,1.7285405434668064,20109.29864883423,0.0,35.0,6.0,3.0,0.2716666666666666,0.004743837198475376,0.004743837198475376,0.0
contextual_bandit,818,161,126.08992109179862,114.04575914046822,34.510500475764275,91.57942083955177,1.7362803146243095,21085.491409301758,0.0,31.0,21.0,3.0,0.2671428571428571,0.005443336311145686,0.005443336311145686,0.0
contextual_bandit,818,162,122.38225249943739,111.3199186829772,29.98526504635811,92.39698721466071,1.6717046089470387,18353.473766326904,0.0,35.0,32.0,3.0,0.26261904761904764,0.005243207473540679,0.005243207473540679,0.0
contextual_bandit,818,163,81.09955714922413,111.24720672177304,26.312705919146538,54.78685114067063,1.584322314709425,17339.25410079956,0.0,23.0,10.0,2.0,0.25809523809523816,0.0058097234286833555,0.0058097234286833555,0.0
contextual_bandit,818,164,100.49686002260441,111.74191457369257,29.05279676616192,71.44406407600633,1.6364373108372092,18212.326488494873,0.0,31.0,3.0,3.0,0.25357142857142867,0.004781208641361445,0.004781208641361445,0.0
contextual_bandit,818,165,92.67325302362443,111.28528345219972,29.4866044819355,63.18664836287498,1.6222290024161339,18396.506950378418,0.0,29.0,0.0,1.0,0.24904761904761907,0.005548059256398119,0.005548059256398119,0.0
contextual_bandit,818,166,138.95448594840303,111.58907324781289,35.39359848201275,103.56088737698337,1.7444822639226913,21258.593395233154,0.0,34.0,29.0,3.0,0.2445238095238096,0.004923633765429258,0.004923633765429258,0.0
contextual_bandit,818,167,122.13573179466981,110.02120761617633,32.45764157176018,89.678090073898,1.6927598537877202,19853.752067565918,0.0,31.0,23.0,2.0,0.24,0.005027197155868635,0.005027197155868635,0.0
contextual_bandit,818,168,94.32670796218743,110.31407110976197,27.005061604082584,67.32164590361944,1.5631107650697231,17294.113201141357,0.0,30.0,2.0,1.0,0.2354761904761905,0.005235276694293134,0.005235276694293134,0.0
contextual_bandit,818,169,105.17063181311876,108.82747882886193,27.573288150131702,77.59734371514112,1.6423695301637053,17286.780618667603,0.0,33.0,8.0,2.0,0.23095238095238102,0.0059201661351835355,0.0059201661351835355,0.0
contextual_bandit,818,170,78.46076279878616,107.52085333205514,26.092009380459785,52.368753880262375,1.529753322713077,16599.435453414917,0.0,26.0,0.0,0.0,0.22642857142857142,0.005158244908670895,0.005158244908670895,0.0
contextual_bandit,818,171,106.87266397570784,107.89660669681443,31.568369016051292,75.30429521297627,1.6721432069316506,19023.27147102356,0.0,31.0,7.0,4.0,0.22190476190476194,0.005084886084659956,0.005084886084659956,0.0
contextual_bandit,818,172,82.13057140260935,106.45986263708592,24.113539703190327,58.01703181862831,1.4896179530769587,15599.552471160889,0.0,25.0,0.0,0.0,0.21738095238095245,0.004940745639032684,0.004940745639032684,0.0
contextual_bandit,818,173,89.6232187043577,105.09270302928284,26.519781053066254,63.10343751718099,1.564585397951305,16832.781148910522,0.0,27.0,5.0,2.0,0.21285714285714286,0.005492858705110848,0.005492858705110848,0.0
contextual_bandit,818,174,70.90949398428202,104.43578051372663,25.836492724716663,45.07300119996071,1.5209510577842593,16561.18363571167,0.0,22.0,0.0,1.0,0.20833333333333337,0.004546633630525321,0.004546633630525321,0.0
contextual_bandit,818,175,81.83651200830937,102.31160806008984,28.12446342408657,53.71204822659492,1.5788467824459076,18060.346031188965,0.0,25.0,0.0,2.0,0.20380952380952377,0.006341635278658941,0.006341635278658941,0.0
contextual_bandit,818,176,96.02380688786506,102.8054066492002,28.209036588668823,67.81476986706257,1.5926431436091661,17695.77767944336,0.0,30.0,0.0,2.0,0.1992857142857143,0.00447599429753609,0.00447599429753609,0.0
contextual_bandit,818,177,93.19158511161804,102.7707835289164,27.34514157474041,65.8464438945055,1.5661528520286083,16667.89296722412,0.0,30.0,0.0,3.0,0.1947619047619048,0.004305774928070605,0.004305774928070605,0.0
contextual_bandit,818,178,142.99366006197866,102.3045788304392,31.309699296951294,111.68396076502742,1.6737731220200658,19455.987957000732,0.0,35.0,38.0,1.0,0.19023809523809532,0.005157170613529161,0.005157170613529161,0.0
contextual_bandit,818,179,145.5693792005521,104.34755822842774,31.194056689739227,114.3753224214059,1.740258607082069,19306.681930541992,0.0,37.0,40.0,2.0,0.18571428571428583,0.004592171884723939,0.004592171884723939,0.0
contextual_bandit,818,180,73.34117192924023,102.21411136851872,27.24238620698452,46.09878578186035,1.4713011207059026,16159.650928497314,0.0,22.0,0.0,1.0,0.18119047619047624,0.005296018047374673,0.005296018047374673,0.0
contextual_bandit,818,181,97.76967005143945,100.79809881650075,29.37246960401535,68.39720092426124,1.6468606973066926,18133.3426322937,0.0,28.0,3.0,1.0,0.17666666666666664,0.004349275215645321,0.004349275215645321,0.0
contextual_bandit,818,182,119.84339280825179,100.67115583194149,33.194593131542206,86.64879978101769,1.7044495195150375,19722.435607910156,0.0,33.0,18.0,2.0,0.17214285714285715,0.0037115554878255352,0.0037115554878255352,0.0
contextual_bandit,818,183,85.0654729872942,100.86945162384498,26.278670728206635,58.78680233359337,1.5121906148269773,16328.557674407959,0.0,27.0,0.0,3.0,0.16761904761904767,0.0039568984939251095,0.0039568984939251095,0.0
contextual_bandit,818,184,117.82757636782506,101.73598744110602,29.48325940221548,88.34431693580723,1.6389356022700667,18280.276683807373,0.0,28.0,27.0,1.0,0.16309523809523818,0.00400636532867793,0.00400636532867793,0.0
contextual_bandit,818,185,113.44213084703797,102.77443133227669,30.09680736064911,83.34532369500515,1.6953935949131846,18916.87450027466,0.0,33.0,20.0,2.0,0.1585714285714287,0.004300055545172654,0.004300055545172654,0.0
contextual_bandit,818,186,178.9441570985455,104.77391488978382,33.908331483602524,145.03582561494295,1.7776482477784157,20628.43504333496,0.0,35.0,44.0,2.0,0.1540476190476191,0.004726703278720379,0.004726703278720379,0.0
contextual_bandit,818,187,85.2027865060404,102.92726762535236,25.555489510297775,59.64729693613797,1.53799073304981,16469.8783493042,0.0,25.0,9.0,2.0,0.1495238095238095,0.004623672328307293,0.004623672328307293,0.0
contextual_bandit,818,188,119.99865238148243,104.2108648463171,30.674811244010925,89.32384119707615,1.6657114522531629,19269.97776412964,0.0,33.0,27.0,1.0,0.14500000000000002,0.0044088479335187,0.0044088479335187,0.0
contextual_bandit,818,189,82.78551952540874,103.0916092319316,27.239012733101845,55.54650641977787,1.4917436726391315,16067.92833328247,0.0,26.0,0.0,2.0,0.14047619047619053,0.0051640628080349416,0.0051640628080349416,0.0
contextual_bandit,818,190,155.12784697123152,106.92496344055387,32.200352519750595,122.9274944514809,1.7314097508788109,19954.843687057495,0.0,34.0,34.0,1.0,0.13595238095238105,0.004835695057408884,0.004835695057408884,0.0
contextual_bandit,818,191,100.52257806805247,106.6074591451711,28.882523134350777,71.64005488899822,1.637299188412726,17719.090770721436,0.0,30.0,18.0,2.0,0.13142857142857145,0.004954134827130474,0.004954134827130474,0.0
contextual_bandit,818,192,110.88900959186695,108.04538105463398,28.91622096300125,81.97278877787731,1.6446724832057953,17928.788314819336,0.0,29.0,26.0,1.0,0.12690476190476196,0.004564448958262801,0.004564448958262801,0.0
contextual_bandit,818,193,148.99767482565085,111.01410386069863,32.81579937040806,116.1818754552428,1.7731358390301466,20192.526042938232,0.0,32.0,39.0,3.0,0.12238095238095237,0.0056314892281079665,0.0056314892281079665,0.0
contextual_bandit,818,194,100.78422871480203,112.50784059722464,28.92089158296585,71.86333698282458,1.6329218335449696,18187.17697906494,0.0,29.0,18.0,2.0,0.11785714285714288,0.005281039178953506,0.005281039178953506,0.0
contextual_bandit,818,195,109.09352373853149,113.87069118373574,27.872094832360744,81.22142889126957,1.6282311929389834,17359.2481880188,0.0,29.0,21.0,2.0,0.1133333333333334,0.005234664480667561,0.005234664480667561,0.0
contextual_bandit,818,196,122.58225862445511,115.19861377056527,31.401540271937847,91.18071827801144,1.6932825958356261,19788.182819366455,0.0,31.0,26.0,2.0,0.1088095238095238,0.004345834124251269,0.004345834124251269,0.0
contextual_bandit,818,197,95.1240184828639,115.29523543912755,25.500989727675915,69.6230283677578,1.6028578327968717,16583.504692077637,0.0,32.0,0.0,3.0,0.10428571428571431,0.0038179816910997033,0.0038179816910997033,0.0
contextual_bandit,818,198,103.99911514053127,113.34550819305518,28.489288792014122,75.50982636341831,1.6332913925871253,18182.171306610107,0.0,27.0,17.0,1.0,0.09976190476190483,0.004132946327445097,0.004132946327445097,0.0
contextual_bandit,818,199,109.16912659787015,111.52549556292108,31.405068054795265,77.76405846856909,1.6852682586759329,19517.00912475586,0.0,29.0,20.0,3.0,0.09523809523809534,0.004630176394130103,0.004630176394130103,0.0
contextual_bandit,818,200,96.40113098323346,112.67849351562074,27.996157065033913,68.40497442483903,1.5667854622006416,16724.74835205078,0.0,31.0,0.0,2.0,0.09071428571428575,0.004655802375054918,0.004655802375054918,0.0
contextual_bandit,818,201,107.29638006519893,113.15482901630871,30.64352920651436,76.65285087358573,1.6949437642470002,18824.159690856934,0.0,28.0,16.0,3.0,0.08619047619047626,0.004772738990141079,0.004772738990141079,0.0
contextual_bandit,818,202,78.67298291561565,111.0963085216769,24.517287634313107,54.15569523659907,1.5627816068008542,16239.35220336914,0.0,23.0,3.0,1.0,0.08166666666666667,0.004993322494556196,0.004993322494556196,0.0
contextual_bandit,818,203,177.88543968188725,115.73730685640655,34.600946232676506,143.28449344921074,1.795637053437531,20773.84379196167,0.0,36.0,37.0,2.0,0.07714285714285718,0.0048265413352055475,0.0048265413352055475,0.0
contextual_bandit,818,204,106.55080021625068,115.17346804882784,30.502535730600357,76.04826503699329,1.6668932940810919,18738.591632843018,0.0,31.0,7.0,3.0,0.0726190476190477,0.0033406163420295343,0.0033406163420295343,0.0
contextual_bandit,818,205,124.22007441953322,115.7123652274526,28.085902728140354,96.13417172119519,1.6399534596130252,17391.78115081787,0.0,32.0,29.0,2.0,0.06809523809523821,0.004417748976266012,0.004417748976266012,0.0
contextual_bandit,818,206,104.95123117251696,112.01271893115117,28.883162960410118,76.06806813760105,1.6179962400346994,17689.491039276123,0.0,32.0,15.0,0.0,0.06357142857142861,0.005221896892180666,0.005221896892180666,0.0
contextual_bandit,818,207,131.76162116435387,114.34066066406686,31.75808472186327,100.00353650209526,1.7070026472210884,19602.968292236328,0.0,30.0,27.0,4.0,0.059047619047619015,0.004169549385551363,0.004169549385551363,0.0
contextual_bandit,818,208,104.26413895104862,113.55393499254515,32.1776138395071,72.08652549897172,1.7037363527342677,19376.224113464355,0.0,32.0,5.0,0.0,0.05452380952380953,0.004869990021688864,0.004869990021688864,0.0
contextual_bandit,818,209,95.4907552973768,114.18919678114358,28.7607029825449,66.73005243404118,1.6489407746121287,17986.55731201172,0.0,29.0,8.0,0.0,0.050000000000000044,0.004343866385170259,0.004343866385170259,0.0
contextual_bandit,818,210,173.0777719101191,115.08669302808794,32.59454734623432,140.4832245638848,1.7443308690562844,20003.32229423523,0.0,35.0,43.0,0.0,0.050000000000000044,0.003572605302906595,0.003572605302906595,0.0
contextual_bandit,818,211,108.15491287891143,115.46830976863089,29.400586508214474,78.75432583425518,1.6415578592568636,17699.198112487793,0.0,31.0,10.0,1.0,0.050000000000000044,0.00443600736616645,0.00443600736616645,0.0
contextual_bandit,818,212,95.33626450002194,114.69067251403865,26.81914423406124,68.5171201914549,1.5530782770365477,16552.48309135437,0.0,31.0,0.0,1.0,0.050000000000000044,0.004799443369847722,0.004799443369847722,0.0
contextual_bandit,818,213,93.81587536888301,111.93158254120024,28.033388450741768,65.7824871863621,1.6109783397987485,17583.9337348938,0.0,30.0,8.0,2.0,0.050000000000000044,0.003965801632148214,0.003965801632148214,0.0
contextual_bandit,818,214,144.0145531328258,114.09309876210143,30.08279635757208,113.93175677525369,1.6627814127132297,18152.66379547119,0.0,34.0,40.0,1.0,0.050000000000000044,0.004735632610390894,0.004735632610390894,0.0
contextual_bandit,818,215,150.89112594023302,116.18297887218652,32.69460107386112,118.1965248663719,1.7317204400897026,19888.886419296265,0.0,36.0,37.0,2.0,0.050000000000000044,0.003905585501343012,0.003905585501343012,0.0
contextual_bandit,818,216,79.51042850315571,114.02938736612154,25.25564657151699,54.254781633615494,1.504486565478146,15552.74942779541,0.0,24.0,0.0,0.0,0.050000000000000044,0.0041559942765161395,0.0041559942765161395,0.0
contextual_bandit,818,217,112.66104264094055,114.90623857402538,28.66000571846962,84.00103677345933,1.6266335174441338,17847.914260864258,0.0,34.0,25.0,1.0,0.050000000000000044,0.0047311394300777465,0.0047311394300777465,0.0
contextual_bandit,818,218,98.77055564009977,114.64481059900382,26.805130444467068,71.96542513602806,1.6058922801166773,17623.149993896484,0.0,26.0,19.0,3.0,0.050000000000000044,0.005061442527221516,0.005061442527221516,0.0
contextual_bandit,818,219,116.26893464846519,114.99980100153354,30.040335193276405,86.2286000363341,1.7182938307523727,18702.10702896118,0.0,34.0,20.0,0.0,0.050000000000000044,0.004324478271882981,0.004324478271882981,0.0
contextual_bandit,818,220,119.5260877982808,116.15604884228594,31.32182340323925,88.20426408211715,1.7001848397776484,18904.300365447998,0.0,33.0,27.0,1.0,0.050000000000000044,0.004212072963127866,0.004212072963127866,0.0
contextual_bandit,818,221,102.23752008458717,115.90310584325535,28.97990970313549,73.25761032184705,1.6707522850483656,18320.259119033813,0.0,31.0,12.0,2.0,0.050000000000000044,0.0034634352268767543,0.0034634352268767543,0.0
contextual_bandit,818,222,84.27157721221447,116.18303555808527,27.16708366572857,57.10449360609054,1.55528471339494,16808.32378387451,0.0,27.0,0.0,3.0,0.050000000000000044,0.004336191355832852,0.004336191355832852,0.0
contextual_bandit,818,223,72.4857815682888,110.91305265240536,25.12209850549698,47.363682600855824,1.5412629032507539,15961.270957946777,0.0,23.0,0.0,3.0,0.050000000000000044,0.004902837230474688,0.004902837230474688,0.0
contextual_bandit,818,224,107.36103993289458,110.95356463823752,28.76124633103609,78.59979372851835,1.5709741888567805,17063.701515197754,0.0,33.0,28.0,2.0,0.050000000000000044,0.004276684674550779,0.004276684674550779,0.0
contextual_bandit,818,225,82.51698239113408,108.8684100368176,25.73445636034012,56.782526254311385,1.5642512580379844,16423.872074127197,0.0,26.0,10.0,2.0,0.050000000000000044,0.0038998823729343712,0.0038998823729343712,0.0
contextual_bandit,818,226,141.11691181571086,110.67669406897726,30.41586145758629,110.70105035812458,1.7112053241580725,18808.039054870605,0.0,34.0,42.0,3.0,0.050000000000000044,0.004002387446234934,0.004002387446234934,0.0
contextual_bandit,818,227,108.74150621858026,109.52568832168859,27.545193001627922,81.1963135000744,1.6153859859332442,17585.764066696167,0.0,30.0,13.0,1.0,0.050000000000000044,0.003943246352719143,0.003943246352719143,0.0
contextual_bandit,818,228,106.64828528448648,109.64489563836048,29.434062108397484,77.21422323569364,1.6220990512520075,18197.908172607422,0.0,29.0,15.0,3.0,0.050000000000000044,0.004087514142156579,0.004087514142156579,0.0
contextual_bandit,818,229,110.73433802849077,110.40707477491617,29.316430673003197,81.41790762370846,1.635004554875195,18047.903980255127,0.0,33.0,15.0,2.0,0.050000000000000044,0.003982448630267754,0.003982448630267754,0.0
contextual_bandit,818,230,102.40091929297543,106.87323214405902,27.81153529882431,74.58938387494183,1.646514169871807,17966.77826309204,0.0,29.0,12.0,4.0,0.050000000000000044,0.004035294012282975,0.004035294012282975,0.0
contextual_bandit,818,231,109.31234569879032,106.93110378505295,30.70523963868618,78.6071060750053,1.6669590706005692,18683.133876800537,0.0,30.0,16.0,1.0,0.050000000000000044,0.004949219510308467,0.004949219510308467,0.0
contextual_bandit,818,232,136.3102121730801,108.97980116870585,27.649227544665337,108.66098462841475,1.5971993273124099,17039.6240234375,0.0,33.0,39.0,1.0,0.050000000000000044,0.004775035355123691,0.004775035355123691,0.0
contextual_bandit,818,233,88.56187597423416,108.71710119897341,27.3129523396492,61.24892336636404,1.6246433826163411,17284.7940826416,0.0,25.0,2.0,2.0,0.050000000000000044,0.004279069282347336,0.004279069282347336,0.0
contextual_bandit,818,234,98.90962594300508,106.46185483948238,26.922234371304512,71.98739131838083,1.5974079072475433,17036.754070281982,0.0,31.0,0.0,3.0,0.050000000000000044,0.00404053418606054,0.00404053418606054,0.0
contextual_bandit,818,235,105.92747193232566,104.21367213908702,27.789981693029404,78.13749023929626,1.5934363678097725,17255.16819000244,0.0,28.0,30.0,2.0,0.050000000000000044,0.004679705845774151,0.004679705845774151,0.0
contextual_bandit,818,236,84.68761060380753,104.4725312441196,26.65903478860855,58.0285754277688,1.5566938910633326,16497.492309570312,0.0,27.0,5.0,3.0,0.050000000000000044,0.00493605705560185,0.00493605705560185,0.0
contextual_bandit,818,237,87.11658158802086,103.19530819147363,26.54523679614067,60.571344672670904,1.5469460468739271,16380.635341644287,0.0,28.0,4.0,2.0,0.050000000000000044,0.0045991292427061126,0.0045991292427061126,0.0
contextual_bandit,818,238,107.72016283061734,103.64278855099951,29.13087647408247,78.58928653534879,1.6676724646240473,18387.531005859375,0.0,30.0,11.0,2.0,0.050000000000000044,0.00447557914594654,0.00447557914594654,0.0
contextual_bandit,818,239,70.56618411839008,101.35765102449574,22.639618657529354,47.92656520009041,1.4380772467702627,14959.29137802124,0.0,25.0,0.0,1.0,0.050000000000000044,0.004551428457489237,0.004551428457489237,0.0
contextual_bandit,818,240,92.18089278423321,99.99039127379335,25.357872135937214,66.82302081965935,1.5246806852519512,15695.682243347168,0.0,29.0,9.0,3.0,0.050000000000000044,0.00562753184203757,0.00562753184203757,0.0
contextual_bandit,818,241,96.08968781712933,99.68299966042045,28.303245902061462,67.78644206407948,1.6257873186841607,17839.667518615723,0.0,28.0,13.0,3.0,0.050000000000000044,0.0047284373140428215,0.0047284373140428215,0.0
contextual_bandit,818,242,88.94304008036852,99.91657280382817,27.469344921410084,61.47369523346424,1.5575235886499286,17130.601140975952,0.0,27.0,0.0,1.0,0.050000000000000044,0.003713041282026097,0.003713041282026097,0.0
contextual_bandit,818,243,97.11742784334938,101.1481551175812,27.940461695194244,69.17696696771898,1.5919298557564616,16871.094413757324,0.0,29.0,2.0,2.0,0.050000000000000044,0.0040136999159585685,0.0040136999159585685,0.0
contextual_bandit,818,244,121.96344389527499,101.87827531570022,29.894925087690353,92.06851880758464,1.6749433502554893,18560.613040924072,0.0,32.0,33.0,1.0,0.050000000000000044,0.00463284514262341,0.00463284514262341,0.0
contextual_bandit,818,245,104.13740843832493,102.95929661805977,27.620337918400764,76.51707081794738,1.6315628299489617,16813.90313720703,0.0,34.0,0.0,2.0,0.050000000000000044,0.004636301964637823,0.004636301964637823,0.0
contextual_bandit,818,246,93.77377293407918,100.59213967397818,26.670395717024803,67.1033763974905,1.5758160585537553,16736.007244110107,0.0,28.0,0.0,1.0,0.050000000000000044,0.0036656776355812326,0.0036656776355812326,0.0
contextual_bandit,818,247,128.35556627198633,101.57284267664849,30.71621635556221,97.63934994622643,1.7015679851174355,19073.62648010254,0.0,33.0,31.0,2.0,0.050000000000000044,0.004961716113029979,0.004961716113029979,0.0
contextual_bandit,818,248,88.43755433857442,100.66230612935288,27.051952868700027,61.3856019616127,1.5623082416132092,16830.869331359863,0.0,27.0,0.0,2.0,0.050000000000000044,0.004146749910432845,0.004146749910432845,0.0
contextual_bandit,818,249,112.96778026231655,100.77397824104419,29.49729487299919,83.4704854787243,1.6445142393931746,18416.753776550293,0.0,33.0,26.0,1.0,0.050000000000000044,0.00402590555313509,0.00402590555313509,0.0
contextual_bandit,818,250,107.59124140177303,101.03349434648406,28.102253928780556,79.48898723457388,1.6274426374584436,17449.621154785156,0.0,33.0,23.0,1.0,0.050000000000000044,0.004192559223156422,0.004192559223156422,0.0
contextual_bandit,818,251,111.63402099624514,101.1495781113568,29.790007889270782,81.84401289835809,1.6460164599120617,18083.61708831787,0.0,32.0,15.0,3.0,0.050000000000000044,0.004904187546344474,0.004904187546344474,0.0
contextual_bandit,818,252,113.47800241755888,100.00796762358073,29.58876070380211,83.88924171375679,1.6561830220744014,18475.414680480957,0.0,32.0,32.0,0.0,0.050000000000000044,0.004635861012502573,0.004635861012502573,0.0
contextual_bandit,818,253,145.15424215121828,102.83758593242995,30.940535098314285,114.21370708270636,1.7137505412101746,19183.764575958252,0.0,34.0,44.0,1.0,0.050000000000000044,0.004541663598502055,0.004541663598502055,0.0
contextual_bandit,818,254,127.89644594728645,104.28692693264402,30.073113724589348,97.82333228230176,1.673097481019795,18246.77819442749,0.0,33.0,31.0,3.0,0.050000000000000044,0.004770051469677128,0.004770051469677128,0.0
contextual_bandit,818,255,78.26231201291084,102.90366893667328,26.127014368772507,52.13529788255691,1.5048666335642338,15841.232112884521,0.0,25.0,0.0,5.0,0.050000000000000044,0.00432839615677949,0.00432839615677949,0.0
contextual_bandit,818,256,108.49697400946906,104.09413710695635,28.25262326002121,80.24435024280835,1.6344481203705072,17432.900665283203,0.0,29.0,16.0,6.0,0.050000000000000044,0.003648118785349652,0.003648118785349652,0.0
contextual_bandit,818,257,89.00340161025524,104.18847810806808,27.563296645879745,61.4401048451662,1.5557411825284362,16885.676986694336,0.0,27.0,0.0,4.0,0.050000000000000044,0.004009390642750077,0.004009390642750077,0.0
contextual_bandit,818,258,75.21548360342297,102.56324414670834,26.18602681159973,49.02945698553834,1.525160001590848,16516.121337890625,0.0,23.0,3.0,3.0,0.050000000000000044,0.0038671571091981605,0.0038671571091981605,0.0
contextual_bandit,818,259,62.684786142408846,102.1691742479093,22.555892325937748,40.128893905878066,1.4085489558055997,14440.864860534668,0.0,20.0,0.0,3.0,0.050000000000000044,0.004377288205432706,0.004377288205432706,0.0
contextual_bandit,818,260,97.36861188315368,102.42856020285531,25.97344959527254,71.39516236238694,1.578459340147674,16782.35181427002,0.0,31.0,16.0,3.0,0.050000000000000044,0.005158301253686659,0.005158301253686659,0.0
contextual_bandit,818,261,96.95455563075275,102.47180359353646,29.339255586266518,67.61529983586996,1.6736024226993322,18671.998825073242,0.0,28.0,13.0,2.0,0.050000000000000044,0.004812633691472001,0.004812633691472001,0.0
contextual_bandit,818,262,111.36320607897188,103.59281189346666,29.123607583343983,82.23959891286043,1.6323952041566372,17853.762825012207,0.0,31.0,18.0,1.0,0.050000000000000044,0.003967259923228994,0.003967259923228994,0.0
contextual_bandit,818,263,81.97087991922479,102.83548449726041,26.38879132270813,55.582088507109674,1.528367686085403,16802.128650665283,0.0,24.0,1.0,2.0,0.050000000000000044,0.004206421101116575,0.004206421101116575,0.0
contextual_bandit,818,264,129.409710425142,103.20779782375375,30.586882382631302,98.82282804251068,1.695943254046142,18862.390655517578,0.0,32.0,31.0,4.0,0.050000000000000044,0.003838640797766857,0.003838640797766857,0.0
contextual_bandit,818,265,100.6490024924824,103.03337752646162,27.992884010076523,72.65611869102213,1.597829264588654,17574.36151123047,0.0,30.0,18.0,2.0,0.050000000000000044,0.0036697070172522217,0.0036697070172522217,0.0
contextual_bandit,818,266,80.85078126596784,102.38722794305609,25.61551509797573,55.2352662126956,1.5528885507956147,16707.93085861206,0.0,25.0,5.0,3.0,0.050000000000000044,0.0035736325007746927,0.0035736325007746927,0.0
contextual_bandit,818,267,81.43825317919254,100.04136228841637,25.817679584026337,55.6205735206604,1.5229450948536396,16075.719436645508,0.0,26.0,0.0,0.0,0.050000000000000044,0.005062824842752889,0.005062824842752889,0.0
contextual_bandit,818,268,117.31650207544732,101.48530967526001,29.04569463431835,88.27080727721619,1.672059666365385,18376.48236465454,0.0,29.0,22.0,0.0,0.050000000000000044,0.004687009146437049,0.004687009146437049,0.0
contextual_bandit,818,269,78.48905769884587,99.76137354708649,25.35538098216057,53.133677104115485,1.503410098142922,15671.16897201538,0.0,25.0,0.0,2.0,0.050000000000000044,0.0034865218767663464,0.0034865218767663464,0.0
contextual_bandit,818,270,150.7482998055569,101.91922646727568,33.306666523218155,117.44163328233878,1.7687705857679248,20245.48350906372,0.0,34.0,37.0,2.0,0.050000000000000044,0.004450544700375758,0.004450544700375758,0.0
contextual_bandit,818,271,154.79106169912652,104.07707850241975,32.43117421865463,122.35988748047187,1.7195125529542565,19313.003204345703,0.0,37.0,40.0,1.0,0.050000000000000044,0.004258012195350602,0.004258012195350602,0.0
contextual_bandit,818,272,121.51250453035891,104.47880360805975,31.95131942629814,89.56118507425845,1.7043297067284584,19591.6495513916,0.0,35.0,30.0,0.0,0.050000000000000044,0.0044454315066104755,0.0044454315066104755,0.0
contextual_bandit,818,273,80.12599855214357,101.22739142810602,26.62255870550871,53.503439995646474,1.553517964668572,16488.243465423584,0.0,25.0,0.0,2.0,0.050000000000000044,0.003491233612294309,0.003491233612294309,0.0
contextual_bandit,818,274,95.10464341855122,99.58780130166926,27.754622995853424,67.35002049720362,1.592851554043591,17375.448936462402,0.0,27.0,21.0,0.0,0.050000000000000044,0.004282036796212196,0.004282036796212196,0.0
contextual_bandit,818,275,93.42613273859024,100.34599233795322,27.425473287701607,66.00065994262695,1.5533214434981346,16470.96515274048,0.0,29.0,0.0,0.0,0.050000000000000044,0.004752137421746738,0.004752137421746738,0.0
contextual_bandit,818,276,114.18385665892048,100.6303364704258,30.457452580332756,83.72640425740167,1.6981910774484277,18899.705947875977,0.0,34.0,13.0,4.0,0.050000000000000044,0.0038416956376750022,0.0038416956376750022,0.0
contextual_bandit,818,277,115.07872653547466,101.93410271668678,33.88819061219692,81.19053553584752,1.751177616417408,20452.04956817627,0.0,31.0,15.0,2.0,0.050000000000000044,0.004028352697787341,0.004028352697787341,0.0
contextual_bandit,818,278,114.08610458290109,103.87763376566068,30.724225223064423,83.36187924062735,1.6864090263843536,18712.660676956177,0.0,30.0,24.0,1.0,0.050000000000000044,0.0038381718622986227,0.0038381718622986227,0.0
contextual_bandit,818,279,88.54815810918808,105.17080236399966,27.713247567415237,60.834911078214645,1.5836073625832796,17346.10976791382,0.0,28.0,0.0,0.0,0.050000000000000044,0.00453479855787009,0.00453479855787009,0.0
contextual_bandit,818,280,95.387136893243,105.07172861450412,29.128764800727367,66.25837215212027,1.6703836293891072,18162.969310760498,0.0,27.0,11.0,2.0,0.050000000000000044,0.00367216258746339,0.00367216258746339,0.0
contextual_bandit,818,281,90.1881056368351,104.73340611480822,26.308111742138863,63.879994013905524,1.5474299555644393,16320.923740386963,0.0,28.0,0.0,1.0,0.050000000000000044,0.0036460008268477395,0.0036460008268477395,0.0
contextual_bandit,818,282,94.68483727970266,103.89948767484478,27.00927148759365,67.6755661795392,1.597666840068996,17002.207969665527,0.0,29.0,10.0,0.0,0.050000000000000044,0.004916759426123463,0.004916759426123463,0.0
contextual_bandit,818,283,148.09414665835854,107.20565101180145,30.799506597220898,117.29464006113766,1.6997706750407815,18728.977794647217,0.0,37.0,48.0,1.0,0.050000000000000044,0.005099414571304806,0.005099414571304806,0.0
contextual_bandit,818,284,91.59314018297059,105.31482249969288,25.836417630314827,65.75672237384181,1.5756961442530155,16852.332901000977,0.0,27.0,2.0,2.0,0.050000000000000044,0.0038537506625289097,0.0038537506625289097,0.0
contextual_bandit,818,285,73.62028287351131,103.96338651874433,25.134038224816322,48.48624473810196,1.5033831233158708,15646.757080078125,0.0,22.0,0.0,0.0,0.050000000000000044,0.003930228282115422,0.003930228282115422,0.0
contextual_bandit,818,286,92.25047034174204,104.53337097253302,27.85555149614811,64.3949191659689,1.5607351763173938,17184.9005279541,0.0,28.0,0.0,2.0,0.050000000000000044,0.004149195563513786,0.004149195563513786,0.0
contextual_bandit,818,287,106.6477902583535,105.79384782649109,26.321881651878357,80.32590863627746,1.5574664073064923,16267.499164581299,0.0,32.0,31.0,2.0,0.050000000000000044,0.0034599358841660433,0.0034599358841660433,0.0
contextual_bandit,818,288,81.44145270586014,104.00009535801173,26.87061656266451,54.5708358079195,1.55559051502496,16826.506942749023,0.0,27.0,0.0,1.0,0.050000000000000044,0.003388576442375779,0.003388576442375779,0.0
contextual_bandit,818,289,116.62751472176063,105.90701820915747,30.30626145005226,86.32125333131302,1.6517167463898659,18300.384979248047,0.0,31.0,33.0,1.0,0.050000000000000044,0.003714671343914233,0.003714671343914233,0.0
contextual_bandit,818,290,111.98678719789781,103.96894257877452,27.999600440263748,83.98718660862242,1.6312242643907666,17627.4220867157,0.0,31.0,24.0,0.0,0.050000000000000044,0.0033665334194665775,0.0033665334194665775,0.0
contextual_bandit,818,291,88.84295035652119,100.67153701164425,24.14203070104122,64.70091984919506,1.5643179211765528,16358.110569000244,0.0,28.0,7.0,1.0,0.050000000000000044,0.0037502264603972435,0.0037502264603972435,0.0
contextual_bandit,818,292,150.48969178758495,102.12039637450555,30.73644559085369,119.75324619673125,1.7668365761637688,19294.583423614502,0.0,36.0,42.0,3.0,0.050000000000000044,0.004815337073523551,0.004815337073523551,0.0
contextual_bandit,818,293,76.76498194932938,101.95234554436485,26.032842323184013,50.73213947713375,1.517465085722506,16387.2511177063,0.0,24.0,0.0,2.0,0.050000000000000044,0.003292858789791353,0.003292858789791353,0.0
contextual_bandit,818,294,108.63290018981708,102.62875838292811,28.620389372110367,80.01251077300323,1.6396940955892205,17855.668487548828,0.0,33.0,13.0,2.0,0.050000000000000044,0.0047467668482568115,0.0047467668482568115,0.0
contextual_bandit,818,295,89.37324700653554,102.42611409632539,27.59294980019331,61.780296915769576,1.5863505071029067,17272.774772644043,0.0,27.0,0.0,2.0,0.050000000000000044,0.003978899971116334,0.003978899971116334,0.0
contextual_bandit,818,296,79.95036619156599,100.71443957295767,25.159463293850422,54.79090192914009,1.5026532290503383,16039.58585357666,0.0,24.0,0.0,2.0,0.050000000000000044,0.0036948452252545394,0.0036948452252545394,0.0
contextual_bandit,818,297,117.76403478509238,100.84870498543856,33.63783873617649,84.12619600421239,1.7118648057803512,20013.483589172363,0.0,33.0,18.0,2.0,0.050000000000000044,0.0037617889320245013,0.0037617889320245013,0.0
contextual_bandit,818,298,102.18000197530945,100.25339985505897,29.213422760367393,72.96657945336065,1.6477457145228982,18195.38573074341,0.0,30.0,30.0,2.0,0.050000000000000044,0.0039918368856888264,0.0039918368856888264,0.0
contextual_bandit,818,299,110.24836414783738,101.33841015699144,28.548002742230892,81.70036127149604,1.66280119959265,18187.960298538208,0.0,32.0,20.0,2.0,0.050000000000000044,0.004075563192600384,0.004075563192600384,0.0
contextual_bandit,818,300,103.99793808585518,101.76895021662204,28.106779858469963,75.8911580038678,1.6422174191102386,17964.545331954956,0.0,31.0,18.0,3.0,0.050000000000000044,0.0037418229185277596,0.0037418229185277596,0.0
contextual_bandit,818,301,123.93428025843518,103.45625894770205,29.588918387889862,94.34536175133604,1.6598925050348043,18236.557277679443,0.0,35.0,34.0,4.0,0.050000000000000044,0.0037101630441611633,0.0037101630441611633,0.0
contextual_bandit,818,302,109.12685336086884,104.17835975176035,28.894771233201027,80.2320822468771,1.6056026155129075,17259.96551132202,0.0,33.0,15.0,3.0,0.050000000000000044,0.003467975831881631,0.003467975831881631,0.0
contextual_bandit,818,303,99.77348534740588,101.76232668621272,28.182942166924477,71.59054326988837,1.626760353334248,17870.550384521484,0.0,29.0,16.0,1.0,0.050000000000000044,0.0039007315499475226,0.0039007315499475226,0.0
contextual_bandit,818,304,102.75429708933939,102.32038453153118,27.444638341665268,75.30965889668575,1.6306516490876675,17152.405128479004,0.0,33.0,10.0,1.0,0.050000000000000044,0.0037094315339345485,0.0037094315339345485,0.0
contextual_bandit,818,305,127.2332036911379,105.00103057241249,30.68748600780964,96.54571768332825,1.675301636569202,18433.96650314331,0.0,34.0,41.0,2.0,0.050000000000000044,0.0036888299728161655,0.0036888299728161655,0.0
contextual_bandit,818,306,95.51439770259198,105.164226940455,27.92408537864685,67.59031216003234,1.6123397825285792,17378.66806411743,0.0,29.0,2.0,2.0,0.050000000000000044,0.00395154814759735,0.00395154814759735,0.0
contextual_bandit,818,307,71.81967407464981,103.4228211312698,22.999578312039375,48.820096135139465,1.4657489294186234,14822.244819641113,0.0,24.0,0.0,2.0,0.050000000000000044,0.003578460164135322,0.003578460164135322,0.0
contextual_bandit,818,308,111.67365269122611,104.93443113053812,30.31258314847946,81.36106955764781,1.6120788073167205,18376.866102218628,0.0,31.0,31.0,1.0,0.050000000000000044,0.003915369714377448,0.003915369714377448,0.0
contextual_bandit,818,309,87.3305146843195,103.46958112866605,26.03675279021263,61.29376149177551,1.575969303958118,16443.793769836426,0.0,27.0,0.0,1.0,0.050000000000000044,0.0033304135940852575,0.0033304135940852575,0.0
contextual_bandit,818,310,105.95080774722541,103.16778215613242,29.208232544362545,76.74257535932506,1.5847120024263859,17472.403915405273,0.0,33.0,4.0,4.0,0.050000000000000044,0.0031352528458228335,0.0031352528458228335,0.0
contextual_bandit,818,311,100.06256539835844,103.72876290822428,27.656579911708832,72.40598556115542,1.61023526545614,17526.741191864014,0.0,26.0,18.0,5.0,0.050000000000000044,0.0036621915278374217,0.0036621915278374217,0.0
contextual_bandit,818,312,124.1772426580804,102.41314045174906,29.994203202426434,94.18303951525861,1.6647766074165702,18342.188117980957,0.0,34.0,42.0,3.0,0.050000000000000044,0.003127614385448396,0.003127614385448396,0.0
contextual_bandit,818,313,78.94482065141202,102.52213238685317,25.072986394166946,53.87183468937874,1.4952625297009945,15926.678062438965,0.0,23.0,0.0,2.0,0.050000000000000044,0.003839406665065326,0.003839406665065326,0.0
contextual_bandit,818,314,111.54703983432209,102.66783936907844,29.28478442132473,82.26225535339272,1.6348453843966126,18030.14134979248,0.0,33.0,10.0,2.0,0.050000000000000044,0.004242766837705858,0.004242766837705858,0.0
contextual_bandit,818,315,149.3023200067137,105.66429301908735,32.401736348867416,116.90058365784624,1.7325355978682637,19796.49774169922,0.0,35.0,43.0,4.0,0.050000000000000044,0.0038884421228431165,0.0038884421228431165,0.0
contextual_bandit,818,316,109.60683283548825,107.14711635128347,28.59275807440281,81.01407507400982,1.612106361426413,17277.30532836914,0.0,33.0,19.0,2.0,0.050000000000000044,0.004456017995835282,0.004456017995835282,0.0
contextual_bandit,818,317,102.77811971306801,106.39782059768223,28.946013189852238,73.83210618793964,1.6160290092229843,17788.2117061615,0.0,33.0,0.0,1.0,0.050000000000000044,0.0036580010200850666,0.0036580010200850666,0.0
contextual_bandit,818,318,78.3966616672094,105.20865358227725,26.086615562438965,52.31004564283443,1.559165870770812,16836.681224822998,0.0,24.0,3.0,2.0,0.050000000000000044,0.0037817834672750905,0.0037817834672750905,0.0
contextual_bandit,818,319,90.73719105461782,104.23309492761625,25.212187379598618,65.52500383893198,1.5440551852807403,16370.061065673828,0.0,29.0,1.0,2.0,0.050000000000000044,0.0036751219304278493,0.0036751219304278493,0.0
contextual_bandit,818,320,143.30196108972567,106.1982960778098,30.53297533839941,112.7689857513262,1.6726245554164052,18548.932998657227,0.0,32.0,44.0,2.0,0.050000000000000044,0.0037542433783528395,0.0037542433783528395,0.0
contextual_bandit,818,321,140.29111770559652,107.01613795016786,32.51809971034527,107.77301799525122,1.734252375550568,19856.847915649414,0.0,34.0,37.0,1.0,0.050000000000000044,0.004538055509328842,0.004538055509328842,0.0
contextual_bandit,818,322,106.44980745706934,106.88228565497789,30.084104128181934,76.36570331398627,1.6452579582110047,18488.27745437622,0.0,31.0,14.0,2.0,0.050000000000000044,0.0041166986848111264,0.0041166986848111264,0.0
contextual_bandit,818,323,85.63931726155631,106.1755772506854,25.415077708661556,60.22423971680754,1.509370006620884,16077.893096923828,0.0,23.0,17.0,0.0,0.050000000000000044,0.0038933175819693133,0.0038933175819693133,0.0
contextual_bandit,818,324,88.44411624717712,105.46006820857727,26.72199798375368,61.72211812186241,1.572845839895308,16874.65060043335,0.0,26.0,1.0,2.0,0.050000000000000044,0.003654050684417598,0.003654050684417598,0.0
contextual_bandit,818,325,94.9981513504319,103.84831559154198,26.701424166560173,68.29672725837753,1.6003139801323414,17019.760120391846,0.0,30.0,7.0,2.0,0.050000000000000044,0.0039689597906544805,0.0039689597906544805,0.0
contextual_bandit,818,326,89.18724368810653,103.53195789081772,26.285971611738205,62.9012722402811,1.5942469034343958,16630.965858459473,0.0,27.0,0.0,4.0,0.050000000000000044,0.003798358331550844,0.003798358331550844,0.0
contextual_bandit,818,327,93.47916354238987,104.61493236420472,28.440164253115654,65.03899881243706,1.6124536227434874,17450.412769317627,0.0,29.0,0.0,0.0,0.050000000000000044,0.0038180306073627435,0.0038180306073627435,0.0
contextual_bandit,818,328,124.21455387154005,105.24197742322042,32.313733235001564,91.90082054713153,1.654031565412879,18725.20728302002,0.0,35.0,38.0,3.0,0.050000000000000044,0.0038120494937174954,0.0038120494937174954,0.0
contextual_bandit,818,329,117.98773772375492,106.77483857519219,30.87136220932007,87.11637560384185,1.703782569617033,18890.421772003174,0.0,32.0,29.0,2.0,0.050000000000000044,0.003579189353331458,0.003579189353331458,0.0
contextual_bandit,818,330,145.58092610702204,108.75634449318201,30.530083030462265,115.05084310636207,1.7108609583228827,18942.053241729736,0.0,34.0,44.0,3.0,0.050000000000000044,0.0040263199916807935,0.0040263199916807935,0.0
contextual_bandit,818,331,144.23591568119735,110.96501200732396,33.519884303212166,110.71603119917127,1.7561722779646516,19852.226459503174,0.0,39.0,39.0,1.0,0.050000000000000044,0.003736135746294167,0.003736135746294167,0.0
contextual_bandit,818,332,108.41763262749755,110.17703150579482,31.414818063378334,77.00281463862504,1.670237465761602,18910.243228912354,0.0,32.0,10.0,1.0,0.050000000000000044,0.0037012833054177463,0.0037012833054177463,0.0
contextual_bandit,818,333,91.6660705897502,110.81309400271172,27.99020880460739,63.67586196395673,1.6101222652941942,17701.470706939697,0.0,27.0,13.0,0.0,0.050000000000000044,0.004017916726297699,0.004017916726297699,0.0
contextual_bandit,818,334,98.13728079497814,110.14260605074455,26.364593371748924,71.77268778085708,1.602201552130282,16720.782398223877,0.0,32.0,0.0,4.0,0.050000000000000044,0.0035616764944279566,0.0035616764944279566,0.0
contextual_bandit,818,335,81.90796847641468,106.77288847422957,25.14348742365837,56.764481633901596,1.5329331457614899,15975.626350402832,0.0,25.0,0.0,3.0,0.050000000000000044,0.0040982071368489414,0.0040982071368489414,0.0
contextual_bandit,818,336,101.80870928235325,106.38298229657285,28.91062145680189,72.89808803416764,1.6389488354325294,18082.798278808594,0.0,32.0,12.0,2.0,0.050000000000000044,0.004437430063262582,0.004437430063262582,0.0
contextual_bandit,818,337,102.52766003906727,106.37045931287278,28.81642383337021,73.71123578846455,1.6605174681171775,18071.10569000244,0.0,30.0,0.0,4.0,0.050000000000000044,0.0030033978473511524,0.0030033978473511524,0.0
contextual_bandit,818,338,171.36271975674103,111.01876221734938,32.243697598576546,139.1190220538563,1.715227635577321,19076.865493774414,0.0,39.0,51.0,0.0,0.050000000000000044,0.0035881137737305835,0.0035881137737305835,0.0
contextual_bandit,818,339,144.2815326279755,113.69597929601727,33.939795307815075,110.34173732016046,1.7128287181258202,20288.123722076416,0.0,32.0,40.0,2.0,0.050000000000000044,0.004417599950102158,0.004417599950102158,0.0
contextual_bandit,818,340,75.5257628262043,110.3071693828412,24.960448637604713,50.56531375646591,1.4789322381839156,15592.546756744385,0.0,24.0,0.0,0.0,0.050000000000000044,0.003541275320458226,0.003541275320458226,0.0
contextual_bandit,818,341,90.66384859734366,107.82580592742856,26.24040275812149,64.42344560080357,1.544763376004994,16325.777793884277,0.0,29.0,5.0,1.0,0.050000000000000044,0.0037864350306335837,0.0037864350306335837,0.0
contextual_bandit,818,342,93.5614689473611,107.18138900194315,27.496466517448425,66.06500251931965,1.5663021253421903,16924.209270477295,0.0,29.0,1.0,1.0,0.050000000000000044,0.0035896187837352045,0.0035896187837352045,0.0
contextual_bandit,818,343,96.69850379983461,107.73434832885707,29.992648981511593,66.70585465441025,1.6171998521313071,18201.4998588562,0.0,29.0,6.0,1.0,0.050000000000000044,0.003516135097015649,0.003516135097015649,0.0
contextual_bandit,818,344,130.97789339332599,109.86103718616451,32.34905721247196,98.62883612124938,1.7349175065755844,20021.806568145752,0.0,33.0,36.0,1.0,0.050000000000000044,0.004076846191310324,0.004076846191310324,0.0
contextual_bandit,818,345,84.64906029213523,109.34358263324968,27.383068934082985,57.26599104512786,1.560966782271862,17058.916271209717,0.0,27.0,2.0,2.0,0.050000000000000044,0.004139404612942599,0.004139404612942599,0.0
contextual_bandit,818,346,84.73465008437634,109.12095295306317,27.027665853500366,57.706984141469,1.5776865435764194,16816.726154327393,0.0,26.0,0.0,2.0,0.050000000000000044,0.003222751729481388,0.003222751729481388,0.0
contextual_bandit,818,347,85.19807234555483,108.70689839322142,27.534113220870495,57.663958528637885,1.5880101881921291,17238.747436523438,0.0,26.0,0.0,2.0,0.050000000000000044,0.00419794193294365,0.00419794193294365,0.0
contextual_bandit,818,348,92.323331717098,107.11233728549931,24.56294296681881,67.76038897379661,1.5139468237757683,16167.715419769287,0.0,26.0,16.0,0.0,0.050000000000000044,0.00392458413989516,0.00392458413989516,0.0
contextual_bandit,818,349,92.16470987897763,105.82118589326043,28.64817989617586,63.516529833790166,1.6231970712542534,17872.571727752686,0.0,28.0,10.0,1.0,0.050000000000000044,0.004097184988495428,0.004097184988495428,0.0
contextual_bandit,818,350,85.22085418999195,102.80318229740894,24.343469001352787,60.87738544940949,1.5086409458890557,15621.095523834229,0.0,26.0,0.0,5.0,0.050000000000000044,0.003011488326592371,0.003011488326592371,0.0
contextual_bandit,818,351,107.44556238976764,100.96366463283746,28.156472742557526,79.28908993033218,1.618277889676392,17424.88570022583,0.0,31.0,17.0,1.0,0.050000000000000044,0.0032010332724894397,0.0032010332724894397,0.0
contextual_bandit,818,352,110.50818199916023,101.06819210142059,28.376149095594883,82.13203291846654,1.611063658259809,17536.039754867554,0.0,30.0,29.0,2.0,0.050000000000000044,0.004350307615823112,0.004350307615823112,0.0
contextual_bandit,818,353,81.93490130752325,100.58163363730924,27.615500681102276,54.31940068602562,1.5368017489090562,16293.22437286377,0.0,23.0,0.0,2.0,0.050000000000000044,0.003298130330222193,0.003298130330222193,0.0
contextual_bandit,818,354,136.0698353716026,102.47826136614046,32.19675783813,103.87307753347257,1.7311961119994521,19561.057052612305,0.0,35.0,35.0,3.0,0.050000000000000044,0.003718844396644272,0.003718844396644272,0.0
contextual_bandit,818,355,115.55922626645034,104.16082425564225,29.910163685679436,85.64906235725348,1.6711283326148987,18557.52474975586,0.0,33.0,28.0,3.0,0.050000000000000044,0.003392901926417835,0.003392901926417835,0.0
contextual_bandit,818,356,98.4767803265936,103.99422780785426,27.75019359588623,70.72658620916673,1.6020295610651374,17278.197242736816,0.0,30.0,11.0,2.0,0.050000000000000044,0.003614753848523833,0.003614753848523833,0.0
contextual_bandit,818,357,58.15673662722111,101.77568163726195,22.07133097946644,36.0854052901268,1.4788345219567418,14750.246562957764,0.0,20.0,0.0,1.0,0.050000000000000044,0.003926705874619074,0.003926705874619074,0.0
contextual_bandit,818,358,129.57233174728793,99.6861622367893,31.183035284280777,98.38929640340253,1.7118805227801204,19146.319984436035,0.0,37.0,34.0,4.0,0.050000000000000044,0.003429031894484069,0.003429031894484069,0.0
contextual_bandit,818,359,103.59710822576717,97.65194101667888,28.54301592707634,75.05409229869086,1.5909010991454124,17647.388355255127,0.0,29.0,35.0,3.0,0.050000000000000044,0.003412344798562117,0.003412344798562117,0.0
contextual_bandit,818,360,76.98567708730698,97.72493672973403,25.077521309256554,51.90815590471029,1.495678424835205,15686.414001464844,0.0,23.0,0.0,3.0,0.050000000000000044,0.003184930232237093,0.003184930232237093,0.0
contextual_bandit,818,361,100.18745972585283,98.20111728615949,28.058814123272896,72.128645885702,1.6355637582018971,17641.143768310547,0.0,28.0,14.0,2.0,0.050000000000000044,0.0036042816063854843,0.0036042816063854843,0.0
contextual_bandit,818,362,80.76555020894979,97.56132134923892,24.006630323827267,56.75891987767193,1.5119463354349136,15617.915954589844,0.0,28.0,4.0,1.0,0.050000000000000044,0.003778845195483882,0.003778845195483882,0.0
contextual_bandit,818,363,85.18080430932699,96.98543637471354,24.306321442127228,60.874482941705566,1.5386082893237472,15927.414791107178,0.0,28.0,6.0,3.0,0.050000000000000044,0.0038236632171901874,0.0038236632171901874,0.0
contextual_bandit,818,364,82.74435911368307,94.57375966073138,26.05391725152731,56.69044198881563,1.6407805606722832,17383.880043029785,0.0,28.0,3.0,2.0,0.050000000000000044,0.0031113390577957034,0.0031113390577957034,0.0
contextual_bandit,818,365,106.9375328424313,95.68818328824617,28.25866411626339,78.67886899438881,1.6299035046249628,17579.496574401855,0.0,33.0,20.0,4.0,0.050000000000000044,0.0032952208057395183,0.0032952208057395183,0.0
contextual_bandit,818,366,147.7589086748941,98.83939621777206,30.959125250577927,116.79978342431619,1.7156130503863096,19279.66325378418,0.0,35.0,43.0,2.0,0.050000000000000044,0.003932361985789612,0.003932361985789612,0.0
contextual_bandit,818,367,124.61395964025023,100.81019058250682,29.505216501653194,95.108743228004,1.6585753839462996,18663.81890487671,0.0,29.0,23.0,2.0,0.050000000000000044,0.0037308501778170466,0.0037308501778170466,0.0
contextual_bandit,818,368,138.310159685904,103.10953198094712,29.487709656357765,108.82245002954625,1.6492841066792607,18233.296182632446,0.0,33.0,33.0,2.0,0.050000000000000044,0.004035832876979839,0.004035832876979839,0.0
contextual_bandit,818,369,117.65370145557102,104.3839815597768,32.08498437702656,85.56871728716072,1.729411993175745,19393.9906539917,0.0,31.0,22.0,1.0,0.050000000000000044,0.003271438821684569,0.003271438821684569,0.0
contextual_bandit,818,370,119.58729867855756,106.10230378420508,29.708132460713387,89.87916621784416,1.656997467391193,18226.121852874756,0.0,32.0,33.0,3.0,0.050000000000000044,0.003591574168240186,0.003591574168240186,0.0
contextual_bandit,818,371,106.91447870077221,106.07574959975531,28.116878762841225,78.79759946109382,1.635595223866403,17677.941902160645,0.0,33.0,10.0,3.0,0.050000000000000044,0.0038539195811608806,0.0038539195811608806,0.0
contextual_bandit,818,372,97.15089100121534,105.40788504985808,28.658770248293877,68.49212072311916,1.624143929220736,18185.639762878418,0.0,26.0,14.0,1.0,0.050000000000000044,0.0035690530494321138,0.0035690530494321138,0.0
contextual_bandit,818,373,129.94050975120882,107.80816547204233,32.13403847813606,97.80647127307276,1.7159936027601361,19543.56666946411,0.0,34.0,43.0,0.0,0.050000000000000044,0.0034867293434217572,0.0034867293434217572,0.0
contextual_bandit,818,374,108.18000631972271,106.41367401944835,28.444330766797066,79.73567541881519,1.6063347309827805,17655.50548171997,0.0,28.0,21.0,0.0,0.050000000000000044,0.004076902172528207,0.004076902172528207,0.0
contextual_bandit,818,375,77.6045568227768,104.51594054726468,26.597103744745255,51.007453405857085,1.5594830764457583,17123.78352355957,0.0,23.0,0.0,1.0,0.050000000000000044,0.004634078766684979,0.004634078766684979,0.0
contextual_bandit,818,376,84.78594554960728,103.83139880841536,24.826361559331417,59.95958364009857,1.5489850454032421,16165.054584503174,0.0,28.0,0.0,0.0,0.050000000000000044,0.0039389734592987224,0.0039389734592987224,0.0
contextual_bandit,818,377,97.74255430102349,105.81068969210548,28.14840166270733,69.59415268301964,1.6487421058118343,17862.513248443604,0.0,31.0,0.0,1.0,0.050000000000000044,0.004024348883831408,0.004024348883831408,0.0
contextual_bandit,818,378,88.31677233578439,103.74791172153031,27.90828089416027,60.408491590635734,1.5441002380102873,17006.606830596924,0.0,29.0,3.0,2.0,0.050000000000000044,0.0036888042159262113,0.0036888042159262113,0.0
contextual_bandit,818,379,100.06063278773796,103.57108794962885,30.255492001771927,69.8051406816579,1.6398337977007031,18546.151206970215,0.0,27.0,17.0,1.0,0.050000000000000044,0.0035539318923838437,0.0035539318923838437,0.0
contextual_bandit,818,380,111.22330364664278,105.28296927759564,29.439010351896286,81.78429335435115,1.6348709259182215,18089.89743232727,0.0,33.0,21.0,3.0,0.050000000000000044,0.0031743800500407815,0.0031743800500407815,0.0
contextual_bandit,818,381,115.51251322598073,106.04922195260204,27.74169284105301,87.77082034022423,1.6362738097086549,17457.122219085693,0.0,35.0,30.0,1.0,0.050000000000000044,0.0038237397966440767,0.0038237397966440767,0.0
contextual_bandit,818,382,120.98279617208277,108.06008425075865,28.798357233405113,92.18443910259042,1.6590687930583954,17984.07843017578,0.0,29.0,20.0,3.0,0.050000000000000044,0.0033048725017579272,0.0033048725017579272,0.0
contextual_bandit,818,383,117.72319942879601,109.68720400673212,26.69777148962021,91.0254277454607,1.5972140012308955,16599.401472091675,0.0,35.0,32.0,2.0,0.050000000000000044,0.003588728344766423,0.003588728344766423,0.0
contextual_bandit,818,384,104.38006795533519,110.76898944881472,28.502188742160797,75.87787973471502,1.6088862642645836,17461.31078529358,0.0,31.0,11.0,5.0,0.050000000000000044,0.003866875631501898,0.003866875631501898,0.0
contextual_bandit,818,385,90.18525578795796,109.93137559609106,24.61333493888378,65.57192078946953,1.5550678139552474,16022.67238998413,0.0,28.0,11.0,3.0,0.050000000000000044,0.0033034268562914804,0.0033034268562914804,0.0
contextual_bandit,818,386,90.45503254678266,107.06618178968549,25.717377826571465,64.7376547649147,1.5424615275114775,16336.315544128418,0.0,29.0,14.0,3.0,0.050000000000000044,0.0034941309422720224,0.0034941309422720224,0.0
contextual_bandit,818,387,71.31526218354702,104.40124691685033,25.24230368435383,46.07295823097229,1.4853551890701056,15674.869083404541,0.0,22.0,0.0,1.0,0.050000000000000044,0.003301754724816419,0.003301754724816419,0.0
contextual_bandit,818,388,96.8093933550672,102.32620860030849,28.976795993745327,67.83259742837708,1.6159025030210614,17553.116550445557,0.0,30.0,6.0,3.0,0.050000000000000044,0.0036241611087461933,0.0036241611087461933,0.0
contextual_bandit,818,389,80.59128210544586,100.47308763280223,24.869833797216415,55.72144821882248,1.513051874935627,15460.101062774658,0.0,25.0,0.0,4.0,0.050000000000000044,0.0033743627573130652,0.0033743627573130652,0.0
contextual_bandit,818,390,101.09300107061863,99.54837275240529,26.73291828483343,74.36008285284042,1.5607301630079746,16501.678134918213,0.0,32.0,0.0,3.0,0.050000000000000044,0.002587481365480926,0.002587481365480926,0.0
contextual_bandit,818,391,88.6223475754261,98.63376619613798,26.272480368614197,62.34986714720726,1.5540152005851269,16289.510215759277,0.0,26.0,0.0,4.0,0.050000000000000044,0.003133956059173215,0.003133956059173215,0.0
contextual_bandit,818,392,94.00096810992383,98.47627005157341,26.97777508199215,67.0231929832282,1.5519254095852375,16417.842128753662,0.0,29.0,14.0,2.0,0.050000000000000044,0.0037913447958999313,0.0037913447958999313,0.0
contextual_bandit,818,393,115.55027120847464,97.7567581244367,29.059374399483204,86.49089680899144,1.6513460371643305,18327.660621643066,0.0,32.0,31.0,1.0,0.050000000000000044,0.003355950364493765,0.003355950364493765,0.0
contextual_bandit,818,394,91.74204450845718,96.93486003387342,28.479312554001808,63.26273223757744,1.5734709305688739,17532.049438476562,0.0,31.0,0.0,0.0,0.050000000000000044,0.003123779606539756,0.003123779606539756,0.0
contextual_bandit,818,395,114.36452322644836,98.772858354057,28.6477579921484,85.71676529390463,1.6302447654306889,17782.2093334198,0.0,29.0,30.0,1.0,0.050000000000000044,0.00337011824012734,0.00337011824012734,0.0
contextual_bandit,818,396,127.46439983335353,100.90678106824433,33.63320165872574,93.83119812992433,1.7513567991554737,20311.917064666748,0.0,34.0,32.0,1.0,0.050000000000000044,0.003940992755815387,0.003940992755815387,0.0
contextual_bandit,818,397,109.61483296500123,101.5003950014432,29.085664004087448,80.5291689162103,1.6117349741980433,17450.537185668945,0.0,34.0,16.0,0.0,0.050000000000000044,0.0032236876286333427,0.0032236876286333427,0.0
contextual_bandit,818,398,92.40696819448227,101.7049047943781,27.153008371591568,65.25395974838491,1.5743606677278876,17061.403171539307,0.0,27.0,15.0,2.0,0.050000000000000044,0.003639355141785927,0.003639355141785927,0.0
contextual_bandit,818,399,167.6380587002265,105.08377609000252,31.739561080932617,135.89849761929383,1.7627048948779702,19829.014892578125,0.0,36.0,48.0,1.0,0.050000000000000044,0.002449484629323706,0.002449484629323706,0.0
contextual_bandit,818,400,135.58232943578625,106.3017273794597,30.951874673366547,104.63045474751854,1.676265412941575,18984.87647819519,0.0,35.0,35.0,2.0,0.050000000000000044,0.003265934981754981,0.003265934981754981,0.0
contextual_bandit,818,401,115.10026271764518,106.28111485404293,28.234884425997734,86.8653783214498,1.6230142088606954,17544.1381816864,0.0,35.0,31.0,0.0,0.050000000000000044,0.0029556346926256083,0.0029556346926256083,0.0
contextual_bandit,818,402,90.33312162897286,104.74863112688743,26.758673392236233,63.57444832614361,1.5888885809108615,17006.49668121338,0.0,26.0,16.0,2.0,0.050000000000000044,0.002924430347775342,0.002924430347775342,0.0
contextual_bandit,818,403,107.16575529120904,104.22075892000805,29.674135141074657,77.49162028424482,1.6627190550789237,18459.561939239502,0.0,29.0,18.0,1.0,0.050000000000000044,0.0036600340317818336,0.0036600340317818336,0.0
contextual_bandit,818,404,97.70649343132973,103.88708019380779,29.308627642691135,68.39786597490311,1.6384379845112562,17908.267765045166,0.0,30.0,0.0,2.0,0.050000000000000044,0.004300230430089869,0.004300230430089869,0.0
contextual_bandit,818,405,102.77370051193536,104.51650243000665,29.9974969252944,72.77620348233282,1.6394028021022677,18343.442056655884,0.0,30.0,15.0,3.0,0.050000000000000044,0.00344285141909495,0.00344285141909495,0.0
contextual_bandit,818,406,111.7885259418394,105.58317709975952,27.602771401405334,84.18575498001832,1.591759778559208,17196.516319274902,0.0,30.0,17.0,2.0,0.050000000000000044,0.0032360079712816514,0.0032360079712816514,0.0
contextual_bandit,818,407,126.68985214372107,108.35190659776822,32.82976695895195,93.86008518476915,1.716178497299552,19784.071216583252,0.0,32.0,32.0,2.0,0.050000000000000044,0.0032499564986210316,0.0032499564986210316,0.0
contextual_bandit,818,408,131.3125856311765,110.07706621157368,33.58863131701946,97.72395431415701,1.7267251359298825,20018.569305419922,0.0,33.0,37.0,3.0,0.050000000000000044,0.0033149179944302887,0.0033149179944302887,0.0
contextual_bandit,818,409,87.27531855702401,110.41126803415258,26.482298210263252,60.793020421266554,1.564616370946169,16368.074195861816,0.0,25.0,0.0,4.0,0.050000000000000044,0.0027749960136134177,0.0027749960136134177,0.0
contextual_bandit,818,410,115.1928206299927,111.11625901212128,29.2601478099823,85.9326728200104,1.6322880620136857,17585.48511505127,0.0,35.0,23.0,2.0,0.050000000000000044,0.0031041073088999838,0.0031041073088999838,0.0
contextual_bandit,818,411,114.74280707737387,112.42228198721868,31.026618160307407,83.71618902137459,1.6317819375544786,18658.523193359375,0.0,30.0,27.0,3.0,0.050000000000000044,0.0034094898946932517,0.0034094898946932517,0.0
contextual_bandit,818,412,81.46134356352276,111.79530075989865,24.629732713103294,56.83161080571599,1.480445166118443,15709.72290802002,0.0,24.0,7.0,1.0,0.050000000000000044,0.00387873211002443,0.00387873211002443,0.0
contextual_bandit,818,413,86.37350359884265,110.33646237941703,26.724142983555794,59.64936065999035,1.5777188586071134,16810.17109298706,0.0,26.0,12.0,2.0,0.050000000000000044,0.003086797456489876,0.003086797456489876,0.0
contextual_bandit,818,414,93.05652057677507,110.40218618283293,28.19137343764305,64.86514742225408,1.612102959305048,17485.64446258545,0.0,26.0,0.0,4.0,0.050000000000000044,0.0030009014008101076,0.0030009014008101076,0.0
contextual_bandit,818,415,114.9413022172556,110.43102513237329,29.939462408423424,85.0018396896229,1.6575216827914119,18378.803829193115,0.0,34.0,24.0,0.0,0.050000000000000044,0.0032578087702859193,0.0032578087702859193,0.0
contextual_bandit,818,416,95.08992993779336,108.81230163759528,26.839600458741188,68.2503297770754,1.5703076822683215,16752.43218612671,0.0,29.0,5.0,1.0,0.050000000000000044,0.0030659238473162986,0.0030659238473162986,0.0
contextual_bandit,818,417,86.00362340282722,107.63174115948655,24.644902125000954,61.35872162055298,1.579321263357997,16318.837329864502,0.0,28.0,5.0,3.0,0.050000000000000044,0.0033707369220792316,0.0033707369220792316,0.0
contextual_bandit,818,418,89.53384958982755,107.48808522925385,27.846427008509636,61.68742280483536,1.5948090944439173,17775.533897399902,0.0,26.0,10.0,1.0,0.050000000000000044,0.00287353804014856,0.00287353804014856,0.0
contextual_bandit,818,419,77.0904446721077,102.96070452784791,24.84214575588703,52.2482986330986,1.5374456578865647,16222.477779388428,0.0,27.0,0.0,2.0,0.050000000000000044,0.002813055951264687,0.002813055951264687,0.0
contextual_bandit,818,420,94.33246396481991,100.89821125429958,28.34751994907856,65.98494392633438,1.6274044150486588,17541.831985473633,0.0,29.0,0.0,1.0,0.050000000000000044,0.0032470466248923913,0.0032470466248923913,0.0
contextual_bandit,818,421,123.49022339401154,101.31770928811788,31.29865674674511,92.19156655785949,1.691023220308125,18903.682050704956,0.0,34.0,32.0,1.0,0.050000000000000044,0.002989219661685638,0.002989219661685638,0.0
contextual_bandit,818,422,101.81482204626697,101.8917943089826,29.126529455184937,72.68829284440177,1.6164579186588526,17640.361030578613,0.0,28.0,16.0,2.0,0.050000000000000044,0.003083311916270759,0.003083311916270759,0.0
contextual_bandit,818,423,130.17398624469658,103.04220585665696,31.032176181674004,99.14181003322024,1.7373847225680947,19532.22964668274,0.0,34.0,40.0,1.0,0.050000000000000044,0.0037625512850354426,0.0037625512850354426,0.0
contextual_bandit,818,424,99.21438497872981,103.11760043402698,28.274962097406387,70.93942256839904,1.6214521788060665,17680.789184570312,0.0,30.0,1.0,4.0,0.050000000000000044,0.003464981295110192,0.003464981295110192,0.0
contextual_bandit,818,425,122.67983217524676,104.11290701719255,31.312454655766487,91.36737774299769,1.6813075747340918,18888.7368850708,0.0,33.0,23.0,5.0,0.050000000000000044,0.0035837800460285507,0.0035837800460285507,0.0
contextual_bandit,818,426,137.778381987956,105.41239981949839,32.92011924088001,104.85826298549458,1.73827113956213,19620.66370010376,0.0,38.0,33.0,1.0,0.050000000000000044,0.00396884186193347,0.00396884186193347,0.0
contextual_bandit,818,427,147.7313937212394,106.4644768983743,33.113957688212395,114.61743603302703,1.699485281482339,19378.917331695557,0.0,34.0,45.0,6.0,0.050000000000000044,0.0037278238451108336,0.0037278238451108336,0.0
contextual_bandit,818,428,93.76965111414268,104.5873301725226,26.74983422458172,67.01981693426444,1.5895274970680475,16864.524978637695,0.0,28.0,13.0,2.0,0.050000000000000044,0.003258774711866863,0.003258774711866863,0.0
contextual_bandit,818,429,106.57825888795223,105.55247718906904,28.85427337884903,77.72398503226604,1.6295832768082619,17523.798892974854,0.0,31.0,15.0,2.0,0.050000000000000044,0.0032371857305406593,0.0032371857305406593,0.0
contextual_bandit,818,430,112.90686597693181,105.43817945641595,27.63675346970558,85.27011277544712,1.6045654956251383,17096.822772979736,0.0,34.0,28.0,2.0,0.050000000000000044,0.0034073853166773915,0.0034073853166773915,0.0
contextual_bandit,818,431,116.85394720499711,105.54373646279714,29.73411537706852,87.11983173852165,1.654695195145905,18011.354457855225,0.0,34.0,32.0,2.0,0.050000000000000044,0.0036306936817709357,0.0036306936817709357,0.0
contextual_bandit,818,432,117.42198404373819,107.34176848680791,31.063863590359688,86.35812057258781,1.6839307630434632,18965.57329940796,0.0,33.0,22.0,1.0,0.050000000000000044,0.0034345484964433126,0.0034345484964433126,0.0
contextual_bandit,818,433,109.3762347665143,108.49190504519149,31.032025203108788,78.34420990613222,1.694072274491191,18880.219799041748,0.0,34.0,15.0,3.0,0.050000000000000044,0.0035874537206836976,0.0035874537206836976,0.0
contextual_bandit,818,434,94.61386168978255,108.56977210084185,30.838383436203003,63.77547873041672,1.6723678465932608,19188.13191986084,0.0,29.0,6.0,3.0,0.050000000000000044,0.0032263159737340175,0.0032263159737340175,0.0
contextual_bandit,818,435,97.3999888232429,107.6927064311412,26.84399402141571,70.55599527866434,1.5926426751539111,16984.163494110107,0.0,32.0,7.0,1.0,0.050000000000000044,0.0030622946869698353,0.0030622946869698353,0.0
contextual_bandit,818,436,82.16504271328449,107.04646206991579,27.07979242503643,55.085250079631805,1.5240609291940928,16744.52977371216,0.0,26.0,0.0,1.0,0.050000000000000044,0.0036645336804213002,0.0036645336804213002,0.0
contextual_bandit,818,437,97.61802972032417,107.62718238579063,28.537736885249615,69.08029295428382,1.589014177210629,17247.69288635254,0.0,28.0,27.0,1.0,0.050000000000000044,0.0035104934286209755,0.0035104934286209755,0.0
contextual_bandit,818,438,112.88029615830487,108.79450471421451,29.231118083000183,83.64917776238029,1.6065667001530528,17626.862033843994,0.0,31.0,32.0,1.0,0.050000000000000044,0.0029508195802918635,0.0029508195802918635,0.0
contextual_bandit,818,439,96.96805939519557,109.7883854503689,29.495767541229725,67.47229154104143,1.6359181851148605,18182.3014793396,0.0,29.0,9.0,1.0,0.050000000000000044,0.003841391262540128,0.003841391262540128,0.0
contextual_bandit,818,440,115.08078586731818,110.82580154549382,30.237982839345932,84.84280320678616,1.6656042467802763,18294.18592453003,0.0,34.0,23.0,3.0,0.050000000000000044,0.0028563885025505442,0.0028563885025505442,0.0
contextual_bandit,818,441,151.78440723959693,112.24051073777306,35.52057732641697,116.26382991317995,1.7964454432949424,21287.460498809814,0.0,37.0,46.0,3.0,0.050000000000000044,0.003022440112545155,0.003022440112545155,0.0
contextual_bandit,818,442,102.88323945540932,112.2939316082302,30.673190847039223,72.2100484593585,1.6693754745647311,18602.95470237732,0.0,30.0,9.0,1.0,0.050000000000000044,0.003026612030225806,0.003026612030225806,0.0
contextual_bandit,818,443,115.89457645390873,111.57996111869082,31.077406123280525,84.81717015181428,1.6755251120775938,18741.791374206543,0.0,32.0,23.0,2.0,0.050000000000000044,0.0032223298912867904,0.0032223298912867904,0.0
contextual_bandit,818,444,83.3087168580478,110.7846777126567,26.06397420912981,57.24474226148781,1.5655553163960576,16839.520584106445,0.0,28.0,3.0,0.0,0.050000000000000044,0.003049845588975586,0.003049845588975586,0.0
contextual_bandit,818,445,101.3691178040005,109.71914199409439,28.631104946136475,72.73801272375357,1.6171084390953183,17965.668869018555,0.0,31.0,12.0,2.0,0.050000000000000044,0.003020813317561988,0.003020813317561988,0.0
contextual_bandit,818,446,123.73604580602762,109.01702518499796,32.158803060650826,91.57724252185939,1.7118757115677,19299.967609405518,0.0,33.0,24.0,2.0,0.050000000000000044,0.0029395469537121244,0.0029395469537121244,0.0
contextual_bandit,818,447,87.02163748796687,105.98153737333435,26.80908589810133,60.21255203690039,1.594110711477697,17002.573348999023,0.0,28.0,7.0,4.0,0.050000000000000044,0.003933404965209775,0.003933404965209775,0.0
contextual_bandit,818,448,104.18161629739468,106.50213563249694,28.30787782371044,75.8737385332889,1.6588886007666588,18056.30164527893,0.0,30.0,10.0,2.0,0.050000000000000044,0.0033062638249248266,0.0033062638249248266,0.0
contextual_bandit,818,449,80.78438697755337,105.212442036977,25.47803495824337,55.30635192990303,1.5149171827360988,15808.881801605225,0.0,24.0,0.0,1.0,0.050000000000000044,0.0035673097299877554,0.0035673097299877554,0.0
contextual_bandit,818,450,95.59731163860013,104.34696432006042,27.264156311750412,68.33315479040792,1.5591777861118317,16656.66675567627,0.0,30.0,15.0,1.0,0.050000000000000044,0.002486718869477045,0.002486718869477045,0.0
contextual_bandit,818,451,103.60818021800752,103.68467597071094,28.840977407991886,74.76720243748662,1.6572070810943842,18315.2101726532,0.0,32.0,12.0,1.0,0.050000000000000044,0.0027459660195745528,0.0027459660195745528,0.0
contextual_bandit,818,452,105.19011333800647,103.07308243542434,27.09856191277504,78.09155096329542,1.576801573857665,16574.013427734375,0.0,33.0,15.0,2.0,0.050000000000000044,0.0034825344482669607,0.0034825344482669607,0.0
contextual_bandit,818,453,125.91541095057966,103.90004124462762,28.20487393438816,97.71053701619147,1.6136275008320808,17480.115154266357,0.0,32.0,35.0,4.0,0.050000000000000044,0.003309392021037638,0.003309392021037638,0.0
contextual_bandit,818,454,84.37966420650483,103.38833137046372,25.869934886693954,58.50972899198532,1.5614511799067259,16472.646083831787,0.0,26.0,0.0,1.0,0.050000000000000044,0.0029255188783281483,0.0029255188783281483,0.0
contextual_bandit,818,455,105.34215723288895,103.78543979094604,27.474820740520954,77.8673359931791,1.598560911603272,16742.818588256836,0.0,34.0,4.0,3.0,0.050000000000000044,0.003599393072363455,0.003599393072363455,0.0
contextual_bandit,818,456,91.1499506264925,104.23468518660643,29.430752888321877,61.71919757425785,1.590648740530014,17872.76651573181,0.0,28.0,0.0,3.0,0.050000000000000044,0.002426511658995878,0.002426511658995878,0.0
contextual_bandit,818,457,89.55623064030698,103.83159523260558,26.463837064802647,63.09239341159157,1.5682164505124092,16850.18494606018,0.0,28.0,7.0,1.0,0.050000000000000044,0.0028905749568366446,0.0028905749568366446,0.0
contextual_bandit,818,458,96.19674473404885,102.99741766139275,28.44935032725334,67.74739494323731,1.5937237963080406,17632.817039489746,0.0,30.0,0.0,1.0,0.050000000000000044,0.003126903044176288,0.003126903044176288,0.0
contextual_bandit,818,459,87.58299121260643,102.52816425226331,28.23995117098093,59.34304063022137,1.5715992003679276,17128.89280319214,0.0,28.0,0.0,1.0,0.050000000000000044,0.0032505704220966436,0.0032505704220966436,0.0
contextual_bandit,818,460,110.98214565948187,102.3232322418715,29.876680478453636,81.10546558335956,1.648035230115056,18005.20644378662,0.0,33.0,20.0,1.0,0.050000000000000044,0.0028481594417826273,0.0028481594417826273,0.0
contextual_bandit,818,461,88.74022217345674,99.17102298856449,25.91557738929987,62.824644873563834,1.548563139513135,16183.251920700073,0.0,29.0,6.0,2.0,0.050000000000000044,0.003363902767887339,0.003363902767887339,0.0
contextual_bandit,818,462,106.74001132129956,99.36386158185898,31.07994055747986,75.66007055520345,1.6580699048936367,18638.35569000244,0.0,32.0,14.0,1.0,0.050000000000000044,0.003709575415996369,0.003709575415996369,0.0
contextual_bandit,818,463,107.20074614355826,98.92917006634147,28.692439258098602,78.50830691526198,1.63981690723449,17918.86882019043,0.0,30.0,19.0,1.0,0.050000000000000044,0.003437515922996681,0.003437515922996681,0.0
contextual_bandit,818,464,111.72806907072851,100.3501376769755,28.651726588606834,83.07634230330774,1.6297961436212063,17441.465530395508,0.0,32.0,18.0,2.0,0.050000000000000044,0.0029752413611277007,0.0029752413611277007,0.0
contextual_bandit,818,465,99.67276916081691,100.26532024481634,27.583795949816704,72.08897343451763,1.5785872731357813,17267.800672531128,0.0,31.0,4.0,3.0,0.050000000000000044,0.003293294634204358,0.003293294634204358,0.0
contextual_bandit,818,466,154.16703527553972,101.78686971829194,35.826554507017136,118.34048076852262,1.8155154837295413,21645.918952941895,0.0,39.0,49.0,2.0,0.050000000000000044,0.003152642530039884,0.003152642530039884,0.0
contextual_bandit,818,467,82.64988173684978,101.56828193073609,25.724774606525898,56.92510756245756,1.523562273941934,16295.116905212402,0.0,25.0,6.0,2.0,0.050000000000000044,0.0030993475884315558,0.0030993475884315558,0.0
contextual_bandit,818,468,113.77874688038547,102.04813845988562,30.742058590054512,83.0366883499356,1.665357050485909,18565.788570404053,0.0,32.0,21.0,3.0,0.050000000000000044,0.0028918273237650283,0.0028918273237650283,0.0
contextual_bandit,818,469,97.76336322002051,102.89708727200897,27.075400553643703,70.68796245776053,1.583129558712244,17267.93911743164,0.0,27.0,26.0,1.0,0.050000000000000044,0.0034626501001184806,0.0034626501001184806,0.0
contextual_bandit,818,470,110.60906773436109,103.64767507679701,29.756990805268288,80.85207657146495,1.64882430434227,18167.67417907715,0.0,33.0,9.0,2.0,0.050000000000000044,0.0036082126025576144,0.0036082126025576144,0.0
contextual_bandit,818,471,103.43412205186397,103.63897216848984,28.128397338092327,75.30572452005651,1.6183333089575171,17332.369495391846,0.0,28.0,21.0,2.0,0.050000000000000044,0.0031256350994226523,0.0031256350994226523,0.0
contextual_bandit,818,472,123.71373365439614,104.56515318430934,29.159858234226704,94.5538755095764,1.6632477976381779,18253.34540939331,0.0,31.0,25.0,4.0,0.050000000000000044,0.0030304976389743388,0.0030304976389743388,0.0
contextual_bandit,818,473,84.78040292392187,102.50840278297645,24.46595524251461,60.31444772611074,1.5431810626760125,16163.353038787842,0.0,27.0,2.0,2.0,0.050000000000000044,0.0034595298202475533,0.0034595298202475533,0.0
contextual_bandit,818,474,103.02766628036747,103.44080288666957,27.551634080708027,75.47603236357222,1.5955949472263455,17100.33991241455,0.0,31.0,17.0,4.0,0.050000000000000044,0.0030222727873479016,0.0030222727873479016,0.0
contextual_bandit,818,475,123.17234025278684,104.33231203766445,31.73322081565857,91.43911928811666,1.6977984244003892,19080.02276611328,0.0,35.0,38.0,1.0,0.050000000000000044,0.0028783751986338757,0.0028783751986338757,0.0
contextual_bandit,818,476,107.36849915821381,105.14323946425054,29.365063324570656,78.00343581874196,1.6679563093930483,18253.191860198975,0.0,31.0,31.0,1.0,0.050000000000000044,0.0034295717341592535,0.0034295717341592535,0.0
contextual_bandit,818,477,108.08151230308368,106.06950354738937,29.82134734094143,78.26016493233995,1.6498764688149095,18175.633918762207,0.0,31.0,20.0,3.0,0.050000000000000044,0.003950093610910699,0.003950093610910699,0.0
contextual_bandit,818,478,107.21946902862176,106.62063976211803,30.439027473330498,76.7804417788087,1.6699578538537025,18434.198066711426,0.0,30.0,19.0,2.0,0.050000000000000044,0.0032590763294138014,0.0032590763294138014,0.0
contextual_bandit,818,479,109.07307933395519,107.69514416818545,29.602693632245064,79.47038558250084,1.682542902417481,18515.31099319458,0.0,31.0,28.0,2.0,0.050000000000000044,0.002530297904741019,0.002530297904741019,0.0
contextual_bandit,818,480,97.32106361530107,107.01209006597642,26.891454741358757,70.42960887394231,1.6310994876548648,17251.53985977173,0.0,29.0,14.0,2.0,0.050000000000000044,0.0034763704097713344,0.0034763704097713344,0.0
contextual_bandit,818,481,80.49273812557684,106.59971586358242,23.621282182633877,56.87145613665805,1.4738739244639874,15260.384464263916,0.0,24.0,5.0,2.0,0.050000000000000044,0.0031707065136288293,0.0031707065136288293,0.0
contextual_bandit,818,482,86.60491307079792,105.59296095105734,26.185186564922333,60.419726490974426,1.5623300485312939,16384.526515960693,0.0,26.0,0.0,0.0,0.050000000000000044,0.00293749005504651,0.00293749005504651,0.0
contextual_bandit,818,483,113.20547924848782,105.8931976063038,26.39774838089943,86.80773086758838,1.5495298905298114,16081.0768699646,0.0,31.0,34.0,2.0,0.050000000000000044,0.002867813607736025,0.002867813607736025,0.0
contextual_bandit,818,484,101.31060001739651,105.37232415363721,28.593190744519234,72.71740945169122,1.6609249114990234,18297.992294311523,0.0,26.0,16.0,2.0,0.050000000000000044,0.0026592832728056237,0.0026592832728056237,0.0
contextual_bandit,818,485,100.6137940753161,105.41937539936218,27.697474636137486,72.91631946898092,1.638879081234336,17507.834789276123,0.0,30.0,21.0,1.0,0.050000000000000044,0.003278807176684495,0.003278807176684495,0.0
contextual_bandit,818,486,134.52709577556635,104.43737842436352,32.29834657907486,102.22874919649152,1.7083925977349281,19757.61442565918,0.0,33.0,41.0,3.0,0.050000000000000044,0.002857233070244547,0.002857233070244547,0.0
contextual_bandit,818,487,97.49277352117298,105.17952301357965,27.379547402262688,70.11322643183468,1.5791582353413105,17184.8568649292,0.0,29.0,18.0,1.0,0.050000000000000044,0.0032810342891025357,0.0032810342891025357,0.0
contextual_bandit,818,488,111.01335086593319,105.04125321285703,30.51931892335415,80.49403194257904,1.6705539710819721,18637.99015045166,0.0,31.0,28.0,1.0,0.050000000000000044,0.00318537003477104,0.00318537003477104,0.0
contextual_bandit,818,489,105.80040693002088,105.44310539835708,29.166764996945858,76.63364194797617,1.6617083372548223,18713.895694732666,0.0,29.0,14.0,3.0,0.050000000000000044,0.0035907424680772237,0.0035907424680772237,0.0
contextual_bandit,818,490,111.15948913466184,105.47062646837212,28.96979819238186,82.18969080816952,1.645015200600028,17876.99066543579,0.0,34.0,16.0,4.0,0.050000000000000044,0.0027868235047208145,0.0027868235047208145,0.0
contextual_bandit,818,491,88.78086670338838,104.73796370094833,25.429780192673206,63.35108643620938,1.576758568175137,16666.152236938477,0.0,29.0,15.0,0.0,0.050000000000000044,0.003857151372358203,0.003857151372358203,0.0
contextual_bandit,818,492,96.42310529437563,103.37343228294733,29.315629333257675,67.10747603562375,1.63680877443403,17895.882749557495,0.0,30.0,13.0,3.0,0.050000000000000044,0.004112954047741368,0.004112954047741368,0.0
contextual_bandit,818,493,90.8332582222707,103.67607504786474,26.847586564719677,63.98567165755104,1.5477214297279716,16753.856269836426,0.0,27.0,13.0,1.0,0.050000000000000044,0.002654085008543916,0.002654085008543916,0.0
contextual_bandit,818,494,90.7541783480026,103.0624006512465,27.048187881708145,63.705990451393305,1.6112056663259864,17272.258060455322,0.0,30.0,3.0,2.0,0.050000000000000044,0.002665679614437977,0.002665679614437977,0.0
contextual_bandit,818,495,102.48032062244383,102.02779966972933,28.42707370221615,74.05324681591955,1.6369666960090399,17983.826721191406,0.0,30.0,17.0,0.0,0.050000000000000044,0.0032396436945418827,0.0032396436945418827,0.0
contextual_bandit,818,496,111.55511628831471,102.23713052623438,30.066121257841587,81.4889950006708,1.6441581444814801,18300.845153808594,0.0,34.0,6.0,2.0,0.050000000000000044,0.0034947205713251606,0.0034947205713251606,0.0
contextual_bandit,818,497,84.92707060399073,101.07940844127975,25.552316308021545,59.3747537893297,1.5274210199713707,16183.797668457031,0.0,27.0,2.0,4.0,0.050000000000000044,0.0032567929811193608,0.0032567929811193608,0.0
contextual_bandit,818,498,130.51296347916366,102.24408316380683,31.318165868520737,99.19479761064291,1.7220576778054237,19321.90721130371,0.0,36.0,36.0,6.0,0.050000000000000044,0.003192161711922381,0.003192161711922381,0.0
contextual_bandit,818,499,103.62023915645918,101.97144115493205,29.235306531190872,74.38493286368688,1.6373794255778193,18158.754901885986,0.0,26.0,15.0,3.0,0.050000000000000044,0.0025717051830724813,0.0025717051830724813,0.0
contextual_bandit,818,500,116.90940183145175,102.95085806573957,28.6909658908844,88.2184360299743,1.6341038895770907,17662.264587402344,0.0,33.0,25.0,6.0,0.050000000000000044,0.002495947621355299,0.002495947621355299,0.0
contextual_bandit,818,501,122.65560551831393,105.05900143537644,30.450182765722275,92.20542275259166,1.659490605816245,18646.119373321533,0.0,30.0,35.0,1.0,0.050000000000000044,0.0027589558303589,0.0027589558303589,0.0
contextual_bandit,818,502,107.92657829691159,106.12508469668212,29.329330891370773,78.59724759925592,1.684199882671237,18200.464477539062,0.0,32.0,13.0,2.0,0.050000000000000044,0.003991678910097107,0.003991678910097107,0.0
contextual_bandit,818,503,133.9575066288029,107.16268606569788,31.578134179115295,102.37937250929224,1.6800955636426806,19351.10503387451,0.0,33.0,31.0,2.0,0.050000000000000044,0.002274268503242638,0.002274268503242638,0.0
contextual_bandit,818,504,117.8600399302941,107.99015806134275,31.273463293910027,86.58657654697711,1.6670416062697768,18500.725368499756,0.0,31.0,39.0,3.0,0.050000000000000044,0.002895389450713992,0.002895389450713992,0.0
contextual_bandit,818,505,109.30400183758297,108.4246684494561,27.920864187180996,81.38313760569851,1.6096500139683485,17006.152654647827,0.0,34.0,14.0,3.0,0.050000000000000044,0.003529169174726121,0.003529169174726121,0.0
contextual_bandit,818,506,111.40527689219316,107.26857750528742,29.514489345252514,81.8907874575337,1.6150207296013832,17882.904579162598,0.0,32.0,32.0,1.0,0.050000000000000044,0.0025796574918786064,0.0025796574918786064,0.0
contextual_bandit,818,507,84.19694443196059,106.60378605082681,25.79810106009245,58.39884308874607,1.5799853159114718,16524.18394470215,0.0,25.0,0.0,3.0,0.050000000000000044,0.004111275928153191,0.004111275928153191,0.0
contextual_bandit,818,508,104.30413294478991,106.26832515476967,29.772609747946262,74.5315229211722,1.620021021924913,18084.469528198242,0.0,30.0,12.0,1.0,0.050000000000000044,0.0030444317308138125,0.0030444317308138125,0.0
contextual_bandit,818,509,86.25599289216187,105.2911044528767,26.74610796570778,59.50988468803551,1.6093571269884706,16806.293083190918,0.0,27.0,1.0,1.0,0.050000000000000044,0.0030792310717515647,0.0030792310717515647,0.0
contextual_bandit,818,510,119.66196610394344,105.71622830134079,31.167114838957787,88.49485111597404,1.6883775861933827,18874.37663269043,0.0,33.0,28.0,2.0,0.050000000000000044,0.0025995969408540986,0.0025995969408540986,0.0
contextual_bandit,818,511,116.60756913432442,107.1075634228876,29.091041669249535,87.51652783760392,1.6196373542770743,17643.893741607666,0.0,33.0,18.0,5.0,0.050000000000000044,0.0024989693192765117,0.0024989693192765117,0.0
contextual_bandit,818,512,99.08714764147157,107.24076554024239,28.74524676799774,70.34190138011331,1.6365793077275157,18190.297019958496,0.0,30.0,2.0,4.0,0.050000000000000044,0.003710169781697914,0.003710169781697914,0.0
contextual_bandit,818,513,134.8977110781565,109.44398818303668,35.89587824046612,99.00183262907414,1.759290006943047,21022.156063079834,0.0,37.0,39.0,1.0,0.050000000000000044,0.002350163944356609,0.002350163944356609,0.0
contextual_bandit,818,514,94.59543312563926,109.63605092191851,29.01759897172451,65.57783400490311,1.5984630472958088,18393.79393386841,0.0,27.0,18.0,1.0,0.050000000000000044,0.0030114411129034124,0.0030114411129034124,0.0
contextual_bandit,818,515,134.2252957879039,111.22329968019153,32.293618232011795,101.93167746648513,1.7220038259401917,19768.352500915527,0.0,34.0,35.0,2.0,0.050000000000000044,0.003222548752091825,0.003222548752091825,0.0
contextual_bandit,818,516,162.55390756438777,113.77323924399518,34.76145347952843,127.79245396565003,1.8003716645762324,20682.33478164673,0.0,38.0,53.0,2.0,0.050000000000000044,0.0032030992770160083,0.0032030992770160083,0.0
contextual_bandit,818,517,146.726398964534,116.86320566202232,35.5360946059227,111.19030441821599,1.78354072291404,21089.845993041992,0.0,38.0,46.0,1.0,0.050000000000000044,0.0041702621601871215,0.0041702621601871215,0.0
contextual_bandit,818,518,105.82548261818255,115.62883161897325,26.294710338115692,79.53077195224131,1.5819249479100108,16525.453910827637,0.0,32.0,25.0,3.0,0.050000000000000044,0.0024565389176132157,0.0024565389176132157,0.0
contextual_bandit,818,519,105.86310938230017,115.74097513026531,30.804917007684708,75.05819231501081,1.663266315124929,18980.876415252686,0.0,31.0,24.0,2.0,0.050000000000000044,0.003003398742293939,0.003003398742293939,0.0
contextual_bandit,818,520,101.4351758196603,114.96726382967574,29.778373040258884,71.65680301781998,1.6488377954810858,18267.82918548584,0.0,30.0,15.0,1.0,0.050000000000000044,0.0033206027146661654,0.0033206027146661654,0.0
contextual_bandit,818,521,127.75079147240598,115.22202312738037,34.219028405845165,93.53176285049399,1.743442052975297,20690.857753753662,0.0,35.0,28.0,2.0,0.050000000000000044,0.003108857992629055,0.003108857992629055,0.0
contextual_bandit,818,522,104.23062536043034,115.03722548055627,27.376163005828857,76.85446217578756,1.5987060591578484,17404.484352111816,0.0,30.0,16.0,1.0,0.050000000000000044,0.002548268821556121,0.002548268821556121,0.0
contextual_bandit,818,523,108.32230706112917,113.7554655021726,27.222313910722733,81.0999930908018,1.5990810357034206,17264.0627784729,0.0,31.0,16.0,2.0,0.050000000000000044,0.003001555989612825,0.003001555989612825,0.0
contextual_bandit,818,524,101.244791352387,112.92470307327724,29.981816172599792,71.26297492646748,1.5977178793400526,18271.294078826904,0.0,33.0,13.0,0.0,0.050000000000000044,0.002395890187472105,0.002395890187472105,0.0
contextual_bandit,818,525,80.60786712025674,111.48989633741094,26.725498907268047,53.882367982020696,1.5753434700891376,17079.652767181396,0.0,25.0,3.0,1.0,0.050000000000000044,0.003412135236430913,0.003412135236430913,0.0
contextual_bandit,818,526,120.29041011873139,111.93415299873784,32.884133741259575,87.40627624336136,1.7736853435635567,20195.993698120117,0.0,35.0,19.0,1.0,0.050000000000000044,0.0026908482614089735,0.0026908482614089735,0.0
contextual_bandit,818,527,112.7707512018741,113.36284333723351,29.538937464356422,83.23181379712233,1.6658073971047997,18430.62382888794,0.0,29.0,18.0,3.0,0.050000000000000044,0.0027387105219531804,0.0027387105219531804,0.0
contextual_bandit,818,528,106.62782212284648,113.47902779613635,28.204861722886562,78.4229605191692,1.6470140954479575,17907.86012649536,0.0,33.0,17.0,3.0,0.050000000000000044,0.0029400393905234523,0.0029400393905234523,0.0
contextual_bandit,818,529,123.8654742591871,115.35950186448761,29.264548137784004,94.60092606179845,1.631238798610866,18117.640914916992,0.0,32.0,35.0,2.0,0.050000000000000044,0.002947938257420901,0.002947938257420901,0.0
contextual_bandit,818,530,97.61155847624919,114.25698148310289,29.410894617438316,68.20066390351431,1.6478005601093173,18400.943504333496,0.0,29.0,10.0,1.0,0.050000000000000044,0.0028552505318657495,0.0028552505318657495,0.0
contextual_bandit,818,531,104.82168199311764,113.66768712604258,29.051975518465042,75.76970657896072,1.6710301730781794,18247.779598236084,0.0,32.0,12.0,0.0,0.050000000000000044,0.0031000354429124855,0.0031000354429124855,0.0
contextual_bandit,818,532,105.47979607509508,113.98731954772374,30.326343409717083,75.15345284419192,1.696460540406406,19095.860973358154,0.0,28.0,7.0,4.0,0.050000000000000044,0.003001756362209562,0.003001756362209562,0.0
contextual_bandit,818,533,86.99336608418962,111.59210229802541,26.771776609122753,60.22158995190403,1.5715768355876207,16756.163690567017,0.0,26.0,13.0,1.0,0.050000000000000044,0.00290127657353878,0.00290127657353878,0.0
contextual_bandit,818,534,90.68031606270303,111.3963464448786,27.003995686769485,63.67632040573587,1.5890826992690563,17250.90142059326,0.0,25.0,15.0,2.0,0.050000000000000044,0.002023156514042057,0.002023156514042057,0.0
contextual_bandit,818,535,110.69747331810198,110.21995532138847,32.15556065738201,78.54191289913854,1.6707203052937984,18942.20769882202,0.0,33.0,13.0,2.0,0.050000000000000044,0.002750062667473685,0.002750062667473685,0.0
contextual_bandit,818,536,121.49476727921024,108.1669983071296,31.135164223611355,90.3596032046105,1.7291924767196178,19207.254779815674,0.0,34.0,28.0,3.0,0.050000000000000044,0.002789822974591516,0.002789822974591516,0.0
contextual_bandit,818,537,100.89568384766137,105.87546255128598,29.819219633936882,71.07646415411986,1.5908237099647522,17854.75127029419,0.0,29.0,25.0,3.0,0.050000000000000044,0.0034253327903570607,0.0034253327903570607,0.0
contextual_bandit,818,538,105.93891849742752,105.88113434524823,27.902150727808475,78.03676768021208,1.6674216967076063,18004.627445220947,0.0,27.0,15.0,3.0,0.050000000000000044,0.002891980140702799,0.002891980140702799,0.0
contextual_bandit,818,539,115.77786720862662,106.37687223656454,33.522185653448105,82.25568161478314,1.722367711365223,19890.00936317444,0.0,33.0,26.0,1.0,0.050000000000000044,0.0027130897069582716,0.0027130897069582716,0.0
contextual_bandit,818,540,109.15545468152683,106.76288617965785,29.763256937265396,79.39219786347073,1.6375585934147239,18011.84706878662,0.0,30.0,27.0,3.0,0.050000000000000044,0.003391450045455713,0.003391450045455713,0.0
contextual_bandit,818,541,104.2238942115076,105.58654131661297,31.320477306842804,72.9034167854555,1.6691039083525538,19308.845222473145,0.0,30.0,8.0,4.0,0.050000000000000044,0.0023616461039637215,0.0023616461039637215,0.0
contextual_bandit,818,542,100.16499688724554,105.3832598929537,27.442938782274723,72.72205837319173,1.602258887141943,17357.824167251587,0.0,28.0,15.0,5.0,0.050000000000000044,0.0026324063728679903,0.0026324063728679903,0.0
contextual_bandit,818,543,87.45086697695513,104.33968788874502,26.45412302017212,60.996743450143526,1.6426346125081182,17395.29955291748,0.0,25.0,3.0,2.0,0.050000000000000044,0.0027440702833700925,0.0027440702833700925,0.0
contextual_bandit,818,544,128.29164489003364,105.69203056562733,32.63739084452391,95.65425404550972,1.713894234970212,19594.448135375977,0.0,35.0,42.0,3.0,0.050000000000000044,0.0026389000267954543,0.0026389000267954543,0.0
contextual_bandit,818,545,124.04892603474316,107.86408351135167,29.515264809131622,94.5336611660069,1.6716352757066488,18286.12895965576,0.0,35.0,28.0,1.0,0.050000000000000044,0.0026651863881852478,0.0026651863881852478,0.0
contextual_bandit,818,546,97.71274371890009,106.73520019136011,28.43054737895727,69.28219633994283,1.5787759479135275,17678.013816833496,0.0,27.0,13.0,4.0,0.050000000000000044,0.002704838407225907,0.002704838407225907,0.0
contextual_bandit,818,547,72.0596843674779,104.69964684964029,23.89229505509138,48.16738892495632,1.4744293186813593,15118.31212425232,0.0,21.0,0.0,1.0,0.050000000000000044,0.0026674793116399087,0.0026674793116399087,0.0
contextual_bandit,818,548,101.00332832804557,104.41842215990023,28.294204995036125,72.70912360123035,1.6070784656330943,17496.804374694824,0.0,32.0,10.0,2.0,0.050000000000000044,0.002925022716226522,0.002925022716226522,0.0
contextual_bandit,818,549,99.31035952270031,103.19066642307591,29.841196224093437,69.46916329860687,1.6409045876935124,18573.880516052246,0.0,30.0,0.0,0.0,0.050000000000000044,0.002462807831761893,0.002462807831761893,0.0
contextual_bandit,818,550,80.45651261508465,102.33291413001767,27.014631018042564,53.44188180565834,1.605220379307866,17080.55895614624,0.0,24.0,0.0,1.0,0.050000000000000044,0.0022879850075696595,0.0022879850075696595,0.0
contextual_bandit,818,551,77.99673450142146,100.99166675543287,25.38478360325098,52.6119505405426,1.5009902892634273,15909.966945648193,0.0,24.0,0.0,3.0,0.050000000000000044,0.0025262027702410705,0.0025262027702410705,0.0
contextual_bandit,818,552,131.59794856239813,102.29757437979802,32.16044309735298,99.43750540544049,1.7075410354882479,19426.946966171265,0.0,34.0,35.0,6.0,0.050000000000000044,0.002736746857408434,0.002736746857408434,0.0
contextual_bandit,818,553,107.95387372124365,103.34559976165073,29.758289098739624,78.19558462250401,1.6532609602436423,18666.042930603027,0.0,28.0,33.0,0.0,0.050000000000000044,0.003571885004930664,0.003571885004930664,0.0
contextual_bandit,818,554,78.34670499712229,102.72891920837169,25.051179088652134,53.29552644491196,1.5143478494137526,15918.712776184082,0.0,24.0,0.0,2.0,0.050000000000000044,0.0033905141026480123,0.0033905141026480123,0.0
contextual_bandit,818,555,85.52491733848909,101.47029140939104,27.47198848426342,58.05292894363264,1.597690830938518,17669.715335845947,0.0,28.0,3.0,1.0,0.050000000000000044,0.0036070915884920396,0.0036070915884920396,0.0
contextual_bandit,818,556,115.91353482313649,101.19122978658734,32.56492608785629,83.34860873528018,1.6961314277723432,19512.89488220215,0.0,31.0,35.0,4.0,0.050000000000000044,0.0031367466726806015,0.0031367466726806015,0.0
contextual_bandit,818,557,98.41845573647808,101.06736838102819,26.65658401697874,71.7618718163569,1.5748444590717554,16985.834287643433,0.0,30.0,25.0,0.0,0.050000000000000044,0.0027874457300640643,0.0027874457300640643,0.0
contextual_bandit,818,558,98.11087913722265,100.67596641301793,27.89080999791622,70.22006943732967,1.6161938421428204,17457.910049438477,0.0,29.0,18.0,4.0,0.050000000000000044,0.0030653019348392263,0.0030653019348392263,0.0
contextual_bandit,818,559,122.61103550877456,101.01762482802533,31.648930311203003,90.96210506346108,1.6934638060629368,19150.26142501831,0.0,34.0,38.0,2.0,0.050000000000000044,0.002197104211518308,0.002197104211518308,0.0
contextual_bandit,818,560,130.38564286937503,102.07913423741775,32.89003251492977,97.49561032464295,1.678804600611329,19387.177726745605,0.0,34.0,37.0,3.0,0.050000000000000044,0.0031095984413695987,0.0031095984413695987,0.0
contextual_bandit,818,561,108.6457521424044,102.3002271339626,29.89913896471262,78.74661372903475,1.668399104848504,18411.323307037354,0.0,33.0,16.0,3.0,0.050000000000000044,0.0027511524385772645,0.0027511524385772645,0.0
contextual_bandit,818,562,102.72695040542341,102.4283248098715,27.96586884558201,74.7610814853356,1.5962593546137214,17610.065509796143,0.0,29.0,31.0,1.0,0.050000000000000044,0.002359966190851992,0.002359966190851992,0.0
contextual_bandit,818,563,138.0156706563475,104.95656499384111,35.59010115265846,102.42556911625884,1.824133968912065,21166.05806350708,0.0,36.0,36.0,3.0,0.050000000000000044,0.0030712533844052814,0.0030712533844052814,0.0
contextual_bandit,818,564,102.99711578691019,103.69183853868495,28.137611269950867,74.85950453186047,1.611851972527802,17848.711017608643,0.0,28.0,20.0,4.0,0.050000000000000044,0.003164679670589976,0.003164679670589976,0.0
contextual_bandit,818,565,109.74138774986478,102.976461624441,29.732283040881157,80.00910472388479,1.6496385717764497,18102.784713745117,0.0,32.0,17.0,1.0,0.050000000000000044,0.0024175617800210603,0.0024175617800210603,0.0
contextual_bandit,818,566,96.84811874999569,102.9332303759958,27.48869939148426,69.35941936596203,1.5794377774000168,16900.900554656982,0.0,30.0,5.0,2.0,0.050000000000000044,0.002596130914753303,0.002596130914753303,0.0
contextual_bandit,818,567,113.28527030109257,104.99450967267651,33.24704831838608,80.03822190820068,1.7185714859515429,19655.41439819336,0.0,31.0,21.0,2.0,0.050000000000000044,0.0026008567692770157,0.0026008567692770157,0.0
contextual_bandit,818,568,117.83277001014424,105.83598175678144,29.560783177614212,88.27198671332074,1.6528965216130018,18329.722988128662,0.0,35.0,26.0,2.0,0.050000000000000044,0.0023499583621742204,0.0023499583621742204,0.0
contextual_bandit,818,569,93.00242204246301,105.5205848827696,27.525358468294144,65.4770639765002,1.621530375443399,17455.03593826294,0.0,27.0,9.0,3.0,0.050000000000000044,0.0035121622786391526,0.0035121622786391526,0.0
contextual_bandit,818,570,105.76398196524387,106.78595835027757,28.25474825501442,77.50923393374687,1.604984987527132,17674.33486175537,0.0,29.0,28.0,4.0,0.050000000000000044,0.002540591864089947,0.002540591864089947,0.0
contextual_bandit,818,571,127.13654716227047,109.24294898332,30.874741822481155,96.2618053844928,1.7086383309215307,19090.053592681885,0.0,31.0,33.0,4.0,0.050000000000000044,0.0022755783356842585,0.0022755783356842585,0.0
contextual_bandit,818,572,105.21089750613565,107.92359643050686,29.060963690280914,76.1499336817443,1.6235394459217787,18162.42218399048,0.0,32.0,13.0,2.0,0.050000000000000044,0.0030507550181937404,0.0030507550181937404,0.0
contextual_bandit,818,573,94.39349044837611,107.2455772668635,26.99862475693226,67.39486519970554,1.6055314037948847,16993.931671142578,0.0,29.0,11.0,3.0,0.050000000000000044,0.0024650815394124947,0.0024650815394124947,0.0
contextual_bandit,818,574,88.09704815149307,107.73309442458205,27.27348530292511,60.82356271445751,1.5649430071935058,16632.863660812378,0.0,25.0,0.0,3.0,0.050000000000000044,0.002986882842378691,0.002986882842378691,0.0
contextual_bandit,818,575,87.90381461343246,107.85203928832921,25.260097071528435,62.64371731838661,1.5292632654309273,15921.995582580566,0.0,29.0,8.0,0.0,0.050000000000000044,0.0034338794503128156,0.0034338794503128156,0.0
contextual_bandit,818,576,101.58307928189433,107.13551651126708,27.07526758313179,74.50781180307067,1.626317696645856,17403.219146728516,0.0,27.0,17.0,2.0,0.050000000000000044,0.002508538222173229,0.002508538222173229,0.0
contextual_bandit,818,577,91.04712293297052,106.76694987109173,27.20812038332224,63.839002564549446,1.6250993497669697,17346.718574523926,0.0,28.0,0.0,2.0,0.050000000000000044,0.0022877331502968445,0.0022877331502968445,0.0
contextual_bandit,818,578,108.72199653013097,107.29750574073712,31.148721538484097,77.573275006548,1.6368373334407806,18637.43971633911,0.0,28.0,24.0,3.0,0.050000000000000044,0.0036621260878746398,0.0036621260878746398,0.0
contextual_bandit,818,579,91.27094550430775,105.7305012405138,27.981795996427536,63.28914958238602,1.6248495541512966,17522.76805114746,0.0,27.0,0.0,0.0,0.050000000000000044,0.0022163419489515945,0.0022163419489515945,0.0
contextual_bandit,818,580,81.38132650554181,103.28028542232214,24.44862662255764,56.93270009160042,1.500629068352282,15849.821304321289,0.0,25.0,0.0,2.0,0.050000000000000044,0.0028181708476040512,0.0028181708476040512,0.0
contextual_bandit,818,581,91.75674510576515,102.4358350704902,25.65842805802822,66.0983167050102,1.5575813492760062,16434.435180664062,0.0,32.0,3.0,3.0,0.050000000000000044,0.003578830379410647,0.003578830379410647,0.0
contextual_bandit,818,582,93.21381169742031,101.96017813509002,27.728824473917484,65.48498682117146,1.6046729357913136,17299.70778656006,0.0,29.0,12.0,3.0,0.050000000000000044,0.00249037571484223,0.00249037571484223,0.0
contextual_bandit,818,583,105.3176015904499,100.32527468179515,29.49203059822321,75.82557073145635,1.6358059467747808,18172.387800216675,0.0,30.0,19.0,2.0,0.050000000000000044,0.0027833186904899776,0.0027833186904899776,0.0
contextual_bandit,818,584,109.02235748729207,100.62653676681424,27.01923641562462,82.00312132498719,1.5418513650074601,16314.185222625732,0.0,33.0,20.0,2.0,0.050000000000000044,0.0025423455954296514,0.0025423455954296514,0.0
contextual_bandit,818,585,86.9334885138553,99.48614180501376,26.188396260142326,60.74509241762571,1.5449053160846233,16820.292274475098,0.0,26.0,10.0,0.0,0.050000000000000044,0.0022978579945629463,0.0022978579945629463,0.0
contextual_bandit,818,586,81.80993519421241,98.73423262722459,26.88488219678402,54.925052982527234,1.562170885503292,16791.011362075806,0.0,24.0,4.0,3.0,0.050000000000000044,0.002730668777076062,0.002730668777076062,0.0
contextual_bandit,818,587,104.84818901202274,98.3123785627711,29.690986894071102,75.15720196894003,1.6550104534253478,18470.01467514038,0.0,31.0,17.0,2.0,0.050000000000000044,0.0028284906438784674,0.0028284906438784674,0.0
contextual_bandit,818,588,98.91433253214565,97.36645668887118,27.994422540068626,70.9199101112863,1.6046179039403796,17189.87127685547,0.0,29.0,16.0,2.0,0.050000000000000044,0.0026331748522352427,0.0026331748522352427,0.0
contextual_bandit,818,589,113.48621278630829,98.39064622606342,29.92782400548458,83.5583887510214,1.6896458650007844,18476.1595993042,0.0,35.0,17.0,2.0,0.050000000000000044,0.0027516424233908765,0.0027516424233908765,0.0
contextual_bandit,818,590,113.80106304181847,98.79250027989215,30.856893569231033,82.9441696365002,1.6682973159477115,18539.557441711426,0.0,32.0,28.0,1.0,0.050000000000000044,0.0024256089600385167,0.0024256089600385167,0.0
contextual_bandit,818,591,109.36822476493033,97.90408416002516,29.43570101261139,79.93252378212128,1.630943527445197,17865.265838623047,0.0,34.0,30.0,3.0,0.050000000000000044,0.0027535137196537107,0.0027535137196537107,0.0
contextual_bandit,818,592,93.1219287241469,97.29963572092574,26.606826439499855,66.51510231444935,1.591785884462297,17104.31996154785,0.0,27.0,15.0,1.0,0.050000000000000044,0.0029498026124201715,0.0029498026124201715,0.0
contextual_bandit,818,593,99.31620196400456,97.54577129670716,28.545574009418488,70.77062764166169,1.5880868034437299,16897.732872009277,0.0,30.0,1.0,1.0,0.050000000000000044,0.0025248964957427233,0.0025248964957427233,0.0
contextual_bandit,818,594,99.0925178556006,98.09554478191252,27.567229598760605,71.52528818233418,1.6364133702591062,17523.208236694336,0.0,29.0,7.0,0.0,0.050000000000000044,0.0028596058909897693,0.0028596058909897693,0.0
contextual_bandit,818,595,119.81419227770772,99.6910636651263,30.345654144883156,89.46853813282456,1.6286412356421351,18165.80797958374,0.0,31.0,41.0,1.0,0.050000000000000044,0.002413409689324908,0.002413409689324908,0.0
contextual_bandit,818,596,90.72610310467127,99.14821485626513,26.163243681192398,64.56285958739164,1.5646160002797842,16406.8090133667,0.0,30.0,1.0,1.0,0.050000000000000044,0.0028615185292437673,0.0028615185292437673,0.0
contextual_bandit,818,597,98.57169600090495,99.52444350966185,26.028641805052757,72.5430540766429,1.5836665593087673,16605.373237609863,0.0,34.0,10.0,0.0,0.050000000000000044,0.002900220664741937,0.002900220664741937,0.0
contextual_bandit,818,598,114.96242270953526,99.83646481863207,28.097869113087654,86.86455362624991,1.641141147352755,17475.92511367798,0.0,30.0,29.0,3.0,0.050000000000000044,0.0032197787950281054,0.0032197787950281054,0.0
contextual_bandit,818,599,108.03826787895756,100.67483093736456,28.756285160779953,79.28198294169502,1.600061945617199,17625.186279296875,0.0,31.0,26.0,2.0,0.050000000000000044,0.002443662175210193,0.002443662175210193,0.0
