variant,model_seed,episode,cost,rolling_cost,immediate_cost,penalty,energy_use,latency_ms,thermal_violation,energy_violation,queue_violation,contact_violation,epsilon,loss,td_loss,auxiliary_loss
double_cbad_dqn,800,0,94.0885107010603,94.0885107010603,32.5539718195796,61.53453911244869,1.5966471321880817,19501.27227783203,0.0,27.0,0.0,1.0,0.9954761904761905,,,
double_cbad_dqn,800,1,127.3944122032567,110.7414614521585,38.73012048006058,88.66429117185316,1.8135206894949079,23540.49028778076,0.0,33.0,7.0,1.0,0.9909523809523809,1.2499799728393555,1.2439789772033691,0.020003367215394974
double_cbad_dqn,800,2,135.99080929555495,119.15791073329065,42.28894439339638,93.70186490215858,1.8254870530217886,25071.6439743042,0.0,34.0,11.0,1.0,0.9864285714285714,1.131940372288227,1.1248902678489685,0.02350035367999226
double_cbad_dqn,800,3,197.12242056135764,138.6490381903074,45.69337148964405,151.42904902701005,1.9816556554287672,27487.231861114502,0.0,38.0,26.0,3.0,0.981904761904762,1.2081161215901375,1.1990820989012718,0.030113435117527843
double_cbad_dqn,800,4,126.37339404446512,136.19390936113896,42.05064341425896,84.3227516881886,1.8334336811676621,24512.450286865234,0.0,36.0,4.0,2.0,0.9773809523809524,1.3199941739439964,1.308067798614502,0.03975460375659168
double_cbad_dqn,800,5,124.640843886137,134.26839844863864,41.682585686445236,82.95825806558132,1.7404389306902885,23549.853023529053,0.0,34.0,0.0,2.0,0.9728571428571429,1.063467051833868,1.0528340823948383,0.035443239263258874
double_cbad_dqn,800,6,113.00601023644217,131.23091441832486,41.363688476383686,71.64232155144222,1.7997732469812036,24615.936614990234,0.0,28.0,7.0,1.0,0.9683333333333334,0.8692855648696423,0.8647927567362785,0.014976017759181559
double_cbad_dqn,800,7,106.306675106287,128.1153845043201,35.27392089366913,71.03275460004807,1.7122670263051987,21751.319847106934,0.0,30.0,0.0,0.0,0.9638095238095238,0.874098040163517,0.870565552264452,0.011774932674597949
double_cbad_dqn,800,8,126.5548864454031,127.9419958311071,45.79896692931652,80.75591917335987,1.78752910066396,25585.06314086914,0.0,34.0,0.0,0.0,0.9592857142857143,0.8903852477669716,0.8860344141721725,0.014502789650578052
double_cbad_dqn,800,9,106.36005502939224,125.78380175093562,36.60700502991676,69.75304937362671,1.6610061405226588,21195.733402252197,0.0,30.0,0.0,0.0,0.9547619047619048,0.6816473044455051,0.6781045198440552,0.011809274030383676
double_cbad_dqn,800,10,162.7363121597283,129.14312087900768,43.93055799603462,118.80575428290297,1.8404173562303185,25673.382080078125,0.0,36.0,25.0,1.0,0.9502380952380952,0.5248249843716621,0.5213215444236994,0.011678138806018978
double_cbad_dqn,800,11,110.20924859791994,127.56529818891703,35.54038693010807,74.66886154860258,1.6978493183851242,21238.86501312256,0.0,31.0,0.0,2.0,0.9457142857142857,0.41586450301110744,0.4118861351162195,0.013261217100080103
double_cbad_dqn,800,12,103.66674553602934,125.72694798484874,37.744524113833904,65.9222207069397,1.6737524839118123,22512.776077270508,0.0,27.0,0.0,1.0,0.9411904761904761,0.3089363258332014,0.30542951822280884,0.011689362407196313
double_cbad_dqn,800,13,120.49240297079086,125.35305191241603,40.94164726138115,79.55075532197952,1.7679599514231086,23874.64670562744,0.0,33.0,0.0,0.0,0.9366666666666666,0.25316134095191956,0.24956236314028502,0.011996587505564094
double_cbad_dqn,800,14,102.61061897873878,123.83688971683755,37.99699564278126,64.61362375319004,1.7418107632547617,22653.919109344482,0.0,28.0,0.0,1.0,0.9321428571428572,0.2190790632739663,0.21579656843096018,0.010941653279587626
double_cbad_dqn,800,15,157.3364846074996,125.93061439750394,42.51957134902477,114.8169131243644,1.8758363369852304,25326.69361114502,0.0,35.0,27.0,1.0,0.9276190476190476,0.5346988989040256,0.5312834810465574,0.011384751443983987
double_cbad_dqn,800,16,128.5704820034971,126.08590072726825,40.88581374287605,87.68466718773743,1.8030280359089375,24349.816520690918,0.0,36.0,6.0,1.0,0.9230952380952381,0.5841467827558517,0.5787673555314541,0.017931402137037367
double_cbad_dqn,800,17,111.45326128005982,125.27297631353446,39.454117715358734,71.99914413094521,1.7528589516878128,23099.42590713501,0.0,30.0,0.0,2.0,0.9185714285714286,0.3376872492954135,0.33305205963552,0.015450620267074555
double_cbad_dqn,800,18,123.25441689019364,125.16673634388493,44.335659727454185,78.9187572223441,1.7856672499328852,25553.918659210205,0.0,31.0,12.0,0.0,0.914047619047619,0.27284915186464787,0.26838728971779346,0.01487287029158324
double_cbad_dqn,800,19,144.3356478541249,126.12518191939694,43.79765622317791,100.53799136272607,1.933949826285243,26761.846801757812,0.0,35.0,12.0,1.0,0.9095238095238095,0.26998321805149317,0.26556399930268526,0.014730726892594248
double_cbad_dqn,800,20,103.03717296719552,126.5726150327037,35.39349792897701,67.64367518723012,1.6127920057624578,20629.323276519775,0.0,30.0,0.0,2.0,0.905,0.22955693397670984,0.22573684807866812,0.012733610928989947
double_cbad_dqn,800,21,128.53164354227133,126.62947659965444,38.19457769393921,90.33706565461702,1.7635283917188644,23025.224994659424,0.0,33.0,16.0,1.0,0.9004761904761904,0.24578577280044556,0.24182057660073042,0.013217314495705068
double_cbad_dqn,800,22,111.59961550917475,125.40991691033541,38.897042542696,72.7025727578625,1.7598691154271364,23374.76336669922,0.0,31.0,4.0,1.0,0.895952380952381,0.19995012506842613,0.19617719762027264,0.012576434470247477
double_cbad_dqn,800,23,127.95833746422144,121.95171275547861,43.43697903305292,84.52135818529938,1.8225727723911405,25157.362213134766,0.0,34.0,18.0,1.0,0.8914285714285715,0.5807998338714242,0.5762725146487355,0.015091049601323903
double_cbad_dqn,800,24,139.31149025632493,122.59861756607158,42.14537073671818,97.16611895336263,1.8220444433391094,24873.033840179443,0.0,38.0,17.0,0.0,0.8869047619047619,0.5298208277672529,0.5239321943372488,0.019628774607554078
double_cbad_dqn,800,25,97.55577246844769,121.24436399518711,34.40979194641113,63.14598037302494,1.608436199836433,20163.037700653076,0.0,28.0,0.0,0.0,0.8823809523809524,0.35996020026504993,0.3542208783328533,0.019131071458104998
double_cbad_dqn,800,26,121.26458701491356,121.65729283411069,42.56531096994877,78.6992759257555,1.7627364061772823,24544.68641281128,0.0,33.0,0.0,0.0,0.8778571428571429,0.3114982331171632,0.3060970567166805,0.01800392213044688
double_cbad_dqn,800,27,128.35611750953473,122.75976495427305,38.79416985809803,89.56194727890765,1.8611968252807856,23988.68078804016,0.0,33.0,9.0,1.0,0.8733333333333333,0.29213123861700296,0.28661315608769655,0.018393609090708196
double_cbad_dqn,800,28,117.50606364011765,122.30732381400881,40.490867003798485,77.01519668102264,1.7816590052098036,23840.494956970215,0.0,34.0,0.0,0.0,0.8688095238095238,0.289323540404439,0.28427288867533207,0.01683548779692501
double_cbad_dqn,800,29,132.57436590198841,123.61803935763862,39.952840715646744,92.62152470950451,1.8915047105401754,24499.130195617676,0.0,35.0,8.0,1.0,0.8642857142857143,0.2968112798407674,0.29128325171768665,0.018426756840199232
double_cbad_dqn,800,30,129.13909508142538,121.93817850372348,40.53644943237305,88.60264578316279,1.8250240124762058,24065.733226776123,0.0,37.0,7.0,0.0,0.8597619047619047,0.3367001051083207,0.33170915860682726,0.016636487853247672
double_cbad_dqn,800,31,110.79417692124844,121.9674249198899,37.534954100847244,73.25922213494778,1.7525624120607972,22086.015691757202,0.0,32.0,0.0,2.0,0.8552380952380952,0.6428124150261283,0.6366823446005583,0.020433569909073412
double_cbad_dqn,800,32,110.96970091760159,122.3325726889685,36.36371276527643,74.60598793625832,1.7367765549570322,22081.3881149292,0.0,32.0,0.0,1.0,0.8507142857142858,0.49540121480822563,0.48877138271927834,0.022099449299275875
double_cbad_dqn,800,33,118.25276418030262,122.22059074944409,40.313892513513565,77.93887183070183,1.715649007819593,22950.04829788208,0.0,32.0,0.0,0.0,0.8461904761904762,0.411116112023592,0.40439518727362156,0.02240307629108429
double_cbad_dqn,800,34,101.34261775016785,122.15719068801555,36.918287098407745,64.42433068156242,1.719669809564948,21777.33477973938,0.0,29.0,0.0,0.0,0.8416666666666667,0.35110898688435555,0.3447423158213496,0.02122223109472543
double_cbad_dqn,800,35,175.91761637830768,123.08624727655595,46.670510187745094,129.24710614585905,1.9492799583822489,27530.695472717285,0.0,36.0,28.0,0.0,0.8371428571428572,0.35221514478325844,0.34576988965272903,0.021484183496795595
double_cbad_dqn,800,36,119.90200974941254,122.65282366385172,37.26505346596241,82.6369561046362,1.7248819936066866,22017.00922012329,0.0,36.0,0.0,1.0,0.8326190476190476,0.2670514574274421,0.2611654829233885,0.019619920291006565
double_cbad_dqn,800,37,98.12853135168552,121.986587167433,33.92882767319679,64.19970282912254,1.620971167460084,20046.966175079346,0.0,28.0,0.0,1.0,0.8280952380952381,0.2719014771282673,0.2655473807826638,0.021180314128287137
double_cbad_dqn,800,38,131.0266512304587,122.37519888444626,39.50865587592125,91.517995220427,1.882857740856707,24019.40536880493,0.0,34.0,8.0,2.0,0.8235714285714286,0.32195225451141596,0.3154142638668418,0.021793299703858793
double_cbad_dqn,800,39,115.82337887883186,120.94958543568161,41.43883316218853,74.3845451503992,1.77684785425663,24183.281852722168,0.0,31.0,0.0,2.0,0.819047619047619,0.7719586882740259,0.7643408766016364,0.02539271186105907
double_cbad_dqn,800,40,125.1062210738659,122.05303784101514,42.948879197239876,82.15734144449235,1.8167098769918084,25059.28260421753,0.0,34.0,0.0,1.0,0.8145238095238095,0.5676575656980276,0.5598929766565561,0.025881943060085177
double_cbad_dqn,800,41,132.23090694844723,122.23800101132395,40.431560292840004,91.79934714734554,1.8207849469035864,23621.571563720703,0.0,38.0,0.0,0.0,0.81,0.4185750540345907,0.41113090328872204,0.02481383935082704
double_cbad_dqn,800,42,114.56079971492291,122.38606022161132,39.18819049745798,75.37260843515396,1.7154182204976678,22476.803073883057,0.0,33.0,0.0,3.0,0.8054761904761905,0.412037743255496,0.4034904660657048,0.02849093114491552
double_cbad_dqn,800,43,116.00485325059404,121.78838601092994,36.97344737499952,79.03140562227473,1.8699219897389412,23113.274822235107,0.0,30.0,11.0,2.0,0.800952380952381,0.4626971175894141,0.4548547975718975,0.026141075883060694
double_cbad_dqn,800,44,98.7126110419631,119.75844205021185,35.55741719156504,63.15519371628761,1.6442710449919105,20585.024015426636,0.0,27.0,0.0,1.0,0.7964285714285715,0.4182585710659623,0.41105567663908005,0.024009633343666792
double_cbad_dqn,800,45,108.57327987253666,120.3093174204163,38.61390824615955,69.95937177538872,1.747623734176159,22912.220951080322,0.0,30.0,0.0,2.0,0.7919047619047619,0.414431968703866,0.4070974886417389,0.024448279873467982
double_cbad_dqn,800,46,117.53172214508056,120.12267417692468,40.67928959429264,76.85243261039257,1.7774473978206515,23793.042366027832,0.0,33.0,1.0,0.0,0.7873809523809524,0.5384406978264451,0.5303582195192575,0.026941602351143956
double_cbad_dqn,800,47,101.41963547468185,118.775850075182,36.41863974928856,65.00099542737007,1.628583156503737,21033.022354125977,0.0,28.0,0.0,1.0,0.7828571428571429,0.7158511485904455,0.7069320287555456,0.02973038807976991
double_cbad_dqn,800,48,121.7327247262001,118.98718312948616,41.68180003762245,80.05092543363571,1.7611689204350114,23493.795219421387,0.0,34.0,0.0,0.0,0.7783333333333333,0.516794322989881,0.5074780378490686,0.031054288614541292
double_cbad_dqn,800,49,123.95708794030685,118.55631923140206,42.139597311615944,81.81749030086536,1.8782263826578856,25233.7508392334,0.0,34.0,12.0,0.0,0.7738095238095238,0.4375322051346302,0.4277536431327462,0.032595205353572965
double_cbad_dqn,800,50,97.94011137783528,116.99637004622257,39.41652248799801,58.52358830869198,1.7051668362691998,22448.530780792236,0.0,26.0,0.0,1.0,0.7692857142857144,0.45614567678421736,0.4476660583168268,0.02826538705267012
double_cbad_dqn,800,51,112.6791281402111,117.0906176071707,40.43684783577919,72.24228002130985,1.767696212977171,23474.460159301758,0.0,31.0,0.0,0.0,0.7647619047619048,0.4911483246833086,0.48340383544564247,0.02581495267804712
double_cbad_dqn,800,52,120.41422714293003,117.56284391843712,41.222770899534225,79.19145533442497,1.759080589748919,23669.56956100464,0.0,34.0,0.0,0.0,0.7602380952380953,0.5105894636362791,0.5019615916535258,0.028759567416273057
double_cbad_dqn,800,53,120.40317081809044,117.67036425032651,43.11662548780441,77.286545419693,1.7984898770228028,24745.46319961548,0.0,33.0,0.0,2.0,0.7557142857142858,0.39827540051192045,0.3892930103465915,0.029941305983811617
double_cbad_dqn,800,54,103.32488583028316,117.76947765433229,34.899967700242996,68.4249177724123,1.6895763212814927,20467.429431915283,0.0,32.0,0.0,0.0,0.7511904761904762,0.6717539504170418,0.6630396228283644,0.02904775191564113
double_cbad_dqn,800,55,125.1760058939457,115.2323971301142,40.90423847734928,84.27176780402661,1.7600454548373818,22959.09335708618,0.0,35.0,0.0,1.0,0.7466666666666667,0.6780116837471724,0.6684019025415182,0.032032599905505776
double_cbad_dqn,800,56,117.43136669695377,115.10886497749125,41.87300582230091,75.55836144089699,1.7735074758529663,24226.114490509033,0.0,32.0,0.0,0.0,0.7421428571428572,0.5123264715075493,0.5030671581625938,0.030864354921504855
double_cbad_dqn,800,57,106.1241354584694,115.50864518283045,35.774991735816,70.34914369285107,1.6248683417215943,20114.47141647339,0.0,30.0,0.0,2.0,0.7376190476190476,0.5886105764657259,0.5793440379202366,0.030888477223925292
double_cbad_dqn,800,58,96.24813756346703,113.76971949948086,31.977876737713814,64.27026090025902,1.717993350699544,19726.158493041992,0.0,29.0,0.0,1.0,0.7330952380952381,0.4849525485187769,0.4752232078462839,0.032431108760647476
double_cbad_dqn,800,59,115.94418156445026,113.77575963376178,38.96470586955547,76.97947579920292,1.7398784570395947,22502.516498565674,0.0,33.0,0.0,2.0,0.7285714285714286,0.5089470567181706,0.4992500226944685,0.032323435647413135
double_cbad_dqn,800,60,91.21757817268372,112.08132748870267,32.38719965517521,58.83037918806076,1.6348225437104702,19441.366020202637,0.0,26.0,0.0,1.0,0.724047619047619,0.5950080752372742,0.5847517680376768,0.03418767580296844
double_cbad_dqn,800,61,91.16639246940613,110.02810176475062,35.154037334024906,56.012355187535285,1.658806067891419,20387.044897079468,0.0,25.0,0.0,2.0,0.7195238095238095,0.46971670910716057,0.46041346341371536,0.031010805163532495
double_cbad_dqn,800,62,182.43491603597573,113.42180758080323,41.51125718653202,140.923658968653,1.9694388583302498,24935.567386627197,0.0,39.0,34.0,3.0,0.7150000000000001,0.7620946140959859,0.7519088964909315,0.03395240206737071
double_cbad_dqn,800,63,111.0363667756319,113.17338325705514,40.2506128847599,70.78575403988361,1.7160906214267015,22637.364290237427,0.0,30.0,0.0,1.0,0.7104761904761905,0.6715866196900606,0.6607540491968393,0.03610856144223362
double_cbad_dqn,800,64,114.95242414772511,113.98537391234325,43.330665081739426,71.6217592895031,1.8250387534499168,24769.17078781128,0.0,31.0,0.0,1.0,0.7059523809523809,0.6554391179233789,0.6450590789318085,0.03460011049173772
double_cbad_dqn,800,65,127.27544836103917,114.92048233676837,42.663445338606834,84.61200360357762,1.8745771693065763,25147.258766174316,0.0,36.0,0.0,1.0,0.7014285714285715,0.6068757111206651,0.596363065764308,0.03504214365966618
double_cbad_dqn,800,66,119.52916192412377,115.02035432572055,40.199977576732635,79.329184705019,1.7508148374035954,23207.27795791626,0.0,33.0,0.0,1.0,0.6969047619047619,0.4740512715652585,0.4630484562367201,0.03667605051305145
double_cbad_dqn,800,67,99.0836853981018,114.90355682189154,35.924375638365746,63.159309804439545,1.6668094648048282,20742.556922912598,0.0,29.0,0.0,1.0,0.6923809523809523,0.4981765327975154,0.48805525060743093,0.03373761347029358
double_cbad_dqn,800,68,112.43873306363821,114.43885723876345,38.383510164916515,74.05522391200066,1.7626059064641595,22378.9956073761,0.0,31.0,0.0,0.0,0.687857142857143,0.6357326898723841,0.6253639440983534,0.03456248389557004
double_cbad_dqn,800,69,105.70349645614624,113.52617766455542,34.54966574162245,71.15383014082909,1.7785395560786128,21405.241584777832,0.0,32.0,0.0,0.0,0.6833333333333333,0.49776565842330456,0.4872928839176893,0.03490925545338541
double_cbad_dqn,800,70,116.86817479282618,114.47258083530494,41.050277300179005,75.81789795458317,1.8160397503525019,23707.6986618042,0.0,32.0,0.0,1.0,0.6788095238095238,0.881122169084847,0.8706152569502592,0.035023024189285934
double_cbad_dqn,800,71,84.4997215807438,113.06361050733157,31.225466683506966,53.274255061149596,1.5095274280756712,17426.74305343628,0.0,24.0,0.0,1.0,0.6742857142857144,0.604113569483161,0.5923879705369473,0.039085341966710985
double_cbad_dqn,800,72,110.89309940636159,112.58755412050316,37.63796313107014,73.25513591766358,1.697609594091773,21468.68983078003,0.0,31.0,0.0,3.0,0.6697619047619048,0.5432957969605923,0.5311566181480885,0.04046392522286624
double_cbad_dqn,800,73,108.85864517092705,112.010327838145,35.59936113655567,73.25928366184235,1.6663494296371937,20631.5392036438,0.0,32.0,0.0,1.0,0.6652380952380952,0.654491238296032,0.6448240568861365,0.03222391742747277
double_cbad_dqn,800,74,97.67880918085575,111.72802400567362,33.87862007319927,63.80018910765648,1.5939504588022828,19203.0089263916,0.0,28.0,0.0,0.0,0.6607142857142857,0.7261398043483496,0.7143680304288864,0.039239243720658123
double_cbad_dqn,800,75,104.78777718544006,110.70861257024835,37.47344075888395,67.31433689594269,1.6971105067059398,21538.95866394043,0.0,30.0,0.0,1.0,0.6561904761904762,0.5244028652086854,0.5132551975548267,0.037158898543566465
double_cbad_dqn,800,76,112.04084127396345,110.43908629909882,39.49939130991697,72.54144939780235,1.712635419331491,22065.592882156372,0.0,33.0,0.0,0.0,0.6516666666666667,0.6116897305473685,0.600520552136004,0.03723058744799346
double_cbad_dqn,800,77,112.84663564860821,110.77521130860575,38.40594609081745,74.44068991541863,1.7255400018766522,21832.24924850464,0.0,32.0,0.0,1.0,0.6471428571428571,0.5754258166998625,0.5651993043720722,0.034088381682522595
double_cbad_dqn,800,78,119.7632664591074,111.95096775338777,42.67384795844555,77.08941867947578,1.8288235319778323,24544.384674072266,0.0,33.0,0.0,0.0,0.6426190476190476,0.8543643206357956,0.8438920639455318,0.03490750608034432
double_cbad_dqn,800,79,114.62166539877653,111.88484194510411,37.69165796041489,76.93000730425119,1.690446350723505,21355.985431671143,0.0,33.0,0.0,2.0,0.6380952380952382,0.7785658128559589,0.76689338311553,0.03890810487791896
double_cbad_dqn,800,80,111.80411364883184,112.91416871891151,35.61749444901943,76.18661910295486,1.7127792844548821,20940.364166259766,0.0,32.0,0.0,1.0,0.6335714285714286,0.6457170760259032,0.633756990544498,0.0398669415153563
double_cbad_dqn,800,81,107.89167232811451,113.75043271184693,35.938666835427284,71.95300537347794,1.7316592773422599,21200.663291931152,0.0,31.0,0.0,0.0,0.6290476190476191,0.6670995801687241,0.6569692213088274,0.03376786573790014
double_cbad_dqn,800,82,101.46614339351655,109.70199407972396,36.86856823414564,64.59757513701916,1.66154202260077,21044.10361099243,0.0,27.0,0.0,1.0,0.6245238095238095,0.6278391573578119,0.618316650390625,0.031741705373860896
double_cbad_dqn,800,83,91.94718700647354,108.74753509126603,32.89652882516384,59.05065783858299,1.5676260013133287,18873.418975830078,0.0,27.0,0.0,0.0,0.62,0.6570905046537519,0.646245333366096,0.03615058376453817
double_cbad_dqn,800,84,107.40289777517319,108.37005877263846,36.65248218178749,70.75041568279266,1.6541761541739106,20553.89821243286,0.0,31.0,0.0,0.0,0.6154761904761905,0.44236420188099146,0.4332345947623253,0.030432028463110328
double_cbad_dqn,800,85,112.29452936351299,107.62101282276213,35.19226334989071,77.10226553678513,1.7249549673870206,20926.164993286133,0.0,33.0,0.0,2.0,0.6109523809523809,0.7451297156512737,0.7336423881351948,0.03829109005164355
double_cbad_dqn,800,86,122.74943290650845,107.78202637188137,41.69838324189186,81.05104976892471,1.8084114268422127,23679.04900741577,0.0,34.0,0.0,0.0,0.6064285714285714,0.9599609710276127,0.9481925126165152,0.03922820894513279
double_cbad_dqn,800,87,124.85268643498421,109.0704764237255,40.89676684141159,83.95591899752617,1.7759031662717462,22811.518032073975,0.0,36.0,0.0,0.0,0.6019047619047619,0.6932356301695108,0.68163076415658,0.038682906539179385
double_cbad_dqn,800,88,103.26817951351404,108.61194874621928,39.86847799271345,63.39970202744007,1.6613727798685431,22191.397789001465,0.0,28.0,0.0,0.0,0.5973809523809523,0.6979603860527277,0.6868003439158201,0.03720015357248485
double_cbad_dqn,800,89,106.64114435911179,108.65883114136757,36.92746336013079,69.7136806190014,1.623432739637792,20780.729564666748,0.0,31.0,0.0,1.0,0.592857142857143,0.7067910842597485,0.6961062848567963,0.03561600623652339
double_cbad_dqn,800,90,123.79549190402031,109.00519699692727,39.99820517003536,83.79728598892689,1.77548002358526,22827.49277496338,0.0,35.0,0.0,0.0,0.5883333333333334,0.5865700328722596,0.5756359081715345,0.03644706611521542
double_cbad_dqn,800,91,105.22114177197219,110.04126800648869,37.613145641982555,67.6079956829548,1.770882273092866,22413.245887756348,0.0,29.0,0.0,1.0,0.5838095238095238,0.7179104164242744,0.7049229638651013,0.04329148156102747
double_cbad_dqn,800,92,92.08694022148848,109.10096004724502,32.85966657102108,59.227273881435394,1.5875215791165829,19028.762519836426,0.0,25.0,0.0,0.0,0.5792857142857144,0.6016884753480554,0.5901306718587875,0.03852599102538079
double_cbad_dqn,800,93,96.7297810614109,108.49451684176923,34.14471983909607,62.58506178855896,1.5872550662606955,19456.015642166138,0.0,28.0,0.0,0.0,0.5747619047619048,0.7876193951815367,0.7768340576440096,0.03595111868344247
double_cbad_dqn,800,94,121.83521836400033,109.70233730092646,39.864304065704346,81.97091420888901,1.83093770314008,23176.902194976807,0.0,34.0,0.0,2.0,0.5702380952380952,0.9243183452636003,0.9127191212028265,0.038664118153974414
double_cbad_dqn,800,95,94.53972609490157,109.18993474639953,34.76274383813143,59.77698286771774,1.622280907817185,20217.657539367676,0.0,27.0,0.0,1.0,0.5657142857142857,0.8586445711553097,0.8478708267211914,0.03591246611904353
double_cbad_dqn,800,96,109.63667574673892,109.06972647003832,33.98036573827267,75.65631039589644,1.7242799364030361,20190.5287399292,0.0,32.0,0.0,1.0,0.5611904761904762,0.696937701664865,0.684968457557261,0.03989746724255383
double_cbad_dqn,800,97,102.12040243446828,108.53341480933132,35.77344650030136,66.34695657491685,1.7406394751742482,21151.452896118164,0.0,28.0,0.0,2.0,0.5566666666666666,0.7096796035766602,0.7000348996371031,0.032149003352969885
double_cbad_dqn,800,98,94.77371872216463,107.28393742248417,34.561537601053715,60.21218064427376,1.6264818692579865,20125.90620803833,0.0,29.0,0.0,1.0,0.5521428571428572,0.7317778505384922,0.7204974200576544,0.037601417978294194
double_cbad_dqn,800,99,101.08079563081264,106.60689393408597,37.66890649497509,63.4118896573782,1.6487518511712551,21223.257762908936,0.0,27.0,0.0,0.0,0.5476190476190477,0.8270147908478975,0.8172383308410645,0.03258817386813462
double_cbad_dqn,800,100,103.94763527810574,106.21407001554967,36.10773319005966,67.83990222215652,1.6771671930328012,20702.711025238037,0.0,27.0,0.0,0.0,0.5430952380952381,0.7572260983288288,0.7458231188356876,0.03800995508208871
double_cbad_dqn,800,101,124.03344964981079,107.02115888163448,41.04936991631985,82.98407983779907,1.8018264099955559,23238.43003845215,0.0,36.0,0.0,0.0,0.5385714285714286,0.7487698579207063,0.73595807608217,0.04270594520494342
double_cbad_dqn,800,102,105.76660015583039,107.23618171975018,34.79408232867718,70.97251772284508,1.620703193359077,19569.751205444336,0.0,30.0,0.0,1.0,0.5340476190476191,0.6489172484725714,0.6367112584412098,0.04068662761710584
double_cbad_dqn,800,103,118.89721993505955,108.58368336617949,38.19788347184658,80.69933661222458,1.7657454255968332,21827.515171051025,0.0,34.0,0.0,1.0,0.5295238095238095,0.6931391227990389,0.6810717657208443,0.040224538766779006
double_cbad_dqn,800,104,94.19657483696938,107.9233672192693,32.58886404335499,61.60771098732948,1.5655354084447026,18318.864490509033,0.0,29.0,0.0,1.0,0.525,0.8073587100952864,0.7947967052459717,0.04187334526795894
double_cbad_dqn,800,105,105.07932024598122,107.56260676339271,33.23990109562874,71.83941915035248,1.6304778242483735,19484.571130752563,0.0,29.0,0.0,2.0,0.5204761904761905,0.7540528662502766,0.7431020764634013,0.036502609378658235
double_cbad_dqn,800,106,97.59727544486523,106.30499889031054,32.9689195305109,64.62835588455201,1.6202091639861465,19105.288860321045,0.0,29.0,0.0,1.0,0.5159523809523809,0.8042874913662672,0.7923626471310854,0.03974947286769748
double_cbad_dqn,800,107,105.87096378207207,105.35591275766492,35.322190031409264,70.54877427220345,1.6708121439442039,20509.560667037964,0.0,31.0,0.0,0.0,0.5114285714285716,0.7236509118229151,0.7120920214802027,0.038529616431333125
double_cbad_dqn,800,108,96.97215307056904,105.04111143551768,34.7833404392004,62.188811901211736,1.6509162047877908,20266.393157958984,0.0,26.0,0.0,2.0,0.506904761904762,0.8225095439702272,0.8116034045815468,0.03635379683692008
double_cbad_dqn,800,109,87.6619570195675,104.09215206854046,33.03562642633915,54.62633011639118,1.5806470680981874,18833.24711227417,0.0,24.0,0.0,1.0,0.5023809523809524,0.9918086901307106,0.9801203049719334,0.03896130050998181
double_cbad_dqn,800,110,99.98226701617241,102.90149082414807,35.64124235510826,64.3410247206688,1.6409619422629476,20184.081958770752,0.0,29.0,0.0,1.0,0.4978571428571429,0.8820533668622375,0.8712079739198089,0.036151334177702665
double_cbad_dqn,800,111,118.6900479733944,103.57493613421919,40.78463590145111,77.90541259348393,1.7961282096803188,23893.56791305542,0.0,32.0,0.0,2.0,0.4933333333333334,0.6744392421096563,0.6636819839477539,0.03585753042716533
double_cbad_dqn,800,112,132.26718518137932,105.58394838221372,42.412940204143524,89.85424593091011,1.8317519463598728,24138.045379638672,0.0,37.0,0.0,0.0,0.4888095238095238,0.7607385572046041,0.7498560510575771,0.03627503209281713
double_cbad_dqn,800,113,97.9529953673482,105.64510909751058,32.81469256430864,65.13830256462097,1.6456312099471688,19469.49930381775,0.0,28.0,0.0,0.0,0.4842857142857143,0.7516341637820005,0.739490108564496,0.04048023768700659
double_cbad_dqn,800,114,110.52168884277344,105.07943262144924,37.460813745856285,73.06087462008,1.6707264939323068,20876.096813201904,0.0,32.0,0.0,1.0,0.4797619047619047,0.8398780357092619,0.8296233452856541,0.03418232314288616
double_cbad_dqn,800,115,103.81275261938572,105.54308394767345,34.24118755757809,69.57156454026699,1.6754134139046073,19773.96519470215,0.0,29.0,0.0,1.0,0.47523809523809524,0.7723220773041248,0.7620747499167919,0.03415775112807751
double_cbad_dqn,800,116,101.62824162095785,105.14266224138439,34.42675266414881,67.20148928463459,1.592840876430273,19378.534770965576,0.0,30.0,0.0,1.0,0.47071428571428575,0.7782232165336609,0.7679093088954687,0.034379695425741374
double_cbad_dqn,800,117,110.86585433781147,105.57993483655154,36.7825763002038,74.08327820897102,1.6396573223173618,20351.57696723938,0.0,33.0,0.0,2.0,0.46619047619047627,1.0195309538394213,1.0082579106092453,0.037576763541437685
double_cbad_dqn,800,118,91.41150962710381,105.41182438179851,35.74588352441788,55.66562643051147,1.6034825490787625,20089.256439208984,0.0,26.0,0.0,2.0,0.46166666666666667,0.9802074618637562,0.9690443798899651,0.03721028321888298
double_cbad_dqn,800,119,98.36621134728193,105.27609516762197,34.20127397030592,64.16493667662144,1.676673637703061,19817.960124969482,0.0,28.0,0.0,0.0,0.4571428571428572,0.8569498546421528,0.8445410765707493,0.041362597956322134
double_cbad_dqn,800,120,101.28687079250813,105.14305694334209,35.48168455064297,65.805185765028,1.6307584159076214,19999.090713500977,0.0,29.0,0.0,0.0,0.4526190476190477,1.0564436055719852,1.045109461992979,0.0377804875606671
double_cbad_dqn,800,121,80.23179985582829,102.95297445364297,29.68639601767063,50.545403599739075,1.4882052214816213,16608.332469940186,0.0,23.0,0.0,0.0,0.4480952380952381,0.7663264982402325,0.7542102076113224,0.04038762906566262
double_cbad_dqn,800,122,84.99929321855306,101.9146091067791,30.50932879000902,54.48996419012546,1.5238425936549902,17648.414306640625,0.0,24.0,0.0,3.0,0.4435714285714286,0.7185859493911266,0.7085271514952183,0.033529360429383814
double_cbad_dqn,800,123,101.41170887202024,101.04033355362714,36.20836843550205,65.20334052592516,1.6370141683146358,20242.446617126465,0.0,30.0,0.0,2.0,0.439047619047619,0.8680536895990372,0.8566637746989727,0.03796637256164104
double_cbad_dqn,800,124,100.66754995286465,101.36388230942188,33.26570354402065,67.40184670686722,1.5991428103297949,19232.677238464355,0.0,29.0,0.0,1.0,0.43452380952380953,0.8863143213093281,0.873935054987669,0.04126422747503966
double_cbad_dqn,800,125,109.32812115550041,101.57632235489785,35.34647434949875,73.98164623975754,1.75201132055372,21071.366497039795,0.0,31.0,0.0,1.0,0.43000000000000005,1.0341490898281336,1.023511404171586,0.03545896406285465
double_cbad_dqn,800,126,99.25345486402512,101.65913132585584,34.109400644898415,65.14405496418476,1.6187222888693213,19481.59174346924,0.0,29.0,0.0,0.0,0.42547619047619056,1.018789978697896,1.0077169835567474,0.03690996207296848
double_cbad_dqn,800,127,89.7723480552435,100.85420053951444,30.750955909490585,59.02139183282852,1.565651805140078,18155.545024871826,0.0,27.0,0.0,1.0,0.42095238095238097,1.034515043720603,1.0228676795959473,0.038824554067105055
double_cbad_dqn,800,128,120.49099746346474,102.0301427591592,41.60471302270889,78.88628451526165,1.7929589739069343,23513.915119171143,0.0,34.0,0.0,0.0,0.41642857142857137,0.855667270720005,0.8425097689032555,0.04385835467837751
double_cbad_dqn,800,129,89.67485494166613,102.13078765526414,31.851023577153683,57.82383134961128,1.5879837609827518,18186.201751708984,0.0,26.0,0.0,1.0,0.4119047619047619,1.0741613376885653,1.063135415315628,0.03675307775847614
double_cbad_dqn,800,130,118.33399280905724,103.04837394490838,37.221398785710335,81.11259454488754,1.6899723038077354,20982.13621902466,0.0,33.0,0.0,0.0,0.4073809523809524,0.8999136332422495,0.888932004570961,0.03660542913712561
double_cbad_dqn,800,131,84.49274334460497,101.33850871346891,30.277324832975864,54.21541749835014,1.5755100548267365,17991.98818588257,0.0,24.0,0.0,1.0,0.4028571428571429,0.9769720453768969,0.9652853198349476,0.03895575390197337
double_cbad_dqn,800,132,89.63301204144955,99.20680005647242,31.72529323399067,57.90771844983101,1.5438407342880964,18130.53380203247,0.0,26.0,0.0,2.0,0.39833333333333343,0.9609598070383072,0.9483693912625313,0.04196807462722063
double_cbad_dqn,800,133,96.58659997582436,99.13848028689623,32.31883142888546,64.26776874065399,1.5950005212798715,18992.096448898315,0.0,27.0,0.0,0.0,0.39380952380952383,1.06856769323349,1.0561377760022879,0.041433062171563506
double_cbad_dqn,800,134,98.85593890547753,98.55519279003144,37.054907500743866,61.80103080868721,1.649793823249638,20734.707218170166,0.0,28.0,0.0,1.0,0.38928571428571423,0.9271763637661934,0.9154734034091234,0.0390098545467481
double_cbad_dqn,800,135,94.01915448904037,98.06551288351417,33.35076433420181,60.66839024424553,1.568450820632279,18794.557193756104,0.0,27.0,0.0,1.0,0.38476190476190475,0.7836909778416157,0.7717416826635599,0.0398309932788834
double_cbad_dqn,800,136,107.7697199523449,98.37258680008352,34.16642087697983,73.60329841971398,1.6949187880381942,19659.642364501953,0.0,32.0,0.0,1.0,0.38023809523809526,1.105661429464817,1.0936171747744083,0.04014750837814063
double_cbad_dqn,800,137,89.72282090187073,97.3154351282865,31.28529367595911,58.437526965141295,1.5609296085312963,18068.24369430542,0.0,27.0,0.0,1.0,0.3757142857142858,1.0173764694482088,1.0073005072772503,0.03358654258772731
double_cbad_dqn,800,138,98.14262887835503,97.65199109084905,33.02889794111252,65.11373041570187,1.645038011483848,19267.297080993652,0.0,28.0,0.0,1.0,0.3711904761904763,1.0053797028958797,0.9950891435146332,0.0343018532730639
double_cbad_dqn,800,139,84.46416048109532,96.95688854753972,31.09890180826187,53.36525880694389,1.527938885614276,17773.546588897705,0.0,24.0,0.0,1.0,0.3666666666666667,1.0049180686473846,0.9926007781177759,0.041057638940401375
double_cbad_dqn,800,140,109.68126541376114,97.37660827860238,31.545250944793224,78.13601505756378,1.6024506278336048,18257.960334777832,0.0,34.0,0.0,0.0,0.3621428571428572,1.046351857483387,1.0334246810525656,0.04309061192907393
double_cbad_dqn,800,141,89.47251094132662,97.83864383287728,32.45455527305603,57.01795518398285,1.528520094230771,18463.928604125977,0.0,25.0,0.0,1.0,0.3576190476190476,0.965268163010478,0.9549828059971333,0.034284480032511055
double_cbad_dqn,800,142,87.74264296889305,97.97581132039429,31.816436246037483,55.92620658874512,1.5429900055751204,17860.099460601807,0.0,27.0,0.0,0.0,0.35309523809523813,0.8463113196194172,0.8353049792349339,0.03668782545719296
double_cbad_dqn,800,143,101.02200357615948,97.95632605560124,30.844875529408455,70.17712852358818,1.551398460753262,17501.89161300659,0.0,32.0,0.0,0.0,0.34857142857142864,0.8754180483520031,0.8642187267541885,0.03733110788743943
double_cbad_dqn,800,144,95.99033565074205,97.72246534049512,34.084829457104206,61.90550658106804,1.6124444613233209,19588.543670654297,0.0,27.0,0.0,1.0,0.34404761904761905,0.9213672690093517,0.9100178889930248,0.03783128364011645
double_cbad_dqn,800,145,98.59139516353608,97.1856290408969,35.45039461553097,63.141000935435294,1.5943551156669855,19895.401306152344,0.0,28.0,0.0,1.0,0.33952380952380956,1.0799395125359297,1.0696614813059568,0.034260086133144796
double_cbad_dqn,800,146,89.6074182778597,96.70332721158863,29.264290802180767,60.343127661943434,1.536330509930849,16905.354469299316,0.0,27.0,0.0,2.0,0.3350000000000001,0.9522572048008442,0.9402765706181526,0.039935405482538044
double_cbad_dqn,800,147,103.2537320703268,97.37739641234279,34.93412417918444,68.31960764527321,1.6080705877393484,20099.47857284546,0.0,30.0,0.0,0.0,0.3304761904761905,0.8928201012313366,0.8816663138568401,0.03717929986305535
double_cbad_dqn,800,148,95.41182346642017,96.12343771249057,32.7252536714077,62.686569675803185,1.5580877540633082,18247.324687957764,0.0,28.0,0.0,1.0,0.325952380952381,1.1566278357058764,1.144099311903119,0.04176174057647586
double_cbad_dqn,800,149,94.7654812425375,96.37796902753414,33.74727602303028,61.01820511519909,1.5902937883511186,19045.246767044067,0.0,26.0,0.0,1.0,0.3214285714285714,1.2813526801764965,1.26888857036829,0.04154707840643823
double_cbad_dqn,800,150,94.56553712487221,95.18954624332488,34.256106339395046,60.309430539608,1.5976975429803133,19195.312454223633,0.0,26.0,0.0,0.0,0.3169047619047619,1.1395442504435778,1.1274465527385473,0.04032566223759204
double_cbad_dqn,800,151,82.3496560305357,95.08239187762142,30.443709194660187,51.9059474170208,1.514761297032237,17187.73822402954,0.0,25.0,0.0,0.0,0.3123809523809524,0.9533985834568739,0.9421174582093954,0.0376037925016135
double_cbad_dqn,800,152,86.36937780082226,94.91921016559006,32.15706488490105,54.21231340765953,1.5457573011517525,18170.614555358887,0.0,23.0,0.0,1.0,0.30785714285714294,0.8925935849547386,0.8830911032855511,0.031674937810748816
double_cbad_dqn,800,153,82.6537197008729,94.22256615184249,30.30524966865778,52.34847033023834,1.5156955113634467,17131.982837677002,0.0,25.0,0.0,2.0,0.30333333333333345,0.9305771794170141,0.9171837866306305,0.04464464134071022
double_cbad_dqn,800,154,83.48555202335119,93.45404680773616,32.5275567099452,50.95799511969089,1.53337337449193,18372.744380950928,0.0,23.0,0.0,2.0,0.29880952380952375,1.2122137285768986,1.2011105418205261,0.0370106496848166
double_cbad_dqn,800,155,103.53482119739056,93.92983014315368,36.43625354766846,67.0985677242279,1.6669231466948986,20680.349212646484,0.0,29.0,0.0,1.0,0.29428571428571426,1.0301876831799746,1.0191008932888508,0.036955964867956936
double_cbad_dqn,800,156,94.52995850145817,93.26784207060933,33.14953629672527,61.380422204732895,1.6174494493752718,18730.806476593018,0.0,26.0,0.0,1.0,0.2897619047619048,1.02824348770082,1.0183861311525106,0.032857852755114436
double_cbad_dqn,800,157,89.010593354702,93.2322306932509,31.59671863913536,57.41387498378754,1.5426703868433833,17807.196899414062,0.0,26.0,0.0,2.0,0.2852380952380953,1.2578165084123611,1.2455512471497059,0.04088419396430254
double_cbad_dqn,800,158,106.34191724061967,93.64219511136413,35.137088023126125,71.20482858419419,1.640089181251824,20257.42649459839,0.0,31.0,0.0,1.0,0.2807142857142858,1.0741069614887238,1.0611603613942862,0.04315529600717127
double_cbad_dqn,800,159,82.72499873638154,93.55523702412845,29.448439478874207,53.276558795571326,1.5258128410205245,17050.616214752197,0.0,24.0,0.0,1.0,0.2761904761904763,0.9991350937634706,0.9864539280533791,0.042270570527762175
double_cbad_dqn,800,160,113.73564630746841,93.75795606881381,39.734488636255264,74.00115795433521,1.7510366896167397,22621.905124664307,0.0,31.0,0.0,0.0,0.2716666666666666,1.1002365685999393,1.0881467647850513,0.040299347951076925
double_cbad_dqn,800,161,104.61128969490528,94.51489500649274,32.002564027905464,72.60872554779053,1.5976675301790237,18539.643138885498,0.0,31.0,0.0,1.0,0.2671428571428571,1.1142389606684446,1.1037437841296196,0.03498391748871654
double_cbad_dqn,800,162,104.74885021150112,95.36520536862314,34.815968714654446,69.93288215994835,1.6584886396303773,19939.42604446411,0.0,30.0,0.0,1.0,0.26261904761904764,1.0791351329535246,1.067660253494978,0.03824952617287636
double_cbad_dqn,800,163,105.43254996836185,95.58573268823326,32.83662539720535,72.59592509269714,1.5493852635845542,18194.549365997314,0.0,33.0,0.0,0.0,0.25809523809523816,1.0391569323837757,1.0278512593358755,0.037685558083467185
double_cbad_dqn,800,164,87.24248076230288,95.1483399438113,32.27848645299673,54.963994801044464,1.5417985646054149,18136.430408477783,0.0,26.0,0.0,0.0,0.25357142857142867,1.1157330926507711,1.103786438703537,0.039822170278057456
double_cbad_dqn,800,165,89.43130172193051,94.69033527173102,32.78377045691013,56.64753123521805,1.5708219315856695,18353.607299804688,0.0,26.0,0.0,1.0,0.24904761904761907,1.0628270767629147,1.0516085494309664,0.03739508078433573
double_cbad_dqn,800,166,84.5197221070528,94.43595046319068,29.924632608890533,54.595089349150655,1.524236585944891,17227.606981277466,0.0,24.0,0.0,2.0,0.2445238095238096,1.0277305748313665,1.0163965579122305,0.03778003016486764
double_cbad_dqn,800,167,100.96332013010979,94.32142986617984,34.31557810306549,66.64774137139321,1.6153877675533295,19805.753147125244,0.0,29.0,0.0,1.0,0.24,1.1849933378398418,1.1733278036117554,0.038885171175934374
double_cbad_dqn,800,168,98.92840410768986,94.49725889824332,32.7306659668684,66.19773784279823,1.6262712264433503,18856.60939025879,0.0,30.0,0.0,0.0,0.2354761904761905,1.0711423438042402,1.0592551082372665,0.03962410078383982
double_cbad_dqn,800,169,103.13940684646369,94.91595517843963,33.92598403245211,69.2134227693081,1.6296478854492307,19341.05035018921,0.0,30.0,0.0,2.0,0.23095238095238102,1.074269700795412,1.0629146620631218,0.03785013034939766
double_cbad_dqn,800,170,101.53880240023136,95.26461844220759,34.26338964700699,67.27541255950928,1.6355082420632243,19343.04571914673,0.0,30.0,0.0,0.0,0.22642857142857142,1.0396618694067001,1.0299898590892553,0.032240001135505736
double_cbad_dqn,800,171,85.99133057296277,95.44670216932893,30.23842041194439,55.752909833192824,1.4998666299507022,16765.289096832275,0.0,28.0,0.0,1.0,0.22190476190476194,0.9489063825458288,0.9396893084049225,0.030723537667654455
double_cbad_dqn,800,172,74.28230583667755,94.8423485711217,28.267186366021633,46.01511912047863,1.481128710322082,16141.363586425781,0.0,23.0,0.0,0.0,0.21738095238095245,0.9805294945836067,0.9673717897385359,0.04385896783787757
double_cbad_dqn,800,173,90.29754546284676,95.22453985922039,31.493415914475918,58.80412930250168,1.552297662012279,17868.577445983887,0.0,26.0,0.0,0.0,0.21285714285714286,1.0342129785567522,1.0242127161473036,0.033334183506667614
double_cbad_dqn,800,174,75.80412042886019,94.84046827949585,27.545314744114876,48.25880600512028,1.470872144214809,15880.28567123413,0.0,23.0,0.0,1.0,0.20833333333333337,1.1260276641696692,1.1150837522000074,0.036479722475633025
double_cbad_dqn,800,175,87.27656936645508,94.02755568794905,31.844627559185028,55.43194222450256,1.5338131841272116,17753.78384399414,0.0,25.0,0.0,0.0,0.20380952380952377,1.1012726854532957,1.0902331620454788,0.03679842140991241
double_cbad_dqn,800,176,85.33382435888052,93.56774898082018,31.4430193901062,53.89080509543419,1.5025527821853757,17761.054203033447,0.0,24.0,0.0,0.0,0.1992857142857143,1.133760705590248,1.1206757612526417,0.043616517330519855
double_cbad_dqn,800,177,86.27946330606937,93.43119247838854,30.158246397972107,56.12121607363224,1.530612870119512,17370.703132629395,0.0,26.0,0.0,0.0,0.1947619047619048,1.1154832616448402,1.1048276219516993,0.03551880840677768
double_cbad_dqn,800,178,83.6049877256155,92.29434600263835,28.629588313400745,54.97539874911308,1.5103460485115647,16699.15993118286,0.0,26.0,0.0,0.0,0.19023809523809532,1.0214534066617489,1.0096805598586798,0.03924280276987702
double_cbad_dqn,800,179,79.08479474633933,92.11233580313623,28.145250529050827,50.93954477608204,1.4633602052927017,16000.177793502808,0.0,24.0,0.0,1.0,0.18571428571428583,1.1946931686252356,1.1847496945410967,0.033144874731078744
double_cbad_dqn,800,180,100.7494270592928,91.46302484072746,31.65561008453369,69.09381718337536,1.5727350795641541,18192.915954589844,0.0,31.0,0.0,2.0,0.18119047619047624,1.0881082229316235,1.0773599185049534,0.035827661282382905
double_cbad_dqn,800,181,81.51385107040406,90.30815290950241,29.18069066852331,52.33316063284874,1.467623301781714,16034.976894378662,0.0,23.0,0.0,1.0,0.17666666666666664,1.1231598630547523,1.1124330088496208,0.035756253404542804
double_cbad_dqn,800,182,78.20574687421322,88.98099774263801,29.180739670991898,49.02500668168068,1.491097031161189,16615.24354171753,0.0,23.0,0.0,0.0,0.17214285714285715,0.8576979916542768,0.8458554409444332,0.039475159836001694
double_cbad_dqn,800,183,90.3214929997921,88.22544489420952,31.610675379633904,58.710818365216255,1.5613628532737494,18281.93222427368,0.0,28.0,0.0,1.0,0.16761904761904767,1.290493119508028,1.2791944034397602,0.037662369199097157
double_cbad_dqn,800,184,82.23065454661847,87.9748535834253,27.149975135922432,55.08067947030067,1.4921583775430918,15516.31876373291,0.0,25.0,0.0,1.0,0.16309523809523818,1.0784106887876987,1.0672494880855083,0.03720401390455663
double_cbad_dqn,800,185,108.1569682508707,88.9111369098723,36.58368995785713,71.57327884435654,1.6681900573894382,20687.825492858887,0.0,32.0,0.0,1.0,0.1585714285714287,1.1230311505496502,1.1112397350370884,0.03930471476633102
double_cbad_dqn,800,186,86.3673309326172,89.00351735115052,30.378928661346436,55.9884018689394,1.474204432219267,16924.72332382202,0.0,27.0,0.0,1.0,0.1540476190476191,1.0161636173725128,1.006681403145194,0.03160736244171858
double_cbad_dqn,800,187,76.46474146991969,87.77858841814103,27.10513862222433,49.35960284769535,1.4739975482225418,15866.7333984375,0.0,25.0,0.0,1.0,0.1495238095238095,1.2931098118424416,1.2814020924270153,0.03902574290987104
double_cbad_dqn,800,188,106.69470176398754,88.16690330095591,35.12990179657936,71.56480016112327,1.670564679428935,19818.7261428833,0.0,30.0,0.0,2.0,0.14500000000000002,1.107937280088663,1.096677565947175,0.037532367394305766
double_cbad_dqn,800,189,79.5373904556036,86.9868024814129,29.58896031975746,49.948429986834526,1.5272072926163673,17279.818161010742,0.0,26.0,0.0,0.0,0.14047619047619053,1.148785874247551,1.1356515921652317,0.043780942214652896
double_cbad_dqn,800,190,91.01356300711632,86.46054051175715,31.136551201343536,59.87701192498207,1.5506968265399337,17973.887496948242,0.0,27.0,0.0,1.0,0.13595238095238105,1.3689251597970724,1.3569550644606352,0.03990038996562362
double_cbad_dqn,800,191,93.27912520021201,86.82493024311961,31.061238028109074,62.217886516451834,1.5760284224525094,18027.201412200928,0.0,29.0,0.0,2.0,0.13142857142857145,1.1185109242796898,1.1063284948468208,0.04060806112829596
double_cbad_dqn,800,192,84.15123544633389,87.31837672360241,30.948372952640057,53.20286279916763,1.5569560574367642,17559.681701660156,0.0,25.0,0.0,0.0,0.12690476190476196,1.2140062376856804,1.2025683112442493,0.03812644211575389
double_cbad_dqn,800,193,81.80182591378689,86.89359074614943,27.69819551706314,54.10363085865974,1.4839323377236724,15812.820568084717,0.0,25.0,0.0,2.0,0.12238095238095237,1.1182812917977571,1.108199454843998,0.03360609570518136
double_cbad_dqn,800,194,78.52360595911742,87.02956502266228,29.322330690920353,49.20127513408661,1.4577789604663849,16190.1132106781,0.0,22.0,0.0,1.0,0.11785714285714288,1.3356739357113838,1.3247952200472355,0.03626239323057234
double_cbad_dqn,800,195,81.63711407035589,86.74759225785732,30.70673454552889,50.930379539728165,1.5465127006173134,17781.825244903564,0.0,24.0,0.0,1.0,0.1133333333333334,1.1469491012394428,1.1348621118813753,0.04028998326975852
double_cbad_dqn,800,196,86.41814512014389,86.8018082959205,31.896510273218155,54.52163448929787,1.5686180954799056,18519.188270568848,0.0,24.0,0.0,1.0,0.1088095238095238,1.2723071686923504,1.2607859149575233,0.038404210354201496
double_cbad_dqn,800,197,77.55228755027056,86.36544950813057,28.20204757153988,49.35023973286152,1.4536009225994349,15917.452152252197,0.0,25.0,0.0,1.0,0.10428571428571431,1.2864749878644943,1.273964498192072,0.04170159203931689
double_cbad_dqn,800,198,84.81468911468983,86.42593457758429,28.645546108484268,56.169143214821815,1.5162245696410537,16473.67007446289,0.0,28.0,0.0,0.0,0.09976190476190483,1.129233853891492,1.1180113665759563,0.037408274598419666
double_cbad_dqn,800,199,105.34190122783184,87.7387899016589,31.65690017491579,73.68500012159348,1.6012694239616394,18070.621879577637,0.0,33.0,0.0,1.0,0.09523809523809534,1.3246184065937996,1.3129275497049093,0.038969488930888474
double_cbad_dqn,800,200,90.65804944932461,87.2342210211605,31.770012006163597,58.888037621974945,1.5958170043304563,18120.610664367676,0.0,25.0,0.0,1.0,0.09071428571428575,1.2565611246973276,1.2469161488115788,0.0321499373530969
double_cbad_dqn,800,201,76.52027287334204,86.98454211130738,26.764167986810207,49.75610464811325,1.4399404162541032,15506.534439086914,0.0,23.0,0.0,0.0,0.08619047619047626,1.0216688551008701,1.0106732714921236,0.03665196557994932
double_cbad_dqn,800,202,82.43228721618652,87.19586912840604,32.13393957912922,50.29834704101086,1.5865367772057652,18518.47827911377,0.0,24.0,0.0,0.0,0.08166666666666667,1.1389855425804853,1.1280562654137611,0.03643092617858201
double_cbad_dqn,800,203,74.86859272122383,86.42322411447763,30.054981514811516,44.8136114448309,1.4932416155934334,17088.630157470703,0.0,19.0,0.0,3.0,0.07714285714285718,1.2523557767271996,1.2415439635515213,0.03603941423352808
double_cbad_dqn,800,204,71.92349521219731,85.90786614775658,26.16642491519451,45.75707092285156,1.4234545063227415,14616.780019760132,0.0,22.0,0.0,1.0,0.0726190476190477,0.9920377787202597,0.9812497962266207,0.03595996322110295
double_cbad_dqn,800,205,83.68912883251906,84.68447417683902,29.143687076866627,54.5454419195652,1.5277602449059486,16848.989372253418,0.0,26.0,0.0,3.0,0.06809523809523821,0.8989164140075445,0.8872531000524759,0.03887770068831742
double_cbad_dqn,800,206,85.3814789146185,84.63518157593907,30.356014594435692,55.02546399235725,1.519057079218328,16876.173208236694,0.0,24.0,0.0,1.0,0.06357142857142861,1.4826805777847767,1.4701781421899796,0.041674792184494436
double_cbad_dqn,800,207,89.34123274832965,85.27900613985958,30.367701783776283,58.97353049516678,1.5238060727715492,17103.030200958252,0.0,27.0,0.0,1.0,0.059047619047619015,1.2481301203370094,1.2376329898834229,0.034990456770174205
double_cbad_dqn,800,208,66.19545647501945,83.25404387541116,25.98867055773735,40.20678597688675,1.4065363043919206,14834.27541732788,0.0,19.0,0.0,0.0,0.05452380952380953,1.2711867317557335,1.257901618257165,0.04428372159600258
double_cbad_dqn,800,209,73.9297249391675,82.97366059958935,27.530319921672344,46.39940528571606,1.435963817872107,15747.738079071045,0.0,22.0,0.0,1.0,0.050000000000000044,1.2147363517433405,1.2028799913823605,0.03952116915024817
double_cbad_dqn,800,210,73.95909823477268,82.12093736097218,27.341758497059345,46.61733902990818,1.4707342395558953,15549.030094146729,0.0,23.0,0.0,0.0,0.050000000000000044,1.164212703704834,1.1522368732839823,0.03991939045954496
double_cbad_dqn,800,211,94.11391570419073,82.16267688617111,33.43310672789812,60.68080912530422,1.5983189111575484,18589.78149986267,0.0,27.0,0.0,1.0,0.050000000000000044,1.221194725483656,1.2084993068128824,0.0423181134974584
double_cbad_dqn,800,212,82.9902640298009,82.10462831534446,28.153517708182335,54.83674640357494,1.4756598426029086,15866.21876335144,0.0,25.0,0.0,1.0,0.050000000000000044,1.2176382057368755,1.20611422508955,0.03841327806003392
double_cbad_dqn,800,213,83.53593355417252,82.19133369736373,28.553389340639114,54.98254422843456,1.499619503505528,16276.878341674805,0.0,25.0,0.0,0.0,0.050000000000000044,1.054467137902975,1.0426680631935596,0.039330273400992155
double_cbad_dqn,800,214,66.12678311914206,81.57149255536498,24.157380186021328,41.96940302252769,1.384496877901256,13736.008163452148,0.0,21.0,0.0,1.0,0.050000000000000044,0.8888252582401037,0.8789287358522415,0.03298839658964425
double_cbad_dqn,800,215,85.87194100022316,81.78323390185834,30.33834931254387,55.533591374754906,1.5397999938577414,17001.8444480896,0.0,27.0,0.0,1.0,0.050000000000000044,1.0868331380188465,1.074398847296834,0.041447613621130586
double_cbad_dqn,800,216,75.61779502928258,81.24321639731527,25.94438460469246,49.67341046929359,1.448605445213616,14894.72280883789,0.0,26.0,0.0,2.0,0.050000000000000044,1.2856201026588678,1.2739120125770569,0.039026936050504446
double_cbad_dqn,800,217,91.41046332716942,81.93612518616023,30.27376961708069,61.13669385910034,1.5500003956258297,17307.73327255249,0.0,28.0,0.0,2.0,0.050000000000000044,1.1248423047363758,1.1138523649424314,0.036633138079196215
double_cbad_dqn,800,218,75.64422919154167,81.4776021900028,27.929310359060764,47.7149185270071,1.4496288690716028,15707.477478027344,0.0,22.0,0.0,2.0,0.050000000000000044,1.2527983393520117,1.241245623677969,0.03850903525017202
double_cbad_dqn,800,219,83.1106258481741,80.36603842101992,29.647921591997147,53.46270425617695,1.5221250085160136,16822.902599334717,0.0,25.0,0.0,0.0,0.050000000000000044,1.0117265284061432,1.0005522966384888,0.037247419939376414
double_cbad_dqn,800,220,96.33964606821537,80.65011825196446,33.87168897688389,62.46795691251755,1.629580246284604,19443.76173400879,0.0,27.0,0.0,5.0,0.050000000000000044,1.0855087228119373,1.0750125329941511,0.034987311461009085
double_cbad_dqn,800,221,77.08383458256722,80.67829633742572,28.560909867286682,48.522924506664275,1.496555215679109,16448.44771194458,0.0,24.0,0.0,1.0,0.050000000000000044,1.230077289044857,1.2200596556067467,0.033392101526260376
double_cbad_dqn,800,222,91.57416724413633,81.13539033882321,31.700077086687088,59.8740903288126,1.5790344253182411,18117.95639038086,0.0,27.0,0.0,0.0,0.050000000000000044,1.1150448434054852,1.1027141623198986,0.04110222740564495
double_cbad_dqn,800,223,87.97904035449028,81.79091272048653,29.53867119550705,58.44036862254143,1.5312997438013554,16893.775831222534,0.0,27.0,0.0,0.0,0.050000000000000044,1.3856952898204327,1.3749268092215061,0.03589497599750757
double_cbad_dqn,800,224,78.01677891761065,82.09557690575721,27.177481427788734,50.839297303557395,1.4416781412437558,15078.372165679932,0.0,24.0,0.0,1.0,0.050000000000000044,0.9635640531778336,0.9514123629778624,0.040505629731342196
double_cbad_dqn,800,225,87.57509787380695,82.28987535782159,33.31181415915489,54.26328307390213,1.615413261577487,19048.186939239502,0.0,24.0,0.0,0.0,0.050000000000000044,1.1591114569455385,1.1486707124859095,0.03480251936707646
double_cbad_dqn,800,226,89.74383518248797,82.50799317121508,31.133959032595158,58.609876626729964,1.539080111309886,17417.49980545044,0.0,28.0,0.0,1.0,0.050000000000000044,1.3722721505910158,1.3603521082550287,0.03973344655241817
double_cbad_dqn,800,227,74.19999177753925,81.75093112267555,25.67071160674095,48.52928042411804,1.406628767028451,14351.725238800049,0.0,23.0,0.0,0.0,0.050000000000000044,1.2469379995018244,1.2365661337971687,0.03457295289263129
double_cbad_dqn,800,228,80.95765965729952,82.48904128178955,29.074177257716656,51.88348250389099,1.4989206781610847,16836.936710357666,0.0,25.0,0.0,3.0,0.050000000000000044,1.1700713448226452,1.1589525155723095,0.03706279175821692
double_cbad_dqn,800,229,83.98068186342717,82.99158912800253,30.211780175566673,53.768900972604754,1.526259788312018,16958.167976379395,0.0,24.0,0.0,3.0,0.050000000000000044,1.1831528581678867,1.1717589106410742,0.037979838089086115
double_cbad_dqn,800,230,81.29037454724312,83.35815294362605,29.187013506889343,52.103361412882805,1.5053166626021266,16209.522064208984,0.0,26.0,0.0,0.0,0.050000000000000044,1.2494459338486195,1.2371195517480373,0.041087908553890884
double_cbad_dqn,800,231,84.16265727579594,82.86059002220631,29.615839578211308,54.54681834578514,1.5113787949085236,17160.08650970459,0.0,25.0,0.0,1.0,0.050000000000000044,1.0770827438682318,1.0670245848596096,0.03352716600056738
double_cbad_dqn,800,232,65.82645986527204,82.00239981397986,26.407988667488098,39.41847099661827,1.4032572247087955,14990.17442703247,0.0,18.0,0.0,2.0,0.050000000000000044,1.2415082938969135,1.2307047620415688,0.0360117704840377
double_cbad_dqn,800,233,88.56152910888196,82.25367959171534,30.37829602509737,58.18323294222355,1.5412764819338918,16961.40350341797,0.0,26.0,0.0,2.0,0.050000000000000044,1.154598031193018,1.14319290779531,0.03801711869891733
double_cbad_dqn,800,234,98.1586117759347,83.85527102455498,33.504167169332504,64.65444444268942,1.6330184387043118,18889.310173034668,0.0,29.0,0.0,1.0,0.050000000000000044,1.4578371308743954,1.4462226759642363,0.038714798050932586
double_cbad_dqn,800,235,90.30448202192784,84.07689807564022,30.77495674788952,59.52952576577663,1.5283179124817252,17452.446548461914,0.0,27.0,0.0,1.0,0.050000000000000044,1.3746228590607643,1.362929556518793,0.03897767944727093
double_cbad_dqn,800,236,79.20908353626729,84.25646250098946,27.689713075757027,51.5193705201149,1.430642243474722,15332.357410430908,0.0,23.0,0.0,1.0,0.050000000000000044,1.2698117177933455,1.2577259801328182,0.04028584389016032
double_cbad_dqn,800,237,76.7000657916069,83.52094262421133,28.698343358933926,48.00172244012356,1.4769181106239557,16296.513431549072,0.0,23.0,0.0,0.0,0.050000000000000044,1.4092938676476479,1.397698100656271,0.03865263634361327
double_cbad_dqn,800,238,90.20771957933903,84.24911714360118,32.55482782423496,57.652892112731934,1.5990485111251473,18639.030612945557,0.0,25.0,0.0,1.0,0.050000000000000044,1.2533815205097198,1.2414313554763794,0.039833903312683105
double_cbad_dqn,800,239,78.43194980323315,84.01518334135415,27.917846024036407,50.51410394310951,1.4724474614486098,15869.831327438354,0.0,25.0,0.0,1.0,0.050000000000000044,1.3762852605432272,1.3638091143220663,0.04158710571937263
double_cbad_dqn,800,240,63.74957928359508,82.38568000212311,25.524253398180008,38.22532554268837,1.4117530239745975,14612.206604003906,0.0,19.0,0.0,2.0,0.050000000000000044,1.238126203417778,1.2268366403877735,0.03763193974737078
double_cbad_dqn,800,241,73.76127970218658,82.21955225810409,25.756500378251076,48.00477893650532,1.3911252217367291,14398.608076095581,0.0,23.0,0.0,0.0,0.050000000000000044,1.3777920845896006,1.3682532664388418,0.03179610369261354
double_cbad_dqn,800,242,69.4238743931055,81.11203761555255,26.813646882772446,42.61022797226906,1.45371413230896,15329.005355834961,0.0,22.0,0.0,1.0,0.050000000000000044,1.2184697967022657,1.2070299312472343,0.03813289513345808
double_cbad_dqn,800,243,85.41381509006024,80.98377635233103,31.46202638745308,53.95178877711296,1.5513559561222792,17580.300930023193,0.0,24.0,0.0,3.0,0.050000000000000044,1.1968273241072893,1.185312233865261,0.03838367434218526
double_cbad_dqn,800,244,78.57189840823412,81.01153232686222,28.169785521924496,50.40211293101311,1.5094172963872552,16342.67590713501,0.0,23.0,0.0,0.0,0.050000000000000044,1.2416598163545132,1.2300608791410923,0.03866312431637198
double_cbad_dqn,800,245,87.1772520929575,80.99164003781975,30.385788902640343,56.79146301150322,1.496622759848833,16913.873371124268,0.0,25.0,0.0,1.0,0.050000000000000044,1.362373223528266,1.3502487502992153,0.040414940332993865
double_cbad_dqn,800,246,91.2801025211811,81.06845340475441,32.45969659090042,58.82040536403656,1.5900167236104608,18399.084812164307,0.0,26.0,0.0,1.0,0.050000000000000044,1.10326087474823,1.091472739353776,0.039293780690059066
double_cbad_dqn,800,247,87.73953864723444,81.74543074823916,30.992052018642426,56.74748593568802,1.5615657195448875,17600.50687789917,0.0,24.0,0.0,0.0,0.050000000000000044,1.2166491877287626,1.2042153999209404,0.041445973329246044
double_cbad_dqn,800,248,79.79487579315901,81.68729155503215,30.195887215435505,49.59898820519447,1.5173574797809124,17494.012992858887,0.0,24.0,0.0,0.0,0.050000000000000044,1.3098657187074423,1.298890583217144,0.0365837657591328
double_cbad_dqn,800,249,78.95458937436342,81.43598693057895,28.641227774322033,50.31336119771004,1.5197289669886231,16863.711952209473,0.0,23.0,0.0,1.0,0.050000000000000044,1.2314424626529217,1.2199255749583244,0.03838958987034857
double_cbad_dqn,800,250,85.95204125344753,81.66907026588918,32.18435092270374,53.76769000291824,1.542618633247912,18126.45697402954,0.0,25.0,0.0,0.0,0.050000000000000044,1.2403297200798988,1.2282953020185232,0.040114711271598935
double_cbad_dqn,800,251,71.92818159610033,81.05734648190439,28.2175337895751,43.71064817905426,1.4838460916653275,16438.739143371582,0.0,22.0,0.0,0.0,0.050000000000000044,1.152649400755763,1.1407939232885838,0.039518250967375934
double_cbad_dqn,800,252,86.41653028130531,82.08685000270604,30.39361247420311,56.02291777729988,1.5278248330578208,17252.209350585938,0.0,25.0,0.0,0.0,0.050000000000000044,1.3902901392430067,1.3784250542521477,0.03955026948824525
double_cbad_dqn,800,253,83.85860700905323,81.85170389771461,30.09744407236576,53.76116316020489,1.5281188432127237,17065.274658203125,0.0,26.0,0.0,1.0,0.050000000000000044,1.445255346596241,1.4349085949361324,0.034489196725189686
double_cbad_dqn,800,254,72.10940643399954,80.54924363061787,28.066162131726742,44.04324409365654,1.4696892127394676,15743.009136199951,0.0,23.0,0.0,1.0,0.050000000000000044,1.2729119453579187,1.2607926316559315,0.04039774020202458
double_cbad_dqn,800,255,89.22855058312416,80.49544705867768,29.85142859071493,59.37712204456329,1.5219509657472372,17354.63752555847,0.0,27.0,0.0,1.0,0.050000000000000044,1.5298646669834852,1.5182056725025177,0.038863304536789656
double_cbad_dqn,800,256,71.73839692175389,80.12191272795201,26.830920912325382,44.907475823163985,1.409225383773446,15031.577613830566,0.0,22.0,0.0,1.0,0.050000000000000044,1.1935246475040913,1.1831214912235737,0.03467721585184336
double_cbad_dqn,800,257,73.63408929258586,79.96861390300096,28.53848011791706,45.0956088244915,1.4842579709365964,15971.318016052246,0.0,22.0,0.0,1.0,0.050000000000000044,1.3589151967316866,1.3476369455456734,0.037594172172248363
double_cbad_dqn,800,258,96.2711867928505,80.27178726367654,31.986235857009888,64.284951248765,1.5710067683830857,18128.36880493164,0.0,30.0,0.0,1.0,0.050000000000000044,1.2611854132264853,1.2498037833720446,0.037938737543299794
double_cbad_dqn,800,259,103.55103677809238,81.52774161241949,33.736182540655136,69.81485460996628,1.6061455346643925,19160.970504760742,0.0,30.0,0.0,2.0,0.050000000000000044,1.4885314032435417,1.4746301975101233,0.04633739753626287
double_cbad_dqn,800,260,66.89812757223845,81.68516902685165,26.256492741405964,40.64163447320461,1.4088636431843042,14487.344276428223,0.0,21.0,0.0,1.0,0.050000000000000044,0.9763700757175684,0.9630470518022776,0.044410059694200754
double_cbad_dqn,800,261,93.96694814562798,82.69545244902373,30.982881546020508,62.984066092967986,1.5553499478846788,17789.328380584717,0.0,27.0,0.0,3.0,0.050000000000000044,0.9827614333480597,0.9694072883576155,0.044513838831335306
double_cbad_dqn,800,262,98.87187523543835,84.16785249114038,32.77860677987337,66.09326850771905,1.5935277016833425,18460.16845703125,0.0,29.0,0.0,2.0,0.050000000000000044,1.2274452075362206,1.2159067783504725,0.03846141940448433
double_cbad_dqn,800,263,58.15297917276621,82.80481069527568,25.92005405575037,32.23292501270771,1.3970071580260992,14866.065097808838,0.0,18.0,0.0,1.0,0.050000000000000044,1.502340104430914,1.490456786006689,0.039611054584383965
double_cbad_dqn,800,264,89.74942507743836,83.36368702873588,31.842112220823765,57.907312804460524,1.5725414287298918,18424.677734375,0.0,26.0,0.0,1.0,0.050000000000000044,1.5105510279536247,1.4983180556446314,0.04077656869776547
double_cbad_dqn,800,265,67.28461961746216,82.36905540496112,24.581437297165394,42.703182879090306,1.3956216694787145,13991.142112731934,0.0,22.0,0.0,3.0,0.050000000000000044,1.4778052680194378,1.4659142550081015,0.03963672777172178
double_cbad_dqn,800,266,84.92575209736825,82.05133788377047,29.74016945064068,55.18558240830898,1.5205393116921186,16969.21262359619,0.0,24.0,0.0,1.0,0.050000000000000044,1.3815389089286327,1.3688212633132935,0.04239217168651521
double_cbad_dqn,800,267,87.19939473569393,82.02433068819344,29.49142561852932,57.70796872973442,1.521260866895318,16789.658630371094,0.0,26.0,0.0,3.0,0.050000000000000044,1.1306580863893032,1.1200022269040346,0.03551954205613583
double_cbad_dqn,800,268,85.89438092708588,82.32930594488978,31.33268140256405,54.56169955432415,1.591011413373053,17749.80551147461,0.0,25.0,0.0,0.0,0.050000000000000044,1.2294968217611313,1.2182737048715353,0.037410389515571296
double_cbad_dqn,800,269,95.08634422272443,83.13589368730784,31.386588372290134,63.699755790829656,1.559046057984233,17615.091396331787,0.0,29.0,0.0,2.0,0.050000000000000044,1.5326791256666183,1.5219538174569607,0.03575105138588697
double_cbad_dqn,800,270,81.11991880834103,82.89428756505251,28.699567764997482,52.420350939035416,1.4828393198549747,16279.809204101562,0.0,25.0,0.0,0.0,0.050000000000000044,1.252299778163433,1.2401896305382252,0.040367170819081366
double_cbad_dqn,800,271,63.44209022819996,82.46998299665748,25.026843324303627,38.41524702310562,1.3904298795387149,14543.014972686768,0.0,18.0,0.0,0.0,0.050000000000000044,1.4736373871564865,1.461822584271431,0.039382706047035754
double_cbad_dqn,800,272,82.6311043381691,82.28071169950067,29.736362725496292,52.89474191069603,1.51139066927135,17051.81428527832,0.0,24.0,0.0,3.0,0.050000000000000044,1.241579044610262,1.2301890291273594,0.03796674183104187
double_cbad_dqn,800,273,91.23945015817881,82.64975385695696,32.3001869097352,58.939263159036635,1.5533676519989967,18417.540672302246,0.0,26.0,0.0,2.0,0.050000000000000044,1.634487807750702,1.622304156422615,0.04061215207912028
double_cbad_dqn,800,274,96.90436724722386,83.88950189761819,32.90735287964344,63.997013518214224,1.6285651754587889,18890.855083465576,0.0,28.0,0.0,1.0,0.050000000000000044,1.4275790601968765,1.413824014365673,0.045850143884308636
double_cbad_dqn,800,275,75.89524734765291,83.22283673584462,27.39874690026045,48.49650037288666,1.4646534379571676,16188.56799697876,0.0,22.0,0.0,2.0,0.050000000000000044,1.0452900733798742,1.0336489919573069,0.03880359267350286
double_cbad_dqn,800,276,93.81006324291229,84.32642005190255,31.53107950091362,62.27898405492306,1.542373294942081,17861.82493209839,0.0,29.0,0.0,0.0,0.050000000000000044,1.5831686314195395,1.5711351670324802,0.040111497743055224
double_cbad_dqn,800,277,81.13269664347172,84.70135041944683,29.48857007175684,51.6441268324852,1.5036280816420913,16784.948459625244,0.0,23.0,0.0,1.0,0.050000000000000044,1.5249700658023357,1.5134852025657892,0.03828293737024069
double_cbad_dqn,800,278,82.95407761782408,84.03549496069552,27.09963322430849,55.854444617033,1.4534411495551467,15392.977460861206,0.0,27.0,0.0,1.0,0.050000000000000044,1.4473888464272022,1.4349599182605743,0.041429714765399694
double_cbad_dqn,800,279,86.77821689844131,83.19685396671295,30.014991581439972,56.763225346803665,1.517093655653298,16979.71064376831,0.0,26.0,0.0,0.0,0.050000000000000044,1.5021630190312862,1.4897118974477053,0.0415036859922111
double_cbad_dqn,800,280,85.37556425631047,84.12072580091656,31.79310977458954,53.582454243302344,1.5681569268926978,18445.3358001709,0.0,25.0,0.0,1.0,0.050000000000000044,1.1660776641219854,1.1537109725177288,0.04122230235952884
double_cbad_dqn,800,281,73.99280914962291,83.12201885111631,26.694815754890442,47.29799311161041,1.436288501136005,15449.803386688232,0.0,23.0,0.0,2.0,0.050000000000000044,1.3041767440736294,1.2930001895874739,0.037255182629451156
double_cbad_dqn,800,282,78.22219230979681,82.08953470483422,27.545241229236126,50.67695069313049,1.4765828913077712,15932.235290527344,0.0,24.0,0.0,1.0,0.050000000000000044,1.5698355045169592,1.5584670193493366,0.03789498354308307
double_cbad_dqn,800,283,72.29863837361336,82.79681766487658,27.308040767908096,44.99059744179249,1.4527869783341885,15401.516403198242,0.0,23.0,0.0,1.0,0.050000000000000044,1.1347810551524162,1.1241833828389645,0.035325551172718406
double_cbad_dqn,800,284,88.09190865755082,82.71394184388221,30.116677954792976,57.97523080706596,1.5232615564018488,17036.89384651184,0.0,27.0,0.0,1.0,0.050000000000000044,1.2283220272511244,1.2169945687055588,0.037758200778625906
double_cbad_dqn,800,285,91.65211541205645,83.93231663361192,31.25673472136259,60.39538024365902,1.5741525907069445,17881.07116317749,0.0,28.0,0.0,0.0,0.050000000000000044,1.2627520635724068,1.2512996327131987,0.03817475726827979
double_cbad_dqn,800,286,87.0269629985094,84.03737717866898,32.62142814695835,54.40553508996963,1.5631258990615606,18128.29387664795,0.0,26.0,0.0,2.0,0.050000000000000044,1.4111459907144308,1.4002898316830397,0.036187162855640054
double_cbad_dqn,800,287,92.07361124455929,84.28108800411225,30.38548369705677,61.688127249479294,1.5267163943499327,16980.15184402466,0.0,28.0,0.0,0.0,0.050000000000000044,1.3912179004400969,1.3780866526067257,0.04377084434963763
double_cbad_dqn,800,288,81.2635087683797,84.04954439617694,28.720501497387886,52.54300698041916,1.5128826284781098,16806.555114746094,0.0,25.0,0.0,1.0,0.050000000000000044,1.3944090977311134,1.382705770432949,0.03901110263541341
double_cbad_dqn,800,289,78.50803628861904,83.22062899947166,29.648599728941917,48.85943703651428,1.4864495294168591,16423.116539001465,0.0,23.0,0.0,2.0,0.050000000000000044,1.265369864180684,1.254791259765625,0.03526198701001704
double_cbad_dqn,800,290,95.41922880709171,83.93559449940919,30.475313626229763,64.9439148902893,1.5428979266434908,17642.92257499695,0.0,28.0,0.0,1.0,0.050000000000000044,1.528367916122079,1.5156605057418346,0.04235805058851838
double_cbad_dqn,800,291,103.204279884696,85.923703982234,33.54347804188728,69.66080141067505,1.5907174423336983,18730.476905822754,0.0,30.0,0.0,1.0,0.050000000000000044,1.1782172340899706,1.1647111307829618,0.04502036515623331
double_cbad_dqn,800,292,65.57102931439877,85.07070023104549,25.507237568497658,40.06379241645336,1.3867360185831785,14022.503185272217,0.0,22.0,0.0,1.0,0.050000000000000044,1.5026534236967564,1.4903834462165833,0.04089994670357555
double_cbad_dqn,800,293,86.96160897612572,84.85680817194283,30.210777267813683,56.75083105266094,1.541867115534842,17402.01298904419,0.0,26.0,0.0,0.0,0.050000000000000044,1.3426047414541245,1.3322896491736174,0.034383675432763994
double_cbad_dqn,800,294,95.79738965034485,84.80145929209888,30.371339306235313,65.42604997158051,1.5605396497994661,17252.53380203247,0.0,31.0,0.0,1.0,0.050000000000000044,1.4583845753222704,1.4477369040250778,0.03549218038097024
double_cbad_dqn,800,295,81.40972539782524,85.0771831946075,29.59762267023325,51.81210295855999,1.528082249686122,17030.729778289795,0.0,25.0,0.0,0.0,0.050000000000000044,1.5820693131536245,1.5685858819633722,0.04494476760737598
double_cbad_dqn,800,296,66.59749037325382,83.71655455112457,25.989719286561012,40.60777058005333,1.4031876921653748,14734.845581054688,0.0,20.0,0.0,2.0,0.050000000000000044,1.4732956271618605,1.4605522099882364,0.042478103772737086
double_cbad_dqn,800,297,82.92142726927996,83.80599108241498,29.529475823044777,53.39195188581944,1.511861676350236,16711.880737304688,0.0,24.0,0.0,4.0,0.050000000000000044,1.5262409150600433,1.5156813748180866,0.03519848466385156
double_cbad_dqn,800,298,77.86109316647052,83.55134185984731,28.404655002057552,49.45643888711929,1.4829501751810312,16348.872135162354,0.0,22.0,0.0,2.0,0.050000000000000044,1.628335166722536,1.617303503677249,0.03677219001110643
double_cbad_dqn,800,299,73.05025262534619,82.86494364619256,27.624449148774147,45.42580378949642,1.4476754739880562,15679.934734344482,0.0,23.0,0.0,1.0,0.050000000000000044,1.316587807610631,1.3052489385008812,0.037796208867803216
double_cbad_dqn,800,300,82.20528803020716,82.7064298348874,29.544580161571503,52.66070830821991,1.5429760133847594,17066.807304382324,0.0,25.0,0.0,0.0,0.050000000000000044,1.4086736608296633,1.396831562742591,0.0394736846210435
double_cbad_dqn,800,301,99.85786705613137,83.99968273021281,33.40840808302164,66.44945924878121,1.5884854374453425,18716.892700195312,0.0,30.0,0.0,2.0,0.050000000000000044,1.4147801958024502,1.402925867587328,0.03951443429104984
double_cbad_dqn,800,302,80.20197036862373,84.09867163315417,27.72565647959709,52.4763139039278,1.4712773635983467,16279.824295043945,0.0,26.0,0.0,0.0,0.050000000000000044,1.3290526624768972,1.317734006792307,0.0377288208110258
double_cbad_dqn,800,303,84.42726696431637,84.70510306268932,29.045426160097122,55.381841042637824,1.4703054539859295,16154.345788955688,0.0,26.0,0.0,2.0,0.050000000000000044,1.5850095376372337,1.5742150731384754,0.03598153975326568
double_cbad_dqn,800,304,71.76908776164055,83.8889620178938,28.173172175884247,43.59591595828533,1.4729301482439041,16137.305526733398,0.0,22.0,0.0,0.0,0.050000000000000044,1.5262790229171515,1.515181366354227,0.03699218202382326
double_cbad_dqn,800,305,73.63668777793646,82.9881906361878,27.496289923787117,46.14039792120457,1.4514503544196486,15688.357852935791,0.0,23.0,0.0,0.0,0.050000000000000044,1.256835823878646,1.2449968922883272,0.039463058579713106
double_cbad_dqn,800,306,92.70451013743877,83.27206799313426,31.015886910259724,61.6886231303215,1.5794545421376824,18226.941371917725,0.0,26.0,0.0,0.0,0.050000000000000044,1.1494177393615246,1.138589896261692,0.03609274234622717
double_cbad_dqn,800,307,75.62938357144594,82.44985660947859,27.870138980448246,47.75924503803253,1.4574846075847745,15642.709943771362,0.0,23.0,0.0,0.0,0.050000000000000044,1.0594495739787817,1.0477400477975607,0.039031749591231346
double_cbad_dqn,800,308,93.35669576525689,83.05451595932246,31.36029078066349,61.99640508890152,1.5603269496932626,17775.843101501465,0.0,28.0,0.0,1.0,0.050000000000000044,1.2448495086282492,1.2326959911733866,0.04051170602906495
double_cbad_dqn,800,309,91.87385007739067,83.72280664876104,29.726062029600143,62.14778779447079,1.4960374291986227,16791.770713806152,0.0,29.0,0.0,0.0,0.050000000000000044,1.5441056713461876,1.5322545617818832,0.03950364782940596
double_cbad_dqn,800,310,74.83930960446597,82.69381068862977,27.76576105505228,47.073548355698584,1.4573731366544962,15903.045738220215,0.0,23.0,0.0,2.0,0.050000000000000044,1.787995282560587,1.7766390591859818,0.03785413596779108
double_cbad_dqn,800,311,72.69468996077777,81.16833119243385,27.064587362110615,45.63010264337063,1.4382618311792612,15557.539768218994,0.0,22.0,0.0,2.0,0.050000000000000044,1.4788524955511093,1.4673631135374308,0.03829797019716352
double_cbad_dqn,800,312,88.83681006729603,82.3316202300787,30.867132402956486,57.96967855095863,1.5476170163601637,17586.96479034424,0.0,27.0,0.0,1.0,0.050000000000000044,1.3605523202568293,1.349397823214531,0.037181648425757885
double_cbad_dqn,800,313,84.1306650787592,82.19007303521037,30.804830387234688,53.32583460211754,1.513295205309987,16971.980171203613,0.0,26.0,0.0,0.0,0.050000000000000044,1.637253975495696,1.6251487620174885,0.04035068245138973
double_cbad_dqn,800,314,78.36780051141977,81.31859357826413,27.570046208798885,50.797754257917404,1.4545809514820576,15822.519313812256,0.0,25.0,0.0,1.0,0.050000000000000044,1.4064864534884691,1.396089294925332,0.034657157957553864
double_cbad_dqn,800,315,92.93360544145108,81.89478758044541,31.94994031637907,60.98366440236568,1.5700584575533867,17900.3650932312,0.0,26.0,0.0,2.0,0.050000000000000044,1.2647914160043001,1.251735182479024,0.04352080402895808
double_cbad_dqn,800,316,91.05798790603876,83.11781245708467,32.184535436332226,58.87345293164253,1.5953040262684226,18611.14716720581,0.0,26.0,0.0,1.0,0.050000000000000044,1.4018672294914722,1.3914215452969074,0.03481904661748558
double_cbad_dqn,800,317,73.47843381166459,82.64566278420389,27.120171405375004,46.35826178789139,1.4452823363244534,15445.618835449219,0.0,22.0,0.0,2.0,0.050000000000000044,1.5094049461185932,1.497467154636979,0.03979259275365621
double_cbad_dqn,800,318,85.2384176209569,83.01452900692821,32.4567633792758,52.78165462911129,1.5723479622974992,18718.767391204834,0.0,22.0,0.0,2.0,0.050000000000000044,1.607561118900776,1.594402963295579,0.04386053793132305
double_cbad_dqn,800,319,81.81131905317307,83.45258232831955,28.382165633141994,53.429153472185135,1.4573376411572099,15646.239469528198,0.0,25.0,0.0,0.0,0.050000000000000044,1.2551371157169342,1.243264153599739,0.03957654058467597
double_cbad_dqn,800,320,79.44454027116299,83.31454494036736,28.38542189449072,51.05911801159382,1.5065525081008673,16324.418048858643,0.0,24.0,0.0,3.0,0.050000000000000044,1.404738487675786,1.391693213954568,0.043484227964654565
double_cbad_dqn,800,321,85.92521355301142,82.61791226521134,30.73243088275194,55.192782282829285,1.5442419946193695,17370.903301239014,0.0,26.0,0.0,0.0,0.050000000000000044,1.1743314191699028,1.1630378123372793,0.037645313306711614
double_cbad_dqn,800,322,79.14982663094997,82.56530507832767,29.999725565314293,49.15010145306587,1.5382576389238238,16949.633125305176,0.0,24.0,0.0,1.0,0.050000000000000044,1.2970803081989288,1.285110168159008,0.03990044863894582
double_cbad_dqn,800,323,81.9043849259615,82.43916097640992,27.904860474169254,53.99952480196953,1.4650799334049225,15874.891241073608,0.0,24.0,0.0,0.0,0.050000000000000044,1.2319078780710697,1.2202183194458485,0.03896517073735595
double_cbad_dqn,800,324,88.73805970847607,83.2876095737517,31.32527819275856,57.41278173923492,1.552111802622676,17655.189765930176,0.0,25.0,0.0,1.0,0.050000000000000044,1.616039913147688,1.6034122202545404,0.0420922941993922
double_cbad_dqn,800,325,82.68991312384605,83.74027084104718,29.114492803812027,53.57542058825493,1.5149498144164681,16665.07709503174,0.0,26.0,0.0,0.0,0.050000000000000044,1.2820191197097301,1.2702847383916378,0.03911461611278355
double_cbad_dqn,800,326,81.09975491464138,83.16003307990731,27.665258213877678,53.43449693918228,1.476699449121952,15593.134922027588,0.0,26.0,0.0,0.0,0.050000000000000044,1.5207631513476372,1.509146049618721,0.038723697303794324
double_cbad_dqn,800,327,89.78246453404427,83.86768712803722,29.992951661348343,59.78951293230057,1.509101358242333,17337.71837234497,0.0,25.0,0.0,1.0,0.050000000000000044,1.551305366680026,1.5387401953339577,0.04188395547680557
double_cbad_dqn,800,328,98.40231585502625,84.11996813252568,32.54377061128616,65.85854485630989,1.5951425665989518,18884.54539489746,0.0,29.0,0.0,0.0,0.050000000000000044,1.4352229610085487,1.42407869361341,0.03714756318368018
double_cbad_dqn,800,329,82.28903781175613,83.64072751924395,29.19263283908367,53.09640510678291,1.5096518965438008,16827.339294433594,0.0,24.0,0.0,2.0,0.050000000000000044,1.3548232354223728,1.3423775658011436,0.04148558166343719
double_cbad_dqn,800,330,93.20052380859852,84.55878822945058,32.18422172963619,61.01630252599716,1.571196310222149,18293.315830230713,0.0,27.0,0.0,2.0,0.050000000000000044,1.4066595789045095,1.3940754737704992,0.0419470714405179
double_cbad_dqn,800,331,85.46813881397247,85.19746067211032,30.325615882873535,55.142523407936096,1.5697233863174915,17986.16420173645,0.0,26.0,0.0,0.0,0.050000000000000044,1.5827619433403015,1.571490827947855,0.03757046116515994
double_cbad_dqn,800,332,69.95500456690789,84.25337039709092,26.73979412764311,43.2152102380991,1.4374879952520132,15329.520538330078,0.0,22.0,0.0,1.0,0.050000000000000044,1.4918046966195107,1.4803482815623283,0.0381880245404318
double_cbad_dqn,800,333,81.90238256752491,84.14195627152921,29.43240135908127,52.4699809551239,1.515269205905497,16836.94603729248,0.0,25.0,0.0,2.0,0.050000000000000044,1.7397697195410728,1.7272430062294006,0.04175573471002281
double_cbad_dqn,800,334,81.89731892943382,84.31843219242991,29.31417578458786,52.58314336836338,1.5131097910925746,16624.720375061035,0.0,23.0,0.0,1.0,0.050000000000000044,1.5333120543509722,1.5208299364894629,0.04160704114474356
double_cbad_dqn,800,335,79.44044187813998,83.64377401426437,29.25201567262411,50.188426384329794,1.5065628606826067,16343.666915893555,0.0,25.0,0.0,1.0,0.050000000000000044,1.4393840245902538,1.4269368015229702,0.04149082605727017
double_cbad_dqn,800,336,85.79819293320179,83.38078426562251,29.688637018203735,56.10955561697483,1.4974568346515298,16548.943698883057,0.0,25.0,0.0,0.0,0.050000000000000044,1.7302435468882322,1.7179338317364454,0.04103240789845586
double_cbad_dqn,800,337,76.99695044755936,83.55671009741724,28.04652762413025,48.95042276382446,1.4675427814945579,15778.58275604248,0.0,23.0,0.0,1.0,0.050000000000000044,1.4468447398394346,1.4346580542623997,0.0406222369056195
double_cbad_dqn,800,338,72.30997495502234,82.91028796412051,26.45285103470087,45.857123950123786,1.4473029058426619,15596.117082595825,0.0,22.0,0.0,1.0,0.050000000000000044,1.3873602710664272,1.3755520563572645,0.03936075372621417
double_cbad_dqn,800,339,77.75491896271706,82.70746795959772,28.998066499829292,48.75685292482376,1.4908729121088982,16394.45754623413,0.0,23.0,0.0,1.0,0.050000000000000044,1.595349134877324,1.5839996226131916,0.03783170785754919
double_cbad_dqn,800,340,67.31554266065359,82.10101807907225,26.946592576801777,40.36894989013672,1.4062592526897788,14799.489681243896,0.0,19.0,0.0,0.0,0.050000000000000044,1.4955737106502056,1.4843631498515606,0.03736852540168911
double_cbad_dqn,800,341,88.96100617349148,82.25280771009625,32.960677459836006,56.0003288179636,1.5796674648299813,18598.601448059082,0.0,24.0,0.0,1.0,0.050000000000000044,1.3374949339777231,1.3261584006249905,0.03778839961159974
double_cbad_dqn,800,342,100.50685146450996,83.32065895177425,35.31971779465675,65.18713349103928,1.6286566462367773,19982.61392211914,0.0,29.0,0.0,2.0,0.050000000000000044,1.5478142350912094,1.5357958599925041,0.04006126325111836
double_cbad_dqn,800,343,72.41240265965462,82.8460598384589,27.170726984739304,45.24167574942112,1.4285873156040907,15202.076972961426,0.0,22.0,0.0,0.0,0.050000000000000044,1.4744780454784632,1.4618147164583206,0.042211135383695364
double_cbad_dqn,800,344,74.08790665268899,82.11355218566955,27.527751743793488,46.56015465557575,1.4693353800103068,15784.250667572021,0.0,23.0,0.0,2.0,0.050000000000000044,1.9852690175175667,1.9742401503026485,0.036762902163900435
double_cbad_dqn,800,345,75.28014788031578,81.74306392349304,27.907455042004585,47.37269288301468,1.4716711733490229,16121.467845916748,0.0,23.0,0.0,2.0,0.050000000000000044,1.4791000690311193,1.4674394018948078,0.03886880783829838
double_cbad_dqn,800,346,85.56861540079117,81.96650694780053,29.129187032580376,56.43942856192589,1.4874504851177335,16366.225231170654,0.0,27.0,0.0,1.0,0.050000000000000044,1.4228352010250092,1.4114651810377836,0.037900030496530235
double_cbad_dqn,800,347,70.67903919517994,81.01133568085731,27.587232746183872,43.09180694818497,1.4288831213489175,15709.61848449707,0.0,21.0,0.0,0.0,0.050000000000000044,1.5355589054524899,1.524324955418706,0.03744647768326104
double_cbad_dqn,800,348,83.22050049901009,80.2522449130565,30.316118113696575,52.90438222885132,1.538832283578813,17686.922943115234,0.0,26.0,0.0,1.0,0.050000000000000044,1.528972614556551,1.5190955735743046,0.03292341448832303
double_cbad_dqn,800,349,66.04363476485014,79.4399747607112,26.807681120932102,39.23595321178436,1.4149974156171083,15117.653182983398,0.0,20.0,0.0,0.0,0.050000000000000044,1.6690054573118687,1.658770140260458,0.034117696806788445
double_cbad_dqn,800,350,78.53291292637587,78.70659421660007,29.70968772470951,48.82322453856468,1.5326459091156721,17168.22571182251,0.0,23.0,0.0,2.0,0.050000000000000044,1.6176005192101002,1.6052618809044361,0.04112885461654514
double_cbad_dqn,800,351,91.76455471217632,79.02141501151026,30.407891057431698,61.35666333436966,1.5125173460692167,16800.1241607666,0.0,28.0,0.0,2.0,0.050000000000000044,1.4005398992449045,1.3889354672282934,0.038681407226249576
double_cbad_dqn,800,352,102.188511967659,80.63309038154782,33.87928343564272,68.30922845005989,1.5891714943572879,19176.425441741943,0.0,30.0,0.0,1.0,0.050000000000000044,1.704705098643899,1.692970834672451,0.03911419783253223
double_cbad_dqn,800,353,70.82919544130564,80.07943102523686,29.777717530727386,41.05147757530212,1.50627407617867,16713.071216583252,0.0,19.0,0.0,1.0,0.050000000000000044,1.1908569782972336,1.1802331171929836,0.03541289747226983
double_cbad_dqn,800,354,93.78040368855,80.67358526319266,31.413848772644997,62.36655509471893,1.5789493722841144,18195.139823913574,0.0,27.0,0.0,0.0,0.050000000000000044,1.7357742637395859,1.7249506190419197,0.036078778794035316
double_cbad_dqn,800,355,91.14103871583939,81.25861510507764,32.733087077736855,58.407951176166534,1.5948205161839724,18747.791961669922,0.0,27.0,0.0,1.0,0.050000000000000044,1.0377038568258286,1.026302171871066,0.03800562198739499
double_cbad_dqn,800,356,72.13977319896222,80.57569411836565,26.97330179810524,45.16647202670574,1.4364523831754923,15461.246379852295,0.0,21.0,0.0,1.0,0.050000000000000044,1.165099946781993,1.1515223700553179,0.04525855369865894
double_cbad_dqn,800,357,77.29877819120884,80.59078550554813,27.82884944230318,49.469928815960884,1.4569043600931764,15531.898876190186,0.0,24.0,0.0,0.0,0.050000000000000044,1.5484363194555044,1.5368524100631475,0.038612984819337726
double_cbad_dqn,800,358,82.0013192370534,81.07535271964967,30.397996105253696,51.60332341492176,1.5078220004215837,17122.364902496338,0.0,24.0,0.0,0.0,0.050000000000000044,1.2001408953219652,1.1882162317633629,0.0397488473681733
double_cbad_dqn,800,359,74.89323093891144,80.9322683184594,28.309079572558403,46.58415167927742,1.4135214164853096,15391.918590545654,0.0,23.0,0.0,1.0,0.050000000000000044,1.9521823953837156,1.933993237093091,0.06063054199330509
double_cbad_dqn,800,360,85.30563315153123,81.83177284300328,29.24789384007454,56.057738760113715,1.5094597609713674,16749.13311767578,0.0,25.0,0.0,2.0,0.050000000000000044,1.5107653625309467,1.4985439851880074,0.040737853734754026
double_cbad_dqn,800,361,84.62349562346935,81.61489731550218,29.98333378881216,54.64016133546829,1.5069346809759736,16907.8025932312,0.0,24.0,0.0,2.0,0.050000000000000044,1.3138949871063232,1.3018656447529793,0.04009778192266822
double_cbad_dqn,800,362,93.79310674369336,81.27921007946135,32.01746065169573,61.77564584612846,1.5910306731238961,18558.22170639038,0.0,28.0,0.0,3.0,0.050000000000000044,1.3807224575430155,1.3691407050937414,0.03860579722095281
double_cbad_dqn,800,363,77.18845799714327,81.51801284633578,29.335914604365826,47.852543318271636,1.492806606926024,16593.45726776123,0.0,24.0,0.0,1.0,0.050000000000000044,1.6269372794777155,1.6149537898600101,0.03994498320389539
double_cbad_dqn,800,364,77.76358934044838,81.70179698072374,28.929116874933243,48.83447264432907,1.4665203215554357,15799.754669189453,0.0,23.0,0.0,2.0,0.050000000000000044,1.7604554146528244,1.7488594520837069,0.03865314333233982
double_cbad_dqn,800,365,90.30704737454653,82.45314195543529,31.406575210392475,58.90047185122967,1.5521450843662024,18011.272399902344,0.0,26.0,0.0,1.0,0.050000000000000044,1.6755427047610283,1.6633280161768198,0.040715663926675916
double_cbad_dqn,800,366,77.65966321527958,82.0576943461597,28.396549478173256,49.26311311125755,1.5165618974715471,16334.14255142212,0.0,22.0,0.0,1.0,0.050000000000000044,1.3165491130203009,1.305605199187994,0.03647975134663284
double_cbad_dqn,800,367,73.1598549053073,82.18173513166606,28.480029933154583,44.679824554920195,1.466908753849566,16038.981452941895,0.0,22.0,0.0,1.0,0.050000000000000044,1.5886599831283092,1.576871570199728,0.03929471003357321
double_cbad_dqn,800,368,71.14863292872906,81.57814175315202,27.53772833943367,43.610904678702354,1.4267115257680416,15344.427625656128,0.0,21.0,0.0,1.0,0.050000000000000044,1.5706994347274303,1.559466602280736,0.03744279604870826
double_cbad_dqn,800,369,88.45914280414581,82.6989171551168,30.128517158329487,58.330625638365746,1.5195514727383852,16962.88716506958,0.0,28.0,0.0,0.0,0.050000000000000044,1.5750829931348562,1.5620976090431213,0.043284652289003134
double_cbad_dqn,800,370,91.50776293873787,83.3476596557349,31.25440214574337,60.25336116552353,1.5416707871481776,17518.54620742798,0.0,26.0,0.0,1.0,0.050000000000000044,1.2754966896027327,1.262305986136198,0.043969047255814075
double_cbad_dqn,800,371,83.37038962543011,82.92795140139758,27.299777276813984,56.07061210274696,1.464951192960143,15558.152936935425,0.0,27.0,0.0,1.0,0.050000000000000044,1.5014628358185291,1.4891199320554733,0.04114300257060677
double_cbad_dqn,800,372,86.93238368630409,82.16514498732985,29.49307855218649,57.439305171370506,1.4776542773470283,16772.710021972656,0.0,26.0,0.0,1.0,0.050000000000000044,1.584985040128231,1.5729998499155045,0.039950651465915143
double_cbad_dqn,800,373,98.05587489902973,83.52647896021605,31.25837267935276,66.7975023239851,1.57041644025594,18545.980529785156,0.0,32.0,0.0,0.0,0.050000000000000044,2.0586012732237577,2.047658234834671,0.03647677355911583
double_cbad_dqn,800,374,68.24941596388817,82.24992957398295,26.355503603816032,41.89391256868839,1.4121458930894732,15074.03420639038,0.0,20.0,0.0,0.0,0.050000000000000044,1.464647252112627,1.4526147954165936,0.04010817734524608
double_cbad_dqn,800,375,83.57201267778873,81.87147827208042,30.269323974847794,53.302688509225845,1.5218662405386567,16809.49592590332,0.0,26.0,0.0,0.0,0.050000000000000044,1.347146825864911,1.3360101655125618,0.03712215390987694
double_cbad_dqn,800,376,85.16726523637772,82.52285287395121,30.764792174100876,54.402473539114,1.5466430550441146,17228.17398071289,0.0,25.0,0.0,1.0,0.050000000000000044,1.4176533371210098,1.4051566738635302,0.04165557154919952
double_cbad_dqn,800,377,78.75909247994423,82.59586858838797,27.935316793620586,50.82377544045448,1.4628378078341484,15863.903408050537,0.0,24.0,0.0,1.0,0.050000000000000044,1.438019797205925,1.4256915114820004,0.04109428287483752
double_cbad_dqn,800,378,81.6831009209156,82.57995767258109,27.37274520099163,54.31035630106926,1.4534847382456064,15393.228939056396,0.0,24.0,0.0,3.0,0.050000000000000044,1.6929169278591871,1.6812735237181187,0.03881134220864624
double_cbad_dqn,800,379,90.39440084546804,83.35501616790891,31.479766957461834,58.9146340072155,1.5507834004238248,17837.42186355591,0.0,25.0,0.0,3.0,0.050000000000000044,1.3384828120470047,1.3272800650447607,0.037342495983466506
double_cbad_dqn,800,380,84.43157491981984,83.31131325632334,29.75211699306965,54.67945755422115,1.5128825223073363,16774.04076385498,0.0,25.0,0.0,1.0,0.050000000000000044,1.8762476332485676,1.8644584938883781,0.039297135663218796
double_cbad_dqn,800,381,85.01135841012001,83.33070639565588,30.017997980117798,54.993360459804535,1.5301416227594018,17480.044960021973,0.0,24.0,0.0,0.0,0.050000000000000044,1.5178600661456585,1.506465958431363,0.037980335182510316
double_cbad_dqn,800,382,87.96008299291134,83.03905520811676,29.48866717517376,58.47141608595848,1.5155109521001577,16807.76106262207,0.0,25.0,0.0,2.0,0.050000000000000044,1.455387070775032,1.4445301294326782,0.03618978802114725
double_cbad_dqn,800,383,68.27841724455357,82.5935531704873,26.63366735726595,41.644749984145164,1.4285948257893324,15291.884719848633,0.0,22.0,0.0,1.0,0.050000000000000044,1.6278051994740963,1.6179868150502443,0.03272792394272983
double_cbad_dqn,800,384,82.45914687216282,82.82833104707302,30.529426902532578,51.929719626903534,1.5500064101070166,17983.7844581604,0.0,25.0,0.0,0.0,0.050000000000000044,1.6471074763685465,1.636822298169136,0.034283933229744434
double_cbad_dqn,800,385,78.19212567806244,82.2225849622488,29.39064085483551,48.80148485302925,1.5045935260131955,16581.06437110901,0.0,25.0,0.0,1.0,0.050000000000000044,1.6314751245081425,1.620753452181816,0.03573887294624001
double_cbad_dqn,800,386,85.84880672544242,82.63204213775694,29.981256656348705,55.86755036711693,1.501279137097299,16525.913261413574,0.0,25.0,0.0,1.0,0.050000000000000044,1.347439307719469,1.3365056701004505,0.03644546028226614
double_cbad_dqn,800,387,53.927305947244164,81.6704146898538,23.384318068623543,30.542987602949143,1.3267966955900192,13400.647151947021,0.0,17.0,0.0,2.0,0.050000000000000044,1.3730636723339558,1.361938251182437,0.03708474419545382
double_cbad_dqn,800,388,70.27113777399063,81.62653993211687,26.82396277040243,43.44717517495155,1.4388851327821612,15252.101905822754,0.0,20.0,0.0,0.0,0.050000000000000044,1.7346318773925304,1.7220151014626026,0.042055897298268974
double_cbad_dqn,800,389,86.53562016040087,81.53036379992963,30.7671535089612,55.768466129899025,1.534006154164672,17135.70092010498,0.0,25.0,0.0,0.0,0.050000000000000044,1.9544935300946236,1.9421434178948402,0.041166980168782175
double_cbad_dqn,800,390,85.17746087908745,81.21384869694711,30.557051599025726,54.62040950357914,1.5401820847764611,17191.770557403564,0.0,26.0,0.0,1.0,0.050000000000000044,1.6944870688021183,1.6844110004603863,0.03358682885300368
double_cbad_dqn,800,391,96.37500093132257,81.86407926224172,32.026829555630684,64.34817077219486,1.554988980293274,18232.63330078125,0.0,29.0,0.0,2.0,0.050000000000000044,1.6227188911288977,1.611311873421073,0.038023423752747476
double_cbad_dqn,800,392,94.18198417127132,82.22655928649007,30.74699740111828,63.43498630821705,1.5585717093199492,17848.347229003906,0.0,29.0,0.0,0.0,0.050000000000000044,1.5730305537581444,1.5630320608615875,0.033328354940749705
double_cbad_dqn,800,393,89.18011444211007,81.7827712636441,31.278566800057888,57.90154758989811,1.5243853898718953,17603.787879943848,0.0,26.0,0.0,1.0,0.050000000000000044,1.4427665881812572,1.4313423447310925,0.03808081417810172
double_cbad_dqn,800,394,78.51372895389795,82.29598691314459,27.69457133114338,50.819157630205154,1.447858540341258,15179.987392425537,0.0,25.0,0.0,1.0,0.050000000000000044,1.3925274536013603,1.3815737683326006,0.03651228384114802
double_cbad_dqn,800,395,80.0661548987031,82.12069402419031,27.66933563351631,52.39681879580021,1.4650307949632406,16073.79161453247,0.0,25.0,0.0,3.0,0.050000000000000044,1.4883861672133207,1.4778373818844557,0.03516258718445897
double_cbad_dqn,800,396,95.39594732224941,82.6321281284839,31.503689855337143,63.89225736260414,1.608504037372768,18233.10935974121,0.0,28.0,0.0,2.0,0.050000000000000044,2.23907583206892,2.226410023868084,0.04221941693685949
double_cbad_dqn,800,397,90.66150070130826,83.22724853955211,31.889992229640484,58.7715081512928,1.5776477698236704,18413.07703781128,0.0,27.0,0.0,1.0,0.050000000000000044,1.7234728746116161,1.712415937334299,0.03685645293444395
double_cbad_dqn,800,398,88.94523192197084,83.59035508960486,32.02841026335955,56.916821256279945,1.5489916959777474,17805.13020324707,0.0,25.0,0.0,1.0,0.050000000000000044,1.035511052235961,1.0224803034216166,0.04343583504669368
double_cbad_dqn,800,399,81.62030556201935,83.15165032543243,28.83391311764717,52.786392697691916,1.505370182916522,16003.678867340088,0.0,26.0,0.0,2.0,0.050000000000000044,1.5894038155674934,1.5780848395079374,0.03772994107566774
double_cbad_dqn,800,400,87.06976802051068,83.28355998046698,28.60017355531454,58.469594621658324,1.491433409973979,16077.886335372925,0.0,27.0,0.0,2.0,0.050000000000000044,1.3049284555017948,1.2939922455698252,0.0364540001610294
double_cbad_dqn,800,401,80.93672425448895,83.07982827268543,28.96004593372345,51.976678350567816,1.4925440168008208,16558.426433563232,0.0,24.0,0.0,1.0,0.050000000000000044,1.517304727807641,1.505892775952816,0.03803988511208445
double_cbad_dqn,800,402,85.46455951184035,82.95505209863187,30.17756164819002,55.28699789345264,1.526022320613265,17058.47372817993,0.0,26.0,0.0,1.0,0.050000000000000044,1.4977811332792044,1.4863374885171652,0.03814553073607385
double_cbad_dqn,800,403,54.48532432317734,82.26539745256306,23.66650255024433,30.818821281194687,1.3536131959408522,13568.41833114624,0.0,18.0,0.0,1.0,0.050000000000000044,1.587410643696785,1.5754155479371548,0.039983561262488365
double_cbad_dqn,800,404,95.13614256083966,82.8992472369969,30.74056952446699,64.39557289481164,1.53420396335423,17267.0110206604,0.0,29.0,0.0,1.0,0.050000000000000044,1.9132377542555332,1.9027173984795809,0.03506780636962503
double_cbad_dqn,800,405,72.46991784274579,82.61313684523107,27.043311536312103,45.42660688012838,1.4608707213774323,15343.10350227356,0.0,21.0,0.0,1.0,0.050000000000000044,1.278648192062974,1.268360372632742,0.0342927910387516
double_cbad_dqn,800,406,82.10553999245167,82.42597350858152,28.851780265569687,53.25375996530056,1.507477126084268,16365.119342803955,0.0,25.0,0.0,0.0,0.050000000000000044,1.5117333680391312,1.5003754794597626,0.037859639269299805
double_cbad_dqn,800,407,92.01101215183735,84.33015881881119,31.456079930067062,60.554931819438934,1.5743510853499174,18079.538551330566,0.0,29.0,0.0,0.0,0.050000000000000044,1.3933640774339437,1.3824098370969296,0.03651412040926516
double_cbad_dqn,800,408,106.64572420716286,86.1488881404698,34.36067035794258,72.28505286574364,1.6191037436947227,19222.771196365356,0.0,32.0,0.0,1.0,0.050000000000000044,1.8343801014125347,1.824226524680853,0.033845219761133194
double_cbad_dqn,800,409,76.61229282766581,85.65272177383304,28.21823539584875,48.394057819247244,1.4764362582936883,16256.120502471924,0.0,24.0,0.0,1.0,0.050000000000000044,1.6121162343770266,1.5999332703649998,0.040609882795251906
double_cbad_dqn,800,410,81.96960066258907,85.49232876300812,27.80976150929928,54.159839034080505,1.5016240738332272,16374.736991882324,0.0,25.0,0.0,0.0,0.050000000000000044,1.8449790105223656,1.8313800245523453,0.04532988672144711
double_cbad_dqn,800,411,100.97424657642841,85.7222910452634,33.69933807104826,67.2749087959528,1.6555802170187235,19055.496379852295,0.0,31.0,0.0,0.0,0.050000000000000044,1.3980350438505411,1.3853012584149837,0.04244598315563053
double_cbad_dqn,800,412,78.38236966133118,84.9323103197664,29.509053722023964,48.87331604361534,1.522105178795755,17238.436964035034,0.0,22.0,0.0,2.0,0.050000000000000044,1.6390667892992496,1.627991123124957,0.036918902304023504
double_cbad_dqn,800,413,96.31098859012127,85.28885402716696,31.512699335813522,64.79828937351704,1.5461867107078433,17764.483865737915,0.0,29.0,0.0,1.0,0.050000000000000044,1.5191916208714247,1.507875356823206,0.03772088035475463
double_cbad_dqn,800,414,58.01565549820661,84.26395035438239,24.869162432849407,33.14649303555488,1.3548371158540249,13338.914472579956,0.0,18.0,0.0,2.0,0.050000000000000044,2.0938187539577484,2.0827651768922806,0.036845273221842945
double_cbad_dqn,800,415,74.45797403901815,83.98354131139816,27.99391906708479,46.46405449509621,1.470795231871307,16111.773544311523,0.0,23.0,0.0,1.0,0.050000000000000044,1.9983123540878296,1.9878503940999508,0.0348731845151633
double_cbad_dqn,800,416,95.92142736613751,84.00981531359255,31.915948875248432,64.00547824501992,1.5557235134765506,17908.05028152466,0.0,29.0,0.0,3.0,0.050000000000000044,1.2532878033816814,1.2402874361723661,0.043334522284567356
double_cbad_dqn,800,417,89.01015678048134,83.92724811755122,32.05662553757429,56.95353144407272,1.5537968892604113,18288.506507873535,0.0,26.0,0.0,0.0,0.050000000000000044,1.8466267958283424,1.835156824439764,0.03823328448925167
double_cbad_dqn,800,418,77.40785790979862,83.3503794169426,28.074171788990498,49.33368676900864,1.458918840624392,15815.595016479492,0.0,23.0,0.0,0.0,0.050000000000000044,1.706269795075059,1.6933631747961044,0.043022045167163014
double_cbad_dqn,800,419,68.68523629903794,82.70362595379353,27.194908902049065,41.49032726287842,1.42254155036062,15400.549156188965,0.0,19.0,0.0,2.0,0.050000000000000044,1.104141028597951,1.0922097768634558,0.039770798408426344
double_cbad_dqn,800,420,89.22848032414913,82.81156156897546,30.328405737876892,58.900074660778046,1.54103004001081,17540.999195098877,0.0,26.0,0.0,0.0,0.050000000000000044,1.698559932410717,1.6859167478978634,0.04214398213662207
double_cbad_dqn,800,421,85.63238529860973,83.04634462118149,31.1365417689085,54.495843425393105,1.5723896184936166,17890.761657714844,0.0,26.0,0.0,2.0,0.050000000000000044,1.7144534289836884,1.70103900693357,0.04471475351601839
double_cbad_dqn,800,422,87.04147174507379,83.12519023284315,29.80582584440708,57.23564590066671,1.5145105822011828,16756.756561279297,0.0,26.0,0.0,2.0,0.050000000000000044,1.4623716492205858,1.4500853326171637,0.04095441184472293
double_cbad_dqn,800,423,93.96918908655644,85.09938347101212,30.75707058608532,63.21211856007576,1.5395620875060558,17137.731197357178,0.0,29.0,0.0,1.0,0.050000000000000044,1.9444030411541462,1.9324488118290901,0.039847405278123915
double_cbad_dqn,800,424,82.1682500615716,84.45098884604872,30.415811367332935,51.75243891775608,1.5505721783265471,17672.981575012207,0.0,25.0,0.0,1.0,0.050000000000000044,1.2725465223193169,1.261891659349203,0.03551622875966132
double_cbad_dqn,800,425,79.87486965954304,84.82123643688858,29.341476939618587,50.53339250385761,1.5197606142610312,16527.82069015503,0.0,26.0,0.0,2.0,0.050000000000000044,1.3222334273159504,1.3112222701311111,0.036703798454254866
double_cbad_dqn,800,426,86.48021153360605,85.0399700139463,30.655143208801746,55.82506823539734,1.5308073051273823,17357.531051635742,0.0,26.0,0.0,1.0,0.050000000000000044,1.5191909577697515,1.5079259648919106,0.03754990641027689
double_cbad_dqn,800,427,80.22871922701597,84.45085536770523,27.893162176012993,52.3355570435524,1.448563895188272,15974.44376373291,0.0,23.0,0.0,0.0,0.050000000000000044,1.4524525105953217,1.4409871362149715,0.038217920693568885
double_cbad_dqn,800,428,69.02826336026192,82.56998232536019,26.510215513408184,42.51804742217064,1.4214763939380646,14868.138595581055,0.0,21.0,0.0,0.0,0.050000000000000044,1.5905852280557156,1.577730355784297,0.04284958390053362
double_cbad_dqn,800,429,98.29633342027664,83.65418435499072,34.79826761782169,63.49806545972824,1.6109625715762377,19516.300811767578,0.0,28.0,0.0,2.0,0.050000000000000044,2.1293628700077534,2.1172249987721443,0.040459575364366174
double_cbad_dqn,800,430,88.89758782088757,84.00058371290564,29.057951718568802,59.83963578939438,1.4920107573270798,16468.089965820312,0.0,27.0,0.0,0.0,0.050000000000000044,1.8128554970026016,1.8018697649240494,0.03661904681939632
double_cbad_dqn,800,431,67.39286349713802,82.32151455894112,27.259500235319138,40.13336370885372,1.4433116046711802,15599.706703186035,0.0,20.0,0.0,1.0,0.050000000000000044,1.613532517105341,1.6028178986161947,0.03571545239537954
double_cbad_dqn,800,432,82.7891298249364,82.54185256712138,30.8761720135808,51.91295755803585,1.523377064615488,17103.70923423767,0.0,25.0,0.0,2.0,0.050000000000000044,1.9920086469501257,1.9815266113728285,0.03494005021639168
double_cbad_dqn,800,433,80.94846879690886,81.77372657746078,29.242584832012653,51.70588402450085,1.5087943160906434,16667.736808776855,0.0,24.0,0.0,1.0,0.050000000000000044,2.037542872130871,2.0254996716976166,0.04014398925937712
double_cbad_dqn,800,434,79.48989058732987,82.84743833191693,27.729005724191666,51.760885280370715,1.4482673117890954,15858.241283416748,0.0,24.0,0.0,4.0,0.050000000000000044,1.5021188631653786,1.4892605561763048,0.04286105290520936
double_cbad_dqn,800,435,57.509285973012446,82.00000392861665,23.323061160743237,34.18622472286224,1.3484499985352159,13350.025161743164,0.0,19.0,0.0,1.0,0.050000000000000044,1.531067881733179,1.5201962646096945,0.036238715052604675
double_cbad_dqn,800,436,68.86213015019894,80.64703906781973,27.353298403322697,41.508831545710564,1.4487461615353823,15343.498805999756,0.0,22.0,0.0,1.0,0.050000000000000044,1.517151614651084,1.5050519313663244,0.04033229174092412
double_cbad_dqn,800,437,57.11581541150808,79.05232199937106,23.30567316710949,33.81014249026775,1.3524174317717552,13595.287376403809,0.0,20.0,0.0,3.0,0.050000000000000044,1.6074159275740385,1.5976452194154263,0.032569043803960085
double_cbad_dqn,800,438,71.16835264116526,78.74034673593938,27.8140122666955,43.35434013605118,1.4749168306589127,15773.551307678223,0.0,21.0,0.0,1.0,0.050000000000000044,1.4453691095113754,1.4349806476384401,0.03462821361608803
double_cbad_dqn,800,439,67.05869689881801,78.65901976592838,27.124025270342827,39.9346710473299,1.3882452715188265,14648.076187133789,0.0,20.0,0.0,2.0,0.050000000000000044,1.9174153003841639,1.906485291197896,0.03643334505613893
double_cbad_dqn,800,440,58.6379551589489,77.12949350766837,23.80384125560522,34.83411347866058,1.3548068460077047,13259.229932785034,0.0,19.0,0.0,0.0,0.050000000000000044,1.4958597086369991,1.4844111241400242,0.03816192829981446
double_cbad_dqn,800,441,74.4456964507699,76.57015906527639,29.088370449841022,45.35732585191727,1.5096278190612793,16705.12926864624,0.0,22.0,0.0,1.0,0.050000000000000044,1.4511140827089548,1.4401349034160376,0.03659724653698504
double_cbad_dqn,800,442,89.697135604918,76.70294225826859,32.3109921887517,57.38614386320114,1.5780087560415268,18170.19444656372,0.0,27.0,0.0,1.0,0.050000000000000044,1.834700321778655,1.822448143735528,0.04084061400499195
double_cbad_dqn,800,443,64.2979134991765,75.2193784788996,25.950543470680714,38.34737002849579,1.4213509783148766,14834.343536376953,0.0,21.0,0.0,0.0,0.050000000000000044,2.014702942222357,2.0034383684396744,0.03754862735513598
double_cbad_dqn,800,444,78.5503545999527,75.03848370581866,27.557919204235077,50.9924350976944,1.451838482171297,15705.584903717041,0.0,24.0,0.0,0.0,0.050000000000000044,1.8454272244125605,1.8344202805310488,0.036689828033559024
double_cbad_dqn,800,445,77.90017734020948,74.93974908985197,28.17034373432398,49.72983342707157,1.4683894226327538,16170.315841674805,0.0,23.0,0.0,2.0,0.050000000000000044,1.41036956012249,1.3982098251581192,0.040532455896027386
double_cbad_dqn,800,446,73.8002660498023,74.3057518156618,27.742879264056683,46.05738687515259,1.4554601209238172,15821.667392730713,0.0,23.0,0.0,0.0,0.050000000000000044,1.4095357675105333,1.3987045381218195,0.03610408492386341
double_cbad_dqn,800,447,77.63475767672062,74.17605373814703,29.46542003005743,48.16933791488409,1.5201497292146087,16873.058366775513,0.0,22.0,0.0,3.0,0.050000000000000044,1.9515884444117546,1.9395905770361423,0.03999290126375854
double_cbad_dqn,800,448,73.38553329855203,74.39391723506154,26.530358016490936,46.855175006389615,1.412231121212244,14656.342754364014,0.0,23.0,0.0,2.0,0.050000000000000044,1.5566367655992508,1.5449937265366316,0.03881015838123858
double_cbad_dqn,800,449,81.73893567919731,73.56604734800757,30.072655379772186,51.6662802696228,1.5428805174306035,17345.825256347656,0.0,23.0,0.0,1.0,0.050000000000000044,1.6580634713172913,1.6469240821897984,0.03713130939286202
double_cbad_dqn,800,450,91.16187036037445,73.67926147498191,31.331830970942974,59.83004057407379,1.5283889463171363,18065.867362976074,0.0,26.0,0.0,1.0,0.050000000000000044,1.8238215241581202,1.812592200934887,0.03743108711205423
double_cbad_dqn,800,451,78.76437838375568,74.24783721931279,27.42445581406355,51.33992280066013,1.4843180598691106,16356.313949584961,0.0,25.0,0.0,0.0,0.050000000000000044,2.0099163092672825,1.9979459084570408,0.03990131022874266
double_cbad_dqn,800,452,73.39984971284866,73.77837321370839,28.17864479124546,45.22120527923107,1.4785772189497948,16299.420913696289,0.0,21.0,0.0,0.0,0.050000000000000044,1.6176656689494848,1.6063993386924267,0.03755445929709822
double_cbad_dqn,800,453,91.08512568473816,74.28520605809987,30.66561461240053,60.419510424137115,1.543567692860961,17573.216625213623,0.0,28.0,0.0,1.0,0.050000000000000044,1.9132769256830215,1.9015164375305176,0.03920155041851103
double_cbad_dqn,800,454,86.09063729792834,74.6152433936298,28.610911391675472,57.47972577214241,1.4991806810721755,16644.30686187744,0.0,26.0,0.0,1.0,0.050000000000000044,1.7863619960844517,1.7744603212922812,0.03967223013751209
double_cbad_dqn,800,455,82.56864947080612,75.86821156851947,29.718120850622654,52.85052888095379,1.5105806682258844,16965.08232498169,0.0,26.0,0.0,0.0,0.050000000000000044,1.746866563335061,1.7332359999418259,0.045435246429406106
double_cbad_dqn,800,456,89.80921546369791,76.91556583419442,31.78293354064226,58.026282235980034,1.575579147785902,18302.449920654297,0.0,27.0,0.0,0.0,0.050000000000000044,1.841908909380436,1.831055462360382,0.03617812576703727
double_cbad_dqn,800,457,78.10191408693791,77.96487076796592,29.213316306471825,48.888597631454466,1.5025829514488578,16637.28660964966,0.0,25.0,0.0,1.0,0.050000000000000044,1.2851186785846949,1.2748396806418896,0.034263307228684425
double_cbad_dqn,800,458,76.73437260985375,78.24317176640035,29.12060010433197,47.613772416114806,1.4993166709318757,16793.25087738037,0.0,23.0,0.0,3.0,0.050000000000000044,1.9204701464623213,1.9083086177706718,0.0405383495381102
double_cbad_dqn,800,459,81.678905326128,78.97418218776585,28.575956359505653,53.10294911563396,1.4973053205758333,16000.030815124512,0.0,25.0,0.0,2.0,0.050000000000000044,1.5084097273647785,1.49735121242702,0.03686169651336968
double_cbad_dqn,800,460,66.27129729837179,79.355849294737,27.445062927901745,38.82623425126076,1.458902225829661,16045.031852722168,0.0,19.0,0.0,1.0,0.050000000000000044,1.6648347340524197,1.6537355836480856,0.0369971712352708
double_cbad_dqn,800,461,83.95769232809543,79.83144908860325,31.27011711895466,52.68757535815239,1.5469546606764197,17641.55938720703,0.0,25.0,0.0,3.0,0.050000000000000044,1.827095227316022,1.815519541501999,0.038585629779845476
double_cbad_dqn,800,462,71.52874155640602,78.92302938617766,27.411739975214005,44.11700111925602,1.4607440093532205,15813.031581878662,0.0,23.0,0.0,3.0,0.050000000000000044,1.6002554520964622,1.5896961241960526,0.035197736229747534
double_cbad_dqn,800,463,82.3508172929287,79.82567457586526,27.89969140291214,54.45112544298172,1.5207896837964654,16505.31338119507,0.0,27.0,0.0,0.0,0.050000000000000044,1.5018269196152687,1.4889094084501266,0.04305838258005679
double_cbad_dqn,800,464,71.71086896210909,79.48370029397309,28.40096302330494,43.30990591645241,1.474497196264565,16245.519550323486,0.0,23.0,0.0,0.0,0.050000000000000044,1.332478329539299,1.3224404733628035,0.03345948981586844
double_cbad_dqn,800,465,89.7693657964468,80.07715971678496,30.119239166378975,59.65012622773647,1.5520604262128472,17696.705268859863,0.0,27.0,0.0,3.0,0.050000000000000044,1.9698704332113266,1.9578236415982246,0.040155935450457036
double_cbad_dqn,800,466,78.66951778531075,80.32062230356038,28.787065714597702,49.882452219724655,1.5095647564157844,16920.693557739258,0.0,25.0,0.0,1.0,0.050000000000000044,1.8286402598023415,1.8182526510208845,0.03462529683019966
double_cbad_dqn,800,467,96.01306535601616,81.23953768752516,33.420146487653255,62.59291939735412,1.5708490060642362,18398.89562034607,0.0,28.0,0.0,2.0,0.050000000000000044,1.8966700583696365,1.885977165773511,0.03564295591786504
double_cbad_dqn,800,468,81.83596424162388,81.66205923467875,31.524286076426506,50.3116778075695,1.5643505994230509,17753.76336669922,0.0,23.0,0.0,3.0,0.050000000000000044,1.2418013457208872,1.2311438955366611,0.0355248402338475
double_cbad_dqn,800,469,84.12315455079079,81.78127017825842,29.515281058847904,54.60787308216095,1.5137910973280668,17067.669403076172,0.0,26.0,0.0,0.0,0.050000000000000044,1.3001663219183683,1.2901632152497768,0.0333437129156664
double_cbad_dqn,800,470,85.43780038505793,81.4950666794926,29.18743897974491,56.25036120414734,1.5387963512912393,17315.900550842285,0.0,27.0,0.0,1.0,0.050000000000000044,1.8470646999776363,1.8362514302134514,0.036044239066541195
double_cbad_dqn,800,471,71.00810420513153,81.10725297056139,27.15023748576641,43.85786697268486,1.4223840357735753,15204.914249420166,0.0,22.0,0.0,0.0,0.050000000000000044,1.7815937120467424,1.7721408940851688,0.03150943364016712
double_cbad_dqn,800,472,79.09691713899375,81.39210634186864,28.039914205670357,51.05700316429138,1.4774556430056691,16163.345455169678,0.0,24.0,0.0,2.0,0.050000000000000044,1.5238565765321255,1.5129914171993732,0.036217225715518
double_cbad_dqn,800,473,87.29387153089047,81.20254363417627,32.03040471673012,55.26346696317196,1.5803977055475116,18402.48712158203,0.0,26.0,0.0,1.0,0.050000000000000044,2.062525613233447,2.051522446796298,0.036677270429208875
double_cbad_dqn,800,474,78.36101122200489,80.8160623303801,28.67994526773691,49.6810662150383,1.4608747474849224,15904.659549713135,0.0,23.0,0.0,2.0,0.050000000000000044,1.6316888146102428,1.6209761835634708,0.03570876060985029
double_cbad_dqn,800,475,77.00136908888817,80.53769831128419,28.52469363063574,48.47667534649372,1.486796084791422,16352.914308547974,0.0,23.0,0.0,1.0,0.050000000000000044,1.7846990916877985,1.7740668803453445,0.0354406664846465
double_cbad_dqn,800,476,85.77530409395695,80.33600274279715,29.78000871837139,55.99529576301575,1.5239021740853786,17192.01474380493,0.0,26.0,0.0,3.0,0.050000000000000044,1.8840768411755562,1.8735368996858597,0.035133142955601215
double_cbad_dqn,800,477,82.55081864595414,80.55844797074795,30.01644092798233,52.534377390146254,1.5197173245251179,16853.656829833984,0.0,26.0,0.0,2.0,0.050000000000000044,1.8044277485460043,1.7943742778152227,0.03351159393787384
double_cbad_dqn,800,478,90.38521917462349,81.24099029898645,31.72946135699749,58.655757907032964,1.5510711967945099,17621.407291412354,0.0,27.0,0.0,2.0,0.050000000000000044,1.7148041520267725,1.705064069479704,0.03246696828864515
double_cbad_dqn,800,479,93.49560590982438,81.83182532817126,31.312018781900406,62.18358718752861,1.5744708273559809,17512.985137939453,0.0,28.0,0.0,1.0,0.050000000000000044,1.545153083279729,1.5331371426582336,0.040053079021163285
double_cbad_dqn,800,480,76.98975067585707,82.36774799704553,28.955215103924274,48.03453525900841,1.4860188253223896,16339.27625656128,0.0,23.0,0.0,0.0,0.050000000000000044,1.4589909575879574,1.4473472833633423,0.03881231998093426
double_cbad_dqn,800,481,99.9004313826561,83.16488494977355,31.788149178028107,68.11228290498256,1.587240251712501,18192.64314842224,0.0,29.0,0.0,2.0,0.050000000000000044,1.3059795927256346,1.2938163951039314,0.040543977287597954
double_cbad_dqn,800,482,93.2011449933052,84.24850512161852,31.418165668845177,61.78297923505306,1.580147784203291,18094.80657196045,0.0,27.0,0.0,1.0,0.050000000000000044,1.6212926376610994,1.6117644309997559,0.03176069131586701
double_cbad_dqn,800,483,90.56910300254822,84.65941940709948,33.21716894209385,57.35193355381489,1.6037308908998966,18920.740348815918,0.0,26.0,0.0,0.0,0.050000000000000044,1.6128910183906555,1.60299763828516,0.03297788114286959
double_cbad_dqn,800,484,78.05920627862216,84.97683627292514,28.448711812496185,49.61049426496029,1.473615220747888,16247.174602508545,0.0,23.0,0.0,4.0,0.050000000000000044,1.7489418033510447,1.737997479736805,0.03648105915635824
double_cbad_dqn,800,485,87.11870876848698,84.84430342152716,28.67953522503376,58.439173170924185,1.4943228419870138,16310.020385742188,0.0,27.0,0.0,2.0,0.050000000000000044,1.221789512783289,1.2109835408627987,0.03601990430615842
double_cbad_dqn,800,486,71.19762227237224,84.47070864588024,27.484070524573326,43.71355091333389,1.4765700101852417,16080.301971435547,0.0,20.0,0.0,2.0,0.050000000000000044,1.7478956803679466,1.7364179715514183,0.03825906780548394
double_cbad_dqn,800,487,88.56836126744747,84.09847344145179,31.108295634388924,57.4600655734539,1.550841823220253,17859.88659286499,0.0,26.0,0.0,1.0,0.050000000000000044,1.6157277002930641,1.6057603619992733,0.03322445403318852
double_cbad_dqn,800,488,84.68925389051438,84.24113792389632,32.5582667440176,52.130987459421156,1.5837683035060763,18845.417205810547,0.0,24.0,0.0,2.0,0.050000000000000044,1.6546656992286444,1.6438038349151611,0.036206144955940545
double_cbad_dqn,800,489,79.4585244446993,84.00790641859174,28.475029677152634,50.98349474519491,1.464574258774519,16021.80661392212,0.0,24.0,0.0,2.0,0.050000000000000044,2.030708285048604,2.020186198875308,0.03507357859052718
double_cbad_dqn,800,490,97.8232673868537,84.62717976868154,32.77979511767626,65.04347189664841,1.6338186459615827,19277.88461303711,0.0,29.0,0.0,2.0,0.050000000000000044,1.9765805900096893,1.9657702594995499,0.03603445831686258
double_cbad_dqn,800,491,90.3412984162569,85.59383947923781,31.283771485090256,59.05752734839916,1.5855716029182076,18135.073806762695,0.0,26.0,0.0,3.0,0.050000000000000044,1.4972274750471115,1.4849306661635637,0.04098933271598071
double_cbad_dqn,800,492,81.9318419098854,85.73558571778239,29.757031843066216,52.17481032013893,1.5021741539239883,16726.243671417236,0.0,24.0,0.0,1.0,0.050000000000000044,2.146876649931073,2.136602094396949,0.03424850862938911
double_cbad_dqn,800,493,69.08271588534117,84.82502793550493,26.7051887139678,42.377527037262915,1.4456657925620675,15224.337825775146,0.0,23.0,0.0,1.0,0.050000000000000044,1.5488369464874268,1.5381806120276451,0.03552116104401648
double_cbad_dqn,800,494,80.95290719866753,84.95462273433806,27.84219090640545,53.11071618795395,1.4652190655469894,15838.850797653198,0.0,24.0,0.0,2.0,0.050000000000000044,1.4345560278743505,1.4239862598478794,0.035232519381679595
double_cbad_dqn,800,495,98.12060824930668,86.01058469235899,32.176963813602924,65.94364456236363,1.5857336362823844,18222.34097290039,0.0,29.0,0.0,3.0,0.050000000000000044,1.5331988371908665,1.5218968465924263,0.03767330932896584
double_cbad_dqn,800,496,83.01651303619147,85.87264513947072,28.65327651798725,54.36323624253273,1.5040045892819762,16541.78984451294,0.0,25.0,0.0,1.0,0.050000000000000044,2.1213769745081663,2.110523086041212,0.036179729853756726
double_cbad_dqn,800,497,72.24392935037613,85.35730067469181,26.777864828705788,45.46606531143188,1.4455263363197446,15331.455196380615,0.0,22.0,0.0,1.0,0.050000000000000044,1.8655801713466644,1.8557214848697186,0.032862289575859904
double_cbad_dqn,800,498,77.31434240937233,84.70375683642926,28.6723897382617,48.64195251464844,1.4901762483641505,16661.311626434326,0.0,22.0,0.0,0.0,0.050000000000000044,1.6949460115283728,1.6835558023303747,0.03796740097459406
double_cbad_dqn,800,499,76.36228928267955,83.84709100507202,28.404972940683365,47.95731599926948,1.469061704352498,16129.578899383545,0.0,23.0,0.0,2.0,0.050000000000000044,1.5978414416313171,1.58559431694448,0.040823739604093134
double_cbad_dqn,800,500,87.59815634042025,84.37751128830016,32.44994496554136,55.14821121096611,1.5800929171964526,18711.99196624756,0.0,26.0,0.0,1.0,0.050000000000000044,1.9653732795268297,1.954435721039772,0.03645848424639553
double_cbad_dqn,800,501,80.03157138824463,83.38406828857958,29.088664151728153,50.94290727376938,1.5127251874655485,16919.06392288208,0.0,23.0,0.0,2.0,0.050000000000000044,1.2243930790573359,1.2131543271243572,0.03746253391727805
double_cbad_dqn,800,502,88.00188508629799,83.12410529322923,30.43596751987934,57.56591758131981,1.5219376757740974,17203.87128829956,0.0,26.0,0.0,1.0,0.050000000000000044,1.9711322337388992,1.9614872559905052,0.032149940612725914
double_cbad_dqn,800,503,74.26486724615097,82.30889350540937,27.4871523976326,46.77771519124508,1.4593429118394852,15315.224353790283,0.0,23.0,0.0,1.0,0.050000000000000044,1.981278771534562,1.9699551276862621,0.03774545295163989
double_cbad_dqn,800,504,87.47210692167282,82.77953853756189,30.916375264525414,56.555731776356694,1.5488954121246934,17748.71424484253,0.0,25.0,0.0,2.0,0.050000000000000044,1.8743784371763468,1.8637777362018824,0.035335686639882624
double_cbad_dqn,800,505,68.70726166665554,81.85896618247033,26.353274524211884,42.35398726165295,1.4132027653977275,14644.21898651123,0.0,22.0,0.0,1.0,0.050000000000000044,1.8991884589195251,1.888417599722743,0.035902872565202415
double_cbad_dqn,800,506,84.55563370883465,82.52686675429344,28.919384241104126,55.636249125003815,1.4833075040951371,16536.988677978516,0.0,25.0,0.0,1.0,0.050000000000000044,1.9273700285702944,1.9170211516320705,0.034496274893172085
double_cbad_dqn,800,507,81.34759511053562,82.16582844644785,31.17964866757393,50.167946457862854,1.568077478557825,18013.811027526855,0.0,24.0,0.0,2.0,0.050000000000000044,1.5576302912086248,1.545169908553362,0.041534707765094936
double_cbad_dqn,800,508,89.95704611539841,82.42921805769205,31.475236803293228,58.48180882036686,1.5679049156606197,18171.76961517334,0.0,27.0,0.0,1.0,0.050000000000000044,1.7239293586462736,1.712587472051382,0.037806331878528
double_cbad_dqn,800,509,83.84436632692814,82.64851015180349,31.523524343967438,52.32084175944328,1.5660057570785284,18003.729301452637,0.0,25.0,0.0,0.0,0.050000000000000044,2.1262480169534683,2.1146803610026836,0.038558793952688575
double_cbad_dqn,800,510,91.46494655311108,82.33059411011637,32.30051925033331,59.164428025484085,1.6254893708974123,18797.04216194153,0.0,28.0,0.0,1.0,0.050000000000000044,1.4974397793412209,1.4874820820987225,0.03319238743279129
double_cbad_dqn,800,511,77.41088471710682,81.68407342515887,27.077294319868088,50.33359024822712,1.4566587153822184,15231.792526245117,0.0,24.0,0.0,1.0,0.050000000000000044,1.7615109756588936,1.7506293393671513,0.03627210052218288
double_cbad_dqn,800,512,86.23836628347635,81.89939964383841,31.117201052606106,55.12116524577141,1.568066755309701,17933.54486846924,0.0,26.0,0.0,0.0,0.050000000000000044,1.70961057767272,1.6992662139236927,0.0344812236726284
double_cbad_dqn,800,513,86.40949724018574,82.76573871158065,28.343630596995354,58.06586707532406,1.450112004764378,15820.302955627441,0.0,27.0,0.0,1.0,0.050000000000000044,1.8167475536465645,1.8070940915495157,0.032178259803913534
double_cbad_dqn,800,514,67.02630631774664,82.0694086675346,26.466240279376507,40.56006599366665,1.3976636538282037,14414.28816986084,0.0,21.0,0.0,1.0,0.050000000000000044,1.4802303295582533,1.4698032885789871,0.03475675731897354
double_cbad_dqn,800,515,83.61790457516909,81.34427348382772,28.639308087527752,54.978597128391264,1.4947072695940733,16454.73539352417,0.0,26.0,0.0,4.0,0.050000000000000044,1.689029986038804,1.6770457476377487,0.039947452722117305
double_cbad_dqn,800,516,83.75071357190609,81.38098351061346,28.96687515079975,54.78383842110634,1.4733748156577349,16266.653667449951,0.0,25.0,0.0,0.0,0.050000000000000044,1.3672183118760586,1.3564792145043612,0.03579700563568622
double_cbad_dqn,800,517,87.50557202100754,82.14406564414503,29.646645665168762,57.85892693698406,1.5365334721282125,17530.54489517212,0.0,26.0,0.0,1.0,0.050000000000000044,1.843324551358819,1.8332976698875427,0.03342291875742376
double_cbad_dqn,800,518,82.75497661530972,82.41609735444189,29.05975203961134,53.69522471725941,1.4911072785034776,16649.314685821533,0.0,25.0,0.0,0.0,0.050000000000000044,1.5203046314418316,1.5083671361207962,0.03979166003409773
double_cbad_dqn,800,519,75.66772998273373,82.38136938944459,29.237405598163605,46.43032429516315,1.4592579044401646,16615.669094085693,0.0,23.0,0.0,1.0,0.050000000000000044,1.6183856632560492,1.6082890313118696,0.033655357314273715
double_cbad_dqn,800,520,85.53294795751572,82.27810897029937,28.601391062140465,56.931556820869446,1.5184904662892222,16580.939083099365,0.0,26.0,0.0,0.0,0.050000000000000044,1.8566521480679512,1.8443562872707844,0.04098625236656517
double_cbad_dqn,800,521,85.83252524733544,82.56815666325392,30.853213869035244,54.97931116223335,1.513566660694778,17643.14111328125,0.0,24.0,0.0,1.0,0.050000000000000044,1.7166639044880867,1.7045121118426323,0.040505967917852104
double_cbad_dqn,800,522,77.7204807549715,82.05408644668759,28.655674427747726,49.06480619311333,1.486725252121687,16378.61030960083,0.0,23.0,0.0,1.0,0.050000000000000044,1.7683017775416374,1.758136911317706,0.03388289245776832
double_cbad_dqn,800,523,98.84228879213333,83.28295752398671,32.51470324397087,66.3275856077671,1.6342520024627447,19167.00308227539,0.0,28.0,0.0,0.0,0.050000000000000044,1.9233111180365086,1.9128811918199062,0.03476638800930232
double_cbad_dqn,800,524,81.26564301848411,82.97263432882727,28.05287827551365,53.21276490688324,1.4790483331307769,16099.10668182373,0.0,24.0,0.0,6.0,0.050000000000000044,2.2141276635229588,2.2033259011805058,0.03600588662084192
double_cbad_dqn,800,525,84.23972194045783,83.74925734251738,29.512544505298138,54.72717764377594,1.5063049774616957,16865.282888412476,0.0,25.0,0.0,1.0,0.050000000000000044,2.004452608525753,1.9932377189397812,0.03738299279939383
double_cbad_dqn,800,526,75.24523796141148,83.28373755514622,28.72111764550209,46.524120569229126,1.5025653252378106,16330.622062683105,0.0,22.0,0.0,1.0,0.050000000000000044,1.833849687129259,1.8230157606303692,0.03611305821686983
double_cbad_dqn,800,527,78.24659101068974,83.12868735015394,28.52276501059532,49.723826164007185,1.4676511008292437,16139.535858154297,0.0,22.0,0.0,2.0,0.050000000000000044,1.7750140838325024,1.7648130357265472,0.03400349477306008
double_cbad_dqn,800,528,80.86048335880041,82.67385921232403,30.405570067465305,50.454913306236264,1.4969509579241276,16643.16219329834,0.0,24.0,0.0,2.0,0.050000000000000044,1.5153399966657162,1.5046067778021097,0.035777361248619854
double_cbad_dqn,800,529,81.23973904699088,82.54362784832716,27.340756729245186,53.89898213148117,1.4435457699000835,15456.238277435303,0.0,23.0,0.0,2.0,0.050000000000000044,2.1076662372797728,2.0967382565140724,0.036426622536964715
double_cbad_dqn,800,530,72.39488672614098,81.59012485697866,27.74584800004959,44.649038502573966,1.4912229040637612,16054.68683052063,0.0,23.0,0.0,1.0,0.050000000000000044,1.5281641744077206,1.5164515133947134,0.03904224804136902
double_cbad_dqn,800,531,80.37901430726052,81.73853133648635,27.282750494778156,53.09626399874687,1.4813920147717,16098.83568572998,0.0,23.0,0.0,4.0,0.050000000000000044,1.6145296953618526,1.6037595886737108,0.03590041433926672
double_cbad_dqn,800,532,66.14276156574488,80.73375110059979,24.575136952102184,41.5676244199276,1.3983174376189709,14031.381103515625,0.0,22.0,0.0,0.0,0.050000000000000044,1.5767767783254385,1.5657397229224443,0.03679020795971155
double_cbad_dqn,800,533,84.47181224822998,80.636866851002,30.871909350156784,53.59990292787552,1.549318103119731,17610.569122314453,0.0,26.0,0.0,1.0,0.050000000000000044,1.5271625276654959,1.5148028302937746,0.041199012426659465
double_cbad_dqn,800,534,97.5383806630969,82.1624705682695,34.889083944261074,62.6492968827486,1.6166178807616234,19444.991508483887,0.0,28.0,0.0,3.0,0.050000000000000044,1.8751413226127625,1.8645553551614285,0.03528662049211562
double_cbad_dqn,800,535,73.93840220719576,81.67849544987084,26.96704863011837,46.97135385274887,1.423977238126099,15244.899127960205,0.0,23.0,0.0,1.0,0.050000000000000044,2.0179186575114727,2.006767548620701,0.03717039921320975
double_cbad_dqn,800,536,87.56612808406354,81.86926617547871,29.823651857674122,57.742475831508635,1.5146462358534336,16734.674659729004,0.0,27.0,0.0,1.0,0.050000000000000044,1.8093418814241886,1.8000376150012016,0.0310142592061311
double_cbad_dqn,800,537,71.5468116775155,81.07132815830411,26.44617237895727,45.100639164447784,1.421600228175521,15528.414501190186,0.0,22.0,0.0,0.0,0.050000000000000044,1.6949814781546593,1.6843366175889969,0.03548289218451828
double_cbad_dqn,800,538,97.34633460044861,81.80089605756106,33.74788272380829,63.598451444506644,1.595562033355236,18561.817363739014,0.0,29.0,0.0,1.0,0.050000000000000044,1.424581004306674,1.4131845626980066,0.037988121854141355
double_cbad_dqn,800,539,75.26504733413458,81.7807619251311,28.52544752508402,46.739600494503975,1.4904216239228845,16114.762687683105,0.0,23.0,0.0,0.0,0.050000000000000044,1.6805834881961346,1.670236848294735,0.03448884258978069
double_cbad_dqn,800,540,94.64547708034516,82.23638838127258,32.4839875549078,62.16148983836174,1.6223381739109755,19206.6300239563,0.0,27.0,0.0,3.0,0.050000000000000044,1.7886298522353172,1.7785556502640247,0.03358067013323307
double_cbad_dqn,800,541,75.64991822242737,81.72725803002717,27.461569100618362,48.18834959864616,1.4544984875246882,15443.983940124512,0.0,23.0,0.0,2.0,0.050000000000000044,1.7467453200370073,1.7367959711700678,0.03316457965411246
double_cbad_dqn,800,542,81.11734145879745,81.89710106521846,30.858435660600662,50.25890542566776,1.5445978222414851,17607.841354370117,0.0,24.0,0.0,0.0,0.050000000000000044,1.9505915138870478,1.9403226468712091,0.03422957961447537
double_cbad_dqn,800,543,85.2616960272193,81.21807142697277,29.663656421005726,55.59803954660892,1.5295479753986,17215.850440979004,0.0,26.0,0.0,2.0,0.050000000000000044,1.6663960926234722,1.6549564395099878,0.03813215147238225
double_cbad_dqn,800,544,78.59498403221369,81.08453847765924,27.412296786904335,51.18268698453903,1.4723890637978911,15854.882173538208,0.0,22.0,0.0,1.0,0.050000000000000044,1.7009203638881445,1.6905141547322273,0.03468738205265254
double_cbad_dqn,800,545,80.0966060385108,80.87738268256189,28.262203507125378,51.83440266549587,1.4660001201555133,16047.66626739502,0.0,25.0,0.0,1.0,0.050000000000000044,1.8182518817484379,1.8076451011002064,0.03535589331295341
double_cbad_dqn,800,546,76.394271337986,80.9348343513906,29.24793367087841,47.14633799493313,1.489837541244924,16500.643661499023,0.0,21.0,0.0,1.0,0.050000000000000044,2.097638115286827,2.0849888920783997,0.0421640679705888
double_cbad_dqn,800,547,85.56487679779529,81.3007486407459,31.406530261039734,54.158346477150914,1.5516018979251385,18112.013889312744,0.0,26.0,0.0,2.0,0.050000000000000044,1.6292895283550024,1.618860075250268,0.03476486820727587
double_cbad_dqn,800,548,71.83465537428856,80.8494572415203,26.966986447572708,44.867669105529785,1.4721791930496693,15503.144401550293,0.0,22.0,0.0,1.0,0.050000000000000044,1.4908828120678663,1.4802050702273846,0.035592469153925776
double_cbad_dqn,800,549,68.46945494711399,80.21094303652644,25.527843162417412,42.941612023115155,1.4107773071154952,14519.997106552124,0.0,21.0,0.0,2.0,0.050000000000000044,1.9297566823661327,1.9199589975178242,0.03265895275399089
double_cbad_dqn,800,550,77.9187685251236,80.48713712647557,28.78154495358467,49.13722360134125,1.4953334908932447,16444.595218658447,0.0,22.0,0.0,0.0,0.050000000000000044,2.0746073331683874,2.064072661101818,0.035115541075356305
double_cbad_dqn,800,551,67.75289119184018,79.85583097070456,27.29468760639429,40.45820307135582,1.4385460540652275,15277.649967193604,0.0,19.0,0.0,2.0,0.050000000000000044,1.869245857000351,1.858549315482378,0.03565517219249159
double_cbad_dqn,800,552,93.00636954009533,81.1990113694221,30.55829991400242,62.448070088028906,1.5523355463519692,17282.673915863037,0.0,28.0,0.0,1.0,0.050000000000000044,1.7330720275640488,1.7225885391235352,0.03494492708705366
double_cbad_dqn,800,553,78.857855245471,80.91831351928414,27.635074451565742,51.22278141975403,1.4805291751399636,15949.483554840088,0.0,24.0,0.0,2.0,0.050000000000000044,1.9904060531407595,1.9804634358733892,0.033142078784294426
double_cbad_dqn,800,554,71.05674780309201,79.5942318762839,25.258026465773582,45.79872097969055,1.383911494165659,14517.038200378418,0.0,21.0,0.0,1.0,0.050000000000000044,2.132056999951601,2.1210130155086517,0.036813239683397114
double_cbad_dqn,800,555,78.61140806376935,79.82788216911258,28.723762303590775,49.887646147608756,1.5155007541179657,16728.97220993042,0.0,22.0,0.0,3.0,0.050000000000000044,1.3093101885169744,1.2995969504117966,0.032377495896071196
double_cbad_dqn,800,556,66.0402420386672,78.75158786684275,26.02728160470724,40.012960612773895,1.435498089529574,15240.176139831543,0.0,21.0,0.0,1.0,0.050000000000000044,2.2711988911032677,2.2614263743162155,0.032575073884800076
double_cbad_dqn,800,557,91.07397592812777,79.72794607937337,32.38040394335985,58.69357170164585,1.5440298728644848,18171.826154708862,0.0,27.0,0.0,0.0,0.050000000000000044,1.7082716431468725,1.697575118392706,0.03565515542868525
double_cbad_dqn,800,558,99.27323872745038,79.82429128572346,32.309194684028625,66.9640444457531,1.5735796382650733,18479.829654693604,0.0,29.0,0.0,3.0,0.050000000000000044,2.124544907361269,2.113439593464136,0.037017642171122134
double_cbad_dqn,800,559,65.23867489546538,79.32297266379001,25.02192571014166,40.21674902141094,1.3762727305293083,14041.551527023315,0.0,20.0,0.0,1.0,0.050000000000000044,1.9412451386451721,1.9300678595900536,0.03725760197266936
double_cbad_dqn,800,560,73.58324227035045,78.26986092329027,25.61806784570217,47.96517429053783,1.4082525195553899,14943.9814453125,0.0,24.0,0.0,2.0,0.050000000000000044,2.058801744133234,2.048583183437586,0.03406190290115774
double_cbad_dqn,800,561,81.58810166418553,78.56677009537817,27.962176457047462,53.625925639271735,1.486454563215375,15783.072010040283,0.0,25.0,0.0,1.0,0.050000000000000044,1.7450591176748276,1.7342304270714521,0.036095700692385435
double_cbad_dqn,800,562,79.66699706912041,78.49425287589432,28.360256269574165,51.30674079954624,1.4578451868146658,15763.659503936768,0.0,25.0,0.0,1.0,0.050000000000000044,1.9735921379178762,1.962227901443839,0.037880845135077834
double_cbad_dqn,800,563,88.59322328269482,78.6608292386681,30.042740866541862,58.550482431054114,1.5645014652982354,17597.42230606079,0.0,26.0,0.0,4.0,0.050000000000000044,1.9318332094699144,1.9221451822668314,0.03229333786293864
double_cbad_dqn,800,564,77.75653198361397,78.61890663623811,29.074389278888702,48.68214312195778,1.510604964569211,16845.995931625366,0.0,24.0,0.0,0.0,0.050000000000000044,1.6179895624518394,1.6065320633351803,0.03819166449829936
double_cbad_dqn,800,565,83.40026834756137,78.78408975169063,29.940385602414608,53.45988247692585,1.5474152863025665,17173.364976882935,0.0,24.0,0.0,1.0,0.050000000000000044,1.4809088557958603,1.4696314372122288,0.037591401021927595
double_cbad_dqn,800,566,88.57046023905278,79.39289919674398,30.36831261217594,58.20214722454548,1.5601503504440188,17369.434673309326,0.0,26.0,0.0,1.0,0.050000000000000044,1.8872621338814497,1.8754050228744745,0.03952372877392918
double_cbad_dqn,800,567,98.4776663273573,80.03853867322208,32.31626871228218,66.16139782369137,1.5779037429019809,18016.43762588501,0.0,29.0,0.0,2.0,0.050000000000000044,2.1929653361439705,2.18256738781929,0.034659885917790234
double_cbad_dqn,800,568,87.69580233097076,80.83159602105619,29.43040357530117,58.26539885997772,1.5843154964968562,17720.584033966064,0.0,26.0,0.0,0.0,0.050000000000000044,1.8704802859574556,1.8599927555769682,0.034958360134623945
double_cbad_dqn,800,569,77.14055094122887,81.26515082076193,28.065546095371246,49.07500509917736,1.4356374982744455,15163.49606704712,0.0,24.0,0.0,2.0,0.050000000000000044,1.6998507995158434,1.6882160883396864,0.03878238704055548
double_cbad_dqn,800,570,83.39184618741274,81.53880470387638,28.81104677915573,54.580799758434296,1.505709359422326,16748.10655784607,0.0,24.0,0.0,2.0,0.050000000000000044,1.917439755052328,1.907824769616127,0.032050016219727695
double_cbad_dqn,800,571,88.22330890595913,82.56232558958233,30.02756394445896,58.19574485719204,1.5461184792220592,17176.84885406494,0.0,27.0,0.0,1.0,0.050000000000000044,1.9934709947556257,1.9818684682250023,0.038675085408613086
double_cbad_dqn,800,572,66.96382319927216,81.26019827254117,27.21413303166628,39.74969032406807,1.4710484147071838,15559.860958099365,0.0,21.0,0.0,0.0,0.050000000000000044,1.9149084445089102,1.9049708303064108,0.0331253616604954
double_cbad_dqn,800,573,67.71437920033932,80.70302447028459,25.642669513821602,42.07170955240726,1.4405207894742489,15024.39771270752,0.0,21.0,0.0,1.0,0.050000000000000044,1.9558970499783754,1.943882267922163,0.040049216244369745
double_cbad_dqn,800,574,94.29537217617035,81.86495568893851,31.42949216067791,62.86588017940521,1.5504522370174527,17709.274589538574,0.0,29.0,0.0,2.0,0.050000000000000044,1.832785863429308,1.8231878001242876,0.03199358191341162
double_cbad_dqn,800,575,67.34307070225478,81.30153882086277,25.565166145563126,41.77790496647358,1.4026896068826318,14240.158027648926,0.0,21.0,0.0,1.0,0.050000000000000044,1.4687924329191446,1.4598115365952253,0.029936368111521006
double_cbad_dqn,800,576,87.13621003329754,82.3563372205943,28.814367935061455,58.32184230685234,1.4932630527764559,16724.436485290527,0.0,29.0,0.0,1.0,0.050000000000000044,1.5731459856033325,1.562295138835907,0.036169424769468606
double_cbad_dqn,800,577,87.52894010394812,82.17908542938531,30.18259507417679,57.34634503722191,1.5656950762495399,17537.441524505615,0.0,25.0,0.0,1.0,0.050000000000000044,1.7587938997894526,1.7491353191435337,0.03219528938643634
double_cbad_dqn,800,578,74.10587099343539,80.92071704268457,26.58918757736683,47.516683080792426,1.4303609458729625,14813.25471496582,0.0,21.0,0.0,1.0,0.050000000000000044,1.7893176935613155,1.7777117881923914,0.03868635941762477
double_cbad_dqn,800,579,80.18515862673522,81.66804122924806,28.35163538902998,51.83352301418781,1.5029782680794597,16622.723880767822,0.0,26.0,0.0,1.0,0.050000000000000044,1.7961548585444689,1.7867392897605896,0.03138522710651159
double_cbad_dqn,800,580,90.78881512582302,82.52831987202168,29.04411219060421,61.74470314383507,1.542572514154017,17162.44204711914,0.0,27.0,0.0,0.0,0.050000000000000044,1.6379439756274223,1.6277863346040249,0.0338588961167261
double_cbad_dqn,800,581,75.86579199284316,82.24220438845457,28.142617620527744,47.723174238204955,1.437380171380937,15837.723133087158,0.0,22.0,0.0,1.0,0.050000000000000044,1.6956055741757154,1.6846328563988209,0.03657579538412392
double_cbad_dqn,800,582,65.78470593839884,81.54808983191849,25.832053676247597,39.95265226960182,1.4342623967677355,15117.333358764648,0.0,20.0,0.0,2.0,0.050000000000000044,2.0348995346575975,2.025235343724489,0.03221396333537996
double_cbad_dqn,800,583,92.22144060879945,81.72950069822372,33.899022690951824,58.32241832017898,1.6702092746272683,19825.91856765747,0.0,27.0,0.0,3.0,0.050000000000000044,1.7254744172096252,1.7141430750489235,0.03777113719843328
double_cbad_dqn,800,584,79.86888998150826,81.83511859811844,28.34088198840618,51.5280075609684,1.4925270909443498,16078.972778320312,0.0,23.0,0.0,2.0,0.050000000000000044,1.718967316672206,1.7074779104441404,0.038298083120025694
double_cbad_dqn,800,585,74.65943942368031,81.39807715192438,27.410523422062397,47.24891566634178,1.46328220423311,15761.398349761963,0.0,24.0,0.0,1.0,0.050000000000000044,1.7184732425957918,1.7069902792572975,0.03827652370091528
double_cbad_dqn,800,586,68.22237311452628,80.38067279569806,26.861516796052456,41.3608563631773,1.4313737051561475,15380.665706634521,0.0,19.0,0.0,1.0,0.050000000000000044,1.735152019187808,1.7244514934718609,0.035668398602865636
double_cbad_dqn,800,587,89.9895973443985,79.95626934655013,30.004408441483974,59.9851888358593,1.525764400139451,16966.35764312744,0.0,27.0,0.0,2.0,0.050000000000000044,1.9899472389370203,1.9788253176957369,0.03707306401338428
double_cbad_dqn,800,588,78.18403555601836,79.4806810078025,28.011151298880577,50.17288430929184,1.496745158918202,16130.47492980957,0.0,25.0,0.0,4.0,0.050000000000000044,1.4305501952767372,1.4205330312252045,0.03339053818490356
double_cbad_dqn,800,589,82.29025717824697,79.7381663196534,28.33227228373289,53.95798456668854,1.4974528439342976,16173.095359802246,0.0,26.0,0.0,1.0,0.050000000000000044,1.5542981382459402,1.5449188109487295,0.03126436588354409
double_cbad_dqn,800,590,73.51704439520836,79.24442623004317,27.369297049939632,46.147747069597244,1.4651592522859573,15841.852191925049,0.0,23.0,0.0,1.0,0.050000000000000044,1.7256477549672127,1.7147577404975891,0.03630006033927202
double_cbad_dqn,800,591,107.7982264533639,80.22317210741342,34.04502607136965,73.75320017337799,1.6472764983773232,19512.645664215088,0.0,31.0,0.0,2.0,0.050000000000000044,1.9078393168747425,1.8986535295844078,0.030619251425378025
double_cbad_dqn,800,592,81.42980557084084,80.94647122599186,28.640781737864017,52.78902372121811,1.4858811059966683,16257.29556274414,0.0,24.0,0.0,2.0,0.050000000000000044,1.760556286200881,1.7509439252316952,0.03204119368456304
double_cbad_dqn,800,593,67.69886204600334,80.94569536827505,26.209416165947914,41.48944574594498,1.4354211641475558,14824.171646118164,0.0,19.0,0.0,0.0,0.050000000000000044,1.7990929875522852,1.7880687043070793,0.03674764942843467
double_cbad_dqn,800,594,69.026206420362,79.68223708048464,25.895122431218624,43.131084167957304,1.4427980491891503,15215.220680236816,0.0,21.0,0.0,3.0,0.050000000000000044,1.5303897000849247,1.5190937668085098,0.0376531375804916
double_cbad_dqn,800,595,80.28620469719172,80.3293937802315,29.365497313439846,50.920707458257674,1.5026844292879105,16930.37118911743,0.0,23.0,0.0,3.0,0.050000000000000044,2.305795595049858,2.294761149212718,0.036781467380933464
double_cbad_dqn,800,596,71.35051830857992,79.54010919399562,28.044579930603504,43.30593827366829,1.4358957717195153,15449.312103271484,0.0,21.0,0.0,0.0,0.050000000000000044,1.3016223069280386,1.2876238450407982,0.046661530155688524
double_cbad_dqn,800,597,69.30099968016148,78.62871217280629,26.37166441977024,42.92933506667614,1.4423315962776542,15102.293491363525,0.0,22.0,0.0,3.0,0.050000000000000044,1.8126819804310799,1.8012696281075478,0.03804118314292282
double_cbad_dqn,800,598,78.5857188552618,78.8527045658976,28.470145165920258,50.11557337641716,1.4840880278497934,16307.32706451416,0.0,23.0,0.0,1.0,0.050000000000000044,1.8385798633098602,1.8287443853914738,0.032784973504021764
double_cbad_dqn,800,599,67.04862516522408,78.19587789282204,27.373017370700836,39.67560779452324,1.4261903930455446,15559.383850097656,0.0,20.0,0.0,1.0,0.050000000000000044,1.553357845172286,1.5432916581630707,0.03355393745005131
