variant,model_seed,episode,cost,rolling_cost,immediate_cost,penalty,energy_use,latency_ms,thermal_violation,energy_violation,queue_violation,contact_violation,epsilon,loss,td_loss,auxiliary_loss
md_cbad_dqn,811,0,100.28423030078412,100.28423030078412,35.6828478872776,64.60138227939606,1.599578844383359,20330.063667297363,0.0,29.0,0.0,1.0,0.9954761904761905,,,
md_cbad_dqn,811,1,107.07740047574043,103.68081538826227,36.46953630447388,70.60786405205727,1.6469249287620187,21442.028049468994,0.0,30.0,0.0,1.0,0.9909523809523809,1.1611442565917969,1.152585744857788,0.028528397902846336
md_cbad_dqn,811,2,177.73425989063108,128.36529688905188,44.28415381908417,133.45010578842485,1.915933565236628,26712.852031707764,0.0,40.0,25.0,1.0,0.9864285714285714,1.1369205638766289,1.129063080996275,0.026191563229076564
md_cbad_dqn,811,3,123.93874850869179,127.25865979396185,42.86477963626385,81.07396873831749,1.7956694019958377,24566.451362609863,0.0,34.0,0.0,1.0,0.981904761904762,1.2691851034760475,1.26305490732193,0.02043395792134106
md_cbad_dqn,811,4,113.3336383998394,124.47365551513735,36.67464251816273,76.65899580717087,1.6744621498510242,21342.42996406555,0.0,33.0,0.0,1.0,0.9773809523809524,1.1396944634616375,1.135524831712246,0.013898795237764716
md_cbad_dqn,811,5,136.20602575445946,126.42905055502438,40.732278764247894,95.47374713922318,1.8801833810284734,25098.08656311035,0.0,36.0,8.0,0.0,0.9728571428571429,0.8989094756543636,0.8944736495614052,0.014786072657443583
md_cbad_dqn,811,6,133.58666404146948,127.45156676737368,37.89953453838825,95.68712895173822,1.793330010958016,23271.645065307617,0.0,32.0,15.0,3.0,0.9683333333333334,0.8363246433436871,0.8315359354019165,0.015962375153321773
md_cbad_dqn,811,7,96.24988590329886,123.55135665936432,33.1606712564826,63.08921409547329,1.5804421566426754,19297.598262786865,0.0,28.0,0.0,1.0,0.9638095238095238,0.8555571995675564,0.8505924381315708,0.016549229039810598
md_cbad_dqn,811,8,138.20745651894205,125.17981219931738,41.71332021057606,96.49413681500549,1.811601385474205,25164.452117919922,0.0,30.0,20.0,1.0,0.9592857142857143,0.8697111643850803,0.8624305799603462,0.02426862670108676
md_cbad_dqn,811,9,153.69317133291642,128.03114811267727,42.30723248422146,111.38593887849727,1.8608452044427395,25324.12952041626,0.0,34.0,27.0,2.0,0.9547619047619048,0.6768447197973728,0.6724145635962486,0.014767195214517415
md_cbad_dqn,811,10,119.32122523061552,127.23933694158076,39.461540661752224,79.85968468062204,1.7552149938419461,23569.49533843994,0.0,33.0,12.0,0.0,0.9502380952380952,0.584505008533597,0.5799070131033659,0.01532663987018168
md_cbad_dqn,811,11,150.23639223781197,129.1557582162667,40.92990857362747,109.30648388770189,1.9129731878638268,25021.421939849854,0.0,36.0,19.0,2.0,0.9457142857142857,0.4338667392730713,0.4288197420537472,0.0168233203003183
md_cbad_dqn,811,12,120.43388516046335,128.48484490428183,35.180558294057846,85.25332720913224,1.7257820153608918,21635.20241546631,0.0,31.0,16.0,1.0,0.9411904761904761,0.3342996072024107,0.3296386953443289,0.015536365797743201
md_cbad_dqn,811,13,122.49038544297218,128.056669228474,43.1648875772953,79.32549819350243,1.7244550036266446,24536.01943206787,0.0,33.0,0.0,0.0,0.9366666666666666,0.28691036347299814,0.28215939085930586,0.015836579143069685
md_cbad_dqn,811,14,170.41117730198513,130.8803031000414,47.87553536891937,122.53564214168205,1.9455443173646927,27834.11611557007,0.0,39.0,22.0,1.0,0.9321428571428572,0.24634210485965014,0.24206645507365465,0.014252157066948712
md_cbad_dqn,811,15,158.8438491504029,132.62802472818902,42.660472959280014,116.1833761315182,1.929129645228386,26248.014205932617,0.0,35.0,28.0,0.0,0.9276190476190476,0.5643403911963105,0.5594452368095517,0.016317180707119405
md_cbad_dqn,811,16,160.6417684375457,134.27589200520998,43.71886199712753,116.92290638081352,1.9034236259758472,26020.358100891113,0.0,37.0,31.0,0.0,0.9230952380952381,0.6514961067587137,0.6456073224544525,0.019629293645266443
md_cbad_dqn,811,17,141.60213536572996,134.68290552523888,46.595262840390205,95.00687258494443,1.9343520225957036,27181.13254928589,0.0,36.0,12.0,1.0,0.9185714285714286,0.41966163367033005,0.4147142320871353,0.01649132394231856
md_cbad_dqn,811,18,132.44898439170632,134.56533072873717,40.027460157871246,92.42152404011998,1.776943345554173,23619.2271194458,0.0,38.0,19.0,0.0,0.914047619047619,0.32097627129405737,0.3148442469537258,0.020440081250853837
md_cbad_dqn,811,19,106.86449088454246,133.18028873652742,36.509669467806816,70.35482134222984,1.717773661017418,21911.27142715454,0.0,30.0,0.0,2.0,0.9095238095238095,0.2812435235828161,0.2769750216975808,0.014228334417566657
md_cbad_dqn,811,20,137.32011490087066,135.03208296653176,41.96993865817785,95.35017645875963,1.798841760493815,24415.393440246582,0.0,37.0,20.0,0.0,0.905,0.2332779560238123,0.2285278970375657,0.015833530109375715
md_cbad_dqn,811,21,105.34619349241257,134.94552261736538,38.62322275340557,66.72297060489655,1.680343298241496,22468.724849700928,0.0,28.0,0.0,0.0,0.9004761904761904,0.24421283323317766,0.2400052323937416,0.014025332522578537
md_cbad_dqn,811,22,123.21922873759203,132.21977105971342,42.61533311009407,80.60389558279448,1.8228225307539105,25647.940013885498,0.0,32.0,11.0,0.0,0.895952380952381,0.21126821357756853,0.2073556208051741,0.013041975093074143
md_cbad_dqn,811,23,175.10098946002347,134.77788310727996,42.85934963077307,132.24163960573304,1.8886117227375507,26168.680698394775,0.0,36.0,29.0,1.0,0.8914285714285715,0.6278769448399544,0.6230395771563053,0.016124562884215266
md_cbad_dqn,811,24,102.52644149959087,134.23752326226756,38.43388909101486,64.09255248308182,1.66630541626364,21895.83754348755,0.0,28.0,0.0,1.0,0.8869047619047619,0.5622653122991323,0.5563878510147333,0.019591534684877843
md_cbad_dqn,811,25,97.36072218418121,132.29525808375365,35.19811959564686,62.16260248422623,1.6152050476521254,21138.602981567383,0.0,26.0,0.0,0.0,0.8823809523809524,0.3596463231369853,0.35365444235503674,0.019972931942902505
md_cbad_dqn,811,26,109.02438914328813,131.0671443388446,40.047380067408085,68.97700980603695,1.7175713023170829,22390.751707077026,0.0,30.0,0.0,2.0,0.8778571428571429,0.3356115845963359,0.3303846064954996,0.01742325467057526
md_cbad_dqn,811,27,162.5552545116883,134.38241276926408,39.78759644925594,122.76765806243233,1.8493124218657613,24107.5699634552,0.0,36.0,26.0,2.0,0.8733333333333333,0.2883413713425398,0.2835551621392369,0.01595402805833146
md_cbad_dqn,811,28,127.79717527314894,133.86189870697444,41.75279216468334,86.04438309356443,1.8943922771140933,25174.248538970947,0.0,36.0,9.0,1.0,0.8688095238095238,0.29591002501547337,0.29054923448711634,0.017869297706056386
md_cbad_dqn,811,29,120.14016278088093,132.18424827937264,40.18254289031029,79.95761907100677,1.761562398634851,23195.284393310547,0.0,33.0,0.0,0.0,0.8642857142857143,0.29947153106331825,0.2943301387131214,0.017137980787083507
md_cbad_dqn,811,30,114.20129077136517,131.92825155641015,41.512915432453156,72.68837612867355,1.771146978251636,23765.76694869995,0.0,32.0,0.0,1.0,0.8597619047619047,0.3045021379366517,0.29966545943170786,0.01612225384451449
md_cbad_dqn,811,31,111.08192136883736,129.97052801296138,38.79667080938816,72.28525002300739,1.7179745119065046,22403.26580810547,0.0,31.0,0.0,0.0,0.8552380952380952,0.7395741222426295,0.7329997271299362,0.021914665878284723
md_cbad_dqn,811,32,112.07308584451675,129.55248804716408,40.705755069851875,71.3673306107521,1.7416609795764089,23844.224822998047,0.0,30.0,0.0,0.0,0.8507142857142858,0.4603108633309603,0.4539896994829178,0.021070545888505876
md_cbad_dqn,811,33,117.01992507576942,129.27896502880392,39.66065876185894,77.35926592648029,1.766527235507965,22769.28614807129,0.0,32.0,0.0,3.0,0.8461904761904762,0.36456606071442366,0.3576970584690571,0.022896690294146538
md_cbad_dqn,811,34,119.099508212931,126.71338157435123,36.50730216503143,82.5922064204286,1.8455857709050179,23427.98355102539,0.0,30.0,9.0,1.0,0.8416666666666667,0.3741769017651677,0.36769061628729105,0.021620951360091567
md_cbad_dqn,811,35,117.72918300330639,124.6576482669964,38.44788996875286,79.28129315376282,1.7886653523892164,23020.565956115723,0.0,32.0,0.0,0.0,0.8371428571428572,0.4066891521215439,0.3998178606852889,0.022904317011125386
md_cbad_dqn,811,36,113.9372731089592,122.32242350056708,41.48620590567589,72.45106720328332,1.8360245153307915,24741.361198425293,0.0,30.0,0.0,1.0,0.8326190476190476,0.33193902112543583,0.32571972627192736,0.02073098305845633
md_cbad_dqn,811,37,107.74323692917824,120.62947857873948,41.24196583032608,66.5012713521719,1.7384491376578808,23462.148246765137,0.0,29.0,0.0,0.0,0.8280952380952381,0.3169093783944845,0.3100929157808423,0.022721528890542686
md_cbad_dqn,811,38,189.02527304530426,123.45829301141939,46.10185392200947,142.923419138196,1.983525974676013,28083.377853393555,0.0,34.0,26.0,1.0,0.8235714285714286,0.3371350970119238,0.3308192417025566,0.021052854019217193
md_cbad_dqn,811,39,124.2589103770256,124.32801398604354,42.216731145977974,82.04217957377433,1.8249139795079827,24688.903411865234,0.0,34.0,1.0,0.0,0.819047619047619,0.7778368573635817,0.7695097783580422,0.027756915194913745
md_cbad_dqn,811,40,135.42233613426876,124.23312504771343,40.01847667992115,95.40385940964413,1.8177196290344,23800.595539093018,0.0,37.0,11.0,0.0,0.8145238095238095,0.5277834460139275,0.5193631462752819,0.02806767262518406
md_cbad_dqn,811,41,196.0993358746037,128.77078216682298,47.29634062945843,148.80299534945343,2.0250627724453807,28380.094215393066,0.0,37.0,27.0,0.0,0.81,0.41173363011330366,0.40335085429251194,0.02794259670190513
md_cbad_dqn,811,42,116.38231933116913,128.42893669650184,38.38693927228451,77.99538052082062,1.711133978329599,21917.581588745117,0.0,32.0,0.0,0.0,0.8054761904761905,0.4324586661532521,0.4241655860096216,0.027643611654639244
md_cbad_dqn,811,43,125.18227829516144,125.93300113825872,39.23527128994465,85.94700702011795,1.8363183289766312,23929.78747177124,0.0,36.0,1.0,1.0,0.800952380952381,0.4025161676108837,0.393999170511961,0.028389999992214143
md_cbad_dqn,811,44,109.92121978998185,126.30274005277829,42.54376935958862,67.37745138406754,1.7372180921956897,24105.404823303223,0.0,29.0,0.0,1.0,0.7964285714285715,0.3991024624556303,0.39119312539696693,0.026364443823695183
md_cbad_dqn,811,45,142.282607350166,128.54883431107754,43.881492994725704,98.40111413937342,1.8861997351050377,26116.623403549194,0.0,37.0,12.0,1.0,0.7919047619047619,0.40888623893260956,0.39944832026958466,0.031459717778488994
md_cbad_dqn,811,46,116.50874876976013,128.92305229240114,39.842599257826805,76.66614931821823,1.7194966962561011,22699.632568359375,0.0,32.0,0.0,0.0,0.7873809523809524,0.5350320059806108,0.5263444343581796,0.028958568582311273
md_cbad_dqn,811,47,105.7795886784792,126.08426900074069,38.734043046832085,67.04554576575757,1.7289994172751904,22646.213689804077,0.0,29.0,0.0,1.0,0.7828571428571429,0.6395481247454882,0.6296888571232557,0.032864226726815104
md_cbad_dqn,811,48,95.26341450214386,124.45758096219042,33.12482017278671,62.138594418764114,1.6032894430682063,18928.927082061768,0.0,28.0,0.0,1.0,0.7783333333333333,0.43896044231951237,0.42860605381429195,0.034514617756940424
md_cbad_dqn,811,49,119.60603035241365,124.43087434076706,41.7803890183568,77.82564201951027,1.848799821920693,24513.280921936035,0.0,33.0,0.0,0.0,0.7738095238095238,0.41354065760970116,0.40364151168614626,0.03299713728483766
md_cbad_dqn,811,50,116.92354313433171,124.5669869589154,38.86518710851669,78.05835651755334,1.7329607969149947,22370.722106933594,0.0,33.0,0.0,1.0,0.7692857142857144,0.45722808688879013,0.4464984266087413,0.035765549866482615
md_cbad_dqn,811,51,107.57616909146309,124.39169934504669,41.81988576799631,65.75628293603658,1.7222507745027542,23396.509021759033,0.0,28.0,0.0,2.0,0.7647619047619048,0.4139976231381297,0.40390942618250847,0.033627313445322216
md_cbad_dqn,811,52,108.34024744480848,124.20505742506127,37.22914632409811,71.11110089719296,1.7484929580241442,22418.33070755005,0.0,30.0,0.0,1.0,0.7602380952380953,0.441767861135304,0.4315860215574503,0.03393946459982544
md_cbad_dqn,811,53,124.16851936023464,124.56248713928453,44.839838564395905,79.32868060212364,1.8633073111996055,26057.36471939087,0.0,33.0,2.0,2.0,0.7557142857142858,0.3922107135877013,0.3816102771088481,0.03533479105681181
md_cbad_dqn,811,54,131.3994936514594,125.17748641121095,41.191419169306755,90.20807363278647,1.8863351196050644,24829.639762878418,0.0,35.0,7.0,0.0,0.7511904761904762,0.6740018371492624,0.6634900942444801,0.035039150272496045
md_cbad_dqn,811,55,105.42464463412762,124.56225949275202,36.389450773596764,69.03519374132156,1.685460920445621,21180.427276611328,0.0,30.0,0.0,0.0,0.7466666666666667,0.7247754745185375,0.7117628175765276,0.04337553237564862
md_cbad_dqn,811,56,110.14250884205103,124.3725212794066,40.450618393719196,69.69189019501209,1.6496484149247408,22713.20062637329,0.0,30.0,0.0,1.0,0.7421428571428572,0.5831518284976482,0.5704836137592793,0.04222737671807408
md_cbad_dqn,811,57,115.56317928433418,124.7635183971644,36.6579724252224,78.90520709753036,1.7051938911899924,21072.068691253662,0.0,33.0,0.0,2.0,0.7376190476190476,0.5665088463574648,0.555439842864871,0.036896653939038515
md_cbad_dqn,811,58,127.90945481151213,121.70772748547479,37.72992239892483,90.17953232318031,1.8355930913239717,22615.026515960693,0.0,35.0,18.0,1.0,0.7330952380952381,0.5222927276045084,0.5106814298778772,0.038704331032931805
md_cbad_dqn,811,59,112.25847984254361,121.1077059587507,36.108491867780685,76.14998800456524,1.7457376392558217,21807.36685180664,0.0,34.0,0.0,1.0,0.7285714285714286,0.5928132589906454,0.5806432049721479,0.04056683671660721
md_cbad_dqn,811,60,109.05547659993172,119.78936298203385,38.28641365468502,70.7690634071827,1.7156586227938533,21927.71741104126,0.0,30.0,0.0,2.0,0.724047619047619,0.510314061306417,0.4981444636359811,0.040565297938883305
md_cbad_dqn,811,61,123.05888879597187,116.13734062810227,40.39708660542965,82.66180275678634,1.7913661850616336,23508.781188964844,0.0,36.0,0.0,2.0,0.7195238095238095,0.5284445881843567,0.5159406075254083,0.041679922956973314
md_cbad_dqn,811,62,133.4218909740448,116.98931921024602,47.43567106127739,85.98621973395348,1.8862923989072442,26993.551998138428,0.0,35.0,0.0,1.0,0.7150000000000001,0.7639030739665031,0.7506472542881966,0.04418606264516711
md_cbad_dqn,811,63,106.88642992079258,116.07452679152759,37.020443096756935,69.86598728597164,1.654247673228383,21102.352809906006,0.0,31.0,0.0,0.0,0.7104761904761905,0.5638658162206411,0.5508827092126012,0.043277007061988115
md_cbad_dqn,811,64,122.67395050823689,116.71216332744034,42.68624567985535,79.98770517110825,1.7411952009424567,24225.200008392334,0.0,33.0,0.0,0.0,0.7059523809523809,0.534853383898735,0.5208724206313491,0.046603207709267735
md_cbad_dqn,811,65,84.00066936761141,113.79806642831258,30.82539189606905,53.17527776956558,1.5701002618297935,18173.268795013428,0.0,23.0,0.0,1.0,0.7014285714285715,0.5723097063601017,0.5603173896670341,0.03997439658269286
md_cbad_dqn,811,66,134.76207020122413,114.71073249988581,41.57771247625351,93.18435739714509,1.911355646327138,24939.59129714966,0.0,35.0,7.0,1.0,0.6969047619047619,0.5214628670364618,0.5082932710647583,0.04389865044504404
md_cbad_dqn,811,67,116.7353942245245,115.25852277718806,38.548537373542786,78.18685764074326,1.8052494022995234,23146.363304138184,0.0,33.0,0.0,0.0,0.6923809523809523,0.655051302164793,0.6410924736410379,0.04652943112887442
md_cbad_dqn,811,68,130.79689091912195,117.03519659803696,40.834910579025745,89.96198051891014,1.801946459338069,23337.929920196533,0.0,36.0,14.0,2.0,0.687857142857143,0.5152008198201656,0.5020533800125122,0.04382477351464331
md_cbad_dqn,811,69,117.74075546264649,116.9419328535486,42.203300669789314,75.53745449483395,1.8281096071004868,25055.059280395508,0.0,31.0,0.0,2.0,0.6833333333333333,0.5952352564781904,0.581884203478694,0.04450348729733378
md_cbad_dqn,811,70,95.21426026672125,115.85646871016809,34.66419554501772,60.55006528794765,1.6127565978094935,20104.631679534912,0.0,26.0,0.0,1.0,0.6788095238095238,0.852580857463181,0.8377123642712831,0.04956162627786398
md_cbad_dqn,811,71,110.84845984876156,116.02008324803303,40.76679041981697,70.08166926503182,1.7852304726839066,23665.607822418213,0.0,30.0,0.0,1.0,0.6742857142857144,0.6805455833673477,0.6646365858614445,0.05302998679690063
md_cbad_dqn,811,72,118.584229439497,116.53228234776745,42.86112394928932,75.72310523688793,1.7762667080387473,24296.60431289673,0.0,33.0,0.0,0.0,0.6697619047619048,0.6158607108518481,0.6001211125403643,0.05246534454636276
md_cbad_dqn,811,73,115.36180760682184,116.09194676009682,37.19250652194023,78.16930124879438,1.8201016895473003,22700.691493988037,0.0,29.0,10.0,2.0,0.6652380952380952,0.5839137155562639,0.5684834141284227,0.051434347638860345
md_cbad_dqn,811,74,131.4964849203825,116.09679632354296,41.96912966668606,89.52735567092896,1.8342896765097976,23966.309532165527,0.0,38.0,0.0,1.0,0.6607142857142857,0.6205223053693771,0.6045270580798388,0.0533174779266119
md_cbad_dqn,811,75,98.70575370639563,115.76085177715636,35.176336362957954,63.52941791713238,1.6851698057726026,20805.236793518066,0.0,26.0,0.0,0.0,0.6561904761904762,0.5535471076145768,0.538184211589396,0.05120962951332331
md_cbad_dqn,811,76,91.72434405386448,114.83994353774703,34.283942095935345,57.440402621030806,1.6056664008647203,19392.738777160645,0.0,26.0,0.0,1.0,0.6516666666666667,0.5510543072596192,0.5352426804602146,0.05270540923811495
md_cbad_dqn,811,77,102.86824431419373,114.20519678924002,36.28001679480076,66.58822745978833,1.6448173429816961,20767.1248626709,0.0,30.0,0.0,1.0,0.6471428571428571,0.6972851026803255,0.6811201088130474,0.05388332414440811
md_cbad_dqn,811,78,89.11155965924263,112.26530203162653,34.05140355229378,55.06015567481518,1.5746821397915483,19687.50275039673,0.0,26.0,0.0,0.0,0.6426190476190476,0.9011167287826538,0.8840872384607792,0.05676496564410627
md_cbad_dqn,811,79,109.67259734869003,112.13600790693386,36.7455353140831,72.92706173658371,1.6651510754600167,21245.381031036377,0.0,31.0,0.0,1.0,0.6380952380952382,0.8053889404982328,0.7882972881197929,0.05697221402078867
md_cbad_dqn,811,80,107.4575557410717,112.05611186399085,38.78190916776657,68.67564710974693,1.6913108881562948,22167.40873336792,0.0,30.0,0.0,0.0,0.6335714285714286,0.6221615374088287,0.6061019320040941,0.053532011806964874
md_cbad_dqn,811,81,140.58874744659423,112.93260479652197,39.615395590662956,100.97335155790805,1.9212086824700236,24621.953063964844,0.0,36.0,12.0,1.0,0.6290476190476191,0.7897734418511391,0.7738429810851812,0.05310153099708259
md_cbad_dqn,811,82,114.58935928046704,111.99097821184307,39.886062517762184,74.70329603254795,1.736414317972958,22715.115173339844,0.0,32.0,0.0,3.0,0.6245238095238095,0.5261708702892065,0.5117214564234018,0.048164685955271125
md_cbad_dqn,811,83,104.66920515447855,111.88011697352738,35.86044775694609,68.80875706970691,1.7102413242682815,20784.408535003662,0.0,31.0,0.0,2.0,0.62,0.6852621706202626,0.6684909397736192,0.05590407527051866
md_cbad_dqn,811,84,104.16797171533108,110.95481803388209,36.304564103484154,67.86340779066086,1.6830601980909705,20908.886184692383,0.0,29.0,0.0,0.0,0.6154761904761905,0.687964079901576,0.6716355290263891,0.05442849756218493
md_cbad_dqn,811,85,103.3681888282299,111.92319400691301,36.551969200372696,66.81621967256069,1.7186940545216203,21339.282848358154,0.0,29.0,0.0,0.0,0.6109523809523809,0.6563137313351035,0.6430282052606344,0.0442850673571229
md_cbad_dqn,811,86,129.8189647436142,111.67603873403252,44.065543577075005,85.75342155396939,1.8045427855104208,24820.96129989624,0.0,37.0,0.0,2.0,0.6064285714285714,1.0443695671856403,1.0256217885762453,0.062492585740983486
md_cbad_dqn,811,87,92.01385611593723,110.43996182860317,31.06588752567768,60.94796820282936,1.5914544221013784,17800.49750137329,0.0,27.0,0.0,2.0,0.6019047619047619,0.6750469766557217,0.6583435833454132,0.055677975760772824
md_cbad_dqn,811,88,105.72996238768101,109.18661540203111,37.440761759877205,68.28920071721078,1.6739275762811303,21222.886474609375,0.0,29.0,0.0,1.0,0.5973809523809523,0.7087486069649458,0.6905162241309881,0.0607746122404933
md_cbad_dqn,811,89,107.2860102891922,108.6638781433584,35.01583554595709,72.2701749444008,1.6477965554222465,19851.679807662964,0.0,33.0,0.0,1.0,0.592857142857143,0.6924079731106758,0.6760308537632227,0.05459040799178183
md_cbad_dqn,811,90,87.03012467175722,108.25467136361019,30.046625576913357,56.9834992736578,1.5209223767742515,17256.929021835327,0.0,27.0,0.0,1.0,0.5883333333333334,0.735406257212162,0.7183360233902931,0.056900780415162444
md_cbad_dqn,811,91,123.71695887446404,108.89809631489531,40.7071438729763,83.00981613397599,1.8057220866903663,23710.94478225708,0.0,34.0,0.0,1.0,0.5838095238095238,0.7098033055663109,0.693578016012907,0.05408427771180868
md_cbad_dqn,811,92,102.25312949717045,108.08154131777898,35.375011682510376,66.87811781466007,1.6015080800279975,19781.174058914185,0.0,29.0,0.0,0.0,0.5792857142857144,0.7173906397074461,0.7002416718751192,0.057163226418197155
md_cbad_dqn,811,93,104.68478000164032,107.5476899375199,37.30486089736223,67.37991923093796,1.6633960017934442,21121.385913848877,0.0,30.0,0.0,0.0,0.5747619047619048,0.8767364714294672,0.8600380979478359,0.055661241291090846
md_cbad_dqn,811,94,107.49172710180282,106.34745204659093,37.95771814882755,69.53400907218456,1.6810250179842114,21476.991216659546,0.0,29.0,0.0,3.0,0.5702380952380952,0.9875448346138,0.9695442728698254,0.06000187783502042
md_cbad_dqn,811,95,95.66012241840363,106.19517048219132,34.976124688982964,60.68399719297886,1.6219966420903802,19748.04981613159,0.0,26.0,0.0,1.0,0.5657142857142857,0.9456481207162142,0.9278991650789976,0.059163172729313374
md_cbad_dqn,811,96,99.62907767295837,106.59040716314603,34.631457477808,64.99762028455734,1.6494948137551546,20074.744819641113,0.0,29.0,0.0,1.0,0.5611904761904762,0.8506163321435452,0.8331393301486969,0.05825668084435165
md_cbad_dqn,811,97,87.3932069092989,105.81665529290129,31.731242790818214,55.66196417808533,1.5676016686484218,18252.16328048706,0.0,23.0,0.0,0.0,0.5566666666666666,0.7506094127893448,0.7332840291783214,0.05775124905630946
md_cbad_dqn,811,98,104.48573498725891,106.58536405930211,37.702617570757866,66.78311719298362,1.6269748359918594,20971.518562316895,0.0,30.0,0.0,3.0,0.5521428571428572,0.6732129156589508,0.6571753211319447,0.053458666894584894
md_cbad_dqn,811,99,92.8094159886241,105.74220499129879,32.39950808137655,60.40990801155567,1.5944599080830812,18498.202894210815,0.0,28.0,0.0,0.0,0.5476190476190477,0.817652614787221,0.8007754608988762,0.05625717085786164
md_cbad_dqn,811,100,94.23752897977829,105.08120365323411,33.283178836107254,60.95435053110123,1.592650843784213,19085.68169403076,0.0,27.0,0.0,0.0,0.5430952380952381,0.6521811597049236,0.6334386318922043,0.062475076178088784
md_cbad_dqn,811,101,101.62469941526652,103.13300125166772,34.21322946250439,67.41146978139878,1.7511390671133995,20845.863731384277,0.0,29.0,0.0,1.0,0.5385714285714286,0.907801978290081,0.890402439981699,0.0579984406940639
md_cbad_dqn,811,102,112.69963850080967,103.03851521268489,35.5423107072711,77.15732806921005,1.6887278435751796,20457.35139465332,0.0,33.0,0.0,0.0,0.5340476190476191,0.9472675994038582,0.9284458048641682,0.06273928610607982
md_cbad_dqn,811,103,96.7120257422328,102.6406562420726,34.30078562349081,62.411240342259404,1.6132895415648818,19787.471687316895,0.0,27.0,0.0,2.0,0.5295238095238095,0.6876144129782915,0.6706060636788607,0.05669449828565121
md_cbad_dqn,811,104,93.46821734309196,102.10566852346064,34.32622040808201,59.14199650287628,1.626355119049549,19834.680099487305,0.0,27.0,0.0,0.0,0.525,0.9194571673870087,0.9028411097824574,0.055386830819770694
md_cbad_dqn,811,105,124.4454393684864,103.15953105047348,42.30531318485737,82.1401268094778,1.8176372898742557,24255.670085906982,0.0,35.0,0.0,1.0,0.5204761904761905,0.8596101813018322,0.8424921035766602,0.057060266146436334
md_cbad_dqn,811,106,102.49090184569359,101.79312790557742,35.721467815339565,66.76943467855453,1.6641319170594215,20270.317947387695,0.0,29.0,0.0,2.0,0.5159523809523809,0.6920239562168717,0.674291018396616,0.059109811671078205
md_cbad_dqn,811,107,98.69109631329775,102.12698991544545,33.69114912301302,64.99994651973248,1.6146974572911859,19415.594478607178,0.0,29.0,0.0,0.0,0.5114285714285716,0.7078950889408588,0.6899251285940409,0.0598998770583421
md_cbad_dqn,811,108,99.76625773310661,101.82880468271672,34.64659786224365,65.11966007947922,1.654645724222064,20304.022521972656,0.0,29.0,0.0,1.0,0.506904761904762,0.8854950517416,0.8675764873623848,0.059728546533733606
md_cbad_dqn,811,109,96.86062362790108,101.30753534965217,32.48396676033735,64.37665712833405,1.6516972733661532,19119.063480377197,0.0,27.0,0.0,0.0,0.5023809523809524,1.0076763518154621,0.9919063914567232,0.05256654508411884
md_cbad_dqn,811,110,128.02219162881374,103.35713869750501,41.337467432022095,86.68472489714622,1.8335850089788437,23575.15449142456,0.0,36.0,0.0,0.0,0.4978571428571429,0.829426733776927,0.8117098957300186,0.05905612022615969
md_cbad_dqn,811,111,100.980095975101,102.22029555253684,33.9799899160862,67.00010657310486,1.6399247869849205,19692.038011550903,0.0,29.0,0.0,1.0,0.4933333333333334,0.8228454124182463,0.8048030585050583,0.06014120811596513
md_cbad_dqn,811,112,113.26065969467163,102.7706720624119,41.09596785902977,72.16469192504883,1.788410664536059,23950.2670211792,0.0,31.0,0.0,1.0,0.4888095238095238,0.8252302557229996,0.8071932382881641,0.06012339610606432
md_cbad_dqn,811,113,107.68631215691566,102.92074867017568,36.95897810161114,70.72733463644981,1.7222802927717566,21598.718029022217,0.0,31.0,0.0,2.0,0.4842857142857143,0.9140707086771727,0.8961788602173328,0.05963954236358404
md_cbad_dqn,811,114,121.12135873734951,103.602230251953,39.208960980176926,81.9123969078064,1.7811723500490189,22957.89023590088,0.0,33.0,0.0,1.0,0.4797619047619047,0.7638227380812168,0.7461732849478722,0.058831517468206584
md_cbad_dqn,811,115,84.03453916013241,103.02095108903946,31.367775917053223,52.66676303446293,1.5119600407779217,17213.005657196045,0.0,23.0,0.0,3.0,0.47523809523809524,1.0324862748384476,1.0145166888833046,0.05989860184490681
md_cbad_dqn,811,116,104.61836847662926,103.270415629223,34.30139374732971,70.31697481870651,1.6289360616356134,19250.37794494629,0.0,31.0,0.0,1.0,0.47071428571428575,0.6278344802558422,0.6118675973266363,0.05322293774224818
md_cbad_dqn,811,117,122.16631766557694,105.00907116703688,35.9477453827858,86.21857205927373,1.7556497287005186,21461.573516845703,0.0,36.0,0.0,2.0,0.46619047619047627,1.1321358140558004,1.1119933817535639,0.06714139902032912
md_cbad_dqn,811,118,113.6332543194294,105.46644713364545,39.09373623132706,74.53951844573021,1.7543527018278837,22160.245433807373,0.0,33.0,0.0,0.0,0.46166666666666667,0.7796598263084888,0.7619968187063932,0.05887672048993409
md_cbad_dqn,811,119,89.53248677551747,105.3026006729901,33.31474217772484,56.21774443387985,1.5734049957245588,18879.808254241943,0.0,25.0,0.0,1.0,0.4571428571428572,1.0333645939826965,1.0139996483922005,0.0645498416852206
md_cbad_dqn,811,120,96.04185221344233,105.3928168346733,34.418638817965984,61.62321302294731,1.6176351178437471,19345.17246246338,0.0,27.0,0.0,0.0,0.4526190476190477,0.8729398958384991,0.8565446529537439,0.054650830337777734
md_cbad_dqn,811,121,118.38458375930786,106.23081105187536,37.78178709745407,80.60279652774334,1.7318026702851057,21217.337558746338,0.0,33.0,0.0,3.0,0.4480952380952381,0.9018808044493198,0.8838263787329197,0.060181420762091875
md_cbad_dqn,811,122,82.60546567291021,104.72610241048037,30.621696926653385,51.98376902937889,1.5656777378171682,18133.532947540283,0.0,23.0,0.0,0.0,0.4435714285714286,0.9906473327428102,0.9730293303728104,0.058726669289171696
md_cbad_dqn,811,123,100.2178049609065,104.90139137141405,36.97607535868883,63.241728857159615,1.6522142784669995,20616.489780426025,0.0,27.0,0.0,0.0,0.439047619047619,0.8325357288122177,0.8142875023186207,0.06082741846330464
md_cbad_dqn,811,124,116.3674115985632,106.0463510841876,41.725985676050186,74.6414257735014,1.759307219646871,23472.01618385315,0.0,33.0,0.0,0.0,0.43452380952380953,0.869308840483427,0.852058794349432,0.05750014423392713
md_cbad_dqn,811,125,100.21158627569676,104.83465842954816,35.88041973859072,64.33116629123688,1.639929935336113,20308.470527648926,0.0,28.0,0.0,1.0,0.43000000000000005,1.0881399288773537,1.0677579194307327,0.0679400332737714
md_cbad_dqn,811,126,92.41602474451065,104.330914574489,30.32973201572895,62.0862922668457,1.5784259643405676,17575.901363372803,0.0,28.0,0.0,1.0,0.42547619047619056,0.9231599755585194,0.9062239397317171,0.056453435914590955
md_cbad_dqn,811,127,91.09998933970928,103.95135922580957,33.03956148028374,58.06042738258839,1.5493828551843762,18531.99649810791,0.0,27.0,0.0,0.0,0.42095238095238097,1.2045945394784212,1.1878553181886673,0.05579740449320525
md_cbad_dqn,811,128,122.52359890937805,105.08922628462315,36.70566339790821,85.81793516874313,1.7503205016255379,21313.421195983887,0.0,36.0,0.0,0.0,0.41642857142857137,0.9450498335063457,0.9274639785289764,0.0586195201613009
md_cbad_dqn,811,129,101.57179546356201,105.3247848764062,34.27216465771198,67.2996312379837,1.6307075414806604,19217.387630462646,0.0,29.0,0.0,2.0,0.4119047619047619,0.9968860819935799,0.9784652069211006,0.061402921099215746
md_cbad_dqn,811,130,126.91044410467148,105.26919750019908,39.14793157577515,87.76251205205918,1.7889548186212778,22211.624137878418,0.0,36.0,0.0,1.0,0.4073809523809524,0.9424517415463924,0.9244880173355341,0.05987906223163009
md_cbad_dqn,811,131,93.13521865159274,104.87695363402368,30.850189365446568,62.28502898812294,1.6222836766391993,18238.247020721436,0.0,28.0,0.0,1.0,0.4028571428571429,0.917108204215765,0.8984147422015667,0.06231156247667968
md_cbad_dqn,811,132,107.29594895243645,104.57871809691191,35.44354897737503,71.8523994833231,1.6490086410194635,19841.159225463867,0.0,31.0,0.0,1.0,0.39833333333333343,1.0929838716983795,1.0755141340196133,0.058232389856129885
md_cbad_dqn,811,133,89.43785145431757,103.66629506178201,31.631481856107712,57.806369858980176,1.5200626971200109,17469.805618286133,0.0,25.0,0.0,2.0,0.39380952380952383,1.1790810786187649,1.1604405641555786,0.062135033775120974
md_cbad_dqn,811,134,103.34436241537333,102.7774452456832,37.55695525556803,65.78740701079369,1.709236062131822,21402.68776321411,0.0,29.0,0.0,0.0,0.38928571428571423,0.8018985260277987,0.7833830676972866,0.06171822501346469
md_cbad_dqn,811,135,104.78213939070702,103.81482525721194,34.49817977100611,70.28395956754684,1.6824387637898326,20347.395881652832,0.0,30.0,0.0,1.0,0.38476190476190475,0.8811913058161736,0.863743407651782,0.05815961793996394
md_cbad_dqn,811,136,95.91136243343354,103.37947495505213,35.93169565498829,59.97966701686382,1.6642744205892086,20744.544010162354,0.0,27.0,0.0,1.0,0.38023809523809526,0.9901489112526178,0.9730040598660707,0.05714947823435068
md_cbad_dqn,811,137,104.66972448825837,102.50464529618621,36.592792972922325,68.07693175375462,1.6399289667606354,20293.043773651123,0.0,29.0,0.0,1.0,0.3757142857142858,0.8978656064718962,0.8803569339215755,0.05836223578080535
md_cbad_dqn,811,138,94.10483249425889,101.52822420492768,30.793753638863564,63.31107861697674,1.5481578148901463,17465.243995666504,0.0,28.0,0.0,1.0,0.3711904761904763,1.0000650398433208,0.981766402721405,0.060995460487902164
md_cbad_dqn,811,139,90.91500177383423,101.59734995484355,33.00988930463791,57.90511221587658,1.5523180179297924,18606.889415740967,0.0,25.0,0.0,1.0,0.3666666666666667,0.8523584473878145,0.8359042350202799,0.054847361985594034
md_cbad_dqn,811,140,81.76930139958858,100.88372241415084,29.99522425979376,51.77407693862915,1.5273200878873467,17289.205348968506,0.0,26.0,0.0,0.0,0.3621428571428572,0.9444427266716957,0.9260366130620241,0.06135368533432484
md_cbad_dqn,811,141,90.00392612814903,99.4646895325929,31.54592674970627,58.457999765872955,1.5911156060174108,18429.20525741577,0.0,26.0,0.0,0.0,0.3576190476190476,1.0838288012892008,1.06663179397583,0.0573233722243458
md_cbad_dqn,811,142,112.23827534168959,100.94633001603185,37.36610274761915,74.87217259407043,1.6517394203692675,20723.665493011475,0.0,33.0,0.0,1.0,0.35309523809523813,0.9778745323419571,0.9605204220861197,0.05784705630503595
md_cbad_dqn,811,143,96.98911638557911,100.7848955872655,33.42181818187237,63.56729832291603,1.6130206612870097,18788.066207885742,0.0,27.0,0.0,1.0,0.34857142857142864,0.9584677927196026,0.940539913251996,0.059759572613984346
md_cbad_dqn,811,144,82.82344188541174,99.10769710160791,30.851619444787502,51.97182244062424,1.5256813019514084,17852.38405227661,0.0,23.0,0.0,0.0,0.34404761904761905,1.0184580069035292,1.0010043028742075,0.05817898944951594
md_cbad_dqn,811,145,117.27900390326977,99.96106798298658,38.38768011331558,78.89132398366928,1.747197256423533,22018.17788696289,0.0,33.0,0.0,1.0,0.33952380952380956,1.0056038349866867,0.9890315197408199,0.055241059977561235
md_cbad_dqn,811,146,96.99170082062483,100.18985178679227,32.54778768867254,64.44391316175461,1.6552274748682976,19252.651306152344,0.0,30.0,0.0,0.0,0.3350000000000001,0.847183195874095,0.8311352394521236,0.0534931825241074
md_cbad_dqn,811,147,119.63860444128514,101.61678254187107,41.38484966754913,78.25375453531743,1.7730815187096596,22799.545890808105,0.0,33.0,0.0,2.0,0.3304761904761905,0.8401588387787342,0.8237985204905272,0.05453441012650728
md_cbad_dqn,811,148,97.44812142848969,100.36300866782666,33.449595399200916,63.99852567911148,1.6201022183522582,19279.984169006348,0.0,29.0,0.0,0.0,0.325952380952381,0.870551347732544,0.8551528658717871,0.05132827605120838
md_cbad_dqn,811,149,91.9534258544445,99.88209018737078,30.752772957086563,61.200652956962585,1.596076044254005,18049.941123962402,0.0,27.0,0.0,0.0,0.3214285714285714,1.1805867739021778,1.1646155342459679,0.05323744472116232
md_cbad_dqn,811,150,111.49130487442017,99.11113322585823,38.655065819621086,72.83623893558979,1.7440844597294927,22259.25079345703,0.0,32.0,0.0,1.0,0.3169047619047619,0.9801536295562983,0.9646042808890343,0.0518311767373234
md_cbad_dqn,811,151,110.8972744345665,99.9992360150069,37.2377453148365,73.65952941775322,1.731578673236072,21525.422882080078,0.0,30.0,0.0,0.0,0.3123809523809524,0.8003084305673838,0.7837287243455648,0.05526570160873234
md_cbad_dqn,811,152,79.67026606500148,98.61795187063515,27.60929922759533,52.06096710562706,1.4942963756620884,15747.676399230957,0.0,23.0,0.0,2.0,0.30785714285714294,0.9958291053771973,0.9789299517869949,0.056330479914322495
md_cbad_dqn,811,153,95.96941910684109,98.94453025326132,32.293893329799175,63.67552596330643,1.547426350414753,18011.75732421875,0.0,28.0,0.0,0.0,0.30333333333333345,0.9542803727090359,0.9390476047992706,0.050775870215147734
md_cbad_dqn,811,154,112.48675872385502,99.40165006868541,34.78852142393589,77.69823771715164,1.695473455823958,19844.730136871338,0.0,33.0,0.0,0.0,0.29880952380952375,1.1508853770792484,1.135898232460022,0.049957110080868006
md_cbad_dqn,811,155,86.21393872499466,98.4732400353998,33.08207282423973,53.131865826249125,1.5413360856473446,17889.940769195557,0.0,25.0,0.0,3.0,0.29428571428571426,0.9347847066819668,0.9197891484946012,0.049985173041932285
md_cbad_dqn,811,156,90.61718658506871,98.20853124298156,33.290592193603516,57.326594614982604,1.5547942081466317,18143.403566360474,0.0,25.0,0.0,1.0,0.2897619047619048,1.1596353221684694,1.14371969550848,0.053052065428346395
md_cbad_dqn,811,157,96.17888303995133,97.78398917056622,32.09929812699556,64.07958465218545,1.5621620081365108,17810.930461883545,0.0,28.0,0.0,1.0,0.2852380952380953,1.1204982474446297,1.1046614795923233,0.05278924235608429
md_cbad_dqn,811,158,106.12431149184704,98.38496312044562,35.01758726686239,71.1067243218422,1.6615030253306031,19789.20092010498,0.0,30.0,0.0,0.0,0.2807142857142858,0.858310554176569,0.8410076647996902,0.05767627363093197
md_cbad_dqn,811,159,96.23556807041169,98.6509914352745,33.380695432424545,62.85487266778946,1.5636105844751,18299.40386199951,0.0,28.0,0.0,1.0,0.2761904761904763,1.3391695134341717,1.3234127908945084,0.05252243275754154
md_cbad_dqn,811,160,74.94056092351676,98.3095544114709,27.728049591183662,47.21251111626625,1.465656434185803,15631.45412826538,0.0,22.0,0.0,1.0,0.2716666666666666,0.9848396591842175,0.9711229912936687,0.04572224756702781
md_cbad_dqn,811,161,87.79876513034105,98.19929636158051,33.41349882632494,54.38526701927185,1.5860746121034026,18726.256982803345,0.0,24.0,0.0,1.0,0.2671428571428571,1.0581036023795605,1.0421776697039604,0.0530864589381963
md_cbad_dqn,811,162,112.4190823957324,98.20833671428264,34.807780392467976,77.61130210757256,1.6747201960533857,19320.340858459473,0.0,33.0,0.0,1.0,0.26261904761904764,1.0079328678548336,0.9906075429171324,0.05775106919463724
md_cbad_dqn,811,163,104.61676478385925,98.58971913419666,35.582918748259544,69.03384660184383,1.677641311660409,20077.051792144775,0.0,30.0,0.0,0.0,0.25809523809523816,0.9044728353619576,0.8898709770292044,0.04867286724038422
md_cbad_dqn,811,164,75.80060318261386,98.23857719905675,27.402665972709656,48.39793702363968,1.495340353809297,15859.226387023926,0.0,24.0,0.0,2.0,0.25357142857142867,1.2315115928649902,1.215800017118454,0.052371890284121037
md_cbad_dqn,811,165,91.33550071716309,96.94140203975141,33.6501819640398,57.685318633913994,1.651851282455027,19784.17212677002,0.0,27.0,0.0,0.0,0.24904761904761907,1.1381143350154161,1.1227957587689161,0.051061923149973154
md_cbad_dqn,811,166,76.99165579676628,95.94139978855848,27.350139893591404,49.64151619374752,1.4848562022671103,15706.732818603516,0.0,22.0,0.0,0.0,0.2445238095238096,0.9498695973306894,0.9350571492686868,0.0493748146109283
md_cbad_dqn,811,167,90.45951421558857,94.48244527727365,32.4672189950943,57.992295026779175,1.5947677455842495,18485.019634246826,0.0,26.0,0.0,0.0,0.24,0.8898482192307711,0.8744269460439682,0.051404232159256935
md_cbad_dqn,811,168,102.05713032484054,94.71289572209119,35.050885036587715,67.0062452584505,1.642015978693962,19425.568519592285,0.0,30.0,0.0,2.0,0.2354761904761905,1.1993550322949886,1.1851968802511692,0.047193810576573014
md_cbad_dqn,811,169,87.77102100104094,94.50377547942102,30.63681945949793,57.13420130312443,1.5122643550857902,17106.935932159424,0.0,26.0,0.0,0.0,0.23095238095238102,1.1317766178399324,1.1181720905005932,0.045348412822932005
md_cbad_dqn,811,170,105.30325152724981,94.1943728120625,35.1264131590724,70.17683859169483,1.6343626836314797,19782.64727973938,0.0,31.0,0.0,1.0,0.22642857142857142,0.7885085921734571,0.7724233623594046,0.05361743341200054
md_cbad_dqn,811,171,105.91790510118008,93.94540434539319,34.718015387654305,71.19988975822926,1.645789816044271,19480.74058532715,0.0,30.0,0.0,1.0,0.22190476190476194,1.0725568179041147,1.0591789279133081,0.04459297424182296
md_cbad_dqn,811,172,88.94784481078386,94.40928328268231,32.43055411428213,56.517290621995926,1.5574990073218942,18114.84362411499,0.0,26.0,0.0,0.0,0.21738095238095245,1.049721209332347,1.0347569901496172,0.04988074372522533
md_cbad_dqn,811,173,84.70316845476627,93.84597075007856,29.86230356618762,54.84086491465568,1.5085974521934986,16847.32569503784,0.0,25.0,0.0,4.0,0.21285714285714286,1.216408010572195,1.2030002642422915,0.044692461960949004
md_cbad_dqn,811,174,95.03228172063828,92.97324689991773,34.562891595065594,60.46939059495926,1.6172491060569882,19636.265281677246,0.0,26.0,0.0,1.0,0.20833333333333337,1.0250514540821314,1.010348528623581,0.04900975164491683
md_cbad_dqn,811,175,94.77092891931534,93.40109640963375,32.14246675372124,62.62846219539642,1.5277455896139145,17894.30980682373,0.0,28.0,0.0,0.0,0.20380952380952377,0.9797642081975937,0.9644341375678778,0.05110024125315249
md_cbad_dqn,811,176,95.11031911671162,93.62575303621591,31.39777383953333,63.71254518032074,1.5565446261316538,17743.051860809326,0.0,27.0,0.0,1.0,0.1992857142857143,1.1495592556893826,1.1355191562324762,0.04680030909366906
md_cbad_dqn,811,177,86.19921380281448,93.12676957435906,31.561804056167603,54.63741001486778,1.5575625849887729,18096.449058532715,0.0,24.0,0.0,0.0,0.1947619047619048,0.9715848825871944,0.9579247310757637,0.04553385265171528
md_cbad_dqn,811,178,77.36771138757467,91.68893956914545,29.202375203371048,48.16533553600311,1.489643200300634,16296.9624710083,0.0,23.0,0.0,0.0,0.19023809523809532,0.8809683155268431,0.8676002323627472,0.04456030623987317
md_cbad_dqn,811,179,88.78200592398643,91.31626146182417,30.45923487842083,58.32277128398418,1.5268612448126078,17153.454559326172,0.0,26.0,0.0,2.0,0.18571428571428583,1.0431677680462599,1.0297826007008553,0.04461723437998444
md_cbad_dqn,811,180,102.9021854043007,92.71434268586339,35.55122673511505,67.3509584158659,1.6415733313187957,20179.836990356445,0.0,29.0,0.0,1.0,0.18119047619047624,1.199805498123169,1.1861540470272303,0.04550485755316913
md_cbad_dqn,811,181,64.91123905032873,91.56996638186276,25.34963694214821,39.56160245835781,1.3787220008671284,14578.508907318115,0.0,20.0,0.0,0.0,0.17666666666666664,1.0709658991545439,1.0562583785504103,0.04902507574297488
md_cbad_dqn,811,182,87.98845127224922,90.3484348256886,30.82438161969185,57.164069175720215,1.5655268896371126,17814.76856994629,0.0,27.0,0.0,1.0,0.17214285714285715,0.8708565551787615,0.8575542606413364,0.04434094962198287
md_cbad_dqn,811,183,84.226234421134,89.32890830755234,31.771919414401054,52.454315170645714,1.536405042745173,17636.512268066406,0.0,23.0,0.0,0.0,0.16761904761904767,1.1827198807150126,1.169224726036191,0.04498380050063133
md_cbad_dqn,811,184,88.01897050440311,89.9398266736418,31.185759857296944,56.83321097493172,1.5150287169963121,17790.983306884766,0.0,26.0,0.0,0.0,0.16309523809523818,0.8802488092333078,0.8668834641575813,0.04455116169992834
md_cbad_dqn,811,185,75.43706369400024,89.14490482248365,28.36850917339325,47.06855444610119,1.499929876998067,16023.790992736816,0.0,24.0,0.0,1.0,0.1585714285714287,0.9052019435912371,0.891070369631052,0.04710521106608212
md_cbad_dqn,811,186,101.24485126137733,90.35756459571421,34.123292326927185,67.12155915796757,1.6052580568939447,19170.345218658447,0.0,31.0,0.0,1.0,0.1540476190476191,1.0936316829174757,1.080472907051444,0.04386262339539826
md_cbad_dqn,811,187,74.5618781670928,89.56268279328943,28.268884725868702,46.292993664741516,1.4726872621104121,16045.944877624512,0.0,21.0,0.0,0.0,0.1495238095238095,1.0807477571070194,1.0663034487515688,0.04814770712982863
md_cbad_dqn,811,188,90.1457622051239,88.9671143873036,31.047222338616848,59.09853973984718,1.5582567220553756,17532.650260925293,0.0,26.0,0.0,0.0,0.14500000000000002,1.2261739280074835,1.2123132478445768,0.04620229033753276
md_cbad_dqn,811,189,78.14905586838722,88.4860161306709,30.129491731524467,48.019564002752304,1.4981039222329855,16733.90781402588,0.0,24.0,0.0,0.0,0.14047619047619053,0.9812187794595957,0.968578040599823,0.04213577136397362
md_cbad_dqn,811,190,108.05014181137085,88.62336064487695,36.33624488115311,71.71389669179916,1.7086404664441943,20573.294872283936,0.0,30.0,0.0,0.0,0.13595238095238105,1.2188212145119905,1.2055580113083124,0.04421068588271737
md_cbad_dqn,811,191,80.68112350255251,87.36152156494559,28.38533339649439,52.295790016651154,1.4768453100696206,15815.80920791626,0.0,24.0,0.0,3.0,0.13142857142857145,1.025622058659792,1.010972160845995,0.048832989763468504
md_cbad_dqn,811,192,77.5349765047431,86.79087814964355,31.772704176604748,45.76227267086506,1.534241871908307,17939.43200302124,0.0,22.0,0.0,1.0,0.12690476190476196,1.0819800235331059,1.0690322369337082,0.0431592867244035
md_cbad_dqn,811,193,105.64210946261883,87.83782520003618,36.36463625729084,69.27747304141522,1.705295274965465,21051.341827392578,0.0,30.0,0.0,1.0,0.12238095238095237,1.1074686627835035,1.0938441399484873,0.0454150706063956
md_cbad_dqn,811,194,95.3214178264141,87.85228200532495,32.42663874477148,62.8947794765234,1.5796050792559981,18191.263956069946,0.0,29.0,0.0,2.0,0.11785714285714288,1.2533461414277554,1.2390181347727776,0.047760001150891185
md_cbad_dqn,811,195,88.60420524030924,87.54394582137465,31.180648557841778,57.42355655580759,1.5179197136312723,17251.776012420654,0.0,25.0,0.0,4.0,0.1133333333333334,1.1342425495386124,1.1210485883057117,0.043979891343042254
md_cbad_dqn,811,196,85.92165398597717,87.08451256483794,30.453987896442413,55.467666029930115,1.522427904419601,16987.929832458496,0.0,26.0,0.0,0.0,0.1088095238095238,1.1424446441233158,1.1283759102225304,0.04689580714330077
md_cbad_dqn,811,197,84.45829432457685,86.99746659092605,32.4346529468894,52.023641705513,1.5386092569679022,18220.94188117981,0.0,24.0,0.0,1.0,0.10428571428571431,1.1547742504626513,1.1397132966667414,0.050203173188492656
md_cbad_dqn,811,198,75.54506506919861,86.90633427500725,27.345086745917797,48.19997859895229,1.4224338345229626,15293.915431976318,0.0,23.0,0.0,1.0,0.09976190476190483,1.1623322442173958,1.1464357115328312,0.05298841116018593
md_cbad_dqn,811,199,89.21810705959797,86.92813933178783,31.80558554828167,57.41252148151398,1.5416151760146022,18050.825412750244,0.0,25.0,0.0,1.0,0.09523809523809534,1.094084968790412,1.080097932368517,0.04662350076250732
md_cbad_dqn,811,200,78.75042463988066,85.72055129356684,29.03644109517336,49.71398391723633,1.5188343785703182,16742.00708770752,0.0,23.0,0.0,1.0,0.09071428571428575,1.2603030111640692,1.2463514786213636,0.04650510067585856
md_cbad_dqn,811,201,74.18244247436523,86.18411146476866,28.07528120279312,46.107160720229146,1.4609184684231877,15888.928094863892,0.0,21.0,0.0,2.0,0.08619047619047626,1.1167234014719725,1.1031513679772615,0.04524009698070586
md_cbad_dqn,811,202,71.36936937272549,85.35315736979246,28.11352002620697,43.255849570035934,1.4442758383229375,15983.352252960205,0.0,21.0,0.0,1.0,0.08166666666666667,1.0831985529512167,1.0707957483828068,0.041342706652358174
md_cbad_dqn,811,203,87.87251068651676,85.5354711830616,30.668559797108173,57.20395117998123,1.498943043872714,17141.074256896973,0.0,26.0,0.0,1.0,0.07714285714285718,1.1613154150545597,1.1463034097105265,0.05003998358733952
md_cbad_dqn,811,204,83.10527838170529,85.28978657692672,29.943318478763103,53.16196029782295,1.5232238117605448,17162.422746658325,0.0,25.0,0.0,1.0,0.0726190476190477,0.8402853598818183,0.8271325938403606,0.04384251346345991
md_cbad_dqn,811,205,103.66383968293667,86.70112537637354,32.016600258648396,71.64723944664001,1.5986146992072463,17727.76470184326,0.0,32.0,0.0,0.0,0.06809523809523821,1.3035850301384926,1.2888480611145496,0.04912323027383536
md_cbad_dqn,811,206,70.72537069022655,85.175151347816,26.706938982009888,44.01843163371086,1.4206740371882915,14890.672840118408,0.0,22.0,0.0,0.0,0.06357142857142861,1.0220249854028225,1.0097903702408075,0.040782022289931774
md_cbad_dqn,811,207,92.50434322059155,86.07227460049094,30.231984108686447,62.272359335422514,1.5054113352671266,16700.418685913086,0.0,29.0,0.0,1.0,0.059047619047619015,1.1180400755256414,1.1047828774899244,0.044190618209540844
md_cbad_dqn,811,208,64.19609048217535,84.7747910143435,25.175325095653534,39.02076531946659,1.377475674264133,13886.838432312012,0.0,19.0,0.0,0.0,0.05452380952380953,0.9815534073859453,0.9675902724266052,0.04654380143620074
md_cbad_dqn,811,209,80.59931460022926,84.89730395093561,30.69035491347313,49.90895986557007,1.541885357350111,17373.310306549072,0.0,22.0,0.0,1.0,0.050000000000000044,1.2961651589721441,1.2826784420758486,0.044955729972571135
md_cbad_dqn,811,210,72.35605063587427,83.11259939216077,26.566408701241016,45.78964203894138,1.4266928536817431,14987.266696929932,0.0,21.0,0.0,3.0,0.050000000000000044,1.1406745910644531,1.1273246984928846,0.044499655021354556
md_cbad_dqn,811,211,59.72131438702345,82.06460893638433,24.289257861673832,35.432056778669356,1.388980908319354,14053.155075073242,0.0,20.0,0.0,1.0,0.050000000000000044,1.2888829037547112,1.2734399922192097,0.05147635587491095
md_cbad_dqn,811,212,84.55807667970657,82.41576394513251,29.39247217774391,55.16560485959053,1.5204243687912822,16744.79662513733,0.0,24.0,0.0,0.0,0.050000000000000044,1.4390201233327389,1.4253638312220573,0.04552097094710916
md_cbad_dqn,811,213,79.29382121562958,81.09834953278303,27.59524843096733,51.69857233762741,1.480147885158658,15809.866798400879,0.0,24.0,0.0,1.0,0.050000000000000044,1.0185443051159382,1.0067735649645329,0.039235791424289346
md_cbad_dqn,811,214,72.49269396811724,79.9569133398682,26.403694957494736,46.08899939060211,1.4293352579697967,15289.127788543701,0.0,23.0,0.0,0.0,0.050000000000000044,1.3034317158162594,1.2899454943835735,0.044954008888453245
md_cbad_dqn,811,215,94.98089645951987,80.27574790082873,31.224368438124657,63.75652759671211,1.5520416591316462,17547.619289398193,0.0,28.0,0.0,1.0,0.050000000000000044,1.1342465374618769,1.1215241439640522,0.04240797902457416
md_cbad_dqn,811,216,88.66969868540764,80.41315013580025,30.114892825484276,58.55480618774891,1.5306593598797917,17030.35845184326,0.0,27.0,0.0,1.0,0.050000000000000044,1.0091461539268494,0.9966856986284256,0.04153483163099736
md_cbad_dqn,811,217,74.17206452041864,79.89883864559233,27.55931132286787,46.612753212451935,1.4331937143579125,15635.726718902588,0.0,24.0,0.0,1.0,0.050000000000000044,1.2687724605202675,1.2551279999315739,0.04548157344106585
md_cbad_dqn,811,218,73.89531970769167,79.816351377517,29.459174901247025,44.43614514172077,1.505176038481295,16692.205326080322,0.0,22.0,0.0,0.0,0.050000000000000044,1.1743475254625082,1.159971658140421,0.04791953228414059
md_cbad_dqn,811,219,83.66789478063583,79.53884076356888,30.235732674598694,53.432161927223206,1.5279453014954925,16836.15074157715,0.0,24.0,0.0,0.0,0.050000000000000044,1.3010577633976936,1.2866698615252972,0.047959649469703436
md_cbad_dqn,811,220,86.32921500504017,79.91778028182685,30.747009962797165,55.582205176353455,1.5364032089710236,17183.467128753662,0.0,25.0,0.0,2.0,0.050000000000000044,1.4383219759911299,1.4246744308620691,0.0454918424366042
md_cbad_dqn,811,221,88.79405246973037,80.64836078159512,31.808518022298813,56.985534998774526,1.5517797460779548,17837.23127746582,0.0,25.0,0.0,3.0,0.050000000000000044,1.2620188277214766,1.2484112605452538,0.04535857809241861
md_cbad_dqn,811,222,79.90471769273282,81.07512819759549,29.133114516735077,50.771602967381476,1.4846730446442962,16834.80108642578,0.0,22.0,0.0,1.0,0.050000000000000044,1.3065881337970495,1.2934528589248657,0.04378423257730901
md_cbad_dqn,811,223,104.31402464210987,81.89720389537514,34.15420266985893,70.15982216596603,1.641020419076085,19548.414672851562,0.0,31.0,0.0,0.0,0.050000000000000044,1.2147487942129374,1.2021146975457668,0.042113666189834476
md_cbad_dqn,811,224,68.29672479629517,81.15677621610463,24.71462158858776,43.582102969288826,1.3951849211007357,14310.289087295532,0.0,23.0,0.0,0.0,0.050000000000000044,1.1148601230233908,1.1017903536558151,0.04356589843519032
md_cbad_dqn,811,225,74.06519694775344,79.67684407934547,26.534439586102962,47.53075751066208,1.4566937210038304,15051.871990203857,0.0,23.0,0.0,1.0,0.050000000000000044,1.1947049964219332,1.181133147329092,0.04523950512520969
md_cbad_dqn,811,226,89.21161386370659,80.60115623801947,31.009646743535995,58.20196720957756,1.5647528879344463,17990.376289367676,0.0,25.0,0.0,2.0,0.050000000000000044,1.5330818891525269,1.5193921104073524,0.045632619643583894
md_cbad_dqn,811,227,82.16473265886307,80.08417570993306,28.72371619939804,53.44101668298244,1.4792251968756318,16184.30171585083,0.0,25.0,0.0,1.0,0.050000000000000044,1.0715904235839844,1.0590639505535364,0.04175488033797592
md_cbad_dqn,811,228,93.83322513401508,81.56603244252504,32.30597285181284,61.527251708507535,1.584062496200204,18440.570693969727,0.0,28.0,0.0,2.0,0.050000000000000044,1.2237627059221268,1.2100928649306297,0.04556615243200213
md_cbad_dqn,811,229,83.83871941566467,81.72800268329681,27.069323398172855,56.769395518302915,1.480417411774397,15535.00432395935,0.0,28.0,0.0,2.0,0.050000000000000044,1.2062185872346163,1.1914550848305225,0.049211672274395823
md_cbad_dqn,811,230,84.90737031400204,82.35556866720319,29.427405565977097,55.4799647629261,1.5231795059517026,16830.524116516113,0.0,26.0,0.0,0.0,0.050000000000000044,1.0553887858986855,1.0413205530494452,0.04689409653656185
md_cbad_dqn,811,231,81.47513712197542,83.44325980395078,31.229890771210194,50.245246544480324,1.5373743064701557,17578.26767349243,0.0,24.0,0.0,1.0,0.050000000000000044,1.2239025756716728,1.2093392945826054,0.048544326331466436
md_cbad_dqn,811,232,68.87349880486727,82.65903091020883,25.322083793580532,43.55141519010067,1.419710903428495,14436.939739227295,0.0,22.0,0.0,1.0,0.050000000000000044,1.291146706789732,1.2780743390321732,0.04357457300648093
md_cbad_dqn,811,233,92.94774925708771,83.34172731228173,31.268905356526375,61.67884449660778,1.5734012611210346,17484.883335113525,0.0,29.0,0.0,1.0,0.050000000000000044,1.3721864558756351,1.3588352166116238,0.04450413002632558
md_cbad_dqn,811,234,95.1614032253623,84.47516277514399,31.98711408674717,63.17428912371397,1.5470823617652059,17911.586154937744,0.0,27.0,0.0,1.0,0.050000000000000044,1.476978462189436,1.460386123508215,0.05530779575929046
md_cbad_dqn,811,235,80.31810434162617,83.7420231692493,28.47798751294613,51.84011670947075,1.4898944050073624,16252.335597991943,0.0,24.0,0.0,0.0,0.050000000000000044,1.5280626099556684,1.5142244845628738,0.04612705297768116
md_cbad_dqn,811,236,74.7749226167798,83.0472843658179,26.84489383548498,47.93002846837044,1.4199055703356862,15189.639343261719,0.0,22.0,0.0,0.0,0.050000000000000044,1.4130959901958704,1.398671006783843,0.0480832380708307
md_cbad_dqn,811,237,90.93070855140687,83.88521656736732,30.997788436710835,59.932920375466345,1.5629266276955605,17236.493907928467,0.0,28.0,0.0,1.0,0.050000000000000044,1.0361920278519392,1.0219571813941002,0.04744951450265944
md_cbad_dqn,811,238,63.457285510003565,83.36331485748292,25.73351202905178,37.72377344369888,1.4092814046889544,14662.01704788208,0.0,20.0,0.0,1.0,0.050000000000000044,1.5894625298678875,1.576683584600687,0.04259651689790189
md_cbad_dqn,811,239,100.69000110924244,84.21442017391325,32.780144557356834,67.90985632836819,1.6318114697933197,18758.59233856201,0.0,30.0,0.0,1.0,0.050000000000000044,1.2614501845091581,1.247373141348362,0.04692349792458117
md_cbad_dqn,811,240,61.060725131630896,82.9509956802428,24.64646838605404,36.41425679028034,1.3896188102662563,14041.746578216553,0.0,20.0,0.0,2.0,0.050000000000000044,1.3122661169618368,1.2987163346260786,0.04516591317951679
md_cbad_dqn,811,241,70.66161953806878,82.04437403365971,26.671110808849335,43.990508744120596,1.4401308204978704,15016.066513061523,0.0,21.0,0.0,1.0,0.050000000000000044,0.9820752553641796,0.9695956781506538,0.0415985903237015
md_cbad_dqn,811,242,89.80863537788392,82.53956991791726,32.15923190116882,57.649403208494185,1.5826004603877664,18342.675804138184,0.0,28.0,0.0,1.0,0.050000000000000044,1.3147652354091406,1.3019588496536016,0.04268797265831381
md_cbad_dqn,811,243,64.79006388038397,80.56337187983097,26.45920228213072,38.33086201548576,1.4175358563661575,14819.925701141357,0.0,19.0,0.0,1.0,0.050000000000000044,1.3568830955773592,1.3425270207226276,0.04785361257381737
md_cbad_dqn,811,244,89.95710385739804,81.64639083288611,32.741806745529175,57.215296575427054,1.5774303060024977,18646.88637161255,0.0,26.0,0.0,1.0,0.050000000000000044,1.184820730239153,1.1712243966758251,0.04532112996093929
md_cbad_dqn,811,245,76.88088723421097,81.787175347209,27.19865395128727,49.682233014702796,1.4667742606252432,16118.260696411133,0.0,24.0,0.0,1.0,0.050000000000000044,1.421460174024105,1.4055333528667688,0.053089430555701256
md_cbad_dqn,811,246,91.34625086486339,81.89390719726683,31.127678617835045,60.21857185959816,1.5519695607945323,17583.657062530518,0.0,26.0,0.0,3.0,0.050000000000000044,1.3770515397191048,1.3622647263109684,0.04928938765078783
md_cbad_dqn,811,247,75.93650893867016,81.58249601125718,26.452329769730568,49.48417930305004,1.4234683439135551,14468.30668258667,0.0,24.0,0.0,0.0,0.050000000000000044,1.2414950877428055,1.2286836970597506,0.04270461143460125
md_cbad_dqn,811,248,88.0161785185337,81.2916436804831,32.863928221166134,55.15225014090538,1.5910827638581395,18871.25,0.0,25.0,0.0,2.0,0.050000000000000044,1.538652053102851,1.5253217425197363,0.04443440877366811
md_cbad_dqn,811,249,76.6636576578021,80.93289059258997,26.183499805629253,50.480157911777496,1.4269946981221437,15064.677448272705,0.0,23.0,0.0,1.0,0.050000000000000044,1.2464773915708065,1.2324975952506065,0.04659933550283313
md_cbad_dqn,811,250,79.92308663576841,80.6836764086783,28.557996042072773,51.365090414881706,1.5005803583189845,16500.1021194458,0.0,24.0,0.0,0.0,0.050000000000000044,1.4820911511778831,1.4676806405186653,0.04803503630682826
md_cbad_dqn,811,251,78.8821297287941,80.55402603901923,27.977073520421982,50.905056178569794,1.4282736834138632,15112.66311264038,0.0,23.0,0.0,1.0,0.050000000000000044,1.2901547029614449,1.2761945705860853,0.04653375083580613
md_cbad_dqn,811,252,90.84276066869498,81.65248913221062,30.156610392034054,60.6861503213644,1.4993763724341989,16823.66438293457,0.0,29.0,0.0,2.0,0.050000000000000044,1.1274219769984484,1.1134248804301023,0.046656972495839
md_cbad_dqn,811,253,71.84007143378258,80.59710524104537,27.72454284876585,44.11552866697311,1.4601798122748733,15653.316146850586,0.0,21.0,0.0,1.0,0.050000000000000044,1.2304881513118744,1.216395791620016,0.046974569791927934
md_cbad_dqn,811,254,76.97600843012333,79.68783550128342,28.3182432949543,48.65776473283768,1.4680963894352317,16133.526317596436,0.0,22.0,0.0,0.0,0.050000000000000044,0.932232579216361,0.9182258527725935,0.046689084731042385
md_cbad_dqn,811,255,110.07683637738228,81.17577210307122,35.24026069790125,74.83657519519329,1.6691850889474154,20098.232473373413,0.0,32.0,0.0,1.0,0.050000000000000044,1.438623471185565,1.4257918149232864,0.04277213278692216
md_cbad_dqn,811,256,83.1190237492323,81.59297715969385,29.802087523043156,53.31693629324436,1.51434036064893,16960.94430923462,0.0,25.0,0.0,1.0,0.050000000000000044,1.3406840525567532,1.325944697484374,0.049131193896755576
md_cbad_dqn,811,257,91.65141724050045,81.62901259414852,30.855972349643707,60.795444920659065,1.5590832503512502,17525.1130695343,0.0,28.0,0.0,0.0,0.050000000000000044,1.4655094370245934,1.451152540743351,0.04785633506253362
md_cbad_dqn,811,258,84.74132812023163,82.69321472465992,29.74434569478035,54.99698209762573,1.5001604473218322,16730.873456954956,0.0,26.0,0.0,0.0,0.050000000000000044,1.4007035177201033,1.3874454945325851,0.044193376204930246
md_cbad_dqn,811,259,92.34215505570174,82.2758224219829,31.20316506177187,61.13898963630199,1.5361635033041239,17427.3543548584,0.0,27.0,0.0,1.0,0.050000000000000044,1.2266775481402874,1.2134612314403057,0.04405436757951975
md_cbad_dqn,811,260,84.5091967061162,83.44824600070714,30.461430825293064,54.04776565730572,1.539681146852672,17345.14531326294,0.0,25.0,0.0,1.0,0.050000000000000044,1.5110494084656239,1.4974497146904469,0.045332347275689244
md_cbad_dqn,811,261,81.38860267400742,83.98459515750409,27.60569091141224,53.78291153907776,1.4661123538389802,15687.294464111328,0.0,25.0,0.0,0.0,0.050000000000000044,1.2029981035739183,1.1875796541571617,0.05139484605751932
md_cbad_dqn,811,262,85.83668696284295,83.78599773675205,30.29032602906227,55.546360516548155,1.5456661079078913,17749.26073074341,0.0,24.0,0.0,1.0,0.050000000000000044,1.2090560514479876,1.1949666813015938,0.04696453781798482
md_cbad_dqn,811,263,92.42942589521408,85.16796583749354,32.379228100180626,60.05019807815552,1.5931046418845654,18420.53544998169,0.0,28.0,0.0,1.0,0.050000000000000044,1.2438099272549152,1.231002302840352,0.042692133225500584
md_cbad_dqn,811,264,87.18223763257265,85.02922252625227,31.573423132300377,55.608814388513565,1.5196872940286994,17467.30114364624,0.0,26.0,0.0,0.0,0.050000000000000044,1.610225386917591,1.595080304890871,0.05048358556814492
md_cbad_dqn,811,265,82.4747858941555,85.3089174592495,29.16201761364937,53.31276825070381,1.5132798021659255,16890.191528320312,0.0,26.0,0.0,0.0,0.050000000000000044,1.2212562523782253,1.2059761323034763,0.0509337717667222
md_cbad_dqn,811,266,75.48226560652256,84.51571819633246,26.002920657396317,49.479344964027405,1.4462824640795588,15126.498310089111,0.0,23.0,0.0,0.0,0.050000000000000044,1.5443933885544538,1.528981601819396,0.05137268151156604
md_cbad_dqn,811,267,90.53051488101482,85.24541849344969,30.286953195929527,60.24356174468994,1.528669054619968,17168.772819519043,0.0,26.0,0.0,1.0,0.050000000000000044,1.5085124112665653,1.4947163425385952,0.04598689288832247
md_cbad_dqn,811,268,75.705785356462,84.6298988353461,28.126583695411682,47.57920175790787,1.4799909479916096,15923.932847976685,0.0,22.0,0.0,2.0,0.050000000000000044,1.3002553060650826,1.2860844228416681,0.04723629495128989
md_cbad_dqn,811,269,90.74063003957272,85.33374745443464,30.757591903209686,59.983038225769995,1.5377827156335115,17028.495262145996,0.0,28.0,0.0,1.0,0.050000000000000044,1.0207856576889753,1.006573973223567,0.0473723104223609
md_cbad_dqn,811,270,75.62008109688759,85.1185971774906,28.419465124607086,47.20061579346657,1.4810524303466082,16159.97946357727,0.0,22.0,0.0,0.0,0.050000000000000044,1.3247448578476906,1.3105653189122677,0.0472651154268533
md_cbad_dqn,811,271,88.68706029057503,85.60884370557964,29.2640261054039,59.42303399145603,1.5044807381927967,16555.46405029297,0.0,27.0,0.0,1.0,0.050000000000000044,0.9440051931887865,0.9302867539227009,0.04572812910191715
md_cbad_dqn,811,272,79.73744837343693,85.05357809081674,28.25963118672371,51.4778172314167,1.4812234779819846,16023.0082321167,0.0,24.0,0.0,1.0,0.050000000000000044,1.2522352151572704,1.2388381194323301,0.04465701477602124
md_cbad_dqn,811,273,75.02913917750121,85.21303147800268,27.876644410192966,47.15249481201172,1.4566476587206125,15824.257528305054,0.0,23.0,0.0,1.0,0.050000000000000044,1.318703930824995,1.304842434823513,0.04620499489828944
md_cbad_dqn,811,274,113.94069045186043,87.06126557908954,36.414929896593094,77.52576055526734,1.7051164712756872,20648.32935333252,0.0,32.0,0.0,4.0,0.050000000000000044,1.1031507570296526,1.0880244858562946,0.05042089894413948
md_cbad_dqn,811,275,82.52051221728325,85.68344937108459,29.21901723742485,53.30149414539337,1.5017387568950653,16742.955543518066,0.0,23.0,0.0,1.0,0.050000000000000044,1.3132224343717098,1.2988455798476934,0.04792286525480449
md_cbad_dqn,811,276,86.14280272424222,85.83463831983508,32.89345180988312,53.249351227283476,1.5894323224201798,18765.903564453125,0.0,25.0,0.0,3.0,0.050000000000000044,1.3252256326377392,1.3110151123255491,0.04736842610873282
md_cbad_dqn,811,277,90.22014621794224,85.76307476870718,29.79616840183735,60.4239776968956,1.5517697464674711,17088.809635162354,0.0,27.0,0.0,1.0,0.050000000000000044,1.2746932562440634,1.2619945760816336,0.04232895537279546
md_cbad_dqn,811,278,96.15572345256805,86.333794535324,32.09020736068487,64.06551617383957,1.5751008093357086,18203.804779052734,0.0,26.0,0.0,2.0,0.050000000000000044,1.4506588336080313,1.4367584343999624,0.046334682032465935
md_cbad_dqn,811,279,77.84749410748482,85.60906148791315,29.195309326052666,48.65218448340893,1.4833975490182638,16734.168689727783,0.0,22.0,0.0,3.0,0.050000000000000044,1.5966246351599693,1.5820757113397121,0.04849637416191399
md_cbad_dqn,811,280,71.03052958846092,84.93512813203037,26.75690384954214,44.27362595498562,1.4552288642153144,15550.594060897827,0.0,22.0,0.0,1.0,0.050000000000000044,1.1072464250028133,1.093453859910369,0.04597517475485802
md_cbad_dqn,811,281,81.28379260748625,84.92988762870431,30.491076193749905,50.79271651804447,1.5457890015095472,17689.032592773438,0.0,24.0,0.0,1.0,0.050000000000000044,1.1521525494754314,1.1384159252047539,0.04578876309096813
md_cbad_dqn,811,282,80.63306166380644,84.6697063637525,28.105260863900185,52.527800360322,1.4657946582883596,16004.213325500488,0.0,24.0,0.0,2.0,0.050000000000000044,1.4785176329314709,1.464521050453186,0.04665528028272092
md_cbad_dqn,811,283,97.91261059045792,84.94386559851469,31.780127629637718,66.13248312473297,1.601139297708869,18039.273063659668,0.0,30.0,0.0,0.0,0.050000000000000044,1.4204929638653994,1.406082808971405,0.048033887753263116
md_cbad_dqn,811,284,95.66300930827856,85.36790418229998,32.21098443120718,63.452023819088936,1.5786288529634476,18020.28681564331,0.0,29.0,0.0,1.0,0.050000000000000044,1.2849971242249012,1.2705626524984837,0.04811494192108512
md_cbad_dqn,811,285,68.72643302679062,84.68048653893173,26.35226258635521,42.37417057454586,1.4159390479326248,15024.51700592041,0.0,20.0,0.0,2.0,0.050000000000000044,1.1254728324711323,1.1117816027253866,0.04563744901679456
md_cbad_dqn,811,286,87.97457171976566,85.30510184459389,29.87122455239296,58.10334698855877,1.5102683492004871,16638.605697631836,0.0,27.0,0.0,1.0,0.050000000000000044,1.1067126374691725,1.0939056500792503,0.04268991982098669
md_cbad_dqn,811,287,87.48883344233036,85.15301777265967,31.371497727930546,56.11733564734459,1.5619105091318488,17783.424507141113,0.0,28.0,0.0,0.0,0.050000000000000044,1.368893662467599,1.3564343266189098,0.04153110599145293
md_cbad_dqn,811,288,75.87844897955657,85.16165095381439,26.88162285834551,48.99682649374008,1.4248929070308805,14992.881925582886,0.0,23.0,0.0,1.0,0.050000000000000044,1.2260735295712948,1.2109911646693945,0.05027454858645797
md_cbad_dqn,811,289,82.41012116521597,84.74512551009657,28.916823476552963,53.493297666311264,1.5015248972922564,16794.494134902954,0.0,24.0,0.0,0.0,0.050000000000000044,1.4020390510559082,1.388801023364067,0.04412673716433346
md_cbad_dqn,811,290,84.74649545550346,85.20144622802735,30.149050250649452,54.59744483232498,1.5257005980238318,17364.753734588623,0.0,24.0,0.0,0.0,0.050000000000000044,1.5294222086668015,1.513712676241994,0.05236510606482625
md_cbad_dqn,811,291,94.29009179770947,85.48159780338406,32.02755802124739,62.262533992528915,1.5765480492264032,18256.545639038086,0.0,27.0,0.0,0.0,0.050000000000000044,1.3422607071697712,1.329089805483818,0.04390302940737456
md_cbad_dqn,811,292,75.1718023121357,85.253315500319,27.384039007127285,47.787763476371765,1.4427034901455045,15645.270935058594,0.0,23.0,0.0,0.0,0.050000000000000044,1.4276340119540691,1.4135936480015516,0.046801232383586466
md_cbad_dqn,811,293,88.76265547424555,85.93999131515622,29.67021471261978,59.09244093298912,1.5120232673361897,16715.988176345825,0.0,27.0,0.0,0.0,0.050000000000000044,1.3579212352633476,1.3449955936521292,0.04308547219261527
md_cbad_dqn,811,294,79.74115101993084,84.23001434355974,29.003999531269073,50.737150862812996,1.5217188550159335,16781.660480499268,0.0,25.0,0.0,0.0,0.050000000000000044,1.3291020896285772,1.316194474697113,0.04302538628689945
md_cbad_dqn,811,295,69.0234452560544,83.5551609954983,27.143633253872395,41.879812240600586,1.4438529582694173,15633.331874847412,0.0,21.0,0.0,0.0,0.050000000000000044,1.3593952730298042,1.3452380374073982,0.047190792160108685
md_cbad_dqn,811,296,69.95785326063633,82.74591352231799,27.439773231744766,42.518080341815946,1.4348394209519029,15965.908374786377,0.0,21.0,0.0,2.0,0.050000000000000044,1.278720760717988,1.2634548991918564,0.0508861665148288
md_cbad_dqn,811,297,92.28204050064087,82.84900823645293,31.690860889852047,60.59117946922779,1.5680636819452047,17702.54013824463,0.0,29.0,0.0,1.0,0.050000000000000044,1.4075862113386393,1.3936699572950602,0.04638749570585787
md_cbad_dqn,811,298,60.6900269985199,81.07572341375052,25.368537314236164,35.32148997485638,1.40669312980026,14289.737411499023,0.0,19.0,0.0,2.0,0.050000000000000044,1.6791188102215528,1.6655462682247162,0.04524177056737244
md_cbad_dqn,811,299,86.39371108412743,81.50303426258266,28.25861421227455,58.13509661853313,1.4900427283719182,15979.184146881104,0.0,28.0,0.0,2.0,0.050000000000000044,1.396154586225748,1.3833617251366377,0.04264287557452917
md_cbad_dqn,811,300,85.02758891284466,82.20288722880187,31.022263545542955,54.00532522201538,1.5536165423691273,17788.242420196533,0.0,25.0,0.0,3.0,0.050000000000000044,1.3007867224514484,1.2880754470825195,0.042370921932160854
md_cbad_dqn,811,301,83.25448203980923,82.30142170041802,29.7738566249609,53.48062544465065,1.5497585497796535,17272.130979537964,0.0,25.0,0.0,2.0,0.050000000000000044,1.470985371619463,1.4570125490427017,0.04657610505819321
md_cbad_dqn,811,302,62.359538070857525,81.38774552077055,25.87874499708414,36.48079292476177,1.399591125547886,14607.27978515625,0.0,19.0,0.0,1.0,0.050000000000000044,1.1886382419615984,1.1760072894394398,0.042103166691958904
md_cbad_dqn,811,303,77.53338056206704,80.36878401935101,28.682042211294174,48.85133790373802,1.488032623194158,15888.410140991211,0.0,24.0,0.0,2.0,0.050000000000000044,1.2650342099368572,1.250181294977665,0.04950968851335347
md_cbad_dqn,811,304,85.09526885300875,79.84039699658753,31.65145256370306,53.4438164383173,1.5641253860667348,17947.984134674072,0.0,25.0,0.0,0.0,0.050000000000000044,1.2447651252150536,1.232585171237588,0.04059978807345033
md_cbad_dqn,811,305,88.55145501494408,80.8316480959952,31.68204715847969,56.86940790116787,1.5433645686134696,17640.240169525146,0.0,26.0,0.0,2.0,0.050000000000000044,1.2676074337214231,1.255747213959694,0.03953404224012047
md_cbad_dqn,811,306,89.75791995227337,80.92081550762057,32.385657735168934,57.372262358665466,1.5796953281387687,18339.197067260742,0.0,27.0,0.0,0.0,0.050000000000000044,1.3803229741752148,1.367247560992837,0.043584706261754036
md_cbad_dqn,811,307,82.88656344562769,80.69070200778545,29.60716225206852,53.279401290416715,1.5234224162995815,16915.004104614258,0.0,24.0,0.0,3.0,0.050000000000000044,1.3613349236547947,1.3470265306532383,0.04769465792924166
md_cbad_dqn,811,308,83.83025130182504,81.08829212389887,28.80179961770773,55.02845134139061,1.500489297322929,16265.919971466064,0.0,25.0,0.0,2.0,0.050000000000000044,1.1683954577893019,1.1547724232077599,0.04541012679692358
md_cbad_dqn,811,309,92.09189902991056,81.5723810171336,31.068903133273125,61.02299603819847,1.5291263097897172,17819.5842628479,0.0,27.0,0.0,0.0,0.050000000000000044,1.3397361375391483,1.326853770762682,0.042941240360960364
md_cbad_dqn,811,310,77.64363006055355,81.2172377473861,27.30088223516941,50.342748421430585,1.4476284608244896,15330.263759613037,0.0,23.0,0.0,2.0,0.050000000000000044,1.4500711504369974,1.436509294435382,0.045206156093627214
md_cbad_dqn,811,311,83.0695902645588,80.65621267072856,29.535852685570717,53.533737087249754,1.5227201711386442,17158.901615142822,0.0,25.0,0.0,1.0,0.050000000000000044,1.4703667722642422,1.4567278996109962,0.0454629035666585
md_cbad_dqn,811,312,83.20046472549438,81.05764579139651,29.41545434296131,53.78501005470753,1.521520429290831,16811.711349487305,0.0,26.0,0.0,1.0,0.050000000000000044,1.5470943041145802,1.53396537899971,0.043763079680502415
md_cbad_dqn,811,313,74.0197658032179,80.32050130784512,27.54526174813509,46.47450383901596,1.4476147405803204,15651.766403198242,0.0,25.0,0.0,1.0,0.050000000000000044,1.5079410895705223,1.494391767308116,0.04516450176015496
md_cbad_dqn,811,314,90.02517339885235,80.8347024267912,31.429688066244125,58.59548567533493,1.5728412484750152,17773.488410949707,0.0,27.0,0.0,2.0,0.050000000000000044,1.5362336803227663,1.5238129328936338,0.04140247276518494
md_cbad_dqn,811,315,85.21229044795037,81.644144686386,28.600624971091747,56.61166570782662,1.4627053514122963,16189.04658126831,0.0,26.0,0.0,3.0,0.050000000000000044,1.5603224281221628,1.5460375025868416,0.04761638306081295
md_cbad_dqn,811,316,92.4198957234621,82.76724680952728,31.586980059742928,60.832915127277374,1.5736562823876739,18146.772079467773,0.0,27.0,0.0,2.0,0.050000000000000044,1.4104111138731241,1.3979576751589775,0.041511471616104245
md_cbad_dqn,811,317,75.3954167664051,81.9229156228155,28.820062518119812,46.57535417377949,1.5035925954580307,16411.564979553223,0.0,21.0,0.0,0.0,0.050000000000000044,1.6670910958200693,1.6534920874983072,0.04533000313676894
md_cbad_dqn,811,318,68.44721385091543,82.31077496543527,26.887204505503178,41.56000939011574,1.4494436401873827,15426.367309570312,0.0,19.0,0.0,0.0,0.050000000000000044,1.257079366594553,1.2431654371321201,0.04637973918579519
md_cbad_dqn,811,319,75.08224246203899,81.74520153433085,26.499500185251236,48.58274171054363,1.4370482852682471,14950.984790802002,0.0,24.0,0.0,4.0,0.050000000000000044,1.4251635950058699,1.4107147101312876,0.04816298000514507
md_cbad_dqn,811,320,59.89171190559864,80.48840768396855,24.139470741152763,35.75224132835865,1.3532411707565188,13750.085521697998,0.0,19.0,0.0,0.0,0.050000000000000044,1.3068896941840649,1.2928171940147877,0.046908311545848846
md_cbad_dqn,811,321,86.08523252010346,80.62994520798325,29.341901883482933,56.74333098679781,1.5077324826270342,16840.578689575195,0.0,26.0,0.0,1.0,0.050000000000000044,1.34522545337677,1.3314511440694332,0.0459142824402079
md_cbad_dqn,811,322,71.94379766434432,81.1091581876576,26.606636188924313,45.33716125190258,1.4302860405296087,15178.217952728271,0.0,23.0,0.0,2.0,0.050000000000000044,1.6740367077291012,1.6597614921629429,0.04758409643545747
md_cbad_dqn,811,323,67.3239378631115,80.59868605270984,25.17653362452984,42.147404223680496,1.3685069559141994,13989.242568969727,0.0,22.0,0.0,0.0,0.050000000000000044,1.8232026398181915,1.8095947690308094,0.04535951395519078
md_cbad_dqn,811,324,75.55686505287886,80.12176586270334,26.35108309239149,49.20578204989433,1.4695004988461733,15410.950637817383,0.0,22.0,0.0,3.0,0.050000000000000044,1.6126926932483912,1.597992230206728,0.04900151095353067
md_cbad_dqn,811,325,84.74636885523796,79.93151155471803,30.64762657880783,54.098741948604584,1.5502739232033491,17486.37317276001,0.0,25.0,0.0,0.0,0.050000000000000044,1.7274077404290438,1.7144444435834885,0.04321103380061686
md_cbad_dqn,811,326,84.01085703969002,79.64415840908887,29.989421501755714,54.02143585085869,1.5123142935335636,16833.53295135498,0.0,25.0,0.0,1.0,0.050000000000000044,1.2532571125775576,1.239613888785243,0.04547739611007273
md_cbad_dqn,811,327,76.29444423466921,79.31455244854094,27.66664857417345,48.62779580950737,1.4592862613499165,15587.13790512085,0.0,24.0,0.0,2.0,0.050000000000000044,1.8786198906600475,1.8659857884049416,0.04211367736570537
md_cbad_dqn,811,328,93.55792837888002,79.80093630239368,30.10700110346079,63.45092734992504,1.5371475899592042,17126.04741668701,0.0,29.0,0.0,2.0,0.050000000000000044,1.6439299564808607,1.6311922557651997,0.042458983371034265
md_cbad_dqn,811,329,84.26131469160319,79.4094070854783,29.653116524219513,54.608198368549346,1.5134817203506827,16598.11577987671,0.0,24.0,0.0,1.0,0.050000000000000044,1.651561539620161,1.6390078272670507,0.04184574028477073
md_cbad_dqn,811,330,84.74300855696201,79.76437601029873,30.41234502196312,54.330663952231404,1.5322386138141155,17260.25392150879,0.0,25.0,0.0,3.0,0.050000000000000044,1.5045739002525806,1.4921534545719624,0.04140151047613472
md_cbad_dqn,811,331,87.80507089942694,80.00115004204214,30.062511436641216,57.74255922436714,1.534001070074737,17532.7928314209,0.0,25.0,0.0,0.0,0.050000000000000044,1.6610212996602058,1.6477640867233276,0.04419068188872188
md_cbad_dqn,811,332,87.08579376339912,80.19541649393737,31.3658344745636,55.71995924413204,1.5084448996931314,17519.572799682617,0.0,26.0,0.0,1.0,0.050000000000000044,1.7791843712329865,1.7643646486103535,0.04939906299114227
md_cbad_dqn,811,333,67.4300109371543,79.8659287506342,24.943050771951675,42.48696058988571,1.4001655029132962,14455.993621826172,0.0,20.0,0.0,0.0,0.050000000000000044,1.4111399743705988,1.3962437249720097,0.049654179718345404
md_cbad_dqn,811,334,74.26201684325933,79.07777092285454,28.489864878356457,45.77215229272842,1.4629146503284574,16258.331661224365,0.0,22.0,0.0,2.0,0.050000000000000044,1.4579392988234758,1.4448419753462076,0.04365768074057996
md_cbad_dqn,811,335,65.32506662011147,78.0834097314626,26.126941941678524,39.198125132918356,1.4079531822353601,14869.450386047363,0.0,19.0,0.0,1.0,0.050000000000000044,1.2646810617297888,1.2508147973567247,0.04622088884934783
md_cbad_dqn,811,336,81.4947349280119,77.53715169169008,31.15055336803198,50.34418161213398,1.535936214029789,17958.31441116333,0.0,26.0,0.0,2.0,0.050000000000000044,1.9490539953112602,1.9354099780321121,0.04548004665412009
md_cbad_dqn,811,337,104.35282477736473,78.98502209223807,32.80362477898598,71.54920008778572,1.5852364404127002,18490.056341171265,0.0,31.0,0.0,2.0,0.050000000000000044,1.7233391217887402,1.7100152336061,0.044412902323529124
md_cbad_dqn,811,338,92.05837636590005,80.1655802179873,31.299773678183556,60.75860294103622,1.5996158253401518,18010.012355804443,0.0,27.0,0.0,1.0,0.050000000000000044,1.1838665753602982,1.1711882539093494,0.04226102982647717
md_cbad_dqn,811,339,95.07319729924203,81.16512795984745,33.26391281187534,61.80928508341312,1.587495326064527,18395.82817840576,0.0,28.0,0.0,1.0,0.050000000000000044,1.4078606385737658,1.3948636930435896,0.04332318145316094
md_cbad_dqn,811,340,109.07861219346523,83.62447297424077,33.25456554442644,75.82404693961143,1.6285942867398262,19028.127544403076,0.0,32.0,0.0,0.0,0.050000000000000044,1.6046465002000332,1.590487290173769,0.04719733726233244
md_cbad_dqn,811,341,62.22149758040905,82.43128622725607,24.862616151571274,37.35888150334358,1.3800376607105136,14103.348625183105,0.0,23.0,0.0,0.0,0.050000000000000044,1.3247943501919508,1.3110622838139534,0.04577354621142149
md_cbad_dqn,811,342,89.31187842190266,83.29969026513399,29.647746950387955,59.66413105428219,1.5328325470909476,16909.424682617188,0.0,28.0,0.0,1.0,0.050000000000000044,1.390405947342515,1.3746821973472834,0.05241249734535813
md_cbad_dqn,811,343,73.97998428344727,83.63249258615078,28.16542723029852,45.81455725431442,1.470710032619536,15878.040771484375,0.0,23.0,0.0,1.0,0.050000000000000044,1.6567307021468878,1.6441405266523361,0.04196722083725035
md_cbad_dqn,811,344,79.26115443855524,83.81770705543458,29.47890079766512,49.78225367069244,1.494336998090148,16778.994583129883,0.0,23.0,0.0,3.0,0.050000000000000044,1.2252377923578024,1.2132739536464214,0.0398794102948159
md_cbad_dqn,811,345,88.15446347147227,83.98811178624632,32.162141375243664,55.992322304844855,1.5766871813684702,18034.12986755371,0.0,28.0,0.0,1.0,0.050000000000000044,1.8386022374033928,1.8254074677824974,0.04398255189880729
md_cbad_dqn,811,346,92.13784141242505,84.39446100488306,31.020392686128616,61.11744832396507,1.5586472665891051,17831.923500061035,0.0,28.0,0.0,1.0,0.050000000000000044,1.1671368684619665,1.1532401628792286,0.04632231802679598
md_cbad_dqn,811,347,83.80449325740338,84.76996345601978,29.586305923759937,54.218186700344084,1.4975561778992414,16690.990871429443,0.0,24.0,0.0,3.0,0.050000000000000044,1.6448998004198074,1.6318163685500622,0.04361136886291206
md_cbad_dqn,811,348,73.54342179000378,83.76923812657597,26.529160544276237,47.014261573553085,1.4387316377833486,15199.965770721436,0.0,23.0,0.0,0.0,0.050000000000000044,1.6531657222658396,1.6399152725934982,0.044168198481202126
md_cbad_dqn,811,349,73.50352407991886,83.23134859599175,27.417790472507477,46.08573338389397,1.4722147462889552,15730.747611999512,0.0,23.0,0.0,0.0,0.050000000000000044,1.4326126482337713,1.419115450233221,0.04499067063443363
md_cbad_dqn,811,350,74.15105331838132,82.70175083406271,29.153678700327873,44.99737464785576,1.5041914256289601,16773.783660888672,0.0,22.0,0.0,2.0,0.050000000000000044,1.7240114565938711,1.7116510532796383,0.04120137938298285
md_cbad_dqn,811,351,77.55791355669498,82.1893929669261,27.938508838415146,49.61940494179726,1.4685296984389424,15770.45301437378,0.0,23.0,0.0,2.0,0.050000000000000044,1.427360974252224,1.4145285934209824,0.042774577625095844
md_cbad_dqn,811,352,85.77621087431908,82.1239138224721,31.63384684175253,54.14236430823803,1.5354008004069328,17852.971628189087,0.0,25.0,0.0,1.0,0.050000000000000044,1.6470051743090153,1.6339727323502302,0.04344145907089114
md_cbad_dqn,811,353,86.92435945719481,83.09863124847413,28.0029711201787,58.92138888835907,1.4737411448732018,15748.875583648682,0.0,26.0,0.0,2.0,0.050000000000000044,1.5007019806653261,1.4879227131605148,0.042597615625709295
md_cbad_dqn,811,354,67.84872862100602,82.77796683736146,26.431764781475067,41.416964107751845,1.409318714402616,14553.341995239258,0.0,19.0,0.0,1.0,0.050000000000000044,1.5122903194278479,1.4985545631498098,0.045785870985127985
md_cbad_dqn,811,355,86.89082100540399,83.85625455662608,30.48820309340954,56.40261772572994,1.548789487220347,17359.020679473877,0.0,26.0,0.0,2.0,0.050000000000000044,1.4107741937041283,1.397318683564663,0.04485176922753453
md_cbad_dqn,811,356,82.73736100643873,83.91838586054743,29.23839833587408,53.49896319210529,1.5009354129433632,16500.291202545166,0.0,26.0,0.0,1.0,0.050000000000000044,1.6415360067039728,1.6279779858887196,0.045193392084911466
md_cbad_dqn,811,357,64.51894991993905,81.92669211767614,26.314703233540058,38.204246366024016,1.3919460736215115,15004.835906982422,0.0,19.0,0.0,1.0,0.050000000000000044,1.6328372657299042,1.6198341362178326,0.04334375204052776
md_cbad_dqn,811,358,83.67216183245182,81.50738139100373,29.051325097680092,54.62083673477173,1.5126072224229574,16652.32498550415,0.0,25.0,0.0,3.0,0.050000000000000044,1.9596183020621538,1.9454140830785036,0.0473473914898932
md_cbad_dqn,811,359,75.83716376125813,80.54557971410455,27.455119259655476,48.3820444047451,1.4833305962383747,15829.114273071289,0.0,24.0,0.0,0.0,0.050000000000000044,1.6560503710061312,1.6434056665748358,0.042148982058279216
md_cbad_dqn,811,360,79.5373611688614,79.06851716287436,30.110214181244373,49.42714714407921,1.5223753163591027,16868.910484313965,0.0,23.0,0.0,1.0,0.050000000000000044,1.5805966947227716,1.5667978934943676,0.0459959318395704
md_cbad_dqn,811,361,70.74608179926872,79.49474637381734,26.826602831482887,43.919478952884674,1.4240402281284332,15237.153301239014,0.0,21.0,0.0,3.0,0.050000000000000044,1.817904494702816,1.8053630664944649,0.0418047527782619
md_cbad_dqn,811,362,68.88680300861597,78.473492603153,25.90140501409769,42.98539823293686,1.4382950412109494,15124.102241516113,0.0,21.0,0.0,1.0,0.050000000000000044,1.311935093253851,1.2997990604490042,0.04045347333885729
md_cbad_dqn,811,363,75.89719069302082,78.56935292363167,28.72366513311863,47.17352536618709,1.47399000544101,16060.961837768555,0.0,22.0,0.0,2.0,0.050000000000000044,1.640237407758832,1.6265924647450447,0.04548313841223717
md_cbad_dqn,811,364,98.45044384896755,79.52881739415228,32.38336664438248,66.06707690656185,1.555733548477292,18165.456588745117,0.0,30.0,0.0,1.0,0.050000000000000044,1.6710453871637583,1.6583634819835424,0.04227298148907721
md_cbad_dqn,811,365,84.14933739751578,79.32856109045446,28.663899563252926,55.485437953472136,1.4534878646954894,15898.1107711792,0.0,27.0,0.0,1.0,0.050000000000000044,1.379172906279564,1.364733139052987,0.048132568364962935
md_cbad_dqn,811,366,81.89612361937762,78.8164752008021,30.348021768033504,51.5481019705534,1.5024166032671928,17028.25887298584,0.0,24.0,0.0,1.0,0.050000000000000044,1.5093242432922125,1.4963572341948748,0.043223347049206495
md_cbad_dqn,811,367,75.79111482203007,78.41580627903343,28.19217397272587,47.59894087910652,1.490871336311102,16190.351104736328,0.0,21.0,0.0,0.0,0.050000000000000044,1.5890977252274752,1.5751389656215906,0.046529224840924144
md_cbad_dqn,811,368,79.55969689041376,78.71662003405393,28.34149906039238,51.218198120594025,1.4933189377188683,16223.414276123047,0.0,23.0,0.0,0.0,0.050000000000000044,1.5154739245772362,1.5012431498616934,0.04743591067381203
md_cbad_dqn,811,369,97.1715008765459,79.90001887388527,33.341442711651325,63.83005839586258,1.6147372974082828,19129.260814666748,0.0,28.0,0.0,1.0,0.050000000000000044,1.3627015724778175,1.3497929479926825,0.04302871006075293
md_cbad_dqn,811,370,89.52045475691557,80.66848894581199,32.11655505746603,57.4038989841938,1.603394504636526,18770.269439697266,0.0,26.0,0.0,2.0,0.050000000000000044,1.7513149436563253,1.7391605842858553,0.040514472872018814
md_cbad_dqn,811,371,83.20568764954805,80.95087765045464,29.79265581816435,53.41303147375584,1.502853674814105,16680.893550872803,0.0,25.0,0.0,0.0,0.050000000000000044,1.7026225421577692,1.689569540321827,0.04351001139730215
md_cbad_dqn,811,372,77.5809903293848,80.54111662320793,28.519671246409416,49.061319559812546,1.4596202773973346,16230.031795501709,0.0,23.0,0.0,0.0,0.050000000000000044,1.5663029495626688,1.5516652204096317,0.04879251355305314
md_cbad_dqn,811,373,81.18012832850218,80.25390506677329,28.811548300087452,52.3685801923275,1.486882684752345,16014.696144104004,0.0,25.0,0.0,1.0,0.050000000000000044,1.4668853525072336,1.4544013608247042,0.04161336598917842
md_cbad_dqn,811,374,82.34173239916564,80.97855525568129,28.554255180060863,53.78747729361057,1.501623896881938,16487.63388442993,0.0,26.0,0.0,1.0,0.050000000000000044,1.680912807583809,1.6676462888717651,0.04422176396474242
md_cbad_dqn,811,375,77.16002644598484,80.49201552771032,28.801350332796574,48.358676075935364,1.5067679537460208,16544.82403564453,0.0,25.0,0.0,0.0,0.050000000000000044,1.3792236018925905,1.3666419424116611,0.04193885065615177
md_cbad_dqn,811,376,100.23194157481194,81.36674455612899,34.316900096833706,65.91504123210908,1.5955830859020352,19325.820541381836,0.0,29.0,0.0,3.0,0.050000000000000044,1.3656977247446775,1.3527601473033428,0.04312524548731744
md_cbad_dqn,811,377,84.5809365466237,82.36984388746322,30.875028632581234,53.705907601118085,1.5346955386921763,17622.335849761963,0.0,25.0,0.0,2.0,0.050000000000000044,1.4513420537114143,1.437532065436244,0.04603329277597368
md_cbad_dqn,811,378,92.92956304848194,82.83271394826473,31.721349120140076,61.20821336209774,1.534971117042005,17637.35495376587,0.0,28.0,0.0,2.0,0.050000000000000044,1.6018001064658165,1.588278241455555,0.04507286520674825
md_cbad_dqn,811,379,79.75540260225534,83.02862589031459,28.89659207314253,50.85881020128727,1.5016508772969246,16576.4775390625,0.0,24.0,0.0,0.0,0.050000000000000044,1.6329029090702534,1.6183833070099354,0.04839866445399821
md_cbad_dqn,811,380,79.0117157548666,83.00234361961483,29.484179981052876,49.527536407113075,1.5053687458857894,16829.197353363037,0.0,23.0,0.0,0.0,0.050000000000000044,1.4304696433246136,1.4182596188038588,0.04070004215463996
md_cbad_dqn,811,381,95.53307254612446,84.24169315695762,33.60647937655449,61.926593497395515,1.630245958454907,19054.840770721436,0.0,28.0,0.0,1.0,0.050000000000000044,1.567883089184761,1.5549964737147093,0.04295537108555436
md_cbad_dqn,811,382,73.06197936236859,84.45045197464526,26.791168823838234,46.27081059813499,1.4309343043714762,15577.921607971191,0.0,23.0,0.0,1.0,0.050000000000000044,1.4003094509243965,1.387124352157116,0.04395031533204019
md_cbad_dqn,811,383,81.16641953736544,84.7139134168625,29.62039401382208,51.54602567255497,1.5370633285492659,17547.140998840332,0.0,25.0,0.0,3.0,0.050000000000000044,1.435216387733817,1.4223738461732864,0.042808533646166325
md_cbad_dqn,811,384,61.00603607296944,82.8416930280626,24.01484525203705,36.9911904335022,1.3516530888155103,13515.820766448975,0.0,21.0,0.0,0.0,0.050000000000000044,1.3739108517765999,1.3597645293921232,0.047154368134215474
md_cbad_dqn,811,385,98.46701288223267,83.55757680229843,32.72595335543156,65.7410594522953,1.6430757883936167,19150.454570770264,0.0,30.0,0.0,1.0,0.050000000000000044,1.7989966254681349,1.7846535965800285,0.047810122137889266
md_cbad_dqn,811,386,80.83265929967165,83.50440358631313,29.308050096035004,51.524609479308126,1.5283611882477999,17090.250980377197,0.0,26.0,0.0,2.0,0.050000000000000044,1.7995412833988667,1.7867339756339788,0.04269092436879873
md_cbad_dqn,811,387,87.45095391869545,84.08739554114639,28.926267579197884,58.52468695044517,1.5073515558615327,16428.24993133545,0.0,25.0,0.0,4.0,0.050000000000000044,1.3420983701944351,1.3287540171295404,0.04448115103878081
md_cbad_dqn,811,388,75.22385952174663,83.87060367271303,27.33832450211048,47.885535049438474,1.4320488227531314,15230.995342254639,0.0,24.0,0.0,2.0,0.050000000000000044,1.2693943195044994,1.2556895203888416,0.0456826479639858
md_cbad_dqn,811,389,79.10976754277945,82.96751700602472,27.975969672203064,51.133797788619994,1.4671025248244405,15542.253089904785,0.0,25.0,0.0,1.0,0.050000000000000044,1.7197237275540829,1.7068821601569653,0.04280512360855937
md_cbad_dqn,811,390,61.510240928828715,81.56700631462039,25.10143981128931,36.40880093872547,1.3940926594659686,14454.320934295654,0.0,19.0,0.0,1.0,0.050000000000000044,1.7589581552892923,1.7455701790750027,0.04462652315851301
md_cbad_dqn,811,391,92.9892233043909,82.05618309736253,31.992887571454048,60.996335211396215,1.5926605314016342,18453.503826141357,0.0,26.0,0.0,3.0,0.050000000000000044,1.3737187422811985,1.3594842739403248,0.047448266530409455
md_cbad_dqn,811,392,72.01924829185009,81.77809599548578,27.687971860170364,44.33127607405186,1.4851541239768267,16311.35888671875,0.0,22.0,0.0,1.0,0.050000000000000044,1.7088873758912086,1.69579603895545,0.04363777069374919
md_cbad_dqn,811,393,83.36281053870917,81.88723010599614,30.055064223706722,53.307746881246565,1.5113513870164752,17012.925397872925,0.0,25.0,0.0,2.0,0.050000000000000044,1.9608625173568726,1.9474187083542347,0.04481268231756985
md_cbad_dqn,811,394,81.9063324958086,81.86546011082828,28.818009167909622,53.088323327898976,1.4700680999085307,16574.008865356445,0.0,24.0,0.0,2.0,0.050000000000000044,1.2836263664066792,1.268962323665619,0.04888006276451051
md_cbad_dqn,811,395,81.40761633217335,82.07783960513771,30.24193798005581,51.16567766666412,1.512339704670012,17166.04473876953,0.0,24.0,0.0,0.0,0.050000000000000044,1.4852873869240284,1.4709091931581497,0.04792728158645332
md_cbad_dqn,811,396,111.55615681707859,82.64405036725104,35.52405020594597,76.03210681974888,1.6675961129367352,20020.045459747314,0.0,32.0,0.0,4.0,0.050000000000000044,1.821164596825838,1.8092444576323032,0.039733762736432254
md_cbad_dqn,811,397,87.16431949287653,82.77321951456368,27.965952962636948,59.19836634397507,1.449697870761156,15668.503978729248,0.0,26.0,0.0,0.0,0.050000000000000044,1.6575407907366753,1.6454160697758198,0.0404157635057345
md_cbad_dqn,811,398,94.30011839568616,82.84174728192389,31.214615523815155,63.08550255894661,1.5715376129373908,17450.469367980957,0.0,28.0,0.0,1.0,0.050000000000000044,1.4759120754897594,1.4616654887795448,0.04748860886320472
md_cbad_dqn,811,399,92.99558605253696,83.50375645443798,32.33511075377464,60.660475715994835,1.6020089136436582,18242.090255737305,0.0,26.0,0.0,2.0,0.050000000000000044,1.678696196526289,1.666122529655695,0.04191220970824361
md_cbad_dqn,811,400,95.73325955867767,84.33983364462854,31.964810959994793,63.7684485912323,1.6122570214793086,18547.59511947632,0.0,29.0,0.0,1.0,0.050000000000000044,1.7068826258182526,1.6948405392467976,0.040140301338396966
md_cbad_dqn,811,401,75.92111875116825,83.35923595488072,27.633782602846622,48.28733620047569,1.47130171302706,15812.563976287842,0.0,23.0,0.0,1.0,0.050000000000000044,1.9910935908555984,1.9774014987051487,0.04564026300795376
md_cbad_dqn,811,402,68.1033899575472,83.11130648463966,26.08397490531206,42.019414567947386,1.423065516166389,14847.836963653564,0.0,20.0,0.0,1.0,0.050000000000000044,1.8128003645688295,1.7998691108077765,0.043104189448058605
md_cbad_dqn,811,403,93.36749403178692,83.72136020936072,30.587973698973656,62.77952095866203,1.553479210473597,17404.082401275635,0.0,28.0,0.0,1.0,0.050000000000000044,1.8849616926163435,1.8719087094068527,0.043509847251698375
md_cbad_dqn,811,404,75.46197717040778,84.44415726423264,27.524660922586918,47.93731656074524,1.4722955645993352,15972.52074432373,0.0,23.0,0.0,2.0,0.050000000000000044,1.480191458016634,1.4690600875765085,0.037104520364664495
md_cbad_dqn,811,405,70.79112566262484,83.06036290325225,27.148051403462887,43.64307428896427,1.4378346037119627,15246.428943634033,0.0,23.0,0.0,0.0,0.050000000000000044,1.4636905901134014,1.4490287378430367,0.04887284594587982
md_cbad_dqn,811,406,77.97167955338955,82.91731391593814,27.386024489998817,50.585655599832535,1.4495137380436063,15687.632419586182,0.0,24.0,0.0,0.0,0.050000000000000044,1.8092669658362865,1.7970328517258167,0.04078034986741841
md_cbad_dqn,811,407,57.10057479143143,81.39979495957493,25.399821251630783,31.70075313746929,1.402920245192945,14489.768589019775,0.0,19.0,0.0,0.0,0.050000000000000044,1.4932723827660084,1.4809988588094711,0.040911720832809806
md_cbad_dqn,811,408,68.79106592833995,81.0781552799046,25.999070644378662,42.79199477732182,1.3913046987727284,14770.458969116211,0.0,21.0,0.0,3.0,0.050000000000000044,1.4142351634800434,1.4025789387524128,0.03885408292990178
md_cbad_dqn,811,409,67.00568001717329,80.47295090362431,24.46973019093275,42.53594991564751,1.405433215200901,13815.881900787354,0.0,21.0,0.0,1.0,0.050000000000000044,1.6448161788284779,1.6325706727802753,0.0408183136023581
md_cbad_dqn,811,410,78.37587099522352,81.31623240694404,28.133274264633656,50.24259698390961,1.4796131504699588,16330.731018066406,0.0,23.0,0.0,0.0,0.050000000000000044,1.7481014411896467,1.7343538347631693,0.045825373381376266
md_cbad_dqn,811,411,76.39397896230221,80.4864701898396,27.800859324634075,48.59311961531639,1.4467355879023671,15855.013362884521,0.0,25.0,0.0,2.0,0.050000000000000044,1.9596558772027493,1.9470394104719162,0.04205485712736845
md_cbad_dqn,811,412,76.52031934410334,80.71152374245227,27.78950560837984,48.73081339299679,1.4369322275742888,15581.35428237915,0.0,24.0,0.0,2.0,0.050000000000000044,1.9530625101178885,1.939965883269906,0.04365539096761495
md_cbad_dqn,811,413,62.86541011184454,79.68665372110904,26.52021174877882,36.345198690891266,1.4290618654340506,15243.238536834717,0.0,20.0,0.0,0.0,0.050000000000000044,1.6427521165460348,1.6276843454688787,0.050225895596668124
md_cbad_dqn,811,414,87.17606456130743,79.95014032438397,31.272505156695843,55.90355919599533,1.5433733351528645,17386.309741973877,0.0,24.0,0.0,2.0,0.050000000000000044,1.7893271576613188,1.7743959687650204,0.049770610174164176
md_cbad_dqn,811,415,82.6730220258236,80.01341060906648,29.195098467171192,53.477923506498335,1.5162856252864003,16859.624046325684,0.0,23.0,0.0,2.0,0.050000000000000044,1.545991299673915,1.5315220803022385,0.04823069577105343
md_cbad_dqn,811,416,83.21326591968537,78.59626606419683,29.44155701249838,53.77170860171318,1.5255008460953832,17202.45687866211,0.0,26.0,0.0,1.0,0.050000000000000044,1.4364330358803272,1.424497950822115,0.03978362213820219
md_cbad_dqn,811,417,65.23473025262356,77.49978660218417,26.538793735206127,38.69593649506569,1.4522845493629575,15604.05382156372,0.0,21.0,0.0,2.0,0.050000000000000044,1.8772359527647495,1.8617176171392202,0.051727783982641995
md_cbad_dqn,811,418,73.56956477612258,76.463258921206,28.244669273495674,45.32489585280418,1.4675493594259024,16217.88720703125,0.0,21.0,0.0,1.0,0.050000000000000044,1.3907611723989248,1.3759831227362156,0.04926014645025134
md_cbad_dqn,811,419,72.9969193443656,75.46332558579743,26.624467603862286,46.37245168089866,1.464689294807613,15383.943901062012,0.0,23.0,0.0,4.0,0.050000000000000044,1.528242513537407,1.51535708270967,0.042951425537467
md_cbad_dqn,811,420,63.56544269919395,73.85493474282325,25.656290233135223,37.909152540564534,1.4111510142683983,14699.43667602539,0.0,20.0,0.0,2.0,0.050000000000000044,1.3661089278757572,1.3535520732402802,0.04185620916541666
md_cbad_dqn,811,421,83.89996723234654,74.25387716688218,29.495173394680023,54.404794135689734,1.5527063431218266,17308.151302337646,0.0,25.0,0.0,2.0,0.050000000000000044,1.791793279349804,1.7778289206326008,0.04654789133928716
md_cbad_dqn,811,422,92.80322647094727,75.48886899255216,33.7264269888401,59.07679936289787,1.6258007232099771,19495.01252746582,0.0,28.0,0.0,1.0,0.050000000000000044,1.541288286447525,1.5269866846501827,0.047672021901234984
md_cbad_dqn,811,423,73.92533238977194,74.51676091045141,28.59270714223385,45.33262524008751,1.4581674868240952,16020.158033370972,0.0,23.0,0.0,1.0,0.050000000000000044,1.4605393148958683,1.446841424331069,0.04565966804511845
md_cbad_dqn,811,424,55.56715692579746,73.5220198982209,24.688204929232597,30.878951892256737,1.3619026960805058,13875.90662765503,0.0,18.0,0.0,0.0,0.050000000000000044,1.8666579332202673,1.8545923996716738,0.04021848028060049
md_cbad_dqn,811,425,91.16618425548077,74.5407728278637,31.155531108379364,60.01065302789211,1.5636447640135884,17830.03630065918,0.0,28.0,0.0,1.0,0.050000000000000044,2.2044763416051865,2.1928659826517105,0.038701172336004674
md_cbad_dqn,811,426,83.38914954662323,74.81164632752538,30.030808180570602,53.35834160447121,1.5065316567197442,16872.612720489502,0.0,25.0,0.0,0.0,0.050000000000000044,1.8542698454111814,1.842523254454136,0.039155360544100404
md_cbad_dqn,811,427,89.16894615590573,76.41506489574911,30.68790975213051,58.481036776304244,1.5370433432981372,17739.940006256104,0.0,27.0,0.0,2.0,0.050000000000000044,1.7196739837527275,1.7071587778627872,0.04171738191507757
md_cbad_dqn,811,428,83.68957079201937,77.15999013893307,31.108546055853367,52.58102458715439,1.5676549514755607,17765.316375732422,0.0,24.0,0.0,0.0,0.050000000000000044,1.2671576850116253,1.2533221747726202,0.04611843079328537
md_cbad_dqn,811,429,76.97644404470921,77.65852834030987,28.237742468714714,48.73870166540146,1.4662517858669162,16188.640548706055,0.0,25.0,0.0,2.0,0.050000000000000044,1.7689210288226604,1.7573386989533901,0.03860768023878336
md_cbad_dqn,811,430,55.526634426414965,76.51606651186944,25.58616540580988,29.94046905040741,1.3919191602617502,14799.278476715088,0.0,15.0,0.0,2.0,0.050000000000000044,1.9879903756082058,1.9758585058152676,0.04043955123052001
md_cbad_dqn,811,431,75.3112104550004,76.46192808650436,27.269793055951595,48.041417324543,1.476970000192523,15798.384967803955,0.0,23.0,0.0,2.0,0.050000000000000044,1.795738672837615,1.782634001225233,0.04368229955434799
md_cbad_dqn,811,432,78.65069139003754,76.56844668880106,27.69295797497034,50.95773307979107,1.5112884920090437,16355.959224700928,0.0,25.0,0.0,2.0,0.050000000000000044,1.323007581755519,1.309772564098239,0.04411675315350294
md_cbad_dqn,811,433,73.07485309392214,77.07891883790495,27.76145325601101,45.31339948773384,1.4366808207705617,15428.597332000732,0.0,22.0,0.0,2.0,0.050000000000000044,1.6621400192379951,1.6494976356625557,0.04214121797122061
md_cbad_dqn,811,434,81.20269205570222,76.78025021262468,31.156069554388523,50.04662265777588,1.5309696374461055,17884.764724731445,0.0,22.0,0.0,1.0,0.050000000000000044,1.423362709581852,1.411089215427637,0.04091162863187492
md_cbad_dqn,811,435,89.1959806933999,77.1063981460035,31.3988204523921,57.7971599727869,1.548398177139461,18028.086025238037,0.0,25.0,0.0,2.0,0.050000000000000044,1.8040087707340717,1.7905083373188972,0.04500144300982356
md_cbad_dqn,811,436,71.4190501511097,76.51668735757472,26.913244269788265,44.50580578446388,1.4357202490791678,15503.029941558838,0.0,24.0,0.0,1.0,0.050000000000000044,1.6640074029564857,1.6508557945489883,0.04383864160627127
md_cbad_dqn,811,437,80.66445878446102,77.28817378416659,30.532331854104996,50.13212666213512,1.5366818075999618,17326.928379058838,0.0,24.0,0.0,3.0,0.050000000000000044,1.7951370403170586,1.7816242780536413,0.04504249803721905
md_cbad_dqn,811,438,85.50047712773085,77.88471940174699,30.14438822120428,55.35608907043934,1.531058706343174,17190.72563934326,0.0,26.0,0.0,0.0,0.050000000000000044,1.3452999908477068,1.3330518454313278,0.04082721669692546
md_cbad_dqn,811,439,97.54825681447983,79.11228627525271,33.23702435195446,64.31123246252537,1.609610129147768,19039.06692123413,0.0,28.0,0.0,0.0,0.050000000000000044,2.031208608299494,2.018181461840868,0.04342378838919103
md_cbad_dqn,811,440,83.39055659174919,80.10354196988047,28.500485494732857,54.89007103741169,1.4694656720384955,15968.084537506104,0.0,25.0,0.0,2.0,0.050000000000000044,1.7436820901930332,1.7316587921231985,0.040077642421238124
md_cbad_dqn,811,441,78.13749490976333,79.81541835375131,28.276442624628544,49.86105215847492,1.4921438992023468,16309.688926696777,0.0,25.0,0.0,2.0,0.050000000000000044,1.5562386959791183,1.544566947966814,0.03890582162421197
md_cbad_dqn,811,442,86.60565897971392,79.50553997918965,29.85366716235876,56.75199177265167,1.4965831646695733,16486.692375183105,0.0,25.0,0.0,3.0,0.050000000000000044,1.3867366835474968,1.3733083754777908,0.04476100183092058
md_cbad_dqn,811,443,69.73177691549063,79.29586220547557,25.246757321059704,44.48501995205879,1.388677298091352,14127.66958618164,0.0,22.0,0.0,0.0,0.050000000000000044,1.4549829680472612,1.4428115580230951,0.04057137400377542
md_cbad_dqn,811,444,83.85108536481857,80.71005862742663,29.198327034711838,54.6527586132288,1.5035863062366843,16866.18067550659,0.0,26.0,0.0,0.0,0.050000000000000044,1.4708980526775122,1.4584591165184975,0.04146310640498996
md_cbad_dqn,811,445,85.49177409112454,80.42633811920882,29.120329275727272,56.37144478559494,1.491570333018899,16323.832988739014,0.0,25.0,0.0,1.0,0.050000000000000044,1.4947384111583233,1.4822467770427465,0.04163877363316715
md_cbad_dqn,811,446,63.67495612800121,79.44062844827772,27.063257440924644,36.611698508262634,1.4620820805430412,16041.546417236328,0.0,19.0,0.0,2.0,0.050000000000000044,1.4692788925021887,1.4579279404133558,0.037836481584236026
md_cbad_dqn,811,447,89.2411513403058,79.44423870749772,30.819006852805614,58.42214460670948,1.5409374088048935,17726.460914611816,0.0,27.0,0.0,1.0,0.050000000000000044,1.5978850331157446,1.5832996219396591,0.048618018394336104
md_cbad_dqn,811,448,76.90805497169495,79.1051629164815,28.795961409807205,48.112093010544775,1.4817411890253425,16330.035400390625,0.0,22.0,0.0,1.0,0.050000000000000044,1.650259479880333,1.637681070715189,0.04192802985198796
md_cbad_dqn,811,449,68.03300143927336,78.65799078620971,27.808029256761074,40.22497176527977,1.4728674842044711,15880.02474975586,0.0,20.0,0.0,1.0,0.050000000000000044,1.828157912939787,1.8160175457596779,0.040467869490385056
md_cbad_dqn,811,450,77.76073332428932,79.76969573110344,27.14123071730137,50.61950262188911,1.4304112065583467,15290.97473526001,0.0,22.0,0.0,2.0,0.050000000000000044,1.8938496857881546,1.8810138702392578,0.042786075035110116
md_cbad_dqn,811,451,67.94013044387103,79.40114173054697,26.05751822888851,41.88261201381683,1.4078773763030767,14650.901271820068,0.0,20.0,0.0,2.0,0.050000000000000044,1.6817079111933708,1.6697355825453997,0.039907766156829894
md_cbad_dqn,811,452,85.25275183469057,79.7312447527796,30.900028951466084,54.352722600102425,1.5223901038989425,17592.84579849243,0.0,25.0,0.0,2.0,0.050000000000000044,1.7602599635720253,1.74725691229105,0.043343498138710856
md_cbad_dqn,811,453,79.60456065833569,80.05773013100028,28.704217687249184,50.90034307539463,1.4811420319601893,16590.154237747192,0.0,24.0,0.0,0.0,0.050000000000000044,1.9953445419669151,1.9826975166797638,0.042156701907515526
md_cbad_dqn,811,454,69.28566595315934,79.46187882587314,25.79799784719944,43.48766838908195,1.4259632676839828,14765.239768981934,0.0,21.0,0.0,2.0,0.050000000000000044,1.251221265643835,1.239113450050354,0.04035944363567978
md_cbad_dqn,811,455,86.88372014462948,79.34626579843462,31.23887024819851,55.64485043287277,1.5534323956817389,17827.918628692627,0.0,27.0,0.0,0.0,0.050000000000000044,1.364701734855771,1.3536533955484629,0.03682776156347245
md_cbad_dqn,811,456,89.25376674085855,80.23800162792205,32.01614550501108,57.23762170523405,1.5672499649226665,18084.559112548828,0.0,27.0,0.0,2.0,0.050000000000000044,1.2548458259552717,1.241914751008153,0.04310360015369952
md_cbad_dqn,811,457,82.71046452969313,80.34030191518367,28.689311653375626,54.021151915192604,1.4935458032414317,16314.577896118164,0.0,25.0,0.0,1.0,0.050000000000000044,1.7938762847334146,1.7806603275239468,0.04405313229653984
md_cbad_dqn,811,458,69.8487701267004,79.55771656513214,27.278701707720757,42.57006794214249,1.4500198950991035,15690.100093841553,0.0,20.0,0.0,1.0,0.050000000000000044,1.9449841044843197,1.9320243448019028,0.043199225212447345
md_cbad_dqn,811,459,90.43626114875079,79.20211678184569,31.612038262188435,58.824222871661185,1.5969281289726496,18052.169582366943,0.0,25.0,0.0,3.0,0.050000000000000044,1.76847530528903,1.7564401775598526,0.04011708952020854
md_cbad_dqn,811,460,75.80241402238607,78.82270965337753,28.55474167317152,47.247672736644745,1.489509742707014,16025.487648010254,0.0,22.0,0.0,1.0,0.050000000000000044,1.717591067776084,1.7057090010493994,0.03960688645020127
md_cbad_dqn,811,461,82.81747332215309,79.05670857399703,28.971344515681267,53.84612953662872,1.5176272448152304,16619.868156433105,0.0,25.0,0.0,0.0,0.050000000000000044,1.8864135909825563,1.8748905453830957,0.03841012134216726
md_cbad_dqn,811,462,83.6360559463501,78.90822842232885,30.061305582523346,53.57475072145462,1.4907778222113848,16881.743453979492,0.0,24.0,0.0,2.0,0.050000000000000044,1.4348104409873486,1.422492265701294,0.04106056538876146
md_cbad_dqn,811,463,84.8919086009264,79.66623500660062,30.21140791475773,54.68050101399422,1.5157674048095942,16925.193111419678,0.0,26.0,0.0,0.0,0.050000000000000044,1.5182427745312452,1.505193155258894,0.043498662766069174
md_cbad_dqn,811,464,75.06712367534638,79.22703692212701,27.57490338385105,47.49222018718719,1.4716138718649745,16024.361343383789,0.0,24.0,0.0,1.0,0.050000000000000044,1.7836389690637589,1.7686192151159048,0.05006578494794667
md_cbad_dqn,811,465,82.69913233816624,79.08740483447909,29.902745470404625,52.79638670384884,1.504763325676322,16589.079860687256,0.0,25.0,0.0,1.0,0.050000000000000044,1.4902658462524414,1.4773196503520012,0.04315396677702665
md_cbad_dqn,811,466,74.39704229682684,79.62350914292038,27.82027219980955,46.576770186424255,1.4672148395329714,15839.985736846924,0.0,21.0,0.0,1.0,0.050000000000000044,1.381359038874507,1.3701142314821482,0.03748269041534513
md_cbad_dqn,811,467,74.49566875398159,78.88623501360416,26.69690515846014,47.79876357316971,1.4154694182798266,15095.389705657959,0.0,23.0,0.0,0.0,0.050000000000000044,2.1365914065390825,2.123575534671545,0.043386251432821155
md_cbad_dqn,811,468,73.15957039892673,78.69881078496574,27.375127017498016,45.784443232417104,1.448948884382844,15647.991291046143,0.0,23.0,0.0,4.0,0.050000000000000044,1.6219807881861925,1.6099631004035473,0.040058927959762514
md_cbad_dqn,811,469,78.53822457194329,79.22407194159925,27.9950929582119,50.543131300807,1.4633302995935082,15814.63829421997,0.0,23.0,0.0,1.0,0.050000000000000044,1.1632105335593224,1.150477522984147,0.04244336753617972
md_cbad_dqn,811,470,63.27043588757515,78.49955706976354,25.801418788731098,37.46901664435863,1.390151179395616,14304.917297363281,0.0,19.0,0.0,2.0,0.050000000000000044,1.446429256349802,1.4339042380452156,0.04175004840362817
md_cbad_dqn,811,471,73.66342236995698,78.78572166606784,26.694755978882313,46.968666636943816,1.424397550523281,14845.11361694336,0.0,25.0,0.0,1.0,0.050000000000000044,2.0142884496599436,2.0019871778786182,0.04100429581012577
md_cbad_dqn,811,472,85.825528973341,78.81436052300037,30.37947468459606,55.446054154634474,1.5170452883467078,16794.378623962402,0.0,25.0,0.0,2.0,0.050000000000000044,2.043444413691759,2.032054089009762,0.03796771797351539
md_cbad_dqn,811,473,66.1492406502366,78.1415945225954,25.356968142092228,40.7922722697258,1.380088777281344,14279.175476074219,0.0,20.0,0.0,0.0,0.050000000000000044,1.5995408445596695,1.5862990450114012,0.04413940804079175
md_cbad_dqn,811,474,80.48328264206648,78.70147535704078,29.207139037549496,51.27614370882511,1.4996434962376952,16797.240272521973,0.0,24.0,0.0,2.0,0.050000000000000044,1.7062233872711658,1.693749587982893,0.04157931182999164
md_cbad_dqn,811,475,70.12064974904061,77.86332183726134,25.930236756801605,44.19041273891926,1.3999155852943659,14591.537857055664,0.0,21.0,0.0,1.0,0.050000000000000044,1.919594194740057,1.9076613299548626,0.039776263874955475
md_cbad_dqn,811,476,68.24857756495476,76.81306237846614,26.528855472803116,41.719722270965576,1.4488940499722958,15209.574335098267,0.0,20.0,0.0,1.0,0.050000000000000044,2.393816962838173,2.3812083154916763,0.042028842493891716
md_cbad_dqn,811,477,85.30053571760655,76.94256593786181,30.905122011899948,54.39541436135769,1.5331540647894144,17316.536296844482,0.0,25.0,0.0,1.0,0.050000000000000044,1.8997634463012218,1.8876380175352097,0.04041806666646153
md_cbad_dqn,811,478,82.67238584160805,77.58374672360719,30.294126272201538,52.37825959920883,1.4993930514901876,17024.383506774902,0.0,24.0,0.0,1.0,0.050000000000000044,2.1230134665966034,2.11113154143095,0.039606397156603634
md_cbad_dqn,811,479,80.0020701289177,77.06203717261553,29.812734581530094,50.18933589756489,1.5268894005566835,17220.946411132812,0.0,23.0,0.0,2.0,0.050000000000000044,1.923782343044877,1.9111700244247913,0.04204109939746559
md_cbad_dqn,811,480,78.98655261844397,77.22124410241842,27.903932385146618,51.08261992037296,1.4582943702116609,15989.374526977539,0.0,24.0,0.0,0.0,0.050000000000000044,1.6683787666261196,1.6553051695227623,0.04357861215248704
md_cbad_dqn,811,481,76.86900396645069,76.9238206346333,29.20369343459606,47.66531068086624,1.5017884196713567,16661.532669067383,0.0,23.0,0.0,1.0,0.050000000000000044,2.0117425452917814,1.999826479703188,0.039720228989608586
md_cbad_dqn,811,482,62.24774114191532,75.85440489441157,25.576337806880474,36.671403208374976,1.4095064466819167,14888.704326629639,0.0,19.0,0.0,1.0,0.050000000000000044,1.8765869140625,1.8636158853769302,0.043236749013885856
md_cbad_dqn,811,483,76.74406416714191,75.44701267272235,28.630959890782833,48.113104075193405,1.510683761909604,16440.69406890869,0.0,22.0,0.0,0.0,0.050000000000000044,1.3666259590536356,1.354804189875722,0.0394058742094785
md_cbad_dqn,811,484,81.96735844910145,75.7920244114101,30.187687814235687,51.77967099249363,1.5352573553100228,17048.39382171631,0.0,24.0,0.0,1.0,0.050000000000000044,1.83657605946064,1.8243449162691832,0.04077045794110745
md_cbad_dqn,811,485,107.12530300021172,77.01333294451237,35.622746512293816,71.50255693495274,1.655539881438017,19977.022186279297,0.0,31.0,0.0,1.0,0.050000000000000044,2.239861834794283,2.227163229137659,0.04232871113345027
md_cbad_dqn,811,486,103.83046838045121,78.4850042486936,34.183841697871685,69.64662674963475,1.6238473756238818,19325.1192817688,0.0,32.0,0.0,3.0,0.050000000000000044,2.0269052144140005,2.01320774666965,0.04565819585695863
md_cbad_dqn,811,487,74.87157303243876,78.50379946261646,27.784629248082638,47.08694342672825,1.4509915290400386,15619.276725769043,0.0,22.0,0.0,1.0,0.050000000000000044,2.066573992371559,2.054770275950432,0.039345759083516896
md_cbad_dqn,811,488,78.85633546113968,78.7886377157271,28.08254113793373,50.77379381656647,1.493039919063449,16116.370918273926,0.0,24.0,0.0,1.0,0.050000000000000044,1.52782185934484,1.5145162362605333,0.04435211210511625
md_cbad_dqn,811,489,74.32437399923802,78.57794518709184,27.994198635220528,46.33017584085464,1.4579156283289194,15948.431549072266,0.0,23.0,0.0,1.0,0.050000000000000044,1.3111618272960186,1.2994184996932745,0.039144431124441326
md_cbad_dqn,811,490,76.94928960502148,79.26188787296415,27.878444656729698,49.07084487378597,1.465633600950241,16197.565929412842,0.0,25.0,0.0,1.0,0.050000000000000044,1.5362952593713999,1.524763448163867,0.03843942214734852
md_cbad_dqn,811,491,81.5169036179781,79.65456193536521,29.518178075551987,51.998725244402884,1.5066819805651903,16887.106105804443,0.0,26.0,0.0,2.0,0.050000000000000044,1.4238362554460764,1.4126005917787552,0.0374521886697039
md_cbad_dqn,811,492,91.43319551050664,79.93494526222351,31.12950001657009,60.303695479035376,1.5668905600905418,17655.623168945312,0.0,28.0,0.0,3.0,0.050000000000000044,1.993209756910801,1.9817262291908264,0.03827842173632234
md_cbad_dqn,811,493,77.90579062700272,80.5227727610618,28.57635497301817,49.32943508028984,1.492083365097642,15828.193420410156,0.0,22.0,0.0,0.0,0.050000000000000044,1.2250209152698517,1.2135602552443743,0.03820219123736024
md_cbad_dqn,811,494,71.88936497271061,80.09307687759402,27.991187766194344,43.89817774295807,1.49752358160913,16589.219806671143,0.0,22.0,0.0,0.0,0.050000000000000044,1.977939872071147,1.9651080779731274,0.04277264652773738
md_cbad_dqn,811,495,63.655235388875006,79.76980615958573,24.562251940369606,39.09298331439495,1.330434862524271,13991.370220184326,0.0,21.0,0.0,1.0,0.050000000000000044,1.6198140569031239,1.6067479699850082,0.043553563416935503
md_cbad_dqn,811,496,89.06177351772786,80.81046595722438,31.100811682641506,57.960961842536925,1.5551238488405943,17788.380001068115,0.0,26.0,0.0,2.0,0.050000000000000044,1.5798372868448496,1.567462719976902,0.04124855971895158
md_cbad_dqn,811,497,79.97152138650418,80.54401524066927,29.85937339067459,50.1121479511261,1.5049964683130383,16817.592037200928,0.0,22.0,0.0,1.0,0.050000000000000044,1.2902372758835554,1.2774323392659426,0.04268312419299036
md_cbad_dqn,811,498,87.19079240709543,80.76993556894364,30.232955053448677,56.95783694386482,1.5329570332542062,17615.54873275757,0.0,25.0,0.0,4.0,0.050000000000000044,1.653415160253644,1.6412050183862448,0.04070047102868557
md_cbad_dqn,811,499,93.28305739164352,81.43398493207992,31.768255330622196,61.51480185985565,1.5564610250294209,18006.319255828857,0.0,27.0,0.0,0.0,0.050000000000000044,1.3640784304589033,1.3512745145708323,0.042679665610194206
md_cbad_dqn,811,500,69.40871062874794,80.95509283259511,26.306447863578796,43.102262541651726,1.420824533328414,14845.804752349854,0.0,23.0,0.0,1.0,0.050000000000000044,1.740804372355342,1.7290203534066677,0.03928006405476481
md_cbad_dqn,811,501,75.87225572764874,80.90525542065501,27.594273395836353,48.27798214554787,1.4755707271397114,15729.632629394531,0.0,23.0,0.0,1.0,0.050000000000000044,2.1162617094814777,2.104812528938055,0.03816394926980138
md_cbad_dqn,811,502,73.11305634379387,81.44852118074894,27.98179768025875,45.131258708238605,1.44693982321769,15746.54621887207,0.0,21.0,0.0,3.0,0.050000000000000044,1.7915641814470291,1.7801040075719357,0.03820063767489046
md_cbad_dqn,811,503,77.56197373718024,81.48941665925086,28.469854220747948,49.09211994111538,1.499244749546051,16760.975423812866,0.0,22.0,0.0,2.0,0.050000000000000044,1.8234771490097046,1.8108612075448036,0.042053119046613574
md_cbad_dqn,811,504,97.56078077852726,82.26908777572216,32.363590225577354,65.19719049334526,1.5923571940511465,18297.458862304688,0.0,28.0,0.0,0.0,0.050000000000000044,1.8697616253048182,1.85737101174891,0.041302021592855453
md_cbad_dqn,811,505,74.42943243831397,80.63429424762727,26.998450964689255,47.43098157048225,1.4215586856007576,15747.7587890625,0.0,22.0,0.0,1.0,0.050000000000000044,1.17127744294703,1.158943321555853,0.041113777086138725
md_cbad_dqn,811,506,72.47655061632395,79.06659835942091,29.068026319146156,43.40852427482605,1.4849209673702717,16235.340522766113,0.0,21.0,0.0,0.0,0.050000000000000044,1.8703622203320265,1.8590394798666239,0.03774246608372778
md_cbad_dqn,811,507,87.28760015368462,79.68739971548321,30.15710609406233,57.13049332201481,1.5238507045432925,17196.678688049316,0.0,26.0,0.0,2.0,0.050000000000000044,1.7905021384358406,1.77732465416193,0.043924963334575295
md_cbad_dqn,811,508,70.36848923116922,79.26300740398469,27.05386681109667,43.314622330665586,1.4375769728794694,15235.213439941406,0.0,20.0,0.0,2.0,0.050000000000000044,1.7123692613095045,1.698610506951809,0.045862540835514665
md_cbad_dqn,811,509,87.23652795255184,79.90861510165037,31.44527706503868,55.79125078320503,1.541200565174222,18010.287307739258,0.0,26.0,0.0,2.0,0.050000000000000044,1.8545693904161453,1.8417552076280117,0.04271386796608567
md_cbad_dqn,811,510,61.39159245342016,79.13073024407029,26.36998365074396,35.02160932421684,1.3993547214195132,14808.366764068604,0.0,19.0,0.0,2.0,0.050000000000000044,1.7862636651843786,1.7729638796299696,0.044332592748105526
md_cbad_dqn,811,511,77.79747458696366,78.94475879251958,27.889652267098427,49.90782203674316,1.4668504539877176,15880.125749588013,0.0,25.0,0.0,1.0,0.050000000000000044,1.7130862399935722,1.6992112807929516,0.046249863342382014
md_cbad_dqn,811,512,59.891154357790946,77.36765673488381,24.858458034694195,35.032696256041525,1.3658892372623086,14145.392883300781,0.0,19.0,0.0,1.0,0.050000000000000044,1.8891415540128946,1.8755143694579601,0.04542385402601212
md_cbad_dqn,811,513,74.94186619818211,77.21946051344277,28.99369002878666,45.94817624390125,1.4927897145971656,16531.063053131104,0.0,21.0,0.0,1.0,0.050000000000000044,1.99864430911839,1.9864033441990614,0.04080312477890402
md_cbad_dqn,811,514,91.56938077509403,78.20346130356195,31.78882732987404,59.780552715063095,1.5665911873802543,18215.722007751465,0.0,29.0,0.0,0.0,0.050000000000000044,1.797285420820117,1.785406269133091,0.03959714830853045
md_cbad_dqn,811,515,94.5743498802185,79.74941702812912,33.13855254650116,61.43579711019993,1.5876911785453558,18615.609687805176,0.0,28.0,0.0,0.0,0.050000000000000044,2.033498778939247,2.0219310615211725,0.03855903132352978
md_cbad_dqn,811,516,80.66586043983698,79.32962137423456,28.378951527178288,52.28690955340862,1.4813590040430427,16543.54497909546,0.0,25.0,0.0,3.0,0.050000000000000044,1.7366925738751888,1.7244803365319967,0.040707503678277135
md_cbad_dqn,811,517,89.84693188369275,79.82339189909399,30.963689416646957,58.88324190080166,1.5486538270488381,17586.752296447754,0.0,27.0,0.0,1.0,0.050000000000000044,1.719741964712739,1.707502381876111,0.040798638481646776
md_cbad_dqn,811,518,81.62391038239002,79.54504779785871,29.276869773864746,52.3470401763916,1.5064207939431071,16855.677490234375,0.0,23.0,0.0,2.0,0.050000000000000044,1.9135043751448393,1.9014880079776049,0.04005461628548801
md_cbad_dqn,811,519,77.82212902009488,78.77200137928129,28.598356820642948,49.223772117495535,1.4985767751932144,16696.536262512207,0.0,24.0,0.0,1.0,0.050000000000000044,2.1142214946448803,2.101270530372858,0.04316993372049183
md_cbad_dqn,811,520,72.36290353536606,78.9197110246122,27.403041310608387,44.95986245572567,1.4113367050886154,15186.47186088562,0.0,22.0,0.0,0.0,0.050000000000000044,1.7370885834097862,1.7243174463510513,0.04257038841024041
md_cbad_dqn,811,521,87.14510236084462,79.48335335627198,30.297241039574146,56.84786141812801,1.5240791449323297,17229.76777267456,0.0,24.0,0.0,2.0,0.050000000000000044,1.2074940092861652,1.1949104852974415,0.04194504860788584
md_cbad_dqn,811,522,87.89866004884243,80.22263354152442,30.828573413193226,57.070086762309074,1.5373633904382586,17320.185707092285,0.0,27.0,0.0,0.0,0.050000000000000044,1.4281290043145418,1.4156136251986027,0.041717868531122804
md_cbad_dqn,811,523,85.4595578610897,80.61751274771989,29.80196226388216,55.65759575366974,1.5257381591945887,17201.085025787354,0.0,27.0,0.0,0.0,0.050000000000000044,2.047712065279484,2.035643547773361,0.04022837255615741
md_cbad_dqn,811,524,80.20934482812882,79.74994095019997,29.2039400562644,51.005405047535895,1.5062893237918615,16604.02543258667,0.0,25.0,0.0,1.0,0.050000000000000044,1.6896442901343107,1.677333164960146,0.041037042159587145
md_cbad_dqn,811,525,98.24567747116089,80.94075320184231,31.120525166392326,67.12515239417553,1.5603649439290166,17768.012229919434,0.0,29.0,0.0,0.0,0.050000000000000044,1.428534608334303,1.4169648103415966,0.038565998431295156
md_cbad_dqn,811,526,67.97922370880842,80.71588685646654,26.182375229895115,41.79684818089008,1.4192331098020077,14943.31979751587,0.0,21.0,0.0,2.0,0.050000000000000044,1.9739979412406683,1.9616770595312119,0.04106959735509008
md_cbad_dqn,811,527,59.07835929393768,79.30542481347918,26.74922814965248,32.32913086116314,1.4452075716108084,15645.10291671753,0.0,17.0,0.0,2.0,0.050000000000000044,1.7259902637451887,1.7137573957443237,0.04077626916114241
md_cbad_dqn,811,528,72.87731410562992,79.43086605720222,26.516189366579056,46.36112488806248,1.4307259917259216,15201.992099761963,0.0,22.0,0.0,0.0,0.050000000000000044,1.2586937360465527,1.2469180226325989,0.03925233404152095
md_cbad_dqn,811,529,88.88568769544364,79.51332404434682,31.758653938770294,57.12703382372856,1.5864861262962222,18355.73450088501,0.0,26.0,0.0,4.0,0.050000000000000044,1.5221358202397823,1.509369384497404,0.04255477734841406
md_cbad_dqn,811,530,72.30087702274322,80.05878827281296,27.070491805672646,45.230384963750836,1.4364046966657043,15086.154964447021,0.0,22.0,0.0,2.0,0.050000000000000044,1.8161050751805305,1.8029723465442657,0.04377581039443612
md_cbad_dqn,811,531,84.843290643394,80.41107907563449,29.683284290134907,55.16000688970089,1.4803897636011243,16570.34087371826,0.0,25.0,0.0,1.0,0.050000000000000044,1.5147392451763153,1.5008267890661955,0.04637488117441535
md_cbad_dqn,811,532,72.28550063818693,81.03079638965428,27.144870169460773,45.14063046872616,1.4389578457921743,15493.191715240479,0.0,24.0,0.0,1.0,0.050000000000000044,1.2259741108864546,1.215186096727848,0.035960020031780005
md_cbad_dqn,811,533,75.56739742457867,81.06207295097411,28.02705442160368,47.540342995524405,1.4621821055188775,16000.412097930908,0.0,23.0,0.0,1.0,0.050000000000000044,1.7185914609581232,1.7074655331671238,0.03708638343960047
md_cbad_dqn,811,534,78.41991948485375,80.40459988646211,28.012195505201817,50.4077243745327,1.443245810456574,15508.82610321045,0.0,24.0,0.0,2.0,0.050000000000000044,1.9143382478505373,1.9020367991179228,0.041004812344908714
md_cbad_dqn,811,535,89.44212148785591,80.14798846684397,30.69902940839529,58.743091729283336,1.519148975610733,17297.561546325684,0.0,26.0,0.0,3.0,0.050000000000000044,1.6233412362635136,1.6093597020953894,0.04660511249676347
md_cbad_dqn,811,536,71.57431104779243,79.69341099724176,26.624179303646088,44.95013150572777,1.421247879974544,15339.795234680176,0.0,22.0,0.0,0.0,0.050000000000000044,1.4639870394021273,1.4522188156843185,0.03922744025476277
md_cbad_dqn,811,537,73.76409693360328,78.88926924973727,27.88698398321867,45.877112838625905,1.477229150943458,16196.913124084473,0.0,22.0,0.0,3.0,0.050000000000000044,1.732679408043623,1.7196102142333984,0.04356402938719839
md_cbad_dqn,811,538,67.79873995631934,78.19801072843373,27.125935189425945,40.672804647684096,1.4346509678289294,15414.552772521973,0.0,20.0,0.0,1.0,0.050000000000000044,1.6537211388349533,1.639840580523014,0.046268497477285564
md_cbad_dqn,811,539,89.43497489392757,78.77865302212537,32.3709120452404,57.06406311690807,1.5591501109302044,17936.449935913086,0.0,25.0,0.0,0.0,0.050000000000000044,1.572335733100772,1.5603187903761864,0.04005654400680214
md_cbad_dqn,811,540,71.08718583732843,78.71486713722348,25.543568409979343,45.543617367744446,1.4050502143800259,14679.379425048828,0.0,21.0,0.0,0.0,0.050000000000000044,1.9120233450084925,1.8999729491770267,0.040167999221011996
md_cbad_dqn,811,541,76.04974707216024,78.16009937278928,28.721148259937763,47.32859852910042,1.481051160953939,16646.342527389526,0.0,25.0,0.0,0.0,0.050000000000000044,1.624331483617425,1.6122753210365772,0.04018727783113718
md_cbad_dqn,811,542,63.603620977699755,76.94534741923215,26.483099550008774,37.12052156925201,1.4065225617960095,14644.426959991455,0.0,18.0,0.0,1.0,0.050000000000000044,1.770281733945012,1.7558312490582466,0.0481682897079736
md_cbad_dqn,811,543,95.36536301970482,77.44063767716288,31.764281280338764,63.60108208954334,1.5479529993608594,17974.292572021484,0.0,30.0,0.0,3.0,0.050000000000000044,1.7215010598301888,1.708719838410616,0.04260412056464702
md_cbad_dqn,811,544,73.99619541317225,77.12998020641507,27.603128977119923,46.39306642115116,1.4749663108959794,16206.972707748413,0.0,23.0,0.0,0.0,0.050000000000000044,1.9591657668352127,1.9458811394870281,0.04428206931333989
md_cbad_dqn,811,545,73.09156229496003,75.87227444760502,27.273407369852066,45.8181545227766,1.4458813732489944,15495.173011779785,0.0,24.0,0.0,2.0,0.050000000000000044,1.5660638436675072,1.5535659622401,0.04165957169607282
md_cbad_dqn,811,546,64.42058582007886,75.69434255316854,23.836819536983967,40.583766201138495,1.3428830076009035,13199.900302886963,0.0,21.0,0.0,1.0,0.050000000000000044,1.8813696578145027,1.8691764697432518,0.040643905056640506
md_cbad_dqn,811,547,76.09204818457366,76.54502699770035,28.969242446124554,47.12280643880367,1.5011443793773651,16694.034496307373,0.0,23.0,0.0,4.0,0.050000000000000044,1.2214690260589123,1.2097778599709272,0.03897048020735383
md_cbad_dqn,811,548,81.9613466411829,76.999228624478,28.034822776913643,53.92652402818203,1.4647618401795626,16147.141708374023,0.0,24.0,0.0,0.0,0.050000000000000044,1.996789537370205,1.9829748831689358,0.04604883445426822
md_cbad_dqn,811,549,83.23253583908081,76.71657103165985,30.075702026486397,53.156833708286285,1.5177476247772574,16942.435344696045,0.0,23.0,0.0,0.0,0.050000000000000044,1.6894252970814705,1.673791877925396,0.05211140774190426
md_cbad_dqn,811,550,76.2227190837264,76.91266313470899,26.904589347541332,49.31812998950481,1.4366217236965895,14988.758586883545,0.0,23.0,0.0,3.0,0.050000000000000044,1.4161747265607119,1.4045356903225183,0.03879679925739765
md_cbad_dqn,811,551,74.56685347557068,76.39884127631784,28.27814868092537,46.28870488405228,1.4831626266241074,16455.801776885986,0.0,22.0,0.0,3.0,0.050000000000000044,1.9957525115460157,1.9837068319320679,0.04015230596996844
md_cbad_dqn,811,552,87.37688805162907,77.15341064698994,30.215804681181908,57.16108378767967,1.525771644897759,17172.843578338623,0.0,27.0,0.0,0.0,0.050000000000000044,1.5046845600008965,1.492332810536027,0.041172534227371216
md_cbad_dqn,811,553,82.10508345961571,77.4802949487418,28.63124606013298,53.473837503790854,1.4658942399546504,15761.962097167969,0.0,26.0,0.0,1.0,0.050000000000000044,1.6809912715107203,1.6661675702780485,0.049412357388064265
md_cbad_dqn,811,554,65.19377597421408,76.81898777320981,26.94309625774622,38.250680044293404,1.4263162668794394,15421.394142150879,0.0,20.0,0.0,1.0,0.050000000000000044,1.8773079849779606,1.865345038473606,0.0398765008430928
md_cbad_dqn,811,555,73.67699818313122,76.03073160797359,28.554575487971306,45.12242279946804,1.4961418099701405,16731.948936462402,0.0,23.0,0.0,1.0,0.050000000000000044,1.8212626799941063,1.8093654606491327,0.03965738753322512
md_cbad_dqn,811,556,82.87768023908139,76.59590006753803,31.180853471159935,51.6968269020319,1.5445428555831313,17695.84464263916,0.0,23.0,0.0,3.0,0.050000000000000044,1.6141951996833086,1.6031808760017157,0.03671446722000837
md_cbad_dqn,811,557,70.53771438449621,76.43458094008267,28.261155754327774,42.27655880153179,1.4640590641647577,16090.962085723877,0.0,21.0,0.0,1.0,0.050000000000000044,1.486738232895732,1.476301146671176,0.03479030111338943
md_cbad_dqn,811,558,73.64992574602365,76.72714022956788,29.129590816795826,44.52033521234989,1.4996913811191916,16585.90933418274,0.0,21.0,0.0,0.0,0.050000000000000044,1.351894274353981,1.3401462528854609,0.03916005289647728
md_cbad_dqn,811,559,86.72737597823144,76.59176028378309,29.45449321717024,57.27288238108158,1.5194875597953796,17067.829071044922,0.0,26.0,0.0,2.0,0.050000000000000044,1.8926411159336567,1.881481520831585,0.03719857498072088
md_cbad_dqn,811,560,70.60721576958895,76.56776178039611,27.220033518970013,43.38718229532242,1.4017477352172136,15846.537494659424,0.0,21.0,0.0,0.0,0.050000000000000044,2.04626158811152,2.0343928169459105,0.03956253977958113
md_cbad_dqn,811,561,86.81557734310627,77.1060532939434,30.933575704693794,55.88200171291828,1.547518708743155,17683.19348526001,0.0,25.0,0.0,0.0,0.050000000000000044,1.9123718459159136,1.8985264971852303,0.046151084592565894
md_cbad_dqn,811,562,77.48617390692235,77.80018094040454,27.138112604618073,50.348061421513556,1.4542746115475893,15181.09901046753,0.0,24.0,0.0,2.0,0.050000000000000044,1.807729510590434,1.7943610399961472,0.04456154606305063
md_cbad_dqn,811,563,72.54338228106499,76.65908190347255,28.817037850618362,43.72634416222572,1.4737773137167096,16495.763359069824,0.0,21.0,0.0,1.0,0.050000000000000044,1.5301683526486158,1.5179630182683468,0.04068446415476501
md_cbad_dqn,811,564,77.58734483271837,76.83863937444987,28.365566574037075,49.221778362989426,1.4788754442706704,16410.290481567383,0.0,23.0,0.0,2.0,0.050000000000000044,1.949978295713663,1.9369996674358845,0.043262138264253736
md_cbad_dqn,811,565,57.141621024906634,76.0411423109472,24.482919715344906,32.65870135426521,1.3679693611338735,14225.135444641113,0.0,19.0,0.0,2.0,0.050000000000000044,1.6785214580595493,1.6661872193217278,0.04111410048790276
md_cbad_dqn,811,566,76.2906146645546,76.63464375317099,27.92960924655199,48.361004784703255,1.4600410461425781,15787.485252380371,0.0,24.0,0.0,0.0,0.050000000000000044,1.624389423057437,1.611526159569621,0.04287755326367915
md_cbad_dqn,811,567,82.04082445055246,76.93208256646992,28.496059902012348,53.54476469755173,1.4857459189370275,16394.042861938477,0.0,23.0,0.0,0.0,0.050000000000000044,1.324733616784215,1.3130866046994925,0.038823391194455326
md_cbad_dqn,811,568,93.8120202422142,77.52461624652149,33.44209924340248,60.369920909404755,1.6024428326636553,18676.758827209473,0.0,26.0,0.0,1.0,0.050000000000000044,1.4823045395314693,1.4703952763229609,0.03969752450939268
md_cbad_dqn,811,569,85.6079029738903,77.64338460326195,29.44672540575266,56.16117808222771,1.5098750246688724,16831.704299926758,0.0,26.0,0.0,0.0,0.050000000000000044,1.952938413247466,1.9401885271072388,0.04249949264340103
md_cbad_dqn,811,570,87.96290826797485,78.23039406247437,31.16392821073532,56.798980221152306,1.5629530120640993,17850.71440887451,0.0,26.0,0.0,1.0,0.050000000000000044,2.4385635927319527,2.42637088149786,0.04064234741963446
md_cbad_dqn,811,571,65.04063671827316,77.7540832246095,25.77533285319805,39.265303522348404,1.4046119647100568,14669.586311340332,0.0,21.0,0.0,0.0,0.050000000000000044,2.1711038146167994,2.160025319084525,0.03692836582195014
md_cbad_dqn,811,572,80.66338361054659,77.41840800255537,28.294224716722965,52.36915895342827,1.4957304913550615,16388.529527664185,0.0,25.0,0.0,1.0,0.050000000000000044,2.0070168152451515,1.9956561103463173,0.037869086605496705
md_cbad_dqn,811,573,71.97376096397639,76.91184187777341,26.615338869392872,45.358422392606734,1.4450136376544833,15403.44355392456,0.0,23.0,0.0,2.0,0.050000000000000044,1.4807417411357164,1.4691779278218746,0.03854604414664209
md_cbad_dqn,811,574,85.25099796950818,77.91470297753811,30.379590086638927,54.87140745818615,1.5107345264405012,17269.069969177246,0.0,25.0,0.0,1.0,0.050000000000000044,1.8645736500620842,1.8523800130933523,0.040645454777404666
md_cbad_dqn,811,575,78.27405378222466,78.14455575749278,29.047084644436836,49.22696889936924,1.5202598785981536,16889.649291992188,0.0,24.0,0.0,0.0,0.050000000000000044,1.7513535413891077,1.7395744770765305,0.0392635011812672
md_cbad_dqn,811,576,88.53335403800011,78.42733944743873,30.494106471538544,58.0392478197813,1.5725173465907574,17517.15947341919,0.0,26.0,0.0,3.0,0.050000000000000044,1.931120827794075,1.9195458497852087,0.03858332196250558
md_cbad_dqn,811,577,87.3692779481411,79.26891762562097,31.47749215364456,55.89178548157215,1.5531336879357696,17697.98797607422,0.0,27.0,0.0,2.0,0.050000000000000044,2.040887424722314,2.030162137001753,0.03575099154841155
md_cbad_dqn,811,578,98.48756323158742,80.51079949989916,31.52234948426485,66.96521408259869,1.5613312479108572,17898.233757019043,0.0,29.0,0.0,1.0,0.050000000000000044,1.768478937447071,1.755883114412427,0.04198606172576547
md_cbad_dqn,811,579,88.9072080641985,80.61979110419752,31.363482899963856,57.543725275993346,1.5433654403313994,17748.94770050049,0.0,26.0,0.0,1.0,0.050000000000000044,1.605730189010501,1.5935723595321178,0.040526056895032525
md_cbad_dqn,811,580,63.272071392834185,80.25303388535978,26.285942994058132,36.98612860739231,1.4202197017148137,14995.47649383545,0.0,19.0,0.0,3.0,0.050000000000000044,1.7430003117769957,1.7313585430383682,0.03880589478649199
md_cbad_dqn,811,581,91.21002773195505,80.47275640480223,30.92211412638426,60.28791370987892,1.5528263924643397,17942.858375549316,0.0,27.0,0.0,1.0,0.050000000000000044,1.4991634637117386,1.4866343419998884,0.04176379682030529
md_cbad_dqn,811,582,83.33467236161232,80.76518132753672,28.784417808055878,54.550254583358765,1.505490243434906,16387.820892333984,0.0,25.0,0.0,2.0,0.050000000000000044,1.7135742232203484,1.701799064874649,0.03925053449347615
md_cbad_dqn,811,583,79.906005628407,81.13331249490382,30.66632455587387,49.239680767059326,1.5357576021924615,17383.73366546631,0.0,24.0,0.0,0.0,0.050000000000000044,1.5109635815024376,1.499229647219181,0.03911312134005129
md_cbad_dqn,811,584,71.16189126074315,80.81203981630505,26.799083918333054,44.3628070294857,1.4453051779419184,15408.559875488281,0.0,21.0,0.0,1.0,0.050000000000000044,2.1062183417379856,2.0954420305788517,0.035921060596592724
md_cbad_dqn,811,585,103.26852692961693,83.11838511154056,37.033579900860786,66.2349467754364,1.6867363890632987,20814.345748901367,0.0,30.0,0.0,4.0,0.050000000000000044,1.76603464782238,1.754790522158146,0.03748042637016624
md_cbad_dqn,811,586,87.53381749987602,83.68054525330663,30.798534244298935,56.735282838344574,1.5517025515437126,17587.179683685303,0.0,25.0,0.0,1.0,0.050000000000000044,1.8510042298585176,1.835792537778616,0.050705634290352464
md_cbad_dqn,811,587,74.18277506530285,83.28764278404415,27.454101234674454,46.72867389023304,1.4900998631492257,16273.597560882568,0.0,24.0,0.0,0.0,0.050000000000000044,1.8321327045559883,1.8212511390447617,0.03627194440923631
md_cbad_dqn,811,588,53.85833926051855,81.28995873495936,24.71487183123827,29.143467578291894,1.3765656845644116,14219.770320892334,0.0,18.0,0.0,2.0,0.050000000000000044,1.8224611580371857,1.8099949341267347,0.04155404609628022
md_cbad_dqn,811,589,69.24246012568474,80.47168659254909,26.091811895370483,43.15064820051193,1.393524231389165,14478.701011657715,0.0,22.0,0.0,1.0,0.050000000000000044,1.7056765351444483,1.6942171845585108,0.03819780785124749
md_cbad_dqn,811,590,79.36520494520664,80.04180142641067,27.68904799222946,51.67615693807602,1.4757151966914535,16089.171421051025,0.0,26.0,0.0,1.0,0.050000000000000044,2.1761484891176224,2.1640576124191284,0.04030292900279164
md_cbad_dqn,811,591,76.36088422685862,80.60781380183995,27.172164909541607,49.18871942162514,1.4422611985355616,15386.75942993164,0.0,23.0,0.0,1.0,0.050000000000000044,1.572285383939743,1.560802137479186,0.03827744349837303
md_cbad_dqn,811,592,80.27146732211114,80.58821798741819,28.28868142515421,51.9827861726284,1.4789605364203453,16173.877296447754,0.0,24.0,0.0,2.0,0.050000000000000044,2.105006167665124,2.0935533810406923,0.03817603015340865
md_cbad_dqn,811,593,53.85001344531774,79.68203061148526,23.942970260977745,29.90704329609871,1.3398330239579082,13155.57080078125,0.0,18.0,0.0,2.0,0.050000000000000044,1.3975563235580921,1.3867839742451906,0.03590780438389629
md_cbad_dqn,811,594,79.90592490136623,79.41477695807815,28.569722175598145,51.3362030684948,1.463673509657383,15867.733938217163,0.0,25.0,0.0,1.0,0.050000000000000044,1.5109161231666803,1.499192949384451,0.0390771891688928
md_cbad_dqn,811,595,72.69708035290242,79.13592828661204,27.968572981655598,44.728507989645,1.4555400609970093,16307.381223678589,0.0,23.0,0.0,1.0,0.050000000000000044,1.5609012320637703,1.5495221633464098,0.03793022339232266
md_cbad_dqn,811,596,69.08001807481051,78.16326148845256,26.816929437220097,42.263088473677634,1.4382112612947822,15796.492492675781,0.0,22.0,0.0,1.0,0.050000000000000044,1.8819429706782103,1.8687475621700287,0.043984676245599985
md_cbad_dqn,811,597,77.77596160769463,77.68359567143025,26.766525492072105,51.00943624973297,1.450567084364593,15383.53992843628,0.0,24.0,0.0,0.0,0.050000000000000044,1.7128864601254463,1.7019013203680515,0.036617115372791886
md_cbad_dqn,811,598,93.45910116434098,77.43217256806793,31.808366864919662,61.6507339566946,1.583937187679112,18114.932361602783,0.0,28.0,0.0,1.0,0.050000000000000044,2.0004869401454926,1.9876688942313194,0.04272675036918372
md_cbad_dqn,811,599,70.05740549564362,76.48968243964018,26.997997477650642,43.059407541155814,1.4474540082737803,14986.005947113037,0.0,22.0,0.0,2.0,0.050000000000000044,2.119865208864212,2.107643961906433,0.04073749831877649
