variant,model_seed,episode,cost,rolling_cost,immediate_cost,penalty,energy_use,latency_ms,thermal_violation,energy_violation,queue_violation,contact_violation,epsilon,loss,td_loss,auxiliary_loss
md_cfba_dqn,803,0,126.56914693298512,126.56914693298512,40.373559042811394,86.19558789017374,1.812290801666677,24519.454959869385,0.0,33.0,18.0,1.0,0.9954761904761905,,,
md_cfba_dqn,803,1,116.65954805910587,121.6143474960455,40.966013208031654,75.69353401660919,1.772573790512979,24070.86985015869,0.0,32.0,0.0,0.0,0.9909523809523809,1.8273777961730957,1.4014887809753418,1.4196298122406006
md_cfba_dqn,803,2,112.86663095802069,118.69844198337057,36.8605647161603,76.00606634616852,1.7408397253602743,22225.023178100586,0.0,32.0,0.0,2.0,0.9864285714285714,1.6254323050379753,1.2446514442563057,1.2692694813013077
md_cfba_dqn,803,3,109.10437506437302,116.29992525362118,37.370875775814056,71.73349916934967,1.779262276366353,23010.347862243652,0.0,28.0,0.0,0.0,0.981904761904762,1.4842559695243835,1.137924775481224,1.1544373258948326
md_cfba_dqn,803,4,118.36752527228758,116.71344525735446,39.12246673554182,79.24505808226034,1.782367411069572,24147.295906066895,0.0,33.0,2.0,4.0,0.9773809523809524,1.2339189127087593,0.9485058560967445,0.9513767994940281
md_cfba_dqn,803,5,114.1942585430715,116.29358080497396,40.780178248882294,73.41408063691588,1.7373191062361002,23903.078411102295,0.0,33.0,9.0,1.0,0.9728571428571429,1.0329964868724346,0.79548230022192,0.7917139157652855
md_cfba_dqn,803,6,131.8248957629787,118.51234008468893,42.409882619977,89.41501321750755,1.8518789745867252,24986.633422851562,0.0,33.0,20.0,2.0,0.9683333333333334,0.8990277573466301,0.6876414902508259,0.7046208642423153
md_cfba_dqn,803,7,103.28488297760487,116.60890794630342,35.576708532869816,67.70817437767982,1.6629637274891138,21044.180141448975,0.0,29.0,0.0,1.0,0.9638095238095238,0.9280100166797638,0.7037332318723202,0.7475892528891563
md_cfba_dqn,803,8,160.70151222868225,121.50808619990107,37.63264708220959,123.06886510176915,1.8123985305428505,23346.876182556152,0.0,34.0,24.0,1.0,0.9592857142857143,0.9217166677117348,0.7017929665744305,0.7330789715051651
md_cfba_dqn,803,9,136.0543340394988,122.96271098386084,43.78086903691292,92.27346470456267,1.8431670423597097,25905.861320495605,0.0,35.0,10.0,0.0,0.9547619047619048,0.7367032431066036,0.5626158826053143,0.5802911706268787
md_cfba_dqn,803,10,139.8787643081709,124.50053401334358,42.760577499866486,97.1181866592928,1.8235570713877678,25349.561115264893,0.0,33.0,13.0,1.0,0.9502380952380952,0.5304843671619892,0.4062785245478153,0.4140194542706013
md_cfba_dqn,803,11,123.3247614582377,124.40255296708476,40.50675140321255,82.81800966759496,1.779355769045651,24285.818252563477,0.0,34.0,6.0,1.0,0.9457142857142857,0.38880686461925507,0.29949363600462675,0.297710744664073
md_cfba_dqn,803,12,121.89017038750292,124.20929276865537,38.02125243842602,83.86891753184439,1.7512023355811834,22570.571769714355,0.0,32.0,17.0,2.0,0.9411904761904761,0.3649967275559902,0.28197208046913147,0.2767488192766905
md_cfba_dqn,803,13,116.34188342094421,123.64733495810458,41.35528740286827,74.98659613728523,1.8230160865932703,24270.687814712524,0.0,32.0,0.0,1.0,0.9366666666666666,0.3119303993880749,0.2403114838525653,0.23872970044612885
md_cfba_dqn,803,14,110.25123473405839,122.75426160983484,41.28057272732258,68.97066217064858,1.6889484664425254,22863.07145690918,0.0,29.0,0.0,1.0,0.9321428571428572,0.2970000971108675,0.2285580113530159,0.2281402787193656
md_cfba_dqn,803,15,176.50062576629992,126.11340936961389,39.488406635820866,137.0122191602814,1.8478774996474385,24952.99614715576,0.0,33.0,24.0,1.0,0.9276190476190476,0.6609676321968436,0.5083068171516061,0.5088693127036095
md_cfba_dqn,803,16,150.6899948944148,127.55909087107275,43.92412093281746,106.76587376788225,1.8403789354488254,25836.655059814453,0.0,36.0,21.0,3.0,0.9230952380952381,0.8028118908405304,0.6178463790565729,0.6165517009794712
md_cfba_dqn,803,17,113.91866893478729,126.80128965239022,40.47741135209799,73.44125759759046,1.7975960839539766,24478.692840576172,0.0,31.0,4.0,1.0,0.9185714285714286,0.5351874977350235,0.41289315093308687,0.4076477997004986
md_cfba_dqn,803,18,121.16813136639765,126.50480763733798,41.40083599090576,79.76729564371279,1.7928551901131868,24451.3829498291,0.0,33.0,12.0,1.0,0.914047619047619,0.3630654439330101,0.2796730725094676,0.2779745440930128
md_cfba_dqn,803,19,118.3028912448667,126.09471181771441,36.65328478068113,81.64960705278143,1.7774882782250643,22456.348169326782,0.0,33.0,5.0,4.0,0.9095238095238095,0.3369711544364691,0.26012821309268475,0.25614313315600157
md_cfba_dqn,803,20,118.39444909921967,125.68597692602619,40.82652276754379,77.56792560151898,1.7576315747573972,24254.61566543579,0.0,33.0,4.0,0.0,0.905,0.33141273260116577,0.2548099234700203,0.25534268841147423
md_cfba_dqn,803,21,94.1807447373867,124.56203675994023,32.35458715260029,61.82615718245506,1.5776949375867844,19029.37318611145,0.0,26.0,0.0,0.0,0.9004761904761904,0.3076274935156107,0.2363740149885416,0.23751158826053143
md_cfba_dqn,803,22,129.38173133595305,125.38779177883684,40.721605107188225,88.66012596054392,1.8651108425110579,24422.79086303711,0.0,36.0,8.0,0.0,0.895952380952381,0.2713734395802021,0.20894283801317215,0.20810199063271284
md_cfba_dqn,803,23,142.5007167504275,127.05760886313956,41.929728373885155,100.57098840634468,1.8774807220324874,25096.63311767578,0.0,35.0,16.0,0.0,0.8914285714285715,0.7622782308608294,0.5858770608901978,0.5880038687027991
md_cfba_dqn,803,24,122.8608204126358,127.28227362015696,40.17149421572685,82.68932600319386,1.7504473105072975,22456.993719100952,0.0,37.0,0.0,0.0,0.8869047619047619,0.7514951378107071,0.5768670402467251,0.5820936318486929
md_cfba_dqn,803,25,122.91064959464555,127.71809317273566,41.068379655480385,81.8422697752524,1.7782209469005466,23099.97970199585,0.0,35.0,6.0,0.0,0.8823809523809524,0.46961861848831177,0.36051720660179853,0.3636713484302163
md_cfba_dqn,803,26,121.68989965048718,127.21134336711111,40.55397692322731,81.13592248884129,1.7990123508498073,23965.70351409912,0.0,33.0,6.0,0.0,0.8778571428571429,0.3771256050094962,0.2909881491214037,0.28712484519928694
md_cfba_dqn,803,27,110.94266795516015,127.59423261598889,35.50331909954548,75.4393483042717,1.728552925400436,20922.368942260742,0.0,33.0,0.0,3.0,0.8733333333333333,0.37287340499460697,0.2867710329592228,0.287007893435657
md_cfba_dqn,803,28,125.00057084858418,125.80918554698394,41.012125447392464,83.9884460568428,1.7972065517678857,23584.084602355957,0.0,35.0,0.0,0.0,0.8688095238095238,0.3238490093499422,0.24835875583812594,0.2516341684386134
md_cfba_dqn,803,29,92.7429049551487,123.64361409276644,34.0550856590271,58.68781957924366,1.6811870774254203,20850.105796813965,0.0,26.0,0.0,2.0,0.8642857142857143,0.2876948518678546,0.22097037732601166,0.2224149163812399
md_cfba_dqn,803,30,126.87632442860915,122.99349209878838,41.03218425810337,85.84413933604075,1.7789186155423522,24315.36413192749,0.0,35.0,1.0,0.0,0.8597619047619047,0.3040101481601596,0.23386304965242743,0.23382365237921476
md_cfba_dqn,803,31,123.31593661010265,122.99305085638161,40.025053307414055,83.2908834964037,1.7735037915408611,23297.551551818848,0.0,35.0,0.0,1.0,0.8552380952380952,0.8209482338279486,0.6323687871918082,0.6285981847904623
md_cfba_dqn,803,32,108.51809185147286,122.3244469295801,37.45684579014778,71.06124624013901,1.6942432196810842,21830.5135345459,0.0,29.0,0.0,1.0,0.8507142857142858,0.5272458270192146,0.4046362116932869,0.40869870595633984
md_cfba_dqn,803,33,114.24470619112253,122.21958806808902,36.85512315481901,77.38958299160004,1.708605987019837,21073.980123519897,0.0,33.0,0.0,0.0,0.8461904761904762,0.4509596861898899,0.34743562154471874,0.3450801819562912
md_cfba_dqn,803,34,134.89604849086356,123.45182875592927,42.989313162863255,91.90673544720958,1.8477018112316728,25047.93352508545,0.0,35.0,9.0,0.0,0.8416666666666667,0.3908182242885232,0.3009857628494501,0.2994415173307061
md_cfba_dqn,803,35,78.36704459041357,118.54514969713496,28.501940466463566,49.8651040494442,1.4699595803394914,16225.895416259766,0.0,23.0,0.0,2.0,0.8371428571428572,0.3941835146397352,0.3025366384536028,0.30548956897109747
md_cfba_dqn,803,36,115.7009670317173,116.7956983040001,39.38078863918781,76.32017886936664,1.7643919698894024,23056.722896575928,0.0,33.0,0.0,2.0,0.8326190476190476,0.38924253452569246,0.29847126826643944,0.30257087852805853
md_cfba_dqn,803,37,104.45630392730236,116.32258005362587,38.7933631837368,65.66294035613537,1.703508848324418,21980.232780456543,0.0,29.0,0.0,2.0,0.8280952380952381,0.39766267593950033,0.30618121195584536,0.30493821017444134
md_cfba_dqn,803,38,109.26550171673298,115.72744857114262,40.960453525185585,68.30504771471024,1.7295298473909497,23170.106872558594,0.0,30.0,0.0,2.0,0.8235714285714286,0.4761100970208645,0.3653667513281107,0.3691444704309106
md_cfba_dqn,803,39,93.45593227446079,114.48510062262233,33.77510005235672,59.68083283305168,1.6142564956098795,19527.962226867676,0.0,26.0,0.0,0.0,0.819047619047619,0.9765149485319853,0.7506773583590984,0.7527919057756662
md_cfba_dqn,803,40,124.07485865056515,114.76912110018957,40.339223459362984,83.73563516139984,1.8346370197832584,23887.300186157227,0.0,36.0,0.0,0.0,0.8145238095238095,0.574035307392478,0.4393072510138154,0.4490935169160366
md_cfba_dqn,803,41,116.78145843744278,115.89915678519239,41.08916412293911,75.69229447841644,1.7926547350361943,23764.664436340332,0.0,33.0,0.0,1.0,0.81,0.48016765899956226,0.3701552478596568,0.366708030924201
md_cfba_dqn,803,42,119.29511555433274,115.39482599611138,40.683729484677315,78.61138608455659,1.818996443413198,23670.38568878174,0.0,32.0,0.0,1.0,0.8054761904761905,0.5648525543510914,0.43549787160009146,0.43118226155638695
md_cfba_dqn,803,43,122.432423889637,114.39141135307185,40.05207805335522,82.38034550845623,1.7429057927802205,22935.701774597168,0.0,35.0,0.0,1.0,0.800952380952381,0.5279015060514212,0.4045869568362832,0.4110484756529331
md_cfba_dqn,803,44,99.4619674012065,113.2214687025004,39.12921526283026,60.33275184035301,1.649394472129643,21963.316940307617,0.0,27.0,0.0,0.0,0.7964285714285715,0.4532354576513171,0.3483974253758788,0.3494600960984826
md_cfba_dqn,803,45,93.41815542429686,111.74684399398295,31.390834391117096,62.027321457862854,1.605502705089748,18817.960996627808,0.0,26.0,0.0,0.0,0.7919047619047619,0.5506003014743328,0.4239955246448517,0.4220159249380231
md_cfba_dqn,803,46,123.8995219618082,111.857325109549,43.97615568339825,79.92336650192738,1.7814992889761925,24294.278381347656,0.0,33.0,0.0,1.0,0.7873809523809524,0.6173290153965354,0.4738675793632865,0.4782047374173999
md_cfba_dqn,803,47,91.88553710281849,110.90446856693191,31.57959559559822,60.305940955877304,1.7463752273470163,20019.31265258789,0.0,26.0,0.0,0.0,0.7828571428571429,0.8336530961096287,0.6401195116341114,0.6451119258999825
md_cfba_dqn,803,48,119.08874222040177,110.60887713552279,43.00573328137398,76.08300877511502,1.7487370492890477,24157.834884643555,0.0,33.0,0.0,3.0,0.7783333333333333,0.6546946512535214,0.5032797884196043,0.5047161746770144
md_cfba_dqn,803,49,83.7457519352436,110.15901948452756,32.03894357383251,51.70680873394012,1.5551734892651439,18634.925899505615,0.0,23.0,0.0,2.0,0.7738095238095238,0.5081604961305857,0.3893525619059801,0.3960264306515455
md_cfba_dqn,803,50,118.76390692591667,109.75339860939293,40.25976496934891,78.5041418671608,1.7928832694888115,23562.271503448486,0.0,35.0,0.0,1.0,0.7692857142857144,0.5202696658670902,0.39752529840916395,0.40914786979556084
md_cfba_dqn,803,51,107.83540088683367,108.97937182322949,39.91642468422651,67.91897630691528,1.7011872725561261,22903.231357574463,0.0,29.0,0.0,1.0,0.7647619047619048,0.5395243596285582,0.41484876442700624,0.4155853185802698
md_cfba_dqn,803,52,115.25249622762203,109.31609204203691,39.54089851677418,75.71159800887108,1.7802849421277642,23427.71347808838,0.0,31.0,0.0,0.0,0.7602380952380953,0.4963266830891371,0.37907902523875237,0.3908255035057664
md_cfba_dqn,803,53,96.3509417027235,108.42140381761696,35.94074811786413,60.41019323468208,1.6261542551219463,20781.778215408325,0.0,26.0,0.0,0.0,0.7557142857142858,0.49287206772714853,0.3787841312587261,0.38029309920966625
md_cfba_dqn,803,54,115.87832683324814,107.4705177347362,40.583463966846466,75.294862896204,1.7660219734534621,23357.574752807617,0.0,32.0,0.0,0.0,0.7511904761904762,0.8188739623874426,0.630187164992094,0.6289559686556458
md_cfba_dqn,803,55,122.57840316891671,109.68108566366136,40.26727859675884,82.31112476587296,1.7401710161939263,23008.97328567505,0.0,35.0,0.0,2.0,0.7466666666666667,0.7480658553540707,0.5753131918609142,0.5758421998471022
md_cfba_dqn,803,56,112.87866745293141,109.53997068472208,38.11851954460144,74.76014765501023,1.7445870414376259,22537.946222305298,0.0,33.0,0.0,1.0,0.7421428571428572,0.6719611398875713,0.5168910063803196,0.5169004341587424
md_cfba_dqn,803,57,111.99500886499882,109.9169059316069,39.404952600598335,72.59005604088307,1.752256253734231,22791.30763244629,0.0,32.0,0.0,2.0,0.7376190476190476,0.5489051640033722,0.4230104414746165,0.41964907478541136
md_cfba_dqn,803,58,111.7239273428917,110.03982721291484,38.542916625738144,73.18101113438607,1.693577035330236,22047.71677017212,0.0,31.0,0.0,3.0,0.7330952380952381,0.6078653875738382,0.4693246455863118,0.46180245466530323
md_cfba_dqn,803,59,129.1286738216877,111.82346429027618,46.811333164572716,82.31734129786491,1.841084667481482,25995.80195236206,0.0,35.0,0.0,2.0,0.7285714285714286,0.6210203878581524,0.47588164173066616,0.4837957974523306
md_cfba_dqn,803,60,113.87359462082387,111.31340108878912,35.69174708425999,78.18184805810452,1.6560051357373595,20191.021282196045,0.0,34.0,0.0,2.0,0.724047619047619,0.5589183727279305,0.4295539753511548,0.4312146343290806
md_cfba_dqn,803,61,108.22094913721085,110.8853756237775,34.7028644233942,73.51808483302594,1.6919214064255357,20172.046766281128,0.0,31.0,0.0,2.0,0.7195238095238095,0.586269399151206,0.45126913115382195,0.4500008746981621
md_cfba_dqn,803,62,95.13924331963062,109.67758201204242,31.18813443183899,63.95110911130905,1.580179893411696,18364.349590301514,0.0,28.0,0.0,1.0,0.7150000000000001,0.9265645109117031,0.7136538866907358,0.7097020633518696
md_cfba_dqn,803,63,106.93755339086056,108.9028384871036,37.86129182577133,69.0762614607811,1.70588852558285,22160.09021949768,0.0,28.0,0.0,1.0,0.7104761904761905,0.7523714061826468,0.5786925833672285,0.5789293721318245
md_cfba_dqn,803,64,132.47915947229734,110.55369809065814,44.61732165515423,87.86183713168968,1.838451280258596,25335.653778076172,0.0,33.0,13.0,3.0,0.7059523809523809,0.8359272386878729,0.6432847380638123,0.6421416578814387
md_cfba_dqn,803,65,128.73798642580007,112.31968964073329,38.477982357144356,90.26000359181855,1.8568262346088886,23236.858856201172,0.0,37.0,8.0,0.0,0.7014285714285715,0.6907420810312033,0.5300873313099146,0.5355158150196075
md_cfba_dqn,803,66,109.3526751101017,111.59234729814796,39.38358521461487,69.96909007430077,1.6506961323320866,21847.68663406372,0.0,30.0,0.0,2.0,0.6969047619047619,0.5452615711838007,0.41588313318789005,0.4312614379450679
md_cfba_dqn,803,67,93.80918151885271,111.68852951894966,34.738100953400135,59.07108083367348,1.5871612848713994,19622.299339294434,0.0,27.0,0.0,1.0,0.6923809523809523,0.6758899632841349,0.5205155871808529,0.5179145596921444
md_cfba_dqn,803,68,128.21974098682404,112.14507945727078,43.5684520304203,84.65128940343857,1.8503027074038982,25174.169986724854,0.0,33.0,0.0,0.0,0.687857142857143,0.6042871447280049,0.4652415728196502,0.46348522510379553
md_cfba_dqn,803,69,169.94524505170705,116.45505411309395,41.123859167099,128.8213858250034,1.978134353645146,25893.549697875977,0.0,32.0,28.0,0.0,0.6833333333333333,0.581555588170886,0.44823321606963873,0.44440790079534054
md_cfba_dqn,803,70,100.19507785886526,115.52661265974139,32.7623253390193,67.43275202810764,1.6269749719649553,19282.817962646484,0.0,30.0,0.0,0.0,0.6788095238095238,1.2424299977719784,0.9530782476067543,0.9645057879388332
md_cfba_dqn,803,71,104.43089116364717,115.35638717358206,34.90881022065878,69.52208046615124,1.7440707413479686,21395.007719039917,0.0,31.0,0.0,1.0,0.6742857142857144,0.8859012853354216,0.6822206731885672,0.6789353415369987
md_cfba_dqn,803,72,119.27019434571267,115.5572720794866,38.277316741645336,80.9928773880005,1.7114406358450651,22080.180179595947,0.0,33.0,0.0,1.0,0.6697619047619048,0.9426244013011456,0.7228956483304501,0.732429139316082
md_cfba_dqn,803,73,127.23110987842504,117.10128048827167,42.25938165187836,84.97172789872117,1.8872293150052428,24780.384216308594,0.0,34.0,14.0,0.0,0.6652380952380952,0.7907552290707827,0.6071770694106817,0.611927168443799
md_cfba_dqn,803,74,110.80282884836197,116.84750558902735,35.1257039308548,75.67712518572807,1.6716258078813553,20838.671579360962,0.0,33.0,0.0,1.0,0.6607142857142857,0.7127808462828398,0.545330224558711,0.5581687400117517
md_cfba_dqn,803,75,91.89571616053581,115.31337123860831,36.317732989788055,55.577983379364014,1.6587617322802544,20865.48608970642,0.0,26.0,0.0,0.0,0.6561904761904762,0.6828608680516481,0.5230055609717965,0.5328510235995054
md_cfba_dqn,803,76,102.95439768731595,114.81715775032755,35.78802207112312,67.1663755118847,1.658564517274499,20630.270183563232,0.0,28.0,0.0,1.0,0.6516666666666667,0.6912293117493391,0.5297750821337104,0.538180754519999
md_cfba_dqn,803,77,135.35018973743024,115.98491679394913,42.56614689528942,92.78404333387914,1.8784387446939945,24762.564628601074,0.0,36.0,12.0,1.0,0.6471428571428571,0.6396113624796271,0.4917977312579751,0.4927120767533779
md_cfba_dqn,803,78,107.31325844228267,115.76438334891868,36.46432729065418,70.84893109202385,1.6927972603589296,21360.659030914307,0.0,31.0,0.0,2.0,0.6426190476190476,1.1003570649772882,0.8464116957038641,0.84648447483778
md_cfba_dqn,803,79,112.2629965633154,114.92109948600007,39.402876019477844,72.86011972427369,1.7188456309959292,22780.796447753906,0.0,32.0,0.0,1.0,0.6380952380952382,0.8825864568352699,0.6802418138831854,0.6744821351021528
md_cfba_dqn,803,80,109.90797235071659,114.7228183724947,37.80033406615257,72.10763795673847,1.7934396313503385,21925.894680023193,0.0,31.0,0.0,3.0,0.6335714285714286,0.8710672613233328,0.6670510824769735,0.6800539325922728
md_cfba_dqn,803,81,104.08133581280708,114.51583770627448,37.71890878677368,66.36242637038231,1.7114251228049397,22115.765884399414,0.0,29.0,0.0,0.0,0.6290476190476191,0.7158185131847858,0.5518620684742928,0.5465214625000954
md_cfba_dqn,803,82,106.89158742129803,115.10345491135786,37.41558435559273,69.47600330412388,1.7167671248316765,21724.27819442749,0.0,30.0,0.0,1.0,0.6245238095238095,0.8576465360820293,0.660588413476944,0.6568603711202741
md_cfba_dqn,803,83,117.8779506623745,115.65047477493356,41.35211701691151,76.52583377957345,1.7439982881769538,23330.661979675293,0.0,33.0,0.0,2.0,0.62,0.823070228099823,0.6320070419460535,0.6368772331625223
md_cfba_dqn,803,84,127.35319706639214,115.3941766546383,38.70571857690811,88.64747828086777,1.7942001866176724,22968.65229034424,0.0,36.0,4.0,0.0,0.6154761904761905,0.6232715360820293,0.4793817922472954,0.47963246796280146
md_cfba_dqn,803,85,123.88508580625057,115.15153162366082,40.18565855920315,83.6994272172451,1.8334995675832033,23501.838897705078,0.0,35.0,0.0,0.0,0.6109523809523809,0.8785677552223206,0.6766392979770899,0.6730948090553284
md_cfba_dqn,803,86,105.62731973826885,114.96526385506918,35.93893191218376,69.68838742375374,1.636451218277216,20423.1791305542,0.0,30.0,0.0,0.0,0.6064285714285714,1.1571371592581272,0.8876584023237228,0.8982624895870686
md_cfba_dqn,803,87,124.39184628427029,116.49439709334005,39.53080400824547,84.86104238033295,1.805439812131226,23531.516040802002,0.0,35.0,0.0,1.0,0.6019047619047619,0.8467849362641573,0.6489225011318922,0.6595414411276579
md_cfba_dqn,803,88,87.64232234805823,114.46552616140177,33.615769766271114,54.02655259668827,1.5950217517092824,19520.412921905518,0.0,26.0,0.0,1.0,0.5973809523809523,0.8487204238772392,0.6524530816823244,0.6542244525626302
md_cfba_dqn,803,89,110.70524533092976,111.50352617536291,39.50365547835827,71.20158952474594,1.7600936219096184,23105.570430755615,0.0,31.0,0.0,0.0,0.592857142857143,0.6976488921791315,0.536704177968204,0.53648232948035
md_cfba_dqn,803,90,108.48759980499744,111.91815227266952,35.12573476135731,73.36186473071575,1.6672178003937006,20471.458038330078,0.0,33.0,0.0,1.0,0.5883333333333334,0.7650581747293472,0.589952988550067,0.5836839154362679
md_cfba_dqn,803,91,113.63538824915886,112.37837712694511,39.48013499379158,74.15525322556496,1.742012795060873,22759.65852355957,0.0,30.0,0.0,1.0,0.5838095238095238,1.0235193446278572,0.7876868452876806,0.7861083252355456
md_cfba_dqn,803,92,96.08029069751501,111.21888194453523,34.93276412039995,61.147526770830154,1.629275350831449,19852.395721435547,0.0,28.0,0.0,1.0,0.5792857142857144,0.8113393597304821,0.623143489472568,0.6273195203393698
md_cfba_dqn,803,93,97.94430633038283,109.75454176713313,34.83701562136412,63.10729102194309,1.652421023696661,20065.23503112793,0.0,28.0,0.0,1.0,0.5747619047619048,1.0342871639877558,0.7958425246179104,0.7948154304176569
md_cfba_dqn,803,94,99.73405415713788,109.20110303257191,35.15814892202616,64.57590528726578,1.673119893297553,20147.322343826294,0.0,29.0,0.0,1.0,0.5702380952380952,1.134629163891077,0.8723269328474998,0.8743407037109137
md_cfba_dqn,803,95,101.189817070961,109.66580807809316,35.86230516433716,65.32751120626926,1.690580876544118,20958.798664093018,0.0,29.0,0.0,0.0,0.5657142857142857,1.0963261052966118,0.8416945450007915,0.8487718347460032
md_cfba_dqn,803,96,113.49125718474389,110.19265105296458,36.79365964233875,76.69759745299817,1.775539319962263,21751.14143371582,0.0,32.0,0.0,1.0,0.5611904761904762,0.7576654385775328,0.5787017922848463,0.5965454764664173
md_cfba_dqn,803,97,120.76511371135712,109.46339725166092,37.4565187394619,83.30859515070915,1.748636705800891,21903.887855529785,0.0,35.0,0.0,1.0,0.5566666666666666,0.9148075617849827,0.701834550127387,0.7099100351333618
md_cfba_dqn,803,98,79.81986454278231,108.0887275566859,28.843351781368256,50.97651287317276,1.5460773631930351,17348.307638168335,0.0,24.0,0.0,1.0,0.5521428571428572,0.9956885874271393,0.7635876405984163,0.7736698258668184
md_cfba_dqn,803,99,110.87378822267056,108.01926713965365,36.52819672226906,74.34559117257595,1.725687355734408,21682.934379577637,0.0,32.0,0.0,1.0,0.5476190476190477,0.7855487652122974,0.6031962670385838,0.607841644436121
md_cfba_dqn,803,100,104.25158470869064,107.73644775755236,34.613863334059715,69.63772171735764,1.6685621263459325,20505.307174682617,0.0,30.0,0.0,2.0,0.5430952380952381,1.0683364905416965,0.8199699521064758,0.8278883900493383
md_cfba_dqn,803,101,108.05686842799187,107.9352243883116,36.753273248672485,71.30359482169152,1.668450079858303,20991.881008148193,0.0,30.0,0.0,1.0,0.5385714285714286,1.187320533208549,0.9111751969903708,0.9204844515770674
md_cfba_dqn,803,102,108.42033587396145,108.01166181094477,35.34891439974308,73.07142101228237,1.6559982681646943,20229.964908599854,0.0,31.0,0.0,1.0,0.5340476190476191,0.9817642793059349,0.7541295476257801,0.7587823551148176
md_cfba_dqn,803,103,105.22985112667084,107.37925683415958,35.854508087038994,69.3753429800272,1.703843287192285,20367.764083862305,0.0,30.0,0.0,1.0,0.5295238095238095,0.9823249951004982,0.7557235937565565,0.7553379666060209
md_cfba_dqn,803,104,86.39241008460522,105.33121748507024,31.99749092757702,54.39491954445839,1.5260464688763022,18096.399501800537,0.0,25.0,0.0,0.0,0.525,0.9312922526150942,0.713135240599513,0.7271899972110987
md_cfba_dqn,803,105,109.57251463234425,104.61558892637493,39.61257928609848,69.95993601679803,1.7457143971696496,22394.418788909912,0.0,29.0,0.0,2.0,0.5204761904761905,0.8997513391077518,0.6906142309308052,0.6971236225217581
md_cfba_dqn,803,106,106.79175191372633,104.6738105351478,41.624889485538006,65.16686211526394,1.7328341975808144,23553.862380981445,0.0,28.0,0.0,0.0,0.5159523809523809,0.8697144761681557,0.6692336723208427,0.6682693231850863
md_cfba_dqn,803,107,94.08918772637844,103.15867760725321,36.09293117374182,57.99625653028488,1.6578343659639359,20598.19202041626,0.0,26.0,0.0,0.0,0.5114285714285716,0.8631626851856709,0.6633417475968599,0.6660697655752301
md_cfba_dqn,803,108,84.56982492655516,103.00505273617804,30.928331591188908,53.64149323105812,1.597472170367837,18725.882678985596,0.0,26.0,0.0,1.0,0.506904761904762,0.845032587647438,0.6475284080952406,0.6583472322672606
md_cfba_dqn,803,109,111.29058629274368,103.03431978426875,38.400334134697914,72.89025217294693,1.7341885874047875,22202.4833984375,0.0,31.0,0.0,0.0,0.5023809523809524,1.0929139107465744,0.8406111132353544,0.8410093169659376
md_cfba_dqn,803,110,97.39267282932997,102.47957343548538,35.34977397322655,62.0428991317749,1.650942200794816,20221.711219787598,0.0,26.0,0.0,1.0,0.4978571428571429,1.1801200117915869,0.9041359424591064,0.9199468158185482
md_cfba_dqn,803,111,106.96935671567917,102.14627185881139,37.58768072724342,69.38167545199394,1.709500739350915,21382.0731010437,0.0,30.0,0.0,1.0,0.4933333333333334,1.030040280893445,0.7914100931957364,0.7954339105635881
md_cfba_dqn,803,112,103.50893507897854,102.51770407788456,39.09812352061272,64.41081129014492,1.6491129267960787,22002.37598800659,0.0,27.0,0.0,1.0,0.4888095238095238,0.8844604715704918,0.6773251332342625,0.6904510799795389
md_cfba_dqn,803,113,103.46402786672115,102.79369015470147,36.62789150327444,66.83613631129265,1.6438941527158022,20820.61169052124,0.0,29.0,0.0,0.0,0.4842857142857143,1.1358668617904186,0.8695794027298689,0.8876247778534889
md_cfba_dqn,803,114,101.2779963761568,102.87088726565241,34.83665147423744,66.44134446978569,1.5997754326090217,19335.36146736145,0.0,31.0,0.0,1.0,0.4797619047619047,0.8538818750530481,0.6574458424001932,0.654786734841764
md_cfba_dqn,803,115,97.60964545011521,102.69187868461013,29.51522895693779,68.09441631436349,1.5253069810569286,16928.335956573486,0.0,30.0,0.0,1.0,0.47523809523809524,0.8871137239038944,0.6806889679282904,0.6880824826657772
md_cfba_dqn,803,116,110.35983248054981,102.53530744940042,38.86179246008396,71.49803951382637,1.717358754016459,21961.83051300049,0.0,32.0,0.0,0.0,0.47071428571428575,1.029027532786131,0.7875163489952683,0.8050372721627355
md_cfba_dqn,803,117,86.15858303755522,100.80498091571033,30.48146627098322,55.677116230130196,1.5547888921573758,17549.866565704346,0.0,25.0,0.0,0.0,0.46619047619047627,1.1908004842698574,0.9121246468275785,0.9289194140583277
md_cfba_dqn,803,118,106.50485252738,102.13923031494022,36.33616968989372,70.1686830163002,1.6805049320682883,20962.41346359253,0.0,29.0,0.0,2.0,0.46166666666666667,0.8274649269878864,0.6344417929649353,0.6434104517102242
md_cfba_dqn,803,119,107.02682864665985,101.94688233613968,39.03002664446831,67.99680218100548,1.6879320237785578,22333.326747894287,0.0,30.0,0.0,0.0,0.4571428571428572,0.9917841702699661,0.7600777521729469,0.7723546791821718
md_cfba_dqn,803,120,114.49241596460342,102.45892389893531,37.163933739066124,77.32848244905472,1.6331466939300299,20498.57666015625,0.0,33.0,0.0,0.0,0.4526190476190477,0.8824685234576464,0.6776071898639202,0.6828711200505495
md_cfba_dqn,803,121,115.22140036523342,102.81715049579739,33.17825371026993,82.0431466549635,1.6614009970799088,18915.720462799072,0.0,35.0,0.0,0.0,0.4480952380952381,0.7896434105932713,0.6038998533040285,0.619145143777132
md_cfba_dqn,803,122,96.01410359144211,102.19683888167143,33.86637219786644,62.147731482982635,1.6175926672294736,19659.52967453003,0.0,27.0,0.0,0.0,0.4435714285714286,1.013677917420864,0.7795866280794144,0.780304292216897
md_cfba_dqn,803,123,112.70701560378075,102.57069710552692,39.67350506782532,73.03351041674614,1.7508333725854754,22338.545291900635,0.0,31.0,0.0,0.0,0.439047619047619,1.0280709695070982,0.787904491648078,0.8005549032241106
md_cfba_dqn,803,124,116.82736180722713,104.09244469165802,39.76594330370426,77.06141817569733,1.7262274231761694,22726.689456939697,0.0,31.0,0.0,1.0,0.43452380952380953,0.9175060391426086,0.7055643200874329,0.7064723502844572
md_cfba_dqn,803,125,104.74257853627205,103.85094788685441,36.42993803322315,68.31264102458954,1.6842682408168912,20691.694370269775,0.0,29.0,0.0,1.0,0.43000000000000005,1.1540747322142124,0.8847947157919407,0.8976000212132931
md_cfba_dqn,803,126,99.13289684057236,103.46800513319673,36.65732915699482,62.47556784749031,1.6705934815108776,20972.169651031494,0.0,28.0,0.0,1.0,0.42547619047619056,1.1840686053037643,0.9087074361741543,0.9178705494850874
md_cfba_dqn,803,127,106.80904287993908,104.10399789087474,37.45809617638588,69.35094624161721,1.6757484283298254,21100.635501861572,0.0,30.0,0.0,1.0,0.42095238095238097,1.2033184580504894,0.9220948591828346,0.9374119322746992
md_cfba_dqn,803,128,91.54845635592937,104.45292946234345,32.45965097844601,59.088804602622986,1.5957157732918859,18907.51964187622,0.0,27.0,0.0,0.0,0.41642857142857137,1.1588722243905067,0.8902935814112425,0.8952621314674616
md_cfba_dqn,803,129,101.59725753366948,103.96826302438974,31.706971809267998,69.89028569459916,1.5756562855094671,18047.50584793091,0.0,29.0,0.0,1.0,0.4119047619047619,1.1293071005493402,0.8649281030520797,0.8812632942572236
md_cfba_dqn,803,130,80.84361915290356,103.14081034056844,27.722716264426708,53.120901972055435,1.487304869107902,16207.840747833252,0.0,26.0,0.0,1.0,0.4073809523809524,0.8936927486211061,0.6852027364075184,0.6949667278677225
md_cfba_dqn,803,131,97.62683437168599,102.67368422336877,36.16052335500717,61.46631045043468,1.6425737654790282,20271.20060157776,0.0,27.0,0.0,2.0,0.4028571428571429,1.0835118852555752,0.8291046060621738,0.8480242379009724
md_cfba_dqn,803,132,107.18881199657918,102.8576780692488,35.97425454854965,71.21455680727959,1.6972819305956364,20453.192264556885,0.0,30.0,0.0,2.0,0.39833333333333343,1.1750510483980179,0.9033277649432421,0.9057442769408226
md_cfba_dqn,803,133,98.62851046174765,102.61590219900013,33.404371082782745,65.22413909584284,1.6115139480680227,19341.603744506836,0.0,29.0,0.0,1.0,0.39380952380952383,1.0857426635921001,0.8324729390442371,0.8442323673516512
md_cfba_dqn,803,134,85.93637019693851,101.8488208900392,31.460867330431938,54.47550267279148,1.5227794088423252,17648.004596710205,0.0,27.0,0.0,2.0,0.38928571428571423,1.3790796846151352,1.0578699577599764,1.070699032396078
md_cfba_dqn,803,135,115.3725294470787,102.73696508988738,38.651128366589546,76.72140109539032,1.7551454557105899,22184.520050048828,0.0,33.0,0.0,0.0,0.38476190476190475,1.0408610608428717,0.7985194697976112,0.8078052727505565
md_cfba_dqn,803,136,114.0975389033556,102.92385041102766,39.105255484580994,74.99228318035603,1.792272262275219,22594.254329681396,0.0,33.0,0.0,1.0,0.38023809523809526,1.1047841310501099,0.8474789764732122,0.8576838094741106
md_cfba_dqn,803,137,96.17080627679825,103.42446157298983,34.778511352837086,61.3922954082489,1.587706591002643,19652.263946533203,0.0,27.0,0.0,3.0,0.3757142857142858,1.2746895961463451,0.9755653040483594,0.9970809109508991
md_cfba_dqn,803,138,123.84291286766529,104.29136459000408,39.04432076215744,84.79859200119972,1.7740134252235293,22301.367603302002,0.0,37.0,0.0,0.0,0.3711904761904763,1.0227193981409073,0.7843022570014,0.7947237594053149
md_cfba_dqn,803,139,98.35292144864798,103.85766923010348,34.444059155881405,63.908862218260765,1.6108383070677519,19723.983074188232,0.0,27.0,0.0,1.0,0.3666666666666667,1.1851867735385895,0.9094363395124674,0.9191680867224932
md_cfba_dqn,803,140,85.19090064764023,102.39259346425534,32.28579996526241,52.90510087609291,1.5274887392297387,18364.515491485596,0.0,24.0,0.0,1.0,0.3621428571428572,1.4594941399991512,1.1153537780046463,1.1471344698220491
md_cfba_dqn,803,141,111.10052826404572,102.18654985919596,36.588192611932755,74.51233526468278,1.6768334889784455,20422.06382751465,0.0,32.0,0.0,1.0,0.3576190476190476,1.1935009863227606,0.9161968640983105,0.9243470784276724
md_cfba_dqn,803,142,100.60495734363795,102.41609254680574,34.42935095727444,66.1756062373519,1.6421520486474037,19909.188079833984,0.0,29.0,0.0,2.0,0.35309523809523813,1.2426496762782335,0.9553912654519081,0.9575279792770743
md_cfba_dqn,803,143,119.69403507709504,102.76544352047146,43.779717952013016,75.91431654393674,1.8221982875838876,24394.1729927063,0.0,31.0,0.0,3.0,0.34857142857142864,1.0424162093549967,0.7959292400628328,0.8216232191771269
md_cfba_dqn,803,144,107.25718261301517,102.28693456076087,34.55948679149151,72.69769528508186,1.6523219235241413,19943.425762176514,0.0,31.0,0.0,1.0,0.34404761904761905,1.1552670001983643,0.8851819224655628,0.9002835489809513
md_cfba_dqn,803,145,114.66270771920681,102.78294101990761,40.74309551715851,73.91961168050766,1.7709037782624364,23188.43035507202,0.0,32.0,0.0,3.0,0.33952380952380956,1.1280575264245272,0.8644013796001673,0.878853801637888
md_cfba_dqn,803,146,84.89464208483696,102.07102828212082,31.03685900568962,53.85778297483921,1.5453461911529303,17386.77867126465,0.0,27.0,0.0,0.0,0.3350000000000001,1.4198930263519287,1.0892409197986126,1.1021736152470112
md_cfba_dqn,803,147,66.3403884768486,100.04759556196629,25.819983258843422,40.52040494978428,1.428884987719357,14886.84097290039,0.0,21.0,0.0,0.0,0.3304761904761905,0.9984734244644642,0.762590141966939,0.7862775269895792
md_cfba_dqn,803,148,77.77304109930992,99.35882479913533,27.92819719016552,49.84484373033047,1.4767437325790524,16471.069889068604,0.0,25.0,0.0,3.0,0.325952380952381,1.3221486918628216,1.012309741228819,1.03279647231102
md_cfba_dqn,803,149,104.72988337278366,99.51545609109104,33.72344806045294,71.00643499195576,1.5840207459405065,19326.24754333496,0.0,30.0,0.0,0.0,0.3214285714285714,1.2994929663836956,0.9960079696029425,1.0116166286170483
md_cfba_dqn,803,150,101.97147525846958,100.57184889636935,35.82753100991249,66.14394465088844,1.6543587539345026,20236.202041625977,0.0,28.0,0.0,3.0,0.3169047619047619,1.1200934648513794,0.8561495319008827,0.8798131123185158
md_cfba_dqn,803,151,85.23534395992756,99.95227437578143,29.715211927890778,55.52013157010079,1.5136283189058304,17179.96230316162,0.0,26.0,0.0,4.0,0.3123809523809524,1.3462263979017735,1.0293484423309565,1.056259786710143
md_cfba_dqn,803,152,71.972312271595,98.19144938953221,28.80990283936262,43.162409737706184,1.476096911355853,16400.849838256836,0.0,21.0,0.0,0.0,0.30785714285714294,1.4741206131875515,1.1302921660244465,1.1460947599262
md_cfba_dqn,803,153,98.53551609814167,98.1867996713519,34.428768783807755,64.1067470908165,1.6030095489695668,19358.373092651367,0.0,28.0,0.0,0.0,0.30333333333333345,1.3862348906695843,1.0606403648853302,1.0853150449693203
md_cfba_dqn,803,154,115.70203911662102,99.67508311733604,36.48341538012028,79.2186236768961,1.726100723259151,21130.497520446777,0.0,33.0,0.0,3.0,0.29880952380952375,1.5200172737240791,1.1633316278457642,1.1889521218836308
md_cfba_dqn,803,155,81.88687238395214,98.00080026417972,29.862694025039673,52.024178478121755,1.4848256623372436,16992.863876342773,0.0,23.0,0.0,2.0,0.29428571428571426,1.2972345501184464,0.9941851012408733,1.0101648233830929
md_cfba_dqn,803,156,97.81236287355424,97.18654146268965,31.13866974413395,66.67369314432145,1.57005594111979,17842.350204467773,0.0,31.0,0.0,2.0,0.2897619047619048,1.623236034065485,1.2429792657494545,1.2675224803388119
md_cfba_dqn,803,157,98.8134310990572,97.31867270380259,35.05021317303181,63.76321867108345,1.6652862466871738,20317.6682472229,0.0,28.0,0.0,1.0,0.2852380952380953,1.0074518397450447,0.7672390043735504,0.8007094077765942
md_cfba_dqn,803,158,90.25467326641083,95.63926072373987,32.41723749041557,57.837435686588286,1.588357045315206,18468.43574142456,0.0,26.0,0.0,2.0,0.2807142857142858,1.2242784537374973,0.9342287387698889,0.9668322987854481
md_cfba_dqn,803,159,87.17039398252965,95.08013435043395,31.632732331752777,55.537661829590796,1.5703031700104475,18566.796215057373,0.0,25.0,0.0,2.0,0.2761904761904763,1.103871451690793,0.8436992410570383,0.8672406766563654
md_cfba_dqn,803,160,93.39823784828187,95.49050121046605,31.91928233206272,61.47895494997501,1.5469805542379618,17725.811540603638,0.0,27.0,0.0,1.0,0.2716666666666666,1.0559164267033339,0.8044752757996321,0.8381371628493071
md_cfba_dqn,803,161,89.35802283883095,94.4033759392053,32.10162825137377,57.25639492273331,1.5445594182237983,18179.473554611206,0.0,27.0,0.0,0.0,0.2671428571428571,1.3589013498276472,1.0433334466069937,1.0518929474055767
md_cfba_dqn,803,162,97.93471549451351,94.26986384674908,33.3298224657774,64.6048926115036,1.6273613972589374,19064.68783569336,0.0,29.0,0.0,1.0,0.26261904761904764,1.4168938919901848,1.0864224787801504,1.1015713009983301
md_cfba_dqn,803,163,87.0519158244133,92.63775788411499,30.001671090722084,57.050244987010956,1.534726656973362,17217.28562927246,0.0,26.0,0.0,0.0,0.25809523809523816,1.6054566651582718,1.2278463151305914,1.2587011056020856
md_cfba_dqn,803,164,85.13116823136806,91.53145716503263,29.315141655504704,55.816026866436005,1.5491242986172438,17425.437253952026,0.0,26.0,0.0,1.0,0.25357142857142867,1.5474413111805916,1.1827264241874218,1.2157162837684155
md_cfba_dqn,803,165,89.73634703606368,90.28513913087548,31.37370377779007,58.362642937898634,1.5336630987003446,17850.598402023315,0.0,26.0,0.0,1.0,0.24904761904761907,1.331829994916916,1.0178825687617064,1.0464913733303547
md_cfba_dqn,803,166,77.27317972630263,89.90406601294876,27.735268086194992,49.5379112303257,1.4841687241569161,16151.642555236816,0.0,25.0,0.0,2.0,0.2445238095238096,1.4356268160045147,1.100582368671894,1.1168147828429937
md_cfba_dqn,803,167,83.4115072876215,90.75762195348742,29.640418365597725,53.77108890712261,1.4950584694743156,16476.616138458252,0.0,25.0,0.0,1.0,0.24,1.183753613382578,0.9064124803990126,0.9244704470038414
md_cfba_dqn,803,168,92.89311321377754,91.5136255592108,32.59189556539059,60.30121814012527,1.589973822236061,18660.387561798096,0.0,26.0,0.0,2.0,0.2354761904761905,1.29340198636055,0.9886560924351215,1.0158196613192558
md_cfba_dqn,803,169,91.46910796314478,90.85058678872885,30.849814422428608,60.61929374933243,1.5341846086084843,16949.388999938965,0.0,29.0,0.0,0.0,0.23095238095238102,1.431105999276042,1.0941417086869478,1.1232143100351095
md_cfba_dqn,803,170,94.74316219389439,90.48917113550009,32.891992285847664,61.851169699430464,1.6306976675987244,19467.153999328613,0.0,27.0,0.0,2.0,0.22642857142857142,1.2091998308897018,0.9255277309566736,0.9455736316740513
md_cfba_dqn,803,171,99.90988199412823,91.22289803721011,31.082643374800682,68.82723915576935,1.6022435575723648,18135.67519378662,0.0,29.0,0.0,0.0,0.22190476190476194,1.3830102272331715,1.0614755172282457,1.0717822723090649
md_cfba_dqn,803,172,77.46749954670668,91.4976574009657,27.79922129958868,49.66827817261219,1.4679599264636636,15761.672355651855,0.0,25.0,0.0,1.0,0.21738095238095245,1.3928234539926052,1.0693257004022598,1.0783257633447647
md_cfba_dqn,803,173,94.52691321074963,91.29722725659609,32.13948340713978,62.387429907917976,1.607187220826745,18794.72611808777,0.0,27.0,0.0,2.0,0.21285714285714286,1.5213758703321218,1.1624269001185894,1.1964965239167213
md_cfba_dqn,803,174,96.1314777135849,90.31869918644429,31.272941827774048,64.85853609442711,1.5665245922282338,17742.462448120117,0.0,30.0,0.0,1.0,0.20833333333333337,1.3904828317463398,1.0650457758456469,1.0847901403903961
md_cfba_dqn,803,175,95.08426862955093,90.97856899872423,31.362786442041397,63.7214817404747,1.6115261632949114,18268.218029022217,0.0,29.0,0.0,0.0,0.20380952380952377,1.450818732380867,1.1089655831456184,1.1395104173570871
md_cfba_dqn,803,176,90.63597197830677,90.61974945396184,29.49114640057087,61.144825860857964,1.5524325305595994,17168.911987304688,0.0,27.0,0.0,0.0,0.1992857142857143,1.3708061706274748,1.047694493085146,1.0770388022065163
md_cfba_dqn,803,177,81.82294073700905,89.77022493585943,29.21084327995777,52.61209788918495,1.497249275445938,16419.080629348755,0.0,25.0,0.0,0.0,0.1947619047619048,1.4829835928976536,1.1360596232116222,1.1564132049679756
md_cfba_dqn,803,178,90.08852706253529,89.76191762566566,33.242170587182045,56.846356534957884,1.606476572342217,18859.213905334473,0.0,25.0,0.0,2.0,0.19023809523809532,1.175006903707981,0.8958963714540005,0.930368434637785
md_cfba_dqn,803,179,75.4040375739336,89.17359980523587,27.019081324338913,48.38495626449585,1.4641096405684948,15709.639663696289,0.0,22.0,0.0,1.0,0.18571428571428583,1.6683736555278301,1.2757331766188145,1.3088015392422676
md_cfba_dqn,803,180,94.70275270342827,89.2388255479932,32.042987801134586,62.65976474583149,1.721096919849515,19900.82490158081,0.0,29.0,0.0,1.0,0.18119047619047624,1.322139348834753,1.008822649717331,1.044389009475708
md_cfba_dqn,803,181,92.81403491050006,89.41162615157666,31.04208593070507,61.77194902449846,1.5972483167424798,17920.00507736206,0.0,29.0,0.0,2.0,0.17666666666666664,1.1757307834923267,0.8967093043029308,0.9300715494900942
md_cfba_dqn,803,182,84.01819314062595,88.71580003388227,29.023685283958912,54.99450770020485,1.5105262203142047,16785.8299407959,0.0,25.0,0.0,0.0,0.17214285714285715,1.4105018973350525,1.0794916488230228,1.1033674143254757
md_cfba_dqn,803,183,104.58735900521279,89.59257219292225,35.307309694588184,69.28004915416241,1.6564491782337427,20299.712451934814,0.0,30.0,0.0,1.0,0.16761904761904767,1.1140229143202305,0.8501024600118399,0.8797348570078611
md_cfba_dqn,803,184,91.26231157183648,89.89912935994566,30.514089703559875,60.748221361637114,1.5751008288934827,17630.671562194824,0.0,25.0,0.0,1.0,0.16309523809523818,1.1737705133855343,0.8961798138916492,0.9253023136407137
md_cfba_dqn,803,185,68.86131223440171,88.85537761986257,25.310310520231724,43.55100149810314,1.4085497539490461,14270.773048400879,0.0,21.0,0.0,1.0,0.1585714285714287,1.4152579065412283,1.0830635447055101,1.1073145065456629
md_cfba_dqn,803,186,80.72040955126286,89.02773911111059,29.679759830236435,51.04064987003803,1.5164818204939365,16945.906227111816,0.0,24.0,0.0,1.0,0.1540476190476191,1.500878669321537,1.1500689685344696,1.1693656221032143
md_cfba_dqn,803,187,86.97769092023373,89.2060482927412,31.484216451644897,55.493475154042244,1.6032302873209119,18365.59457397461,0.0,25.0,0.0,2.0,0.1495238095238095,1.681431818753481,1.287607653066516,1.3127472251653671
md_cfba_dqn,803,188,95.721206086874,89.34745293639602,30.31980475783348,65.40140107572078,1.5475489227101207,17439.86447906494,0.0,30.0,0.0,2.0,0.14500000000000002,1.3869383353739977,1.0612967852503061,1.085471821948886
md_cfba_dqn,803,189,65.55449539572001,88.05172230802478,25.433943934738636,40.1205513715744,1.445078101940453,15137.454895019531,0.0,21.0,0.0,2.0,0.14047619047619053,1.440165737643838,1.1002401523292065,1.133085235953331
md_cfba_dqn,803,190,79.49464442580938,87.28929641962051,29.8875717446208,49.607072830200195,1.5214170664548874,17209.209190368652,0.0,24.0,0.0,0.0,0.13595238095238105,1.5196355562657118,1.1633902993053198,1.1874841563403606
md_cfba_dqn,803,191,88.9321716427803,86.74041090205313,31.104350179433823,57.827821120619774,1.5741951363161206,17456.084617614746,0.0,26.0,0.0,2.0,0.13142857142857145,1.613055344671011,1.2335708439350128,1.2649483401328325
md_cfba_dqn,803,192,78.28714384138584,86.78139311678709,28.839913807809353,49.447229877114296,1.4994393112137914,16600.301570892334,0.0,25.0,0.0,1.0,0.12690476190476196,1.1544050499796867,0.8805678486824036,0.9127906132489443
md_cfba_dqn,803,193,100.04218621253968,87.05715676687659,34.37821814417839,65.66396759152413,1.6408601347357035,19794.517253875732,0.0,30.0,0.0,3.0,0.12238095238095237,1.2822938449680805,0.9798788409680128,1.0080499202013016
md_cfba_dqn,803,194,82.03851325958968,86.35250854417683,28.3192160949111,53.719296687841414,1.4938193066045642,16025.153974533081,0.0,25.0,0.0,3.0,0.11785714285714288,1.5015180595219135,1.1515572275966406,1.1665360368788242
md_cfba_dqn,803,195,83.27370044589043,85.7619801349938,30.115026384592056,53.15867377817631,1.5080211870372295,17141.172424316406,0.0,24.0,0.0,1.0,0.1133333333333334,1.4477089866995811,1.1098276674747467,1.1262710131704807
md_cfba_dqn,803,196,90.48569865524769,85.75446646884085,29.854790434241295,60.630908370018005,1.5434967512264848,17139.203002929688,0.0,29.0,0.0,0.0,0.1088095238095238,1.6257080361247063,1.2427989318966866,1.276363618671894
md_cfba_dqn,803,197,82.03564898818732,85.76510188139976,28.38793035596609,53.647718811035155,1.4891379810869694,16044.127296447754,0.0,25.0,0.0,2.0,0.10428571428571431,1.2944453321397305,0.9894596617668867,1.016618862748146
md_cfba_dqn,803,198,91.47179570794106,85.83426531367004,32.35584156215191,59.11595457792282,1.5810512658208609,18612.91114425659,0.0,27.0,0.0,0.0,0.09976190476190483,1.3620523530989885,1.0419079717248678,1.067147919908166
md_cfba_dqn,803,199,83.2999841362238,86.22906264178455,29.629139095544815,53.67084520459175,1.5209906669333577,16677.14651107788,0.0,25.0,0.0,1.0,0.09523809523809534,1.1316887587308884,0.8629254074767232,0.895877793431282
md_cfba_dqn,803,200,76.25541857033969,85.30669593513014,29.208564817905426,47.04685383439064,1.4877495914697647,16668.769298553467,0.0,21.0,0.0,1.0,0.09071428571428575,1.3370749428868294,1.0215880125761032,1.0516230314970016
md_cfba_dqn,803,201,66.4182189553976,83.98690513737502,24.961864188313484,41.45635449886322,1.3875584127381444,14159.350154876709,0.0,20.0,0.0,0.0,0.08619047619047626,1.363740174099803,1.0408885590732098,1.0761720333248377
md_cfba_dqn,803,202,98.27571584284306,84.69978127248586,32.44226714968681,65.83344876766205,1.6062441617250443,18581.682453155518,0.0,28.0,0.0,0.0,0.08166666666666667,1.5142367966473103,1.1585966162383556,1.1854672357439995
md_cfba_dqn,803,203,82.99649153351784,83.62023789890111,29.64972184598446,53.34676931500435,1.5044603617861867,16807.394256591797,0.0,23.0,0.0,3.0,0.07714285714285718,1.636166363954544,1.2514327447861433,1.2824453208595514
md_cfba_dqn,803,204,91.2252908885479,83.61838686473669,30.88607396930456,60.33921659886837,1.569075534120202,17957.99500656128,0.0,29.0,0.0,1.0,0.0726190476190477,1.7333313655108213,1.3238218314945698,1.3650318533182144
md_cfba_dqn,803,205,78.46275929510594,84.0984592177719,27.815717294812202,50.64704177677631,1.4797923071309924,16065.039253234863,0.0,26.0,0.0,1.0,0.06809523809523821,1.590720359236002,1.2179195489734411,1.2426693066954613
md_cfba_dqn,803,206,74.68463754951954,83.79667061768473,28.203718721866608,46.480919036269185,1.4725635442882776,15885.862808227539,0.0,22.0,0.0,3.0,0.06357142857142861,1.618860986083746,1.2366618290543556,1.2739971205592155
md_cfba_dqn,803,207,90.24330721199513,83.9599514322728,29.817466132342815,60.42584098279476,1.509313109330833,16363.412250518799,0.0,28.0,0.0,2.0,0.059047619047619015,1.4342481661587954,1.0986427254974842,1.1186847276985645
md_cfba_dqn,803,208,65.53108467310668,82.45044536158444,27.37635361403227,38.15473138689995,1.4147126227617264,15430.303646087646,0.0,19.0,0.0,1.0,0.05452380952380953,1.6561142280697823,1.2691739536821842,1.2898008897900581
md_cfba_dqn,803,209,90.25633727908135,83.68553745575251,29.787202902138233,60.46913411617279,1.5205786377191544,17066.703132629395,0.0,30.0,0.0,2.0,0.050000000000000044,1.528556052595377,1.1678986214101315,1.202191410586238
md_cfba_dqn,803,210,86.29248596280813,84.02542953260244,29.735725693404675,56.55676067173481,1.5337359802797437,16660.269241333008,0.0,26.0,0.0,3.0,0.050000000000000044,1.5688165538012981,1.199260050430894,1.23185496032238
md_cfba_dqn,803,211,79.74344278872013,83.56599308989942,26.599083572626114,53.144358813762665,1.4702412793412805,15674.000137329102,0.0,25.0,0.0,1.0,0.050000000000000044,2.0040175020694733,1.532902780920267,1.5703823268413544
md_cfba_dqn,803,212,88.8840970724821,84.09584075145423,31.370573803782463,57.51352362632751,1.5695804096758366,17716.56466293335,0.0,25.0,0.0,3.0,0.050000000000000044,1.4306144621223211,1.0913089979439974,1.1310181580483913
md_cfba_dqn,803,213,83.08717079758644,83.24808998070657,29.685769379138947,53.40140118002891,1.524443807080388,16629.27159500122,0.0,24.0,0.0,3.0,0.050000000000000044,1.5987391658127308,1.2238762602210045,1.2495430037379265
md_cfba_dqn,803,214,95.90499810874462,83.94141422316432,32.90445489436388,63.00054354965687,1.6077562142163515,18884.470420837402,0.0,28.0,0.0,0.0,0.050000000000000044,1.3807061649858952,1.0577629767358303,1.076477237045765
md_cfba_dqn,803,215,80.43217858076096,83.79933812990785,28.326866172254086,52.10531241595745,1.4728012373670936,15925.800575256348,0.0,24.0,0.0,1.0,0.050000000000000044,1.4807619787752628,1.1306516341865063,1.1670344416052103
md_cfba_dqn,803,216,75.45607570558786,83.04785698242486,27.11411428451538,48.34196147322655,1.451672688126564,15495.519338607788,0.0,24.0,0.0,0.0,0.050000000000000044,1.2637299038469791,0.9640917535871267,0.9987938106060028
md_cfba_dqn,803,217,73.7939772337675,82.63577339470388,25.989140704274178,47.80483578443527,1.4350237539038062,14928.335445404053,0.0,23.0,0.0,4.0,0.050000000000000044,1.190403189510107,0.9086521379649639,0.9391701612621546
md_cfba_dqn,803,218,88.72836558520794,82.49860188856721,32.067742720246315,56.66062295436859,1.5844057351350784,18115.25539779663,0.0,25.0,0.0,0.0,0.050000000000000044,1.8701581936329603,1.4294554628431797,1.4690090790390968
md_cfba_dqn,803,219,76.97615244984627,82.18241030424834,27.760599359869957,49.21555280685425,1.4798849998041987,16147.080875396729,0.0,23.0,0.0,1.0,0.050000000000000044,1.600482277572155,1.2258853930979967,1.2486562244594097
md_cfba_dqn,803,220,67.37622241228819,81.73845049634576,27.171595476567745,40.204627233743665,1.455347741022706,15199.345394134521,0.0,19.0,0.0,2.0,0.050000000000000044,1.6306617762893438,1.2448776997625828,1.2859468590468168
md_cfba_dqn,803,221,70.41486094295979,81.93828259572386,27.252842038869858,43.162018904089926,1.4471432818099856,15204.694854736328,0.0,22.0,0.0,1.0,0.050000000000000044,1.505358774214983,1.1513930968940258,1.1798855159431696
md_cfba_dqn,803,222,82.31380034387112,81.14018682077527,28.28008309751749,54.03371714949608,1.4822418075054884,15964.337509155273,0.0,23.0,0.0,2.0,0.050000000000000044,1.6969484835863113,1.2987705208361149,1.3272598180919886
md_cfba_dqn,803,223,89.39707070887088,81.46021577954293,30.504254564642906,58.892816606163976,1.5554902823641896,17323.39887237549,0.0,27.0,0.0,3.0,0.050000000000000044,1.3102061655372381,1.0041396003216505,1.0202217921614647
md_cfba_dqn,803,224,75.05042699575424,80.65147258490325,27.588276252150536,47.462151198089124,1.447104774415493,15141.08200263977,0.0,22.0,0.0,4.0,0.050000000000000044,1.2946776263415813,0.9859996065497398,1.0289266984909773
md_cfba_dqn,803,225,70.05972285568714,80.2313207629323,27.314397647976875,42.7453253865242,1.4548049792647362,15763.44762802124,0.0,21.0,0.0,0.0,0.050000000000000044,1.3565481770783663,1.0360455252230167,1.0683420915156603
md_cfba_dqn,803,226,99.99979251027108,81.49707851096989,31.673253178596497,68.32653919756413,1.6101937936618924,18200.829822540283,0.0,30.0,0.0,1.0,0.050000000000000044,1.4125531278550625,1.079480804502964,1.1102410517632961
md_cfba_dqn,803,227,89.01790017783642,81.43580815926195,31.16880002617836,57.849100136756896,1.5448713349178433,17159.402729034424,0.0,25.0,0.0,1.0,0.050000000000000044,1.6625932902097702,1.2723082061856985,1.3009502347558737
md_cfba_dqn,803,228,81.49064450860024,82.23378615103664,29.180143281817436,52.31050134599209,1.5015802830457687,16303.439990997314,0.0,25.0,0.0,1.0,0.050000000000000044,1.45898780785501,1.1144260298460722,1.148539213463664
md_cfba_dqn,803,229,69.24960189312696,81.18344938173891,26.39303108304739,42.85657072067261,1.4377199718728662,14965.83053779602,0.0,21.0,0.0,1.0,0.050000000000000044,1.7725420631468296,1.356696467846632,1.3861519042402506
md_cfba_dqn,803,230,83.39147473275662,81.03839882023634,29.239302657544613,54.15217159092426,1.5330510679632425,17089.157188415527,0.0,26.0,0.0,2.0,0.050000000000000044,1.3270937371999025,1.0134709849953651,1.0454091504216194
md_cfba_dqn,803,231,84.89643981456757,81.29604867152871,31.738491378724575,53.1579483538866,1.566328671760857,18175.166397094727,0.0,26.0,0.0,1.0,0.050000000000000044,1.461340557783842,1.1155882198363543,1.1525077018886805
md_cfba_dqn,803,232,84.467540371418,81.0752208364755,29.171034052968025,55.29650657176971,1.4986525978893042,16114.63484954834,0.0,25.0,0.0,2.0,0.050000000000000044,1.7715323641896248,1.3525764010846615,1.3965198397636414
md_cfba_dqn,803,233,70.24477180242539,80.43310088671745,26.490435853600502,43.75433602333069,1.4368681581690907,15216.416133880615,0.0,22.0,0.0,1.0,0.050000000000000044,1.6267258543521166,1.244476143270731,1.2741656173020601
md_cfba_dqn,803,234,70.582918420434,79.16699690230192,26.343426674604416,44.23949180543423,1.4264662358909845,15257.457809448242,0.0,22.0,0.0,0.0,0.050000000000000044,1.7732142098248005,1.355377670377493,1.3927884213626385
md_cfba_dqn,803,235,101.9797833442688,80.24437714047731,33.280071064829826,68.69971248805523,1.5903039453551173,18955.02069091797,0.0,30.0,0.0,3.0,0.050000000000000044,1.5977733992040157,1.2202665768563747,1.2583560086786747
md_cfba_dqn,803,236,66.34522295892239,79.78883450314403,24.644496753811836,41.7007260710001,1.3971381234005094,14374.283351898193,0.0,22.0,0.0,1.0,0.050000000000000044,1.3712619543075562,1.0456200316548347,1.0854730419814587
md_cfba_dqn,803,237,91.69149686396122,80.68371048465372,29.82659564167261,61.86490085721016,1.5290832510218024,17041.527114868164,0.0,30.0,0.0,0.0,0.050000000000000044,1.5856389813125134,1.2142469361424446,1.237973477691412
md_cfba_dqn,803,238,74.47420585304499,79.97100249804558,27.21668405085802,47.2575217872858,1.4809605041518807,15829.389099121094,0.0,22.0,0.0,2.0,0.050000000000000044,1.7206389512866735,1.3175604324787855,1.34359497949481
md_cfba_dqn,803,239,83.19887349158526,80.28213855013253,30.707698337733746,52.49117490053177,1.5498586678877473,17745.82265472412,0.0,25.0,0.0,3.0,0.050000000000000044,1.9405671078711748,1.487204510718584,1.5112085901200771
md_cfba_dqn,803,240,84.6401656061411,81.14533570982516,29.719429075717926,54.92073672413826,1.505989090539515,16552.775192260742,0.0,25.0,0.0,1.0,0.050000000000000044,1.6258398238569498,1.2438220493495464,1.2733925748616457
md_cfba_dqn,803,241,97.72033725678921,82.51060952551664,31.848361909389496,65.87197467684746,1.5805451143532991,18312.276943206787,0.0,30.0,0.0,1.0,0.050000000000000044,1.5078593716025352,1.1501043010503054,1.1925169099122286
md_cfba_dqn,803,242,76.80087847858667,82.2349634322524,27.170280821621418,49.63059820830822,1.4593966379761696,15507.660165786743,0.0,22.0,0.0,5.0,0.050000000000000044,1.6237493231892586,1.2417134959250689,1.2734527885913849
md_cfba_dqn,803,243,73.68720989823342,81.44947039172055,26.53843941539526,47.14877098202705,1.4473616378381848,15129.649868011475,0.0,23.0,0.0,2.0,0.050000000000000044,1.4043665379285812,1.070990452542901,1.111253509297967
md_cfba_dqn,803,244,74.77574323117733,81.43573620349169,26.337933108210564,48.43780994415283,1.4600032335147262,15381.62905883789,0.0,24.0,0.0,0.0,0.050000000000000044,1.8526097517460585,1.4222829043865204,1.4344227984547615
md_cfba_dqn,803,245,95.29104621857405,82.69730237163604,32.60111638903618,62.6899297773838,1.6319943694397807,18777.199951171875,0.0,29.0,0.0,1.0,0.050000000000000044,1.8241573087871075,1.3943377994000912,1.4327317234128714
md_cfba_dqn,803,246,83.50340814143419,81.8724831531942,27.984255075454712,55.519153386354446,1.470647501759231,15950.184507369995,0.0,26.0,0.0,2.0,0.050000000000000044,1.6199582014232874,1.236736111342907,1.277406893670559
md_cfba_dqn,803,247,76.31414705514908,81.23729549705983,29.384582705795765,46.929564237594604,1.4893569648265839,16519.334991455078,0.0,23.0,0.0,0.0,0.050000000000000044,1.6248076632618904,1.2433229126036167,1.2716157585382462
md_cfba_dqn,803,248,69.63877636343241,80.64470208980144,26.86798182874918,42.77079519033432,1.4479528022930026,15530.1419506073,0.0,20.0,0.0,1.0,0.050000000000000044,1.5910475607961416,1.2159597128629684,1.2502928376197815
md_cfba_dqn,803,249,66.04288847148419,80.4843664187193,25.47308339178562,40.56980496048927,1.42384076397866,14565.218761444092,0.0,20.0,0.0,2.0,0.050000000000000044,1.4901619106531143,1.1370447743684053,1.177057009190321
md_cfba_dqn,803,250,87.68470750749111,80.69902805745603,28.171188183128834,59.51351860165596,1.4721343917772174,15931.953290939331,0.0,27.0,0.0,0.0,0.050000000000000044,1.9756372217088938,1.514026090502739,1.5387037247419357
md_cfba_dqn,803,251,76.29043378680944,80.26872775606812,27.194081649184227,49.09635207056999,1.476994102820754,15773.487148284912,0.0,24.0,0.0,1.0,0.050000000000000044,1.742382351309061,1.3317085970193148,1.3689124900847673
md_cfba_dqn,803,252,82.16685470342637,80.15369347266854,29.717763915657997,52.44909089207649,1.4970394158735871,16758.201877593994,0.0,23.0,0.0,3.0,0.050000000000000044,1.6144459508359432,1.2352624330669641,1.263944959267974
md_cfba_dqn,803,253,79.75325898826122,80.62911783196031,28.17122232168913,51.5820369720459,1.5058955261483788,16281.01375579834,0.0,23.0,0.0,2.0,0.050000000000000044,2.1686030104756355,1.6610771343111992,1.691752813756466
md_cfba_dqn,803,254,79.98748693019152,81.09934625744822,28.877793416380882,51.10969349145889,1.5192815335467458,16546.986740112305,0.0,24.0,0.0,2.0,0.050000000000000044,1.4900397304445505,1.1392099931836128,1.1694324016571045
md_cfba_dqn,803,255,78.51742875576019,79.92622852802279,27.175644747912884,51.341783836483955,1.5261322688311338,16507.617053985596,0.0,26.0,0.0,0.0,0.050000000000000044,1.5712600909173489,1.199228160083294,1.2401064280420542
md_cfba_dqn,803,256,61.10511226207018,79.66422299318016,24.52264717966318,36.58246521651745,1.3762974767014384,14056.796371459961,0.0,20.0,0.0,0.0,0.050000000000000044,1.3869092427194118,1.0580508820712566,1.096194513142109
md_cfba_dqn,803,257,79.99688660800457,79.07949248038233,27.452499240636826,52.544387352466586,1.4812632128596306,15559.963562011719,0.0,25.0,0.0,3.0,0.050000000000000044,1.949381036683917,1.4907276704907417,1.5288444496691227
md_cfba_dqn,803,258,87.17411421686411,79.7144878985733,30.527644999325275,56.64646921753884,1.5431435257196426,17022.572496414185,0.0,25.0,0.0,5.0,0.050000000000000044,1.7814501505345106,1.3637130241841078,1.3924570754170418
md_cfba_dqn,803,259,65.29445628374815,78.81926703818144,25.204128719866276,40.09032775759697,1.4108721008524299,14590.031997680664,0.0,20.0,0.0,2.0,0.050000000000000044,1.767607780173421,1.3518683686852455,1.3857980147004128
md_cfba_dqn,803,260,71.22020995020867,78.1482692553848,28.027154982089996,43.1930546104908,1.4478307198733091,15859.590545654297,0.0,22.0,0.0,3.0,0.050000000000000044,1.74781583994627,1.3358870763331652,1.37309580296278
md_cfba_dqn,803,261,73.3406388387084,76.92928433448076,27.848424084484577,45.492215663194656,1.4585540601983666,16001.96007156372,0.0,24.0,0.0,1.0,0.050000000000000044,1.638238649815321,1.2483650241047144,1.2995787020772696
md_cfba_dqn,803,262,81.43347346186638,77.16091408364477,28.446817457675934,52.98665610849857,1.460226507857442,16097.822799682617,0.0,23.0,0.0,1.0,0.050000000000000044,2.179388664662838,1.6664144359529018,1.7099139988422394
md_cfba_dqn,803,263,86.91237648576498,77.82217241302133,30.075877852737904,56.83649802207947,1.5267021721228957,17302.5124874115,0.0,25.0,0.0,0.0,0.050000000000000044,1.520407561212778,1.160848619416356,1.1985297445207834
md_cfba_dqn,803,264,80.61233861148358,78.11400218203666,29.913035452365875,50.69930333793163,1.5042541529983282,16722.00859451294,0.0,23.0,0.0,1.0,0.050000000000000044,1.6346112601459026,1.247466029599309,1.2904839850962162
md_cfba_dqn,803,265,90.61063059568406,77.87998140089215,30.381774336099625,60.228856259584425,1.535266075283289,17434.955360412598,0.0,26.0,0.0,2.0,0.050000000000000044,1.8932724744081497,1.4472328834235668,1.4867985974997282
md_cfba_dqn,803,266,89.23898314833642,78.16676015123727,30.32863014936447,58.91035356521606,1.5159331457689404,16909.117069244385,0.0,27.0,0.0,1.0,0.050000000000000044,2.0368975773453712,1.5594406947493553,1.5915229301899672
md_cfba_dqn,803,267,100.47777518630028,79.37494155779481,32.03845834732056,68.43931742012501,1.5615333644673228,18241.909019470215,0.0,31.0,0.0,1.0,0.050000000000000044,1.3291554618626833,1.0172552410513163,1.0396673772484064
md_cfba_dqn,803,268,100.78878199458123,80.93244183935226,33.517793759703636,67.27098795175553,1.621520739980042,19024.662841796875,0.0,30.0,0.0,3.0,0.050000000000000044,1.8853098452091217,1.4398985616862774,1.4847042746841908
md_cfba_dqn,803,269,57.35692472010851,80.49814365178347,23.862863302230835,33.494061321020126,1.3649014765396714,13730.8434009552,0.0,18.0,0.0,1.0,0.050000000000000044,1.6995549779385328,1.297935051843524,1.3387330118566751
md_cfba_dqn,803,270,74.91903881728649,79.85986021727324,26.94397433847189,47.9750642478466,1.4627210665494204,15460.643606185913,0.0,24.0,0.0,0.0,0.050000000000000044,1.9202701542526484,1.4703083913773298,1.4998724553734064
md_cfba_dqn,803,271,68.1121869161725,79.4509478737414,27.053530864417553,41.05865615606308,1.4684550957754254,15776.132472991943,0.0,21.0,0.0,1.0,0.050000000000000044,1.3311479911208153,1.016205433756113,1.049808457493782
md_cfba_dqn,803,272,82.66525227576494,79.47586775235831,28.808275401592255,53.85697600245476,1.5214479574933648,16800.276485443115,0.0,26.0,0.0,1.0,0.050000000000000044,1.5076760649681091,1.1501507721841335,1.191750904545188
md_cfba_dqn,803,273,70.94616612792015,79.03551310934127,25.4817413687706,45.464424431324005,1.437445105984807,15036.73625946045,0.0,20.0,0.0,2.0,0.050000000000000044,1.390195321291685,1.0631213206797838,1.0902465470135212
md_cfba_dqn,803,274,94.1863566055894,79.74545659311116,31.134400889277458,63.05195506066084,1.5778928389772773,17911.051162719727,0.0,29.0,0.0,2.0,0.050000000000000044,1.9323766753077507,1.4807938523590565,1.5052760373800993
md_cfba_dqn,803,275,87.8880005478859,80.21398518271745,30.976314067840576,56.91168624162674,1.534429045394063,17678.658699035645,0.0,26.0,0.0,0.0,0.050000000000000044,2.098810262978077,1.605384487658739,1.6447525173425674
md_cfba_dqn,803,276,98.34908630251884,82.07618388473988,32.499348878860474,65.8497373342514,1.6229903092607856,18935.04367828369,0.0,28.0,0.0,3.0,0.050000000000000044,1.8603585176169872,1.4210061058402061,1.4645079839974642
md_cfba_dqn,803,277,82.45606181025505,82.1991426448524,27.918143399059772,54.53791806101799,1.5063678920269012,16158.604698181152,0.0,26.0,0.0,0.0,0.050000000000000044,1.9477817192673683,1.4897168725728989,1.5268828012049198
md_cfba_dqn,803,278,80.563506744802,81.86861227124929,28.668268658220768,51.895237773656845,1.5076060108840466,16588.484661102295,0.0,23.0,0.0,1.0,0.050000000000000044,2.2160162292420864,1.6945494785904884,1.7382223885506392
md_cfba_dqn,803,279,88.72476973533631,83.04012794382871,30.176352225244045,58.54841775596142,1.5350015936419368,17235.606426239014,0.0,27.0,0.0,1.0,0.050000000000000044,1.7736490238457918,1.3572836704552174,1.3878844361752272
md_cfba_dqn,803,280,85.79405124634505,83.76882000863553,29.142391607165337,56.65165961682796,1.5033398102968931,16733.289442062378,0.0,25.0,0.0,1.0,0.050000000000000044,1.7312045339494944,1.323572251945734,1.3587741944938898
md_cfba_dqn,803,281,83.26943033188581,84.26525958329441,27.865462735295296,55.403968036174774,1.4927148213610053,15946.170551300049,0.0,25.0,0.0,0.0,0.050000000000000044,1.7838438898324966,1.3637921139597893,1.4001725725829601
md_cfba_dqn,803,282,99.97119870185853,85.19214584529402,31.87418631464243,68.09701252877713,1.6261734114959836,18745.14031600952,0.0,29.0,0.0,3.0,0.050000000000000044,1.690848469734192,1.2908448781818151,1.333345241844654
md_cfba_dqn,803,283,72.32699560374022,84.46287680119276,25.806159667670727,46.520835518836975,1.4511152319610119,14886.03311920166,0.0,22.0,0.0,0.0,0.050000000000000044,2.1219060346484184,1.6232754494994879,1.6621017716825008
md_cfba_dqn,803,284,67.21056408733129,83.79278807498515,26.988732360303402,40.221831920742986,1.47549934592098,15631.40113067627,0.0,19.0,0.0,2.0,0.050000000000000044,1.9367224052548409,1.4792200587689877,1.5250078067183495
md_cfba_dqn,803,285,73.52919624745846,82.93871635757387,26.80104249715805,46.72815380990505,1.4656243100762367,15535.389251708984,0.0,22.0,0.0,2.0,0.050000000000000044,1.6198107860982418,1.238084837794304,1.2724197562783957
md_cfba_dqn,803,286,88.51143356561661,82.90233887843789,32.699328020215034,55.812105470895766,1.6091797417029738,18981.34703063965,0.0,26.0,0.0,1.0,0.050000000000000044,1.3254234232008457,1.0113813243806362,1.0468069538474083
md_cfba_dqn,803,287,64.87211726009846,81.12205598212779,25.522750318050385,39.34936707615852,1.3991988664492965,14562.909202575684,0.0,20.0,0.0,1.0,0.050000000000000044,1.837883248925209,1.4044198635965586,1.444877853617072
md_cfba_dqn,803,288,75.99647371768951,79.88244056828322,26.740005001425743,49.256469178199765,1.4754499467089772,15568.51683807373,0.0,23.0,0.0,2.0,0.050000000000000044,1.6579107474535704,1.2641306295990944,1.3126003704965115
md_cfba_dqn,803,289,91.71683855503798,81.60043626002968,30.738029949367046,60.97880911231041,1.5617977241054177,17480.903707504272,0.0,28.0,0.0,1.0,0.050000000000000044,1.8302802741527557,1.3973131701350212,1.4432236291468143
md_cfba_dqn,803,290,82.24599483013154,81.96678406067193,27.9859838783741,54.26001120507717,1.496301081031561,16069.045087814331,0.0,25.0,0.0,1.0,0.050000000000000044,1.660765403881669,1.2683759294450283,1.3079648222774267
md_cfba_dqn,803,291,77.46057175248862,82.43420330248775,29.728480383753777,47.732091100513934,1.5105476370081306,17045.65394973755,0.0,23.0,0.0,3.0,0.050000000000000044,1.8835742995142937,1.4412736166268587,1.4743356332182884
md_cfba_dqn,803,292,85.839598685503,82.59292062297466,31.236892998218536,54.60270577669144,1.5753768449649215,18080.85507965088,0.0,24.0,0.0,0.0,0.050000000000000044,2.0735724102705717,1.5814912877976894,1.6402704156935215
md_cfba_dqn,803,293,80.62077857702971,83.07665124543014,27.570032134652138,53.05074697136879,1.489763567224145,16029.123149871826,0.0,24.0,0.0,2.0,0.050000000000000044,1.5959967337548733,1.2211507130414248,1.249486668035388
md_cfba_dqn,803,294,76.54378763586283,82.1945227969438,27.281777001917362,49.262010499835014,1.4504186790436506,15465.973600387573,0.0,23.0,0.0,2.0,0.050000000000000044,1.8854049928486347,1.4402038231492043,1.4840038120746613
md_cfba_dqn,803,295,88.21776351332664,82.21101094521583,30.11428089439869,58.10348331928253,1.5675435457378626,17554.603675842285,0.0,28.0,0.0,1.0,0.050000000000000044,1.9089165031909943,1.4593111872673035,1.4986842200160027
md_cfba_dqn,803,296,80.25250010341406,81.3061816352606,27.564209826290607,52.68829018771648,1.4762830855324864,15530.372570037842,0.0,24.0,0.0,2.0,0.050000000000000044,1.744225189089775,1.3306427970528603,1.3786079250276089
md_cfba_dqn,803,297,82.221599817276,81.29445853561165,28.35296491533518,53.868634924292564,1.514935095794499,16259.159698486328,0.0,25.0,0.0,2.0,0.050000000000000044,1.7795163299888372,1.3603505454957485,1.397219229489565
md_cfba_dqn,803,298,74.04011984318495,80.96828919053078,28.38556268811226,45.65455720722675,1.4780583651736379,17001.947216033936,0.0,22.0,0.0,1.0,0.050000000000000044,1.61437077075243,1.2319119460880756,1.274862701073289
md_cfba_dqn,803,299,91.13351529836655,81.08872646868231,29.128243759274483,62.00527176260948,1.549478250555694,16876.519256591797,0.0,28.0,0.0,1.0,0.050000000000000044,1.7014808133244514,1.2985549997538328,1.3430859260261059
md_cfba_dqn,803,300,77.37952588498592,80.66800020061434,27.8467323705554,49.53279307484627,1.4813634753227234,15887.423583984375,0.0,23.0,0.0,0.0,0.050000000000000044,1.8610294479876757,1.4209648557007313,1.4668819587677717
md_cfba_dqn,803,301,66.84937677681447,79.84699752286079,24.866331174969673,41.98304566144943,1.4159275582060218,14650.137296676636,0.0,20.0,0.0,2.0,0.050000000000000044,1.7741519529372454,1.3563470598310232,1.3926828652620316
md_cfba_dqn,803,302,67.98063798248768,78.24746948689224,26.010263815522194,41.97037397325039,1.4253529515117407,14973.421878814697,0.0,20.0,0.0,0.0,0.050000000000000044,1.6507061570882797,1.2622753120958805,1.2947693690657616
md_cfba_dqn,803,303,59.02067267149687,77.58215334028007,24.75444569438696,34.266227036714554,1.39861461520195,14548.814926147461,0.0,18.0,0.0,0.0,0.050000000000000044,1.6893394812941551,1.2904961816966534,1.3294776044785976
md_cfba_dqn,803,304,83.84492628276348,78.41387145005167,27.99402703344822,55.85089944303036,1.4789098212495446,15924.074710845947,0.0,27.0,0.0,0.0,0.050000000000000044,1.8936850130558014,1.447846319526434,1.486128879711032
md_cfba_dqn,803,305,70.87273443639279,78.28104835949839,27.6863075196743,43.186427080631255,1.465862000361085,15657.82580947876,0.0,22.0,0.0,3.0,0.050000000000000044,1.6169044058769941,1.234399976208806,1.2750147562474012
md_cfba_dqn,803,306,86.56846655458212,78.18390000894667,29.63965991139412,56.92880671024322,1.552992234006524,17165.24464035034,0.0,26.0,0.0,3.0,0.050000000000000044,2.102219194173813,1.607964789494872,1.6475146021693945
md_cfba_dqn,803,307,75.97923245429993,78.73925576865673,27.637497946619987,48.34173428416252,1.4677440430969,15708.882953643799,0.0,24.0,0.0,1.0,0.050000000000000044,2.0100313294678926,1.536721058189869,1.5777007825672626
md_cfba_dqn,803,308,85.1887212395668,79.1988681447506,29.06107296794653,56.12764795124531,1.5085612395778298,16504.757999420166,0.0,26.0,0.0,0.0,0.050000000000000044,1.6727879587560892,1.2764291036874056,1.3211961463093758
md_cfba_dqn,803,309,74.94875944554806,78.3604641892761,28.44005586206913,46.50870359838009,1.4879788160324097,16553.114484786987,0.0,21.0,0.0,1.0,0.050000000000000044,1.9085815753787756,1.4591520205140114,1.4980984311550856
md_cfba_dqn,803,310,72.19562939703465,77.85794591762127,27.600102342665195,44.59552753865719,1.4496307391673326,15561.433185577393,0.0,22.0,0.0,2.0,0.050000000000000044,2.3105491809546947,1.769428787752986,1.8037346862256527
md_cfba_dqn,803,311,93.747533300519,78.67229399502278,29.513816013932228,64.2337174654007,1.5654532508924603,17320.16160964966,0.0,29.0,0.0,3.0,0.050000000000000044,1.7537279054522514,1.341166352853179,1.3752051871269941
md_cfba_dqn,803,312,84.22807533293962,78.59171782739462,30.62442060559988,53.60365554690361,1.5294286338612437,17464.778408050537,0.0,26.0,0.0,1.0,0.050000000000000044,1.8825185373425484,1.440208937972784,1.4743652120232582
md_cfba_dqn,803,313,86.96475332528352,78.9089165648073,30.44601508975029,56.518738742172715,1.555954941548407,17653.38571548462,0.0,26.0,0.0,3.0,0.050000000000000044,1.8081826195120811,1.383502796292305,1.415599362924695
md_cfba_dqn,803,314,81.48465786278248,79.15596007615328,29.58664233982563,51.898015493154524,1.520676319487393,16872.139652252197,0.0,25.0,0.0,4.0,0.050000000000000044,1.9302951954305172,1.4754945151507854,1.5160021539777517
md_cfba_dqn,803,315,89.882228910923,79.2391833460331,30.09505594521761,59.78717255592346,1.5809580180794,17688.65934753418,0.0,28.0,0.0,0.0,0.050000000000000044,1.587002195417881,1.2095425836741924,1.258198693394661
md_cfba_dqn,803,316,87.67858316004276,79.61048749886453,28.554638423025608,59.123944848775864,1.5211704028770328,16297.811252593994,0.0,27.0,0.0,2.0,0.050000000000000044,2.2050166949629784,1.684762168675661,1.7341816686093807
md_cfba_dqn,803,317,82.56501407623291,79.62765821181239,28.41211335361004,54.15290040969849,1.4840104524046183,16249.016410827637,0.0,24.0,0.0,4.0,0.050000000000000044,1.4765528105199337,1.12765927426517,1.1629783250391483
md_cfba_dqn,803,318,69.1405126541853,79.3826778523624,27.515103206038475,41.62540894150734,1.462599298916757,16075.96311378479,0.0,21.0,0.0,2.0,0.050000000000000044,2.1897004786878824,1.6734607852995396,1.720798820257187
md_cfba_dqn,803,319,97.35871371626854,79.6939377732575,33.52367876470089,63.835034519433975,1.615823651663959,19169.631496429443,0.0,30.0,0.0,0.0,0.050000000000000044,1.4937491174787283,1.139336148276925,1.1813765596598387
md_cfba_dqn,803,320,70.60470651239157,79.3551968046278,26.741555713117123,43.86315103769302,1.4586237166076899,15736.431671142578,0.0,21.0,0.0,3.0,0.050000000000000044,2.05865491181612,1.5750336311757565,1.6120708547532558
md_cfba_dqn,803,321,85.41976446807385,80.28371618919076,29.162865459918976,56.25689905285835,1.5224188482388854,16357.26067352295,0.0,26.0,0.0,1.0,0.050000000000000044,1.71539743617177,1.3129326831549406,1.3415492102503777
md_cfba_dqn,803,322,76.21851006299258,80.695609793216,28.262826152145863,47.95568438768387,1.502589426934719,16030.76915359497,0.0,23.0,0.0,2.0,0.050000000000000044,1.9380147643387318,1.4853955078870058,1.5087307877838612
md_cfba_dqn,803,323,69.16097513586283,81.2026249164343,25.86080775409937,43.300167605280876,1.4110946217551827,14851.84209060669,0.0,22.0,0.0,1.0,0.050000000000000044,1.7149837668985128,1.3111819569021463,1.3460059575736523
md_cfba_dqn,803,324,90.03512814939022,81.51213500976563,29.251102693378925,60.78402513563633,1.5174461724236608,16397.28551864624,0.0,28.0,0.0,3.0,0.050000000000000044,1.7691965736448765,1.3516512904316187,1.3918175250291824
md_cfba_dqn,803,325,75.70537752211094,81.75376716405154,27.553426705300808,48.151951137185094,1.4913818892091513,16204.230834960938,0.0,23.0,0.0,3.0,0.050000000000000044,2.2483406960964203,1.722027201205492,1.7543781660497189
md_cfba_dqn,803,326,61.040342047810555,80.47736093871295,24.983121678233147,36.05722016096115,1.3744544200599194,14066.812278747559,0.0,19.0,0.0,2.0,0.050000000000000044,1.8211837597191334,1.3908251505345106,1.4345287084579468
md_cfba_dqn,803,327,87.66714204251767,81.06175641812385,30.05442024767399,57.612721437215804,1.5427986104041338,17291.541065216064,0.0,26.0,0.0,3.0,0.050000000000000044,1.6657241359353065,1.2726199813187122,1.3103471118956804
md_cfba_dqn,803,328,54.780107751488686,79.54132574371994,23.315195560455322,31.46491228044033,1.3692372655496001,13580.255290985107,0.0,18.0,0.0,1.0,0.050000000000000044,1.8771586939692497,1.4372372161597013,1.4664049670100212
md_cfba_dqn,803,329,83.8700323998928,79.98738939143718,28.76754791289568,55.10248476266861,1.5172054367139935,16771.62501144409,0.0,26.0,0.0,1.0,0.050000000000000044,1.486752001568675,1.1317294146865606,1.1834085453301668
md_cfba_dqn,803,330,94.2384585916996,81.08953085117042,33.07144223153591,61.167016717791554,1.6053083566948771,18804.55490875244,0.0,27.0,0.0,4.0,0.050000000000000044,1.8353167809545994,1.4027308989316225,1.4419529382139444
md_cfba_dqn,803,331,75.4391006231308,80.17410921730101,27.265562884509563,48.17353746294975,1.4493417162448168,15544.310768127441,0.0,23.0,0.0,0.0,0.050000000000000044,1.8002829477190971,1.375564333051443,1.4157286882400513
md_cfba_dqn,803,332,80.45228436887264,79.98531966909766,28.842221453785896,51.6100625872612,1.513479151763022,16768.893684387207,0.0,26.0,0.0,2.0,0.050000000000000044,2.3204471357166767,1.7737810797989368,1.822220103815198
md_cfba_dqn,803,333,68.71369067877531,79.07276653677225,27.378457076847553,41.33523403406143,1.4799654837697744,15619.192943572998,0.0,20.0,0.0,3.0,0.050000000000000044,1.6862531043589115,1.2884249929338694,1.3260936364531517
md_cfba_dqn,803,334,66.8777532145381,78.34242130436004,25.142084047198296,41.73566891402006,1.4499641256406903,15070.303573608398,0.0,22.0,0.0,1.0,0.050000000000000044,1.87123678997159,1.4317100867629051,1.4650888927280903
md_cfba_dqn,803,335,94.9286192148924,78.5947408195585,30.757835432887077,64.17078351378441,1.5657487725839019,17838.73038673401,0.0,27.0,0.0,4.0,0.050000000000000044,1.8119855858385563,1.3880192525684834,1.4132210314273834
md_cfba_dqn,803,336,72.95596658736467,77.8586099909246,27.275475434958935,45.680491271615026,1.4718406042084098,15767.496286392212,0.0,22.0,0.0,2.0,0.050000000000000044,2.2443633675575256,1.7189405001699924,1.75140942633152
md_cfba_dqn,803,337,73.76207774579525,77.41846317440272,27.63726219534874,46.12481553554535,1.4739313870668411,15763.805744171143,0.0,22.0,0.0,3.0,0.050000000000000044,1.9674306754022837,1.5044644493609667,1.5432206951081753
md_cfba_dqn,803,338,68.8151054546237,77.40219281442464,25.672179721295834,43.14292546510696,1.415292963385582,14542.173011779785,0.0,21.0,0.0,1.0,0.050000000000000044,1.6613797582685947,1.2704493198543787,1.3031014166772366
md_cfba_dqn,803,339,97.77580474317074,77.42304736576975,30.06257365643978,67.7132314145565,1.5803445726633072,17713.481525421143,0.0,29.0,0.0,0.0,0.050000000000000044,2.2419466078281403,1.7141346484422684,1.759373165667057
md_cfba_dqn,803,340,80.13272898197174,77.89944848924877,27.922531694173813,52.21019785404205,1.4864773638546467,15771.63102722168,0.0,23.0,0.0,2.0,0.050000000000000044,1.3978232461959124,1.0673587657511234,1.1015482135117054
md_cfba_dqn,803,341,88.94392731785774,78.07565663173794,29.89360062777996,59.05032680928707,1.538742931559682,17190.505811691284,0.0,27.0,0.0,1.0,0.050000000000000044,1.7571625523269176,1.3422209210693836,1.3831386733800173
md_cfba_dqn,803,342,97.58776766061783,79.14411951161921,32.547112837433815,65.04065555334091,1.6425354750826955,19135.2134475708,0.0,27.0,0.0,2.0,0.050000000000000044,1.7780343443155289,1.361390070989728,1.3888142053037882
md_cfba_dqn,803,343,73.07466811090708,79.33980416037143,26.33546005934477,46.739207887649535,1.400161107070744,15050.977169036865,0.0,22.0,0.0,2.0,0.050000000000000044,2.163739502429962,1.653875194489956,1.6995475813746452
md_cfba_dqn,803,344,80.96842238306999,78.88646887205542,29.91366046667099,51.05476185679436,1.561829585582018,17518.43949508667,0.0,24.0,0.0,0.0,0.050000000000000044,2.2317719757556915,1.7056840769946575,1.7536261826753616
md_cfba_dqn,803,345,93.66265428066254,79.78433270998299,31.805615082383156,61.85703933238983,1.6060524536296725,18733.023124694824,0.0,27.0,0.0,1.0,0.050000000000000044,1.7735982276499271,1.3540355805307627,1.398542147129774
md_cfba_dqn,803,346,72.08701237291098,80.33666622623802,27.320168666541576,44.766843527555466,1.4236349426209927,15388.694164276123,0.0,23.0,0.0,1.0,0.050000000000000044,2.1189641319215298,1.6199333555996418,1.6634358037263155
md_cfba_dqn,803,347,83.84162161648274,80.14539020493628,30.43555137515068,53.40607033073902,1.525576887652278,17637.082443237305,0.0,26.0,0.0,3.0,0.050000000000000044,2.431343674659729,1.8599383775144815,1.9046841841191053
md_cfba_dqn,803,348,91.22608600109815,81.96768911741675,30.871671654284,60.35441381037235,1.5629874896258116,17901.385145187378,0.0,27.0,0.0,2.0,0.050000000000000044,1.75643977150321,1.3389861676841974,1.3915119711309671
md_cfba_dqn,803,349,77.3209982007742,81.64023740746082,27.882494032382965,49.43850437700748,1.4571773977950215,15597.63650894165,0.0,23.0,0.0,2.0,0.050000000000000044,1.9597899429500103,1.4961588978767395,1.5454368274658918
md_cfba_dqn,803,350,94.86267558634282,81.67144825719298,31.618618443608284,63.24405709803104,1.5859277546405792,18236.515245437622,0.0,28.0,0.0,1.0,0.050000000000000044,2.0567471385002136,1.572189399972558,1.6151923015713692
md_cfba_dqn,803,351,77.06081982702017,81.75253421738745,26.107316493988037,50.95350404083729,1.4313531322404742,14985.792537689209,0.0,25.0,0.0,1.0,0.050000000000000044,2.0334003306925297,1.5576407629996538,1.585865080356598
md_cfba_dqn,803,352,84.30431036055089,81.94513551697136,29.456214137375355,54.84809578359127,1.5100686307996511,17195.188926696777,0.0,25.0,0.0,1.0,0.050000000000000044,1.7779651805758476,1.3577557858079672,1.400697821751237
md_cfba_dqn,803,353,73.91210623979569,82.20505629502239,28.650427602231503,45.26167885363102,1.4863261030986905,16497.98716545105,0.0,20.0,0.0,1.0,0.050000000000000044,2.275650754570961,1.7403249070048332,1.78441945835948
md_cfba_dqn,803,354,77.4105216935277,82.73169471897185,26.46516052633524,50.94536170363426,1.438011514954269,15283.491584777832,0.0,23.0,0.0,2.0,0.050000000000000044,1.9140051566064358,1.4630037117749453,1.50333808735013
md_cfba_dqn,803,355,75.20224633216858,81.74537607483566,27.03087640553713,48.17136993408203,1.4417628310620785,15552.228950500488,0.0,23.0,0.0,1.0,0.050000000000000044,1.9477695971727371,1.489046348258853,1.5290774051100016
md_cfba_dqn,803,356,78.37838080823421,82.01649678587914,28.12874984741211,50.24963130354881,1.484085743315518,16258.555786132812,0.0,24.0,0.0,2.0,0.050000000000000044,2.2841977048665285,1.7497782986611128,1.781398057937622
md_cfba_dqn,803,357,96.4328690469265,83.15003635093571,31.640696950256824,64.79217183589935,1.5718278922140598,17992.333683013916,0.0,28.0,0.0,0.0,0.050000000000000044,1.894306255504489,1.4457708038389683,1.4951181393116713
md_cfba_dqn,803,358,68.05079706907273,83.11182093165816,26.41686725616455,41.633930125832556,1.4443817920982838,14903.680116653442,0.0,20.0,0.0,2.0,0.050000000000000044,2.218561865389347,1.6974098943173885,1.737173207104206
md_cfba_dqn,803,359,72.29478448927402,81.83776991896332,26.080094933509827,46.21468976438045,1.419921888038516,15021.295417785645,0.0,23.0,0.0,3.0,0.050000000000000044,2.0141883473843336,1.5385998375713825,1.5852949656546116
md_cfba_dqn,803,360,86.70718422085046,82.16649268090725,29.645397678017616,57.06178628206253,1.5428440626710653,17020.93836593628,0.0,27.0,0.0,3.0,0.050000000000000044,1.8175165429711342,1.3880218286067247,1.4316490199416876
md_cfba_dqn,803,361,79.01737766414881,81.67016519822181,28.3034800440073,50.71389766484499,1.5022357385605574,16579.262042999268,0.0,25.0,0.0,6.0,0.050000000000000044,2.12181649915874,1.6242631953209639,1.6585110034793615
md_cfba_dqn,803,362,93.26383321285248,81.45396847583353,33.164896100759506,60.09893663525581,1.58192671649158,18491.407875061035,0.0,27.0,0.0,2.0,0.050000000000000044,1.7248783633112907,1.3162082638591528,1.3622336089611053
md_cfba_dqn,803,363,80.7221218124032,81.83634116090835,28.139923200011253,52.58219833672047,1.5167858079075813,16470.21880722046,0.0,24.0,0.0,2.0,0.050000000000000044,1.7808073535561562,1.3596240021288395,1.40394445694983
md_cfba_dqn,803,364,71.12804910540581,81.34432249702513,26.727425202727318,44.40062336623669,1.4355571828782558,15466.22227859497,0.0,22.0,0.0,0.0,0.050000000000000044,2.089082570746541,1.5981069840490818,1.636585308238864
md_cfba_dqn,803,365,81.65034549832345,80.74370705790818,28.13475003838539,53.51559560894966,1.4934102883562446,16067.262603759766,0.0,25.0,0.0,1.0,0.050000000000000044,1.9029493182897568,1.4554922636598349,1.4915234800428152
md_cfba_dqn,803,366,81.15022649616003,81.19686776407063,29.812599800527096,51.33762635290623,1.5401591043919325,16797.201179504395,0.0,25.0,0.0,0.0,0.050000000000000044,1.7777389083057642,1.3586270678788424,1.397039394825697
md_cfba_dqn,803,367,78.58308493643999,80.93394093006849,28.439891017973423,50.14319406747818,1.5371427731588483,16385.44870376587,0.0,23.0,0.0,3.0,0.050000000000000044,2.350422129034996,1.7980121113359928,1.8413665629923344
md_cfba_dqn,803,368,77.11834813654423,80.2285540368408,27.640118896961212,49.47822913527489,1.485679255798459,16052.005851745605,0.0,24.0,0.0,0.0,0.050000000000000044,2.0842104516923428,1.5883399583399296,1.6529016233980656
md_cfba_dqn,803,369,84.16489190757275,80.57074872218074,31.740452349185944,52.42443945407867,1.5519815869629383,18005.91577911377,0.0,22.0,0.0,2.0,0.050000000000000044,2.1874409802258015,1.6717294566333294,1.719038363546133
md_cfba_dqn,803,370,87.74869677722454,80.21504978172482,29.195476159453392,58.5532207518816,1.4986022906377912,16711.127380371094,0.0,26.0,0.0,2.0,0.050000000000000044,1.735587453469634,1.3263491000980139,1.3641278073191643
md_cfba_dqn,803,371,80.96784011423588,80.41040079608561,28.27655152976513,52.69128812253475,1.523477348499,16518.710372924805,0.0,25.0,0.0,1.0,0.050000000000000044,2.1745646707713604,1.6623600088059902,1.70734878256917
md_cfba_dqn,803,372,76.97509923577309,80.04394023984672,27.75827196240425,49.21682716906071,1.4870296251028776,15780.22082901001,0.0,24.0,0.0,0.0,0.050000000000000044,1.8735519163310528,1.4333398658782244,1.46737346239388
md_cfba_dqn,803,373,89.42607875168324,80.81963886544109,31.054986596107483,58.371091812849045,1.5578623600304127,17852.87812423706,0.0,26.0,0.0,1.0,0.050000000000000044,1.8934056460857391,1.4464258011430502,1.489932842552662
md_cfba_dqn,803,374,74.2216404080391,80.66019480116665,27.943771079182625,46.27786946296692,1.483214396983385,16017.249755859375,0.0,21.0,0.0,1.0,0.050000000000000044,1.7453503608703613,1.3325924258679152,1.3758597485721111
md_cfba_dqn,803,375,80.75044539570808,80.93760475434364,26.70903877913952,54.041406363248825,1.4923167023807764,16155.731945037842,0.0,25.0,0.0,1.0,0.050000000000000044,1.4217028431594372,1.0833810158073902,1.1277394276112318
md_cfba_dqn,803,376,80.72591070085764,81.05498124897481,28.61992570012808,52.10598450899124,1.4946919279173017,16693.533094406128,0.0,24.0,0.0,0.0,0.050000000000000044,1.627517269924283,1.2389592435210943,1.295193336904049
md_cfba_dqn,803,377,95.95710572749377,81.03119308300317,33.076496578752995,62.88060895502567,1.6115780919790268,19062.83762359619,0.0,29.0,0.0,1.0,0.050000000000000044,2.138683108612895,1.6349900159984827,1.6789769139140844
md_cfba_dqn,803,378,87.08268139660359,81.98278729937972,28.28404302895069,58.798638397455214,1.5127919176593423,16335.226551055908,0.0,27.0,0.0,2.0,0.050000000000000044,2.3144457954913378,1.7708505615592003,1.8119840621948242
md_cfba_dqn,803,379,89.11053141951561,82.8235746458918,29.71111399680376,59.39941814541817,1.5492996871471405,17042.78681564331,0.0,28.0,0.0,1.0,0.050000000000000044,2.369312407448888,1.8134498000144958,1.8528753388673067
md_cfba_dqn,803,380,91.62016976028681,83.06922392286363,29.767734184861183,61.85243544876575,1.5472270846366882,16848.884885787964,0.0,28.0,0.0,2.0,0.050000000000000044,2.0768010430037975,1.5859245713800192,1.6362548768520355
md_cfba_dqn,803,381,91.01620666980743,83.66916537314654,29.879165269434452,61.13704069256782,1.5218178322538733,16865.566471099854,0.0,29.0,0.0,2.0,0.050000000000000044,1.7346436213701963,1.32524823397398,1.3646512608975172
md_cfba_dqn,803,382,79.28546364754439,82.97024689488113,29.610797248780727,49.67466571331024,1.5124577013775706,16932.12358856201,0.0,24.0,0.0,2.0,0.050000000000000044,1.6896158903837204,1.2923782132565975,1.3241255804896355
md_cfba_dqn,803,383,78.19115660488606,82.84369863450529,26.97102230042219,51.220133969187735,1.4691578345373273,15487.352855682373,0.0,25.0,0.0,2.0,0.050000000000000044,2.2409545108675957,1.7123956363648176,1.7618628554046154
md_cfba_dqn,803,384,77.66735109984874,83.17066373422742,28.70600862801075,48.961342099308965,1.4978282107040286,16315.48184967041,0.0,23.0,0.0,2.0,0.050000000000000044,2.1462710313498974,1.6417444720864296,1.681755106896162
md_cfba_dqn,803,385,83.57871252447367,83.26708208553495,29.427150145173073,54.15156286358833,1.5435768030583858,16795.517456054688,0.0,25.0,0.0,3.0,0.050000000000000044,2.21512046828866,1.6939424891024828,1.737259853631258
md_cfba_dqn,803,386,70.89968174099923,82.7545548477769,26.693763025105,44.20591882765293,1.482686803676188,16165.924005508423,0.0,21.0,0.0,2.0,0.050000000000000044,2.093535415828228,1.6004988458007574,1.6434552539139986
md_cfba_dqn,803,387,74.01707847565413,82.52625452473761,26.932270549237728,47.08480809032917,1.4993964973837137,15642.497074127197,0.0,22.0,0.0,4.0,0.050000000000000044,1.7077253814786673,1.3047756776213646,1.3431655950844288
md_cfba_dqn,803,388,99.39269195497036,83.63997171565892,31.769554741680622,67.62313689291477,1.5827308110892773,18373.827156066895,0.0,30.0,0.0,1.0,0.050000000000000044,2.2454950734972954,1.7189024053514004,1.7553087994456291
md_cfba_dqn,803,389,69.39273289740086,82.90136376515034,27.808710165321827,41.584022814035414,1.4665798740461469,15784.855150222778,0.0,21.0,0.0,3.0,0.050000000000000044,1.8179813884198666,1.3900948390364647,1.4262884370982647
md_cfba_dqn,803,390,72.10551730841398,82.11920479170979,27.42398025840521,44.681536960601804,1.4954257672652602,16050.21255493164,0.0,22.0,0.0,2.0,0.050000000000000044,1.940301537513733,1.4833803623914719,1.5230704843997955
md_cfba_dqn,803,391,80.1982581987977,82.08072569593789,29.563529677689075,50.63472908735275,1.5139715801924467,16843.021282196045,0.0,24.0,0.0,1.0,0.050000000000000044,2.5234591886401176,1.933584339916706,1.966249406337738
md_cfba_dqn,803,392,95.1774218827486,82.99084182828666,31.384792387485504,63.792628943920135,1.5788949867710471,18231.8642578125,0.0,29.0,0.0,0.0,0.050000000000000044,1.8807998299598694,1.4373331367969513,1.4782222863286734
md_cfba_dqn,803,393,74.39416127204895,82.23924595430495,26.086449667811394,48.30771145522594,1.4385357601568103,15159.335884094238,0.0,22.0,0.0,3.0,0.050000000000000044,1.7028025332838297,1.2980109695345163,1.3493052404373884
md_cfba_dqn,803,394,77.5741862744093,82.40687324762345,27.319033578038216,50.25515257716179,1.450389334000647,15360.851303100586,0.0,22.0,0.0,1.0,0.050000000000000044,2.1964905001223087,1.6778696179389954,1.7287362031638622
md_cfba_dqn,803,395,97.46526219844819,83.24261408776046,33.907786175608635,63.55747645497322,1.6267315773293376,19344.63885498047,0.0,29.0,0.0,2.0,0.050000000000000044,1.973450142890215,1.508914802223444,1.5484512131661177
md_cfba_dqn,803,396,90.57608124613762,83.73512261502445,29.49928444623947,61.07679694890976,1.5290822880342603,16800.84587097168,0.0,28.0,0.0,1.0,0.050000000000000044,2.445955067873001,1.8725261352956295,1.9114297088235617
md_cfba_dqn,803,397,90.24100712239742,83.44931768476964,29.50341395288706,60.737593460083005,1.4964301316067576,16696.095378875732,0.0,27.0,0.0,2.0,0.050000000000000044,2.2325072903186083,1.7096946518868208,1.7427088283002377
md_cfba_dqn,803,398,89.2647695183754,83.55842209085823,30.714976876974106,58.549792075157164,1.5597430001944304,17668.881450653076,0.0,28.0,0.0,1.0,0.050000000000000044,2.116615369915962,1.6173473112285137,1.6642267815768719
md_cfba_dqn,803,399,83.2790901362896,83.26685002669693,29.014473602175713,54.26461683213711,1.5193254314363003,16748.521034240723,0.0,25.0,0.0,0.0,0.050000000000000044,2.0915042366832495,1.5976873952895403,1.6460560765117407
md_cfba_dqn,803,400,73.61856881529093,82.36676997944713,25.73369923233986,47.8848697245121,1.4517880380153656,15286.106372833252,0.0,24.0,0.0,1.0,0.050000000000000044,2.498143270611763,1.91100312769413,1.9571337848901749
md_cfba_dqn,803,401,67.23634324520826,81.17777680821717,26.11029963940382,41.126043546199796,1.432634430937469,15143.989566802979,0.0,20.0,0.0,2.0,0.050000000000000044,1.8522118385881186,1.4137760251760483,1.4614526089280844
md_cfba_dqn,803,402,87.61324943006039,81.59416609734298,30.64485815167427,56.96839162111282,1.5529527086764574,17309.142959594727,0.0,26.0,0.0,4.0,0.050000000000000044,1.965033432468772,1.501871544867754,1.543872943148017
md_cfba_dqn,803,403,57.074606224894524,80.5383385783434,24.447251737117767,32.62735392153263,1.369332266971469,13716.284282684326,0.0,18.0,0.0,0.0,0.050000000000000044,2.0279531590640545,1.5518052447587252,1.587159637361765
md_cfba_dqn,803,404,108.88575313389302,82.09925868004561,34.67511624097824,74.21063769757748,1.6713402019813657,19564.34153366089,0.0,33.0,0.0,2.0,0.050000000000000044,1.4652442894876003,1.1193729639053345,1.1529043540358543
md_cfba_dqn,803,405,94.47565536201,82.64410582192242,30.3941510617733,64.08150453865528,1.5830873781815171,17499.645050048828,0.0,29.0,0.0,1.0,0.050000000000000044,2.188981130719185,1.6755990367382765,1.7112735025584698
md_cfba_dqn,803,406,72.67593509852887,82.7329184897989,25.161197014153004,47.51473827064037,1.408930473960936,14275.36336517334,0.0,22.0,0.0,1.0,0.050000000000000044,2.0287580862641335,1.548639003187418,1.6003968976438046
md_cfba_dqn,803,407,78.1942293792963,82.94177603498102,28.468662068247795,49.72556695342064,1.514826912432909,17010.367000579834,0.0,23.0,0.0,1.0,0.050000000000000044,1.7268294505774975,1.31671779230237,1.3670388720929623
md_cfba_dqn,803,408,92.87926187366247,82.61610453091562,31.22669541090727,61.65256625413895,1.5696799755096436,18012.55457687378,0.0,27.0,0.0,2.0,0.050000000000000044,2.2563475519418716,1.724728126078844,1.7720646522939205
md_cfba_dqn,803,409,87.21375325322151,83.50715554870666,29.140864685177803,58.07288874685764,1.5237420620396733,16819.457717895508,0.0,27.0,0.0,1.0,0.050000000000000044,2.227815881371498,1.7024622708559036,1.7511786706745625
md_cfba_dqn,803,410,85.66638661175966,84.18519901387394,28.841951817274094,56.82443517446518,1.5439809914678335,16896.739639282227,0.0,25.0,0.0,2.0,0.050000000000000044,1.9515390917658806,1.4916428942233324,1.5329872127622366
md_cfba_dqn,803,411,90.82728876471519,84.71665054216982,31.42540055513382,59.40188826918602,1.566709411330521,17640.62335586548,0.0,26.0,0.0,2.0,0.050000000000000044,2.1374903321266174,1.6357375010848045,1.672509327530861
md_cfba_dqn,803,412,85.46130332350731,84.23084461420775,29.850827112793922,55.610476449131966,1.5346411960199475,17144.79384613037,0.0,26.0,0.0,1.0,0.050000000000000044,1.9982334114611149,1.5266518630087376,1.5719384904950857
md_cfba_dqn,803,413,68.93816706091165,83.95804490365087,24.60279519110918,44.3353722423315,1.3921735007315874,14201.897281646729,0.0,20.0,0.0,2.0,0.050000000000000044,2.3899127319455147,1.8285514153540134,1.8712042719125748
md_cfba_dqn,803,414,83.65003997236491,84.26183758854867,28.298360385000706,55.35167961716652,1.4884014455601573,16311.587589263916,0.0,26.0,0.0,2.0,0.050000000000000044,2.1922747157514095,1.6758573930710554,1.7213910780847073
md_cfba_dqn,803,415,96.26709834635258,84.20192939594389,31.753818184137344,64.51328020691872,1.5496342973783612,18078.286178588867,0.0,28.0,0.0,2.0,0.050000000000000044,2.4142415300011635,1.8463107030838728,1.8931027129292488
md_cfba_dqn,803,416,85.57288962751628,83.95176981501282,28.568524420261383,57.00436522960663,1.5029684118926525,16621.25531768799,0.0,25.0,0.0,2.0,0.050000000000000044,2.0400244034826756,1.5587541405111551,1.6042341720312834
md_cfba_dqn,803,417,74.2581372871995,83.15262632325293,27.848226241767406,46.409910881519316,1.4854119224473834,15992.521968841553,0.0,23.0,0.0,2.0,0.050000000000000044,2.2438855096697807,1.716383472084999,1.7583400048315525
md_cfba_dqn,803,418,96.00898096859456,83.48983689576389,30.878932058811188,65.1300492823124,1.6005300674587488,17983.865634918213,0.0,28.0,0.0,3.0,0.050000000000000044,1.850976025685668,1.4153247382491827,1.4521708376705647
md_cfba_dqn,803,419,77.6580758869648,83.20878618329765,28.291089549660683,49.36698605418205,1.5044702850282192,16455.631004333496,0.0,22.0,0.0,3.0,0.050000000000000044,1.8736348561942577,1.4307736363261938,1.4762039724737406
md_cfba_dqn,803,420,65.3225397542119,82.7939847302437,26.024277351796627,39.29826219379902,1.426864294335246,15325.718912124634,0.0,21.0,0.0,2.0,0.050000000000000044,1.8460999485105276,1.4129140451550484,1.4439529180526733
md_cfba_dqn,803,421,88.84797439873219,83.87456628791989,29.305129170417786,59.54284498989582,1.5124594392254949,16791.429626464844,0.0,27.0,0.0,1.0,0.050000000000000044,1.7461925651878119,1.3332604076713324,1.3764404281973839
md_cfba_dqn,803,422,80.62465754449367,83.52513669364154,30.501807421445847,50.12285070419311,1.5423715924844146,17685.96343612671,0.0,23.0,0.0,3.0,0.050000000000000044,2.09877329133451,1.6031483002007008,1.6520832143723965
md_cfba_dqn,803,423,85.87517559528351,84.965165162161,29.51997619867325,56.3551993817091,1.5478873560205102,16974.242626190186,0.0,26.0,0.0,1.0,0.050000000000000044,1.9261968918144703,1.4751068651676178,1.5036334097385406
md_cfba_dqn,803,424,83.1742223650217,83.67958862371744,29.87036633491516,53.30385583639145,1.5338198291137815,17358.64372444153,0.0,24.0,0.0,0.0,0.050000000000000044,2.0887718982994556,1.5967603828758001,1.6400383207947016
md_cfba_dqn,803,425,76.34242972135544,82.7729273416847,26.812070727348328,49.5303591132164,1.4475306198000908,15473.602535247803,0.0,22.0,0.0,1.0,0.050000000000000044,1.869134021922946,1.4278974644839764,1.4707884453237057
md_cfba_dqn,803,426,71.80283356606961,82.72927226506174,26.908822536468506,44.894011655449866,1.4429570836946368,15470.26346206665,0.0,21.0,0.0,1.0,0.050000000000000044,2.4131486266851425,1.843691037967801,1.898191910237074
md_cfba_dqn,803,427,90.2747977167368,83.33330068193376,29.813761845231056,60.46103539466858,1.5412009796127677,17144.69434738159,0.0,26.0,0.0,2.0,0.050000000000000044,1.8285393361002207,1.3938222397118807,1.4490568600594997
md_cfba_dqn,803,428,77.11194195002318,82.54493468575183,27.66472052037716,49.447221079468726,1.4521458549425006,15785.978458404541,0.0,22.0,0.0,1.0,0.050000000000000044,2.362397503107786,1.8069056887179613,1.8516391981393099
md_cfba_dqn,803,429,87.01582956314087,82.53503850124778,32.03474920988083,54.98108033835888,1.5791299613192677,18306.95302963257,0.0,25.0,0.0,0.0,0.050000000000000044,1.8170679919421673,1.3900792114436626,1.4232958387583494
md_cfba_dqn,803,430,80.5237837344408,82.27790835738183,28.52911940217018,51.99466382563114,1.5117187965661287,16511.29176712036,0.0,24.0,0.0,5.0,0.050000000000000044,2.7474700026214123,2.1013319361954927,2.1537935324013233
md_cfba_dqn,803,431,71.01615297943354,81.28735156811774,27.3817655518651,43.63438800871372,1.471465039998293,16042.16279220581,0.0,22.0,0.0,1.0,0.050000000000000044,2.33656208217144,1.789301808923483,1.8242008946835995
md_cfba_dqn,803,432,62.868114376068114,80.15769212074579,25.547932237386703,37.320181959867476,1.424806596711278,14850.633228302002,0.0,18.0,0.0,4.0,0.050000000000000044,1.9854314625263214,1.5174306333065033,1.5600027330219746
md_cfba_dqn,803,433,77.8456422701478,80.60306588120758,28.57064900547266,49.27499323487282,1.5140918120741844,16418.932388305664,0.0,24.0,0.0,2.0,0.050000000000000044,2.433063365519047,1.8605850283056498,1.908260989934206
md_cfba_dqn,803,434,79.40338934659958,80.39073334991934,27.162998124957085,52.240391325950625,1.4540182743221521,15677.445547103882,0.0,24.0,0.0,3.0,0.050000000000000044,2.2208269089460373,1.6994075793772936,1.7380643915385008
md_cfba_dqn,803,435,79.44893259704114,79.54982506245376,29.446341052651405,50.002591425180434,1.5453213723376393,17186.172019958496,0.0,25.0,0.0,1.0,0.050000000000000044,2.3226039186120033,1.7749526612460613,1.8255041241645813
md_cfba_dqn,803,436,80.23979617059231,79.28317038960756,27.913013264536858,52.32678271234035,1.4918658658862114,16272.704833984375,0.0,24.0,0.0,1.0,0.050000000000000044,2.2149627283215523,1.690618870779872,1.7478127796202898
md_cfba_dqn,803,437,70.29218475669623,79.0848727630824,25.773907862603664,44.51827707290649,1.4191938983276486,14751.600547790527,0.0,21.0,0.0,3.0,0.050000000000000044,2.3431419525295496,1.7924804724752903,1.8355380799621344
md_cfba_dqn,803,438,80.27563164383173,78.29820529684426,29.67080859094858,50.60482257604599,1.5064131654798985,17189.38091278076,0.0,23.0,0.0,0.0,0.050000000000000044,1.7476836647838354,1.3341260440647602,1.378525385633111
md_cfba_dqn,803,439,85.22080973982811,78.67634198948743,29.694558538496494,55.52625117897988,1.528641426935792,16894.376762390137,0.0,26.0,0.0,5.0,0.050000000000000044,1.8832633793354034,1.4392822049558163,1.47993715852499
md_cfba_dqn,803,440,76.34170209020377,79.227300106287,26.18211340904236,50.159588718414305,1.4448432428762317,15044.335525512695,0.0,24.0,0.0,2.0,0.050000000000000044,1.8474524300545454,1.4101463221013546,1.4576870240271091
md_cfba_dqn,803,441,87.16533114910126,79.14316794380548,28.51314915716648,58.652182260155676,1.487845123745501,16313.489421844482,0.0,27.0,0.0,2.0,0.050000000000000044,2.1246494874358177,1.625093251466751,1.6651874873787165
md_cfba_dqn,803,442,81.77872523367405,79.2008713282645,29.182057663798332,52.59666768908501,1.492622608318925,16596.10207748413,0.0,24.0,0.0,3.0,0.050000000000000044,2.084277145564556,1.592341210693121,1.6397864371538162
md_cfba_dqn,803,443,86.7153546988964,79.24288028344515,29.95833247900009,56.7570220708847,1.5557735823094845,17264.080307006836,0.0,26.0,0.0,5.0,0.050000000000000044,1.9937055483460426,1.522778356447816,1.569757292047143
md_cfba_dqn,803,444,82.46012759208679,79.20717554479839,29.08437394350767,53.37575361132622,1.4834252167493105,16089.785785675049,0.0,24.0,0.0,0.0,0.050000000000000044,1.7229487914592028,1.3169604893773794,1.3532942216843367
md_cfba_dqn,803,445,77.07714662849904,79.24391139015556,27.20228099822998,49.87486497461796,1.4659219002351165,15865.310508728027,0.0,23.0,0.0,2.0,0.050000000000000044,2.2957241237163544,1.7566572036594152,1.7968897297978401
md_cfba_dqn,803,446,77.40844461619854,79.52419194266201,26.553429998457432,50.85501502752304,1.456126131117344,15486.345655441284,0.0,24.0,0.0,4.0,0.050000000000000044,2.22174571454525,1.69857157766819,1.7439137492328882
md_cfba_dqn,803,447,78.11126832962036,78.91601547330619,27.74061694741249,50.370650979876515,1.484890054911375,16024.765544891357,0.0,24.0,0.0,3.0,0.050000000000000044,2.2605876959860325,1.728180192410946,1.7746916394680738
md_cfba_dqn,803,448,76.21446274220943,78.8711415129155,28.89707127213478,47.317391738295555,1.497980048879981,16708.594848632812,0.0,22.0,0.0,1.0,0.050000000000000044,2.101376401260495,1.6040160208940506,1.6578679382801056
md_cfba_dqn,803,449,83.33929311037063,78.68731469027698,27.82417830824852,55.51511498093605,1.5042282845824957,16411.402976989746,0.0,27.0,0.0,3.0,0.050000000000000044,2.105870682746172,1.6098133511841297,1.6535244062542915
md_cfba_dqn,803,450,76.84192209839821,78.50322160847486,27.6759602278471,49.165962213277815,1.4932429920881987,15839.792678833008,0.0,23.0,0.0,1.0,0.050000000000000044,1.85491812415421,1.4156148862093687,1.4643440786749125
md_cfba_dqn,803,451,65.55508275479079,78.23016809724272,26.965639859437943,38.589442962408064,1.4483449151739478,15483.87303352356,0.0,20.0,0.0,2.0,0.050000000000000044,2.1167166363447905,1.6199004705995321,1.6560538839548826
md_cfba_dqn,803,452,71.1552104651928,78.64452290169896,26.384465992450714,44.77074512839317,1.4464755235239863,15302.547315597534,0.0,22.0,0.0,2.0,0.050000000000000044,1.5044346619397402,1.14746605604887,1.1898952908813953
md_cfba_dqn,803,453,81.53726316988468,78.82910394668582,28.27148113399744,53.265781946480274,1.4807237507775426,16189.890529632568,0.0,25.0,0.0,1.0,0.050000000000000044,2.1679497249424458,1.6584411021322012,1.6983620151877403
md_cfba_dqn,803,454,84.25647623240948,79.0717582909763,30.83303175866604,53.42344426512718,1.567672174423933,17992.00502204895,0.0,25.0,0.0,2.0,0.050000000000000044,1.9635704793035984,1.5004825070500374,1.5436265151947737
md_cfba_dqn,803,455,70.93195855170488,78.64590958870949,26.784928523004055,44.147030133008954,1.4748807484284043,15430.057140350342,0.0,22.0,0.0,2.0,0.050000000000000044,2.0642515011131763,1.5789755061268806,1.6175866220146418
md_cfba_dqn,803,456,81.52014507353306,78.70992703385652,29.06126445531845,52.45888094604015,1.5230879168957472,16741.793865203857,0.0,24.0,0.0,1.0,0.050000000000000044,1.8788194209337234,1.4365239161998034,1.4743181355297565
md_cfba_dqn,803,457,73.87666353732348,78.88915097288789,26.88431214541197,46.992351406812666,1.4569805935025215,15494.956169128418,0.0,22.0,0.0,1.0,0.050000000000000044,2.653134435415268,2.032677683979273,2.068189110606909
md_cfba_dqn,803,458,59.71387201696634,77.86106299154461,24.508170656859875,35.20570168793201,1.4082988826557994,14500.346908569336,0.0,19.0,0.0,1.0,0.050000000000000044,2.8525036722421646,2.183842707425356,2.2288698963820934
md_cfba_dqn,803,459,90.71263052076101,78.13565403059125,31.369561202824116,59.34306922852993,1.6039436254650354,18142.11919403076,0.0,27.0,0.0,5.0,0.050000000000000044,1.8218841031193733,1.3904440496116877,1.4381336122751236
md_cfba_dqn,803,460,81.19502262920142,78.37832005754115,26.995489336550236,54.19953314363956,1.4564914591610432,15465.344171524048,0.0,25.0,0.0,3.0,0.050000000000000044,2.213080123066902,1.6919377949088812,1.737140990793705
md_cfba_dqn,803,461,80.22190922647715,78.03114896140994,27.296512342989445,52.925396823883055,1.4877013769000769,15590.840549468994,0.0,25.0,0.0,1.0,0.050000000000000044,2.168787606060505,1.6610363367944956,1.6925040483474731
md_cfba_dqn,803,462,78.21122020483017,77.85277370996775,28.66111871600151,49.55010133981705,1.522656730376184,16545.332607269287,0.0,23.0,0.0,0.0,0.050000000000000044,2.556530550122261,1.9577739592641592,1.9958550725132227
md_cfba_dqn,803,463,73.95539778620005,77.21477586433294,26.17170901596546,47.78368806242943,1.4661486446857452,15304.034801483154,0.0,21.0,0.0,2.0,0.050000000000000044,2.085570754483342,1.5948043838143349,1.6358879003673792
md_cfba_dqn,803,464,85.59799852520227,77.3716694109887,28.923067793250084,56.674930322170255,1.5723321912810206,17397.964080810547,0.0,24.0,0.0,4.0,0.050000000000000044,1.9486251268535852,1.4890903756022453,1.5317824687808752
md_cfba_dqn,803,465,75.37516155093908,77.28657015711069,27.118982657790184,48.25617900490761,1.467458170838654,16000.831338882446,0.0,23.0,0.0,2.0,0.050000000000000044,2.478952430188656,1.8982804715633392,1.935573223978281
md_cfba_dqn,803,466,86.85127546042204,77.75871169932188,29.260663829743862,57.59061182439327,1.4896342949941754,16951.4308013916,0.0,28.0,0.0,3.0,0.050000000000000044,1.8250051215291023,1.395508473739028,1.43165541626513
md_cfba_dqn,803,467,81.17491080462932,77.91189382307232,29.051634833216667,52.12327607572079,1.5060846479609609,16698.492778778076,0.0,22.0,0.0,4.0,0.050000000000000044,1.8426501601934433,1.4081259164959192,1.4484140686690807
md_cfba_dqn,803,468,78.0769623681903,78.00501880437136,26.750749357044697,51.32621298134327,1.4498630119487643,15306.561374664307,0.0,26.0,0.0,2.0,0.050000000000000044,2.0488217305392027,1.5656131003051996,1.6106954161077738
md_cfba_dqn,803,469,86.6199671253562,78.16905250512063,29.318068139255047,57.30189949274063,1.5479227611795068,16970.552047729492,0.0,26.0,0.0,2.0,0.050000000000000044,1.7002964429557323,1.2983553018420935,1.3398038037121296
md_cfba_dqn,803,470,77.69843102246523,78.211877951324,26.532977007329464,51.165454015135765,1.446178494952619,14967.413372039795,0.0,25.0,0.0,1.0,0.050000000000000044,1.6642911434173584,1.2710861209779978,1.3106833267956972
md_cfba_dqn,803,471,94.58995188325643,79.66362140774729,32.46259693056345,62.12735458016395,1.5766051653772593,18537.09093093872,0.0,28.0,0.0,4.0,0.050000000000000044,2.4115057941526175,1.8454547338187695,1.8868368230760098
md_cfba_dqn,803,472,74.2664137661457,79.81918157279492,28.104512602090836,46.1619020730257,1.5086253248155117,16159.17769241333,0.0,22.0,0.0,2.0,0.050000000000000044,1.8380536530166864,1.4038538038730621,1.4473328236490488
md_cfba_dqn,803,473,90.54491279423237,80.2695640540123,31.373097151517868,59.17181579172611,1.571314993314445,18160.98891067505,0.0,28.0,0.0,3.0,0.050000000000000044,1.9630789645016193,1.4997434969991446,1.5444514490664005
md_cfba_dqn,803,474,78.76058972775937,79.9947697287798,27.55247561633587,51.208113902807234,1.4824282620102167,16050.909523010254,0.0,24.0,0.0,1.0,0.050000000000000044,2.7778837457299232,2.128231018781662,2.165508970618248
md_cfba_dqn,803,475,65.92667160481214,79.74450538143518,24.462314158678055,41.464357662200925,1.4271108889952302,14537.381917953491,0.0,21.0,0.0,2.0,0.050000000000000044,2.3848297148942947,1.8264322578907013,1.8613246977329254
md_cfba_dqn,803,476,81.43229094147682,79.74011267483235,28.949664056301117,52.48262804746628,1.5210864124819636,16678.94044113159,0.0,24.0,0.0,1.0,0.050000000000000044,2.1503812950104475,1.6460283249616623,1.6811764668673277
md_cfba_dqn,803,477,84.01214991509914,80.24688699372113,28.062924206256866,55.94922575354576,1.5475439419969916,16646.62229537964,0.0,25.0,0.0,2.0,0.050000000000000044,1.6429632678627968,1.2561994902789593,1.2892125640064478
md_cfba_dqn,803,478,76.5624833881855,81.08931756228208,27.855760619044304,48.70672305226326,1.493114017881453,16444.573276519775,0.0,23.0,0.0,3.0,0.050000000000000044,2.1556763127446175,1.6489161029458046,1.6892006173729897
md_cfba_dqn,803,479,99.69629056751728,81.53850056461991,34.59596076607704,65.1003302782774,1.6525973696261644,19699.69805908203,0.0,29.0,0.0,1.0,0.050000000000000044,2.283227514475584,1.744444102048874,1.795944707468152
md_cfba_dqn,803,480,58.05872511267662,80.38168568879365,24.061620205640793,33.99710499644279,1.3774214461445808,13798.598388671875,0.0,17.0,0.0,1.0,0.050000000000000044,2.0367518197745085,1.5598551072180271,1.5896556191146374
md_cfba_dqn,803,481,76.05770969390869,80.17347571216524,26.638356879353523,49.4193531870842,1.4745784169062972,15645.495063781738,0.0,24.0,0.0,0.0,0.050000000000000044,2.069422209635377,1.5807389710098505,1.6289439965039492
md_cfba_dqn,803,482,70.43155253231525,79.78449232853949,24.643641769886017,45.787910524010655,1.4035090832039714,14318.437232971191,0.0,22.0,0.0,2.0,0.050000000000000044,1.8751406539231539,1.435295270755887,1.466151174157858
md_cfba_dqn,803,483,82.4720776617527,80.21032632231713,30.17503748834133,52.29704009890556,1.5376512296497822,17410.82788848877,0.0,23.0,0.0,2.0,0.050000000000000044,2.1527181286364794,1.645357608795166,1.6912015192210674
md_cfba_dqn,803,484,92.29051890969276,80.54495234154165,31.05908912420273,61.23142996430397,1.5570125943049788,17651.055072784424,0.0,29.0,0.0,1.0,0.050000000000000044,2.066511794924736,1.5807174257934093,1.6193145476281643
md_cfba_dqn,803,485,81.37589167803526,80.84498884789646,26.788603477180004,54.587288320064545,1.4549581371247768,15533.953887939453,0.0,26.0,0.0,0.0,0.050000000000000044,2.3262353390455246,1.7804749235510826,1.8192012533545494
md_cfba_dqn,803,486,93.1838609457016,81.16161812216043,32.44371946901083,60.740141335129735,1.5898366011679173,18279.879539489746,0.0,26.0,0.0,2.0,0.050000000000000044,2.7101280353963375,2.078107099980116,2.1067362520843744
md_cfba_dqn,803,487,77.96724297851324,81.00123473085463,26.92061883956194,51.04662400484085,1.4818864716216922,15590.849613189697,0.0,25.0,0.0,0.0,0.050000000000000044,2.207266353070736,1.6885952800512314,1.7289035990834236
md_cfba_dqn,803,488,89.24885016679764,81.559829120785,29.863716155290604,59.38513369858265,1.552705085836351,17118.849979400635,0.0,27.0,0.0,0.0,0.050000000000000044,1.8783584870398045,1.435922510921955,1.4747865572571754
md_cfba_dqn,803,489,73.2323898896575,80.89045025900006,27.076177693903446,46.15621253848076,1.4998042099177837,16350.641426086426,0.0,22.0,0.0,1.0,0.050000000000000044,1.53795899823308,1.1737279202789068,1.2141035422682762
md_cfba_dqn,803,490,82.00537221431732,81.10579731859266,29.491272643208504,52.5140993475914,1.5581216802820563,17137.68914413452,0.0,25.0,0.0,3.0,0.050000000000000044,2.378502206876874,1.8220821097493172,1.8547335546463728
md_cfba_dqn,803,491,86.33684735149146,80.69314209200442,28.311599045991898,58.0252479404211,1.4782443512231112,16071.9681930542,0.0,26.0,0.0,4.0,0.050000000000000044,1.9458508007228374,1.487141327932477,1.5290315262973309
md_cfba_dqn,803,492,80.3887236058712,80.9992575839907,28.340316236019135,52.04840720593929,1.5350988768041134,16675.783695220947,0.0,23.0,0.0,2.0,0.050000000000000044,2.072280816733837,1.5867624208331108,1.6183946169912815
md_cfba_dqn,803,493,70.04308287799358,79.97416608817876,27.060373954474926,42.98270919919014,1.4312669318169355,15376.795471191406,0.0,23.0,0.0,1.0,0.050000000000000044,1.6001255623996258,1.2225978448987007,1.2584257163107395
md_cfba_dqn,803,494,95.74228724241257,80.82325096391142,32.68400503695011,63.05828242897987,1.6167126623913646,18805.345783233643,0.0,29.0,0.0,2.0,0.050000000000000044,2.1155880242586136,1.619853924959898,1.6524469871073961
md_cfba_dqn,803,495,68.64012061953545,80.9589234146476,26.16977571696043,42.4703452527523,1.4521793136373162,15310.166843414307,0.0,23.0,0.0,2.0,0.050000000000000044,2.1270980779081583,1.6274552140384912,1.665476081892848
md_cfba_dqn,803,496,86.69457910954952,81.22203782305124,29.236450597643852,57.45812875032425,1.5231169294565916,16969.28263092041,0.0,28.0,0.0,1.0,0.050000000000000044,1.9975652433931828,1.529080729931593,1.5616150386631489
md_cfba_dqn,803,497,77.75895635932685,80.90937814526261,29.267767377197742,48.491188728809355,1.5240860488265753,16745.116344451904,0.0,21.0,0.0,3.0,0.050000000000000044,2.0762807056307793,1.5876182056963444,1.6288749426603317
md_cfba_dqn,803,498,74.05910357236863,80.78420915447177,27.37060035765171,46.688503289222716,1.4580049067735672,15899.190937042236,0.0,22.0,0.0,2.0,0.050000000000000044,2.3028440177440643,1.7644914537668228,1.7945085018873215
md_cfba_dqn,803,499,82.2797142714262,79.91338033966721,28.15181739628315,54.1278970092535,1.463404294103384,16031.912879943848,0.0,25.0,0.0,1.0,0.050000000000000044,1.973943404853344,1.508522380143404,1.5514033641666174
md_cfba_dqn,803,500,72.66945282518864,80.64391672529283,26.658495232462883,46.010957115888594,1.4653687439858913,15368.322368621826,0.0,22.0,0.0,2.0,0.050000000000000044,1.6337521933019161,1.2493043132126331,1.2814929112792015
md_cfba_dqn,803,501,87.10274865478277,81.19616867333652,29.96741085499525,57.13533765077591,1.548126818612218,17059.209789276123,0.0,26.0,0.0,0.0,0.050000000000000044,1.8916994649916887,1.4453417733311653,1.4878588803112507
md_cfba_dqn,803,502,61.869279035925864,80.76805499851704,24.500295974314213,37.368983113765715,1.377033093944192,13979.889179229736,0.0,19.0,0.0,1.0,0.050000000000000044,2.613156598061323,2.000364437699318,2.042640410363674
md_cfba_dqn,803,503,68.65744736790657,80.07732348382474,25.539375320076942,43.11807218194008,1.4351281076669693,14808.634628295898,0.0,21.0,0.0,0.0,0.050000000000000044,2.0260215681046247,1.5512636043131351,1.582526545971632
md_cfba_dqn,803,504,83.2302508816123,79.62431008242072,28.13634417206049,55.093906515836714,1.4827018892392516,15962.984722137451,0.0,26.0,0.0,2.0,0.050000000000000044,2.104902043938637,1.6103001702576876,1.6486728098243475
md_cfba_dqn,803,505,73.60055855065585,79.23554342605175,25.881627328693867,47.71893092393875,1.4382953038439155,14696.209423065186,0.0,24.0,0.0,2.0,0.050000000000000044,2.249643549323082,1.7241261377930641,1.751724574714899
md_cfba_dqn,803,506,92.91350075900554,79.22202541671695,31.680439054965973,61.233061897754666,1.6137552466243505,18787.92628479004,0.0,26.0,0.0,3.0,0.050000000000000044,1.8123305961489677,1.3870679941028357,1.4175419062376022
md_cfba_dqn,803,507,96.08003495782614,80.1276650156826,31.777285009622574,64.30275005996228,1.5608724979683757,18398.1626663208,0.0,28.0,0.0,2.0,0.050000000000000044,1.5802190266549587,1.2074436955153942,1.2425843477249146
md_cfba_dqn,803,508,103.00424732267857,80.81543487347663,33.49544136226177,69.50880628824234,1.616943915374577,18855.52208328247,0.0,29.0,0.0,1.0,0.050000000000000044,2.4534493796527386,1.8797451443970203,1.9123473316431046
md_cfba_dqn,803,509,66.69466311484575,80.48854853473605,25.58466135710478,41.110001906752586,1.4534660829231143,15267.295261383057,0.0,20.0,0.0,2.0,0.050000000000000044,2.439944276586175,1.8649933226406574,1.916503207758069
md_cfba_dqn,803,510,81.42742934823036,80.45965139143169,27.851647429168224,53.575782269239426,1.5262659918516874,16381.447338104248,0.0,24.0,0.0,2.0,0.050000000000000044,2.581106012687087,1.9754654299467802,2.0188018418848515
md_cfba_dqn,803,511,69.21722796559334,79.60367042213679,25.241902850568295,43.97532558441162,1.4210386192426085,14776.209953308105,0.0,22.0,0.0,0.0,0.050000000000000044,1.9394033029675484,1.4833466671407223,1.5201886631548405
md_cfba_dqn,803,512,81.08437234908342,79.6384528592974,27.48676837235689,53.59760324656963,1.5108825638890266,16185.030471801758,0.0,23.0,0.0,1.0,0.050000000000000044,2.136422784999013,1.636292677372694,1.6671003084629774
md_cfba_dqn,803,513,80.957478800416,80.18417265541852,29.81923269480467,51.13824566602707,1.4991154978051782,16718.99489212036,0.0,24.0,0.0,3.0,0.050000000000000044,2.236919144168496,1.7118993382900953,1.750065952539444
md_cfba_dqn,803,514,77.95142795294524,79.29462969094516,27.762269116938114,50.189159074425696,1.4908389430493116,16366.770515441895,0.0,23.0,0.0,3.0,0.050000000000000044,1.8257182762026787,1.3957080449908972,1.4333672989159822
md_cfba_dqn,803,515,81.79232793450356,79.95224005669357,29.30431628227234,52.4880109667778,1.4785909112542868,16329.626083374023,0.0,24.0,0.0,1.0,0.050000000000000044,2.2809075005352497,1.746024250984192,1.7829441372305155
md_cfba_dqn,803,516,84.29240026474,79.83213111445309,26.728434331715107,57.56396604478359,1.455726359039545,15423.284088134766,0.0,27.0,0.0,1.0,0.050000000000000044,2.4427328817546368,1.868861010298133,1.9129062537103891
md_cfba_dqn,803,517,93.53457188904285,80.62091189093888,30.738277211785316,62.79629420042038,1.5741927912458777,17659.650562286377,0.0,29.0,0.0,2.0,0.050000000000000044,1.7198635693639517,1.3130764961242676,1.355956807732582
md_cfba_dqn,803,518,103.56219687759877,82.09606655620038,35.3949459195137,68.16725107729435,1.6460015969350934,20118.523891448975,0.0,30.0,0.0,3.0,0.050000000000000044,2.3660094812512398,1.8128026966005564,1.8440225217491388
md_cfba_dqn,803,519,92.51606656312943,82.60788417078555,30.391496434807777,62.12456951737404,1.5975302681326866,17977.85317993164,0.0,26.0,0.0,4.0,0.050000000000000044,2.3820611089468002,1.822724923491478,1.8644540589302778
md_cfba_dqn,803,520,90.09432009607553,83.47912753432989,33.13995788246393,56.9543622136116,1.6218227688223124,19518.005519866943,0.0,25.0,0.0,0.0,0.050000000000000044,1.6387385036796331,1.2522853501141071,1.2881771195679903
md_cfba_dqn,803,521,86.16207541823387,83.43209387250246,32.631703317165375,53.53037204146385,1.5723281046375632,18777.12823486328,0.0,23.0,0.0,3.0,0.050000000000000044,2.106872521340847,1.611590437591076,1.6509402878582478
md_cfba_dqn,803,522,56.3534493625164,83.15630238883196,23.811522722244263,32.54192664027214,1.3366588819772005,13389.784355163574,0.0,18.0,0.0,2.0,0.050000000000000044,2.226171486079693,1.7041544616222382,1.7400566563010216
md_cfba_dqn,803,523,67.64291522800923,83.10557578183712,25.48559059202671,42.157324665784834,1.4112320225685835,14788.203025817871,0.0,21.0,0.0,1.0,0.050000000000000044,2.6732260957360268,2.0482555367052555,2.0832350999116898
md_cfba_dqn,803,524,73.57399865388871,82.62276317045094,26.83901184797287,46.73498637378216,1.4477630499750376,15214.714427947998,0.0,23.0,0.0,2.0,0.050000000000000044,1.8512418027967215,1.4183954205363989,1.442821266129613
md_cfba_dqn,803,525,75.28863763064146,82.70716712445021,26.580857664346695,48.707779601216316,1.4325339328497648,14754.83854675293,0.0,25.0,0.0,0.0,0.050000000000000044,2.1135984174907207,1.6185925006866455,1.650019709020853
md_cfba_dqn,803,526,68.65734003782272,81.49435908839106,24.030140958726406,44.62719865441322,1.3762165661901236,13513.135356903076,0.0,22.0,0.0,2.0,0.050000000000000044,2.3091915603727102,1.7700095567852259,1.7972732484340668
md_cfba_dqn,803,527,87.95701774954796,81.08820822797716,28.965357571840286,58.99166016280651,1.531117208302021,16576.158599853516,0.0,27.0,0.0,3.0,0.050000000000000044,2.160707961767912,1.6527034714818,1.6933482363820076
md_cfba_dqn,803,528,72.3476066365838,79.55537619367242,27.765032447874546,44.58257454633713,1.491776223294437,16040.065166473389,0.0,21.0,0.0,1.0,0.050000000000000044,2.4740974381566048,1.8953211512416601,1.9292541444301605
md_cfba_dqn,803,529,82.96099684536458,80.36869288019835,28.050349310040474,54.910647803545,1.5084251966327429,16221.007972717285,0.0,25.0,0.0,1.0,0.050000000000000044,2.4568374678492546,1.8819220922887325,1.9163844734430313
md_cfba_dqn,803,530,71.93813539445401,79.89422818250955,27.455710366368294,44.482424998283385,1.4652960393577814,15630.529903411865,0.0,23.0,0.0,1.0,0.050000000000000044,2.101386606693268,1.6110189836472273,1.6345586255192757
md_cfba_dqn,803,531,79.44163467735052,80.40544851809742,27.64663264900446,51.79500167071819,1.4760236339643598,16306.39863204956,0.0,25.0,0.0,0.0,0.050000000000000044,2.0469236336648464,1.566609464585781,1.6010471601039171
md_cfba_dqn,803,532,82.52586936950684,80.47752336911859,27.418182983994484,55.107686549425125,1.5058599468320608,16057.35778427124,0.0,25.0,0.0,0.0,0.050000000000000044,1.8274333700537682,1.394809514284134,1.4420793429017067
md_cfba_dqn,803,533,96.53704176843166,81.25650151751935,31.55318956077099,64.98385237157345,1.5596663560718298,17949.361408233643,0.0,31.0,0.0,2.0,0.050000000000000044,1.9064810313284397,1.4570955913513899,1.4979514479637146
md_cfba_dqn,803,534,78.83878781795502,81.30086951076984,26.680279567837715,52.15850895047188,1.4612154699862003,15052.507827758789,0.0,26.0,0.0,1.0,0.050000000000000044,1.9300584141165018,1.4763307627290487,1.5124255008995533
md_cfba_dqn,803,535,92.40232718884945,81.83136947348714,32.976554811000824,59.42577173709869,1.5794312432408333,18169.203090667725,0.0,27.0,0.0,1.0,0.050000000000000044,2.401688961312175,1.8356227707117796,1.8868872411549091
md_cfba_dqn,803,536,75.27511705458164,81.38050531297924,28.01467625796795,47.26044075191021,1.4489937461912632,16646.78292274475,0.0,24.0,0.0,0.0,0.050000000000000044,1.8550304397940636,1.4182114657014608,1.456063250079751
md_cfba_dqn,803,537,80.56052643209696,80.73180304013195,28.040869392454624,52.519657054543494,1.5259126788005233,16489.790111541748,0.0,24.0,0.0,2.0,0.050000000000000044,2.1223036739975214,1.6239088848233223,1.6613158620893955
md_cfba_dqn,803,538,96.23586509525776,80.36548645101489,32.82823100686073,63.40763413310051,1.6104416390880942,18564.699962615967,0.0,28.0,0.0,1.0,0.050000000000000044,2.503855912014842,1.917382676154375,1.9549108110368252
md_cfba_dqn,803,539,83.79500339478254,79.92943329259754,27.685023702681065,56.10997909605503,1.4659914802759886,15900.342781066895,0.0,26.0,0.0,2.0,0.050000000000000044,1.8619243875145912,1.4226994328200817,1.46408312022686
md_cfba_dqn,803,540,69.1633631169796,78.88288544364273,25.912328653037548,43.25103462040424,1.4327687872573733,14904.52363204956,0.0,20.0,0.0,3.0,0.050000000000000044,2.4597266372293234,1.8834720700979233,1.920848423615098
md_cfba_dqn,803,541,80.90046268701553,78.61980480708182,26.85955485701561,54.04090769588947,1.4729586634784937,15754.69338607788,0.0,26.0,0.0,1.0,0.050000000000000044,1.9655286651104689,1.5062390733510256,1.530965244397521
md_cfba_dqn,803,542,94.70307918637991,80.53728629827499,30.627814136445522,64.07526484131813,1.5669440440833569,17808.23321533203,0.0,27.0,0.0,1.0,0.050000000000000044,2.185094840824604,1.6729889810085297,1.7070195376873016
md_cfba_dqn,803,543,79.73232794106006,81.14175693392754,28.06326002627611,51.66906762421131,1.4825953617691994,15715.547882080078,0.0,24.0,0.0,2.0,0.050000000000000044,1.8181340787559748,1.391054568812251,1.423598363995552
md_cfba_dqn,803,544,79.6950907200575,81.44781153723598,29.00492012500763,50.6901703864336,1.556775540113449,17173.753520965576,0.0,25.0,0.0,2.0,0.050000000000000044,2.4994176160544157,1.9133129883557558,1.9536820705980062
md_cfba_dqn,803,545,51.44487655162811,80.25562348328532,23.5800162255764,27.864860504865646,1.3818844109773636,14082.284860610962,0.0,15.0,0.0,0.0,0.050000000000000044,2.377110978588462,1.8199307788163424,1.8572672419250011
md_cfba_dqn,803,546,88.5902156829834,81.25226726554334,29.258562453091145,59.33165265619755,1.554288687184453,17114.827196121216,0.0,27.0,0.0,0.0,0.050000000000000044,2.393217585980892,1.832922413945198,1.867650505155325
md_cfba_dqn,803,547,65.5575176179409,80.132292258963,24.03805186599493,41.51946559548378,1.3749704705551267,13848.299861907959,0.0,21.0,0.0,0.0,0.050000000000000044,2.0330542363226414,1.5546750612556934,1.5945972725749016
md_cfba_dqn,803,548,68.8852377474308,79.95917381450535,27.60147486627102,41.28376295566559,1.4912144094705582,16157.441841125488,0.0,21.0,0.0,1.0,0.050000000000000044,2.2266223318874836,1.7036261949688196,1.7433203756809235
md_cfba_dqn,803,549,86.0917844325304,80.11571319386364,28.878262221813202,57.21352306008339,1.5286902552470565,17051.040184020996,0.0,25.0,0.0,1.0,0.050000000000000044,2.39840267598629,1.8339199181646109,1.8816091120243073
md_cfba_dqn,803,550,86.37651422768832,80.83763213552535,29.544536367058754,56.83197736144066,1.5075318478047848,16609.914276123047,0.0,26.0,0.0,2.0,0.050000000000000044,2.445188492536545,1.872116807848215,1.9102388732135296
md_cfba_dqn,803,551,83.70470664650202,81.05078573398293,31.315495304763317,52.38921198248863,1.573549716733396,18109.932361602783,0.0,23.0,0.0,0.0,0.050000000000000044,2.136677358299494,1.6351026259362698,1.6719157472252846
md_cfba_dqn,803,552,91.05128878504038,81.4770567047596,31.04666092246771,60.00462801158428,1.598953077569604,18473.729907989502,0.0,29.0,0.0,3.0,0.050000000000000044,1.9445731453597546,1.4885635394603014,1.5200319830328226
md_cfba_dqn,803,553,79.7505949690938,80.63773436479272,26.64273701608181,53.10785814672708,1.4545143572613597,15217.569673538208,0.0,24.0,0.0,2.0,0.050000000000000044,2.4120559096336365,1.845209527760744,1.8894879296422005
md_cfba_dqn,803,554,59.31638579815626,79.66161426380278,23.57999772578478,35.73638828098774,1.3753205453976989,13574.553192138672,0.0,19.0,0.0,1.0,0.050000000000000044,2.0634897723793983,1.5802968116477132,1.6106430646032095
md_cfba_dqn,803,555,74.46173214167356,78.76458451144399,28.08233280479908,46.379399836063385,1.5017888760194182,16775.64942741394,0.0,22.0,0.0,3.0,0.050000000000000044,1.9399783127009869,1.483058474957943,1.5230660736560822
md_cfba_dqn,803,556,76.53803030401468,78.82773017391563,30.23086842894554,46.3071621209383,1.509174863807857,17201.00433731079,0.0,21.0,0.0,2.0,0.050000000000000044,1.959561388939619,1.4978048764169216,1.5391883291304111
md_cfba_dqn,803,557,82.23682543635368,78.91154512412848,29.158048182725906,53.07877689599991,1.5258703967556357,16579.69411468506,0.0,24.0,0.0,1.0,0.050000000000000044,1.8337396383285522,1.400200049392879,1.4451318811625242
md_cfba_dqn,803,558,76.32803747802973,77.91615374326707,28.310512088239193,48.017524898052216,1.4819245282560587,16207.668397903442,0.0,21.0,0.0,0.0,0.050000000000000044,2.3851006850600243,1.8240645108744502,1.8701204843819141
md_cfba_dqn,803,559,84.98411985039711,77.97560956604778,29.687737479805946,55.29638214707374,1.4991513174027205,16646.697792053223,0.0,26.0,0.0,2.0,0.050000000000000044,2.0902207233011723,1.5983189651742578,1.6396723985671997
md_cfba_dqn,803,560,90.53236272335053,79.04405954636634,31.94883394241333,58.583528393507,1.5962974885478616,18415.2926902771,0.0,26.0,0.0,1.0,0.050000000000000044,1.5867101196199656,1.2128514591604471,1.2461954727768898
md_cfba_dqn,803,561,93.02972343116998,79.65052258357406,29.070565558969975,63.95915776789188,1.5423825327306986,17390.556324005127,0.0,27.0,0.0,2.0,0.050000000000000044,1.6898597106337547,1.2913731466978788,1.3282885178923607
md_cfba_dqn,803,562,84.13884588629007,79.12231091856957,28.347822561860085,55.79102352559566,1.5166817577555776,16291.167678833008,0.0,25.0,0.0,2.0,0.050000000000000044,2.1569512020796537,1.6509149614721537,1.6867874823510647
md_cfba_dqn,803,563,78.88094593584538,79.07974181830883,26.736720994114876,52.144224882125854,1.4579777382314205,15324.796592712402,0.0,25.0,0.0,1.0,0.050000000000000044,2.208460757508874,1.688259705901146,1.734003346413374
md_cfba_dqn,803,564,80.34054651856422,79.11201460823416,26.621138885617256,53.719407856464386,1.4493422731757164,15051.276554107666,0.0,26.0,0.0,0.0,0.050000000000000044,2.242760606110096,1.7164386734366417,1.75440645031631
md_cfba_dqn,803,565,91.99272715449334,81.13940713837744,32.052856996655464,59.93987017273903,1.6197166731581092,18628.634572982788,0.0,28.0,0.0,3.0,0.050000000000000044,2.10636817663908,1.6131624914705753,1.6440188772976398
md_cfba_dqn,803,566,80.33511392176152,80.72665205031635,30.204121246933937,50.13099285364151,1.5433828365057707,17638.4446144104,0.0,22.0,0.0,1.0,0.050000000000000044,2.4334088563919067,1.8641934394836426,1.8973846547305584
md_cfba_dqn,803,567,73.64136666953564,81.1308445028961,28.76625806093216,44.87510875761509,1.51267003826797,16674.09760284424,0.0,21.0,0.0,2.0,0.050000000000000044,2.191115867346525,1.6796009540557861,1.7050496246665716
md_cfba_dqn,803,568,62.344093546271324,80.80378729283811,25.33208728581667,37.01200658082962,1.3896305849775672,14383.056510925293,0.0,19.0,0.0,0.0,0.050000000000000044,2.359258659183979,1.8070760201662779,1.8406087718904018
md_cfba_dqn,803,569,83.03189975321293,80.65079305887224,29.362002730369568,53.66989706754684,1.5036194901913404,16743.653343200684,0.0,24.0,0.0,2.0,0.050000000000000044,2.5891083627939224,1.983482126146555,2.018753945827484
md_cfba_dqn,803,570,82.75790829211473,80.46986276209354,29.410267554223537,53.34764099121094,1.5153430737555027,16919.239406585693,0.0,23.0,0.0,1.0,0.050000000000000044,2.1494135633111,1.6463704984635115,1.6768102012574673
md_cfba_dqn,803,571,77.35234951525926,80.1522449055314,28.61111579090357,48.74123369455337,1.481439283117652,16220.440200805664,0.0,24.0,0.0,3.0,0.050000000000000044,1.9879280850291252,1.5186805352568626,1.5641585066914558
md_cfba_dqn,803,572,71.3066915422678,79.16501504339278,25.62210412323475,45.684587478637695,1.4274448901414871,14615.698234558105,0.0,23.0,0.0,1.0,0.050000000000000044,1.4718692190945148,1.1224755384027958,1.1646455470472574
md_cfba_dqn,803,573,82.25548432171345,79.29025951102378,28.340535804629326,53.914948576688765,1.4994114246219397,16177.488594055176,0.0,24.0,0.0,1.0,0.050000000000000044,2.2997772991657257,1.760012686252594,1.7992151975631714
md_cfba_dqn,803,574,82.81635621488094,80.46525803185999,28.858189694583416,53.95816673636436,1.5249850125983357,16636.993602752686,0.0,24.0,0.0,3.0,0.050000000000000044,2.413512200117111,1.851974230259657,1.8717931285500526
md_cfba_dqn,803,575,84.52493844181299,80.96841834686697,29.74710527807474,54.777833461761475,1.5527348257601261,17480.061771392822,0.0,24.0,0.0,0.0,0.050000000000000044,2.0011483673006296,1.5314163509756327,1.565773257985711
md_cfba_dqn,803,576,64.6676185593009,80.3748977596313,26.941206224262714,37.72641226053238,1.4687542896717787,15540.053031921387,0.0,18.0,0.0,2.0,0.050000000000000044,2.5571069084107876,1.9585207272320986,1.9952871464192867
md_cfba_dqn,803,577,82.42296506613494,80.38420474112034,29.69109445810318,52.73187034726143,1.521646924316883,16887.333812713623,0.0,24.0,0.0,1.0,0.050000000000000044,2.2646806742995977,1.7344947569072247,1.7672863323241472
md_cfba_dqn,803,578,89.09224081933499,81.02241490818561,29.74008136987686,59.3521596878767,1.5852898638695478,17719.246154785156,0.0,27.0,0.0,2.0,0.050000000000000044,2.287324972450733,1.75258475728333,1.7824673391878605
md_cfba_dqn,803,579,74.57743519693614,80.50208067551257,25.966459445655346,48.61097618341446,1.435571606270969,14955.709232330322,0.0,22.0,0.0,1.0,0.050000000000000044,2.2225875332951546,1.701156074181199,1.7381049524992704
md_cfba_dqn,803,580,103.64300041794777,81.15761256024243,31.977630749344826,71.66536893844605,1.5786487646400928,18411.759143829346,0.0,31.0,0.0,1.0,0.050000000000000044,1.942327555269003,1.4871578738093376,1.5172321498394012
md_cfba_dqn,803,581,93.2396367073059,81.16810822404923,29.182319566607475,64.0573175728321,1.5392859978601336,16986.381660461426,0.0,29.0,0.0,3.0,0.050000000000000044,2.020145943388343,1.5464925561100245,1.578844502568245
md_cfba_dqn,803,582,62.6791129052639,80.09512157499792,25.37275628745556,37.306357049942015,1.4241743134334683,14903.611228942871,0.0,20.0,0.0,1.0,0.050000000000000044,2.2080545984208584,1.6883031241595745,1.7325049061328173
md_cfba_dqn,803,583,75.29902082830668,79.91602531962099,28.211976669728756,47.08704390525818,1.4900041241198778,16499.008811950684,0.0,23.0,0.0,2.0,0.050000000000000044,2.3275164626538754,1.7842738199979067,1.8108086716383696
md_cfba_dqn,803,584,66.0610168516636,79.20204883627595,25.113802820444107,40.9472142547369,1.399997585453093,14382.501235961914,0.0,22.0,0.0,2.0,0.050000000000000044,2.1573734544217587,1.6511716544628143,1.6873393189162016
md_cfba_dqn,803,585,66.44875284284353,77.92485012069346,24.336857698857784,42.111894965171814,1.4590310901403427,15031.444145202637,0.0,22.0,0.0,1.0,0.050000000000000044,2.248952155932784,1.7211324088275433,1.7593989931046963
md_cfba_dqn,803,586,82.48915813863277,78.03255233153702,28.29218265414238,54.196975871920586,1.4972255816683173,16671.81784248352,0.0,25.0,0.0,1.0,0.050000000000000044,2.238834924995899,1.7167434133589268,1.7403049990534782
md_cfba_dqn,803,587,70.88980619609356,77.89497430786491,25.68466115742922,45.20514488220215,1.4304745690897107,14555.49923324585,0.0,23.0,0.0,0.0,0.050000000000000044,2.710908791050315,2.0766410306096077,2.114225823432207
md_cfba_dqn,803,588,60.14614211022854,77.78507673606278,24.508754268288612,35.63738775253296,1.3926639594137669,14207.580379486084,0.0,19.0,0.0,0.0,0.050000000000000044,2.038959253579378,1.559618927538395,1.597800999879837
md_cfba_dqn,803,589,77.44391218721867,77.50567735776306,28.138924062252045,49.30498834848404,1.501468425616622,16246.190635681152,0.0,23.0,0.0,1.0,0.050000000000000044,2.0725012309849262,1.5874406397342682,1.616868445649743
md_cfba_dqn,803,590,78.23467161655427,77.27951552398504,27.204177901148796,51.03049417734146,1.4765184307470918,15415.063488006592,0.0,24.0,0.0,1.0,0.050000000000000044,2.5275459103286266,1.9368910677731037,1.9688494205474854
md_cfba_dqn,803,591,88.2892093360424,77.8263585150242,29.090253993868828,59.19895575940609,1.5358015596866608,16932.831420898438,0.0,28.0,0.0,3.0,0.050000000000000044,2.3183535300195217,1.7749203741550446,1.8114437516778708
md_cfba_dqn,803,592,97.68219693005085,79.14513378441335,32.84313401579857,64.83906331658363,1.6205738931894302,19286.808570861816,0.0,27.0,0.0,1.0,0.050000000000000044,2.435132931917906,1.8670687042176723,1.8935474716126919
md_cfba_dqn,803,593,76.8240760087967,78.87356336876752,27.54182370007038,49.282252189517024,1.44085971172899,15678.74861907959,0.0,23.0,0.0,3.0,0.050000000000000044,2.18234895914793,1.671822290867567,1.7017554864287376
md_cfba_dqn,803,594,93.76051454991102,79.42077128551901,30.316293321549892,63.44422090053558,1.569692850112915,17860.969926834106,0.0,28.0,0.0,2.0,0.050000000000000044,1.9695130046457052,1.5066317729651928,1.542937196791172
md_cfba_dqn,803,595,94.87016234695912,79.93803248077633,32.120725229382515,62.74943726658821,1.606959800235927,18477.020797729492,0.0,29.0,0.0,4.0,0.050000000000000044,1.7918570451438427,1.3709683194756508,1.4029622580856085
md_cfba_dqn,803,596,89.41282454282046,81.1752927799523,30.56018501520157,58.85263883471489,1.5649613356217742,17594.66668701172,0.0,26.0,0.0,2.0,0.050000000000000044,2.727713882923126,2.0902943946421146,2.124731659889221
md_cfba_dqn,803,597,74.52315978109837,80.78030251570048,28.74265667796135,45.78050340116024,1.493058898486197,16913.662231445312,0.0,22.0,0.0,4.0,0.050000000000000044,2.0326653625816107,1.5563161112368107,1.5878308024257421
md_cfba_dqn,803,598,79.08336000144482,80.27985847480596,28.88161465525627,50.201744958758354,1.5078501226380467,16694.8353805542,0.0,24.0,0.0,0.0,0.050000000000000044,2.2013019006699324,1.6865216307342052,1.715934133157134
md_cfba_dqn,803,599,83.14932408928871,80.70845291942359,27.103760287165642,56.04556369781494,1.468467521481216,15542.46746635437,0.0,26.0,0.0,2.0,0.050000000000000044,2.0490835271775723,1.56742387637496,1.6055320594459772
