variant,model_seed,episode,cost,rolling_cost,immediate_cost,penalty,energy_use,latency_ms,thermal_violation,energy_violation,queue_violation,contact_violation,epsilon,loss,td_loss,auxiliary_loss
md_cfba_dqn,802,0,117.51771372198749,117.51771372198749,35.83170376718044,81.68600983559776,1.7264740923419595,21663.689514160156,0.0,32.0,7.0,2.0,0.9954761904761905,,,
md_cfba_dqn,802,1,217.26381774633722,167.39076573416236,46.59637212753296,170.66744561880427,1.965910098515451,27926.671543121338,0.0,37.0,38.0,2.0,0.9909523809523809,2.806910514831543,2.158392906188965,2.1617255210876465
md_cfba_dqn,802,2,167.96579406192458,167.58244184341643,44.84817211329937,123.11762145688688,1.9080088920891285,26724.202533721924,0.0,33.0,25.0,1.0,0.9864285714285714,2.475204512476921,1.9062288701534271,1.8965854495763779
md_cfba_dqn,802,3,193.76653278493433,174.1284645787959,44.22948843240738,149.5370440992072,1.970203097909689,27492.551063537598,0.0,34.0,23.0,2.0,0.981904761904762,2.4703733772039413,1.9019235149025917,1.8948328420519829
md_cfba_dqn,802,4,105.0955648869276,160.32188464042224,34.67276065796614,70.42280392348766,1.6484686452895403,20800.173027038574,0.0,31.0,0.0,0.0,0.9773809523809524,2.195540852844715,1.6924898847937584,1.6768365129828453
md_cfba_dqn,802,5,121.25159154217462,153.81016912404763,45.118638068437576,76.1329526839755,1.876912558451295,26471.745491027832,0.0,32.0,2.0,1.0,0.9728571428571429,1.784850388765335,1.375730849802494,1.3637317270040512
md_cfba_dqn,802,6,125.94938571540882,149.8300572085278,37.64173646271229,88.30764874605707,1.76628362480551,22804.630645751953,0.0,33.0,10.0,0.0,0.9683333333333334,1.5259905308485031,1.1718853563070297,1.180350549519062
md_cfba_dqn,802,7,108.72086971521378,144.69140877186356,41.84923408180475,66.87163504481316,1.8256328478455544,25060.586265563965,0.0,30.0,1.0,0.0,0.9638095238095238,1.4710040390491486,1.1301933862268925,1.1360353864729404
md_cfba_dqn,802,8,119.83233803915347,141.92928980156245,37.64503549039364,82.187301729196,1.7563052959740162,22893.633617401123,0.0,33.0,8.0,0.0,0.9592857142857143,1.4680882543325424,1.1293603293597698,1.1290930435061455
md_cfba_dqn,802,9,122.356859408319,139.9720467622381,42.490374974906445,79.86648543179035,1.7772317240014672,24609.068981170654,0.0,33.0,0.0,0.0,0.9547619047619048,1.1066448725759983,0.8473462760448456,0.8643286190927029
md_cfba_dqn,802,10,103.09040859341621,136.61917056507247,37.06218063831329,66.02822786569595,1.7078590150922537,22158.42297744751,0.0,27.0,0.0,1.0,0.9502380952380952,0.9165854379534721,0.7026654928922653,0.713066466152668
md_cfba_dqn,802,11,107.60138615352062,134.20102186410983,36.223332569003105,71.37805383783726,1.7489724084734917,22491.074993133545,0.0,31.0,1.0,1.0,0.9457142857142857,0.6535802334547043,0.4999873172491789,0.5119763612747192
md_cfba_dqn,802,12,152.51493122881567,135.60978412293335,39.72238165140152,112.79254965191998,1.9144757073372602,25089.462036132812,0.0,34.0,25.0,2.0,0.9411904761904761,0.5092103369534016,0.38819191232323647,0.4033947270363569
md_cfba_dqn,802,13,146.87152745727062,136.4141943611003,38.989351227879524,107.88217594626903,1.8467323603108525,24342.10313796997,0.0,34.0,16.0,0.0,0.9366666666666666,0.42565043829381466,0.3243729453533888,0.33759161829948425
md_cfba_dqn,802,14,125.9621618628502,135.71739219455029,46.10702668130398,79.85513463020325,1.8166704820469022,26217.81187438965,0.0,34.0,0.0,1.0,0.9321428571428572,0.38646095246076584,0.29458062164485455,0.30626776441931725
md_cfba_dqn,802,15,179.23250852351572,138.4370869651106,45.08443607389927,134.1480725092211,1.9753298768773675,27391.112258911133,0.0,36.0,23.0,2.0,0.9276190476190476,0.821482552215457,0.6295272558927536,0.6398509740829468
md_cfba_dqn,802,16,91.93978706002235,135.70195167657602,35.55360732227564,56.38617965579033,1.6424786588177085,21473.353576660156,0.0,26.0,0.0,0.0,0.9230952380952381,0.8945367708802223,0.68764828145504,0.689628254622221
md_cfba_dqn,802,17,108.56077241301537,134.19410838415598,35.198452070355415,73.36232035756112,1.6501768361777067,20470.34893798828,0.0,32.0,0.0,1.0,0.9185714285714286,0.5558797642588615,0.42830661684274673,0.4252438023686409
md_cfba_dqn,802,18,124.10319322788663,133.66300758645758,40.89127776026726,83.21191566133447,1.836080969311297,24762.778076171875,0.0,33.0,13.0,0.0,0.914047619047619,0.4362035933881998,0.33450176008045673,0.33900608494877815
md_cfba_dqn,802,19,117.55434650331736,132.8575745323006,41.66435354202986,75.88999287188054,1.763041090220213,24277.393104553223,0.0,32.0,0.0,1.0,0.9095238095238095,0.4068022854626179,0.3122588265687227,0.3151448555290699
md_cfba_dqn,802,20,180.9682489229242,136.03010129234744,45.039379477500916,135.92886944542332,2.0370727330446243,28374.715307235718,0.0,33.0,25.0,0.0,0.905,0.36286248452961445,0.277370841242373,0.2849721284583211
md_cfba_dqn,802,21,124.53111875206231,131.39346634263367,42.94839335232973,81.58272498250007,1.8206549659371376,25020.56784439087,0.0,33.0,1.0,2.0,0.9004761904761904,0.3740331493318081,0.2881908332929015,0.2861410537734628
md_cfba_dqn,802,22,156.46036237881822,130.81819475847837,46.34791315346956,110.11244932220622,1.9068127209320664,27508.49813079834,0.0,35.0,21.0,0.0,0.895952380952381,0.31596234906464815,0.24198519345372915,0.2465905100107193
md_cfba_dqn,802,23,127.91927152342039,127.52583169540267,39.76470889151096,88.15456324285704,1.7580940062180161,23623.49568939209,0.0,35.0,10.0,0.0,0.8914285714285715,0.8144577033817768,0.6288006035611033,0.6188569944351912
md_cfba_dqn,802,24,107.1320740878582,127.6276571554492,36.71078571677208,70.42128771543503,1.6660829931497574,21126.684883117676,0.0,31.0,0.0,0.0,0.8869047619047619,0.812462056055665,0.6247719675302505,0.6256336327642202
md_cfba_dqn,802,25,124.01260554790497,127.76570785573571,42.85197673738003,81.16062879562378,1.811284651979804,24420.311630249023,0.0,35.0,0.0,0.0,0.8823809523809524,0.5555242318660021,0.4276059176772833,0.42639436572790146
md_cfba_dqn,802,26,191.7076478918422,131.05362096455735,42.713393434882164,148.9942545314658,2.033428686670959,27160.051361083984,0.0,37.0,19.0,2.0,0.8778571428571429,0.474606579169631,0.3636364107951522,0.3699005553498864
md_cfba_dqn,802,27,109.23358296006919,131.07925662680015,38.3716699257493,70.86191301941872,1.650314787402749,21452.787929534912,0.0,31.0,0.0,2.0,0.8733333333333333,0.46881473809480667,0.3585449792444706,0.3675658516585827
md_cfba_dqn,802,28,111.92491689324379,130.68388556950464,39.733144856989384,72.19177186489105,1.722038770094514,23085.15126800537,0.0,31.0,0.0,0.0,0.8688095238095238,0.4111578781157732,0.3159267157316208,0.31743719056248665
md_cfba_dqn,802,29,119.32729865923562,130.53240753205048,38.252938866615295,81.07435968831217,1.7253774711862206,22472.013801574707,0.0,33.0,9.0,1.0,0.8642857142857143,0.37184829637408257,0.2822826383635402,0.29855218436568975
md_cfba_dqn,802,30,108.61542554199696,130.8086583794795,41.298360511660576,67.3170652538538,1.7665507262572646,24000.611419677734,0.0,30.0,0.0,2.0,0.8597619047619047,0.46933830715715885,0.3596573108807206,0.36560330633074045
md_cfba_dqn,802,31,102.79353977739811,130.56826606067338,36.48204530030489,66.31149519979954,1.6740611903369427,21475.038661956787,0.0,32.0,0.0,0.0,0.8552380952380952,0.9961157664656639,0.7646376071497798,0.7715938435867429
md_cfba_dqn,802,32,104.4579326748848,128.16541613297684,36.27799768000841,68.17993442118168,1.6585221467539668,21489.423652648926,0.0,31.0,0.0,2.0,0.8507142857142858,0.7244968190789223,0.5570642575621605,0.5581085439771414
md_cfba_dqn,802,33,119.10852200347807,126.77726586028723,41.16729597002268,77.94122621226933,1.8272292958572507,24925.67068862915,0.0,32.0,5.0,1.0,0.8461904761904762,0.5577095318585634,0.42942216247320175,0.42762454971671104
md_cfba_dqn,802,34,143.64758868381762,127.66153720133559,40.93646202236414,102.71112657204655,1.8752613924443722,24949.92126083374,0.0,33.0,23.0,1.0,0.8416666666666667,0.5711960457265377,0.43913912307471037,0.4401897192001343
md_cfba_dqn,802,35,112.77308144569398,124.33856584744451,40.67338950932026,72.09969236850739,1.7602069983258843,23686.387077331543,0.0,31.0,0.0,1.0,0.8371428571428572,0.4661477394402027,0.35670115798711777,0.36482191178947687
md_cfba_dqn,802,36,85.862818852067,124.03471743704674,31.514020457863808,54.34879878163338,1.5748021434992552,18914.55418395996,0.0,25.0,0.0,1.0,0.8326190476190476,0.5720279421657324,0.43971009366214275,0.4410594627261162
md_cfba_dqn,802,37,123.0300343809533,124.75818053544364,39.075414188206196,83.95462055782554,1.8240112476050854,23365.498485565186,0.0,33.0,5.0,3.0,0.8280952380952381,0.48082454316318035,0.3681029975414276,0.3757384791970253
md_cfba_dqn,802,38,90.80249147862196,123.09314544798042,32.6143494322896,58.18814241886139,1.6143821496516466,19768.92373275757,0.0,24.0,0.0,1.0,0.8235714285714286,0.4718820918351412,0.36128227040171623,0.3686660509556532
md_cfba_dqn,802,39,111.24014295637608,122.77743527063335,40.986351653933525,70.25379066169262,1.7649085614830256,23792.922397613525,0.0,29.0,0.0,2.0,0.819047619047619,1.0234513990581036,0.7862705402076244,0.7906027920544147
md_cfba_dqn,802,40,110.99634847044945,119.2788402480096,39.48220279812813,71.51414576172829,1.7031175810843706,22792.273544311523,0.0,31.0,0.0,0.0,0.8145238095238095,0.7499564252793789,0.5783205386251211,0.5721196141093969
md_cfba_dqn,802,41,104.1716378107667,118.26086620094483,37.64987548440695,66.52176241576672,1.6788570834323764,21476.25159263611,0.0,31.0,0.0,0.0,0.81,0.6532386150211096,0.49904500413686037,0.5139786787331104
md_cfba_dqn,802,42,125.68159951269627,116.72192805763873,42.10799764096737,83.57360181212425,1.8123982138931751,24156.206882476807,0.0,34.0,0.0,1.0,0.8054761904761905,0.6585605815052986,0.5057348441332579,0.5094190705567598
md_cfba_dqn,802,43,99.19759101569653,115.28584403225254,38.72612030804157,60.47147116959095,1.646531380712986,21771.67953491211,0.0,26.0,0.0,1.0,0.800952380952381,0.5915181264281273,0.45290160458534956,0.46205505169928074
md_cfba_dqn,802,44,101.3518635481596,114.99683350526762,35.60108186304569,65.75078120827675,1.6219040732830763,20509.210454940796,0.0,29.0,0.0,1.0,0.7964285714285715,0.5489463116973639,0.4216294577345252,0.4243894936516881
md_cfba_dqn,802,45,123.63220822893695,114.97781363931922,45.20390732586384,78.42830020271853,1.8643322922289371,26006.605964660645,0.0,32.0,1.0,2.0,0.7919047619047619,0.5414882153272629,0.4152301028370857,0.42086032778024673
md_cfba_dqn,802,46,107.89279095232487,110.78707079234334,37.91173855960369,69.98105191588402,1.7054446386173368,22282.14616394043,0.0,30.0,0.0,2.0,0.7873809523809524,0.7636328265070915,0.5874916007742286,0.5871374038979411
md_cfba_dqn,802,47,102.49342723190784,110.45006300593528,36.51464864611626,65.97877886891365,1.6286061378195882,20700.00220489502,0.0,30.0,0.0,0.0,0.7828571428571429,0.8918956480920315,0.6847544368356466,0.6904706936329603
md_cfba_dqn,802,48,109.92226400226355,110.34993036138626,36.814315877854824,73.10794818401337,1.761430804617703,22234.566635131836,0.0,29.0,0.0,2.0,0.7783333333333333,0.7709762919694185,0.5927700754255056,0.5940206814557314
md_cfba_dqn,802,49,113.90166418999434,110.0786486379242,37.94584735482931,75.95581781864166,1.7738873409107327,22842.969482421875,0.0,31.0,0.0,2.0,0.7738095238095238,0.7037755623459816,0.5385818462818861,0.550645699724555
md_cfba_dqn,802,50,112.42613806575537,110.26918426411211,42.64774001389742,69.77839890122414,1.7648414326831698,24411.350021362305,0.0,30.0,0.0,0.0,0.7692857142857144,0.6563485469669104,0.5001391153782606,0.5206980369985104
md_cfba_dqn,802,51,116.71112249791622,110.96506340013802,39.48429434001446,77.22682863473892,1.8008740739896894,23894.776584625244,0.0,32.0,0.0,1.0,0.7647619047619048,0.5371479373425245,0.41140772867947817,0.4191339937970042
md_cfba_dqn,802,52,113.34223991632462,111.40927876221001,38.279761619865894,75.06247852742672,1.6881123688071966,21969.946964263916,0.0,33.0,0.0,1.0,0.7602380952380953,0.6086221169680357,0.4643329381942749,0.48096392303705215
md_cfba_dqn,802,53,114.38089106955107,111.17289721551367,37.45224969089031,76.9286404398876,1.7984696719795465,22807.394077301025,0.0,32.0,1.0,1.0,0.7557142857142858,0.5902321971952915,0.4515994247049093,0.4621092230081558
md_cfba_dqn,802,54,104.72225032150746,109.22663029739815,35.00545212626457,69.7167981505394,1.679534513503313,20427.42404937744,0.0,30.0,0.0,1.0,0.7511904761904762,0.9268991500139236,0.7102982252836227,0.7220030445605516
md_cfba_dqn,802,55,101.27431054413319,108.65169175232013,38.72276218235493,62.55154824256897,1.652752809226513,21962.105312347412,0.0,26.0,0.0,0.0,0.7466666666666667,0.8424221351742744,0.6473535373806953,0.6502286177128553
md_cfba_dqn,802,56,90.55949092805386,108.88652535611948,34.37115974724293,56.18833173215389,1.5796125447377563,19748.04651260376,0.0,25.0,0.0,1.0,0.7421428571428572,0.7029715850949287,0.5358644397929311,0.5570238083600998
md_cfba_dqn,802,57,100.08010249584913,107.73902876186426,35.14357667416334,64.93652620911598,1.6422457657754421,20178.321605682373,0.0,29.0,0.0,0.0,0.7376190476190476,0.830253217369318,0.6361759286373854,0.6469242461025715
md_cfba_dqn,802,58,113.27129214406014,108.86246879513617,36.5257812589407,76.74551070630551,1.7149106208235025,21336.383666992188,0.0,32.0,0.0,1.0,0.7330952380952381,0.6300525274127722,0.4806955736130476,0.4978564716875553
md_cfba_dqn,802,59,121.08319653570652,109.35462147410269,36.91805803775787,84.165137976408,1.7378257252275944,22069.5094871521,0.0,36.0,0.0,0.0,0.7285714285714286,0.7853354252874851,0.6015130393207073,0.6127412300556898
md_cfba_dqn,802,60,146.3488225833059,111.1222451797455,42.473949670791626,103.87487268899683,1.9598911423236132,25992.474487304688,0.0,35.0,14.0,1.0,0.724047619047619,0.6451858058571815,0.4927111426368356,0.50824885815382
md_cfba_dqn,802,61,110.78785938769579,111.45305625859196,37.07850358635187,73.70935553312302,1.700178349390626,21365.29150390625,0.0,31.0,0.0,1.0,0.7195238095238095,0.7833486646413803,0.5982257649302483,0.6170763280242682
md_cfba_dqn,802,62,106.8611587062478,110.51203421826953,37.03802501410246,69.82313343882561,1.6599986422806978,21089.36111831665,0.0,29.0,0.0,1.0,0.7150000000000001,0.9703891966491938,0.7448383625596762,0.751836096867919
md_cfba_dqn,802,63,114.13076286017895,111.25869281049366,40.7125161588192,73.41824653744698,1.7215916085988283,23197.418048858643,0.0,31.0,0.0,0.0,0.7104761904761905,0.8988937512040138,0.6878486964851618,0.703483497723937
md_cfba_dqn,802,64,120.22038209438324,112.20211873780484,41.97279468178749,78.24758677184582,1.7706886790692806,23938.50940322876,0.0,33.0,0.0,0.0,0.7059523809523809,0.786347821354866,0.6025581303983927,0.6126322727650404
md_cfba_dqn,802,65,113.09064123034477,111.67504038787524,36.941048696637154,76.14959226548672,1.764608602039516,21822.81865310669,0.0,33.0,0.0,0.0,0.7014285714285715,0.8654019683599472,0.662782596424222,0.6753978691995144
md_cfba_dqn,802,66,113.81881427019835,111.9713415537689,37.6435239687562,76.1752907037735,1.7470603035762906,22007.976123809814,0.0,31.0,0.0,0.0,0.6969047619047619,0.792345555499196,0.6015165876597166,0.6360965166240931
md_cfba_dqn,802,67,109.28088956326246,112.31071467033662,37.298491574823856,71.98239877820015,1.6467613531276584,21186.222053527832,0.0,31.0,0.0,0.0,0.6923809523809523,0.7453156523406506,0.574065899476409,0.5708324983716011
md_cfba_dqn,802,68,104.28727977871895,112.0289654591594,37.050670355558395,67.2366086781025,1.6149011328816414,20685.71718978882,0.0,30.0,0.0,1.0,0.687857142857143,0.8345703762024641,0.6408038213849068,0.6458884980529547
md_cfba_dqn,802,69,98.18137649893761,111.24295107460655,35.70038905739784,62.48098736703396,1.640875518321991,20184.280895233154,0.0,26.0,0.0,3.0,0.6833333333333333,0.7285164874047041,0.5583913084119558,0.5670838877558708
md_cfba_dqn,802,70,98.90240200906992,110.56676427177231,37.89991144090891,61.0024904936552,1.6386691741645336,21107.767818450928,0.0,27.0,0.0,3.0,0.6788095238095238,1.0903622433543205,0.8377153165638447,0.8421564064919949
md_cfba_dqn,802,71,180.27890803423614,113.74515354858832,40.88089981675148,139.39800820258347,1.9295694511383772,25084.455852508545,0.0,37.0,35.0,1.0,0.6742857142857144,0.9266619328409433,0.7068181410431862,0.7328126095235348
md_cfba_dqn,802,72,125.27512542158365,114.34179782385124,41.04605420678854,84.22907117009163,1.8204450644552708,24229.363620758057,0.0,34.0,0.0,0.0,0.6697619047619048,0.8272025659680367,0.6277443040162325,0.6648608166724443
md_cfba_dqn,802,73,89.26243275403976,113.08587490807568,30.630112946033478,58.63232007622719,1.564720444381237,17730.89142036438,0.0,26.0,0.0,1.0,0.6652380952380952,0.8952977545559406,0.6819588895887136,0.7111294791102409
md_cfba_dqn,802,74,116.02564406394958,113.6510445951978,38.62567576766014,77.3999682366848,1.7031615795567632,21813.21128463745,0.0,33.0,0.0,2.0,0.6607142857142857,0.9096968173980713,0.6942127011716366,0.7182803396135569
md_cfba_dqn,802,75,122.15669006109238,114.69516357104574,43.71189123392105,78.44479915499687,1.7824849598109722,24251.72882080078,0.0,34.0,0.0,0.0,0.6561904761904762,0.8900724239647388,0.6813828591257334,0.6956318877637386
md_cfba_dqn,802,76,106.7766829431057,115.50602317179832,38.999806970357895,67.7768762409687,1.7108731716871262,21916.268016815186,0.0,32.0,0.0,0.0,0.6516666666666667,0.8744579739868641,0.6684122513979673,0.6868190430104733
md_cfba_dqn,802,77,105.74003815054894,115.78901995453332,35.310842767357826,70.42919493615628,1.6438048044219613,19902.1117477417,0.0,31.0,0.0,1.0,0.6471428571428571,0.8310940302908421,0.6370422188192606,0.6468393504619598
md_cfba_dqn,802,78,131.5213000959498,116.70152035212782,37.40507200360298,94.11622789863175,1.8182251350954175,22604.16058731079,0.0,37.0,16.0,1.0,0.6426190476190476,1.3007242269814014,1.0004321690648794,1.0009734481573105
md_cfba_dqn,802,79,116.4441187620163,116.46956646344329,38.851554334163666,77.59256442785264,1.724103620275855,22149.48846435547,0.0,33.0,0.0,1.0,0.6380952380952382,1.005623634904623,0.7686781510710716,0.7898182645440102
md_cfba_dqn,802,80,114.41840403676034,114.87304553611602,38.051885306835175,76.36651855111123,1.7220855262130499,21992.99478149414,0.0,32.0,0.0,1.0,0.6335714285714286,0.9846761934459209,0.7508801929652691,0.7793199978768826
md_cfba_dqn,802,81,100.21180562078953,114.34424284777072,35.156541019678116,65.0552646458149,1.7120130779221654,21037.681526184082,0.0,29.0,0.0,1.0,0.6290476190476191,0.8788925614207983,0.6733745168894529,0.6850601471960545
md_cfba_dqn,802,82,103.3672576636076,114.1695477956387,35.813113048672676,67.55414488315583,1.6186495330184698,19736.388515472412,0.0,30.0,0.0,3.0,0.6245238095238095,1.0253404527902603,0.7825783379375935,0.8092070445418358
md_cfba_dqn,802,83,96.64019474387169,113.29501938982335,33.80197846889496,62.838216334581375,1.6073682019487023,19468.163272857666,0.0,27.0,0.0,0.0,0.62,0.9149939361959696,0.6997409537434578,0.7175098862498999
md_cfba_dqn,802,84,114.34325749725103,113.00116315996675,37.679072603583336,76.6641847744584,1.7242617029696703,21939.563983917236,0.0,32.0,0.0,2.0,0.6154761904761905,0.9361670538783073,0.7130414266139269,0.7437520734965801
md_cfba_dqn,802,85,114.29511960744858,113.06138707882192,39.63103476166725,74.66408490538598,1.8077669786289334,23453.752773284912,0.0,31.0,0.0,1.0,0.6109523809523809,1.0161131247878075,0.7780521549284458,0.7935365978628397
md_cfba_dqn,802,86,94.8853365123272,112.11471319092837,36.37829898297787,58.50703748464584,1.6521877106279135,20830.420906066895,0.0,27.0,0.0,1.0,0.6064285714285714,1.1945316307246685,0.9129531774669886,0.9385948330163956
md_cfba_dqn,802,87,122.88033434152604,112.79468542984155,39.92521567642689,82.9551187992096,1.828530102968216,23266.64154434204,0.0,35.0,0.0,2.0,0.6019047619047619,1.0195650812238455,0.780242994427681,0.7977402396500111
md_cfba_dqn,802,88,105.76749894917012,112.8686963883641,36.292673006653786,69.47482536137105,1.6771397683769464,20823.355125427246,0.0,31.0,0.0,1.0,0.5973809523809523,0.887434272095561,0.6762273143976927,0.704023128375411
md_cfba_dqn,802,89,116.96642614901066,113.80794887086775,37.94459566473961,79.0218300819397,1.7658418472856283,22440.28074645996,0.0,33.0,0.0,1.0,0.592857142857143,0.9764458537101746,0.7461777571588755,0.7675602976232767
md_cfba_dqn,802,90,119.91488154232502,114.85857284753051,41.52886435389519,78.38601675629616,1.7564013181254268,23293.94733428955,0.0,33.0,0.0,3.0,0.5883333333333334,0.908578610047698,0.691123896278441,0.7248489987105131
md_cfba_dqn,802,91,107.46431858837605,111.21784337523749,36.90028001368046,70.56403858959675,1.6840748377144337,21237.99437713623,0.0,30.0,0.0,0.0,0.5838095238095238,1.1377194039523602,0.8718153033405542,0.8863470163196325
md_cfba_dqn,802,92,119.39554713666439,110.92386446099154,37.785039864480495,81.61050713062286,1.777138652279973,22009.715953826904,0.0,34.0,0.0,0.0,0.5792857142857144,1.064421871677041,0.8159652519971132,0.8281887006014585
md_cfba_dqn,802,93,116.33153715133668,112.27731968085638,38.565858498215675,77.76567968130112,1.7947112545371056,22603.481595993042,0.0,31.0,0.0,2.0,0.5747619047619048,1.0527089927345514,0.8051496092230082,0.8251978904008865
md_cfba_dqn,802,94,116.931292116642,112.322602083491,40.23315618187189,76.69813588261604,1.7121664816513658,22270.40866470337,0.0,32.0,0.0,1.0,0.5702380952380952,1.081517118960619,0.8270562775433064,0.8482027649879456
md_cfba_dqn,802,95,94.34295610189437,110.9319153855311,33.30844421684742,61.034511929750444,1.64555489923805,19259.94575881958,0.0,26.0,0.0,4.0,0.5657142857142857,0.8858896475285292,0.68096524477005,0.6830813251435757
md_cfba_dqn,802,96,110.77605417370796,111.13188394706121,35.79852782189846,74.97752636671066,1.6847275579348207,20672.721229553223,0.0,33.0,0.0,0.0,0.5611904761904762,0.9925050623714924,0.758684067055583,0.7794033456593752
md_cfba_dqn,802,97,109.89337168633938,111.33955062385073,37.31276994943619,72.58060152828693,1.6992255114018917,21021.82497024536,0.0,31.0,0.0,1.0,0.5566666666666666,0.951705913990736,0.7303455173969269,0.7378679513931274
md_cfba_dqn,802,98,95.60065534710884,109.54351838640869,34.476212844252586,61.12444269657135,1.6384049514308572,20029.250789642334,0.0,28.0,0.0,1.0,0.5521428571428572,0.9707174487411976,0.7412317171692848,0.7649523820728064
md_cfba_dqn,802,99,98.82169316709042,108.66239710666238,34.4807026386261,64.34099060297012,1.614251564256847,19237.73260116577,0.0,28.0,0.0,1.0,0.5476190476190477,0.9381509404629469,0.7166895978152752,0.7382044401019812
md_cfba_dqn,802,100,102.58687903285026,108.0708208564669,36.443668976426125,66.14321036934852,1.6290193106979132,20551.61901473999,0.0,28.0,0.0,2.0,0.5430952380952381,0.9223633669316769,0.7057116255164146,0.7221724539995193
md_cfba_dqn,802,101,121.02789069712162,109.11162511028348,43.08976748585701,77.93812358379364,1.7631514249369502,23837.611080169678,0.0,32.0,0.0,0.0,0.5385714285714286,1.1143546104431152,0.8545863907784224,0.8658940121531487
md_cfba_dqn,802,102,108.66476233303547,109.37650034375488,35.10768973082304,73.55707278847694,1.5904577113687992,19685.61897277832,0.0,32.0,0.0,0.0,0.5340476190476191,1.255046909675002,0.9652087762951851,0.9661270920187235
md_cfba_dqn,802,103,115.22068632543088,110.30552492283284,37.999385088682175,77.22130019366742,1.816640255972743,22696.070907592773,0.0,32.0,0.0,1.0,0.5295238095238095,0.9926749914884567,0.7562954686582088,0.7879317216575146
md_cfba_dqn,802,104,95.4889437198639,109.3628092339635,32.97945352643728,62.509489768743514,1.6217731265351176,19181.295566558838,0.0,27.0,0.0,1.0,0.525,0.94651466794312,0.7242832630872726,0.7407713048160076
md_cfba_dqn,802,105,108.05710759758949,109.05090863347054,41.59648881852627,66.46061843633652,1.752691281028092,23892.707580566406,0.0,29.0,0.0,0.0,0.5204761904761905,1.0100782699882984,0.7718801144510508,0.7939938269555569
md_cfba_dqn,802,106,89.48597405105829,108.78094051040709,32.30257857590914,57.18339519202709,1.5478925509378314,18544.17852783203,0.0,25.0,0.0,0.0,0.5159523809523809,1.1422330476343632,0.8767160624265671,0.8850565664470196
md_cfba_dqn,802,107,101.89644079804421,107.731745833233,34.5029202401638,67.39352051317692,1.5755186537280679,19117.688774108887,0.0,29.0,0.0,2.0,0.5114285714285716,1.0487289801239967,0.7984870281070471,0.8341398052871227
md_cfba_dqn,802,108,115.8096311479807,108.23385244317353,40.63926117122173,75.17037006616593,1.7806286225095391,23626.365936279297,0.0,31.0,0.0,1.0,0.506904761904762,0.9933999013155699,0.7612339276820421,0.7738865781575441
md_cfba_dqn,802,109,116.78969928622246,108.22501610003413,39.768236607313156,77.02146302163601,1.731909996829927,22466.937133789062,0.0,33.0,0.0,0.0,0.5023809523809524,1.520731147378683,1.1632268019020557,1.1916811354458332
md_cfba_dqn,802,110,110.5903489291668,107.75878946937621,36.157060630619526,74.43328867852688,1.727405090816319,21272.865676879883,0.0,32.0,0.0,1.0,0.4978571428571429,1.2465534713119268,0.9527864437550306,0.9792233537882566
md_cfba_dqn,802,111,111.94950611293316,107.98304884560407,37.84212563931942,74.10738092064858,1.7294503822922707,21838.51194381714,0.0,31.0,0.0,3.0,0.4933333333333334,1.0255812108516693,0.7840002365410328,0.8052699286490679
md_cfba_dqn,802,112,112.31247109174728,107.62889504335821,39.1085634380579,73.20390820503235,1.7244245456531644,22036.59502029419,0.0,32.0,0.0,0.0,0.4888095238095238,1.0479159466922283,0.8004088532179594,0.8250236324965954
md_cfba_dqn,802,113,98.47559267282486,106.73609781943262,35.5907556861639,62.884836971759796,1.664124881848693,20395.352794647217,0.0,27.0,0.0,0.0,0.4842857142857143,1.094918817281723,0.8341744598001242,0.8691478129476309
md_cfba_dqn,802,114,104.86661364883184,106.13286389604211,38.71049831062555,66.15611484646797,1.676116120070219,21561.36794281006,0.0,30.0,0.0,0.0,0.4797619047619047,1.22073582559824,0.9293794017285109,0.971188023686409
md_cfba_dqn,802,115,88.86095514297486,105.85876384809612,31.252921029925346,57.608034589886664,1.5572278555482626,18055.520931243896,0.0,26.0,0.0,2.0,0.47523809523809524,1.1177915148437023,0.8571828603744507,0.8686954602599144
md_cfba_dqn,802,116,90.97151196151972,104.86853673748674,32.966703079640865,58.0048087477684,1.5729885967448354,18562.037897109985,0.0,25.0,0.0,1.0,0.47071428571428575,1.3280182890594006,1.0186392664909363,1.0312633588910103
md_cfba_dqn,802,117,95.18077680170536,104.13290699325503,36.34034086018801,58.84043624699116,1.6717803245410323,21007.428966522217,0.0,27.0,0.0,3.0,0.46619047619047627,1.4951345585286617,1.1453860253095627,1.1658283844590187
md_cfba_dqn,802,118,86.93422500044107,103.69958547592164,29.218713648617268,57.715511694550514,1.5315112583339214,16370.783416748047,0.0,27.0,0.0,0.0,0.46166666666666667,1.4134468622505665,1.0834372788667679,1.1000319421291351
md_cfba_dqn,802,119,131.27581159174443,105.32229139715434,46.533730179071426,84.74208190441132,1.801334684714675,25427.934776306152,0.0,35.0,0.0,1.0,0.4571428571428572,1.1928187012672424,0.9118215627968311,0.9366570878773928
md_cfba_dqn,802,120,84.94705110788345,104.44030000090602,31.7639077603817,53.18314319849014,1.561924397945404,18257.28911590576,0.0,23.0,0.0,2.0,0.4526190476190477,1.2592814937233925,0.9624769873917103,0.9893483445048332
md_cfba_dqn,802,121,114.42242360115051,104.11002664610744,39.24104414135218,75.18137887120247,1.7696503158658743,22732.197536468506,0.0,32.0,0.0,0.0,0.4480952380952381,1.0625086091458797,0.8102269470691681,0.8409388829022646
md_cfba_dqn,802,122,89.68454556912184,103.16101580791175,32.72883474826813,56.95571056008339,1.5756569765508175,18718.79001235962,0.0,26.0,0.0,1.0,0.4435714285714286,1.0923466850072145,0.8328575268387794,0.8649638202041388
md_cfba_dqn,802,123,114.24034001231193,103.11199849225582,42.079646214842796,72.16069457232952,1.7599880220368505,23237.332481384277,0.0,32.0,0.0,2.0,0.439047619047619,1.1859159506857395,0.901392187923193,0.9484125152230263
md_cfba_dqn,802,124,107.80229946374894,103.72766627945005,37.0461503341794,70.75614909231663,1.7123627085238695,21280.218086242676,0.0,31.0,0.0,3.0,0.43452380952380953,1.108525050804019,0.8451426979154348,0.8779411520808935
md_cfba_dqn,802,125,114.6523257136345,104.0574271852523,42.200137458741665,72.45218861997128,1.7762878397479653,23533.09292602539,0.0,32.0,0.0,1.0,0.43000000000000005,1.3177953474223614,1.012325469404459,1.0182329062372446
md_cfba_dqn,802,126,92.26260575056077,104.19625877022743,32.336966812610626,59.92563804388046,1.5798753583803773,18259.732681274414,0.0,27.0,0.0,2.0,0.42547619047619056,1.341608788818121,1.0252439975738525,1.0545492768287659
md_cfba_dqn,802,127,93.64592631161213,103.78373304590585,33.43243187665939,60.21349373459816,1.6331430980935693,19070.78997039795,0.0,26.0,0.0,0.0,0.42095238095238097,1.089901439845562,0.8344354722648859,0.8515532184392214
md_cfba_dqn,802,128,94.76123713850976,102.7313133454323,33.21700322628021,61.54423412084579,1.6070940336212516,18718.58917617798,0.0,26.0,0.0,1.0,0.41642857142857137,1.043674299493432,0.796458151191473,0.8240538015961647
md_cfba_dqn,802,129,98.77141840904952,101.83039930157365,34.359213918447495,64.41220473647118,1.6267420891672373,19587.69416809082,0.0,28.0,0.0,1.0,0.4119047619047619,1.194809403270483,0.9110234677791595,0.9459530785679817
md_cfba_dqn,802,130,96.52463175356388,101.1271134427935,31.337606325745583,65.18702518939972,1.595053292810917,18175.33316040039,0.0,29.0,0.0,1.0,0.4073809523809524,1.055358188226819,0.8068528827279806,0.8283509686589241
md_cfba_dqn,802,131,110.72944313287735,101.06611029379071,36.72144056856632,74.00800287723541,1.7059709401801229,21329.221530914307,0.0,31.0,0.0,1.0,0.4028571428571429,1.0097209345549345,0.77040627412498,0.7977155204862356
md_cfba_dqn,802,132,87.1483641192317,99.80790494516492,31.55918287485838,55.589181423187256,1.6042561633512378,18391.823753356934,0.0,24.0,0.0,1.0,0.39833333333333343,1.095401780679822,0.8416326958686113,0.8458969164639711
md_cfba_dqn,802,133,106.78877203166485,100.22356391310691,36.12614790350199,70.66262373328209,1.6949759256094694,20510.529232025146,0.0,32.0,0.0,0.0,0.39380952380952383,1.3162232786417007,1.0032876320183277,1.0431187711656094
md_cfba_dqn,802,134,101.25935073196888,100.04320076726377,33.7434558570385,67.51589488983154,1.656952016055584,19575.23456954956,0.0,31.0,0.0,1.0,0.38928571428571423,1.129413429647684,0.8625367842614651,0.8895888049155474
md_cfba_dqn,802,135,101.64769197255373,100.68253760874272,34.477147459983826,67.17054322361946,1.6387622086331248,19806.735467910767,0.0,29.0,0.0,0.0,0.38476190476190475,1.4501478094607592,1.1093400996178389,1.136025708168745
md_cfba_dqn,802,136,91.68180323541165,100.71805217243732,33.39673911035061,58.28506504893303,1.611175867728889,18798.209964752197,0.0,26.0,0.0,1.0,0.38023809523809526,1.2599939405918121,0.9607666563242674,0.9974242281168699
md_cfba_dqn,802,137,99.52366437762976,100.93519655123353,33.17495119571686,66.34871333837509,1.573042780160904,18787.777549743652,0.0,29.0,0.0,0.0,0.3757142857142858,1.026675671339035,0.7834151182323694,0.810868464410305
md_cfba_dqn,802,138,99.95754858255387,101.58636273033918,31.965197525918484,67.99235153347254,1.6269193897023797,18185.43185043335,0.0,30.0,0.0,1.0,0.3711904761904763,1.2384055517613888,0.9492616690695286,0.9638129156082869
md_cfba_dqn,802,139,104.94606327414513,100.26987531445923,33.48833031207323,71.45773277580739,1.6401601685211062,19203.58699798584,0.0,30.0,0.0,2.0,0.3666666666666667,1.5177472531795502,1.1622793097048998,1.1848930642008781
md_cfba_dqn,802,140,98.23350175619126,100.93419784687461,32.141481414437294,66.09202060997487,1.6022188160568476,18411.784816741943,0.0,29.0,0.0,2.0,0.3621428571428572,1.2365186531096697,0.9450698997825384,0.9714957866817713
md_cfba_dqn,802,141,104.21831000596285,100.42399216711523,35.391561672091484,68.82674789428711,1.6442877845838666,20022.82594680786,0.0,29.0,0.0,0.0,0.3576190476190476,1.5502902492880821,1.1845608539879322,1.2190979309380054
md_cfba_dqn,802,142,114.516411870718,101.66558548219503,37.86010131239891,76.65631079673767,1.6965020326897502,21447.178871154785,0.0,34.0,0.0,1.0,0.35309523809523813,1.4850927516818047,1.1353613212704659,1.1657713651657104
md_cfba_dqn,802,143,105.89361836016178,101.24824939958752,36.303059339523315,69.59055870771408,1.7395398477092385,20883.994091033936,0.0,30.0,0.0,0.0,0.34857142857142864,1.1696359887719154,0.8896781653165817,0.9331927057355642
md_cfba_dqn,802,144,98.41432036459446,100.7788504446298,34.076004564762115,64.3383152037859,1.6389171574264765,19349.3921585083,0.0,29.0,0.0,0.0,0.34404761904761905,1.1124150082468987,0.8489733599126339,0.8781387861818075
md_cfba_dqn,802,145,102.07942274212837,100.1502052960545,33.21285890042782,68.86656439304352,1.6358070131391287,19189.39863204956,0.0,31.0,0.0,1.0,0.33952380952380956,1.2523440103977919,0.9539454653859138,0.9946617837995291
md_cfba_dqn,802,146,105.67843128144742,100.82099657259883,36.547870457172394,69.13056128621102,1.6519725993275642,20193.682292938232,0.0,30.0,0.0,1.0,0.3350000000000001,1.1605831291526556,0.8838455379009247,0.9224586430937052
md_cfba_dqn,802,147,69.43850212544203,99.61062536329032,27.63219464570284,41.80630749464035,1.439431401900947,15162.264110565186,0.0,20.0,0.0,1.0,0.3304761904761905,1.0808241963386536,0.8232037257403135,0.8587348684668541
md_cfba_dqn,802,148,91.70725704729557,99.45792635872961,30.97941916435957,60.72783774137497,1.6080904556438327,17844.603355407715,0.0,30.0,0.0,1.0,0.325952380952381,1.3939580917358398,1.0659197364002466,1.093461200594902
md_cfba_dqn,802,149,96.8572037667036,99.36221562661231,34.14214725792408,62.71505714952946,1.60934644844383,19272.459133148193,0.0,30.0,0.0,0.0,0.3214285714285714,1.4537364691495895,1.1093710660934448,1.1478845365345478
md_cfba_dqn,802,150,91.9860062777996,99.13528435282409,33.34383483231068,58.642171296477315,1.5994805553928018,18613.762439727783,0.0,26.0,0.0,3.0,0.3169047619047619,1.4031371772289276,1.0760786905884743,1.0901948753744364
md_cfba_dqn,802,151,106.1891583353281,98.90827011294662,37.387120477855206,68.80203746259212,1.677111230790615,20873.645301818848,0.0,31.0,0.0,1.0,0.3123809523809524,1.2754506524652243,0.9758221451193094,0.998761672526598
md_cfba_dqn,802,152,105.56786978244781,99.82924539610744,34.577395245432854,70.99047438800335,1.6009186217561364,19213.470275878906,0.0,32.0,0.0,0.0,0.30785714285714294,1.341802917420864,1.0252511035650969,1.055172748863697
md_cfba_dqn,802,153,99.66624093949795,99.47311884149909,35.90987886488438,63.75636156797409,1.6465626927092671,19815.84748840332,0.0,29.0,0.0,1.0,0.30333333333333345,1.4363633766770363,1.0943394415080547,1.1400797683745623
md_cfba_dqn,802,154,117.90260462462902,100.30528153613211,36.059135265648365,81.84346888959408,1.6838924530893564,20620.250511169434,0.0,36.0,0.0,0.0,0.29880952380952375,1.3031090423464775,0.9947183858603239,1.0279688388109207
md_cfba_dqn,802,155,93.76581253260375,99.91118756413462,31.372122764587402,62.393690006434916,1.5987233621999621,18105.64154434204,0.0,27.0,0.0,2.0,0.29428571428571426,1.230301909148693,0.9398456681519747,0.9681873805820942
md_cfba_dqn,802,156,101.15840575098991,100.38501768991352,33.35904276371002,67.79936310648918,1.637538941577077,19244.723670959473,0.0,29.0,0.0,0.0,0.2897619047619048,1.3916364684700966,1.0635594986379147,1.0935898758471012
md_cfba_dqn,802,157,107.00175225138665,100.75892208360138,36.818427078425884,70.18332510590554,1.6322933565825224,19968.310962677002,0.0,31.0,0.0,1.0,0.2852380952380953,1.6254400499165058,1.2429117150604725,1.2750943750143051
md_cfba_dqn,802,158,106.6229306012392,101.09219118453564,39.312958270311356,67.30997169017792,1.6937290886417031,21496.465087890625,0.0,29.0,0.0,0.0,0.2807142857142858,1.5145397931337357,1.1554117444902658,1.197093416005373
md_cfba_dqn,802,159,92.27967028319836,100.45887153498829,33.32561795413494,58.95405212044716,1.595220792107284,18323.951999664307,0.0,28.0,0.0,0.0,0.2761904761904763,1.1762239262461662,0.8973894510418177,0.9294482134282589
md_cfba_dqn,802,160,97.37137389183044,100.41576514177025,33.80816751718521,63.56320621073246,1.6162204155698419,18971.168952941895,0.0,28.0,0.0,0.0,0.2716666666666666,1.4496587477624416,1.1067738719284534,1.142949540168047
md_cfba_dqn,802,161,96.94821497797966,100.05226039037109,35.13699075579643,61.811224073171616,1.6376271545886993,19736.196849822998,0.0,27.0,0.0,0.0,0.2671428571428571,1.4075982104986906,1.072496633976698,1.1170052662491798
md_cfba_dqn,802,162,97.61521026492119,99.20720031008125,32.74859273433685,64.86661778390408,1.5978058325126767,18418.526824951172,0.0,29.0,0.0,1.0,0.26261904761904764,1.2155586071312428,0.9237475953996181,0.9727032873779535
md_cfba_dqn,802,163,97.34027168154716,98.77953297615052,33.05774933099747,64.28252278268337,1.5960037596523762,18627.210292816162,0.0,29.0,0.0,0.0,0.25809523809523816,1.6606443524360657,1.2694092765450478,1.304116852581501
md_cfba_dqn,802,164,98.41563087105752,98.77959850147367,33.14130098372698,65.27432983517647,1.5945868222042918,18471.68751525879,0.0,28.0,0.0,1.0,0.25357142857142867,1.6662786975502968,1.2804776933044195,1.2860033065080643
md_cfba_dqn,802,165,90.65308085978032,98.20828140735628,31.941546067595482,58.71153419613838,1.5938294660300016,18429.072860717773,0.0,26.0,0.0,1.0,0.24904761904761907,1.2249974869191647,0.9348598308861256,0.9671255070716143
md_cfba_dqn,802,166,75.85272788405419,96.71699623748661,28.429278701543808,47.42344876527786,1.5173711897805333,16153.604280471802,0.0,22.0,0.0,2.0,0.2445238095238096,1.2983046881854534,0.9905744660645723,1.025767395272851
md_cfba_dqn,802,167,89.18257744163274,97.70420000329615,29.96759883314371,59.214978370070455,1.5352188684046268,17196.772583007812,0.0,28.0,0.0,2.0,0.24,1.2065472602844238,0.9182742442935705,0.9609099887311459
md_cfba_dqn,802,168,96.21467992663383,97.92957114726306,32.42860998213291,63.78607003390789,1.5806153854355216,17961.893852233887,0.0,28.0,0.0,0.0,0.2354761904761905,1.4592518601566553,1.115490736439824,1.1458703838288784
md_cfba_dqn,802,169,103.81222768127918,98.27732234299184,34.94240057468414,68.86982703208923,1.6715533705428243,19908.717668533325,0.0,29.0,0.0,2.0,0.23095238095238102,1.4822007343173027,1.1285060420632362,1.1789822485297918
md_cfba_dqn,802,170,95.18245722353458,98.43714489027857,34.22477085888386,60.957686483860016,1.6028486723080277,18759.122886657715,0.0,29.0,0.0,0.0,0.22642857142857142,1.5811255909502506,1.2037897035479546,1.2577862851321697
md_cfba_dqn,802,171,98.16488099843264,98.0359310234338,34.69689929485321,63.46798139810562,1.646032246761024,19929.716053009033,0.0,27.0,0.0,1.0,0.22190476190476194,1.4752455577254295,1.129726454615593,1.1517303101718426
md_cfba_dqn,802,172,108.61821600794792,98.18844833470881,36.60249770432711,72.0157181918621,1.7144319768995047,21124.80989074707,0.0,31.0,0.0,0.0,0.21738095238095245,1.4243939332664013,1.0825027823448181,1.139637203887105
md_cfba_dqn,802,173,80.74776953607798,97.24252476453782,31.004379503428936,49.74339001774788,1.5053475499153137,16999.28147315979,0.0,24.0,0.0,1.0,0.21285714285714286,1.3605432398617268,1.0393297504633665,1.0707115456461906
md_cfba_dqn,802,174,96.14615584909916,96.15470232576132,34.13572172820568,62.01043416559696,1.5681330226361752,19079.452293395996,0.0,28.0,0.0,1.0,0.20833333333333337,1.197374040260911,0.9138186667114496,0.9451845195144415
md_cfba_dqn,802,175,75.38016661256552,95.23542002975941,29.055895291268826,46.32427182793617,1.484327451325953,15993.007167816162,0.0,22.0,0.0,1.0,0.20380952380952377,1.5580288916826248,1.1886214148253202,1.2313581705093384
md_cfba_dqn,802,176,92.1778752297163,94.78639350369573,31.870033748447895,60.30784104168415,1.5437943348661065,17631.2555809021,0.0,28.0,0.0,1.0,0.1992857142857143,1.3519819229841232,1.0304829198867083,1.0716633275151253
md_cfba_dqn,802,177,86.78642855584621,93.77562731891871,32.90922458469868,53.8772047907114,1.5766768911853433,18385.220600128174,0.0,25.0,0.0,0.0,0.1947619047619048,1.3812619298696518,1.0523383729159832,1.0964118782430887
md_cfba_dqn,802,178,99.85567969381809,93.43726477354765,32.75384742766619,67.10183206498623,1.6007691184058785,18475.681495666504,0.0,31.0,0.0,2.0,0.19023809523809532,1.403102595359087,1.0692402254790068,1.1128745153546333
md_cfba_dqn,802,179,98.6488781362772,93.7557251662016,34.1654486656189,64.48342908322812,1.6456547770649195,19125.130210876465,0.0,28.0,0.0,2.0,0.18571428571428583,1.5677469186484814,1.1976688914000988,1.233593437820673
md_cfba_dqn,802,180,90.58568920195103,93.41644093170763,32.04032426327467,58.54536393284798,1.5403279475867748,17677.18634033203,0.0,27.0,0.0,0.0,0.18119047619047624,1.558698270469904,1.1909137852489948,1.225948253646493
md_cfba_dqn,802,181,82.24511315077544,92.68128584034743,31.240380980074406,51.004731649160384,1.5356883956119418,17430.854932785034,0.0,23.0,0.0,1.0,0.17666666666666664,1.4141347408294678,1.0741822477430105,1.1331749092787504
md_cfba_dqn,802,182,69.64785066992044,91.28291786059738,27.801630675792694,41.846220284700394,1.4763393849134445,15849.605815887451,0.0,20.0,0.0,0.0,0.17214285714285715,1.3844149690121412,1.0592893492430449,1.083752041682601
md_cfba_dqn,802,183,66.28905240595341,89.7303568968177,26.69283352047205,39.59621868431568,1.4177351836115122,14432.998516082764,0.0,19.0,0.0,1.0,0.16761904761904767,1.3172045443207026,1.001872817054391,1.051105773076415
md_cfba_dqn,802,184,105.44090189784765,90.08162044815721,35.76182496547699,69.67907619476318,1.677146571688354,20090.87881088257,0.0,30.0,0.0,0.0,0.16309523809523818,1.301735531538725,0.9943322315812111,1.0246776454150677
md_cfba_dqn,802,185,89.32150923013687,90.01504186667502,30.150719992816448,59.170789423584935,1.5271556954830885,16738.34726333618,0.0,27.0,0.0,3.0,0.1585714285714287,1.5144494995474815,1.1578460298478603,1.1886781472712755
md_cfba_dqn,802,186,115.91091725230217,92.01795133508742,36.24043406546116,79.6704831123352,1.6840821262449026,20171.36775970459,0.0,34.0,0.0,1.0,0.1540476190476191,1.441104955971241,1.0955375544726849,1.151891317218542
md_cfba_dqn,802,187,91.97433009147645,92.15753896757961,33.04490774869919,58.92942195534706,1.5906587950885296,18156.24440383911,0.0,26.0,0.0,1.0,0.1495238095238095,1.537234228104353,1.1803536266088486,1.1896019913256168
md_cfba_dqn,802,188,98.0077765673399,92.24719379961492,33.16506062448025,64.84271606206894,1.6176438461989164,18403.861015319824,0.0,29.0,0.0,1.0,0.14500000000000002,1.482934981584549,1.131740763783455,1.1706474013626575
md_cfba_dqn,802,189,82.04500710368157,91.15883277073503,31.96196609735489,50.083041274547575,1.5138581711798906,17239.84058189392,0.0,22.0,0.0,1.0,0.14047619047619053,1.9199018403887749,1.465255107730627,1.5154890529811382
md_cfba_dqn,802,190,100.16392778009177,91.4079062985629,33.5659554079175,66.5979730129242,1.660278182476759,19302.844953536987,0.0,29.0,0.0,1.0,0.13595238095238105,1.3589458763599396,1.0306109134107828,1.0944498609751463
md_cfba_dqn,802,191,88.57019158601761,90.92817182794215,31.8838464692235,56.686344945430754,1.5924593200907111,17968.7804145813,0.0,25.0,0.0,1.0,0.13142857142857145,1.4975045882165432,1.141460057348013,1.1868150681257248
md_cfba_dqn,802,192,104.49605169892311,90.72206361249091,35.92005905508995,68.57599365711212,1.6968441344797611,20341.569608688354,0.0,31.0,0.0,0.0,0.12690476190476196,1.3822980672121048,1.0483356732875109,1.1132078617811203
md_cfba_dqn,802,193,100.58280540257692,91.71381540581585,31.672847628593445,68.90995898842812,1.6063092956319451,17771.55522918701,0.0,29.0,0.0,1.0,0.12238095238095237,1.4157766047865152,1.077348468825221,1.1280937157571316
md_cfba_dqn,802,194,79.41677510738373,90.87734636873009,29.90030625462532,49.516468822956085,1.5073289601132274,16594.201656341553,0.0,23.0,0.0,1.0,0.11785714285714288,1.3606415875256062,1.035998536273837,1.0821434706449509
md_cfba_dqn,802,195,87.75560698062182,91.4961183871329,30.715999469161034,57.03960741460323,1.5218301750719547,16893.613262176514,0.0,27.0,0.0,1.0,0.1133333333333334,1.5005504302680492,1.1486305464059114,1.1730662286281586
md_cfba_dqn,802,196,84.90401547402143,91.13242539934815,28.94249587506056,55.96151965856552,1.4889674810692668,16137.865631103516,0.0,25.0,0.0,1.0,0.1088095238095238,1.3832430355250835,1.0541407521814108,1.0970075018703938
md_cfba_dqn,802,197,93.7585121691227,91.48102958001198,31.71522355079651,62.043288454413414,1.5343744540587068,17337.783458709717,0.0,28.0,0.0,1.0,0.10428571428571431,1.014691000804305,0.7712132390588522,0.8115925081074238
md_cfba_dqn,802,198,93.82153494656086,91.1793223426491,32.87395470589399,60.94757995009422,1.613121465779841,18318.637901306152,0.0,27.0,0.0,0.0,0.09976190476190483,1.3563276752829552,1.0303352698683739,1.0866413041949272
md_cfba_dqn,802,199,78.5725178271532,90.1755043271929,28.335731454193592,50.236786141991615,1.4889781763777137,15447.88479232788,0.0,24.0,0.0,0.0,0.09523809523809534,1.522933941334486,1.1558776311576366,1.2235209606587887
md_cfba_dqn,802,200,82.05873233824968,89.74915648400784,29.35314380377531,52.705588668584824,1.5151977967470884,16381.711353302002,0.0,26.0,0.0,0.0,0.09071428571428575,1.3764223400503397,1.0484736086800694,1.093162339180708
md_cfba_dqn,802,201,73.53243808448315,89.31352273069322,29.105845257639885,44.42659293115139,1.4838246628642082,15791.013954162598,0.0,21.0,0.0,0.0,0.08619047619047626,1.5231361240148544,1.1625282038003206,1.2020263224840164
md_cfba_dqn,802,202,92.47879913449287,90.45507015392184,30.3093391507864,62.169459730386734,1.5718236537650228,16907.135108947754,0.0,27.0,0.0,0.0,0.08166666666666667,1.4290274120867252,1.0929641053080559,1.1202109679579735
md_cfba_dqn,802,203,80.77701719850302,91.17946839354933,29.852293632924557,50.924723863601685,1.5075293872505426,16503.959531784058,0.0,24.0,0.0,1.0,0.07714285714285718,1.7290757466107607,1.3211522698402405,1.3597448952496052
md_cfba_dqn,802,204,99.15948534905911,90.8653975661099,32.23890018463135,66.92058567106724,1.589081876911223,17745.00072669983,0.0,30.0,0.0,1.0,0.0726190476190477,1.5280691385269165,1.165080839768052,1.2099609933793545
md_cfba_dqn,802,205,95.60447233468294,91.1795457213372,33.32634560018778,62.27812663018703,1.595867537893355,18379.690799713135,0.0,28.0,0.0,3.0,0.06809523809523821,1.4647655859589577,1.119389807805419,1.151252556592226
md_cfba_dqn,802,206,99.0406818240881,90.3360339499265,32.68366004526615,66.35702115297318,1.6032909359782934,17983.207927703857,0.0,29.0,0.0,1.0,0.06357142857142861,1.3385981321334839,1.0219827331602573,1.0553846806287766
md_cfba_dqn,802,207,81.34024898707867,89.80432989470661,30.463847041130066,50.87640222907066,1.5486248033121228,17255.322681427002,0.0,23.0,0.0,0.0,0.059047619047619015,1.3422357439994812,1.0205487366765738,1.0722900275141
md_cfba_dqn,802,208,76.60391203463078,88.73413666807116,29.454053103923798,47.14985894560814,1.492506105452776,16066.506935119629,0.0,22.0,0.0,1.0,0.05452380952380953,1.6028914526104927,1.2227350398898125,1.2671879846602678
md_cfba_dqn,802,209,91.86939328163862,89.22535597696901,32.74951557070017,59.11987739801407,1.5894153891131282,18206.596771240234,0.0,27.0,0.0,0.0,0.050000000000000044,1.7577574774622917,1.3410115893930197,1.3891529385000467
md_cfba_dqn,802,210,87.7610356733203,88.60521137163043,30.465104676783085,57.295930832624435,1.544056087732315,16882.226795196533,0.0,26.0,0.0,0.0,0.050000000000000044,1.4562769122421741,1.1102462075650692,1.1534356474876404
md_cfba_dqn,802,211,79.8206490278244,88.16773424372077,28.171039581298828,51.64960935711861,1.500815381295979,15691.625347137451,0.0,24.0,0.0,1.0,0.050000000000000044,1.6450870260596275,1.2567686550319195,1.2943946309387684
md_cfba_dqn,802,212,75.75930624753236,86.73089697115122,28.837196238338947,46.922110486030576,1.4759518764913082,15553.192043304443,0.0,23.0,0.0,2.0,0.050000000000000044,1.336097989231348,1.01763298176229,1.0615499503910542
md_cfba_dqn,802,213,64.6643460392952,84.93497400298715,26.28822885453701,38.376116797327995,1.431468216702342,14409.985677719116,0.0,20.0,0.0,0.0,0.050000000000000044,1.5397211499512196,1.1746254973113537,1.2169854901731014
md_cfba_dqn,802,214,89.90336380153894,85.4593034376949,31.397586338222027,58.505777418613434,1.5684148743748665,17572.84824371338,0.0,25.0,0.0,0.0,0.050000000000000044,1.6520921718329191,1.2618764210492373,1.3007190991193056
md_cfba_dqn,802,215,89.00398807376624,85.52172249235213,29.31029799580574,59.69369068145752,1.5231518726795912,16221.80041885376,0.0,27.0,0.0,1.0,0.050000000000000044,1.359901461750269,1.0378569662570953,1.0734816435724497
md_cfba_dqn,802,216,85.84279577583075,85.56866150744261,29.431800939142704,56.41099516451359,1.5174819473177195,16260.402648925781,0.0,27.0,0.0,1.0,0.050000000000000044,1.6797306723892689,1.2805293072015047,1.3306711204349995
md_cfba_dqn,802,217,66.35211912691594,84.19834185533227,28.167352356016636,38.184766882658,1.4467391353100538,15123.954042434692,0.0,18.0,0.0,1.0,0.050000000000000044,1.8864743560552597,1.4409798830747604,1.4849815629422665
md_cfba_dqn,802,218,82.99438544511796,83.65698438026013,29.602399058640003,53.39198608100414,1.5089841643348336,16198.029357910156,0.0,24.0,0.0,1.0,0.050000000000000044,1.992093712091446,1.5191816687583923,1.5763733424246311
md_cfba_dqn,802,219,70.84142389297486,83.27042968355121,26.25704126060009,44.58438309431076,1.4498302666470408,14774.932552337646,0.0,22.0,0.0,1.0,0.050000000000000044,1.6969689726829529,1.2961994893848896,1.3358981758356094
md_cfba_dqn,802,220,82.18005136400461,83.27649563483895,30.76930681616068,51.41074448823929,1.5517785409465432,17207.65301132202,0.0,23.0,0.0,1.0,0.050000000000000044,1.3838904835283756,1.0523510240018368,1.105131447315216
md_cfba_dqn,802,221,82.39329323172569,83.71953839220107,28.44505999982357,53.94823342561722,1.4853249797597528,15381.09030342102,0.0,25.0,0.0,1.0,0.050000000000000044,1.8758695386350155,1.4338832590728998,1.4732875749468803
md_cfba_dqn,802,222,75.3146990403533,82.8613333874941,28.922716923058033,46.391981759667395,1.4887252496555448,15928.81188583374,0.0,21.0,0.0,1.0,0.050000000000000044,1.3987423479557037,1.0647438894957304,1.1133280843496323
md_cfba_dqn,802,223,95.02363942861557,83.57366449899972,32.85351537168026,62.17012380361557,1.6139187114313245,18507.299591064453,0.0,26.0,0.0,2.0,0.050000000000000044,1.776270043104887,1.3559945449233055,1.400918323546648
md_cfba_dqn,802,224,110.68356595337391,84.14986852921547,36.5250269472599,74.15853937864304,1.7301162173971534,20356.13119506836,0.0,33.0,0.0,3.0,0.050000000000000044,1.6083995923399925,1.2250361666083336,1.2778780423104763
md_cfba_dqn,802,225,76.68095028400421,83.20369242668153,27.21645274758339,49.4644972383976,1.463639633730054,14851.232753753662,0.0,24.0,0.0,0.0,0.050000000000000044,1.4932383224368095,1.1417747773230076,1.1715451292693615
md_cfba_dqn,802,226,81.46858618557454,82.32508764475584,29.060223817825317,52.40836235284805,1.5015328768640757,16013.449127197266,0.0,25.0,0.0,1.0,0.050000000000000044,1.6433822847902775,1.2493146322667599,1.313558865338564
md_cfba_dqn,802,227,93.54466117918491,82.93530825436116,33.757099479436874,59.78756232559681,1.6224761819466949,19065.381549835205,0.0,26.0,0.0,0.0,0.050000000000000044,1.5990934744477272,1.2194696925580502,1.2654125802218914
md_cfba_dqn,802,228,79.9449322462082,83.10235926494003,28.8816569596529,51.06327542066574,1.4896391052752733,15744.205116271973,0.0,24.0,0.0,1.0,0.050000000000000044,1.7362027987837791,1.3297161497175694,1.3549554198980331
md_cfba_dqn,802,229,83.23194693028927,82.67048694737257,29.521233029663563,53.7107138633728,1.5019394429400563,16061.623634338379,0.0,25.0,0.0,1.0,0.050000000000000044,1.6831957697868347,1.2785634323954582,1.3487744219601154
md_cfba_dqn,802,230,78.73724121898412,82.21929722465576,29.927088014781475,48.810153040289876,1.4936538413167,16262.626155853271,0.0,24.0,0.0,3.0,0.050000000000000044,1.4286953285336494,1.0859406366944313,1.142515603452921
md_cfba_dqn,802,231,72.51077057421207,81.85380330197515,28.47175421565771,44.03901623189449,1.458331591449678,15262.96969985962,0.0,20.0,0.0,0.0,0.050000000000000044,1.547958567738533,1.1799493785947561,1.2266972288489342
md_cfba_dqn,802,232,105.86489872038365,83.3590829256177,35.59736081957817,70.2675374686718,1.6742592072114348,19801.558067321777,0.0,31.0,0.0,2.0,0.050000000000000044,1.335665799677372,1.0128978118300438,1.0758932139724493
md_cfba_dqn,802,233,101.56947793215514,85.2043395202607,31.545850910246372,70.02362642586232,1.5850188061594963,17510.455333709717,0.0,31.0,0.0,1.0,0.050000000000000044,1.519766304641962,1.15513108484447,1.2154506668448448
md_cfba_dqn,802,234,97.89955888241529,85.60414927430452,36.11639150232077,61.78316794633865,1.6671415390446782,19833.217971801758,0.0,27.0,0.0,3.0,0.050000000000000044,1.668448081240058,1.2683488000184298,1.333664221689105
md_cfba_dqn,802,235,91.8430107563734,85.74610040843488,32.37277223914862,59.47023871839046,1.5744096459820867,17698.5583152771,0.0,26.0,0.0,2.0,0.050000000000000044,1.7999581061303616,1.372200520709157,1.4258584938943386
md_cfba_dqn,802,236,74.89199884384871,85.19856056183576,28.797463826835155,46.094535210728644,1.4850660003721714,15691.45637512207,0.0,22.0,0.0,1.0,0.050000000000000044,1.6343347392976284,1.2480478528887033,1.287622857838869
md_cfba_dqn,802,237,84.57142206430436,86.1095257087052,29.579355508089066,54.99206625819206,1.5063673136755824,16241.813667297363,0.0,26.0,0.0,1.0,0.050000000000000044,1.4469895511865616,1.0997612290084362,1.1574277020990849
md_cfba_dqn,802,238,75.26215855032206,85.7229143639654,29.78199391812086,45.480164140462875,1.4975218186154962,16655.553218841553,0.0,22.0,0.0,0.0,0.050000000000000044,1.634185578674078,1.2492923084646463,1.2829775176942348
md_cfba_dqn,802,239,98.79761493504047,87.12072391606867,33.99744287133217,64.80017170608043,1.6396160209551454,19124.55110168457,0.0,29.0,0.0,3.0,0.050000000000000044,1.727565135806799,1.3174939826130867,1.3669037632644176
md_cfba_dqn,802,240,99.64389257133007,87.99391597643495,32.34975977241993,67.2941323518753,1.6245207441970706,18433.187477111816,0.0,29.0,0.0,0.0,0.050000000000000044,1.5540668927133083,1.183147018775344,1.2363995555788279
md_cfba_dqn,802,241,92.66133531332017,88.50731808051468,29.647487550973892,63.01384759843349,1.5408860640600324,16596.763652801514,0.0,28.0,0.0,1.0,0.050000000000000044,1.5212073735892773,1.160519490018487,1.2022927850484848
md_cfba_dqn,802,242,96.77360686063767,89.5802634715289,34.19577115774155,62.57783603072166,1.6112944344058633,18671.46876144409,0.0,28.0,0.0,1.0,0.050000000000000044,2.1334651671350002,1.6288233995437622,1.6821391321718693
md_cfba_dqn,802,243,90.03987950086594,89.33107547514142,30.411361634731293,59.628517627716064,1.5411921730265021,16699.55450439453,0.0,27.0,0.0,0.0,0.050000000000000044,1.568412996828556,1.1966270059347153,1.2392866220325232
md_cfba_dqn,802,244,91.50878047943115,88.37233620144428,31.931302540004253,59.57747867703438,1.5621548844501376,17968.3607006073,0.0,26.0,0.0,0.0,0.050000000000000044,1.265990236774087,0.9594446457922459,1.0218185782432556
md_cfba_dqn,802,245,84.59084191173315,88.76783078283071,30.004099689424038,54.586742371320724,1.530915854498744,16747.871253967285,0.0,25.0,0.0,0.0,0.050000000000000044,1.6108188815414906,1.2257787566632032,1.2834669966250658
md_cfba_dqn,802,246,85.78390479236842,88.98359671317041,28.55452337861061,57.22938157021999,1.4826017059385777,15505.116634368896,0.0,27.0,0.0,1.0,0.050000000000000044,1.6257930751889944,1.2379740290343761,1.2927300967276096
md_cfba_dqn,802,247,98.12283829003573,89.21250556871296,33.80931221693754,64.31352584958077,1.6141334036365151,18650.441473007202,0.0,28.0,0.0,1.0,0.050000000000000044,2.151244316250086,1.6391097120940685,1.707115164026618
md_cfba_dqn,802,248,80.22934426367283,89.2267261695862,28.06833528727293,52.161008924245834,1.463648585602641,15221.393232345581,0.0,25.0,0.0,1.0,0.050000000000000044,1.6747593693435192,1.2715216241776943,1.3441257290542126
md_cfba_dqn,802,249,92.58357474207878,89.69430756017566,30.819482259452343,61.76409292221069,1.5662502273917198,17404.98338699341,0.0,28.0,0.0,0.0,0.050000000000000044,1.436714954674244,1.096932865679264,1.1326069254428148
md_cfba_dqn,802,250,86.88278155177832,90.10158457681538,32.97676495462656,53.90601667165756,1.5789061039686203,17943.80809020996,0.0,26.0,0.0,2.0,0.050000000000000044,1.9141373224556446,1.457909494638443,1.5207593608647585
md_cfba_dqn,802,251,94.18749267607927,91.18542068190874,31.96962770074606,62.21786557137966,1.5885487478226423,17737.61283493042,0.0,28.0,0.0,0.0,0.050000000000000044,1.632432296872139,1.2438600696623325,1.295240730047226
md_cfba_dqn,802,252,75.56785430014133,89.67056846089662,29.2756799608469,46.29217445850372,1.4924691235646605,15863.766719818115,0.0,23.0,0.0,1.0,0.050000000000000044,2.083310052752495,1.5865507796406746,1.655864179134369
md_cfba_dqn,802,253,84.56541872918606,88.82036550074817,30.066084302961826,54.499334239959715,1.5087372548878193,16299.10771560669,0.0,24.0,0.0,1.0,0.050000000000000044,1.777259986847639,1.3549723904579878,1.4076253361999989
md_cfba_dqn,802,254,102.42126453816891,89.04645078353585,36.13287012279034,66.28839460909367,1.6601601233705878,19848.858715057373,0.0,29.0,0.0,1.0,0.050000000000000044,1.908812714740634,1.449802516028285,1.530033940449357
md_cfba_dqn,802,255,102.19307824969292,89.56395415820182,33.661986380815506,68.53109192848206,1.6167484931647778,18857.26279449463,0.0,30.0,0.0,2.0,0.050000000000000044,2.09703104570508,1.6006819512695074,1.6544969361275434
md_cfba_dqn,802,256,76.85921173542738,89.66231480278076,28.600187204778194,48.25902435183525,1.4912115028128028,15896.586894989014,0.0,24.0,0.0,0.0,0.050000000000000044,2.1214458867907524,1.6160454396158457,1.6846681013703346
md_cfba_dqn,802,257,113.72753468453884,91.12012043379248,37.11387266218662,76.61366223096847,1.6982019701972604,20176.536178588867,0.0,32.0,0.0,2.0,0.050000000000000044,1.834286268800497,1.39627137593925,1.4600495994091034
md_cfba_dqn,802,258,89.6633911728859,91.84018206492067,32.154126435518265,57.50926519930363,1.559414902701974,17529.16118621826,0.0,27.0,0.0,0.0,0.050000000000000044,1.5991478953510523,1.216223867610097,1.2764133960008621
md_cfba_dqn,802,259,76.127127379179,90.7066576871276,28.273352295160294,47.85377472639084,1.451065318658948,15170.908740997314,0.0,23.0,0.0,0.0,0.050000000000000044,1.8747047409415245,1.4325706847012043,1.4737800881266594
md_cfba_dqn,802,260,80.7943280339241,89.7641794602573,31.766390830278397,49.027937054634094,1.533587927930057,17503.622312545776,0.0,23.0,0.0,0.0,0.050000000000000044,1.6707999594509602,1.2740707453340292,1.3224306292831898
md_cfba_dqn,802,261,98.63542585074902,90.06288398712874,33.545185431838036,65.09023997187614,1.6046732738614082,18371.263065338135,0.0,29.0,0.0,0.0,0.050000000000000044,2.1598536372184753,1.6469908207654953,1.709542654454708
md_cfba_dqn,802,262,81.33248811364174,89.29082804977895,30.748639166355133,50.583849453926085,1.531634958460927,16761.619918823242,0.0,24.0,0.0,1.0,0.050000000000000044,1.9816082864999771,1.5096500106155872,1.5731941871345043
md_cfba_dqn,802,263,69.39110153466463,88.25838915146889,27.950000889599323,41.441100406646726,1.441209677606821,15383.974689483643,0.0,20.0,0.0,2.0,0.050000000000000044,1.4691339172422886,1.1153902243822813,1.1791455894708633
md_cfba_dqn,802,264,88.66091827452183,88.11599604122343,30.467636212706566,58.193282866477965,1.528160679154098,16588.550537109375,0.0,26.0,0.0,1.0,0.050000000000000044,1.404275694862008,1.0642165653407574,1.1335304025560617
md_cfba_dqn,802,265,87.77447978556157,88.27517793491484,31.46302030235529,56.311459028720854,1.5533225992694497,17637.372972488403,0.0,25.0,0.0,1.0,0.050000000000000044,1.604341086000204,1.2196666561067104,1.2822480723261833
md_cfba_dqn,802,266,75.7790612950921,87.77493576005102,28.92344544827938,46.855615347623825,1.478155049495399,15670.698514938354,0.0,23.0,0.0,1.0,0.050000000000000044,1.9831276759505272,1.5135463662445545,1.5652708858251572
md_cfba_dqn,802,267,105.19392259418964,88.12848997525872,34.93908578157425,70.25483645498753,1.6360115483403206,19239.240127563477,0.0,30.0,0.0,0.0,0.050000000000000044,1.6752672232687473,1.2733582593500614,1.3396965358406305
md_cfba_dqn,802,268,93.09088207036257,88.7715668655932,32.79905949532986,60.29182310402393,1.6254757111892104,18661.498582839966,0.0,27.0,0.0,1.0,0.050000000000000044,1.514584720134735,1.1529755778610706,1.2053637225180864
md_cfba_dqn,802,269,80.96249827146531,88.19051304206252,28.90694060176611,52.05555781126022,1.4850078886374831,15867.5521774292,0.0,25.0,0.0,1.0,0.050000000000000044,1.7951748222112656,1.3679307345300913,1.4241469576954842
md_cfba_dqn,802,270,92.35988248884678,88.46436808891596,31.834145739674568,60.52573703229427,1.5565209733322263,17400.25230026245,0.0,28.0,0.0,0.0,0.050000000000000044,1.9921033717691898,1.5203080829232931,1.5726509131491184
md_cfba_dqn,802,271,91.38635894060135,88.32431140214206,32.18645828962326,59.19990017414093,1.5807698061689734,17674.451942443848,0.0,27.0,0.0,1.0,0.050000000000000044,1.7233896628022194,1.3122741933912039,1.3703847490251064
md_cfba_dqn,802,272,75.20635385960341,88.30623638011517,26.89739301800728,48.308960461616515,1.45373997092247,14582.82725906372,0.0,24.0,0.0,2.0,0.050000000000000044,2.1681069880723953,1.6522256396710873,1.7196043878793716
md_cfba_dqn,802,273,90.81989817470313,88.61896035239101,30.190798208117485,60.629100331664084,1.5414026230573654,16711.73374938965,0.0,26.0,0.0,2.0,0.050000000000000044,1.8292256072163582,1.394106186926365,1.4503980465233326
md_cfba_dqn,802,274,76.06719102859498,87.30125667691233,29.940756261348724,46.12643455862999,1.5038373488932848,16169.73318862915,0.0,22.0,0.0,1.0,0.050000000000000044,2.540527120232582,1.9409986659884453,1.998428139835596
md_cfba_dqn,802,275,89.98022554814816,86.69061404183508,30.829405330121517,59.150820419192314,1.5651649981737137,17378.451580047607,0.0,27.0,0.0,1.0,0.050000000000000044,2.039343699812889,1.5556463822722435,1.6123243942856789
md_cfba_dqn,802,276,80.24291786700488,86.85979934841396,31.155913837254047,49.08700383603573,1.5725957322865725,17749.67876434326,0.0,23.0,0.0,1.0,0.050000000000000044,1.9600609131157398,1.4909675680100918,1.5636443085968494
md_cfba_dqn,802,277,77.30375192314386,85.0386102103442,29.95119659602642,47.35255554318428,1.49676154833287,16561.282760620117,0.0,22.0,0.0,0.0,0.050000000000000044,1.6110369935631752,1.2235748581588268,1.2915404178202152
md_cfba_dqn,802,278,107.90386218577623,85.95063376098872,35.84273795038462,72.0611239373684,1.682887046597898,20165.834880828857,0.0,31.0,0.0,0.0,0.050000000000000044,1.5600716769695282,1.1892929337918758,1.2359291091561317
md_cfba_dqn,802,279,80.7135978654027,86.1799572852999,28.874428153038025,51.83916954100132,1.4991469522938132,15910.52554321289,0.0,24.0,0.0,1.0,0.050000000000000044,1.4597277659922838,1.108321277424693,1.1713549196720123
md_cfba_dqn,802,280,81.38753455132246,86.20961761116982,30.76504284143448,50.62249183654785,1.5206455448642373,16814.98797607422,0.0,24.0,0.0,0.0,0.050000000000000044,1.5175339989364147,1.156758962199092,1.2025834657251835
md_cfba_dqn,802,281,82.65426683425903,85.41055966034533,30.385104075074196,52.26916226744652,1.5172524275258183,16418.052085876465,0.0,25.0,0.0,0.0,0.050000000000000044,1.8884514011442661,1.4418630581349134,1.4886277485638857
md_cfba_dqn,802,282,87.97899040877819,85.74288477510214,30.937962613999844,57.04102824926376,1.5541075831279159,17104.44891166687,0.0,26.0,0.0,3.0,0.050000000000000044,1.5911249108612537,1.210233598947525,1.269637756049633
md_cfba_dqn,802,283,102.14294885396957,87.38047714106737,33.49259939789772,68.65034881532192,1.621468948200345,18680.659984588623,0.0,30.0,0.0,3.0,0.050000000000000044,1.7588602527976036,1.337064653635025,1.4059851355850697
md_cfba_dqn,802,284,98.96317009627819,87.8955897321552,32.374843433499336,66.58832646906376,1.608668215572834,18084.288482666016,0.0,30.0,0.0,0.0,0.050000000000000044,1.946392960846424,1.4883643724024296,1.5267619155347347
md_cfba_dqn,802,285,77.85805476754904,87.39976848125458,29.243164367973804,48.61489054858684,1.4886501161381602,16445.01329612732,0.0,22.0,0.0,4.0,0.050000000000000044,1.9946726262569427,1.5193636547774076,1.5843631383031607
md_cfba_dqn,802,286,74.8787672072649,87.3547537768632,28.344635762274265,46.534131690859795,1.4714175565168262,15409.542110443115,0.0,22.0,0.0,1.0,0.050000000000000044,1.84555733948946,1.4031365681439638,1.4747358448803425
md_cfba_dqn,802,287,57.30936984717846,84.96052613951267,25.26088025420904,32.04848970472813,1.3966073105111718,13664.492044448853,0.0,18.0,0.0,1.0,0.050000000000000044,1.8688147440552711,1.4231374487280846,1.4855908006429672
md_cfba_dqn,802,288,63.370198376476765,83.47449195481838,25.938813231885433,37.43138536810875,1.4018404856324196,13737.321189880371,0.0,19.0,0.0,0.0,0.050000000000000044,1.6233875565230846,1.238672111183405,1.2823847569525242
md_cfba_dqn,802,289,96.19140945374966,84.2359375139326,32.249673545360565,63.9417359828949,1.5933142248541117,18252.151416778564,0.0,28.0,0.0,1.0,0.050000000000000044,2.5897577106952667,1.978089403361082,2.0388942193239927
md_cfba_dqn,802,290,91.62676075845957,84.19928142741324,33.26596059650183,58.36080031096935,1.5889485599473119,18444.2054271698,0.0,26.0,0.0,0.0,0.050000000000000044,1.8787263929843903,1.4392575062811375,1.4648962169885635
md_cfba_dqn,802,291,82.23265141248703,83.74159605100752,29.682453230023384,52.55019834637642,1.5166010968387127,16682.558532714844,0.0,25.0,0.0,0.0,0.050000000000000044,1.5030648782849312,1.1443747133016586,1.1956338547170162
md_cfba_dqn,802,292,93.92087857425213,84.67732228673995,33.02102819085121,60.899850249290466,1.5978302154690027,18316.801649093628,0.0,28.0,0.0,1.0,0.050000000000000044,1.7126008737832308,1.3015301376581192,1.3702356461435556
md_cfba_dqn,802,293,91.81986856609583,84.72732080630958,32.49669787287712,59.32317123711109,1.616825308650732,18546.905548095703,0.0,26.0,0.0,2.0,0.050000000000000044,1.6771391555666924,1.2788158170878887,1.3277444504201412
md_cfba_dqn,802,294,89.03788318485022,85.37585541412236,30.97352298349142,58.064360588788986,1.5557389678433537,16921.778575897217,0.0,26.0,0.0,0.0,0.050000000000000044,2.097624335438013,1.5984482131898403,1.663920320570469
md_cfba_dqn,802,295,88.39731429517269,85.29670985147358,31.43855945020914,56.95875424146652,1.5682713966816664,17277.466861724854,0.0,27.0,0.0,0.0,0.050000000000000044,2.0462622232735157,1.5595359466969967,1.6224209181964397
md_cfba_dqn,802,296,96.34522460401058,86.10182518832387,31.554778061807156,64.79044625163078,1.5420631039887667,17389.577098846436,0.0,30.0,0.0,0.0,0.050000000000000044,1.6954820230603218,1.2914548013359308,1.3467573337256908
md_cfba_dqn,802,297,71.84349779486656,85.82881248190998,27.405352368950844,44.43814590275288,1.4269518330693245,14805.524145126343,0.0,22.0,0.0,3.0,0.050000000000000044,1.693419799208641,1.299098577350378,1.314404021948576
md_cfba_dqn,802,298,86.54915335327387,84.76107704028487,31.29709153622389,55.25206148922443,1.5394448228180408,16833.11505126953,0.0,25.0,0.0,3.0,0.050000000000000044,1.8743415661156178,1.4295965898782015,1.4824832044541836
md_cfba_dqn,802,299,73.74115158617496,84.41245472632349,28.889376498758793,44.85177528858185,1.4862631233409047,15942.32636833191,0.0,22.0,0.0,0.0,0.050000000000000044,1.780798576772213,1.3585358262062073,1.4075423926115036
md_cfba_dqn,802,300,91.27807532250881,84.90698176488281,32.304903365671635,58.97317238152027,1.5863638864830136,18212.83023262024,0.0,26.0,0.0,1.0,0.050000000000000044,1.8079300746321678,1.3761744163930416,1.4391854740679264
md_cfba_dqn,802,301,106.20394378900528,86.08446561262011,35.95742742717266,70.24651682376862,1.6879887375980616,20080.765544891357,0.0,31.0,0.0,0.0,0.050000000000000044,2.1705655679106712,1.6555742714554071,1.7166376262903214
md_cfba_dqn,802,302,82.37830900400877,85.80443154238165,30.01202303916216,52.36628594994545,1.5383253693580627,16704.1632232666,0.0,24.0,0.0,0.0,0.050000000000000044,1.6650119796395302,1.2677898332476616,1.3240737859159708
md_cfba_dqn,802,303,73.5768186032772,84.37612502984703,25.68619518727064,47.89062348306179,1.3973622545599937,14310.002378463745,0.0,24.0,0.0,3.0,0.050000000000000044,1.8256722874939442,1.3889141213148832,1.4558604210615158
md_cfba_dqn,802,304,95.26314464211464,84.19112375713885,32.392378494143486,62.870765686035156,1.5664282785728574,17935.511837005615,0.0,29.0,0.0,0.0,0.050000000000000044,1.6050628498196602,1.2238302528858185,1.270775306969881
md_cfba_dqn,802,305,92.88264050483704,84.94235304400326,32.53037690371275,60.352263459563254,1.5646933810785413,17817.793838500977,0.0,28.0,0.0,1.0,0.050000000000000044,2.2130023166537285,1.6914221178740263,1.7386006563901901
md_cfba_dqn,802,306,70.7166390568018,84.7342466364801,28.947863936424255,41.76877509057522,1.473544322885573,15611.197490692139,0.0,21.0,0.0,1.0,0.050000000000000044,2.01571299508214,1.5359661094844341,1.5991561710834503
md_cfba_dqn,802,307,90.7287770435214,86.40521699629724,32.06795395165682,58.66082352399826,1.564747916534543,17918.624069213867,0.0,27.0,0.0,0.0,0.050000000000000044,2.02407743036747,1.5435432698577642,1.601780528202653
md_cfba_dqn,802,308,88.4684996932745,87.66013206213714,31.148145481944084,57.3203543305397,1.5336614260450006,17112.096702575684,0.0,25.0,0.0,2.0,0.050000000000000044,1.9597135353833437,1.493961215019226,1.5525076929479837
md_cfba_dqn,802,309,75.27457645833492,86.61429041236639,28.430702671408653,46.843873533606526,1.4493959555402398,15527.595134735107,0.0,21.0,0.0,2.0,0.050000000000000044,1.8347587436437607,1.4023843668401241,1.4412478767335415
md_cfba_dqn,802,310,88.5439623594284,86.46015049241483,30.60412136465311,57.939840495586395,1.5217957766726613,16761.269107818604,0.0,27.0,0.0,0.0,0.050000000000000044,1.828940112143755,1.395593661814928,1.4444880802184343
md_cfba_dqn,802,311,86.3640503898263,86.6667204412818,31.952433817088604,54.41161667704582,1.564464800991118,17672.021224975586,0.0,25.0,0.0,2.0,0.050000000000000044,1.9212539233267307,1.4657538067549467,1.5183336362242699
md_cfba_dqn,802,312,78.26528952270746,85.88394098870457,29.42456354945898,48.84072691202164,1.5040763318538666,16282.532745361328,0.0,22.0,0.0,1.0,0.050000000000000044,1.8255478739738464,1.3898785896599293,1.4522308949381113
md_cfba_dqn,802,313,85.00644694268703,85.54326990753414,28.955384209752083,56.05106295645237,1.5004187179729342,16298.045379638672,0.0,27.0,0.0,0.0,0.050000000000000044,1.919331792742014,1.4708587098866701,1.4949102085083723
md_cfba_dqn,802,314,90.38534420132638,85.61064295835794,30.814937874674797,59.57040602862835,1.550851121544838,17209.574111938477,0.0,27.0,0.0,1.0,0.050000000000000044,2.0715290531516075,1.5818632636219263,1.6322192028164864
md_cfba_dqn,802,315,87.98926807194948,85.59024064719678,32.19684211164713,55.792425379157066,1.5763562535867095,18176.40810775757,0.0,25.0,0.0,1.0,0.050000000000000044,2.055950863286853,1.5681304596364498,1.6260680388659239
md_cfba_dqn,802,316,79.6392277494073,84.75494080446661,28.84915543347597,50.79007224142551,1.475231614895165,16194.920272827148,0.0,23.0,0.0,1.0,0.050000000000000044,2.182524036616087,1.6657129488885403,1.7227036356925964
md_cfba_dqn,802,317,74.8282445088029,84.90417814016344,28.87948727607727,45.94875726997852,1.478778156451881,15726.513324737549,0.0,21.0,0.0,2.0,0.050000000000000044,2.094278931617737,1.595450196415186,1.6627623941749334
md_cfba_dqn,802,318,76.45976433157921,84.3997086890787,28.549522146582603,47.910242170095444,1.4716473296284676,15977.98581314087,0.0,23.0,0.0,0.0,0.050000000000000044,1.7483380176126957,1.3302447348833084,1.3936443030834198
md_cfba_dqn,802,319,80.12135356664658,84.71871878810228,29.682818725705147,50.43853501975536,1.4928384935483336,16389.362453460693,0.0,24.0,0.0,0.0,0.050000000000000044,1.4386657550930977,1.0940108504146338,1.1488495860248804
md_cfba_dqn,802,320,93.4885111823678,84.82924058109522,31.16186013072729,62.32665094733238,1.5886298166587949,17347.352249145508,0.0,27.0,0.0,2.0,0.050000000000000044,1.5919041857123375,1.2115046232938766,1.2679984234273434
md_cfba_dqn,802,321,74.1934698611498,83.22871688470244,26.90202897042036,47.29144077897072,1.4335241802036762,14863.250717163086,0.0,23.0,0.0,1.0,0.050000000000000044,2.169209450483322,1.6485735811293125,1.7354528233408928
md_cfba_dqn,802,322,93.43469073623419,83.78153597131373,33.35624077916145,60.07844989001751,1.5999722750857472,18453.54196357727,0.0,28.0,0.0,1.0,0.050000000000000044,2.2638400346040726,1.7308172062039375,1.7767426501959562
md_cfba_dqn,802,323,81.23934678137303,84.16466238021852,29.80151365697384,51.437833392620085,1.5128299882635474,16953.930198669434,0.0,23.0,0.0,2.0,0.050000000000000044,1.8075293228030205,1.3791950680315495,1.4277807716280222
md_cfba_dqn,802,324,82.91637931764126,83.54732411399485,30.177986070513725,52.738393411040306,1.5121493572369218,16639.631790161133,0.0,25.0,0.0,0.0,0.050000000000000044,2.143910802900791,1.6351199932396412,1.6959693618118763
md_cfba_dqn,802,325,81.3733240365982,82.9718582905829,28.93173887580633,52.44158512353897,1.4871305953711271,16123.216567993164,0.0,26.0,0.0,0.0,0.050000000000000044,1.5951849445700645,1.2174063101410866,1.2592621371150017
md_cfba_dqn,802,326,79.40574312955141,83.40631349422037,29.68319357931614,49.722550332546234,1.5171398231759667,16647.016063690186,0.0,23.0,0.0,0.0,0.050000000000000044,1.8682949021458626,1.4270644523203373,1.4707681313157082
md_cfba_dqn,802,327,97.44933997988701,83.74234164103866,32.12248979508877,65.32684976756573,1.5690477890893817,17659.036338806152,0.0,29.0,0.0,1.0,0.050000000000000044,1.7973034754395485,1.3714406564831734,1.4195426739752293
md_cfba_dqn,802,328,88.03154785186052,83.72049404896795,30.887138552963734,57.144409134984016,1.532433151267469,17401.98913192749,0.0,28.0,0.0,0.0,0.050000000000000044,2.321812927722931,1.7756432220339775,1.8205656558275223
md_cfba_dqn,802,329,90.57259784638882,84.48539511837066,33.16078491508961,57.41181269288063,1.60468022339046,18653.09528541565,0.0,28.0,0.0,0.0,0.050000000000000044,2.0626174733042717,1.5765140317380428,1.6203447580337524
md_cfba_dqn,802,330,69.11150434017182,83.51377221740783,25.91634376347065,43.19516066610813,1.388593964278698,14251.85043334961,0.0,20.0,0.0,1.0,0.050000000000000044,2.1144307740032673,1.6118263248354197,1.67534801363945
md_cfba_dqn,802,331,95.09019090980291,83.95007924340666,31.30894459038973,63.781246453523636,1.5479323556646705,17380.23287010193,0.0,27.0,0.0,0.0,0.050000000000000044,1.7660156264901161,1.3495680410414934,1.3881585821509361
md_cfba_dqn,802,332,88.41500049829483,84.45756479218603,31.517391994595528,56.89760862290859,1.5655350293964148,17696.539974212646,0.0,27.0,0.0,0.0,0.050000000000000044,1.687431352213025,1.2909152060747147,1.3217203505337238
md_cfba_dqn,802,333,79.45687722712755,84.18008630640806,29.904315941035748,49.55256116688251,1.5110255517065525,16638.69048309326,0.0,22.0,0.0,2.0,0.050000000000000044,1.927447870373726,1.476989533752203,1.5015277154743671
md_cfba_dqn,802,334,82.79336053133011,83.80048712290824,30.753958895802498,52.03940159082413,1.5309060672298074,17482.28699874878,0.0,24.0,0.0,0.0,0.050000000000000044,1.6704444661736488,1.2722319662570953,1.3273749984800816
md_cfba_dqn,802,335,85.88645900785923,83.69534666970372,30.419955655932426,55.46650356054306,1.5170218124985695,16520.6921043396,0.0,25.0,0.0,0.0,0.050000000000000044,2.034495282918215,1.5547901466488838,1.5990170314908028
md_cfba_dqn,802,336,93.44834785312415,84.38580267488956,31.536742120981216,61.91160535216331,1.5861426210030913,18009.270866394043,0.0,27.0,0.0,1.0,0.050000000000000044,1.6130476966500282,1.2287846859544516,1.28087655082345
md_cfba_dqn,802,337,78.05820325016975,84.54730061195792,27.327782824635506,50.73042035102844,1.4534251876175404,15430.82576751709,0.0,24.0,0.0,0.0,0.050000000000000044,2.108282260596752,1.6075478792190552,1.669114451855421
md_cfba_dqn,802,338,71.47708258926869,84.2981665248424,27.714417159557343,43.7626657128334,1.4457039488479495,15244.51884841919,0.0,19.0,0.0,1.0,0.050000000000000044,2.110865443944931,1.610535116866231,1.6677676998078823
md_cfba_dqn,802,339,84.488812969625,84.51653949499132,30.775273330509663,53.71354047358036,1.5449599316343665,17380.907205581665,0.0,24.0,0.0,3.0,0.050000000000000044,1.88826634734869,1.439813131466508,1.4948439728468657
md_cfba_dqn,802,340,83.9782272964716,84.04102530069652,28.713783264160156,55.26444382369518,1.4974411688745022,16017.81354522705,0.0,24.0,0.0,2.0,0.050000000000000044,1.8269923999905586,1.3945457711815834,1.4414887223392725
md_cfba_dqn,802,341,78.08682301789523,84.23569295853379,27.43648386746645,50.650339090824126,1.473331032320857,15479.263572692871,0.0,24.0,0.0,2.0,0.050000000000000044,2.139990795403719,1.6359015014022589,1.6802974864840508
md_cfba_dqn,802,342,90.4813441336155,84.08802562840285,31.994902729988098,58.48644116520882,1.6061069089919329,18140.075580596924,0.0,27.0,0.0,0.0,0.050000000000000044,1.7425391227006912,1.3257917370647192,1.3891579490154982
md_cfba_dqn,802,343,76.70685115456581,83.86140084706248,28.840504109859467,47.86634734272957,1.4864384327083826,16150.538516998291,0.0,25.0,0.0,1.0,0.050000000000000044,1.8956426493823528,1.4472610503435135,1.4946052599698305
md_cfba_dqn,802,344,72.20964074134827,83.32606391824783,27.64065273106098,44.56898778676987,1.4676464013755322,15779.251064300537,0.0,21.0,0.0,2.0,0.050000000000000044,1.8542839363217354,1.4129349160939455,1.4711633305996656
md_cfba_dqn,802,345,90.56624823957682,83.78571012839674,30.650556825101376,59.915691101551054,1.5838531022891402,17825.470657348633,0.0,25.0,0.0,2.0,0.050000000000000044,2.177563026547432,1.6611271388828754,1.7214528322219849
md_cfba_dqn,802,346,85.41967576146126,84.08640675999224,28.872592352330685,56.54708341658115,1.4702406423166394,16063.986362457275,0.0,27.0,0.0,2.0,0.050000000000000044,1.930960077792406,1.4734333045780659,1.5250891484320164
md_cfba_dqn,802,347,81.52621357142925,83.29025043956936,28.04164696484804,53.4845666885376,1.475974720902741,15825.548847198486,0.0,25.0,0.0,1.0,0.050000000000000044,1.69510692730546,1.2985794506967068,1.3217582441866398
md_cfba_dqn,802,348,73.87940616905689,82.58264335542917,29.190229423344135,44.689176112413406,1.453112991526723,15683.045150756836,0.0,23.0,0.0,0.0,0.050000000000000044,1.4869751818478107,1.1330432817339897,1.1797729786485434
md_cfba_dqn,802,349,81.15002239495516,82.1115145828575,29.205916307866573,51.94410616159439,1.508738967590034,16707.26021194458,0.0,22.0,0.0,2.0,0.050000000000000044,2.1266463175415993,1.6227553747594357,1.6796364188194275
md_cfba_dqn,802,350,84.55713134407998,82.8837959330529,30.381832122802734,54.17529926598072,1.5215476099401712,16913.090576171875,0.0,26.0,0.0,1.0,0.050000000000000044,1.9891809672117233,1.5200021173804998,1.5639294907450676
md_cfba_dqn,802,351,91.75131206959486,82.71685199104249,31.61428778618574,60.137024119496346,1.571147846058011,17655.169303894043,0.0,27.0,0.0,0.0,0.050000000000000044,1.892590954899788,1.4438706506043673,1.4957342930138111
md_cfba_dqn,802,352,86.880598077178,82.64013186998666,31.309400521218777,55.571197086572646,1.560721498914063,17828.11209487915,0.0,26.0,0.0,2.0,0.050000000000000044,2.044983137398958,1.5634054858237505,1.6052587777376175
md_cfba_dqn,802,353,55.55840793997049,81.4452084056288,24.68671751767397,30.87169063091278,1.3997389366850257,14003.32788658142,0.0,18.0,0.0,0.0,0.050000000000000044,1.9406855590641499,1.4923119209706783,1.494578743353486
md_cfba_dqn,802,354,83.35212481766939,81.47314661994577,28.985545367002487,54.36657929420471,1.4804417695850134,16137.047296524048,0.0,24.0,0.0,1.0,0.050000000000000044,1.9192636907100677,1.4667527992278337,1.5083695519715548
md_cfba_dqn,802,355,75.67630863189697,80.96263910114766,28.243349462747574,47.43295906484127,1.4835288506001234,15899.50562286377,0.0,24.0,0.0,0.0,0.050000000000000044,2.099729962646961,1.601180050522089,1.6618330124765635
md_cfba_dqn,802,356,74.62677712738514,80.0215605648607,27.488048188388348,47.13872939348221,1.451365439221263,14983.973030090332,0.0,22.0,0.0,1.0,0.050000000000000044,2.110065072774887,1.612248346209526,1.6593890897929668
md_cfba_dqn,802,357,70.07149381935596,79.62222509332001,27.044379502534866,43.027114167809486,1.4534116853028536,15637.290214538574,0.0,21.0,0.0,2.0,0.050000000000000044,1.7902995012700558,1.362569322809577,1.425767194479704
md_cfba_dqn,802,358,89.40676213800907,80.51870907075704,31.037725925445557,58.369035601615906,1.5551175819709897,17596.53896713257,0.0,26.0,0.0,1.0,0.050000000000000044,2.5437680892646313,1.948470925912261,1.984323788434267
md_cfba_dqn,802,359,89.66244278252125,80.77739056140186,32.78737635165453,56.87506638616323,1.598508259281516,18536.765014648438,0.0,27.0,0.0,1.0,0.050000000000000044,1.5427631065249443,1.1747478377074003,1.2267175000160933
md_cfba_dqn,802,360,68.6177523240447,80.0093668127805,26.841100685298443,41.77665128111839,1.4430548613891006,15163.438465118408,0.0,20.0,0.0,4.0,0.050000000000000044,2.2163404896855354,1.6918624006211758,1.748260211199522
md_cfba_dqn,802,361,86.9421403735876,80.45213268056511,31.532474368810654,55.409666302800176,1.5265392968431115,17169.18398666382,0.0,26.0,0.0,2.0,0.050000000000000044,2.1334128882735968,1.6281688790768385,1.684146549552679
md_cfba_dqn,802,362,71.57267245650291,79.50669909670948,26.891858890652657,44.680813655257225,1.460595415905118,15574.652053833008,0.0,21.0,0.0,1.0,0.050000000000000044,2.019538264721632,1.5415748041123152,1.5932115782052279
md_cfba_dqn,802,363,69.55643451213837,79.14917826458812,27.641845040023327,41.914589673280716,1.462060321122408,15859.952062606812,0.0,21.0,0.0,0.0,0.050000000000000044,1.5502828489989042,1.1805549561977386,1.2324262671172619
md_cfba_dqn,802,364,90.21911294907332,80.04965187497437,32.477788396179676,57.74132446348667,1.5829510483890772,18574.074668884277,0.0,25.0,0.0,1.0,0.050000000000000044,2.1051781326532364,1.6096584498882294,1.6517322901636362
md_cfba_dqn,802,365,86.2453923150897,79.83360907875002,30.037860736250877,56.207531452178955,1.5362501982599497,17249.945350646973,0.0,27.0,0.0,0.0,0.050000000000000044,2.202697418630123,1.6816921718418598,1.7366839796304703
md_cfba_dqn,802,366,80.07254713177682,79.56625264726581,29.07493881136179,50.99760829806328,1.5127909323200583,16238.580532073975,0.0,24.0,0.0,1.0,0.050000000000000044,1.7437206991016865,1.3364664185792208,1.3575142249464989
md_cfba_dqn,802,367,74.94713191241026,79.23729856431484,28.924262888729572,46.022869172692296,1.5309140738099813,16943.024856567383,0.0,22.0,0.0,2.0,0.050000000000000044,2.5494953766465187,1.9490341767668724,2.0015372559428215
md_cfba_dqn,802,368,92.24258193820715,80.15545735277236,32.48658085614443,59.75600111186505,1.5466903559863567,18119.531244277954,0.0,26.0,0.0,3.0,0.050000000000000044,2.034751232713461,1.5556074511259794,1.5971459187567234
md_cfba_dqn,802,369,91.0865913182497,80.65228579893707,31.166927248239517,59.91966390609741,1.54047117754817,17317.591777801514,0.0,26.0,0.0,1.0,0.050000000000000044,2.0386898145079613,1.5569865982979536,1.6056771706789732
md_cfba_dqn,802,370,69.9628606364131,79.92257226355375,26.13892274349928,43.823938235640526,1.421979060396552,14866.80652809143,0.0,21.0,0.0,0.0,0.050000000000000044,1.9196344334632158,1.4640865195542574,1.5184930097311735
md_cfba_dqn,802,371,87.37602212429047,79.70380776628852,29.539206117391586,57.83681606650352,1.5065724262967706,16448.861129760742,0.0,27.0,0.0,1.0,0.050000000000000044,2.0947572961449623,1.6017852202057838,1.6432402022182941
md_cfba_dqn,802,372,65.65490807145834,78.64252326600254,25.840228460729122,39.8146794617176,1.4257536083459854,14950.277980804443,0.0,21.0,0.0,3.0,0.050000000000000044,1.9010780341923237,1.450458662584424,1.502064535394311
md_cfba_dqn,802,373,72.5178335160017,79.49049454480411,26.581561103463173,45.93627209961414,1.4146443298086524,15092.807498931885,0.0,24.0,0.0,1.0,0.050000000000000044,2.0556576028466225,1.5726595912128687,1.6099932044744492
md_cfba_dqn,802,374,84.00655906796456,79.52321625731886,29.56546902656555,54.44108995199203,1.5241601504385471,16923.200828552246,0.0,25.0,0.0,2.0,0.050000000000000044,1.9709137342870235,1.5039265099912882,1.5566240809857845
md_cfba_dqn,802,375,85.32649256289005,80.00572545386851,29.255344286561012,56.071148723363876,1.511927948333323,16719.70796394348,0.0,24.0,0.0,0.0,0.050000000000000044,2.2513323444873095,1.720502706244588,1.769432058557868
md_cfba_dqn,802,376,81.85754351466895,80.36726377323271,28.45130681246519,53.40623634457588,1.4676511837169528,15879.008407592773,0.0,26.0,0.0,2.0,0.050000000000000044,1.5906240493059158,1.2141067627817392,1.2550575360655785
md_cfba_dqn,802,377,93.04014798998833,81.51569648176432,31.8897587582469,61.15038946270943,1.576194316148758,17994.010040283203,0.0,27.0,0.0,0.0,0.050000000000000044,2.094921663403511,1.6008760929107666,1.6468185000121593
md_cfba_dqn,802,378,72.80241609662771,80.68547917969525,27.861354492604733,44.94106124639511,1.4656365495175123,16063.21413230896,0.0,21.0,0.0,4.0,0.050000000000000044,1.7332683689892292,1.3203936368227005,1.3762490302324295
md_cfba_dqn,802,379,90.17901490330696,80.71130778573453,31.35707288980484,58.82194275856018,1.548214577138424,17544.938793182373,0.0,26.0,0.0,4.0,0.050000000000000044,2.0732285119593143,1.582206727936864,1.636739181354642
md_cfba_dqn,802,380,76.24585248678923,81.09271279387177,27.80204077064991,48.44381148517132,1.4540976490825415,15767.690818786621,0.0,22.0,0.0,1.0,0.050000000000000044,1.528086096048355,1.1661721412092447,1.206379771232605
md_cfba_dqn,802,381,73.73196425288916,80.43220398783684,27.015193551778793,46.716770723462105,1.4403295451775193,14936.397914886475,0.0,22.0,0.0,2.0,0.050000000000000044,1.746772974729538,1.334624271839857,1.3738290145993233
md_cfba_dqn,802,382,84.12230987250805,81.05968585863711,29.58253937214613,54.539770701527594,1.5009985696524382,16427.0604057312,0.0,25.0,0.0,1.0,0.050000000000000044,2.093844212591648,1.5964246913790703,1.6580649688839912
md_cfba_dqn,802,383,78.41873354613782,81.50280081033708,29.539514794945717,48.87921870648861,1.4735069060698152,16533.077354431152,0.0,23.0,0.0,1.0,0.050000000000000044,1.8935676701366901,1.445366581901908,1.4940036106854677
md_cfba_dqn,802,384,91.17836771309376,81.55076354853811,31.746471092104912,59.431896740198134,1.5907113309949636,18057.528690338135,0.0,26.0,0.0,1.0,0.050000000000000044,1.6741950195282698,1.2791922856122255,1.316675715148449
md_cfba_dqn,802,385,73.08136673420668,80.89256226949396,25.464228481054306,47.617138200998305,1.381262200884521,14121.770259857178,0.0,22.0,0.0,1.0,0.050000000000000044,1.9709930270910263,1.5050164945423603,1.5532550513744354
md_cfba_dqn,802,386,80.66437380760908,80.92215360328558,30.044622249901295,50.61975145339966,1.5261769061908126,17055.360515594482,0.0,24.0,0.0,1.0,0.050000000000000044,1.6639611590653658,1.272106358781457,1.3061826843768358
md_cfba_dqn,802,387,72.45306613743304,80.7974503145367,25.849219396710396,46.60384733676911,1.413118383847177,14730.501857757568,0.0,22.0,0.0,3.0,0.050000000000000044,1.8262783754616976,1.3942535426467657,1.4400826822966337
md_cfba_dqn,802,388,87.8928488880396,80.57996366202832,30.129116609692574,57.76373256146908,1.5325054628774524,16999.560245513916,0.0,26.0,0.0,3.0,0.050000000000000044,2.3255467358976603,1.7787235155701637,1.8227440398186445
md_cfba_dqn,802,389,70.6404105424881,79.55765462324024,27.049602389335632,43.59080809354782,1.424939933232963,15126.589504241943,0.0,22.0,0.0,0.0,0.050000000000000044,2.1744176410138607,1.663180312141776,1.7041243705898523
md_cfba_dqn,802,390,95.47523044198752,80.83327311351897,33.32940238714218,62.145828092098235,1.5830697203055024,18641.383686065674,0.0,28.0,0.0,1.0,0.050000000000000044,1.9937905333936214,1.5208244323730469,1.5765535682439804
md_cfba_dqn,802,391,68.15240400433541,79.87209220752122,25.727663323283195,42.42474071085453,1.3959692688658834,14458.822174072266,0.0,21.0,0.0,1.0,0.050000000000000044,2.1428951546549797,1.6368751041591167,1.6867333687841892
md_cfba_dqn,802,392,79.46180988103151,80.56243729799988,29.550649903714657,49.91115999221802,1.5308699682354927,17222.25562286377,0.0,24.0,0.0,0.0,0.050000000000000044,2.7474446520209312,2.1053627878427505,2.140272840857506
md_cfba_dqn,802,393,72.93482501953841,80.58328687317672,27.354322962462902,45.58050169944763,1.4639169611036777,15988.633655548096,0.0,23.0,0.0,3.0,0.050000000000000044,1.802830807864666,1.378782294690609,1.4134949762374163
md_cfba_dqn,802,394,77.21497203409672,80.24370752148332,27.58154159039259,49.633430570364,1.4504944868385792,15343.7138671875,0.0,23.0,0.0,1.0,0.050000000000000044,2.1545002683997154,1.6465933173894882,1.693023081868887
md_cfba_dqn,802,395,77.15510661303998,79.83513822399081,28.765045940876007,48.39006073176861,1.486514089629054,16033.640768051147,0.0,22.0,0.0,1.0,0.050000000000000044,1.702827151864767,1.2995318174362183,1.3443176746368408
md_cfba_dqn,802,396,76.89270784258842,79.58689644038678,28.656012400984764,48.236695396900174,1.4760175161063671,16614.93162918091,0.0,22.0,0.0,3.0,0.050000000000000044,2.0419667921960354,1.5589846465736628,1.6099404022097588
md_cfba_dqn,802,397,47.868543803691864,77.32831623107197,22.85795234143734,25.01059152185917,1.3000175524502993,12672.87698173523,0.0,16.0,0.0,0.0,0.050000000000000044,2.1473935805261135,1.6448293831199408,1.6752140074968338
md_cfba_dqn,802,398,71.89355649203063,77.2828732508421,26.465211808681488,45.428344094753264,1.429495963267982,14842.710786819458,0.0,21.0,0.0,1.0,0.050000000000000044,1.9799165446311235,1.514993293210864,1.5497440695762634
md_cfba_dqn,802,399,79.07319313287735,76.72758216232063,29.122136250138283,49.95105701684952,1.5163401225581765,16533.182287216187,0.0,24.0,0.0,0.0,0.050000000000000044,2.0780288837850094,1.5884234923869371,1.6320179253816605
md_cfba_dqn,802,400,80.20686024427414,76.92563255019486,28.127555571496487,52.07930502295494,1.5061181364580989,16058.90166091919,0.0,24.0,0.0,0.0,0.050000000000000044,2.528407882899046,1.9395896382629871,1.9627274125814438
md_cfba_dqn,802,401,79.93093331307173,77.23558100320399,27.521525271236897,52.40940805673599,1.4595445292070508,15195.759338378906,0.0,26.0,0.0,2.0,0.050000000000000044,2.0374564826488495,1.5590275283902884,1.5947630517184734
md_cfba_dqn,802,402,77.70202683657408,76.91456685140729,27.88384597748518,49.818180963397026,1.5082548055797815,16337.4235496521,0.0,22.0,0.0,0.0,0.050000000000000044,1.9902423806488514,1.5254506897181273,1.5493056327104568
md_cfba_dqn,802,403,84.80217042714358,77.2337386954576,29.487546026706696,55.31462384164333,1.5025024535134435,16732.83561706543,0.0,25.0,0.0,3.0,0.050000000000000044,1.9551891013979912,1.4938391912728548,1.5378330238163471
md_cfba_dqn,802,404,79.60423991233111,76.65503230541945,27.458326369524002,52.14591326713562,1.4748260797932744,15752.577842712402,0.0,24.0,0.0,3.0,0.050000000000000044,2.2623498290777206,1.729026548564434,1.7777441814541817
md_cfba_dqn,802,405,80.1654067337513,77.00923430539669,28.37286065518856,51.79254578053951,1.4955522334203124,16078.506435394287,0.0,25.0,0.0,0.0,0.050000000000000044,2.123153652995825,1.621999155730009,1.6705148853361607
md_cfba_dqn,802,406,72.23051575720311,76.58754140287638,26.32374057173729,45.906775349378584,1.4333728915080428,15047.03702545166,0.0,23.0,0.0,1.0,0.050000000000000044,1.9602567590773106,1.4998550675809383,1.5346722230315208
md_cfba_dqn,802,407,82.10874155312777,77.07032517366113,29.991326950490475,52.11741463243961,1.5173440827056766,16772.38874053955,0.0,24.0,0.0,1.0,0.050000000000000044,1.7405387796461582,1.3288921304047108,1.372155323624611
md_cfba_dqn,802,408,108.41589570343494,78.09647751443089,35.29953357577324,73.11636196374893,1.6544508505612612,19643.39826965332,0.0,31.0,0.0,3.0,0.050000000000000044,2.2827757745981216,1.7459986172616482,1.789256988093257
md_cfba_dqn,802,409,72.35929273813963,78.18242162421346,25.167778439819813,47.19151419401169,1.41661492921412,14456.269855499268,0.0,22.0,0.0,0.0,0.050000000000000044,2.3843015022575855,1.8248181026428938,1.8649446442723274
md_cfba_dqn,802,410,89.48348318040371,77.88283426113426,29.50531369447708,59.97816950082779,1.494712358340621,16650.20929336548,0.0,27.0,0.0,1.0,0.050000000000000044,1.7982810623943806,1.371479781344533,1.4226708970963955
md_cfba_dqn,802,411,92.19942746460438,79.08518543414772,30.739255890250206,61.46017173826694,1.5558034405112267,17725.58193206787,0.0,28.0,0.0,2.0,0.050000000000000044,2.141917258501053,1.6364778447896242,1.6847980078309774
md_cfba_dqn,802,412,79.67606548964977,79.09589821457863,26.6005477309227,53.075517654418945,1.455143011175096,15221.67491531372,0.0,25.0,0.0,0.0,0.050000000000000044,2.049946144223213,1.5635855831205845,1.6212017741054296
md_cfba_dqn,802,413,77.18630784004927,79.30847235560418,28.120664425194263,49.06564357876778,1.4666080102324486,16139.85192489624,0.0,23.0,0.0,0.0,0.050000000000000044,2.1320978216826916,1.631999932229519,1.6669929027557373
md_cfba_dqn,802,414,103.9197852253914,80.64371301516891,35.38769344985485,68.53209165632725,1.6717690033838153,19966.15261077881,0.0,30.0,0.0,1.0,0.050000000000000044,2.009018938988447,1.5353846531361341,1.5787809025496244
md_cfba_dqn,802,415,89.05078584104777,81.23849697656931,30.218688629567623,58.83209710717201,1.5379100274294615,16797.92295074463,0.0,27.0,0.0,1.0,0.050000000000000044,2.150621809065342,1.6473519746214151,1.677565935999155
md_cfba_dqn,802,416,85.52461562305689,81.67009236559272,29.32694687694311,56.19766852259636,1.5292381551116705,16769.086875915527,0.0,25.0,0.0,0.0,0.050000000000000044,1.3539453074336052,1.0308005809783936,1.0771490447223186
md_cfba_dqn,802,417,59.04247689396143,82.22878902010622,24.611738845705986,34.430738338828085,1.3578563304618,13536.176670074463,0.0,19.0,0.0,1.0,0.050000000000000044,2.135915443301201,1.634559005498886,1.6711880192160606
md_cfba_dqn,802,418,80.59407840669155,82.66381511583924,28.77282055467367,51.821257904171944,1.4531764974817634,15908.950908660889,0.0,25.0,0.0,0.0,0.050000000000000044,2.414486739784479,1.847887234762311,1.8886650018393993
md_cfba_dqn,802,419,71.19732936024666,82.27002192720771,25.9003554135561,45.29697387963533,1.4132895870134234,14753.749126434326,0.0,21.0,0.0,3.0,0.050000000000000044,1.6849555224180222,1.2877364922314882,1.3240634128451347
md_cfba_dqn,802,420,89.78985854536295,82.74917184226214,30.903365291655064,58.8864934772253,1.5726994816213846,17758.004959106445,0.0,27.0,0.0,3.0,0.050000000000000044,1.7371403127908707,1.3233323264867067,1.3793598841875792
md_cfba_dqn,802,421,84.13967890441418,82.95960912182927,31.12223794311285,53.0174414306879,1.5385502753779292,17443.26760482788,0.0,24.0,0.0,2.0,0.050000000000000044,2.1912714317440987,1.6763163711875677,1.7165167815983295
md_cfba_dqn,802,422,77.38206158727408,82.94361085936427,28.99435818940401,48.387703442573546,1.477984701283276,16426.494049072266,0.0,21.0,0.0,1.0,0.050000000000000044,1.7613139227032661,1.3504785895347595,1.369451005011797
md_cfba_dqn,802,423,87.48040719628334,83.07752269782127,28.951431334018707,58.52897662222385,1.5494107836857438,17243.96556854248,0.0,27.0,0.0,4.0,0.050000000000000044,1.8408875092864037,1.406219718977809,1.4488925859332085
md_cfba_dqn,802,424,83.77606939673424,83.28611417204144,30.723527066409588,53.052542501688,1.5298090009018779,17286.117321014404,0.0,24.0,0.0,2.0,0.050000000000000044,2.1482501961290836,1.6439411453902721,1.6810301132500172
md_cfba_dqn,802,425,63.88721987605095,82.47220482915642,25.32527483999729,38.56194508075714,1.386141587048769,14628.758766174316,0.0,20.0,0.0,0.0,0.050000000000000044,2.063321679830551,1.5735571011900902,1.6325485929846764
md_cfba_dqn,802,426,94.69901699125766,83.59562989085913,33.38249671459198,61.31651956140995,1.606064546853304,19055.879501342773,0.0,26.0,0.0,2.0,0.050000000000000044,2.1542641781270504,1.6448845341801643,1.6979322098195553
md_cfba_dqn,802,427,81.68772380948067,83.57457900367679,31.033094510436058,50.65462967157364,1.555737336166203,17667.360466003418,0.0,23.0,0.0,1.0,0.050000000000000044,2.247101064771414,1.7191589698195457,1.7598068974912167
md_cfba_dqn,802,428,77.7673343449831,82.04215093575418,29.48635058104992,48.2809839874506,1.4735844675451517,16744.40637588501,0.0,23.0,0.0,2.0,0.050000000000000044,1.7808018159121275,1.360440256074071,1.4012051653116941
md_cfba_dqn,802,429,85.02521724253893,82.67544716097414,28.92577113956213,56.09944614768028,1.5309403100982308,16825.05973815918,0.0,25.0,0.0,3.0,0.050000000000000044,1.7154670618474483,1.3097060061991215,1.3525367509573698
md_cfba_dqn,802,430,91.01090051233768,82.75181802757085,29.64085005223751,61.370050206780434,1.5287552578374743,16802.91467666626,0.0,30.0,0.0,0.0,0.050000000000000044,2.0339833535254,1.5550784189254045,1.5963496286422014
md_cfba_dqn,802,431,73.75603364408016,81.82964833654464,27.889491692185402,45.86654217541218,1.4761469652876258,16031.615196228027,0.0,23.0,0.0,2.0,0.050000000000000044,1.7503579631447792,1.3349116295576096,1.3848209511488676
md_cfba_dqn,802,432,95.04302318394184,82.59799622125925,33.73278096318245,61.31024171411991,1.6046681627631187,18907.25814819336,0.0,28.0,0.0,1.0,0.050000000000000044,2.1956921704113483,1.6784882713109255,1.7240129709243774
md_cfba_dqn,802,433,79.22721436172723,82.70004154734313,30.243135906755924,48.9840785741806,1.5306823030114174,17106.61608505249,0.0,24.0,0.0,3.0,0.050000000000000044,2.2104742154479027,1.6885764598846436,1.7396592535078526
md_cfba_dqn,802,434,93.5104475647211,82.17957466430963,31.758027389645576,61.75242023468017,1.5750850234180689,18017.177753448486,0.0,29.0,0.0,2.0,0.050000000000000044,2.309433188289404,1.7678588591516018,1.8052478358149529
md_cfba_dqn,802,435,86.3762145191431,82.04584609821438,31.01985427737236,55.35636067390442,1.5214808359742165,17780.691986083984,0.0,27.0,0.0,1.0,0.050000000000000044,2.3165883533656597,1.7754359506070614,1.8038412183523178
md_cfba_dqn,802,436,81.73851698338986,81.85654116623104,31.333225570619106,50.40529168844223,1.5504696778953075,17972.601779937744,0.0,22.0,0.0,3.0,0.050000000000000044,2.629800084978342,2.0137525349855423,2.0534917283803225
md_cfba_dqn,802,437,78.6224457398057,82.83553960852325,28.1557734683156,50.46667182445526,1.4792891973629594,16081.869323730469,0.0,22.0,0.0,1.0,0.050000000000000044,2.3231691122055054,1.7765967156738043,1.8219077792018652
md_cfba_dqn,802,438,73.53025527447463,82.4823484519124,27.875061579048634,45.65519371032715,1.4600169779732823,16112.104080200195,0.0,20.0,0.0,2.0,0.050000000000000044,2.8112516179680824,2.1569582410156727,2.1809777840971947
md_cfba_dqn,802,439,89.79812064915896,83.41238801635804,31.588796742260456,58.20932405591011,1.5728923007845879,17970.248275756836,0.0,26.0,0.0,1.0,0.050000000000000044,2.2956902720034122,1.759503073990345,1.7872905805706978
md_cfba_dqn,802,440,67.54220370352269,82.30000527426601,25.804074302315712,41.7381295800209,1.3896240536123514,14160.053833007812,0.0,20.0,0.0,1.0,0.050000000000000044,2.238420059904456,1.7118958234786987,1.7550806812942028
md_cfba_dqn,802,441,98.97204910218716,83.04162378415467,33.93086117506027,65.04118730127811,1.6282163402065635,19142.550407409668,0.0,28.0,0.0,0.0,0.050000000000000044,2.176170565187931,1.662261724472046,1.7130293976515532
md_cfba_dqn,802,442,80.60547267645597,83.20279433861376,28.574540324509144,52.03093275427818,1.5002819541841745,16132.780689239502,0.0,24.0,0.0,1.0,0.050000000000000044,2.135219495743513,1.6338802203536034,1.671130871400237
md_cfba_dqn,802,443,67.910972841084,82.22432262085378,25.71313428133726,42.19783814251423,1.4118408849462867,14423.77042388916,0.0,21.0,0.0,0.0,0.050000000000000044,2.268210668116808,1.7323454394936562,1.7862173207104206
md_cfba_dqn,802,444,88.41904618740082,82.45647146038712,30.227058812975883,58.191987031698226,1.5584218865260482,17590.976539611816,0.0,23.0,0.0,2.0,0.050000000000000044,1.7717302553355694,1.3572889622300863,1.3814709521830082
md_cfba_dqn,802,445,74.16413504034281,82.9703172186017,28.151829056441784,46.012305656075476,1.4719140464439988,15853.243587493896,0.0,23.0,0.0,1.0,0.050000000000000044,2.133002445101738,1.6304930225014687,1.6750312950462103
md_cfba_dqn,802,446,72.18880660235882,81.84480669915678,27.593602992594242,44.59520381093025,1.4656205577775836,16113.618938446045,0.0,21.0,0.0,2.0,0.050000000000000044,2.1969073563814163,1.679744953289628,1.7238745540380478
md_cfba_dqn,802,447,77.2782106935978,81.62433104336263,26.322909630835056,50.95530071258545,1.4215556476265192,14672.940057754517,0.0,23.0,0.0,2.0,0.050000000000000044,2.237773075699806,1.715190839022398,1.7419408038258553
md_cfba_dqn,802,448,68.17825302630663,81.14487697742882,26.553118355572224,41.6251348644495,1.4518329296261072,15380.826753616333,0.0,22.0,0.0,1.0,0.050000000000000044,1.8845416344702244,1.4430498145520687,1.4716392811387777
md_cfba_dqn,802,449,85.63162601739168,81.17519741617144,30.319480143487453,55.31214626133442,1.5380981527268887,17011.194801330566,0.0,25.0,0.0,1.0,0.050000000000000044,1.8573339879512787,1.421418234705925,1.4530524872243404
md_cfba_dqn,802,450,83.71731136888266,80.8105179589987,30.36617510020733,53.35113623142242,1.5149257369339466,17367.19683074951,0.0,25.0,0.0,1.0,0.050000000000000044,1.9895248226821423,1.5189886670559645,1.568453773856163
md_cfba_dqn,802,451,91.65232655405998,81.70533260449767,31.80594626069069,59.84638029336929,1.56799141690135,18032.26254272461,0.0,27.0,0.0,0.0,0.050000000000000044,2.678150210529566,2.0492885187268257,2.096205623820424
md_cfba_dqn,802,452,85.87007002532482,81.24668494656683,29.900078803300858,55.96999090909958,1.5374671248719096,17227.326375961304,0.0,25.0,0.0,0.0,0.050000000000000044,2.2655448392033577,1.7334182504564524,1.773755207657814
md_cfba_dqn,802,453,79.69728293269873,81.2701883751154,28.121628768742085,51.575654834508896,1.4751283759251237,16326.707431793213,0.0,23.0,0.0,1.0,0.050000000000000044,2.634761068969965,2.018568217754364,2.0539759807288647
md_cfba_dqn,802,454,84.1393324509263,80.80163261942566,31.865113981068134,52.27421826124191,1.5652364986017346,17722.66855621338,0.0,24.0,0.0,2.0,0.050000000000000044,2.3655687980353832,1.8117074258625507,1.8462044391781092
md_cfba_dqn,802,455,87.65208103060722,80.86542594499886,30.318997524678707,57.33308311104774,1.5390933845192194,17394.525770187378,0.0,27.0,0.0,2.0,0.050000000000000044,2.2832253724336624,1.7501803785562515,1.7768165543675423
md_cfba_dqn,802,456,60.03142322599888,79.78007125712931,25.475600734353065,34.55582241714001,1.3860482666641474,14449.987558364868,0.0,19.0,0.0,0.0,0.050000000000000044,2.740259300917387,2.0989895965903997,2.137565530836582
md_cfba_dqn,802,457,84.5100539624691,80.07445166826248,30.46258720755577,54.04746700823307,1.5343436626717448,17536.547037124634,0.0,25.0,0.0,0.0,0.050000000000000044,1.956685023382306,1.4965381789952517,1.533822724595666
md_cfba_dqn,802,458,75.3689990952611,80.1663888593018,27.620360150933266,47.74863869845867,1.4517136542126536,15265.896301269531,0.0,22.0,0.0,2.0,0.050000000000000044,2.542421855032444,1.947432730346918,1.983297061175108
md_cfba_dqn,802,459,85.38969106972218,79.94596738032998,30.8506830483675,54.53900781273842,1.525565030053258,17569.909965515137,0.0,25.0,0.0,1.0,0.050000000000000044,1.7336576748639345,1.3273632861673832,1.354314485564828
md_cfba_dqn,802,460,88.60390229523182,80.99905230991543,32.18424643576145,56.41965600848198,1.5864120610058308,18448.33155822754,0.0,25.0,0.0,0.0,0.050000000000000044,1.6266524456441402,1.2443389371037483,1.2743782605975866
md_cfba_dqn,802,461,77.34609991461039,79.9177548505366,29.378244273364544,47.96785529851913,1.524406835436821,17022.227436065674,0.0,24.0,0.0,1.0,0.050000000000000044,2.4934408143162727,1.9093642681837082,1.946921717375517
md_cfba_dqn,802,462,95.76156674325466,80.67555955387652,32.59166595339775,63.16990128159523,1.5795365097001195,18226.14582824707,0.0,27.0,0.0,1.0,0.050000000000000044,2.1772160306572914,1.6682885959744453,1.696424700319767
md_cfba_dqn,802,463,79.258010391891,81.24291143141689,28.637303046882153,50.6207072108984,1.501052564010024,16217.001132965088,0.0,23.0,0.0,6.0,0.050000000000000044,2.2512470968067646,1.7266081180423498,1.7487964667379856
md_cfba_dqn,802,464,73.75945691168309,80.50993196763099,26.964407294988632,46.79504991471767,1.4417051672935486,15543.175468444824,0.0,23.0,0.0,2.0,0.050000000000000044,2.2844977974891663,1.7468360997736454,1.7922054901719093
md_cfba_dqn,802,465,87.54309255182743,81.17887984320522,32.025595247745514,55.51749785542488,1.5923985801637173,18408.950199127197,0.0,26.0,0.0,2.0,0.050000000000000044,1.8563958033919334,1.4209862425923347,1.4513651058077812
md_cfba_dqn,802,466,79.87824003398418,81.56335151478649,27.958362936973572,51.91987705230713,1.4647144759073853,16111.19367980957,0.0,23.0,0.0,1.0,0.050000000000000044,2.693043190985918,2.0615616980940104,2.104938229545951
md_cfba_dqn,802,467,80.1152436375618,81.70520316198468,28.917148619890213,51.19809533059597,1.4861398413777351,16069.366687774658,0.0,23.0,0.0,1.0,0.050000000000000044,1.722805704921484,1.3173736799508333,1.3514400366693735
md_cfba_dqn,802,468,74.53978777974844,82.02327989965677,26.166834518313408,48.37295288145542,1.4181213406845927,14958.961818695068,0.0,22.0,0.0,3.0,0.050000000000000044,2.6396516636013985,2.023421283811331,2.054101288318634
md_cfba_dqn,802,469,86.90606967508793,82.0870020825416,29.48619606345892,57.41987347006798,1.4895750731229782,16659.98540878296,0.0,27.0,0.0,1.0,0.050000000000000044,1.8131308872252703,1.3853098805993795,1.4260699916630983
md_cfba_dqn,802,470,76.88694521188737,81.74548377469183,26.938314869999886,49.948630252480505,1.4380823085084558,15024.415691375732,0.0,23.0,0.0,1.0,0.050000000000000044,2.1430548410862684,1.6369400061666965,1.6870493423193693
md_cfba_dqn,802,471,81.4960455313325,81.23766972355546,29.779148496687412,51.716896498203276,1.508128342218697,16690.030311584473,0.0,22.0,0.0,1.0,0.050000000000000044,2.1585255786776543,1.6545547470450401,1.6799026317894459
md_cfba_dqn,802,472,70.6560487985611,80.47696866221727,27.959406778216362,42.69664233326912,1.4785724319517612,16123.394538879395,0.0,22.0,0.0,2.0,0.050000000000000044,2.0300904773175716,1.5520384572446346,1.5935066640377045
md_cfba_dqn,802,473,67.6836357280612,79.8762863019854,25.59455595165491,42.08907982110977,1.4093378093093634,14380.615119934082,0.0,21.0,0.0,1.0,0.050000000000000044,2.000173943117261,1.5289216339588165,1.5708410069346428
md_cfba_dqn,802,474,88.34081482887268,80.08636042088271,29.75895155221224,58.58186310529709,1.5415047192946076,17149.959407806396,0.0,26.0,0.0,0.0,0.050000000000000044,2.1867862567305565,1.6731282994151115,1.7121931556612253
md_cfba_dqn,802,475,67.88961336910725,79.0982370378077,25.583702072501183,42.30591089427471,1.4035253329202533,14257.346538543701,0.0,23.0,0.0,1.0,0.050000000000000044,2.4087416045367718,1.8478459976613522,1.8696519173681736
md_cfba_dqn,802,476,102.53617234528065,81.22347449377182,33.084138318896294,69.4520334303379,1.6607798291370273,18910.656105041504,0.0,31.0,0.0,1.0,0.050000000000000044,2.1359856091439724,1.6348503902554512,1.6704506520181894
md_cfba_dqn,802,477,70.25618506222963,80.51078104875982,25.81296718120575,44.44321756064892,1.4085714062675834,14694.434173583984,0.0,23.0,0.0,0.0,0.050000000000000044,2.012916538864374,1.5400232747197151,1.5763108059763908
md_cfba_dqn,802,478,72.86627244204283,80.38564471609891,27.505682483315468,45.36059013009071,1.440892431885004,15862.259159088135,0.0,21.0,0.0,2.0,0.050000000000000044,2.248977266252041,1.7207753546535969,1.7606729455292225
md_cfba_dqn,802,479,94.1080992937088,80.82156512729824,28.992203563451767,65.11589565575123,1.5229762066155672,16657.110332489014,0.0,29.0,0.0,3.0,0.050000000000000044,2.632860492914915,2.0197841823101044,2.0435876958072186
md_cfba_dqn,802,480,73.3315264672041,80.05794633589686,28.523759983479977,44.807766610383986,1.480353120714426,16168.053653717041,0.0,22.0,0.0,1.0,0.050000000000000044,1.6828961092978716,1.2879197839647532,1.316587783396244
md_cfba_dqn,802,481,77.12128521502018,80.04670560091735,29.003313586115837,48.11797124147415,1.5128801800310612,16527.51184463501,0.0,24.0,0.0,1.0,0.050000000000000044,2.0153530538082123,1.544129766523838,1.5707442797720432
md_cfba_dqn,802,482,91.71606646478176,79.8444305869937,31.43973220139742,60.276334792375565,1.600523667410016,18430.7342338562,0.0,28.0,0.0,0.0,0.050000000000000044,1.9727725237607956,1.5108406357467175,1.5397729258984327
md_cfba_dqn,802,483,91.88974484801292,80.4760173097998,29.952916234731674,61.93682837486267,1.5555529035627842,17477.598752975464,0.0,28.0,0.0,1.0,0.050000000000000044,2.5582156628370285,1.959916451945901,1.9943305030465126
md_cfba_dqn,802,484,89.40413606315852,81.25825126737357,30.137124814093113,59.267010980844496,1.5383663075044751,17227.592803955078,0.0,28.0,0.0,2.0,0.050000000000000044,2.6339221075177193,2.0177167505025864,2.0540177784860134
md_cfba_dqn,802,485,56.5434801608324,79.70827064782381,24.777044624090195,31.76643553674221,1.3648204682394862,13947.957023620605,0.0,17.0,0.0,2.0,0.050000000000000044,2.1337497383356094,1.6339740250259638,1.6659189034253359
md_cfba_dqn,802,486,102.75782750099897,80.85225002117456,32.961149252951145,69.79667759239673,1.597880463115871,18809.52451324463,0.0,31.0,0.0,3.0,0.050000000000000044,2.3620287999510765,1.8112778589129448,1.8358363956212997
md_cfba_dqn,802,487,98.20750364661217,81.75686302162708,31.27506399154663,66.93243971467018,1.5561473919078708,17664.48639678955,0.0,30.0,0.0,0.0,0.050000000000000044,2.0369288437068462,1.5624434258788824,1.5816178694367409
md_cfba_dqn,802,488,91.91410793364048,82.62557902932167,30.713912114501,61.20019595324993,1.537740545347333,17226.917602539062,0.0,29.0,0.0,0.0,0.050000000000000044,2.3626623302698135,1.808388538658619,1.847579188644886
md_cfba_dqn,802,489,71.49380208551884,81.85496564984321,27.486290223896503,44.007511615753174,1.4301658365875483,15310.525806427002,0.0,21.0,0.0,0.0,0.050000000000000044,2.354440316557884,1.8001301884651184,1.8477004654705524
md_cfba_dqn,802,490,76.36813701838255,81.82902524016798,28.548827715218067,47.819309243559836,1.5146681414917111,16454.252502441406,0.0,24.0,0.0,2.0,0.050000000000000044,2.154922254383564,1.6515247914940119,1.6779915615916252
md_cfba_dqn,802,491,89.145144790411,82.21148020312191,31.352373488247395,57.79277154803276,1.5280660223215818,17200.393939971924,0.0,26.0,0.0,0.0,0.050000000000000044,2.3049954995512962,1.7646666169166565,1.8010962642729282
md_cfba_dqn,802,492,76.52991028875113,82.50517327763141,29.788085155189037,46.74182493984699,1.5345189487561584,17094.162803649902,0.0,22.0,0.0,0.0,0.050000000000000044,1.9635598715394735,1.5048670377582312,1.5289760194718838
md_cfba_dqn,802,493,72.30165089070798,82.73607403576375,27.995774753391743,44.30587630867958,1.4657189352437854,15874.337162017822,0.0,22.0,0.0,2.0,0.050000000000000044,2.10664726421237,1.6129886228591204,1.6455287002027035
md_cfba_dqn,802,494,95.30072833746672,83.08406971119345,33.625383682549,61.67534459531307,1.6030394965782762,19095.31127166748,0.0,28.0,0.0,3.0,0.050000000000000044,1.648754434660077,1.2613826468586922,1.2912392746657133
md_cfba_dqn,802,495,86.32463474571705,84.00582078002394,31.245628103613853,55.07900661230087,1.5492669874802232,17806.682579040527,0.0,26.0,0.0,1.0,0.050000000000000044,2.293459463864565,1.7557330541312695,1.7924212291836739
md_cfba_dqn,802,496,70.18053244948388,82.3880387852341,28.23915447294712,41.941378542780875,1.5037604039534926,16176.933902740479,0.0,21.0,0.0,3.0,0.050000000000000044,2.011421572417021,1.5419966112822294,1.5647498443722725
md_cfba_dqn,802,497,86.92114521563053,83.22128679290415,29.30069124698639,57.620454117655754,1.4904763232916594,16384.253702163696,0.0,27.0,0.0,1.0,0.050000000000000044,2.180385423824191,1.6698624975979328,1.7017430663108826
md_cfba_dqn,802,498,79.7626393377781,83.56610513769091,27.86138166487217,51.901257359981535,1.457435286603868,15631.92367553711,0.0,23.0,0.0,1.0,0.050000000000000044,2.1679993234574795,1.6571157705038786,1.702945178374648
md_cfba_dqn,802,499,84.86310447901488,83.10385539695622,29.629044972360134,55.23405989408493,1.506514934822917,16767.055431365967,0.0,26.0,0.0,1.0,0.050000000000000044,2.3685141429305077,1.8140559159219265,1.8481939379125834
md_cfba_dqn,802,500,83.9847395196557,83.63651604957879,28.153743118047714,55.830996453762054,1.5086606098338962,16123.492626190186,0.0,27.0,0.0,0.0,0.050000000000000044,2.495287027209997,1.9087921380996704,1.954982789233327
md_cfba_dqn,802,501,87.55667677521706,84.15828562758864,31.599329844117165,55.957346990704536,1.5287889819592237,17137.07767868042,0.0,25.0,0.0,0.0,0.050000000000000044,1.5970694739371538,1.2206975687295198,1.2545729968696833
md_cfba_dqn,802,502,94.96992299705744,84.32097845420242,31.804581746459007,63.16534149646759,1.5599582204595208,18011.784606933594,0.0,28.0,0.0,1.0,0.050000000000000044,1.9506022818386555,1.4895078465342522,1.5369813833385706
md_cfba_dqn,802,503,89.8334204107523,84.21816223233938,32.66644036024809,57.1669799387455,1.5669785533100367,17937.31875228882,0.0,26.0,0.0,0.0,0.050000000000000044,1.9377958439290524,1.4828294441103935,1.5165547020733356
md_cfba_dqn,802,504,83.67338313162327,83.93162458576262,28.95966538786888,54.71371793746948,1.4906342346221209,16408.325393676758,0.0,26.0,0.0,0.0,0.050000000000000044,1.483654072508216,1.1357451677322388,1.1596962995827198
md_cfba_dqn,802,505,87.7744983881712,85.49317549712956,30.6853885948658,57.08910982310772,1.4993225010111928,17049.797842025757,0.0,26.0,0.0,0.0,0.050000000000000044,2.3218053989112377,1.7774913478642702,1.8143800720572472
md_cfba_dqn,802,506,79.67195412069559,84.3388818281144,28.487353339791298,51.18460104167461,1.4590006982907653,15974.978691101074,0.0,24.0,0.0,2.0,0.050000000000000044,2.7861111238598824,2.134439095854759,2.172240013256669
md_cfba_dqn,802,507,72.45283286422492,83.05114828899504,27.95847787708044,44.494354927539824,1.4502389607951045,15739.155055999756,0.0,20.0,0.0,1.0,0.050000000000000044,2.283483535051346,1.752021536231041,1.7715398650616407
md_cfba_dqn,802,508,83.87045263648034,82.64896552413703,29.202045418322086,54.66840713620186,1.5005312925204635,16726.598337173462,0.0,27.0,0.0,2.0,0.050000000000000044,2.3605351112782955,1.8069308064877987,1.8453474305570126
md_cfba_dqn,802,509,89.90843617916107,83.56969722881914,31.145815707743168,58.76262052357197,1.540114838629961,17683.376529693604,0.0,26.0,0.0,0.0,0.050000000000000044,1.6557894740253687,1.2636120822280645,1.3072579223662615
md_cfba_dqn,802,510,77.77020435035229,83.63980059541763,29.942910224199295,47.827294290065765,1.4679883643984795,16367.167434692383,0.0,21.0,0.0,1.0,0.050000000000000044,2.5136769972741604,1.9252927899360657,1.961280582472682
md_cfba_dqn,802,511,73.46381109952927,82.85573391087352,25.886767126619816,47.577043533325195,1.3938237205147743,14356.044284820557,0.0,24.0,0.0,0.0,0.050000000000000044,2.008620496839285,1.5350402910262346,1.5786006078124046
md_cfba_dqn,802,512,96.43014105558396,83.85074544921518,33.90379658341408,62.52634466588497,1.6085900152102113,18944.00658416748,0.0,28.0,0.0,2.0,0.050000000000000044,1.9255859181284904,1.4784070402383804,1.490596266463399
md_cfba_dqn,802,513,70.1834981918335,83.74483781427145,26.507697075605392,43.675801026821134,1.416830511763692,14830.558801651001,0.0,21.0,0.0,2.0,0.050000000000000044,1.7753903344273567,1.3553180918097496,1.4002407938241959
md_cfba_dqn,802,514,78.35472019016743,82.89753740690648,28.013726450502872,50.340993613004684,1.5042207799851894,16322.411636352539,0.0,26.0,0.0,1.0,0.050000000000000044,2.2278885394334793,1.7071832120418549,1.7356844134628773
md_cfba_dqn,802,515,75.80030839145184,82.37132108919323,27.71024964749813,48.09005855023861,1.4680294608697295,15532.96097946167,0.0,24.0,0.0,0.0,0.050000000000000044,1.9364358857274055,1.480131233111024,1.5210153590887785
md_cfba_dqn,802,516,80.68123419582844,82.89635617651047,29.646150790154934,51.03508320450783,1.492240309715271,16369.311336517334,0.0,24.0,0.0,0.0,0.050000000000000044,2.069397933781147,1.5860540010035038,1.6111463103443384
md_cfba_dqn,802,517,72.67132946103811,82.18386538878083,26.410341016948223,46.26098796725273,1.4572295537218451,15301.821537017822,0.0,22.0,0.0,1.0,0.050000000000000044,2.0840067118406296,1.5935243237763643,1.6349413115531206
md_cfba_dqn,802,518,89.56602053642273,82.67403444871306,30.85087265074253,58.71514831781387,1.5679548429325223,17545.001428604126,0.0,26.0,0.0,3.0,0.050000000000000044,2.1776730492711067,1.6666992045938969,1.7032461073249578
md_cfba_dqn,802,519,75.90158451646566,82.22595845058561,28.444139294326305,47.45744516253471,1.4707459704950452,16080.556844711304,0.0,22.0,0.0,3.0,0.050000000000000044,2.2440179735422134,1.717820219695568,1.7539924643933773
md_cfba_dqn,802,520,90.12726719081402,82.53308483414352,29.183204144239426,60.944063359498976,1.5172284664586186,16586.093467712402,0.0,28.0,0.0,2.0,0.050000000000000044,2.24038078635931,1.7127467710524797,1.758780000731349
md_cfba_dqn,802,521,76.10813431590796,81.96065771117807,26.533965803682804,49.574168825149535,1.4435915257781744,15178.408679962158,0.0,22.0,0.0,2.0,0.050000000000000044,2.790135934948921,2.1382188871502876,2.1730566918849945
md_cfba_dqn,802,522,92.26041959524154,81.82518254108727,32.61936068534851,59.64105890989303,1.5877587720751762,18223.12734222412,0.0,26.0,0.0,2.0,0.050000000000000044,2.3513886854052544,1.7978920824825764,1.844988714903593
md_cfba_dqn,802,523,80.33424955755473,81.35022399842741,28.97711291909218,51.357136437296866,1.4868314247578382,16448.46476173401,0.0,23.0,0.0,1.0,0.050000000000000044,2.6829565595835447,2.05465279892087,2.094345772638917
md_cfba_dqn,802,524,70.84316901266575,80.70871329247953,26.238026820123196,44.60514227449894,1.4123713383451104,14686.616744995117,0.0,21.0,0.0,1.0,0.050000000000000044,1.9209076520055532,1.4690791554749012,1.5060948878526688
md_cfba_dqn,802,525,67.01530690789222,79.67075371846558,27.64146001636982,39.37384659349918,1.4619213063269854,15971.570301055908,0.0,21.0,0.0,3.0,0.050000000000000044,1.723319936543703,1.3200134374201298,1.3443549126386642
md_cfba_dqn,802,526,69.84588311910629,79.17945016838611,26.995415680110455,42.85046725273132,1.4311199225485325,15131.452976226807,0.0,20.0,0.0,2.0,0.050000000000000044,1.6976743321865797,1.2953162174671888,1.341193625703454
md_cfba_dqn,802,527,82.60559117794037,79.68708808407187,28.885640531778336,53.71995010972023,1.4946014629676938,16616.13031768799,0.0,23.0,0.0,1.0,0.050000000000000044,2.3820178005844355,1.8231725692749023,1.8628174345940351
md_cfba_dqn,802,528,81.10149203538894,79.5486400540173,29.630162626504898,51.47132882773876,1.5096355378627777,16684.942863464355,0.0,24.0,0.0,3.0,0.050000000000000044,2.3471230510622263,1.7980001717805862,1.8304094597697258
md_cfba_dqn,802,529,81.20048063397408,79.11324227675796,30.092550843954086,51.10792992413044,1.5330504644662142,17044.105728149414,0.0,25.0,0.0,1.0,0.050000000000000044,2.4497012570500374,1.8785789962857962,1.9037408530712128
md_cfba_dqn,802,530,81.87672375142574,79.31856824681164,28.915028631687164,52.96169465780258,1.4900380596518517,16443.651176452637,0.0,25.0,0.0,1.0,0.050000000000000044,2.128588968887925,1.6293909158557653,1.6639933977276087
md_cfba_dqn,802,531,76.09589538872243,79.45017246127131,28.435178965330124,47.66071636378765,1.4990574140101671,16377.453365325928,0.0,23.0,0.0,3.0,0.050000000000000044,2.168062373995781,1.6580700781196356,1.6999743301421404
md_cfba_dqn,802,532,91.6616585791111,79.21174833744764,31.699976354837418,59.961681658029555,1.547895872965455,18050.79899597168,0.0,26.0,0.0,2.0,0.050000000000000044,1.7772052362561226,1.3567019309848547,1.4016776159405708
md_cfba_dqn,802,533,80.45513152480126,79.72533000409605,29.30807949602604,51.147052282094954,1.512052696198225,16911.185565948486,0.0,22.0,0.0,3.0,0.050000000000000044,1.8950850386172533,1.4499665182083845,1.4837283119559288
md_cfba_dqn,802,534,78.3462929725647,79.72490864321591,28.724109709262848,49.62218265235424,1.490849788300693,16009.53999710083,0.0,24.0,0.0,0.0,0.050000000000000044,2.321619164198637,1.7788255624473095,1.8093119077384472
md_cfba_dqn,802,535,75.21847575902939,79.69581701159478,27.281485803425312,47.93699066340923,1.4507263535633683,15294.2137966156,0.0,24.0,0.0,0.0,0.050000000000000044,1.9541751481592655,1.4969275407493114,1.5241586528718472
md_cfba_dqn,802,536,81.31615156829358,79.72756288021803,29.067591279745102,52.248560363054274,1.4923572689294815,16311.74730682373,0.0,24.0,0.0,1.0,0.050000000000000044,1.6339786369353533,1.2489746771752834,1.2833464834839106
md_cfba_dqn,802,537,80.21693527698517,80.10484317101539,27.69156965613365,52.52536554634571,1.451854145154357,15479.734157562256,0.0,25.0,0.0,1.0,0.050000000000000044,1.9981016218662262,1.5295828729867935,1.56172907166183
md_cfba_dqn,802,538,88.81466499865056,80.06727539412678,31.582125172019005,57.23253929018974,1.5796702345833182,18173.14521408081,0.0,26.0,0.0,1.0,0.050000000000000044,2.1693734284490347,1.6619232147932053,1.6915006153285503
md_cfba_dqn,802,539,89.33628683537245,80.73901051007212,32.138615407049656,57.19767129421234,1.5722969938069582,18228.15132522583,0.0,25.0,0.0,0.0,0.050000000000000044,1.8346452601253986,1.4038936793804169,1.435838608071208
md_cfba_dqn,802,540,99.52169310450554,81.2087318057567,31.789884209632874,67.73180937170983,1.5927752256393433,18150.59959411621,0.0,29.0,0.0,1.0,0.050000000000000044,2.479099914431572,1.8970088250935078,1.9403035454452038
md_cfba_dqn,802,541,92.01715967953206,82.00418307393791,30.322219766676426,61.694940054416655,1.5104144802317023,16852.669807434082,0.0,27.0,0.0,1.0,0.050000000000000044,2.4063531886786222,1.8425894565880299,1.8792122472077608
md_cfba_dqn,802,542,74.40975484400988,81.11164983637632,28.52039121836424,45.889362984895705,1.4985420517623425,16567.719062805176,0.0,24.0,0.0,1.0,0.050000000000000044,2.1175759620964527,1.6202786341309547,1.6576576493680477
md_cfba_dqn,802,543,89.63931916803122,81.57690331690016,30.984543059021235,58.654776298999785,1.5288883736357093,17171.19020652771,0.0,26.0,0.0,2.0,0.050000000000000044,1.688875561580062,1.2928205709904432,1.320183226838708
md_cfba_dqn,802,544,62.55354990065098,81.1624223612994,25.16120383143425,37.39234659075737,1.3889592560008168,14317.352165222168,0.0,19.0,0.0,0.0,0.050000000000000044,2.309102848172188,1.7697311211377382,1.797905620187521
md_cfba_dqn,802,545,84.21960797309876,82.02263741455974,29.785232104361057,54.43437539935112,1.522937717847526,17218.87905883789,0.0,24.0,0.0,3.0,0.050000000000000044,2.176148286089301,1.6663558576256037,1.699308030307293
md_cfba_dqn,802,546,65.77503170222045,81.81909484371545,26.239414013922215,39.53561755418777,1.4307592529803514,15133.34061050415,0.0,20.0,0.0,2.0,0.050000000000000044,2.0713298618793488,1.5826735347509384,1.6288543734699488
md_cfba_dqn,802,547,71.90946729779243,81.28428864970805,26.48824581503868,45.4212213486433,1.4049329636618495,14388.287530899048,0.0,22.0,0.0,2.0,0.050000000000000044,2.4165937192738056,1.8534494042396545,1.877147652208805
md_cfba_dqn,802,548,83.43965838849545,81.40119696736336,29.674834430217743,53.76482407748699,1.5145922126248479,16555.590717315674,0.0,26.0,0.0,1.0,0.050000000000000044,1.920124938711524,1.4702529795467854,1.4995730947703123
md_cfba_dqn,802,549,83.64001351594925,81.52317361146211,29.933905072510242,53.70610794425011,1.5081790136173368,16996.06200027466,0.0,25.0,0.0,0.0,0.050000000000000044,2.418643416836858,1.85216411575675,1.8882642276585102
md_cfba_dqn,802,550,76.6813563272357,81.26340524025262,28.877033732831478,47.80432272851467,1.4513482125476003,16291.074764251709,0.0,22.0,0.0,1.0,0.050000000000000044,2.714216496795416,2.080414343625307,2.11267370916903
md_cfba_dqn,802,551,82.92227644622326,81.60472429312767,28.906955882906914,54.01532010138035,1.5231223311275244,16629.614574432373,0.0,25.0,0.0,1.0,0.050000000000000044,1.9130502436310053,1.4648937452584505,1.4938549362123013
md_cfba_dqn,802,552,62.27843834459782,80.135563281402,25.334096625447273,36.94434157013893,1.3969776155427098,14305.37684249878,0.0,19.0,0.0,0.0,0.050000000000000044,2.3570070415735245,1.808534074574709,1.8282430954277515
md_cfba_dqn,802,553,90.34553170204163,80.63008329026403,30.58821614086628,59.75731538236141,1.5848716385662556,17805.427223205566,0.0,28.0,0.0,1.0,0.050000000000000044,1.5361021310091019,1.174214743077755,1.2062913440167904
md_cfba_dqn,802,554,66.25613421201706,80.02557535223664,27.45831809937954,38.79781600832939,1.4746789671480656,15900.829277038574,0.0,20.0,0.0,0.0,0.050000000000000044,2.215760875493288,1.6947632674127817,1.7366586234420538
md_cfba_dqn,802,555,78.73654798567296,80.20147896356882,29.5048950612545,49.23165293931961,1.5155238201841712,16746.614009857178,0.0,22.0,0.0,2.0,0.050000000000000044,2.726255975663662,2.0860744528472424,2.1339383497834206
md_cfba_dqn,802,556,73.25799492001534,79.7985711311549,27.75163183361292,45.506362631917,1.474757625721395,16102.693313598633,0.0,24.0,0.0,0.0,0.050000000000000044,2.6471277866512537,2.0259542297571898,2.0705784168094397
md_cfba_dqn,802,557,79.87449540942907,79.7814491377771,27.57118971645832,52.3033053278923,1.4563608216121793,15693.68618774414,0.0,25.0,0.0,1.0,0.050000000000000044,2.1911557987332344,1.6776922568678856,1.7115450631827116
md_cfba_dqn,802,558,71.523093418777,78.91687055878342,26.928519688546658,44.59457352161407,1.434819526039064,15157.56399154663,0.0,21.0,0.0,1.0,0.050000000000000044,1.738193266093731,1.330535463988781,1.3588593043386936
md_cfba_dqn,802,559,94.62801517099142,79.18145697556437,31.757442466914654,62.87057253271341,1.5657510422170162,17854.223709106445,0.0,28.0,0.0,2.0,0.050000000000000044,2.033780073747039,1.5562273152172565,1.5918424278497696
md_cfba_dqn,802,560,64.84581846743822,77.44766324371099,25.560099713504314,39.28571908175945,1.390329615212977,14285.633729934692,0.0,19.0,0.0,0.0,0.050000000000000044,2.0114512145519257,1.5406682007014751,1.5692765917629004
md_cfba_dqn,802,561,78.82032421380282,76.78782147042453,27.905473940074444,50.914850109815596,1.4851392973214388,15950.24864578247,0.0,24.0,0.0,1.0,0.050000000000000044,2.0262469463050365,1.5492239594459534,1.5900765396654606
md_cfba_dqn,802,562,78.68876583874226,77.00177202016116,29.346385464072227,49.3423798084259,1.5182296354323626,16679.172805786133,0.0,23.0,0.0,1.0,0.050000000000000044,1.8363579511642456,1.4073437955230474,1.4300471171736717
md_cfba_dqn,802,563,72.53957699537277,76.14678491152823,29.80624610185623,42.73333089351654,1.5081582814455032,16900.326877593994,0.0,23.0,0.0,2.0,0.050000000000000044,1.8397040739655495,1.4056211933493614,1.446942925453186
md_cfba_dqn,802,564,78.88920813202859,76.96356782309712,29.592356890439987,49.296851047873496,1.4871042389422655,16281.066410064697,0.0,24.0,0.0,1.0,0.050000000000000044,2.381643621250987,1.823494778946042,1.860496073961258
md_cfba_dqn,802,565,65.43908843398094,76.02454184614122,27.5506279617548,37.888460367918015,1.4348870068788528,15785.607822418213,0.0,18.0,0.0,0.0,0.050000000000000044,2.498172365128994,1.9131028298288584,1.9502316564321518
md_cfba_dqn,802,566,89.28405736386776,77.19999312922359,32.25310690701008,57.030950620770454,1.5796782979741693,18206.168216705322,0.0,26.0,0.0,0.0,0.050000000000000044,2.3158307783305645,1.774477792903781,1.804509887471795
md_cfba_dqn,802,567,95.51137790083885,78.3800886593759,33.27594816684723,62.235429257154465,1.5840533934533596,18595.156047821045,0.0,28.0,0.0,0.0,0.050000000000000044,2.1377208828926086,1.633589779958129,1.680437009781599
md_cfba_dqn,802,568,85.6529263406992,78.4907520569861,30.187646880745888,55.46527989208698,1.552039735019207,17137.74994277954,0.0,25.0,0.0,0.0,0.050000000000000044,1.976315300911665,1.5135699771344662,1.5424843281507492
md_cfba_dqn,802,569,87.41420687139035,78.67946172475816,31.06519827246666,56.34900867342949,1.5086517948657274,17237.761352539062,0.0,26.0,0.0,1.0,0.050000000000000044,2.069854101166129,1.582693038508296,1.6238701473921537
md_cfba_dqn,802,570,62.223417767882346,77.95656479679049,26.33253751695156,35.890879878401755,1.4303429080173373,15091.1240234375,0.0,18.0,0.0,4.0,0.050000000000000044,2.0840067826211452,1.5938676875084639,1.6337969172745943
md_cfba_dqn,802,571,95.55796416848898,78.58834918290377,32.23891130834818,63.31905214488506,1.5951639264822006,18239.228660583496,0.0,29.0,0.0,0.0,0.050000000000000044,2.351090043783188,1.8016890585422516,1.8313365560024977
md_cfba_dqn,802,572,85.62999002635479,79.75592676699162,31.028185792267323,54.60180428624153,1.5568463988602161,17788.405450820923,0.0,26.0,0.0,0.0,0.050000000000000044,1.6854076366871595,1.289785360917449,1.3187409192323685
md_cfba_dqn,802,573,83.03842907547951,79.39057163566352,30.585617870092392,52.45281111598015,1.5309521714225411,17267.547653198242,0.0,24.0,0.0,2.0,0.050000000000000044,2.557168908417225,1.9581371285021305,1.9967724196612835
md_cfba_dqn,802,574,85.53520173728467,80.3545250119269,32.10109455883503,53.43410728275776,1.5520032932981849,18002.218509674072,0.0,25.0,0.0,2.0,0.050000000000000044,2.337379900738597,1.79254094325006,1.8161298334598541
md_cfba_dqn,802,575,68.14830154627562,79.82511268995702,27.969011656939983,40.1792899787426,1.4378817221149802,15623.608139038086,0.0,21.0,0.0,3.0,0.050000000000000044,1.9458494577556849,1.4858349282294512,1.533381711691618
md_cfba_dqn,802,576,77.20949574708939,80.02268773131075,28.332282096147537,48.87721365094185,1.4559597102925181,15833.59375,0.0,24.0,0.0,1.0,0.050000000000000044,1.9607934225350618,1.500484799966216,1.5343620516359806
md_cfba_dqn,802,577,87.30886310338974,80.39440611600877,29.985863283276558,57.32300019264221,1.5308353938162327,17051.53673171997,0.0,24.0,0.0,2.0,0.050000000000000044,2.3324171379208565,1.7844843305647373,1.8264426719397306
md_cfba_dqn,802,578,88.59937611967325,81.24822025105358,31.058888413012028,57.54048779606819,1.542858717031777,17427.48828125,0.0,24.0,0.0,0.0,0.050000000000000044,2.245818756520748,1.7206002287566662,1.7507284469902515
md_cfba_dqn,802,579,72.01969260871411,80.11780412293972,26.82417367398739,45.19551938176155,1.4586191847920418,15418.639400482178,0.0,22.0,0.0,1.0,0.050000000000000044,2.1804283931851387,1.6697959024459124,1.7021082807332277
md_cfba_dqn,802,580,74.61977202296256,80.60650180071593,30.028627023100853,44.59114541709423,1.4905555909499526,16667.100170135498,0.0,21.0,0.0,4.0,0.050000000000000044,1.6523319147527218,1.263981094583869,1.2945026326924562
md_cfba_dqn,802,581,77.55631639957429,80.5433014100045,27.553600005805492,50.002715998888014,1.4683105908334255,15655.17029762268,0.0,24.0,0.0,2.0,0.050000000000000044,1.9459677077829838,1.49149614199996,1.5149052608758211
md_cfba_dqn,802,582,82.06751152873039,80.71223869450391,26.929032035171986,55.13847941160202,1.4368784399703145,14964.627731323242,0.0,25.0,0.0,0.0,0.050000000000000044,2.0541434958577156,1.5717073176056147,1.6081205885857344
md_cfba_dqn,802,583,87.7286920785904,81.47169444866479,30.58184602856636,57.14684590101242,1.5413856813684106,17439.743448257446,0.0,25.0,0.0,1.0,0.050000000000000044,2.041020344942808,1.5611478220671415,1.5995750427246094
md_cfba_dqn,802,584,75.75711154341698,81.31508961923421,26.044468864798546,49.712642857432364,1.4399908930063248,14962.489387512207,0.0,23.0,0.0,1.0,0.050000000000000044,1.787350695580244,1.3709825929254293,1.3878935761749744
md_cfba_dqn,802,585,77.69177832603455,81.9277241138369,27.701912328600883,49.989865803718565,1.4671691404655576,15646.405895233154,0.0,23.0,0.0,1.0,0.050000000000000044,1.744009954854846,1.3345592506229877,1.364835610613227
md_cfba_dqn,802,586,71.65980961322785,81.04651172630491,28.731190785765648,42.928618320822714,1.4868708001449704,16377.052734375,0.0,22.0,0.0,1.0,0.050000000000000044,2.1330725364387035,1.6343651209026575,1.6623581275343895
md_cfba_dqn,802,587,100.33609991967678,81.2877478272468,31.95372799038887,68.38237152695656,1.5885791787877679,18299.89903640747,0.0,29.0,0.0,6.0,0.050000000000000044,1.9493004996329546,1.4902450367808342,1.53018481656909
md_cfba_dqn,802,588,72.74886322021484,80.64254467122258,27.762336768209934,44.98652696609497,1.453680262900889,15598.75227355957,0.0,22.0,0.0,2.0,0.050000000000000044,1.944599486887455,1.4896922782063484,1.516357209533453
md_cfba_dqn,802,589,94.41906933039427,80.99278779417277,32.4862631931901,61.93280613720417,1.6301825670525432,18830.7445602417,0.0,27.0,0.0,4.0,0.050000000000000044,2.76912927813828,2.1212622299790382,2.1595567390322685
md_cfba_dqn,802,590,69.815599873662,81.37239689946175,28.08804041147232,41.72755980491638,1.4618238201364875,15943.848253250122,0.0,22.0,0.0,0.0,0.050000000000000044,1.8811553716659546,1.4413334913551807,1.466072864830494
md_cfba_dqn,802,591,75.27568561583757,80.35828297182917,26.961572758853436,48.31411296129227,1.460298815742135,15535.352058410645,0.0,24.0,0.0,0.0,0.050000000000000044,2.0246404111385345,1.5497774379327893,1.5828765723854303
md_cfba_dqn,802,592,82.3780646726489,80.19568670414388,29.58613259345293,52.791931602358815,1.4918549684807658,16686.007293701172,0.0,24.0,0.0,2.0,0.050000000000000044,1.8560161720961332,1.4210952930152416,1.4497361443936825
md_cfba_dqn,802,593,74.60040305703879,79.77378540322185,27.295069582760334,47.305333414673804,1.45279935374856,15456.605369567871,0.0,23.0,0.0,1.0,0.050000000000000044,1.6643697284162045,1.2707927152514458,1.3119233082979918
md_cfba_dqn,802,594,75.93476881831884,79.29376375727357,27.31490894407034,48.619859516620636,1.4537173146381974,15478.646865844727,0.0,23.0,0.0,0.0,0.050000000000000044,1.604304913431406,1.2274007368832827,1.2563472110778093
md_cfba_dqn,802,595,94.13871539533139,80.59328444972635,32.2411954626441,61.897519731521605,1.5881324661895633,18114.212284088135,0.0,26.0,0.0,2.0,0.050000000000000044,2.3412350974977016,1.792469261214137,1.8292193710803986
md_cfba_dqn,802,596,97.37996081411839,81.60180770307781,33.61429864168167,63.76566215753555,1.6183208199217916,19070.647842407227,0.0,27.0,0.0,2.0,0.050000000000000044,2.1452358290553093,1.64233504422009,1.6763358786702156
md_cfba_dqn,802,597,59.51213538199663,80.21197131700814,26.110999695956707,33.40113602876663,1.4207222014665604,15215.431579589844,0.0,18.0,0.0,4.0,0.050000000000000044,2.5301789306104183,1.937927458435297,1.9741714857518673
md_cfba_dqn,802,598,83.06071598082781,79.93503831006589,27.92296876013279,55.13774687051773,1.4800346987321973,15923.754734039307,0.0,24.0,0.0,2.0,0.050000000000000044,1.8454046379774809,1.4113442599773407,1.4468678645789623
md_cfba_dqn,802,599,82.0071496680379,80.43441116303205,30.300377309322357,51.706772649288176,1.5288617676123977,17342.730907440186,0.0,25.0,0.0,1.0,0.050000000000000044,1.7478517778217793,1.336072877049446,1.3725962974131107
