variant,model_seed,episode,cost,rolling_cost,immediate_cost,penalty,energy_use,latency_ms,thermal_violation,energy_violation,queue_violation,contact_violation,epsilon,loss,td_loss,auxiliary_loss
md_fullq_dqn,804,0,102.54102388173342,102.54102388173342,37.1846062913537,65.35641811192036,1.6700958274304867,21854.870635986328,0.0,28.0,0.0,1.0,0.9954761904761905,,,
md_fullq_dqn,804,1,133.4683853570442,118.00470461938882,49.34105973690748,84.12732535936641,1.884056756272912,27964.006492614746,0.0,33.0,7.0,0.0,0.9909523809523809,1.7948932647705078,1.382843017578125,1.3735005855560303
md_fullq_dqn,804,2,142.60743896990755,126.20561606956171,40.810297943651676,101.79714107095928,1.824813624843955,24675.340129852295,0.0,36.0,15.0,3.0,0.9864285714285714,1.6172846928238869,1.2450442984700203,1.2408012747764587
md_fullq_dqn,804,3,104.76972007006407,120.8466420696873,37.92567094415426,66.84404927492142,1.7181259486824274,22753.20686340332,0.0,29.0,0.0,0.0,0.981904761904762,1.54590405523777,1.188227504491806,1.1922551020979881
md_fullq_dqn,804,4,119.0563952455944,120.48859270486874,42.89281156659126,76.16358384291591,1.8574140332639217,25813.357166290283,0.0,32.0,3.0,1.0,0.9773809523809524,1.2648069523274899,0.9704596139490604,0.9811577722430229
md_fullq_dqn,804,5,124.84097440677274,121.21398965518607,47.14767423272133,77.69330024855722,1.8507267739623785,27137.083541870117,0.0,32.0,1.0,0.0,0.9728571428571429,1.0519078746438026,0.8048374056816101,0.8235681764781475
md_fullq_dqn,804,6,175.98993180967568,129.03912424868457,41.66635140776634,134.32358043171163,1.9030526848509908,26051.18511199951,0.0,35.0,27.0,2.0,0.9683333333333334,0.9505472481250763,0.7279171533882618,0.7421002462506294
md_fullq_dqn,804,7,132.57860512627803,129.48155935838378,40.96474523842335,91.61386063291273,1.8856733897700906,24515.275520324707,0.0,36.0,9.0,2.0,0.9638095238095238,1.0890111811459064,0.8341802731156349,0.8494363240897655
md_fullq_dqn,804,8,103.22195798158646,126.56382587207297,37.09590847790241,66.12604942917824,1.6972572207450867,22027.44785308838,0.0,27.0,0.0,0.0,0.9592857142857143,1.2021111324429512,0.9227678067982197,0.9311443418264389
md_fullq_dqn,804,9,134.80070236956112,127.38751352182177,40.32392178475857,94.47678073381415,1.8037229496985674,24142.20859527588,0.0,31.0,17.0,1.0,0.9547619047619048,0.9093056321144104,0.6977499350905418,0.7051856219768524
md_fullq_dqn,804,10,106.1468874514103,125.45654751542074,37.326152846217155,68.82073418796062,1.7275836579501629,22192.505828857422,0.0,31.0,0.0,0.0,0.9502380952380952,0.7208862639963627,0.5541484337300062,0.5557927712798119
md_fullq_dqn,804,11,161.59234466634933,128.4678639446648,46.69972251355648,114.89262289785093,1.8930072169750929,27485.1300239563,0.0,35.0,24.0,0.0,0.9457142857142857,0.5533337332308292,0.4255651496350765,0.425895256921649
md_fullq_dqn,804,12,144.5476035042007,129.70476698770602,41.59480665624142,102.95279726519178,1.8473508218303323,25302.761489868164,0.0,32.0,22.0,0.0,0.9411904761904761,0.4393843524158001,0.3391483947634697,0.3341198544949293
md_fullq_dqn,804,13,115.16603747010231,128.6662863078772,38.78852182626724,76.37751612067223,1.7408052366226912,23341.42657470703,0.0,31.0,0.0,0.0,0.9366666666666666,0.35877801664173603,0.27631570398807526,0.27487436309456825
md_fullq_dqn,804,14,136.8779222961641,129.2137287070963,40.094342678785324,96.78357933425671,1.8388017751276493,24545.57524871826,0.0,33.0,15.0,1.0,0.9321428571428572,0.3348654545843601,0.2574564181268215,0.25803010538220406
md_fullq_dqn,804,15,110.78112704306841,128.06169110309455,39.34971433132887,71.43141289055347,1.685575595125556,22579.12042236328,0.0,30.0,0.0,0.0,0.9276190476190476,0.6825721822679043,0.5243827737867832,0.5272980108857155
md_fullq_dqn,804,16,162.36227153689134,130.07937230508261,45.679808393120766,116.68246311396828,1.8879824159666896,26917.581398010254,0.0,34.0,28.0,1.0,0.9230952380952381,0.7888377979397774,0.6055172793567181,0.6110683921724558
md_fullq_dqn,804,17,223.3535470033398,135.26127089943023,47.69853588938713,175.65501092023752,2.0393957728520036,29016.299766540527,0.0,37.0,30.0,1.0,0.9185714285714286,0.5414936002343893,0.4158841483294964,0.41869816556572914
md_fullq_dqn,804,18,138.9545291742639,135.45565291389516,40.18868524581194,98.76584412216708,1.8284443253651261,24612.147048950195,0.0,36.0,15.0,2.0,0.914047619047619,0.42500737123191357,0.326842213049531,0.3272171653807163
md_fullq_dqn,804,19,130.22363543323965,135.19405203986236,46.918562203645706,83.30507316998929,1.888641681522131,27410.99041748047,0.0,34.0,4.0,0.0,0.9095238095238095,0.337827286683023,0.25955220125615597,0.2609169213101268
md_fullq_dqn,804,20,113.11581915616989,135.7227918035842,39.603607550263405,73.51221157610416,1.7390783997252584,23247.08996963501,0.0,31.0,0.0,0.0,0.905,0.3178155208006501,0.24369527213275433,0.2470674803480506
md_fullq_dqn,804,21,143.43340340218538,136.22104270584126,38.531132362782955,104.90227112880937,1.7731181140989065,23386.18491744995,0.0,38.0,31.0,0.0,0.9004761904761904,0.30894291680306196,0.23671295028179884,0.24076654762029648
md_fullq_dqn,804,22,201.13614464676024,139.1474779896839,43.614371597766876,157.52177304899337,1.9677968211472034,27198.818046569824,0.0,35.0,34.0,2.0,0.895952380952381,0.28244750015437603,0.21634355653077364,0.22034646850079298
md_fullq_dqn,804,23,96.80277898311616,138.7491309353365,36.41395589709282,60.38882295191288,1.6646568272262812,21443.61675643921,0.0,26.0,0.0,2.0,0.8914285714285715,0.8259220765903592,0.6339150462299585,0.6400234075263143
md_fullq_dqn,804,24,160.44528045353593,140.8185751957336,45.26398941874504,115.18129130301176,1.892468891106546,26818.22599029541,0.0,37.0,21.0,1.0,0.8869047619047619,0.8668737672269344,0.6654469761997461,0.6714226100593805
md_fullq_dqn,804,25,139.16693792150485,141.53487337147018,42.28167191147804,96.88526595042214,1.8280001627281308,24897.838371276855,0.0,33.0,29.0,3.0,0.8823809523809524,0.5310215372592211,0.4067589696496725,0.41420852951705456
md_fullq_dqn,804,26,160.13293055656143,140.74202330881448,42.48609209060669,117.64683837654776,1.926128014922142,25866.048191070557,0.0,33.0,26.0,1.0,0.8778571428571429,0.461150879971683,0.3543656934052706,0.3559505995362997
md_fullq_dqn,804,27,110.2586986720562,139.62602798610337,39.21773823350668,71.04096041619778,1.7203822983428836,22450.732906341553,0.0,32.0,0.0,0.0,0.8733333333333333,0.4397911224514246,0.33757785707712173,0.34071087930351496
md_fullq_dqn,804,28,116.45493762344123,140.28767696819614,39.43736056238413,77.0175771355629,1.797783431597054,23096.14743423462,0.0,34.0,0.0,1.0,0.8688095238095238,0.3397595342248678,0.26103377249091864,0.2624192023649812
md_fullq_dqn,804,29,116.18371911140798,139.35682780528845,34.6956220716238,81.4880966374528,1.7253617336973548,21439.930290222168,0.0,33.0,6.0,1.0,0.8642857142857143,0.3700639121234417,0.2842787327244878,0.28595058526843786
md_fullq_dqn,804,30,125.60652559200268,140.32980971231808,41.3564587533474,84.25006636181814,1.8250562911853194,24172.771438598633,0.0,35.0,15.0,0.0,0.8597619047619047,0.38057135324925184,0.2915311651304364,0.29680061619728804
md_fullq_dqn,804,31,108.51393957436085,137.67588945771865,38.20136511325836,70.31257423758507,1.7419647704809904,22579.415985107422,0.0,29.0,0.0,0.0,0.8552380952380952,1.0347878616303205,0.7938081938773394,0.803265493363142
md_fullq_dqn,804,32,128.7667188346386,136.88684522424052,44.09462358057499,84.67209586501122,1.8188372617587447,24839.899974822998,0.0,35.0,0.0,0.0,0.8507142857142858,0.6800371706485748,0.521877683699131,0.5271982662379742
md_fullq_dqn,804,33,101.41902755200863,136.19949472833585,38.67692971229553,62.74209800362587,1.6841401811689138,22364.593797683716,0.0,29.0,0.0,0.0,0.8461904761904762,0.5565482415258884,0.4275603611022234,0.42995957657694817
md_fullq_dqn,804,34,121.79674111306667,135.445435669181,38.005530655384064,83.79121044278145,1.7727795131504536,22756.096954345703,0.0,33.0,0.0,0.0,0.8416666666666667,0.5523607488721609,0.4248281754553318,0.42510856315493584
md_fullq_dqn,804,35,114.44796891510487,135.62877776278282,39.03951317071915,75.40845574438572,1.7218961669132113,22315.568016052246,0.0,33.0,0.0,0.0,0.8371428571428572,0.459882739931345,0.35232281778007746,0.3585330620408058
md_fullq_dqn,804,36,103.31898459047079,132.67661341546176,34.79142674058676,68.52755890786648,1.6677083633840084,20703.32837677002,0.0,30.0,0.0,1.0,0.8326190476190476,0.46354332379996777,0.35561761260032654,0.35975235141813755
md_fullq_dqn,804,37,109.16940543800592,126.9674063371951,40.114987783133984,69.05441680550575,1.6939883939921856,22942.490970611572,0.0,30.0,0.0,1.0,0.8280952380952381,0.4776695854961872,0.36813957151025534,0.3651000363752246
md_fullq_dqn,804,38,95.47252637147903,124.79330619705586,34.79344234615564,60.67908352613449,1.6465633222833276,20182.720085144043,0.0,28.0,0.0,0.0,0.8235714285714286,0.45077051408588886,0.34505376499146223,0.3523891568183899
md_fullq_dqn,804,39,118.28822349011898,124.19653559989982,41.38161722570658,76.90660519897938,1.7905783616006374,23939.69818878174,0.0,34.0,0.0,1.0,0.819047619047619,1.1484174095094204,0.8822151273488998,0.8873409293591976
md_fullq_dqn,804,40,120.09640322625637,124.54556480340413,38.87558498978615,81.22081850469112,1.73386097420007,22378.047283172607,0.0,34.0,0.0,0.0,0.8145238095238095,0.6591544970870018,0.5041834115982056,0.5165702644735575
md_fullq_dqn,804,41,116.9653440117836,123.22216183388404,41.58033235371113,75.38501180708408,1.7338652331382036,23856.388931274414,0.0,33.0,0.0,0.0,0.81,0.5972925573587418,0.45741534046828747,0.46625737473368645
md_fullq_dqn,804,42,114.56169641017914,118.89343942205498,40.99743986129761,73.56425595283508,1.7407061830163002,23334.695722579956,0.0,31.0,0.0,1.0,0.8054761904761905,0.5815981794148684,0.4469677936285734,0.448767913505435
md_fullq_dqn,804,43,103.58655479550362,119.23262821267436,35.136743903160095,68.44981065392494,1.6481931423768401,20693.88468170166,0.0,30.0,0.0,2.0,0.800952380952381,0.5406313687562943,0.41590062249451876,0.41576911322772503
md_fullq_dqn,804,44,125.42518215179443,117.48162329758729,39.29321327805519,86.1319683521986,1.7539130887016654,22713.933479309082,0.0,35.0,0.0,3.0,0.7964285714285715,0.5937848417088389,0.4546977849677205,0.46362350322306156
md_fullq_dqn,804,45,122.24957408308983,116.63575510566656,43.03654147684574,79.21303259134292,1.7551208129152656,24316.146812438965,0.0,33.0,0.0,2.0,0.7919047619047619,0.5224421061575413,0.39898461662232876,0.4115249617025256
md_fullq_dqn,804,46,117.2143918722868,114.48982817145281,38.061140939593315,79.15325044095516,1.7472431436181068,22603.62343597412,0.0,33.0,0.0,2.0,0.7873809523809524,0.6653395686298609,0.5110183944925666,0.5144039010629058
md_fullq_dqn,804,47,115.95752356946468,114.77476941632324,43.68668622523546,72.2708370089531,1.7560154488310218,24703.559314727783,0.0,30.0,0.0,0.0,0.7828571428571429,0.9464364629238844,0.7250503078103065,0.7379538100212812
md_fullq_dqn,804,48,92.32614456117153,113.56832976320975,34.44433404505253,57.881810799241066,1.6122185550630093,19862.01959991455,0.0,28.0,0.0,0.0,0.7783333333333333,0.7588747292757034,0.5839819442480803,0.5829759277403355
md_fullq_dqn,804,49,127.72543405121769,114.14541551020025,42.86608176678419,84.85935220247711,1.7957972502335906,24618.658573150635,0.0,36.0,4.0,0.0,0.7738095238095238,0.6079798806458712,0.46537179686129093,0.4753602659329772
md_fullq_dqn,804,50,119.24661298841238,113.82741988002071,40.95314844697714,78.29346434772015,1.794932870194316,23736.63621902466,0.0,33.0,0.0,0.0,0.7692857142857144,0.671517999842763,0.5140962041914463,0.5247393269091845
md_fullq_dqn,804,51,116.63275192081929,114.23336049734364,41.33548694849014,75.29726427197457,1.7632932402193546,23928.061138153076,0.0,33.0,0.0,1.0,0.7647619047619048,0.6350206434726715,0.4863054556772113,0.49571728333830833
md_fullq_dqn,804,52,114.37085067629815,113.51356708942663,35.08153082430363,79.28932013511658,1.705390247516334,20386.09465789795,0.0,34.0,0.0,2.0,0.7602380952380953,0.5743039324879646,0.4395058359950781,0.44932697154581547
md_fullq_dqn,804,53,115.68407659232616,114.2268195414425,36.906745225191116,78.77733194828033,1.8084456799551845,22497.455450057983,0.0,33.0,0.0,2.0,0.7557142857142858,0.6161800734698772,0.4726520925760269,0.47842659894376993
md_fullq_dqn,804,54,96.82005172222853,112.97798507190059,31.93073508143425,64.88931660354137,1.6392913926392794,19307.28494644165,0.0,30.0,0.0,1.0,0.7511904761904762,0.899752477183938,0.6913121193647385,0.6948011517524719
md_fullq_dqn,804,55,113.81821429729462,112.94649734101009,35.52017222344875,78.2980420589447,1.691126543097198,20839.41436767578,0.0,34.0,0.0,0.0,0.7466666666666667,0.9614852592349052,0.7372112367302179,0.7475800272077322
md_fullq_dqn,804,56,96.10600198954344,112.58584821096372,34.53739117830992,61.56861183941364,1.6372807016596198,20032.170753479004,0.0,27.0,0.0,2.0,0.7421428571428572,0.7909220652654767,0.6071243090555072,0.6126591321080923
md_fullq_dqn,804,57,104.72756111621857,112.36375599487435,34.917797803878784,69.80976366996765,1.6096020182594657,19605.296852111816,0.0,31.0,0.0,0.0,0.7376190476190476,0.64080610871315,0.4909446807578206,0.49953806586563587
md_fullq_dqn,804,58,154.18532099477045,115.29939572603891,41.7355070412159,112.449813804543,1.846019501797855,24158.704109191895,0.0,37.0,33.0,2.0,0.7330952380952381,0.6880153324455023,0.5271400650963187,0.5362508585676551
md_fullq_dqn,804,59,94.51627201586962,114.11079815232645,32.76825904101133,61.74801290035248,1.6189862210303545,19422.30238723755,0.0,29.0,0.0,0.0,0.7285714285714286,0.6648789457976818,0.5099572688341141,0.5164056001231074
md_fullq_dqn,804,60,125.24587136507034,114.36827155926714,39.308097034692764,85.9377744346857,1.8199752885848284,22995.902824401855,0.0,37.0,0.0,0.0,0.724047619047619,0.7562745623290539,0.5801619598641992,0.5870419824495912
md_fullq_dqn,804,61,111.17578841745853,114.07879377955089,40.08493898808956,71.09084948897362,1.7546612182632089,23206.258417129517,0.0,31.0,0.0,1.0,0.7195238095238095,0.7171733155846596,0.5522128436714411,0.5498682241886854
md_fullq_dqn,804,62,111.57931888103485,113.92967490309368,38.26590983569622,73.31340862810612,1.7007384104654193,21863.090545654297,0.0,32.0,0.0,0.0,0.7150000000000001,1.0222751311957836,0.7830310165882111,0.7974802907556295
md_fullq_dqn,804,63,108.76645129919052,114.18866972827803,35.989880874753,72.77657064795494,1.7728852732107043,22109.025024414062,0.0,30.0,0.0,1.0,0.7104761904761905,0.9483500048518181,0.7272658403962851,0.7369471676647663
md_fullq_dqn,804,64,121.51007848978043,113.99291454517734,40.32696461677551,81.18311449885368,1.766795750707388,23040.419273376465,0.0,34.0,0.0,1.0,0.7059523809523809,0.835989510640502,0.6433186307549477,0.6422362420707941
md_fullq_dqn,804,65,110.0875722706318,113.38481445455443,39.148913100361824,70.93865899145604,1.7116126231849194,22293.416427612305,0.0,30.0,0.0,1.0,0.7014285714285715,0.7681740522384644,0.5897801946848631,0.5946461725980043
md_fullq_dqn,804,66,106.43100829422474,112.84564527565131,37.33052450418472,69.10048349201679,1.6773685226216912,21286.15958404541,0.0,30.0,0.0,0.0,0.6969047619047619,0.6832974143326283,0.5249103028327227,0.5279570072889328
md_fullq_dqn,804,67,110.3515281663297,112.56534550549456,38.22383038699627,72.12769816676362,1.7991247130557895,23167.64105987549,0.0,31.0,2.0,1.0,0.6923809523809523,0.796762727200985,0.6114475540816784,0.6177172213792801
md_fullq_dqn,804,68,86.70620474219322,112.28434851454567,29.2001810669899,57.50602388381958,1.560772579163313,17450.06296157837,0.0,26.0,0.0,0.0,0.687857142857143,0.8356318827718496,0.6423909980803728,0.6441362462937832
md_fullq_dqn,804,69,118.98416991531849,111.8472853077507,42.87558579444885,76.10858476161957,1.8113698083907366,24372.38217163086,0.0,32.0,0.0,0.0,0.6833333333333333,0.7741839196532965,0.5951993335038424,0.5966152716428041
md_fullq_dqn,804,70,99.92374643683434,110.88114198017179,35.09447218477726,64.8292738199234,1.6383735677227378,20510.64960861206,0.0,28.0,0.0,1.0,0.6788095238095238,1.2257733382284641,0.9393933825194836,0.954599816352129
md_fullq_dqn,804,71,103.75562320649624,110.23728554445563,33.79128508269787,69.9643384963274,1.6339961383491755,19914.42233467102,0.0,30.0,0.0,0.0,0.6742857142857144,0.859551090747118,0.6570249907672405,0.6750869229435921
md_fullq_dqn,804,72,109.84141100347043,110.01081356081424,39.51431868970394,70.32709258198739,1.7473271042108536,23004.37501144409,0.0,30.0,0.0,3.0,0.6697619047619048,0.9690444618463516,0.7430854141712189,0.7531967647373676
md_fullq_dqn,804,73,117.4824731349945,110.10073338794766,40.706087559461594,76.77638579905033,1.7833763295784593,23821.309986114502,0.0,32.0,0.0,0.0,0.6652380952380952,0.9543154910206795,0.7321312297135592,0.7406142149120569
md_fullq_dqn,804,74,100.45366580784321,110.2824140922284,35.82649378478527,64.62717245519161,1.658892492763698,20950.554119110107,0.0,29.0,0.0,1.0,0.6607142857142857,0.7076118607074022,0.5395904555916786,0.5600713491439819
md_fullq_dqn,804,75,105.87915796339512,109.88546127553346,39.388167798519135,66.49099059700966,1.6756207831203938,22094.369846343994,0.0,28.0,0.0,3.0,0.6561904761904762,0.8690059911459684,0.6657549440860748,0.6775034721940756
md_fullq_dqn,804,76,81.55393131822348,109.15785774196743,30.53744960576296,51.016481921076775,1.504971302114427,17425.121046066284,0.0,24.0,0.0,0.0,0.6516666666666667,0.7451662179082632,0.5712453760206699,0.5797361545264721
md_fullq_dqn,804,77,116.70669120103122,109.75681424620807,41.470046781003475,75.23664568662645,1.8028913540765643,24058.137424468994,0.0,33.0,1.0,1.0,0.6471428571428571,0.8619626257568598,0.6606527138501406,0.6710330173373222
md_fullq_dqn,804,78,100.59887792915106,107.07749209292709,32.132962591946125,68.4659152328968,1.6143731139600277,18475.845407485962,0.0,31.0,0.0,1.0,0.6426190476190476,1.1690966747701168,0.898774515837431,0.9010738208889961
md_fullq_dqn,804,79,116.59187039732933,108.1812720120001,39.04148156940937,77.55038905143738,1.6887032436206937,21606.845748901367,0.0,33.0,0.0,1.0,0.6380952380952382,1.1337356083095074,0.870031975209713,0.8790120407938957
md_fullq_dqn,804,80,103.93003282845021,107.11548008516907,38.88693588972092,65.04309661090375,1.6877211881801486,22643.408897399902,0.0,28.0,0.0,1.0,0.6335714285714286,0.9388491474092007,0.7191155403852463,0.7324453610926867
md_fullq_dqn,804,81,113.6229374140501,107.23783753499865,38.991487339138985,74.63145034313202,1.7492600390687585,22594.351776123047,0.0,32.0,0.0,2.0,0.6290476190476191,0.9436751306056976,0.7255872562527657,0.7269595647230744
md_fullq_dqn,804,82,113.65311876684427,107.34152752928912,37.91891258209944,75.73420631885529,1.7119256360456347,21348.468662261963,0.0,31.0,0.0,1.0,0.6245238095238095,0.8762662671506405,0.6728800293058157,0.6779540833085775
md_fullq_dqn,804,83,103.87350535392761,107.09688023202598,35.97771556675434,67.89578965306282,1.6359089221805334,20295.25876235962,0.0,30.0,0.0,0.0,0.62,0.8559171557426453,0.6555521991103888,0.6678831651806831
md_fullq_dqn,804,84,110.81598733365536,106.56217567421973,38.375713273882866,72.4402745962143,1.8382974350824952,22909.120666503906,0.0,30.0,0.0,0.0,0.6154761904761905,0.8772274367511272,0.6740189865231514,0.6773614808917046
md_fullq_dqn,804,85,100.77520429342985,106.09655727535963,34.54751345515251,66.22769106924534,1.6465551927685738,19897.719284057617,0.0,30.0,0.0,0.0,0.6109523809523809,0.9526188429445028,0.7311732899397612,0.738151827827096
md_fullq_dqn,804,86,107.11186957657337,106.13060033947707,35.8291022926569,71.28276753723621,1.7279281923547387,21267.84366607666,0.0,30.0,0.0,2.0,0.6064285714285714,1.0621988531202078,0.8151753395795822,0.8234116658568382
md_fullq_dqn,804,87,132.2413133621216,107.22508959926665,41.77518931031227,90.4661231726408,1.9160165172070265,24957.436408996582,0.0,38.0,0.0,2.0,0.6019047619047619,1.0427982434630394,0.8017814084887505,0.8033894170075655
md_fullq_dqn,804,88,114.69346216320992,108.6244524703175,38.521436646580696,76.17202597856522,1.687827025540173,21409.448886871338,0.0,33.0,0.0,0.0,0.5973809523809523,1.0055570378899574,0.7700586654245853,0.7849945351481438
md_fullq_dqn,804,89,104.04622642993927,107.87755529604854,35.36695043742657,68.67927615642547,1.692061678506434,20438.34808731079,0.0,31.0,0.0,2.0,0.592857142857143,1.0304403379559517,0.7887543570250273,0.8056199047714472
md_fullq_dqn,804,90,106.34770776331425,108.19875336237253,35.96493977308273,70.38276806473732,1.6691715978085995,20347.605194091797,0.0,32.0,0.0,1.0,0.5883333333333334,0.780382664874196,0.5979465339332819,0.6081204358488321
md_fullq_dqn,804,91,98.27150461822748,107.92454743295907,36.503276370465755,61.76822818815708,1.620428942143917,20346.77361679077,0.0,27.0,0.0,1.0,0.5838095238095238,0.8906998056918383,0.6832719733938575,0.691426083445549
md_fullq_dqn,804,92,107.73674054443836,107.81931391000748,39.0457099750638,68.69103026390076,1.7051454419270158,21961.907426834106,0.0,30.0,0.0,0.0,0.5792857142857144,0.8623396251350641,0.6597120491787791,0.6754252314567566
md_fullq_dqn,804,93,105.23754082024098,107.20706729426982,36.9110978320241,68.3264436364174,1.6450808830559254,20948.995712280273,0.0,29.0,0.0,1.0,0.5747619047619048,1.0824754275381565,0.8303091824054718,0.840554092079401
md_fullq_dqn,804,94,136.091752871871,108.9889716474712,41.274603605270386,94.81714904308319,1.7980252681300044,24084.83415222168,0.0,38.0,0.0,1.0,0.5702380952380952,1.079503269866109,0.8264246992766857,0.8435951750725508
md_fullq_dqn,804,95,99.88082297295333,108.6890548979491,34.515053637325764,65.36576933562756,1.736792185343802,21415.760940551758,0.0,28.0,0.0,3.0,0.5657142857142857,1.0866700056940317,0.8329675197601318,0.845674941316247
md_fullq_dqn,804,96,115.03191705942154,110.36295418500902,37.09671528637409,77.93520186245442,1.672121649608016,21018.882564544678,0.0,32.0,0.0,1.0,0.5611904761904762,0.9264398775994778,0.7097457237541676,0.722313791513443
md_fullq_dqn,804,97,114.18640992045403,110.23694012098015,38.4381977468729,75.74821202456951,1.733262825757265,22042.153469085693,0.0,33.0,0.0,1.0,0.5566666666666666,0.8759741839021444,0.6697854232043028,0.6872958447784185
md_fullq_dqn,804,98,114.56043387949467,110.93501791849735,42.34040027856827,72.22003361582756,1.7738236468285322,23965.18091583252,0.0,31.0,0.0,2.0,0.5521428571428572,0.8345394507050514,0.6377539914101362,0.6559515055269003
md_fullq_dqn,804,99,115.61969065964222,110.88640893161298,37.36167185753584,78.25801882445812,1.7490286687389016,21682.930000305176,0.0,33.0,0.0,3.0,0.5476190476190477,0.9673352651298046,0.7390031609684229,0.7611069902777672
md_fullq_dqn,804,100,119.85203891992569,111.68250923618675,38.10678966343403,81.74524961411953,1.713467544876039,21441.908576965332,0.0,37.0,0.0,1.0,0.5430952380952381,0.9152843579649925,0.7025303672999144,0.7091799173504114
md_fullq_dqn,804,101,103.80888637304307,111.1918066841364,34.16553537547588,69.64335113167763,1.6380956238135695,19755.736660003662,0.0,28.0,0.0,1.0,0.5385714285714286,1.069015758112073,0.8206812515854836,0.8277816195040941
md_fullq_dqn,804,102,99.72106965631247,110.49520422860981,36.1423015370965,63.57876795530319,1.6146611692383885,20432.811038970947,0.0,28.0,0.0,0.0,0.5340476190476191,1.3463633731007576,1.0328366234898567,1.0450891256332397
md_fullq_dqn,804,103,110.81028524339199,110.84204322308304,41.13897217810154,69.67131348252296,1.8198948437348008,24083.135662078857,0.0,31.0,0.0,2.0,0.5295238095238095,0.9863354116678238,0.7555011697113514,0.7694474868476391
md_fullq_dqn,804,104,124.77101381123066,111.5397945469618,43.557778142392635,81.21323554217815,1.8145416211336851,24611.55927658081,0.0,34.0,0.0,0.0,0.525,1.250573268160224,0.9585810732096434,0.973307341337204
md_fullq_dqn,804,105,119.8455443546176,112.49331155002116,41.610790483653545,78.23475399017335,1.8093965640291572,24046.74387359619,0.0,32.0,0.0,1.0,0.5204761904761905,0.8657393250614405,0.6624584514647722,0.6776029076427221
md_fullq_dqn,804,106,97.89441911876202,112.0324390271306,36.82792730629444,61.066490933299065,1.6362727200612426,20876.94468307495,0.0,27.0,0.0,0.0,0.5159523809523809,1.322112962603569,1.011174913495779,1.0364601146429777
md_fullq_dqn,804,107,104.90787062942982,110.66576689049603,34.272263422608376,70.6356073409319,1.6910179127007723,19504.414302825928,0.0,32.0,0.0,2.0,0.5114285714285716,1.122430918738246,0.8586128614842892,0.8793934565037489
md_fullq_dqn,804,108,105.9281622543931,110.22750189505518,35.22852285951376,70.69964003562927,1.6812865249812603,20241.836280822754,0.0,30.0,0.0,0.0,0.506904761904762,1.061278872191906,0.810561042279005,0.8357260413467884
md_fullq_dqn,804,109,96.29386821389198,109.83988398425281,34.02876953780651,62.26509913802147,1.581148006953299,18827.85190963745,0.0,27.0,0.0,0.0,0.5023809523809524,1.2778268791735172,0.9793543070554733,0.9949085079133511
md_fullq_dqn,804,110,103.33570035099983,109.6892836136371,33.362839072942734,69.97286141216755,1.6051221080124378,18853.49359512329,0.0,30.0,0.0,2.0,0.4978571428571429,1.083797024562955,0.8329062778502703,0.8363024350255728
md_fullq_dqn,804,111,95.91513319611549,109.57146504253151,36.19717490673065,59.71795806586742,1.6234834445640445,20572.757720947266,0.0,27.0,0.0,2.0,0.4933333333333334,1.512489089742303,1.159755865111947,1.1757773868739605
md_fullq_dqn,804,112,100.9028988480568,109.22977295771241,34.30652393400669,66.59637421369553,1.6094622109085321,19081.9263381958,0.0,28.0,0.0,0.0,0.4888095238095238,1.0141209587454796,0.7757781306281686,0.7944760136306286
md_fullq_dqn,804,113,102.95753125846386,109.11577247962354,35.68589982390404,67.27163106203079,1.6444904590025544,20174.054767608643,0.0,30.0,0.0,1.0,0.4842857142857143,0.9623922817409039,0.7375957388430834,0.7493217401206493
md_fullq_dqn,804,114,88.20366843044758,106.72136825755237,33.65554638206959,54.54812218248844,1.6047936277464032,19173.49603652954,0.0,25.0,0.0,0.0,0.4797619047619047,0.9520380645990372,0.7276105023920536,0.7480918243527412
md_fullq_dqn,804,115,118.32334320247173,107.64349426902831,38.64318825304508,79.68015560507774,1.7581977220252156,21987.878147125244,0.0,33.0,0.0,1.0,0.47523809523809524,0.9225119408220053,0.7065207175910473,0.7199706993997097
md_fullq_dqn,804,116,112.1762321472168,107.50071002341808,37.987333446741104,74.18889905810356,1.671341773122549,21220.38306427002,0.0,31.0,0.0,2.0,0.47071428571428575,1.0307261552661657,0.790824681520462,0.7996715623885393
md_fullq_dqn,804,117,101.6986595094204,106.87632250286637,34.00836034864187,67.69029924273491,1.623810324817896,19537.76699066162,0.0,30.0,0.0,1.0,0.46619047619047627,1.3241234458982944,1.0149457696825266,1.0305922236293554
md_fullq_dqn,804,118,123.42298256605864,107.31944993719458,39.69929277151823,83.72368919849396,1.7960967104882002,22687.13835144043,0.0,35.0,0.0,0.0,0.46166666666666667,1.0793158914893866,0.8245190288871527,0.849322821944952
md_fullq_dqn,804,119,101.2980504333973,106.60336792588232,36.1382932215929,65.15975767374039,1.6725281970575452,20261.696548461914,0.0,29.0,0.0,2.0,0.4571428571428572,1.1580309513956308,0.8887403104454279,0.8976354338228703
md_fullq_dqn,804,120,104.70975765734912,105.84625386275351,37.44968154281378,67.26007684469224,1.6602949015796185,21106.494632720947,0.0,30.0,0.0,2.0,0.4526190476190477,1.0238530207425356,0.7856136225163937,0.7941313162446022
md_fullq_dqn,804,121,96.01915343105793,105.45676721565425,34.52337207645178,61.49578154087067,1.6292112600058317,19744.3671875,0.0,27.0,0.0,0.0,0.4480952380952381,0.8801777474582195,0.6742056999355555,0.6865734923630953
md_fullq_dqn,804,122,112.31339368373156,106.08638341702522,39.04162495583296,73.27176853418351,1.743760091252625,22335.84705734253,0.0,32.0,0.0,1.0,0.4435714285714286,1.0274824816733599,0.7881539929658175,0.7977615781128407
md_fullq_dqn,804,123,116.08007293641568,106.34987280167641,39.14345832169056,76.93661451041699,1.6791783198714256,21283.515468597412,0.0,32.0,0.0,4.0,0.439047619047619,1.1653556991368532,0.8942809328436852,0.9035825468599796
md_fullq_dqn,804,124,107.07041329145432,105.46484277568757,36.806173622608185,70.26423963904381,1.6721488162875175,20884.768630981445,0.0,30.0,0.0,2.0,0.43452380952380953,1.0729967877268791,0.8228003047406673,0.8339882679283619
md_fullq_dqn,804,125,115.6943439245224,105.25728275418282,34.956904001533985,80.73743963241577,1.6623662868514657,20050.706657409668,0.0,34.0,0.0,0.0,0.43000000000000005,1.568506859242916,1.2022631652653217,1.2208122611045837
md_fullq_dqn,804,126,99.77669383585453,105.35139649003744,35.84545421600342,63.9312389343977,1.6270257700234652,19725.955360412598,0.0,29.0,0.0,0.0,0.42547619047619056,1.0912643410265446,0.8375506848096848,0.845712149515748
md_fullq_dqn,804,127,101.22554832100869,105.1672803746164,35.949376702308655,65.27617218494416,1.6975761065259576,20420.847873687744,0.0,28.0,0.0,1.0,0.42095238095238097,1.3293921034783125,1.016778713092208,1.0420446265488863
md_fullq_dqn,804,128,113.08888365030289,105.52531644441187,40.24298642575741,72.84589706063271,1.7669291086494923,23093.524768829346,0.0,31.0,0.0,3.0,0.41642857142857137,1.2003432847559452,0.9189051240682602,0.9381272085011005
md_fullq_dqn,804,129,128.84112661480904,107.15267936445773,40.93893805146217,87.90218884646893,1.8459231099113822,23537.326862335205,0.0,37.0,0.0,1.0,0.4119047619047619,1.262308668345213,0.9636061228811741,0.9956750981509686
md_fullq_dqn,804,130,100.34336888194085,107.00306279100478,35.077672988176346,65.26569564044476,1.6023545851930976,19531.874797821045,0.0,29.0,0.0,1.0,0.4073809523809524,1.2509861439466476,0.9592485185712576,0.9724587332457304
md_fullq_dqn,804,131,90.19250230640174,106.71693124651911,32.75802148133516,57.43448101878166,1.5835222424939275,18687.2261428833,0.0,26.0,0.0,2.0,0.4028571428571429,1.2588591016829014,0.9661896992474794,0.9755646679550409
md_fullq_dqn,804,132,82.13573345839977,105.77857297703626,28.50317445397377,53.63255904912948,1.5462721986696124,16794.173831939697,0.0,25.0,0.0,2.0,0.39833333333333343,1.1504434421658516,0.8817398808896542,0.8956784792244434
md_fullq_dqn,804,133,104.65686888992786,105.86353985860947,33.224575102329254,71.43229377269745,1.6354312468320131,19020.970096588135,0.0,30.0,0.0,0.0,0.39380952380952383,1.231097187846899,0.9413474388420582,0.9658324774354696
md_fullq_dqn,804,134,107.80853548049927,106.84378321111203,37.613296791911125,70.19523839056492,1.7213836461305618,20796.814254760742,0.0,30.0,0.0,2.0,0.38928571428571423,1.230600729584694,0.9411275256425142,0.9649106860160828
md_fullq_dqn,804,135,98.37852934002876,105.84654251798989,34.56775826215744,63.81077113747597,1.6601214651018381,19831.532775878906,0.0,28.0,0.0,0.0,0.38476190476190475,0.9842815343290567,0.7483068220317364,0.7865823432803154
md_fullq_dqn,804,136,110.57233141362667,105.76634748131036,36.59187068045139,73.98046025633812,1.7097826413810253,20846.15326690674,0.0,30.0,0.0,0.0,0.38023809523809526,1.2664605155587196,0.9690430909395218,0.9913914203643799
md_fullq_dqn,804,137,94.93896598368883,105.4283628050238,34.64969344437122,60.28927204012871,1.5818097097799182,18937.691314697266,0.0,26.0,0.0,1.0,0.3757142857142858,1.1720862798392773,0.8975106664001942,0.9152520336210728
md_fullq_dqn,804,138,98.854844199121,104.19995588667692,34.99796354025602,63.85688088238239,1.6839875681325793,20351.110691070557,0.0,29.0,0.0,1.0,0.3711904761904763,1.3573684580624104,1.040485380217433,1.0562768876552582
md_fullq_dqn,804,139,102.49351479113102,104.2597291045636,35.40619310736656,67.08732108771801,1.6345866220071912,19667.91131591797,0.0,31.0,0.0,0.0,0.3666666666666667,1.088814428076148,0.8326238710433245,0.8539685308933258
md_fullq_dqn,804,140,96.69788727462291,103.8591355854273,31.524104215204716,65.1737827539444,1.585484984330833,18238.846813201904,0.0,29.0,0.0,3.0,0.3621428571428572,1.3368097767233849,1.0201841033995152,1.0554188713431358
md_fullq_dqn,804,141,100.12489181756973,104.06442250475288,35.80539095401764,64.31950011849403,1.6354880053550005,20005.5717086792,0.0,29.0,0.0,0.0,0.3576190476190476,1.3817365542054176,1.0577622447162867,1.0799142699688673
md_fullq_dqn,804,142,90.66995503902436,102.9822505725175,32.11488105356693,58.55507414937019,1.5664708316326141,17927.958850860596,0.0,27.0,0.0,1.0,0.35309523809523813,1.336176434531808,1.0220644529908895,1.0470399502664804
md_fullq_dqn,804,143,99.50425620526076,102.15345973595979,32.586053885519505,66.91820240914822,1.6040353812277317,18741.537914276123,0.0,30.0,0.0,1.0,0.34857142857142864,1.343513185158372,1.0286453310400248,1.0495595447719097
md_fullq_dqn,804,144,108.72582826018333,102.23623048439623,36.469050511717796,72.25677812099457,1.693999576382339,20802.80728149414,0.0,30.0,0.0,1.0,0.34404761904761905,1.211951956152916,0.9270281307399273,0.9497460313141346
md_fullq_dqn,804,145,105.7256627380848,101.73779642507436,36.25807364284992,69.46758913993835,1.6486191200092435,20059.581771850586,0.0,30.0,0.0,1.0,0.33952380952380956,1.2481866609305143,0.9554658308625221,0.9757360387593508
md_fullq_dqn,804,146,95.26724105477334,101.51232378602029,33.30262562632561,61.964615964889525,1.5732672875747085,18697.093605041504,0.0,28.0,0.0,1.0,0.3350000000000001,1.3570887818932533,1.0411131754517555,1.0532520152628422
md_fullq_dqn,804,147,100.55744223296642,101.47891848161818,36.116850689053535,64.44059164822102,1.6728695593774319,20940.30307006836,0.0,27.0,0.0,0.0,0.3304761904761905,1.1717396602034569,0.8954420648515224,0.920991962775588
md_fullq_dqn,804,148,81.0604894310236,99.87749877065421,32.413489922881126,48.64699932932854,1.5637212945148349,18214.62501144409,0.0,22.0,0.0,1.0,0.325952380952381,1.6183933392167091,1.2444666363298893,1.2464222647249699
md_fullq_dqn,804,149,93.40984600037336,98.10593473993242,32.017837047576904,61.3920082449913,1.6068748477846384,18253.074508666992,0.0,27.0,0.0,0.0,0.3214285714285714,1.1073882803320885,0.8479549027979374,0.8647778686136007
md_fullq_dqn,804,150,104.49866146743298,98.31369936920703,35.62268749624491,68.87597378492356,1.6350810658186674,19843.523078918457,0.0,31.0,0.0,1.0,0.3169047619047619,1.1097455434501171,0.8480882160365582,0.8721910491585732
md_fullq_dqn,804,151,87.33365164101124,98.17075683593751,33.57156524062157,53.7620865046978,1.5691537000238895,18900.298961639404,0.0,24.0,0.0,2.0,0.3123809523809524,1.10275274887681,0.8425356736406684,0.8673902656883001
md_fullq_dqn,804,152,104.66488918811083,99.29721462242307,36.269351966679096,68.39553728103638,1.671175841242075,20517.88447189331,0.0,30.0,0.0,1.0,0.30785714285714294,1.305712215602398,0.9983111638575792,1.024670198559761
md_fullq_dqn,804,153,85.9731072485447,98.36302654035391,30.016197353601456,55.9569101780653,1.5278844283893704,17279.015995025635,0.0,26.0,0.0,3.0,0.30333333333333345,1.0353636220097542,0.7910727504640818,0.8143028616905212
md_fullq_dqn,804,154,85.30040802806616,97.23762016773226,32.45845026522875,52.84195785224438,1.548122327774763,18145.86932373047,0.0,25.0,0.0,0.0,0.29880952380952375,1.4856303036212921,1.1343949548900127,1.1707844845950603
md_fullq_dqn,804,155,86.8125015348196,96.65931877747178,34.49374804645777,52.31875368952751,1.6036506108939648,19301.846019744873,0.0,25.0,0.0,0.0,0.29428571428571426,1.139738405123353,0.8737972062081099,0.8864706251770258
md_fullq_dqn,804,156,116.93024915456772,96.97721466451883,40.54801718890667,76.38223189115524,1.7720013223588467,22347.249687194824,0.0,32.0,0.0,0.0,0.2897619047619048,1.5282855965197086,1.1710545495152473,1.190770061686635
md_fullq_dqn,804,157,91.75525617599487,96.81802917413413,34.135952457785606,57.61930385231972,1.6532909581437707,19759.316217422485,0.0,26.0,0.0,0.0,0.2852380952380953,1.1733201034367085,0.8940955027937889,0.9307486470788717
md_fullq_dqn,804,158,84.41842118799687,96.09620802357793,32.3184859007597,52.09993482530117,1.5722373807802796,18468.858947753906,0.0,24.0,0.0,1.0,0.2807142857142858,1.1636708918958902,0.8886835500597954,0.9166244752705097
md_fullq_dqn,804,159,74.84498009085655,94.7137812885642,26.922265097498894,47.92271509766579,1.4277006536722183,14832.835052490234,0.0,25.0,0.0,0.0,0.2761904761904763,1.2862583678215742,0.9826687797904015,1.0119652524590492
md_fullq_dqn,804,160,102.62182058393955,95.00997795403005,37.36529639363289,65.25652422010899,1.6799375982955098,20820.145038604736,0.0,29.0,0.0,0.0,0.2716666666666666,1.4338145293295383,1.0996409244835377,1.113912008702755
md_fullq_dqn,804,161,95.08164318650961,94.75781552247705,34.55364038795233,60.52800288796425,1.6330926539376378,19621.534698486328,0.0,27.0,0.0,1.0,0.2671428571428571,1.0966427940875292,0.8372345436364412,0.8646941464394331
md_fullq_dqn,804,162,93.96987939625978,94.9228117403388,32.604335241019726,61.36554330587387,1.5777144059538841,18452.133152008057,0.0,26.0,0.0,0.0,0.26261904761904764,1.137017885223031,0.8695757053792477,0.8914738968014717
md_fullq_dqn,804,163,83.54159843921661,94.1246788520366,32.14685997366905,51.3947381824255,1.6288091633468866,19066.117000579834,0.0,23.0,0.0,2.0,0.25809523809523816,1.5674510356038809,1.200043622404337,1.2246913369745016
md_fullq_dqn,804,164,90.26939060539007,93.20185696929693,32.42914769798517,57.84024278819561,1.6129495343193412,18446.306043624878,0.0,25.0,0.0,1.0,0.25357142857142867,1.6116741970181465,1.2364431358873844,1.2507701478898525
md_fullq_dqn,804,165,90.04696638435125,92.41792215161026,32.711937852203846,57.33502860665321,1.5908964602276683,18599.125480651855,0.0,25.0,0.0,2.0,0.24904761904761907,1.463367160409689,1.121205447241664,1.1405390985310078
md_fullq_dqn,804,166,81.85362353175879,91.74724127545952,30.152721233665943,51.70090261101723,1.506844773888588,16852.127349853516,0.0,24.0,0.0,0.0,0.2445238095238096,1.271937321871519,0.9697665311396122,1.0072359181940556
md_fullq_dqn,804,167,98.87762475013733,91.66325040131807,35.57174725830555,63.30587777495384,1.67193488124758,20625.03373336792,0.0,27.0,0.0,0.0,0.24,1.432034570723772,1.0987276937812567,1.111022824421525
md_fullq_dqn,804,168,93.79129938781261,92.29979089915751,32.16602365672588,61.6252756267786,1.620800819247961,18691.697521209717,0.0,27.0,0.0,2.0,0.2354761904761905,1.6419326085597277,1.2591773066669703,1.2758510410785675
md_fullq_dqn,804,169,87.98574137836695,92.02858566805722,33.076816976070404,54.908924819529055,1.5988900754600763,18670.440353393555,0.0,24.0,0.0,1.0,0.23095238095238102,1.4824958220124245,1.1334310956299305,1.1635490208864212
md_fullq_dqn,804,170,95.95646570026875,91.601475879699,34.259753346443176,61.69671274125576,1.6199711142107844,19098.924472808838,0.0,28.0,0.0,2.0,0.22642857142857142,1.3478152267634869,1.0309500806033611,1.056217122823
md_fullq_dqn,804,171,96.46680043786765,92.05813331954182,34.6209436878562,61.84585663080215,1.6364741176366806,19262.457553863525,0.0,26.0,0.0,1.0,0.22190476190476194,1.565348993986845,1.2013272121548653,1.2134059183299541
md_fullq_dqn,804,172,87.923329398036,91.22105533003808,31.93089447915554,55.992434561252594,1.5694126216694713,17787.049171447754,0.0,25.0,0.0,0.0,0.21738095238095245,1.3597493432462215,1.0410732328891754,1.062253687530756
md_fullq_dqn,804,173,100.02509051561356,91.92365449339152,34.39502815902233,65.63006199896336,1.6321041462942958,19522.768062591553,0.0,28.0,0.0,2.0,0.21285714285714286,1.475938217714429,1.1293521877378225,1.1552866697311401
md_fullq_dqn,804,174,96.84157360494137,92.50071277223529,33.926537446677685,62.91503689587116,1.5878811813890934,18848.351753234863,0.0,27.0,0.0,2.0,0.20833333333333337,1.1785370726138353,0.9000462274998426,0.9283027667552233
md_fullq_dqn,804,175,87.20671261101961,92.52042332604529,30.02119243890047,57.18552000820637,1.5235232235863805,16670.742874145508,0.0,26.0,0.0,0.0,0.20380952380952377,1.5048517882823944,1.150432750582695,1.1813967898488045
md_fullq_dqn,804,176,101.47260465472937,91.74754110105337,34.277777180075645,67.19482733309269,1.649397850036621,19524.826847076416,0.0,29.0,0.0,1.0,0.1992857142857143,1.44380041398108,1.103392394259572,1.1346932593733072
md_fullq_dqn,804,177,78.13697987943888,91.06662728622557,29.170626752078533,48.96635308265686,1.491596108302474,16360.061912536621,0.0,24.0,0.0,1.0,0.1947619047619048,1.2870301082730293,0.9829049296677113,1.0137505754828453
md_fullq_dqn,804,178,85.6895404547453,91.13018324956299,32.2383348941803,53.45120518803596,1.5286425687372684,17582.889888763428,0.0,27.0,0.0,1.0,0.19023809523809532,0.9272044133394957,0.7079351842403412,0.7308973912149668
md_fullq_dqn,804,179,90.91719005256891,91.93379374764861,34.02427584677935,56.89291310310364,1.62281056586653,19390.479907989502,0.0,24.0,0.0,1.0,0.18571428571428583,1.7327187471091747,1.3286850117146969,1.3467790745198727
md_fullq_dqn,804,180,101.57863631248475,91.88163453407587,35.80176264047623,65.77687377631665,1.690218378789723,20107.303745269775,0.0,30.0,0.0,1.0,0.18119047619047624,1.4943019673228264,1.143458116799593,1.1694795042276382
md_fullq_dqn,804,181,82.46725379824639,91.25091506466272,29.597673878073692,52.86958029270172,1.4936715327203274,16196.452058792114,0.0,25.0,0.0,2.0,0.17666666666666664,1.5170608647167683,1.161337310448289,1.1857450678944588
md_fullq_dqn,804,182,82.50104007273913,90.67747309848667,30.905217491090298,51.59582290947437,1.5307228956371546,17566.814865112305,0.0,24.0,0.0,1.0,0.17214285714285715,1.2758153229951859,0.9769909009337425,0.9960813522338867
md_fullq_dqn,804,183,94.02899020165205,91.20184268660844,30.935391291975975,63.093598768115044,1.595638389699161,17930.16912651062,0.0,27.0,0.0,1.0,0.16761904761904767,1.3665229007601738,1.0454360116273165,1.070289546623826
md_fullq_dqn,804,184,92.9173986107111,91.33424308687451,33.39844875782728,59.518949368596076,1.5656391074880958,18435.295440673828,0.0,26.0,0.0,2.0,0.16309523809523818,1.4702524058520794,1.1237803138792515,1.1549069546163082
md_fullq_dqn,804,185,74.12666366994381,90.53822795115413,28.073324486613274,46.0533392727375,1.4389594551175833,15426.109130859375,0.0,23.0,0.0,0.0,0.1585714285714287,1.3536950275301933,1.0335939675569534,1.067003533244133
md_fullq_dqn,804,186,113.81062251329422,92.13607790023089,38.38119587302208,75.42942741513252,1.7146515548229218,21473.19197845459,0.0,32.0,0.0,0.0,0.1540476190476191,1.4636557027697563,1.1193296927958727,1.1477532722055912
md_fullq_dqn,804,187,80.60138025134802,91.22226567529142,28.10865592211485,52.492724269628525,1.5112434094771743,15840.36563873291,0.0,26.0,0.0,0.0,0.1495238095238095,1.460038773715496,1.1174319069832563,1.142022930085659
md_fullq_dqn,804,188,90.93879229724408,91.07964032076299,34.38810522854328,56.55068711340427,1.6167630730196834,19152.759788513184,0.0,25.0,0.0,1.0,0.14500000000000002,1.559132095426321,1.1907088849693537,1.2280772756785154
md_fullq_dqn,804,189,80.72779367119074,90.71674293540418,29.385878548026085,51.341915145516396,1.490311454050243,16414.586742401123,0.0,25.0,0.0,0.0,0.14047619047619053,1.4580466002225876,1.1132548116147518,1.1493059806525707
md_fullq_dqn,804,190,86.75333593040705,90.2565864469111,29.597196824848652,57.156138598918915,1.5165022602304816,16760.92555618286,0.0,26.0,0.0,0.0,0.13595238095238105,1.3799796737730503,1.0553438775241375,1.0821192935109138
md_fullq_dqn,804,191,87.74935047328472,89.82071394868197,31.024762138724327,56.7245884090662,1.5569219160825014,17458.62243270874,0.0,26.0,0.0,1.0,0.13142857142857145,1.6844609640538692,1.28821424767375,1.320822361856699
md_fullq_dqn,804,192,89.4091660156846,89.89500577956439,32.63215332478285,56.77701276540756,1.5824230266734958,18340.082414627075,0.0,25.0,0.0,0.0,0.12690476190476196,1.646728117018938,1.260891418904066,1.2861222457140684
md_fullq_dqn,804,193,73.28794716596603,88.55814861208201,28.377295814454556,44.91065150797367,1.5059781791642308,16446.84697341919,0.0,23.0,0.0,2.0,0.12238095238095237,1.4019464701414108,1.0725223906338215,1.098080264404416
md_fullq_dqn,804,194,86.47125671505928,88.0396327675879,29.802604012191296,56.66865275502205,1.5329347234219313,17081.68586730957,0.0,24.0,0.0,4.0,0.11785714285714288,1.3555210381746292,1.0367594175040722,1.0625387225300074
md_fullq_dqn,804,195,66.35430269688368,86.99701227188112,27.990088880062103,38.36421397328377,1.4536042511463165,15770.473163604736,0.0,20.0,0.0,0.0,0.1133333333333334,1.6034225821495056,1.2307635098695755,1.242196835577488
md_fullq_dqn,804,196,81.44068516790867,85.99541629754007,29.438517436385155,52.002168491482735,1.520830792374909,16871.65623474121,0.0,24.0,0.0,1.0,0.1088095238095238,1.3279787376523018,1.0164447128772736,1.0384466908872128
md_fullq_dqn,804,197,81.1431927382946,86.14572694048286,31.407562777400017,49.735629573464394,1.5550713501870632,17578.011100769043,0.0,24.0,0.0,1.0,0.10428571428571431,1.4912250824272633,1.1406611166894436,1.168546475470066
md_fullq_dqn,804,198,88.89003574252129,86.30575170487165,30.213242791593075,58.676792883872984,1.5295041017234325,17030.40986251831,0.0,27.0,0.0,1.0,0.09976190476190483,1.2470825016498566,0.9527853485196829,0.9809904713183641
md_fullq_dqn,804,199,84.89881463348866,86.00483293391764,31.255707547068596,53.64310756325722,1.5750484438613057,17532.186737060547,0.0,24.0,0.0,0.0,0.09523809523809534,1.1304618492722511,0.8635490424931049,0.8897092826664448
md_fullq_dqn,804,200,80.49253857135773,84.9505280468613,29.544668033719063,50.94787046313286,1.5115424618124962,16737.650787353516,0.0,24.0,0.0,1.0,0.09071428571428575,1.346254549920559,1.0304124616086483,1.0528069287538528
md_fullq_dqn,804,201,89.03827839493752,85.27907927669585,32.08517345786095,56.95310475826263,1.5822824276983738,18160.464149475098,0.0,25.0,0.0,1.0,0.08619047619047626,1.4217007141560316,1.0854105409234762,1.1209671311080456
md_fullq_dqn,804,202,59.592035949230194,84.1336290705204,24.20621693879366,35.3858188688755,1.3760402593761683,13661.423347473145,0.0,20.0,0.0,0.0,0.08166666666666667,1.1328928247094154,0.8643603455275297,0.8951081559062004
md_fullq_dqn,804,203,103.86960542351008,84.62565983161332,34.482392095029354,69.38721382021905,1.6555275181308389,19398.320861816406,0.0,30.0,0.0,3.0,0.07714285714285718,1.5974281504750252,1.2244444526731968,1.2432789541780949
md_fullq_dqn,804,204,89.34623023122549,84.44710141263903,30.082027718424797,59.26420222222805,1.5243891263380647,17186.664043426514,0.0,26.0,0.0,0.0,0.0726190476190477,1.5162884593009949,1.1582171060144901,1.193571088835597
md_fullq_dqn,804,205,84.99588020145893,84.99056223921477,32.050388127565384,52.945491909980774,1.5949308713898063,18023.94859313965,0.0,23.0,0.0,0.0,0.06809523809523821,1.3400071673095226,1.0250253304839134,1.0499393548816442
md_fullq_dqn,804,206,89.55349823087454,83.77770602509379,29.356950141489506,60.19654794037342,1.5271254554390907,16576.720779418945,0.0,27.0,0.0,1.0,0.06357142857142861,1.7541406899690628,1.3428291715681553,1.3710383959114552
md_fullq_dqn,804,207,79.39613617360592,83.71744382120669,29.751191802322865,49.64494454264641,1.5014669746160507,16458.79486846924,0.0,24.0,0.0,2.0,0.059047619047619015,1.5587473213672638,1.1921154707670212,1.2221061065793037
md_fullq_dqn,804,208,78.94306331127882,83.11765737190842,30.014454804360867,48.92860873043537,1.5234015006572008,16704.565549850464,0.0,23.0,0.0,2.0,0.05452380952380953,1.5338961221277714,1.1715572010725737,1.20779637247324
md_fullq_dqn,804,209,90.24255879372359,83.59339562803507,32.206290163099766,58.03626927137375,1.5895850993692875,18143.854988098145,0.0,25.0,0.0,1.0,0.050000000000000044,1.6933076791465282,1.2952533476054668,1.3268477879464626
md_fullq_dqn,804,210,73.3690814986825,82.92418290644885,27.701745964586735,45.66733489334583,1.4538520406931639,15234.789646148682,0.0,23.0,0.0,1.0,0.050000000000000044,1.4761903453618288,1.1283863298594952,1.1593466624617577
md_fullq_dqn,804,211,80.94332323223352,82.58388154439629,28.063085079193115,52.88023820519447,1.4911802485585213,15730.130558013916,0.0,27.0,0.0,0.0,0.050000000000000044,1.5971576124429703,1.2224069014191628,1.2491690032184124
md_fullq_dqn,804,212,86.93042469918728,82.45994447857143,29.76409400999546,57.166330778598784,1.5339377839118242,17083.48948287964,0.0,25.0,0.0,2.0,0.050000000000000044,1.7744242325425148,1.3614126145839691,1.376705365255475
md_fullq_dqn,804,213,82.33756653219461,82.91242544688285,29.83198545128107,52.50558105111122,1.493659932166338,16421.228755950928,0.0,24.0,0.0,0.0,0.050000000000000044,1.6805395036935806,1.2841913625597954,1.3211603872478008
md_fullq_dqn,804,214,73.91319999992848,82.28452261112632,28.644972905516624,45.26822721362114,1.4750538282096386,15906.391075134277,0.0,22.0,0.0,1.0,0.050000000000000044,1.7010946907103062,1.3033667914569378,1.3257596641778946
md_fullq_dqn,804,215,83.1234482318163,83.12297988787296,29.48897736519575,53.634470829367636,1.5017787190154195,16265.457355499268,0.0,25.0,0.0,1.0,0.050000000000000044,1.4157129488885403,1.0816131383180618,1.113665958866477
md_fullq_dqn,804,216,69.95340237915516,82.54861574843527,26.521927006542683,43.431475484371184,1.4093014551326632,14356.265274047852,0.0,22.0,0.0,2.0,0.050000000000000044,1.4144412577152252,1.0805608239024878,1.1129347383975983
md_fullq_dqn,804,217,82.10751702785493,82.5968319629133,29.75234628468752,52.35517100393772,1.4913109401240945,16293.491075515747,0.0,24.0,0.0,2.0,0.050000000000000044,1.5207460336387157,1.1616836450994015,1.1968745980411768
md_fullq_dqn,804,218,93.75021506845951,82.83984092921021,33.59119692444801,60.159018233418465,1.6232570577412844,18788.12456893921,0.0,27.0,0.0,0.0,0.050000000000000044,1.45960246399045,1.1153554394841194,1.147489994764328
md_fullq_dqn,804,219,80.39692575633526,82.61474648535253,31.599217668175697,48.79770805835724,1.5582151096314192,17869.985195159912,0.0,22.0,0.0,1.0,0.050000000000000044,1.6053982451558113,1.2262956630438566,1.2636751998215914
md_fullq_dqn,804,220,101.0905883923173,83.6446489764005,33.19556947797537,67.89501895904542,1.6028869887813926,18530.514755249023,0.0,29.0,0.0,1.0,0.050000000000000044,1.4290033169090748,1.0895628370344639,1.1314681638032198
md_fullq_dqn,804,221,100.04596672356129,84.1950333928317,34.5192858427763,65.52668050825596,1.6174889095127583,19160.127040863037,0.0,29.0,0.0,1.0,0.050000000000000044,1.226015094667673,0.9363215882331133,0.9656449612230062
md_fullq_dqn,804,222,91.50321495682002,85.7905923432112,31.574447318911552,59.92876743674278,1.557922026142478,17598.872386932373,0.0,27.0,0.0,1.0,0.050000000000000044,1.4232187047600746,1.0887996442615986,1.1147301476448774
md_fullq_dqn,804,223,81.82963192462921,84.68859366826715,29.165891893208027,52.663740053772926,1.5144310677424073,16407.714820861816,0.0,25.0,0.0,0.0,0.050000000000000044,1.5470477193593979,1.1814312972128391,1.2187213152647018
md_fullq_dqn,804,224,87.82364842444659,84.6124645779282,31.588130332529545,56.23551871776581,1.5550314094871283,17453.468830108643,0.0,25.0,0.0,2.0,0.050000000000000044,1.459383424371481,1.1148246601223946,1.148529201745987
md_fullq_dqn,804,225,100.90800039470196,85.40807058759034,31.03280710428953,69.87519308924675,1.5377339413389564,16940.697452545166,0.0,32.0,0.0,0.0,0.050000000000000044,1.4127553701400757,1.0829261895269156,1.099430575966835
md_fullq_dqn,804,226,84.30697356909513,85.14574435450137,30.059524953365326,54.24744915962219,1.5128277782350779,16956.241180419922,0.0,24.0,0.0,0.0,0.050000000000000044,1.671124417334795,1.2785813007503748,1.3084769882261753
md_fullq_dqn,804,227,78.03551081568003,85.07771308660509,28.76551853865385,49.269992396235466,1.4822573913261294,16003.272937774658,0.0,24.0,0.0,0.0,0.050000000000000044,1.6276182942092419,1.245531253516674,1.2736234236508608
md_fullq_dqn,804,228,89.82072399556637,85.62159612081946,28.737306021153927,61.08341798186302,1.4672639751806855,15926.77592086792,0.0,28.0,0.0,0.0,0.050000000000000044,1.7310837469995022,1.3226776793599129,1.3613535538315773
md_fullq_dqn,804,229,84.08798667043447,85.313867514655,30.41026585549116,53.67772024869919,1.5304532432928681,17105.997787475586,0.0,24.0,0.0,0.0,0.050000000000000044,1.9287345223128796,1.4769758097827435,1.5058623868972063
md_fullq_dqn,804,230,69.03451802134514,85.09713934078812,29.233192026615143,39.80132586061954,1.4768329849466681,16208.196752548218,0.0,21.0,0.0,2.0,0.050000000000000044,1.6009502783417702,1.2258570101112127,1.2503108270466328
md_fullq_dqn,804,231,85.44730273783208,85.32233831606806,29.413774579763412,56.033528143167494,1.4878220027312636,16075.324722290039,0.0,26.0,0.0,2.0,0.050000000000000044,1.4682925343513489,1.1230372078716755,1.1508510559797287
md_fullq_dqn,804,232,83.31794926524162,85.14171454437079,30.292861871421337,53.025087639689445,1.5247964030131698,17110.23829269409,0.0,25.0,0.0,1.0,0.050000000000000044,1.4850318189710379,1.1327820308506489,1.1741659194231033
md_fullq_dqn,804,233,82.50386187434196,85.15002931147815,28.56041233241558,53.9434497654438,1.4895139280706644,15783.214057922363,0.0,25.0,0.0,0.0,0.050000000000000044,1.6991391777992249,1.2998282220214605,1.331036377698183
md_fullq_dqn,804,234,93.55177745372058,86.13195818416776,33.38704110682011,60.164736756682395,1.5842060446739197,18549.391368865967,0.0,28.0,0.0,1.0,0.050000000000000044,1.6583521403372288,1.27159820869565,1.2891798131167889
md_fullq_dqn,804,235,79.37915422171355,85.94474348366262,28.471748486161232,50.90740574300289,1.471425861120224,15991.02812576294,0.0,24.0,0.0,2.0,0.050000000000000044,1.7702711801975965,1.3556907642632723,1.3819346465170383
md_fullq_dqn,804,236,89.17741300463676,86.9059440149367,30.209972128272057,58.96744065284729,1.5237208176404238,16871.787273406982,0.0,28.0,0.0,2.0,0.050000000000000044,1.6694261319935322,1.2774896677583456,1.3064548633992672
md_fullq_dqn,804,237,75.67194128781557,86.58416522793473,29.444336019456387,46.227605044841766,1.4777609463781118,16228.245876312256,0.0,22.0,0.0,2.0,0.050000000000000044,1.6667717061936855,1.274991549551487,1.3059338442981243
md_fullq_dqn,804,238,78.81029456853867,85.83716920293868,30.15546128153801,48.654833287000656,1.4779514102265239,16719.336179733276,0.0,24.0,0.0,0.0,0.050000000000000044,1.7990746218711138,1.3769285455346107,1.4071535430848598
md_fullq_dqn,804,239,73.047362819314,85.46969105608761,26.899070166051388,46.14829280972481,1.430663090199232,15022.918190002441,0.0,22.0,0.0,0.0,0.050000000000000044,1.493323728442192,1.1423244588077068,1.1699975803494453
md_fullq_dqn,804,240,107.04798808693886,85.76756104081869,34.979986518621445,72.06800152361393,1.6481067230924964,19657.403003692627,0.0,32.0,0.0,0.0,0.050000000000000044,1.6705320365726948,1.2779994532465935,1.3084418885409832
md_fullq_dqn,804,241,71.26980062127113,84.32875273570417,26.76728045940399,44.50252092182636,1.4294590717181563,14784.460655212402,0.0,23.0,0.0,2.0,0.050000000000000044,1.4698705468326807,1.1225714404135942,1.157663632184267
md_fullq_dqn,804,242,81.68463306277991,83.83782364100219,29.239587754011154,52.44504524171352,1.4643760463222861,16597.594310760498,0.0,23.0,0.0,1.0,0.050000000000000044,1.5213237404823303,1.162957388907671,1.1945544816553593
md_fullq_dqn,804,243,75.38672403395177,83.51567824646831,27.37923738360405,48.00748682916164,1.4267113469541073,14945.19518661499,0.0,23.0,0.0,1.0,0.050000000000000044,1.6602457165718079,1.2686646152287722,1.3052702266722918
md_fullq_dqn,804,244,91.55907216817141,83.70244943365456,33.396969832479954,58.1621024698019,1.581764167174697,18437.250242233276,0.0,27.0,0.0,1.0,0.050000000000000044,1.5517847575247288,1.183392759412527,1.2279733289033175
md_fullq_dqn,804,245,95.99063225090504,83.4565810264647,34.701772920787334,61.288859367370605,1.6266023721545935,19333.24591445923,0.0,28.0,0.0,0.0,0.050000000000000044,1.8494958989322186,1.4138775505125523,1.4520610868930817
md_fullq_dqn,804,246,89.75266550630332,83.72886562332512,31.89287117868662,57.85979428291321,1.5690094316378236,18082.555576324463,0.0,26.0,0.0,1.0,0.050000000000000044,1.7124979346990585,1.3116868808865547,1.3360367752611637
md_fullq_dqn,804,247,89.59417864084244,84.30679901458325,31.490580804646015,58.10359854400158,1.5472683180123568,17368.693111419678,0.0,26.0,0.0,2.0,0.050000000000000044,1.8719825558364391,1.432320162653923,1.4655412584543228
md_fullq_dqn,804,248,85.24124429523945,84.07782502956691,31.340273171663284,53.9009713023901,1.5415324969217181,17239.84197616577,0.0,26.0,0.0,1.0,0.050000000000000044,1.4466920904815197,1.1042844876646996,1.14135866984725
md_fullq_dqn,804,249,79.93241939842702,83.87004666596653,29.83412577211857,50.098293313384055,1.5041667092591524,16220.636528015137,0.0,23.0,0.0,1.0,0.050000000000000044,1.4192508831620216,1.0831636432558298,1.120290758088231
md_fullq_dqn,804,250,83.15909051299096,84.57627529054882,30.316626355051994,52.84246423244476,1.5213201958686113,17231.03955078125,0.0,24.0,0.0,1.0,0.050000000000000044,2.0700149312615395,1.5845414474606514,1.6182448416948318
md_fullq_dqn,804,251,85.44567247629166,84.5761937774718,29.554849736392498,55.89082291126251,1.500539556145668,16354.155174255371,0.0,26.0,0.0,1.0,0.050000000000000044,1.3462400566786528,1.0287097003310919,1.0584345161914825
md_fullq_dqn,804,252,76.56772978007794,84.23868280321362,29.239242359995842,47.32848762869835,1.474311620928347,15929.057357788086,0.0,24.0,0.0,1.0,0.050000000000000044,1.451481657102704,1.1067465748637915,1.1491168439388275
md_fullq_dqn,804,253,79.8764376193285,84.10731159046294,28.519908264279366,51.3565294444561,1.4999513812363148,15970.427104949951,0.0,23.0,0.0,1.0,0.050000000000000044,1.5629632584750652,1.1930689997971058,1.232980813831091
md_fullq_dqn,804,254,64.37051830589772,82.64824863307179,26.36073249578476,38.00978564620018,1.421068163588643,14486.64686203003,0.0,18.0,0.0,1.0,0.050000000000000044,1.3274054042994976,1.0139408726245165,1.0448817312717438
md_fullq_dqn,804,255,100.07760613560677,83.68317122876645,34.01127256453037,66.06633373498917,1.6022805348038673,19249.393339157104,0.0,29.0,0.0,3.0,0.050000000000000044,1.6556860711425543,1.2647586725652218,1.3030912261456251
md_fullq_dqn,804,256,67.59440215826035,82.60402068644764,26.340636625885963,41.25376515984535,1.4271001927554607,15074.584358215332,0.0,21.0,0.0,1.0,0.050000000000000044,1.560773579403758,1.1925969682633877,1.2272553872317076
md_fullq_dqn,804,257,92.43424638509751,83.44213594131175,31.35894775390625,61.07529810965061,1.5228554727509618,17103.990461349487,0.0,28.0,0.0,2.0,0.050000000000000044,1.5983978994190693,1.2236047144979239,1.2493106070905924
md_fullq_dqn,804,258,83.8733308121562,83.69528775349261,32.49403664469719,51.37929429411888,1.5473166685551405,17797.70107460022,0.0,24.0,0.0,3.0,0.050000000000000044,1.8911444023251534,1.449710175395012,1.4714473225176334
md_fullq_dqn,804,259,83.54200600087643,84.22001991257073,31.596467331051826,51.94553899765015,1.544323394075036,17710.306369781494,0.0,23.0,0.0,0.0,0.050000000000000044,1.6297242157161236,1.2458670902997255,1.2795236874371767
md_fullq_dqn,804,260,85.91306073516607,83.16327354498208,33.0415758267045,52.87148504257202,1.5555156040936708,18541.36254119873,0.0,24.0,0.0,2.0,0.050000000000000044,1.8391309529542923,1.4069215077906847,1.4406981579959393
md_fullq_dqn,804,261,77.88839051425457,83.49420303963124,29.596925601363182,48.2914653301239,1.4878633581101894,16456.53448867798,0.0,21.0,0.0,2.0,0.050000000000000044,1.778774369508028,1.3593920096755028,1.3979412019252777
md_fullq_dqn,804,262,87.4556864053011,83.7827557067573,31.82355747371912,55.63212896883488,1.5369633864611387,17518.75076675415,0.0,25.0,0.0,0.0,0.050000000000000044,1.5338183492422104,1.170901583507657,1.2097225803881884
md_fullq_dqn,804,263,93.10540862381458,84.66868993625044,31.998723194003105,61.10668623447418,1.5775228654965758,17972.49963760376,0.0,27.0,0.0,0.0,0.050000000000000044,1.986175037920475,1.5177734196186066,1.5613386370241642
md_fullq_dqn,804,264,81.68827188313007,84.17514992199838,29.540020629763603,52.148250955343244,1.4980687815696,16654.52258682251,0.0,26.0,0.0,2.0,0.050000000000000044,1.4732768200337887,1.1251777466386557,1.160330219194293
md_fullq_dqn,804,265,80.48723921179771,83.39998027004302,30.32978656888008,50.15745225548744,1.5111994687467813,17340.80278778076,0.0,22.0,0.0,0.0,0.050000000000000044,1.602213330566883,1.2257551811635494,1.2548604644834995
md_fullq_dqn,804,266,79.69939430952073,82.8973167102039,30.199813306331635,49.499581360816954,1.5028395475819707,16686.53857421875,0.0,23.0,0.0,2.0,0.050000000000000044,1.7042223438620567,1.3020841050893068,1.3404607400298119
md_fullq_dqn,804,267,86.75480618476868,82.75534808740021,32.40740253031254,54.347403863072394,1.5787473125383258,18013.457916259766,0.0,24.0,0.0,1.0,0.050000000000000044,1.861215241253376,1.4247553795576096,1.454866100102663
md_fullq_dqn,804,268,77.51134884506465,82.36885331489148,29.092207565903664,48.41914173364639,1.470073675736785,16338.063135147095,0.0,23.0,0.0,1.0,0.050000000000000044,1.6986806821078062,1.2988580595701933,1.3327419888228178
md_fullq_dqn,804,269,82.1631979212165,82.48039224103096,31.29924364387989,50.86395449340343,1.5492289839312434,17973.826915740967,0.0,25.0,0.0,2.0,0.050000000000000044,1.6234365049749613,1.2412401586771011,1.273987788707018
md_fullq_dqn,804,270,79.05797299742699,82.27533636525274,28.96867998689413,50.089292883872986,1.4800071930512786,16325.210582733154,0.0,24.0,0.0,1.0,0.050000000000000044,1.2927335407584906,0.9862384106963873,1.021650368347764
md_fullq_dqn,804,271,108.2873744815588,83.4174214655161,35.125349171459675,73.16202533245087,1.6570728048682213,19968.700971603394,0.0,31.0,0.0,0.0,0.050000000000000044,1.6644546650350094,1.2693921439349651,1.31687505915761
md_fullq_dqn,804,272,88.3339071661234,84.00573033481837,31.590823605656624,56.7430832773447,1.580581265501678,17934.13835144043,0.0,25.0,0.0,1.0,0.050000000000000044,1.6293669044971466,1.2455961219966412,1.2792358584702015
md_fullq_dqn,804,273,74.5264488697052,83.73823089733722,27.961742162704468,46.564706647396086,1.4438380543142557,15334.919258117676,0.0,22.0,0.0,3.0,0.050000000000000044,1.6296917498111725,1.2461187839508057,1.2785764783620834
md_fullq_dqn,804,274,91.024549305439,85.07093244731428,32.79909807443619,58.22545103728771,1.5760801564902067,18029.289184570312,0.0,26.0,0.0,1.0,0.050000000000000044,1.5334799699485302,1.1724925264716148,1.2032914273440838
md_fullq_dqn,804,275,73.24937548786401,83.72952091492712,26.680835358798504,46.56853957772255,1.4119251752272248,14901.831371307373,0.0,23.0,0.0,3.0,0.050000000000000044,1.6355416867882013,1.24907036870718,1.2882377281785011
md_fullq_dqn,804,276,97.3072407990694,85.21516284696757,32.20296835899353,65.10427230596542,1.5801184214651585,18378.91244506836,0.0,30.0,0.0,0.0,0.050000000000000044,1.969161756336689,1.5074643790721893,1.5389912091195583
md_fullq_dqn,804,277,79.60392100512982,84.57364657796919,28.92110413312912,50.68281679749489,1.478731021285057,16475.90919494629,0.0,24.0,0.0,2.0,0.050000000000000044,1.8629918545484543,1.426759073510766,1.4541092775762081
md_fullq_dqn,804,278,73.20998954176903,84.04047951444984,28.807635381817818,44.402354115247725,1.4468593830242753,16037.763355255127,0.0,23.0,0.0,1.0,0.050000000000000044,1.9230787009000778,1.4716500155627728,1.504762303084135
md_fullq_dqn,804,279,90.82972502112389,84.40486546546222,32.20932471752167,58.62040042281151,1.5863463962450624,18590.6612701416,0.0,28.0,0.0,1.0,0.050000000000000044,2.032893843948841,1.554684717208147,1.5940303429961205
md_fullq_dqn,804,280,76.94359737932682,83.95639229767026,28.441098615527153,48.502498763799665,1.4696884518489242,15790.905033111572,0.0,22.0,0.0,2.0,0.050000000000000044,1.7152074947953224,1.3128458578139544,1.341205358505249
md_fullq_dqn,804,281,92.93931435197592,84.70893848955633,33.46672911942005,59.47258525490761,1.6170369498431683,19041.998023986816,0.0,28.0,0.0,1.0,0.050000000000000044,1.5782696902751923,1.2045710105448961,1.2456622142344713
md_fullq_dqn,804,282,78.23283670842648,84.2477960047126,27.66663506627083,50.56620168685913,1.4394935071468353,15413.916751861572,0.0,23.0,0.0,0.0,0.050000000000000044,2.0235305912792683,1.547024069353938,1.5883549880236387
md_fullq_dqn,804,283,91.58875420689583,84.17196328386665,30.552676156163216,61.03607761859894,1.5271910149604082,17212.904903411865,0.0,28.0,0.0,1.0,0.050000000000000044,1.7687657717615366,1.3499311320483685,1.3961154073476791
md_fullq_dqn,804,284,70.6477911785245,83.61993924863638,27.014999471604824,43.632792019844054,1.4168148739263415,15056.354410171509,0.0,21.0,0.0,1.0,0.050000000000000044,1.6779639832675457,1.2822469603270292,1.319056648761034
md_fullq_dqn,804,285,98.20287325978279,84.50572095103561,33.27740243077278,64.92547060549259,1.5999865848571062,18743.205200195312,0.0,29.0,0.0,1.0,0.050000000000000044,1.6927170678973198,1.2945732828229666,1.3271459359675646
md_fullq_dqn,804,286,91.3135057553649,85.08642652332784,31.256420247256756,60.05708541870117,1.5728469714522362,17609.488090515137,0.0,26.0,0.0,1.0,0.050000000000000044,1.8104145787656307,1.3866278361529112,1.4126224387437105
md_fullq_dqn,804,287,94.84012100100517,85.49069226413965,31.92155108600855,62.918569296598434,1.5501226196065545,18247.49136352539,0.0,28.0,0.0,0.0,0.050000000000000044,1.5881627555936575,1.2157433275133371,1.2413980290293694
md_fullq_dqn,804,288,94.11389243006707,86.3208194433898,32.97925741225481,61.13463466763496,1.5760672008618712,18450.597227096558,0.0,27.0,0.0,2.0,0.050000000000000044,1.9632624350488186,1.5028815399855375,1.5346028581261635
md_fullq_dqn,804,289,71.9906813889742,85.81219361677768,27.251258462667465,44.73942259848118,1.4394198516383767,15159.05188369751,0.0,22.0,0.0,1.0,0.050000000000000044,1.8534483946859837,1.417159277945757,1.4542970228940248
md_fullq_dqn,804,290,88.30464064627886,86.27452699922027,30.64114371687174,57.663496661186215,1.537178804166615,17442.519987106323,0.0,27.0,0.0,4.0,0.050000000000000044,2.0185564160346985,1.5452719274908304,1.5776149183511734
md_fullq_dqn,804,291,86.25394236445428,85.17285539336504,29.17571486532688,57.078226962685584,1.5192419094964862,16606.960906982422,0.0,27.0,0.0,1.0,0.050000000000000044,1.7172456830739975,1.3141740635037422,1.3435720168054104
md_fullq_dqn,804,292,70.15439114123583,84.26387959212067,28.54853818565607,41.6058530151844,1.467477886006236,16437.45133972168,0.0,21.0,0.0,1.0,0.050000000000000044,1.56283687800169,1.1945815905928612,1.2275175489485264
md_fullq_dqn,804,293,80.49853194504976,84.56248374588789,29.444969721138477,51.05356287956238,1.4902913412079215,16385.27670288086,0.0,24.0,0.0,1.0,0.050000000000000044,1.688758697360754,1.2913560960441828,1.3246752601116896
md_fullq_dqn,804,294,101.0934981495142,85.06593118809165,31.74828302115202,69.34521500170231,1.5439080018550158,17510.260997772217,0.0,31.0,0.0,2.0,0.050000000000000044,1.4764066450297832,1.127298217266798,1.1636947188526392
md_fullq_dqn,804,295,84.81977315992117,85.6444510716945,31.36548187583685,53.45429074764252,1.5317959040403366,17877.15233039856,0.0,25.0,0.0,0.0,0.050000000000000044,1.4156601317226887,1.0801290832459927,1.1184367928653955
md_fullq_dqn,804,296,58.96597960442305,83.72738801196218,24.59334870427847,34.37263081073761,1.374404326081276,13978.390087127686,0.0,17.0,0.0,4.0,0.050000000000000044,2.1127277743071318,1.6158279031515121,1.6563327573239803
md_fullq_dqn,804,297,89.63180765658618,84.228782344535,31.940883077681065,57.69092502593994,1.5364651884883642,17679.790451049805,0.0,25.0,0.0,2.0,0.050000000000000044,1.999707143753767,1.5284130945801735,1.5709800459444523
md_fullq_dqn,804,298,75.39883178919554,84.33822445690632,28.14351064711809,47.255320978164676,1.4668279755860567,15878.182426452637,0.0,22.0,0.0,3.0,0.050000000000000044,2.135820586234331,1.6325536966323853,1.6775563098490238
md_fullq_dqn,804,299,74.69360222816468,83.53141831725837,27.99295660853386,46.70064579844475,1.4546833597123623,15704.145427703857,0.0,22.0,0.0,1.0,0.050000000000000044,1.9913411773741245,1.522908292710781,1.561442881822586
md_fullq_dqn,804,300,96.06412453353406,84.48744467496873,35.219503313302994,60.84462165236473,1.6132568372413516,19917.73760986328,0.0,27.0,0.0,1.0,0.050000000000000044,2.3547320924699306,1.803102072328329,1.8387667536735535
md_fullq_dqn,804,301,86.31286547482014,84.15612223111094,31.193511955440044,55.119353824853896,1.5620544897392392,17901.778507232666,0.0,27.0,0.0,2.0,0.050000000000000044,1.6535138636827469,1.2628781497478485,1.3021190203726292
md_fullq_dqn,804,302,86.92715848386288,84.59083831988276,28.384522676467896,58.54263552427292,1.5097766807302833,16304.977340698242,0.0,28.0,0.0,1.0,0.050000000000000044,2.0317792780697346,1.5531343519687653,1.5954829715192318
md_fullq_dqn,804,303,88.76489426195621,84.44964532263579,31.926977455615997,56.83791622519493,1.5523331286385655,17870.039310455322,0.0,25.0,0.0,2.0,0.050000000000000044,1.8146890252828598,1.3889975156635046,1.4189716819673777
md_fullq_dqn,804,304,91.30846393108368,85.48267896026374,31.871649749577045,59.43681398034096,1.579943991266191,18088.63130569458,0.0,28.0,0.0,0.0,0.050000000000000044,1.871373314410448,1.430325210094452,1.4701602458953857
md_fullq_dqn,804,305,75.1036181524396,84.32771620489657,29.365545757114887,45.738072514534,1.455712049268186,16291.479766845703,0.0,21.0,0.0,0.0,0.050000000000000044,1.8971997871994972,1.4506392553448677,1.4885351061820984
md_fullq_dqn,804,306,72.91831180751323,83.40795650750398,27.01996088027954,45.898350703716275,1.4315487509593368,15199.958229064941,0.0,21.0,0.0,2.0,0.050000000000000044,1.9404349979013205,1.4845814779400826,1.5195117071270943
md_fullq_dqn,804,307,79.06643582284451,82.61927224859595,28.633173793554306,50.43326153755188,1.4752638693898916,15852.78755569458,0.0,25.0,0.0,1.0,0.050000000000000044,2.1071973368525505,1.6127946488559246,1.6480088960379362
md_fullq_dqn,804,308,84.97601143419743,82.16237819880249,30.98865534365177,53.987356492877005,1.5342984460294247,17311.46085357666,0.0,24.0,0.0,1.0,0.050000000000000044,1.760278532281518,1.3469207026064396,1.3778593838214874
md_fullq_dqn,804,309,87.29944131672383,82.92781619518996,30.1028361171484,57.19660487174988,1.498276806436479,16983.929008483887,0.0,25.0,0.0,1.0,0.050000000000000044,2.143216425552964,1.640458045527339,1.6758611910045147
md_fullq_dqn,804,310,86.59703937321902,82.84243613153699,30.767913319170475,55.82912599444389,1.5228844759985805,17571.56958770752,0.0,27.0,0.0,2.0,0.050000000000000044,1.8305521942675114,1.4008894134312868,1.4322092048823833
md_fullq_dqn,804,311,68.19066857993603,81.93927244231106,26.75995159894228,41.430716928839686,1.3849250618368387,14811.922115325928,0.0,20.0,0.0,3.0,0.050000000000000044,1.7260795999318361,1.3214953616261482,1.3486140687018633
md_fullq_dqn,804,312,77.45073872804642,82.3040898216516,27.106037206947803,50.344701170921326,1.4317055866122246,15374.878898620605,0.0,23.0,0.0,0.0,0.050000000000000044,1.8284047842025757,1.3994827792048454,1.4297399632632732
md_fullq_dqn,804,313,75.19077328741551,82.03870188876988,28.318129420280457,46.87264391183853,1.480900046415627,15852.836235046387,0.0,22.0,0.0,2.0,0.050000000000000044,1.4286105446517467,1.089776922017336,1.129445431753993
md_fullq_dqn,804,314,84.683109998703,81.21818248122932,28.53042484819889,56.15268558263779,1.4718950567767024,16024.225395202637,0.0,27.0,0.0,0.0,0.050000000000000044,1.9923632964491844,1.524524249136448,1.5594634599983692
md_fullq_dqn,804,315,76.02676097452641,80.77853187195959,27.433677926659584,48.59308327138424,1.4529811423271894,15464.906448364258,0.0,22.0,0.0,1.0,0.050000000000000044,2.063156671822071,1.5799002423882484,1.6108547654002905
md_fullq_dqn,804,316,87.10114341378213,82.18529006242753,30.32140277326107,56.77974107265472,1.541033091954887,17219.830558776855,0.0,27.0,0.0,1.0,0.050000000000000044,1.4831123128533363,1.1326254270970821,1.1682895682752132
md_fullq_dqn,804,317,88.62082374095917,82.13474086664618,30.326311521232128,58.29451256990433,1.5430878475308418,17784.843978881836,0.0,28.0,0.0,1.0,0.050000000000000044,1.636597465723753,1.2513333335518837,1.2842137217521667
md_fullq_dqn,804,318,76.61399018019438,82.19549878619613,29.625768780708313,46.98822137713432,1.4933382673189044,16657.119060516357,0.0,24.0,0.0,0.0,0.050000000000000044,1.8325932063162327,1.4024157878011465,1.43392463773489
md_fullq_dqn,804,319,88.88661324381829,82.9051493369788,31.036492757499218,57.85012053847313,1.5386261064559221,17565.01547241211,0.0,26.0,0.0,1.0,0.050000000000000044,1.5302649140357971,1.1692612152546644,1.2033456098288298
md_fullq_dqn,804,320,86.70683142542839,82.43728468157352,31.605642333626747,55.10118918120861,1.5150618674233556,17554.700576782227,0.0,27.0,0.0,0.0,0.050000000000000044,1.707633838057518,1.3051804043352604,1.3415114153176546
md_fullq_dqn,804,321,82.16387844830751,82.22983533024788,27.603242367506027,54.560636550188065,1.4617159040644765,15902.496078491211,0.0,25.0,0.0,0.0,0.050000000000000044,2.1307569220662117,1.6323683746159077,1.6612951885908842
md_fullq_dqn,804,322,67.85146222263575,81.27605051718653,24.972360499203205,42.879101529717445,1.4293294893577695,14640.415664672852,0.0,24.0,0.0,0.0,0.050000000000000044,1.803771872073412,1.3799393028020859,1.4127752184867859
md_fullq_dqn,804,323,75.66898170411586,80.6212548892945,29.080558121204376,46.588423910737035,1.516110504977405,16471.22079849243,0.0,23.0,0.0,3.0,0.050000000000000044,2.321251943707466,1.776008551940322,1.8174779918044806
md_fullq_dqn,804,324,78.8422582745552,79.9979446064681,30.612474143505096,48.229784071445465,1.4954181723296642,16775.711208343506,0.0,22.0,0.0,0.0,0.050000000000000044,1.7769560404121876,1.3600997440516949,1.3895209766924381
md_fullq_dqn,804,325,76.51921783685684,80.06872459068894,28.106491215527058,48.41272659897804,1.4276131251826882,15786.965579986572,0.0,22.0,0.0,2.0,0.050000000000000044,1.9721499234437943,1.5088192392140627,1.544435579329729
md_fullq_dqn,804,326,83.32263847589493,80.58894092410803,30.470641747117043,52.851996862888335,1.5332952989265323,17530.57353591919,0.0,24.0,0.0,2.0,0.050000000000000044,2.0713267624378204,1.5854878053069115,1.6194631457328796
md_fullq_dqn,804,327,73.32529780268669,80.30188402310014,28.71202416718006,44.61327335238457,1.4465797506272793,16122.472778320312,0.0,22.0,0.0,1.0,0.050000000000000044,2.096767909824848,1.605622835457325,1.6371502317488194
md_fullq_dqn,804,328,83.29880933612586,80.21802391819656,29.24565213173628,54.05315708518028,1.4988094717264175,16351.444355010986,0.0,26.0,0.0,1.0,0.050000000000000044,2.3497740998864174,1.800856251269579,1.829726092517376
md_fullq_dqn,804,329,53.84142097085714,78.54512290090324,24.355553679168224,29.485867246985435,1.3419579081237316,13481.907043457031,0.0,17.0,0.0,1.0,0.050000000000000044,2.1253167800605297,1.628784652799368,1.6551069729030132
md_fullq_dqn,804,330,91.42368048429489,78.78645495645704,31.94026507437229,59.4834158718586,1.5461137713864446,18133.37565612793,0.0,26.0,0.0,0.0,0.050000000000000044,1.5219179838895798,1.1615459118038416,1.2012401204556227
md_fullq_dqn,804,331,93.67414063215256,80.06062855906785,29.78459857404232,63.889541774988174,1.5199585631489754,17021.788272857666,0.0,28.0,0.0,0.0,0.050000000000000044,1.6569883860647678,1.2672440465539694,1.299147730693221
md_fullq_dqn,804,332,66.20568213909864,79.49837572962045,25.744666449725628,40.46101539134979,1.3898408934473991,14390.011375427246,0.0,19.0,0.0,2.0,0.050000000000000044,2.194676958024502,1.6769253369420767,1.7258386798202991
md_fullq_dqn,804,333,79.10152960568666,79.69391354553402,30.430958576500416,48.67057055234909,1.5178303541615605,16887.007484436035,0.0,24.0,0.0,0.0,0.050000000000000044,1.9121218621730804,1.4632624424993992,1.4961979128420353
md_fullq_dqn,804,334,85.10521531999112,79.71501881159841,30.04212322831154,55.0630919277668,1.5006793346256018,16876.51301574707,0.0,25.0,0.0,2.0,0.050000000000000044,1.7390762642025948,1.3299404103308916,1.3637861050665379
md_fullq_dqn,804,335,77.04515267312527,79.76593839652837,30.069702446460724,46.97545056939125,1.507230743765831,16940.753944396973,0.0,22.0,0.0,1.0,0.050000000000000044,1.8740781992673874,1.4317414164543152,1.4744558613747358
md_fullq_dqn,804,336,72.7206497117877,79.04691371142864,26.430381052196026,46.29026857018471,1.457413519732654,15320.73426437378,0.0,21.0,0.0,0.0,0.050000000000000044,1.8451122492551804,1.4101463556289673,1.449886279180646
md_fullq_dqn,804,337,82.34359672665596,78.7330523607135,28.949711956083775,53.39388459920883,1.5021734237670898,16776.502866744995,0.0,24.0,0.0,0.0,0.050000000000000044,1.9814308509230614,1.5161882415413857,1.5508086197078228
md_fullq_dqn,804,338,71.116065710783,78.45815613724292,27.7565925270319,43.35947313904762,1.4596945140510798,15674.80471420288,0.0,23.0,0.0,0.0,0.050000000000000044,1.8911007102578878,1.4471882544457912,1.4797081109136343
md_fullq_dqn,804,339,73.03927766084671,77.66578935809433,28.08521294593811,44.95406472980976,1.4535117112100124,15974.815441131592,0.0,22.0,0.0,2.0,0.050000000000000044,1.8253508526831865,1.3955830931663513,1.4325591623783112
md_fullq_dqn,804,340,67.441918233037,76.70254369847477,27.278063654899597,40.16385447382927,1.4315915340557694,15704.800956726074,0.0,20.0,0.0,1.0,0.050000000000000044,1.4500619806349277,1.1090156566351652,1.1368210520595312
md_fullq_dqn,804,341,71.11295569837094,76.14999756097794,27.373932167887688,43.739023530483244,1.4486335311084986,15336.113052368164,0.0,22.0,0.0,1.0,0.050000000000000044,1.5986319817602634,1.2209212500602007,1.259035712108016
md_fullq_dqn,804,342,87.31184691339732,77.12301679551602,30.719735763967037,56.592111402750014,1.5210136910900474,17198.18251800537,0.0,24.0,0.0,1.0,0.050000000000000044,1.9548339173197746,1.495152659714222,1.5322707816958427
md_fullq_dqn,804,343,77.83001585453749,77.23106850303711,28.88830877840519,48.941706949472426,1.4824456926435232,16677.072256088257,0.0,22.0,0.0,2.0,0.050000000000000044,2.04049638658762,1.5589568577706814,1.6051317863166332
md_fullq_dqn,804,344,66.30937316566705,76.6044242475927,25.499499909579754,40.809873315691945,1.3944639451801777,14009.146152496338,0.0,21.0,0.0,2.0,0.050000000000000044,2.1300576478242874,1.6328535713255405,1.657346848398447
md_fullq_dqn,804,345,93.23402072489262,77.44016439199449,33.04512716829777,60.18889346718788,1.5635763015598059,18367.804431915283,0.0,27.0,0.0,1.0,0.050000000000000044,1.389564223587513,1.0607462413609028,1.0960599575191736
md_fullq_dqn,804,346,96.59039845317602,78.10355239085854,34.030172415077686,62.56022556126118,1.6014850093051791,19088.68662261963,0.0,28.0,0.0,0.0,0.050000000000000044,1.8246319741010666,1.3944010883569717,1.4341028705239296
md_fullq_dqn,804,347,94.5735512971878,79.16596506558359,31.299315109848976,63.274236515164375,1.567020765505731,17931.05230331421,0.0,29.0,0.0,0.0,0.050000000000000044,2.028448447585106,1.551540732383728,1.5896924138069153
md_fullq_dqn,804,348,84.46536914259195,79.2242930559069,31.24947177618742,53.21589708328247,1.551210573874414,17666.8229637146,0.0,25.0,0.0,2.0,0.050000000000000044,1.6620173621922731,1.2711337730288506,1.3029452227056026
md_fullq_dqn,804,349,101.12477166950703,81.58846059083939,33.2810937166214,67.8436780422926,1.6481480179354548,19425.97511291504,0.0,30.0,0.0,0.0,0.050000000000000044,2.168871369212866,1.6580976881086826,1.7025788575410843
md_fullq_dqn,804,350,61.747783955186605,80.10466576438398,25.503636967390776,36.244147062301636,1.3785702688619494,14363.689529418945,0.0,18.0,0.0,0.0,0.050000000000000044,2.140471387654543,1.6389181278645992,1.6718440540134907
md_fullq_dqn,804,351,78.92781508117915,79.36734948683531,27.66679348051548,51.26102163791656,1.4516843231394887,15433.964847564697,0.0,24.0,0.0,1.0,0.050000000000000044,1.7876900471746922,1.3666032627224922,1.403622556477785
md_fullq_dqn,804,352,98.02282207459211,80.95820648360998,32.7774273455143,65.24539455771446,1.590072768740356,18674.26441192627,0.0,29.0,0.0,1.0,0.050000000000000044,1.7916233241558075,1.3709352742880583,1.4022934883832932
md_fullq_dqn,804,353,79.89695736169816,80.99797787141055,29.343931958079338,50.55302553772926,1.4792073015123606,16657.36183166504,0.0,24.0,0.0,1.0,0.050000000000000044,1.896897803992033,1.4505553506314754,1.487808084115386
md_fullq_dqn,804,354,74.28584303408861,80.45700925711543,27.893773190677166,46.39206975400448,1.4448595410212874,15642.7476272583,0.0,22.0,0.0,3.0,0.050000000000000044,1.6066503003239632,1.229448176920414,1.257340369746089
md_fullq_dqn,804,355,89.26214401423931,81.06785882417113,30.320276260375977,58.9418680369854,1.5197543762624264,17380.122756958008,0.0,25.0,0.0,2.0,0.050000000000000044,1.6319411993026733,1.2478512525558472,1.2802997529506683
md_fullq_dqn,804,356,53.51710650473833,80.10768166381868,25.081345222890377,28.435761281847952,1.3766826298087835,14200.488370895386,0.0,17.0,0.0,1.0,0.050000000000000044,1.946970947086811,1.4877015948295593,1.5308977961540222
md_fullq_dqn,804,357,82.24112440049649,80.1025580475107,32.57735492289066,49.66376926898956,1.5685607949271798,18453.689754486084,0.0,24.0,0.0,1.0,0.050000000000000044,1.8408980704843998,1.4081639610230923,1.4424469452351332
md_fullq_dqn,804,358,73.92242260426283,80.24287589218468,28.108304999768734,45.81411769390106,1.445325119420886,15734.373798370361,0.0,21.0,0.0,1.0,0.050000000000000044,1.5641251355409622,1.191875908523798,1.240830747410655
md_fullq_dqn,804,359,89.06195529699326,81.04400977399203,32.757264375686646,56.30469141304493,1.5784152885898948,18505.3734664917,0.0,26.0,0.0,2.0,0.050000000000000044,2.0298315212130547,1.5533510688692331,1.588268056511879
md_fullq_dqn,804,360,74.54429084062576,81.39912840437145,28.701336070895195,45.84295505285263,1.4810197437182069,16409.692832946777,0.0,21.0,0.0,0.0,0.050000000000000044,2.0058104172348976,1.535332776606083,1.5682587176561356
md_fullq_dqn,804,361,64.04435556381941,81.04569839764387,26.14213601499796,37.902219757437706,1.411803881637752,14957.49323272705,0.0,20.0,0.0,0.0,0.050000000000000044,2.0237622149288654,1.5497280173003674,1.5801138784736395
md_fullq_dqn,804,362,53.743103596568105,79.36726123180242,23.296077638864517,30.44702582359314,1.3325518444180489,13161.344703674316,0.0,19.0,0.0,2.0,0.050000000000000044,1.9912902265787125,1.524019494652748,1.557569045573473
md_fullq_dqn,804,363,90.92387573719024,80.02195422593505,32.7590596228838,58.1648162484169,1.5590253500267863,18554.48487663269,0.0,26.0,0.0,2.0,0.050000000000000044,2.042731538414955,1.5638171955943108,1.596381090581417
md_fullq_dqn,804,364,89.73385706543922,81.19317842092364,32.368905916810036,57.36495164036751,1.5538171837106347,17876.025951385498,0.0,26.0,0.0,0.0,0.050000000000000044,2.0785170644521713,1.5896655432879925,1.6295049469918013
md_fullq_dqn,804,365,68.35878600180149,79.94941668476909,26.403161734342575,41.95562416315079,1.4314423510804772,15120.393333435059,0.0,22.0,0.0,2.0,0.050000000000000044,2.138937581330538,1.6350812446326017,1.6795209739357233
md_fullq_dqn,804,366,79.63261888176203,79.1015277061984,28.480181142687798,51.152437314391136,1.4568355595692992,15538.447734832764,0.0,26.0,0.0,0.0,0.050000000000000044,1.9729931466281414,1.5070037581026554,1.553297907114029
md_fullq_dqn,804,367,66.54799471348524,77.70024987701326,27.116145364940166,39.431849378347394,1.4201957043260336,15019.091480255127,0.0,21.0,0.0,2.0,0.050000000000000044,2.047854892909527,1.567784570157528,1.6002344451844692
md_fullq_dqn,804,368,58.338762819767,76.39391956087202,23.73855958506465,34.60020340979099,1.3549584271386266,13408.752000808716,0.0,19.0,0.0,0.0,0.050000000000000044,1.836056999862194,1.40305757522583,1.4433313868939877
md_fullq_dqn,804,369,87.73172509074212,75.72426723193378,31.994440853595734,55.737284460663794,1.5703042661771178,18072.72203063965,0.0,26.0,0.0,2.0,0.050000000000000044,2.0412788689136505,1.5624432228505611,1.5961187109351158
md_fullq_dqn,804,370,80.90739338099957,76.68224770322442,29.761668235063553,51.145725429058075,1.4912481987848878,16937.827514648438,0.0,24.0,0.0,2.0,0.050000000000000044,1.7951860893517733,1.3731979448348284,1.4066270906478167
md_fullq_dqn,804,371,65.0370246782899,75.98770818307997,25.86311312764883,39.173911491036414,1.4135190499946475,14583.509983062744,0.0,22.0,0.0,1.0,0.050000000000000044,2.284497696906328,1.748703533783555,1.7859804965555668
md_fullq_dqn,804,372,77.10217096805573,74.94167562775314,29.2657188475132,47.836451986432074,1.477159827016294,15918.270599365234,0.0,23.0,0.0,3.0,0.050000000000000044,2.2035995461046696,1.685760760679841,1.7261292282491922
md_fullq_dqn,804,373,97.57776137590409,75.82571582846344,33.953465819358826,63.624295288324355,1.6272098906338215,19311.663501739502,0.0,28.0,0.0,2.0,0.050000000000000044,2.343127505853772,1.7936439774930477,1.8316116239875555
md_fullq_dqn,804,374,86.83615632355213,76.45323149293662,30.4934810847044,56.34267520904541,1.5412004552781582,17106.06015396118,0.0,28.0,0.0,1.0,0.050000000000000044,2.025068983435631,1.551111739128828,1.5798574648797512
md_fullq_dqn,804,375,83.15032431632281,76.14764050804081,29.795297123491764,53.35502632856369,1.5397934345528483,17015.166370391846,0.0,25.0,0.0,2.0,0.050000000000000044,1.9942791163921356,1.5246003158390522,1.5655958987772465
md_fullq_dqn,804,376,78.81372372359037,77.4124713689834,28.997822143137455,49.81590111851692,1.4815390948206186,15892.684429168701,0.0,23.0,0.0,5.0,0.050000000000000044,2.247721618041396,1.721820468083024,1.7530037462711334
md_fullq_dqn,804,377,90.74319685399533,77.83757499165833,32.07313007116318,58.67006635069847,1.571934200823307,18187.243362426758,0.0,25.0,0.0,1.0,0.050000000000000044,2.229301542043686,1.7066228352487087,1.7422622423619032
md_fullq_dqn,804,378,80.30233359336853,78.15657054111362,29.212427109479904,51.08990636467934,1.5059520965442061,16791.46325302124,0.0,25.0,0.0,1.0,0.050000000000000044,2.0492074824869633,1.5678939037024975,1.6043786033988
md_fullq_dqn,804,379,89.66999174803496,78.18697236366572,33.084945775568485,56.58504610657692,1.544228215701878,18166.180671691895,0.0,26.0,0.0,1.0,0.050000000000000044,1.7285262420773506,1.3215485699474812,1.3565921261906624
md_fullq_dqn,804,380,82.2922089472413,78.5743682689965,29.097858048975468,53.194350719451904,1.5263131652027369,16930.405681610107,0.0,24.0,0.0,1.0,0.050000000000000044,2.2939072474837303,1.7556707076728344,1.794121690094471
md_fullq_dqn,804,381,83.48962139338255,79.54663156047464,30.296919994056225,53.19270098209381,1.507099524140358,16837.548992156982,0.0,25.0,0.0,2.0,0.050000000000000044,1.8216387256979942,1.3922921605408192,1.4311551414430141
md_fullq_dqn,804,382,87.40203765779734,81.2295782635361,29.62796476483345,57.774073138833046,1.5167929790914059,17051.28818321228,0.0,26.0,0.0,0.0,0.050000000000000044,1.8406885415315628,1.4086913019418716,1.4399907290935516
md_fullq_dqn,804,383,88.18010872602463,81.09238991297782,30.17890726029873,58.00120121240616,1.5091107478365302,17293.37042617798,0.0,27.0,0.0,1.0,0.050000000000000044,2.5272582583129406,1.93463334441185,1.975416250526905
md_fullq_dqn,804,384,67.85716189593077,79.9985551545024,26.636463679373264,41.22069796323776,1.4147581299766898,15140.486236572266,0.0,20.0,0.0,2.0,0.050000000000000044,2.223699774593115,1.7019252702593803,1.739248227328062
md_fullq_dqn,804,385,67.19904672503472,79.94056819066407,26.71550026535988,40.48354663848877,1.433317918330431,14953.516273498535,0.0,19.0,0.0,1.0,0.050000000000000044,1.8653615675866604,1.4277882426977158,1.4585777297616005
md_fullq_dqn,804,386,75.84326127171516,79.75110031016172,28.85532959550619,46.98793160915375,1.4744361275807023,16398.225524902344,0.0,24.0,0.0,0.0,0.050000000000000044,1.8729400467127562,1.4314321633428335,1.4716928396373987
md_fullq_dqn,804,387,76.07032780647278,80.2272169648111,29.401668429374695,46.66865934729576,1.4972732244059443,16830.740003585815,0.0,22.0,0.0,2.0,0.050000000000000044,2.018850613385439,1.5445542708039284,1.5809877272695303
md_fullq_dqn,804,388,65.911413449049,80.60584949627518,26.369532585144043,39.54188108742237,1.4144468298181891,15032.863296508789,0.0,18.0,0.0,2.0,0.050000000000000044,1.9223900251090527,1.4706217497587204,1.5058941952884197
md_fullq_dqn,804,389,71.27725964784622,79.78312622413038,26.723695926368237,44.553563848137856,1.409998738206923,14768.116144180298,0.0,23.0,0.0,1.0,0.050000000000000044,2.0178242661058903,1.5435379054397345,1.5809544958174229
md_fullq_dqn,804,390,86.68175774812698,80.07184444248676,29.30824166536331,57.37351557612419,1.4887572033330798,16471.506717681885,0.0,26.0,0.0,1.0,0.050000000000000044,2.6697708424180746,2.0455109421163797,2.080866325646639
md_fullq_dqn,804,391,60.7390901684761,79.85694771699607,24.461156360805035,36.27793430685997,1.3536582542583346,13476.065671920776,0.0,21.0,0.0,1.0,0.050000000000000044,1.4446320589631796,1.103994196280837,1.135459566488862
md_fullq_dqn,804,392,77.52681522965432,79.87817993007602,27.996112391352654,49.53070270419121,1.4803425231948495,16044.048503875732,0.0,24.0,0.0,1.0,0.050000000000000044,1.853587318211794,1.4188401084393263,1.449157241731882
md_fullq_dqn,804,393,84.853967243433,79.24199022345246,28.823817119002342,56.030150243639945,1.541129439137876,17140.53106689453,0.0,27.0,0.0,1.0,0.050000000000000044,1.710378659889102,1.3086979575455189,1.33893558755517
md_fullq_dqn,804,394,86.03940366208553,79.20215259037914,31.077806562185287,54.96159702539444,1.5161900259554386,17366.18835067749,0.0,24.0,0.0,1.0,0.050000000000000044,1.6763859633356333,1.2822968494147062,1.3136303294450045
md_fullq_dqn,804,395,77.71957986801863,78.93061536796392,28.058530502021313,49.66104933619499,1.4545706417411566,15754.169700622559,0.0,24.0,0.0,0.0,0.050000000000000044,1.9830555282533169,1.5169230680912733,1.5537748206406832
md_fullq_dqn,804,396,93.6511011376977,79.67248423866928,31.93232488632202,61.718776154518125,1.6044276934117079,18254.588327407837,0.0,28.0,0.0,2.0,0.050000000000000044,2.0449765529483557,1.5658942461013794,1.5969409458339214
md_fullq_dqn,804,397,100.43403575718403,80.15702618382872,34.76335298269987,65.67068339288235,1.629183161072433,19421.884342193604,0.0,30.0,0.0,1.0,0.050000000000000044,2.095490522682667,1.6033433731645346,1.6404903158545494
md_fullq_dqn,804,398,76.23407337963582,79.95361317314209,29.42843008041382,46.80564288198948,1.4848334472626448,16589.182342529297,0.0,23.0,0.0,1.0,0.050000000000000044,1.555630661547184,1.1884204056113958,1.2240341696888208
md_fullq_dqn,804,399,80.80498097836971,79.51036263465883,28.395780332386494,52.409201234579086,1.4657319178804755,16233.01948928833,0.0,23.0,0.0,2.0,0.050000000000000044,1.844906399026513,1.4107715785503387,1.447115994989872
md_fullq_dqn,804,400,84.52624143958091,79.6220642592758,29.90045553445816,54.62578624784946,1.5293075703084469,16938.579807281494,0.0,24.0,0.0,3.0,0.050000000000000044,2.0130843091756105,1.5406552962958813,1.5747633464634418
md_fullq_dqn,804,401,94.82827787399292,80.1889970833063,30.037946298718452,64.79033164978027,1.527759611606598,17293.348823547363,0.0,28.0,0.0,3.0,0.050000000000000044,1.7183933332562447,1.312221497297287,1.3539060521870852
md_fullq_dqn,804,402,85.79336085915565,80.10856324337422,30.937355130910873,54.8560054898262,1.5494082104414701,17644.979595184326,0.0,24.0,0.0,1.0,0.050000000000000044,2.2217731066048145,1.7003318574279547,1.738137487322092
md_fullq_dqn,804,403,69.87522875517607,79.1933192448318,28.247997917234898,41.62723071873188,1.4630938777700067,15703.031162261963,0.0,21.0,0.0,1.0,0.050000000000000044,1.3324310705065727,1.018166409805417,1.047548796981573
md_fullq_dqn,804,404,82.03322071880102,79.90212218597532,28.931938238441944,53.10128242075443,1.4322632355615497,15682.36255645752,0.0,25.0,0.0,2.0,0.050000000000000044,1.6870138980448246,1.289279293268919,1.3257819470018148
md_fullq_dqn,804,405,89.54101439267397,81.01922056935727,31.09236939251423,58.448645633459094,1.5496542127802968,17886.73381614685,0.0,26.0,0.0,4.0,0.050000000000000044,1.5642865058034658,1.1956306863576174,1.2288526091724634
md_fullq_dqn,804,406,84.3559825360775,81.4448566325754,30.965681448578835,53.39030113220215,1.5401032883673906,17433.783882141113,0.0,24.0,0.0,2.0,0.050000000000000044,2.0757292471826077,1.588881129398942,1.6228269152343273
md_fullq_dqn,804,407,88.89349536001683,82.0860150102526,31.44531436264515,57.44818142950535,1.5587921421974897,18166.312801361084,0.0,27.0,0.0,2.0,0.050000000000000044,1.8405120223760605,1.4077333025634289,1.4425957147032022
md_fullq_dqn,804,408,77.93394889086485,82.6871417823434,29.245749309659004,48.68819990158081,1.4742263201624155,16569.976356506348,0.0,23.0,0.0,2.0,0.050000000000000044,2.0836705416440964,1.5937944427132607,1.63292021676898
md_fullq_dqn,804,409,78.35653399974107,83.04110549993814,27.94821209460497,50.40832245647907,1.4624697417020798,15717.585437774658,0.0,22.0,0.0,2.0,0.050000000000000044,1.963580746203661,1.5018977224826813,1.538943326100707
md_fullq_dqn,804,410,89.64042503684759,83.18903886437417,31.94596765190363,57.69445778727531,1.5663430728018284,17977.971633911133,0.0,26.0,0.0,4.0,0.050000000000000044,1.6756836287677288,1.2810523323714733,1.3154375851154327
md_fullq_dqn,804,411,73.6407323718071,83.83412097454072,27.738660365343094,45.90207182765007,1.4643045971170068,15663.676582336426,0.0,20.0,0.0,1.0,0.050000000000000044,1.8612887468189,1.4235282838344574,1.4592014830559492
md_fullq_dqn,804,412,72.61716257035732,83.58863834157586,27.391838520765305,45.225324258208275,1.506223713979125,16171.677654266357,0.0,23.0,0.0,0.0,0.050000000000000044,2.168997511267662,1.6610814481973648,1.6930534541606903
md_fullq_dqn,804,413,92.94971841573715,83.99342590019107,30.591107219457626,62.35861133038998,1.5589068988338113,17562.55973815918,0.0,27.0,0.0,0.0,0.050000000000000044,1.5792384259402752,1.208209466189146,1.236763121560216
md_fullq_dqn,804,414,94.79580731242895,84.43124608270824,33.34927974641323,61.446528050303456,1.5789309171959758,18539.534774780273,0.0,27.0,0.0,2.0,0.050000000000000044,1.8864938393235207,1.4449865818023682,1.4716908298432827
md_fullq_dqn,804,415,98.66194925457239,85.47836455203593,34.99666728824377,63.66528172791004,1.646616299636662,20203.015129089355,0.0,29.0,0.0,0.0,0.050000000000000044,1.8602412194013596,1.4232580587267876,1.4566105529665947
md_fullq_dqn,804,416,68.21095889806747,84.2063574400544,24.643027015030384,43.56793209910393,1.3849857691675425,14360.526418685913,0.0,22.0,0.0,0.0,0.050000000000000044,2.1335396096110344,1.6345664411783218,1.6632438451051712
md_fullq_dqn,804,417,86.66567168533803,83.51793923646213,29.552867956459522,57.11280388534069,1.4955408945679665,16752.85689163208,0.0,27.0,0.0,2.0,0.050000000000000044,2.191011317074299,1.6752271689474583,1.7192804776132107
md_fullq_dqn,804,418,108.81440876424313,85.14695600569249,33.55075230449438,75.2636567056179,1.624591558240354,18737.83436203003,0.0,32.0,0.0,1.0,0.050000000000000044,2.172918424010277,1.664856318384409,1.6935402750968933
md_fullq_dqn,804,419,86.34375430643559,85.42389467209577,30.525673039257526,55.81808103621006,1.5202994719147682,17641.400077819824,0.0,26.0,0.0,2.0,0.050000000000000044,1.8471541926264763,1.4135163389146328,1.4454594552516937
md_fullq_dqn,804,420,76.1767219170928,85.00641869597139,28.40767089277506,47.7690513074398,1.5026359390467405,16190.146362304688,0.0,23.0,0.0,1.0,0.050000000000000044,2.109640784561634,1.6140429265797138,1.651992853730917
md_fullq_dqn,804,421,89.74281744658947,84.75214567460121,31.922004371881485,57.820812702178955,1.562634232454002,18190.600456237793,0.0,27.0,0.0,1.0,0.050000000000000044,2.0272954776883125,1.55283585190773,1.581531997770071
md_fullq_dqn,804,422,90.45925360172987,84.98544031172992,30.88658080995083,59.57267263531685,1.5380801213905215,17515.4510307312,0.0,28.0,0.0,1.0,0.050000000000000044,2.0003907717764378,1.533389139920473,1.5566720124334097
md_fullq_dqn,804,423,81.0686249524355,85.5451101215929,28.319988079369068,52.74863746166229,1.478506900370121,15927.981853485107,0.0,24.0,0.0,1.0,0.050000000000000044,2.3083770759403706,1.7689024191349745,1.7982487939298153
md_fullq_dqn,804,424,71.73017977178097,85.02995807424188,28.18316477537155,43.54701463878155,1.4194392943754792,15663.321941375732,0.0,21.0,0.0,0.0,0.050000000000000044,2.213936533778906,1.6954178474843502,1.7283955328166485
md_fullq_dqn,804,425,79.66784392297268,84.53629955075682,30.194871060550213,49.47297245264053,1.5186052890494466,17243.93630218506,0.0,22.0,0.0,0.0,0.050000000000000044,2.3701108787208796,1.8139638006687164,1.8538235127925873
md_fullq_dqn,804,426,77.46011428534985,84.19150613822043,28.124797508120537,49.33531644940376,1.4542288091033697,15590.050888061523,0.0,24.0,0.0,2.0,0.050000000000000044,2.413177616894245,1.8476548753678799,1.8850757405161858
md_fullq_dqn,804,427,73.06272736489773,83.39996773846448,27.558512449264526,45.504215258359906,1.4620434222742915,15563.086971282959,0.0,22.0,0.0,3.0,0.050000000000000044,2.1280038692057133,1.6283540483564138,1.6654993519186974
md_fullq_dqn,804,428,89.60044724643231,83.98329265624285,31.044377498328686,58.55606868267059,1.552133190445602,17761.57692337036,0.0,27.0,0.0,1.0,0.050000000000000044,2.341659437865019,1.7955124527215958,1.8204897940158844
md_fullq_dqn,804,429,78.6975372210145,84.00034281730652,28.61622802168131,50.08130884170532,1.4808324556797743,16124.708654403687,0.0,22.0,0.0,1.0,0.050000000000000044,1.890973025932908,1.4490586426109076,1.4730479028075933
md_fullq_dqn,804,430,79.84658309817314,83.51065072037281,28.365002810955048,51.48158060014248,1.4779887944459915,16104.591514587402,0.0,25.0,0.0,2.0,0.050000000000000044,2.206363407894969,1.6897402666509151,1.7220769729465246
md_fullq_dqn,804,431,78.26443429291248,83.74183581642808,28.655545741319656,49.60888835787773,1.4825828485190868,16423.439476013184,0.0,23.0,0.0,0.0,0.050000000000000044,2.881155736744404,2.2078290432691574,2.2444222196936607
md_fullq_dqn,804,432,84.3969751521945,84.33082644551993,30.836018346250057,53.560956582427025,1.5325318574905396,17687.636810302734,0.0,25.0,0.0,1.0,0.050000000000000044,2.284265287220478,1.7469666451215744,1.7909954357892275
md_fullq_dqn,804,433,59.84784033894539,82.67573254168033,25.383646324276924,34.46419411897659,1.391042317263782,14390.625331878662,0.0,19.0,0.0,1.0,0.050000000000000044,2.142718430608511,1.6417838130146265,1.6697820704430342
md_fullq_dqn,804,434,68.88990333676338,81.38043734289707,26.83544696867466,42.05445623397827,1.470489620231092,16009.675483703613,0.0,19.0,0.0,0.0,0.050000000000000044,1.9608118161559105,1.5014803260564804,1.531104825437069
md_fullq_dqn,804,435,93.37009051442146,81.11584440588952,32.692737713456154,60.67735254764557,1.5890589570626616,18346.369457244873,0.0,27.0,0.0,1.0,0.050000000000000044,2.33759967982769,1.7904300317168236,1.823898658156395
md_fullq_dqn,804,436,116.95540725588799,83.55306682378054,37.73228235542774,79.22312582433224,1.7224633526057005,21098.902339935303,0.0,34.0,0.0,1.0,0.050000000000000044,1.9099328462034464,1.4624738916754723,1.4915297459810972
md_fullq_dqn,804,437,95.40038101375103,83.9898022902012,32.666514188051224,62.73386734724045,1.5877531468868256,18703.402923583984,0.0,28.0,0.0,1.0,0.050000000000000044,1.969935055822134,1.5071684066206217,1.5425554476678371
md_fullq_dqn,804,438,63.67392390370369,81.73277804717422,25.456609547138214,38.21731444597244,1.4078743131831288,14766.109226226807,0.0,18.0,0.0,1.0,0.050000000000000044,2.1882593631744385,1.6735060699284077,1.715844253078103
md_fullq_dqn,804,439,78.0031874999404,81.31574970684946,28.679469533264637,49.323718160390854,1.4725533491000533,15804.115905761719,0.0,23.0,0.0,1.0,0.050000000000000044,2.094498336315155,1.602676298469305,1.6394066903740168
md_fullq_dqn,804,440,89.1891667559743,81.96637194879354,32.52345082908869,56.66571540534496,1.5820375978946686,18648.59499168396,0.0,25.0,0.0,1.0,0.050000000000000044,2.2751520574092865,1.7433655597269535,1.7726215720176697
md_fullq_dqn,804,441,88.06942542642355,81.88270234778524,29.469594217836857,58.5998318195343,1.5197229105979204,16988.347728729248,0.0,26.0,0.0,1.0,0.050000000000000044,2.0236414317041636,1.5478625521063805,1.5859295576810837
md_fullq_dqn,804,442,45.17969539016485,79.61872443720699,23.182413063943386,21.997282415628433,1.340394999831915,13130.294012069702,0.0,15.0,0.0,0.0,0.050000000000000044,2.1612926349043846,1.6554095558822155,1.686276864260435
md_fullq_dqn,804,443,90.88265094906092,80.10942573703826,31.736664779484272,59.14598625898361,1.5657561626285315,18158.890998840332,0.0,27.0,0.0,2.0,0.050000000000000044,2.0243420712649822,1.5489732194691896,1.5845627505332232
md_fullq_dqn,804,444,66.54028882831335,79.84993118986488,27.29908963292837,39.24119932949543,1.5086682103574276,16424.673652648926,0.0,20.0,0.0,0.0,0.050000000000000044,2.171488471329212,1.663038406521082,1.6948334909975529
md_fullq_dqn,804,445,82.3180913478136,79.98244356110692,30.174445241689682,52.143646001815796,1.5215184465050697,17355.21329498291,0.0,24.0,0.0,1.0,0.050000000000000044,2.3188266903162003,1.776812057942152,1.8067153580486774
md_fullq_dqn,804,446,59.47721363604069,79.08329852864146,23.859527625143528,35.61768591403961,1.3798304181545973,13823.367832183838,0.0,20.0,0.0,0.0,0.050000000000000044,1.8727324418723583,1.432648442685604,1.4669465627521276
md_fullq_dqn,804,447,74.3254164531827,79.1464329830557,28.097338549792767,46.22807729244232,1.4478557920083404,15927.298648834229,0.0,22.0,0.0,0.0,0.050000000000000044,2.138623083010316,1.6361386068165302,1.6749482173472643
md_fullq_dqn,804,448,69.140429982543,78.12343211986123,27.4322557002306,41.708173835277556,1.4608203414827585,15746.6354637146,0.0,21.0,0.0,1.0,0.050000000000000044,2.008081194013357,1.5364204235374928,1.5722025856375694
md_fullq_dqn,804,449,80.51139229536057,78.21412487357854,29.372297666966915,51.13909484446049,1.4961966322734952,17084.11058807373,0.0,25.0,0.0,0.0,0.050000000000000044,2.3140746783465147,1.772752482444048,1.8044071905314922
md_fullq_dqn,804,450,86.8770490154624,78.56564816944301,30.164998568594456,56.71205081939697,1.5199675532057881,17107.4405708313,0.0,24.0,0.0,1.0,0.050000000000000044,2.048614200204611,1.567085299640894,1.6050963774323463
md_fullq_dqn,804,451,65.37860967218876,77.92135693840683,25.81939759850502,39.55921195447445,1.3901458298787475,14310.743392944336,0.0,21.0,0.0,0.0,0.050000000000000044,1.9515841975808144,1.4932878036051989,1.5276545956730843
md_fullq_dqn,804,452,88.24785016477108,78.11390068903566,32.13516852259636,56.112681955099106,1.5764537630602717,18052.22357940674,0.0,27.0,0.0,1.0,0.050000000000000044,1.9688097555190325,1.506606761366129,1.540676649659872
md_fullq_dqn,804,453,75.63803785592317,78.90341056488454,29.112612061202526,46.525426197052,1.490554696880281,16577.0227394104,0.0,24.0,0.0,4.0,0.050000000000000044,1.6224023588001728,1.2420976422727108,1.2676823269575834
md_fullq_dqn,804,454,76.45696535110474,79.28176366560162,29.34201344847679,47.11495226025581,1.5200098557397723,17011.73572921753,0.0,22.0,0.0,1.0,0.050000000000000044,2.603999312967062,1.9955870248377323,2.028040900826454
md_fullq_dqn,804,455,92.39710381180048,79.23311433047056,30.49498910456896,61.902115213871,1.531875661574304,16965.13050842285,0.0,29.0,0.0,2.0,0.050000000000000044,2.238113086670637,1.7151043023914099,1.743362419307232
md_fullq_dqn,804,456,106.04419250786304,78.68755359306931,31.875990957021713,74.16820162534714,1.6090007852762938,18672.81958580017,0.0,33.0,0.0,0.0,0.050000000000000044,2.016059298068285,1.5428881645202637,1.5772371925413609
md_fullq_dqn,804,457,90.89366857260465,78.462217971012,31.02378259599209,59.86988576054573,1.559830511920154,17731.39939880371,0.0,28.0,0.0,3.0,0.050000000000000044,2.122929211705923,1.625403732061386,1.658418133854866
md_fullq_dqn,804,458,81.12609097361565,79.33482632450759,29.983154147863388,51.14293736219406,1.52319257799536,17210.275188446045,0.0,23.0,0.0,0.0,0.050000000000000044,2.0921220388263464,1.6016330923885107,1.6349631641060114
md_fullq_dqn,804,459,76.80489165335894,79.27491153217852,29.357789151370525,47.44710260629654,1.483354527503252,16433.507598876953,0.0,24.0,0.0,2.0,0.050000000000000044,2.2143689393997192,1.6968464776873589,1.7250748947262764
md_fullq_dqn,804,460,82.55314053595066,78.94311022117735,29.319452702999115,53.23368839919567,1.5204703183844686,16937.677139282227,0.0,25.0,0.0,1.0,0.050000000000000044,2.1869251057505608,1.6735059544444084,1.7113971412181854
md_fullq_dqn,804,461,70.01393909752369,78.04033590473236,27.727781370282173,42.28615780174732,1.4533169036731124,15248.781269073486,0.0,22.0,0.0,0.0,0.050000000000000044,2.2570282779634,1.7303025629371405,1.7557522766292095
md_fullq_dqn,804,462,79.12095250934362,79.73739876069129,27.586254470050335,51.53469780087471,1.4704155707731843,16144.209373474121,0.0,24.0,0.0,0.0,0.050000000000000044,1.6881495155394077,1.2928451988846064,1.3176809512078762
md_fullq_dqn,804,463,74.69892301559449,78.92821236401797,27.853987887501717,46.844935128092764,1.4698201827704906,16011.857124328613,0.0,21.0,0.0,1.0,0.050000000000000044,2.0578135307878256,1.575823673978448,1.6066326592117548
md_fullq_dqn,804,464,82.64220498502254,79.73330817185344,28.95004214346409,53.69216266274452,1.4796654181554914,16297.460666656494,0.0,26.0,0.0,0.0,0.050000000000000044,2.126806452870369,1.629398450255394,1.6580266486853361
md_fullq_dqn,804,465,57.55127920359373,78.49496756464245,25.129668340086937,32.421610781550406,1.3626162149012089,14218.557720184326,0.0,18.0,0.0,3.0,0.050000000000000044,2.890396637842059,2.2179030627012253,2.241645283997059
md_fullq_dqn,804,466,86.78078382611275,79.86014607414606,31.670748606324196,55.11003557741642,1.569161823950708,18171.77202796936,0.0,25.0,0.0,1.0,0.050000000000000044,2.1914807613939047,1.676876775920391,1.715346485376358
md_fullq_dqn,804,467,68.77877739071846,79.58281412102284,27.033783063292503,41.744994297623634,1.443562519736588,15472.193550109863,0.0,20.0,0.0,0.0,0.050000000000000044,1.9682657904922962,1.5072791296988726,1.536622080951929
md_fullq_dqn,804,468,79.53871688991785,80.10272846639158,27.288625828921795,52.25009164214134,1.4395440872758627,15741.812515258789,0.0,24.0,0.0,2.0,0.050000000000000044,2.064412971958518,1.582633838057518,1.6059303972870111
md_fullq_dqn,804,469,82.47011979818345,80.20066484153271,29.333858713507652,53.136261069774626,1.5225461684167385,16968.174964904785,0.0,23.0,0.0,4.0,0.050000000000000044,2.323101505637169,1.7797293905168772,1.8112402204424143
md_fullq_dqn,804,470,69.25409185290337,79.31951698340477,26.669519037008286,42.584573143720625,1.4199748476967216,15134.02670288086,0.0,20.0,0.0,2.0,0.050000000000000044,2.1944358069449663,1.681956084445119,1.708265645429492
md_fullq_dqn,804,471,71.86178018450737,79.6436755090207,25.731274120509624,46.13050561696291,1.4408046789467335,14925.351371765137,0.0,21.0,0.0,2.0,0.050000000000000044,2.0110143572092056,1.5405044220387936,1.5683663301169872
md_fullq_dqn,804,472,71.47966115176678,78.80526605837048,27.947633646428585,43.532027810812,1.4618800850585103,16086.159708023071,0.0,22.0,0.0,0.0,0.050000000000000044,2.3567405939102173,1.8053865022957325,1.8378470316529274
md_fullq_dqn,804,473,78.38290494084359,78.94250941261649,28.659350372850895,49.72355462014675,1.491864163428545,16264.321918487549,0.0,24.0,0.0,2.0,0.050000000000000044,1.9895788077265024,1.522451214492321,1.5570918209850788
md_fullq_dqn,804,474,75.21788585186005,78.88055543765425,28.839318692684174,46.378567054867744,1.4842022256925702,16470.57608795166,0.0,23.0,0.0,2.0,0.050000000000000044,2.2415300365537405,1.7162955794483423,1.750781413167715
md_fullq_dqn,804,475,86.3317003428936,78.57728526420891,31.15199602395296,55.179704564809796,1.577164770103991,18042.62651824951,0.0,26.0,0.0,2.0,0.050000000000000044,1.9935100711882114,1.5243076793849468,1.5640078969299793
md_fullq_dqn,804,476,82.88659942299128,77.41940560996532,32.52799754589796,50.358602398633955,1.5468016108497977,18025.958988189697,0.0,23.0,0.0,1.0,0.050000000000000044,1.7837679125368595,1.3635299541056156,1.400793183594942
md_fullq_dqn,804,477,85.94525982439518,77.17198517255486,28.3895852714777,57.55567505955696,1.4894292624667287,16593.757698059082,0.0,26.0,0.0,0.0,0.050000000000000044,1.6834530718624592,1.2866350039839745,1.3227268755435944
md_fullq_dqn,804,478,83.63635040223599,77.29749814398588,29.683263033628464,53.95308736860752,1.5277306148782372,17075.847198486328,0.0,24.0,0.0,2.0,0.050000000000000044,1.8080274797976017,1.3814775682985783,1.4218329600989819
md_fullq_dqn,804,479,85.9036605373025,77.75243658818306,29.848913826048374,56.05474662184715,1.4949784921482205,17278.36515045166,0.0,25.0,0.0,1.0,0.050000000000000044,2.087675780057907,1.6001082137227058,1.6252251919358969
md_fullq_dqn,804,480,75.56782937198878,77.40317102998497,28.277120247483253,47.290708595514296,1.4427404990419745,15939.68981552124,0.0,21.0,0.0,1.0,0.050000000000000044,2.293477989733219,1.7558953948318958,1.7919419035315514
md_fullq_dqn,804,481,73.78619931042195,77.59178404062989,28.488477900624275,45.29772182703018,1.4624988986179233,16412.540592193604,0.0,22.0,0.0,2.0,0.050000000000000044,1.5906260274350643,1.2156209610402584,1.2500168569386005
md_fullq_dqn,804,482,77.250002810359,77.49823655568066,29.113735154271126,48.13626786470413,1.4842174695804715,16624.00944519043,0.0,22.0,0.0,1.0,0.050000000000000044,2.3501544147729874,1.7997747957706451,1.8345986567437649
md_fullq_dqn,804,483,100.92178090661764,78.8093794502318,33.83852095901966,67.0832594782114,1.6144374292343855,18984.20055770874,0.0,29.0,0.0,0.0,0.050000000000000044,2.318746045231819,1.775656819343567,1.8102973029017448
md_fullq_dqn,804,484,72.17393117547036,78.2859657597542,27.1541470810771,45.019783744215964,1.441629819571972,15416.438102722168,0.0,21.0,0.0,1.0,0.050000000000000044,1.8649221062660217,1.4272646307945251,1.4588582422584295
md_fullq_dqn,804,485,106.43653559684753,80.73022857941689,34.592464089393616,71.84407159686089,1.6461274037137628,19555.077766418457,0.0,31.0,0.0,0.0,0.050000000000000044,1.7083067446947098,1.3072643522173166,1.3368079382926226
md_fullq_dqn,804,486,76.18710848093033,80.20054481215777,28.83007276803255,47.35703652501106,1.4773274390026927,16493.548988342285,0.0,23.0,0.0,2.0,0.050000000000000044,2.0018673837184906,1.5309468805789948,1.5697350054979324
md_fullq_dqn,804,487,94.1762750864029,81.47041969694199,30.974185772240162,63.20209014862776,1.5186289586126804,17162.438720703125,0.0,29.0,0.0,4.0,0.050000000000000044,2.659216560423374,2.0384411551058292,2.0692512802779675
md_fullq_dqn,804,488,77.5520418599248,81.37108594544233,29.355788193643093,48.19625371098518,1.5303172692656517,16911.64398574829,0.0,22.0,0.0,3.0,0.050000000000000044,2.7018892392516136,2.0703079253435135,2.105271015316248
md_fullq_dqn,804,489,83.54112343490124,81.42463612727822,30.24960745126009,53.29151567816734,1.5389439025893807,17295.963649749756,0.0,25.0,0.0,2.0,0.050000000000000044,2.0511721689254045,1.5691105779260397,1.6068720314651728
md_fullq_dqn,804,490,68.41294662058354,81.38257886566224,28.564051069319248,39.848896065354346,1.4553598118945956,15753.498622894287,0.0,20.0,0.0,3.0,0.050000000000000044,1.918382041156292,1.4691364504396915,1.4974852409213781
md_fullq_dqn,804,491,94.06137799471617,82.49255875617267,32.528270810842514,61.533106699585915,1.55995068885386,18141.731590270996,0.0,28.0,0.0,0.0,0.050000000000000044,2.337128322571516,1.7908880412578583,1.8208009041845798
md_fullq_dqn,804,492,83.99504400789738,83.11832789897919,29.973701260983944,54.02134217321873,1.5110379811376333,17202.799030303955,0.0,25.0,0.0,2.0,0.050000000000000044,2.482503052800894,1.903271533548832,1.930771566927433
md_fullq_dqn,804,493,87.09567503035069,83.55396640345455,30.27554164081812,56.82013335227966,1.5164952306076884,16930.873649597168,0.0,26.0,0.0,1.0,0.050000000000000044,1.8276034761220217,1.3963545095175505,1.4374965447932482
md_fullq_dqn,804,494,90.35611852258444,84.31087803699077,31.697624810039997,58.65849417448044,1.5306046679615974,18109.600833892822,0.0,27.0,0.0,0.0,0.050000000000000044,2.023478029295802,1.5512818805873394,1.5739870704710484
md_fullq_dqn,804,495,88.61059410870075,84.42482272528113,29.632938146591187,58.97765576839447,1.54298931453377,17355.823947906494,0.0,25.0,0.0,1.0,0.050000000000000044,2.111902132630348,1.6165832206606865,1.651062984019518
md_fullq_dqn,804,496,78.59233602881432,84.21010955557229,28.91128906607628,49.681047052145004,1.4765063989907503,16427.1771774292,0.0,24.0,0.0,1.0,0.050000000000000044,2.2340389657765627,1.710141133517027,1.7463260237127542
md_fullq_dqn,804,497,97.03204424083233,84.76444877639415,32.18121674656868,64.850827896595,1.557339834049344,18367.206169128418,0.0,28.0,0.0,2.0,0.050000000000000044,1.7082842476665974,1.3061843663454056,1.3403329253196716
md_fullq_dqn,804,498,68.44592569768429,84.00492754116655,26.631746478378773,41.814178720116615,1.4235126115381718,14850.398963928223,0.0,22.0,0.0,1.0,0.050000000000000044,1.5322953518480062,1.1710303705185652,1.2042165603488684
md_fullq_dqn,804,499,86.95945187807084,84.05771710820497,30.825384818017483,56.13406730592251,1.5615790532901883,17731.450616836548,0.0,26.0,0.0,1.0,0.050000000000000044,1.7812714744359255,1.3617732115089893,1.398327510803938
md_fullq_dqn,804,500,88.29966379851103,84.69430882953108,31.6356438472867,56.664020383358,1.541868987493217,17757.30751800537,0.0,25.0,0.0,1.0,0.050000000000000044,2.1533006075769663,1.64828247949481,1.683393683284521
md_fullq_dqn,804,501,69.222790569067,84.46613839246334,27.481261141598225,41.74153009057045,1.4478474101051688,15722.59079360962,0.0,22.0,0.0,1.0,0.050000000000000044,2.4921462312340736,1.9098736867308617,1.9409084431827068
md_fullq_dqn,804,502,75.62781064361334,84.38502878412606,28.42803507298231,47.199775809049605,1.4874401595443487,15993.480144500732,0.0,22.0,0.0,3.0,0.050000000000000044,1.692165557295084,1.2931589595973492,1.3300219606608152
md_fullq_dqn,804,503,79.88914170861244,83.33339682422579,27.93609681725502,51.95304496586323,1.4631358943879604,16300.947689056396,0.0,24.0,0.0,0.0,0.050000000000000044,2.2667903508991003,1.7339154742658138,1.7762495931237936
md_fullq_dqn,804,504,73.54796869307756,83.40209870010615,26.747288152575493,46.80068075656891,1.44376602768898,15449.187971115112,0.0,25.0,0.0,1.0,0.050000000000000044,1.8808183819055557,1.438310842961073,1.4750249311327934
md_fullq_dqn,804,505,99.73381301760674,83.0669625711441,32.305575765669346,67.428237631917,1.598612880334258,18317.18780899048,0.0,30.0,0.0,1.0,0.050000000000000044,2.37941450253129,1.8245219644159079,1.8496416788548231
md_fullq_dqn,804,506,89.5679809898138,83.73600619658828,29.152280688285828,60.415700525045395,1.5413603950291872,16854.90040206909,0.0,27.0,0.0,1.0,0.050000000000000044,2.170782882720232,1.662783918902278,1.6933296620845795
md_fullq_dqn,804,507,76.51461151987314,82.8529230182618,26.133964583277702,50.3806471824646,1.4053660482168198,14265.81852722168,0.0,24.0,0.0,1.0,0.050000000000000044,2.1193426102399826,1.6245220247656107,1.6494019608944654
md_fullq_dqn,804,508,79.92720374763012,82.97168111264706,28.412652052938938,51.51455110609531,1.5111867766827345,16317.722541809082,0.0,23.0,0.0,2.0,0.050000000000000044,2.1347981560975313,1.6352956108748913,1.665008507668972
md_fullq_dqn,804,509,53.16128934919834,81.45268940836192,22.010714925825596,31.150574550032616,1.3172731939703226,12779.418727874756,0.0,18.0,0.0,0.0,0.050000000000000044,1.898897185921669,1.4534015879034996,1.4849852807819843
md_fullq_dqn,804,510,94.56137246787549,82.76011070072651,31.60728956758976,62.9540829449892,1.5420562140643597,17110.820289611816,0.0,29.0,0.0,1.0,0.050000000000000044,2.456204004585743,1.882304459810257,1.9129984471946955
md_fullq_dqn,804,511,89.8152441829443,82.54780401013792,30.039512649178505,59.77573150396347,1.5312426006421447,17318.414344787598,0.0,27.0,0.0,0.0,0.050000000000000044,2.037866834551096,1.5591613613069057,1.5956848245114088
md_fullq_dqn,804,512,77.75733164846898,82.2359183921665,29.41126311570406,48.34606852531433,1.514352680183947,16739.11947631836,0.0,24.0,0.0,1.0,0.050000000000000044,2.1465641036629677,1.6444538123905659,1.6737009305506945
md_fullq_dqn,804,513,70.63867523521185,81.41306840240955,27.31010615080595,43.328568786382675,1.4765346450731158,15764.478538513184,0.0,21.0,0.0,0.0,0.050000000000000044,2.3230179212987423,1.7811246924102306,1.8063107319176197
md_fullq_dqn,804,514,101.12195529043674,81.95136024080219,32.607324466109276,68.51463086903095,1.593778183683753,18644.479053497314,0.0,31.0,0.0,1.0,0.050000000000000044,2.107317943125963,1.6137481890618801,1.6452325358986855
md_fullq_dqn,804,515,82.49613859653473,81.64563746519387,30.068439438939095,52.42769947052002,1.5131452083587646,17260.168827056885,0.0,23.0,0.0,2.0,0.050000000000000044,1.8390034213662148,1.406371546909213,1.44210622087121
md_fullq_dqn,804,516,73.85629303902388,81.40883531570435,26.15713458508253,47.69915830492973,1.4003234440460801,14239.10722732544,0.0,23.0,0.0,1.0,0.050000000000000044,1.701807888224721,1.3031861037015915,1.3287391904741526
md_fullq_dqn,804,517,90.46898026168347,81.08068211674691,31.353386983275414,59.11559254825115,1.5697356276214123,17817.72536087036,0.0,26.0,0.0,1.0,0.050000000000000044,2.116694424301386,1.6228096596896648,1.6462825387716293
md_fullq_dqn,804,518,104.16578163951635,82.86667491383852,35.62543471902609,68.54034742712975,1.6601096969097853,20220.555418014526,0.0,30.0,0.0,1.0,0.050000000000000044,2.3409845866262913,1.792158778756857,1.8294192720204592
md_fullq_dqn,804,519,65.43221792578697,81.79031321622432,26.303567469120026,39.128650069236755,1.4259315468370914,14903.709590911865,0.0,19.0,0.0,0.0,0.050000000000000044,1.8040783517062664,1.380425363779068,1.4121765941381454
md_fullq_dqn,804,520,80.34977639019489,81.39281884580852,29.532873511314392,50.816902953386304,1.510592364706099,16878.904846191406,0.0,25.0,0.0,2.0,0.050000000000000044,1.7327910233289003,1.3254544157534838,1.3577886372804642
md_fullq_dqn,804,521,77.28720097392798,81.79603936605156,27.70209278166294,49.58510800600052,1.439471460878849,15464.050827026367,0.0,24.0,0.0,1.0,0.050000000000000044,2.6406574957072735,2.0247786287218332,2.052929397672415
md_fullq_dqn,804,522,71.9985492989421,81.61457629881801,27.05548656731844,44.943062686920165,1.4597984971478581,15871.602531433105,0.0,22.0,0.0,2.0,0.050000000000000044,2.928676474839449,2.2457039281725883,2.276575218886137
md_fullq_dqn,804,523,80.99608034789563,81.66992323078216,30.118116796016693,50.877963894605635,1.4796965476125479,16801.22399520874,0.0,23.0,0.0,1.0,0.050000000000000044,2.5265238359570503,1.9351792968809605,1.9711484052240849
md_fullq_dqn,804,524,72.74695128202438,81.6298723602295,27.836866602301598,44.91008502244949,1.4661705857142806,15927.881973266602,0.0,21.0,0.0,1.0,0.050000000000000044,2.5822664350271225,1.9801695756614208,2.006989400833845
md_fullq_dqn,804,525,80.30551473200322,80.65845744594932,29.68068404495716,50.624830374121665,1.5286362264305353,17353.757648468018,0.0,22.0,0.0,1.0,0.050000000000000044,2.483728438615799,1.9022386074066162,1.9382991958409548
md_fullq_dqn,804,526,87.48211597800255,80.55416419535877,29.62533874064684,57.856777200102805,1.5182248642668128,17158.352432250977,0.0,29.0,0.0,2.0,0.050000000000000044,2.2460210993885994,1.7194392271339893,1.7552728541195393
md_fullq_dqn,804,527,75.12542151808739,80.48470469526949,28.916117012500763,46.209304893016814,1.5093482797965407,16719.944854736328,0.0,23.0,0.0,3.0,0.050000000000000044,1.8700217828154564,1.4325560126453638,1.458219164982438
md_fullq_dqn,804,528,74.43803341835738,80.21024617880585,27.250835299491882,47.187198454141615,1.464364600367844,15587.529006958008,0.0,23.0,0.0,1.0,0.050000000000000044,2.1950867734849453,1.6820214167237282,1.710217759013176
md_fullq_dqn,804,529,69.94564544409513,81.04946398355068,26.900799997150898,43.044845551252365,1.4325317470356822,15268.564739227295,0.0,23.0,0.0,0.0,0.050000000000000044,1.9508835189044476,1.4942427854984999,1.522135753184557
md_fullq_dqn,804,530,71.76712268143892,79.90975149422886,26.560917608439922,45.206205549836156,1.4270244156941772,15140.010704040527,0.0,21.0,0.0,2.0,0.050000000000000044,1.9662851579487324,1.5073622576892376,1.529742894694209
md_fullq_dqn,804,531,85.34484847784043,79.68623170897366,31.451498195528984,53.89334958195686,1.582487446255982,18109.27717590332,0.0,24.0,0.0,1.0,0.050000000000000044,1.9365695230662823,1.4828603602945805,1.5123637933284044
md_fullq_dqn,804,532,65.39050572514535,79.06789041280749,25.947708979249,39.442796850204466,1.426782668568194,14909.040454864502,0.0,20.0,0.0,1.0,0.050000000000000044,2.32545830309391,1.7803704123944044,1.8169595934450626
md_fullq_dqn,804,533,81.62832941412925,79.61737312175335,30.230048328638077,51.39828089177608,1.5317502953112125,17581.634704589844,0.0,25.0,0.0,2.0,0.050000000000000044,1.815863773226738,1.3888683188706636,1.4233181457966566
md_fullq_dqn,804,534,87.75859623402357,78.94920516893269,32.434748850762844,55.32384803891182,1.5948554826900363,18823.37829208374,0.0,26.0,0.0,1.0,0.050000000000000044,1.9070393610745668,1.4600343126803637,1.4900168143212795
md_fullq_dqn,804,535,78.32056022435427,78.74042625032365,28.067387126386166,50.2531732916832,1.464317881502211,16325.812442779541,0.0,23.0,0.0,0.0,0.050000000000000044,2.5423999056220055,1.946908537298441,1.9849712047725916
md_fullq_dqn,804,536,95.33129545450211,79.81417637109757,32.54246451705694,62.78883174955845,1.583956940099597,18377.918659210205,0.0,28.0,0.0,1.0,0.050000000000000044,2.0809335503727198,1.592575166374445,1.6278612669557333
md_fullq_dqn,804,537,87.31902179867029,79.65667844794692,29.63378406316042,57.68523722887039,1.538293513469398,17209.304153442383,0.0,26.0,0.0,0.0,0.050000000000000044,2.2119814306497574,1.6956174820661545,1.7212131395936012
md_fullq_dqn,804,538,84.67465250939131,78.68212199144065,29.65649576485157,55.01815664768219,1.4889863720163703,16968.77310180664,0.0,25.0,0.0,0.0,0.050000000000000044,2.499020680785179,1.915118470788002,1.9463407173752785
md_fullq_dqn,804,539,71.63571644723416,78.99229691751302,27.132650658488274,44.50306538641453,1.447854233905673,15792.784530639648,0.0,21.0,0.0,1.0,0.050000000000000044,1.9584451373666525,1.5003301426768303,1.527049969881773
md_fullq_dqn,804,540,97.95079292654991,79.87234774433077,31.44839473068714,66.50239751040935,1.564018347300589,17877.5474319458,0.0,30.0,0.0,2.0,0.050000000000000044,1.5399249009788036,1.1756975203752518,1.2140911240130663
md_fullq_dqn,804,541,91.22237128913403,80.56910626009108,30.579890951514244,60.6424805611372,1.5013388944789767,17369.715713500977,0.0,28.0,0.0,2.0,0.050000000000000044,1.9396971594542265,1.4841415509581566,1.5185186564922333
md_fullq_dqn,804,542,82.38084037005902,81.08822081364693,30.61373506486416,51.76710546910763,1.5568892592564225,17486.423210144043,0.0,25.0,0.0,2.0,0.050000000000000044,2.2645055428147316,1.7349070347845554,1.7653283048421144
md_fullq_dqn,804,543,81.08381978422403,81.09260778546334,28.728971175849438,52.354848966002464,1.503917621448636,16469.60371017456,0.0,25.0,0.0,0.0,0.050000000000000044,1.5650441385805607,1.1987094692885876,1.2211155258119106
md_fullq_dqn,804,544,75.61533667892218,81.23602705530823,28.30337055772543,47.31196600198746,1.4642940564081073,15931.434692382812,0.0,22.0,0.0,1.0,0.050000000000000044,2.3082128539681435,1.7682081013917923,1.800015740096569
md_fullq_dqn,804,545,77.47510322928429,81.09450648017227,26.611991614103317,50.86311188340187,1.5018007084727287,15843.514183044434,0.0,26.0,0.0,0.0,0.050000000000000044,2.3454666417092085,1.7965027391910553,1.829879567027092
md_fullq_dqn,804,546,74.98511093258858,80.46965622790158,26.652070343494415,48.33304120004177,1.4432425536215305,15581.99333190918,0.0,24.0,0.0,1.0,0.050000000000000044,2.075321163982153,1.5877806823700666,1.6251349374651909
md_fullq_dqn,804,547,86.5608848631382,81.04142939515413,30.363086089491844,56.19779920578003,1.5587944528087974,17671.31533432007,0.0,27.0,0.0,0.0,0.050000000000000044,2.5677644331008196,1.9680280238389969,1.999121192842722
md_fullq_dqn,804,548,79.56864731907845,81.29796009019017,28.471842348575592,51.09680519402027,1.4606032213196158,15782.932067871094,0.0,23.0,0.0,1.0,0.050000000000000044,1.95503780990839,1.4973773825913668,1.525534613057971
md_fullq_dqn,804,549,73.76915881037712,81.48913575850428,27.434588953852654,46.33456990122795,1.4508768860250711,15342.523338317871,0.0,22.0,0.0,0.0,0.050000000000000044,2.2284858003258705,1.7072410080581903,1.7374825533479452
md_fullq_dqn,804,550,91.95074974894524,82.4983171118796,32.27333599328995,59.677413979172705,1.5939616095274687,18442.91265106201,0.0,26.0,0.0,2.0,0.050000000000000044,2.3877749368548393,1.8303839713335037,1.857969969511032
md_fullq_dqn,804,551,90.72282760590315,82.76721606828274,29.874429889023304,60.84839794039726,1.529733127914369,16907.16586303711,0.0,27.0,0.0,2.0,0.050000000000000044,2.8240133076906204,2.165788523852825,2.194082349538803
md_fullq_dqn,804,552,96.23182914406061,84.3092822392285,32.401370756328106,63.83045880496502,1.5951378364115953,18380.78581428528,0.0,28.0,0.0,1.0,0.050000000000000044,2.5810880418866873,1.9778643380850554,2.0107456501573324
md_fullq_dqn,804,553,84.95630842447281,84.47568118974567,30.331868700683117,54.62443947792053,1.5176438773050904,17349.345191955566,0.0,27.0,0.0,0.0,0.050000000000000044,1.8250888139009476,1.3974701538681984,1.4253954235464334
md_fullq_dqn,804,554,88.42598369717598,84.50905056290328,30.405461698770523,58.02052168548107,1.5632140822708607,17232.79133605957,0.0,26.0,0.0,2.0,0.050000000000000044,2.375727280974388,1.821223646402359,1.8483453299850225
md_fullq_dqn,804,555,88.99056267142296,85.04255068525673,29.922033220529556,59.0685291826725,1.545965083874762,17566.965606689453,0.0,26.0,0.0,2.0,0.050000000000000044,2.016922354698181,1.544400405138731,1.5750730261206627
md_fullq_dqn,804,556,78.48516748100519,84.20024428658188,28.084537155926228,50.40063065290451,1.4755783015862107,16327.64513015747,0.0,24.0,0.0,1.0,0.050000000000000044,2.039826389402151,1.5598204843699932,1.60001964494586
md_fullq_dqn,804,557,90.62845396995544,84.36571589514614,30.1690890789032,60.45936441421509,1.543632360175252,17587.614112854004,0.0,26.0,0.0,1.0,0.050000000000000044,2.236027743667364,1.7132662702351809,1.7425380907952785
md_fullq_dqn,804,558,76.66401585936546,83.96518406264485,29.87320740520954,46.79080814123154,1.5272261379286647,17354.75994873047,0.0,22.0,0.0,1.0,0.050000000000000044,2.008601764217019,1.5393063481897116,1.5643179696053267
md_fullq_dqn,804,559,64.40697545558214,83.60374701306225,25.668529152870178,38.738445982337,1.4001495530828834,14298.786296844482,0.0,19.0,0.0,0.0,0.050000000000000044,2.223996127024293,1.705603901296854,1.7279740199446678
md_fullq_dqn,804,560,88.519933873415,83.1322040604055,31.123973563313484,57.39596044421196,1.5380260571837425,17192.942310333252,0.0,27.0,0.0,1.0,0.050000000000000044,2.8689689338207245,2.1995783299207687,2.231301983818412
md_fullq_dqn,804,561,73.71618467569351,82.25689472973347,28.059936180710793,45.65624842047691,1.447863532230258,15944.835556030273,0.0,22.0,0.0,1.0,0.050000000000000044,2.297187700867653,1.760836772620678,1.7878364771604538
md_fullq_dqn,804,562,79.52252700924873,82.11397906169296,30.036169551312923,49.48635743558407,1.5025800811126828,16931.722549438477,0.0,25.0,0.0,0.0,0.050000000000000044,2.231434214860201,1.710331492125988,1.7370089963078499
md_fullq_dqn,804,563,95.07341830432415,82.81345898769796,32.79358087480068,62.2798373401165,1.5696153957396746,18448.178466796875,0.0,27.0,0.0,0.0,0.050000000000000044,1.544513713568449,1.1825706213712692,1.2064768970012665
md_fullq_dqn,804,564,86.38505230844021,83.35194476917385,31.249049730598927,55.136002853512764,1.5551658952608705,17759.056533813477,0.0,26.0,0.0,1.0,0.050000000000000044,2.124707590788603,1.626595601439476,1.6603731885552406
md_fullq_dqn,804,565,91.19325345903636,84.03785228066147,31.127219893038273,60.06603311896324,1.5892702946439385,17859.82445526123,0.0,26.0,0.0,2.0,0.050000000000000044,2.251453397795558,1.7253985349088907,1.753516050055623
md_fullq_dqn,804,566,74.93514588475227,84.03535402826965,26.844458758831024,48.09068746864796,1.4267527889460325,15177.530002593994,0.0,24.0,0.0,0.0,0.050000000000000044,2.5089941434562206,1.921524589881301,1.9582318775355816
md_fullq_dqn,804,567,86.03888883888722,84.0092542270571,30.264170601963997,55.7747179389,1.5327945947647095,17363.35765838623,0.0,25.0,0.0,4.0,0.050000000000000044,2.0985565185546875,1.6111375447362661,1.6247298773378134
md_fullq_dqn,804,568,77.08955030143261,83.8852993761748,28.797768533229828,48.291781932115555,1.4794861637055874,16407.624183654785,0.0,22.0,0.0,2.0,0.050000000000000044,2.5232920348644257,1.9355672635138035,1.9590825382620096
md_fullq_dqn,804,569,85.42510514855385,84.46809669308365,29.26347453892231,56.16163065433502,1.5422104457393289,17324.651710510254,0.0,25.0,0.0,4.0,0.050000000000000044,2.214397568255663,1.696446904912591,1.726502187550068
md_fullq_dqn,804,570,86.1194091886282,84.17652966506779,28.902239978313446,57.21716946363449,1.5038742292672396,16910.46845626831,0.0,26.0,0.0,1.0,0.050000000000000044,1.9306083861738443,1.4790233802050352,1.5052833389490843
md_fullq_dqn,804,571,77.69773254096508,83.52527491182089,28.690718799829483,49.00701366662979,1.4681698707863688,16245.275218963623,0.0,23.0,0.0,3.0,0.050000000000000044,2.164007391780615,1.6572199184447527,1.689291562885046
md_fullq_dqn,804,572,77.11184137314558,82.56927552327514,28.458503983914852,48.65333700180054,1.4603482745587826,15962.977962493896,0.0,24.0,0.0,0.0,0.050000000000000044,2.2250772584229708,1.7040040288120508,1.7369107324630022
md_fullq_dqn,804,573,70.20195003598928,81.83155760385095,26.363909788429737,43.8380401134491,1.3909888416528702,14747.33890914917,0.0,22.0,0.0,0.0,0.050000000000000044,2.1211704164743423,1.6237779818475246,1.6579746585339308
md_fullq_dqn,804,574,90.04187094569207,81.91235196627676,32.1553859859705,57.88648488521576,1.5922527518123388,18460.774139404297,0.0,25.0,0.0,1.0,0.050000000000000044,2.1856714952737093,1.674672955647111,1.703328425064683
md_fullq_dqn,804,575,53.23969811350107,80.12480873838066,23.855290837585926,29.384407678246497,1.3719940558075905,14257.154346466064,0.0,17.0,0.0,3.0,0.050000000000000044,2.3198564127087593,1.7785923965275288,1.8042133245617151
md_fullq_dqn,804,576,73.68886934965849,79.88499383181335,28.269710078835487,45.41915963590145,1.464324964210391,16132.049011230469,0.0,23.0,0.0,1.0,0.050000000000000044,2.957635762169957,2.266917822882533,2.302393112331629
md_fullq_dqn,804,577,74.20850849151611,79.06399655789139,29.873253606259823,44.33525487780571,1.484095766209066,16712.63087081909,0.0,22.0,0.0,0.0,0.050000000000000044,2.0420768316835165,1.5630371514707804,1.5967989545315504
md_fullq_dqn,804,578,71.9891817048192,78.83025485016405,28.072497494518757,43.91668391227722,1.5091369934380054,16322.238224029541,0.0,23.0,0.0,1.0,0.050000000000000044,2.3436547368764877,1.795936705544591,1.8257266879081726
md_fullq_dqn,804,579,89.09960623979569,80.06488638937473,31.518732368946075,57.580873841047286,1.524872399866581,17544.255130767822,0.0,26.0,0.0,3.0,0.050000000000000044,2.1850966811180115,1.6744491178542376,1.7021584454923868
md_fullq_dqn,804,580,89.84926765412092,80.13135307841004,31.175619401037693,58.67364817857742,1.5595068614929914,17588.097763061523,0.0,26.0,0.0,1.0,0.050000000000000044,2.124779090285301,1.62623305991292,1.6618200689554214
md_fullq_dqn,804,581,84.34560459405184,80.66282407432794,27.81731828302145,56.528286549448964,1.466724794358015,15716.252155303955,0.0,27.0,0.0,3.0,0.050000000000000044,2.2329146824777126,1.7087511215358973,1.7472117841243744
md_fullq_dqn,804,582,78.9555881023407,80.63447712898254,29.028602093458176,49.926986277103424,1.4571290453895926,16265.383888244629,0.0,24.0,0.0,2.0,0.050000000000000044,2.018523083999753,1.5448163505643606,1.579022416844964
md_fullq_dqn,804,583,81.71648900955915,79.96663066424429,28.945611648261547,52.77087762951851,1.4963480485603213,16872.867530822754,0.0,25.0,0.0,0.0,0.050000000000000044,2.0585722774267197,1.5769140385091305,1.6055273190140724
md_fullq_dqn,804,584,68.77242905646563,79.08599950164556,28.657327704131603,40.11510156095028,1.49448271561414,16839.483367919922,0.0,20.0,0.0,0.0,0.050000000000000044,1.7199815101921558,1.317224744707346,1.3425224982202053
md_fullq_dqn,804,585,81.95425407737494,78.62404953256251,28.44049010425806,53.513763883709906,1.458880865946412,15764.777620315552,0.0,25.0,0.0,3.0,0.050000000000000044,2.201836943626404,1.6839420590549707,1.726316099986434
md_fullq_dqn,804,586,87.72173401713371,79.26337893918158,30.8176758736372,56.904057800769806,1.5488724578171968,17752.944065093994,0.0,24.0,0.0,0.0,0.050000000000000044,2.218915354460478,1.7013442143797874,1.7252369858324528
md_fullq_dqn,804,587,91.559827709198,79.5394258826971,29.763301983475685,61.79652667939663,1.5030173668637872,16743.82124710083,0.0,28.0,0.0,2.0,0.050000000000000044,2.108257558196783,1.6155418008565903,1.6423857733607292
md_fullq_dqn,804,588,92.43020599335432,80.30645866729319,31.27035265415907,61.15985330939293,1.5679006380960345,17935.418949127197,0.0,27.0,0.0,1.0,0.050000000000000044,2.44029207713902,1.8708645589649677,1.89809163287282
md_fullq_dqn,804,589,73.52210245281458,79.71130853250624,28.190580882132053,45.33152158558369,1.4616582551971078,15998.132381439209,0.0,22.0,0.0,0.0,0.050000000000000044,1.6490246318280697,1.262108452618122,1.2897204346954823
md_fullq_dqn,804,590,80.67813570946456,79.43924485854805,29.224519200623035,51.45361633002758,1.482707547955215,16718.913619995117,0.0,23.0,0.0,1.0,0.050000000000000044,2.48498578928411,1.9031745996326208,1.9393705185502768
md_fullq_dqn,804,591,77.84912025928497,79.44681424446405,29.53366383910179,48.31545630097389,1.4814967485144734,16731.806610107422,0.0,24.0,0.0,1.0,0.050000000000000044,1.8842951152473688,1.4436774775385857,1.4687254335731268
md_fullq_dqn,804,592,69.29560806751252,79.0560025791824,26.128927141427994,43.16668086647987,1.4253938281908631,15231.900192260742,0.0,20.0,0.0,1.0,0.050000000000000044,2.0557953603565693,1.5756634697318077,1.6004396602511406
md_fullq_dqn,804,593,100.22185067236424,80.55699761100115,33.35431443154812,66.86753589808941,1.6118053114041686,18725.739253997803,0.0,30.0,0.0,1.0,0.050000000000000044,1.9254622757434845,1.4739456940442324,1.5050553195178509
md_fullq_dqn,804,594,64.79263120442629,79.29453562393785,25.68889696151018,39.103734391927716,1.3956733727827668,14187.576805114746,0.0,20.0,0.0,2.0,0.050000000000000044,2.187940612435341,1.6749945543706417,1.7098200526088476
md_fullq_dqn,804,595,92.61450170874596,81.26327580370011,30.31559284031391,62.29890857040882,1.5191927067935467,17262.207775115967,0.0,28.0,0.0,1.0,0.050000000000000044,1.8166470639407635,1.389266585931182,1.4246014449745417
md_fullq_dqn,804,596,69.51123341321946,81.05439400687816,25.57645007222891,43.93478360176086,1.3836802057921886,14439.804958343506,0.0,21.0,0.0,1.0,0.050000000000000044,1.8206021096557379,1.3928642831742764,1.4257927425205708
md_fullq_dqn,804,597,85.5563843280077,81.62178779870273,28.901031628251076,56.655352401733396,1.4804234746843576,16170.426124572754,0.0,26.0,0.0,2.0,0.050000000000000044,3.149351455271244,2.4159723296761513,2.4445970207452774
md_fullq_dqn,804,598,74.1364801749587,81.7291527222097,27.46834559738636,46.66813485324383,1.462785493582487,15561.006078720093,0.0,24.0,0.0,0.0,0.050000000000000044,2.329906400293112,1.7841222938150167,1.819280218333006
md_fullq_dqn,804,599,69.35261254012585,80.7418030372262,27.55079698562622,41.801815181970596,1.4561920017004013,16214.129104614258,0.0,21.0,0.0,0.0,0.050000000000000044,1.8378202002495527,1.4074938092380762,1.4344212245196104
