variant,model_seed,episode,cost,rolling_cost,immediate_cost,penalty,energy_use,latency_ms,thermal_violation,energy_violation,queue_violation,contact_violation,epsilon,loss,td_loss,auxiliary_loss
md_immediate_advantage_dqn,810,0,109.99912644922733,109.99912644922733,38.62832398712635,71.37080299854279,1.7167042698711157,23007.685291290283,0.0,31.0,0.0,0.0,0.9954761904761905,,,
md_immediate_advantage_dqn,810,1,104.94174321889878,107.47043483406306,37.21372281014919,67.72802100479603,1.697240985929966,21837.667766571045,0.0,30.0,0.0,2.0,0.9909523809523809,1.201758623123169,1.1909770965576172,0.03593824803829193
md_immediate_advantage_dqn,810,2,172.58740289488475,129.17609085433696,46.00714634358883,126.58025643208667,1.982287927530706,27374.81484222412,0.0,38.0,26.0,2.0,0.9864285714285714,1.1310162171721458,1.1214809566736221,0.03178420499898493
md_immediate_advantage_dqn,810,3,117.4925539135933,126.25520661915104,39.21403978765011,78.27851370871068,1.7728587305173278,23296.70885848999,0.0,34.0,0.0,1.0,0.981904761904762,1.245247595012188,1.2385338619351387,0.022379128145985305
md_immediate_advantage_dqn,810,4,131.3560509675449,127.27537548882981,41.55073746293783,89.80531316188035,1.883334114216268,25383.463481903076,0.0,32.0,10.0,0.0,0.9773809523809524,0.9861218482255936,0.9824709109961987,0.01216980000026524
md_immediate_advantage_dqn,810,5,114.42945551162006,125.13438882596152,38.125159844756126,76.30429577117206,1.7685229759663343,23499.43839263916,0.0,30.0,14.0,0.0,0.9728571428571429,0.8700437806546688,0.8663267455995083,0.012390115472953767
md_immediate_advantage_dqn,810,6,109.42815167949273,122.89064066218027,35.69713880866766,73.7310122002728,1.6896534655243158,21314.312257766724,0.0,32.0,2.0,1.0,0.9683333333333334,0.7679037675261497,0.7639721930027008,0.013105251477099955
md_immediate_advantage_dqn,810,7,125.71502605080605,123.24368883575849,43.84139785170555,81.87362848222256,1.81470319442451,25217.08953857422,0.0,35.0,0.0,0.0,0.9638095238095238,0.794644620269537,0.7917303927242756,0.009714102459838614
md_immediate_advantage_dqn,810,8,142.0313990272643,125.33121219037025,44.242741242051125,97.78865821734685,1.8541646022349596,26081.40463256836,0.0,33.0,17.0,0.0,0.9592857142857143,0.7674203962087631,0.7633595839142799,0.0135360446292907
md_immediate_advantage_dqn,810,9,125.12508168816566,125.31059914014979,43.04537534713745,82.07970707118511,1.796088176779449,25099.71353149414,0.0,35.0,0.0,1.0,0.9547619047619048,0.6390370763838291,0.6352158337831497,0.012737479468341917
md_immediate_advantage_dqn,810,10,168.79802712662644,129.26400168437496,40.31210903823376,128.48591796918342,1.8347502117976546,24246.13481903076,0.0,36.0,22.0,3.0,0.9502380952380952,0.5031214412301779,0.49959819205105305,0.01174415578134358
md_immediate_advantage_dqn,810,11,121.82694645127509,128.6442470816166,42.2617723941803,79.56517422100757,1.76581968087703,24826.430740356445,0.0,34.0,6.0,0.0,0.9457142857142857,0.4179903920739889,0.41433367505669594,0.012189056258648634
md_immediate_advantage_dqn,810,12,136.33058584339258,129.23550390944553,40.24158622324467,96.08899970955488,1.8291362626478076,24457.394008636475,0.0,34.0,13.0,1.0,0.9411904761904761,0.3311003055423498,0.3269675290212035,0.013775918574538082
md_immediate_advantage_dqn,810,13,125.43427580058575,128.96398761595555,44.25262227654457,81.1816528236866,1.8122730180621147,25598.03680419922,0.0,34.0,2.0,1.0,0.9366666666666666,0.2792003573849797,0.2752812569960952,0.013063672930002213
md_immediate_advantage_dqn,810,14,106.53878174424172,127.46897389117463,38.4995509237051,68.03923099935055,1.6829184098169208,22400.79942703247,0.0,28.0,0.0,3.0,0.9321428571428572,0.2510492019355297,0.24750726204365492,0.011806466500274837
md_immediate_advantage_dqn,810,15,110.52530693578383,126.40999470646271,38.6943129748106,71.83099470603129,1.798312715254724,23391.69602584839,0.0,31.0,2.0,2.0,0.9276190476190476,0.5373829631134868,0.534114140085876,0.010896066261921078
md_immediate_advantage_dqn,810,16,189.95829438900702,130.1481299819065,43.088351756334305,146.86994264757388,1.9273891216143966,26128.151794433594,0.0,35.0,34.0,4.0,0.9230952380952381,0.6067941784858704,0.6031497623771429,0.012148042966146022
md_immediate_advantage_dqn,810,17,163.47247394325905,131.99948242420385,42.029574021697044,121.44289996626546,1.9546393463388085,26111.38857650757,0.0,34.0,14.0,2.0,0.9185714285714286,0.4224544558674097,0.4191038105636835,0.011168820201419294
md_immediate_advantage_dqn,810,18,198.48494898291963,135.49871750624155,47.52658911049366,150.95835999163526,2.017793024890125,28231.541954040527,0.0,37.0,32.0,2.0,0.914047619047619,0.3211607653647661,0.31755999103188515,0.012002584466245025
md_immediate_advantage_dqn,810,19,137.04209521317807,135.57588639158837,41.74714747071266,95.29494789147704,1.8362799640744925,24590.81232070923,0.0,36.0,21.0,2.0,0.9095238095238095,0.3144907811656594,0.31130306236445904,0.010625733120832592
md_immediate_advantage_dqn,810,20,132.20534458975632,136.6861972986148,39.82709948718548,92.37824526648363,1.819808336906135,24003.672760009766,0.0,34.0,23.0,1.0,0.905,0.29178821109235287,0.288758747279644,0.010098211059812456
md_immediate_advantage_dqn,810,21,125.89949143777204,137.7340847095585,40.05868211388588,85.84080924938036,1.7959048263728619,24095.72840499878,0.0,34.0,16.0,0.0,0.9004761904761904,0.24884817749261856,0.2462464226409793,0.008672509633470327
md_immediate_advantage_dqn,810,22,138.44397937521205,136.02691353357483,47.08345928788185,91.36051978930695,1.9058430409058928,27479.58383178711,0.0,35.0,9.0,0.0,0.895952380952381,0.23758843541145325,0.23512361664325,0.008216066635213792
md_immediate_advantage_dqn,810,23,104.94980151951313,135.39977591387083,36.95963463187218,67.99016678333282,1.6920191068202257,22151.583433151245,0.0,28.0,0.0,0.0,0.8914285714285715,0.6258771885186434,0.6236070320010185,0.007567174412542954
md_immediate_advantage_dqn,810,24,118.17708417326212,134.7408275741567,40.41061955690384,77.76646432578563,1.746280636638403,23170.322875976562,0.0,32.0,0.0,3.0,0.8869047619047619,0.5554514527320862,0.5529451221227646,0.008354436868103221
md_immediate_advantage_dqn,810,25,116.29666279933669,134.83418793854253,34.72123320400715,81.57542983374813,1.767238070257008,21339.457500457764,0.0,34.0,6.0,0.0,0.8823809523809524,0.4072659872472286,0.40431297570466995,0.009843365522101521
md_immediate_advantage_dqn,810,26,174.01519677537112,138.06354019333645,43.73646458983421,130.27873233454852,1.9625456854701042,26602.711250305176,0.0,37.0,25.0,0.0,0.8778571428571429,0.3424327615648508,0.33950122259557247,0.00977180723566562
md_immediate_advantage_dqn,810,27,211.24690753654542,142.3401342676234,46.58015024662018,164.66675728992524,1.945496827363968,27733.168495178223,0.0,39.0,43.0,1.0,0.8733333333333333,0.33071760833263397,0.328096535988152,0.008736893883906305
md_immediate_advantage_dqn,810,28,97.07144655287266,140.0921366439038,35.73298440873623,61.33846251666546,1.55870227701962,19940.03157043457,0.0,28.0,0.0,0.0,0.8688095238095238,0.32377807423472404,0.32090714387595654,0.009569771616952494
md_immediate_advantage_dqn,810,29,118.72214584987806,139.77198985198942,41.26901517063379,77.45313009809898,1.7857976267114282,24418.40587234497,0.0,35.0,4.0,0.0,0.8642857142857143,0.30786861199885607,0.30510941334068775,0.009197334293276072
md_immediate_advantage_dqn,810,30,138.22707890204293,138.24344244076025,41.15126919746399,97.07580986849173,1.8204018138349056,24275.150840759277,0.0,33.0,21.0,2.0,0.8597619047619047,0.277935154736042,0.2754514189437032,0.008279119851067662
md_immediate_advantage_dqn,810,31,103.4373933948022,137.32396478793663,35.407552272081375,68.0298410631162,1.7308478122577071,21596.29638671875,0.0,31.0,5.0,0.0,0.8552380952380952,0.8253922276198864,0.8218912333250046,0.011669977277051657
md_immediate_advantage_dqn,810,32,102.06899321079254,135.61088515630664,34.63225671648979,67.43673729896545,1.6610672464594245,20355.01602935791,0.0,30.0,0.0,0.0,0.8507142857142858,0.5767533909529448,0.5741331428289413,0.008734163013286889
md_immediate_advantage_dqn,810,33,109.20407692492009,134.79937521252333,41.20695884525776,67.99711876511574,1.7997087026014924,23752.63809967041,0.0,28.0,0.0,1.0,0.8461904761904762,0.48392908088862896,0.48024612572044134,0.012276528868824244
md_immediate_advantage_dqn,810,34,119.32969836890697,135.4389210437566,44.316334679722786,75.01336327195168,1.756529570557177,24647.415084838867,0.0,32.0,0.0,1.0,0.8416666666666667,0.43263248540461063,0.42862075474113226,0.013372437621001154
md_immediate_advantage_dqn,810,35,123.45182908881569,136.0852471514082,42.67369865626097,80.77813153524065,1.830643710680306,25088.777420043945,0.0,35.0,1.0,0.0,0.8371428571428572,0.4042648747563362,0.4012447092682123,0.010067224851809442
md_immediate_advantage_dqn,810,36,125.29491332173347,132.85207809804453,43.775173150002956,81.51973995566368,1.8096160450950265,25018.500038146973,0.0,35.0,0.0,0.0,0.8326190476190476,0.35534835048019886,0.35176064260303974,0.011959023482631892
md_immediate_advantage_dqn,810,37,106.19395601153374,129.98815220145826,37.47247415035963,68.72148197293282,1.7114302767440677,21827.866916656494,0.0,30.0,0.0,4.0,0.8280952380952381,0.3947433205321431,0.39086212404072285,0.01293731783516705
md_immediate_advantage_dqn,810,38,102.70645985007286,125.19922774481593,37.091280430555344,65.61517907679081,1.6831176718696952,21886.044219970703,0.0,29.0,0.0,0.0,0.8235714285714286,0.3569104438647628,0.3537817820906639,0.010428874287754297
md_immediate_advantage_dqn,810,39,102.08708254396916,123.45147711135546,38.09208124876022,63.995001131296156,1.7018490293994546,22090.543781280518,0.0,29.0,0.0,2.0,0.819047619047619,0.7936488632112741,0.789531160145998,0.013725667260587215
md_immediate_advantage_dqn,810,40,121.14177625827043,122.89829869478119,36.12329913675785,85.01847728542532,1.7484862552955747,21831.500114440918,0.0,31.0,12.0,2.0,0.8145238095238095,0.5801521595567465,0.5765918865799904,0.011867583671119064
md_immediate_advantage_dqn,810,41,90.01685741692782,121.10416699373897,32.30704518407583,57.70981223285198,1.6073969714343548,19371.370071411133,0.0,27.0,0.0,1.0,0.81,0.503108000382781,0.5003696233034134,0.009127920144237578
md_immediate_advantage_dqn,810,42,112.41746166348457,119.80284110815259,39.9148737937212,72.50258757174015,1.7349957432597876,22784.23680114746,0.0,31.0,0.0,0.0,0.8054761904761905,0.47222297731786966,0.4673448782414198,0.016260335978586227
md_immediate_advantage_dqn,810,43,119.63929145038128,120.537315604696,42.302493795752525,77.33679777383804,1.8062404105439782,24523.970951080322,0.0,33.0,0.0,0.0,0.800952380952381,0.4518223023042083,0.44804531149566174,0.012589960475452244
md_immediate_advantage_dqn,810,44,108.90204983949661,120.07356388800773,38.90946302562952,69.99258674681187,1.6983445519581437,22178.250080108643,0.0,31.0,0.0,1.0,0.7964285714285715,0.48573167622089386,0.4822692181915045,0.011541553831193596
md_immediate_advantage_dqn,810,45,128.78491391795026,120.69797644393839,39.68985132873058,89.09506355779516,1.8397661708295345,23728.76547241211,0.0,37.0,13.0,0.0,0.7919047619047619,0.4118730993941426,0.40689155645668507,0.01660516468109563
md_immediate_advantage_dqn,810,46,114.26091700983731,117.71026245566168,39.11267504096031,75.14824190927234,1.8040416045114398,23586.33712387085,0.0,31.0,8.0,2.0,0.7873809523809524,0.5271181203424931,0.5215237662196159,0.0186478448449634
md_immediate_advantage_dqn,810,47,118.01004231887336,113.04841919477808,38.14734423160553,79.86269823627944,1.7865418354049325,23126.07612991333,0.0,34.0,4.0,0.0,0.7828571428571429,0.7319715358316898,0.7283879388123751,0.011945312609896064
md_immediate_advantage_dqn,810,48,115.17940226197243,113.95381698023309,38.0924279242754,77.08697417378426,1.8136467607691884,22462.310432434082,0.0,35.0,0.0,0.0,0.7783333333333333,0.6471621179953218,0.6397661101073027,0.024653375963680446
md_immediate_advantage_dqn,810,49,119.0680892109871,113.97111414828854,40.839970245957375,78.22811869680882,1.7973856646567583,23600.362434387207,0.0,34.0,0.0,1.0,0.7738095238095238,0.6200210172683001,0.6153537575155497,0.015557523001916707
md_immediate_advantage_dqn,810,50,125.81133472919464,113.35032693964612,43.62277968227863,82.18855485320091,1.8403150392696261,25165.817150115967,0.0,35.0,0.0,0.0,0.7692857142857144,0.4979437869042158,0.4934703093022108,0.014911597012542188
md_immediate_advantage_dqn,810,51,125.5985035932064,114.45838244956633,41.52632839977741,84.07217547655105,1.843727090395987,24780.905252456665,0.0,35.0,2.0,2.0,0.7647619047619048,0.6006280044093728,0.5934434002265334,0.02394866687245667
md_immediate_advantage_dqn,810,52,109.93157363682985,114.85151147086819,37.8460334315896,72.08553984761238,1.6786318141967058,22205.66310119629,0.0,30.0,0.0,2.0,0.7602380952380953,0.4934697290882468,0.48777399957180023,0.018985775532200933
md_immediate_advantage_dqn,810,53,121.44669769032734,115.46364250913857,38.53471179306507,82.91198570354717,1.8326830165460706,23409.832553863525,0.0,35.0,9.0,1.0,0.7557142857142858,0.43502992670983076,0.4287959970533848,0.020779751939699054
md_immediate_advantage_dqn,810,54,126.35169492661953,115.81474233702417,44.070850275456905,82.28084456920624,1.7635910287499428,24770.361534118652,0.0,34.0,0.0,0.0,0.7511904761904762,0.85857411660254,0.8526052925735712,0.019896069017704576
md_immediate_advantage_dqn,810,55,121.84965039789677,115.73463340247824,40.31167313456535,81.5379773080349,1.7546682469546795,23007.43578338623,0.0,34.0,0.0,0.0,0.7466666666666667,0.6220810301601887,0.6155617833137512,0.021730837179347873
md_immediate_advantage_dqn,810,56,121.42968075871468,115.5413717743273,39.26149344444275,82.16818701624871,1.7876834403723478,22684.219806671143,0.0,36.0,0.0,1.0,0.7421428571428572,0.6401067897677422,0.6328730080276728,0.024112611659802496
md_immediate_advantage_dqn,810,57,126.70359172025559,116.5668535597634,43.94368453323841,82.75990645686028,1.8888823231682181,25988.80898284912,0.0,34.0,3.0,1.0,0.7376190476190476,0.5994637683033943,0.5925479661673307,0.023052678909152746
md_immediate_advantage_dqn,810,58,111.63866020739079,117.0134635776293,40.0493026971817,71.58935713768005,1.7461110968142748,23031.267333984375,0.0,30.0,0.0,1.0,0.7330952380952381,0.5596181154251099,0.552165862172842,0.024840848636813462
md_immediate_advantage_dqn,810,59,111.0163927614689,117.45992908850428,39.64224499464035,71.37414769232274,1.7448073830455542,22271.3098487854,0.0,32.0,0.0,2.0,0.7285714285714286,0.46742676850408316,0.4601596128195524,0.02422383101657033
md_immediate_advantage_dqn,810,60,103.61803226917982,116.58374188904975,36.642109252512455,66.97592347860336,1.7489971658214927,22014.350868225098,0.0,28.0,0.0,1.0,0.724047619047619,0.48324309568852186,0.4768151603639126,0.021426460705697536
md_immediate_advantage_dqn,810,61,109.2060558795929,117.543201812183,36.31799778342247,72.88805834949017,1.7136094411835074,21405.02898788452,0.0,32.0,0.0,1.0,0.7195238095238095,0.5250316206365824,0.5188650172203779,0.020555352559313178
md_immediate_advantage_dqn,810,62,104.90986132025719,117.16782179502165,35.78502279520035,69.12483879327775,1.696790236979723,21015.228939056396,0.0,31.0,0.0,2.0,0.7150000000000001,0.7886642720550299,0.7832316709682345,0.018108673044480383
md_immediate_advantage_dqn,810,63,96.84013730287552,116.02786408764635,36.16733027994633,60.67280671000481,1.6266426648944616,20608.845630645752,0.0,26.0,0.0,1.0,0.7104761904761905,0.8100216723978519,0.8047701828181744,0.017504966526757926
md_immediate_advantage_dqn,810,64,110.14279966056347,116.08990157869968,33.68858262896538,76.45421707630157,1.7833766164258122,21356.383743286133,0.0,29.0,0.0,2.0,0.7059523809523809,0.6122650895267725,0.6057465244084597,0.021728520398028195
md_immediate_advantage_dqn,810,65,155.00985790749343,117.40114877817685,43.029231518507004,111.98062626977713,1.9057086259126663,25040.359924316406,0.0,41.0,34.0,1.0,0.7014285714285715,0.644766429439187,0.6355483904480934,0.030726797762326896
md_immediate_advantage_dqn,810,66,127.69444819164275,118.07282533726712,42.4872684776783,85.20718005669116,1.858598981052637,24952.630073547363,0.0,35.0,2.0,2.0,0.6969047619047619,0.749931363388896,0.7420081403106451,0.026410753838717937
md_immediate_advantage_dqn,810,67,101.51998945474625,117.24832269406076,35.81855110824108,65.70143855512143,1.6630499856546521,20473.681076049805,0.0,28.0,0.0,1.0,0.6923809523809523,0.6261075213551521,0.6197935733944178,0.021046488196589053
md_immediate_advantage_dqn,810,68,110.05013863146306,116.9918595125353,38.71849836409092,71.33164038658143,1.7317338874563575,22686.035598754883,0.0,30.0,0.0,3.0,0.687857142857143,0.6544511895626783,0.6453308882191777,0.030401041265577078
md_immediate_advantage_dqn,810,69,127.09566396474838,117.39323825022336,39.86542198807001,87.23024235665798,1.8148659970611334,23172.638900756836,0.0,37.0,0.0,0.0,0.6833333333333333,0.6678965669125319,0.6590278167277575,0.029562488663941622
md_immediate_advantage_dqn,810,70,103.22460640370846,116.26390183394906,35.83695501089096,67.38765152692795,1.7167609808966517,21417.554069519043,0.0,29.0,0.0,1.0,0.6788095238095238,0.8907660953700542,0.8824686724692583,0.027658050297759473
md_immediate_advantage_dqn,810,71,112.6326804459095,115.61561067658423,36.32917033135891,76.30350969731808,1.702087352052331,20966.170616149902,0.0,32.0,0.0,0.0,0.6742857142857144,0.9208215530961752,0.9143724516034126,0.021496973000466824
md_immediate_advantage_dqn,810,72,107.25026278197765,115.4815451338416,37.027463749051094,70.22279924154282,1.6993770143017173,21961.43344116211,0.0,30.0,0.0,0.0,0.6697619047619048,0.6199398897588253,0.6107575725764036,0.03060770861338824
md_immediate_advantage_dqn,810,73,117.52989612519741,115.2857050555851,41.62026210129261,75.90963441133499,1.7828883659094572,23990.640701293945,0.0,33.0,0.0,0.0,0.6652380952380952,0.8130087312310934,0.804956678301096,0.026840172125957906
md_immediate_advantage_dqn,810,74,112.87437655776739,114.61183913714248,35.7502446398139,77.12413182854652,1.6847251038998365,20816.05726623535,0.0,32.0,0.0,0.0,0.6607142857142857,0.6872012186795473,0.6802525594830513,0.023162199649959803
md_immediate_advantage_dqn,810,75,113.2833168745041,114.18352246097285,38.97146891057491,74.31184833645821,1.724694068543613,21752.744606018066,0.0,31.0,0.0,1.0,0.6561904761904762,0.729257732629776,0.7215958386659622,0.025539658730849624
md_immediate_advantage_dqn,810,76,110.78940171003342,113.65150850853881,39.0693401992321,71.72006106376648,1.727778430096805,22159.624923706055,0.0,31.0,0.0,0.0,0.6516666666666667,0.77305943146348,0.7655812222510576,0.02492737479042262
md_immediate_advantage_dqn,810,77,116.81383772939444,113.15702080899572,40.68724474310875,76.12659373879433,1.7939064530655742,23675.985416412354,0.0,32.0,0.0,0.0,0.6471428571428571,0.6782682612538338,0.6691713314503431,0.030323087237775326
md_immediate_advantage_dqn,810,78,132.29745057225227,114.18996032723881,44.72898665070534,87.568464204669,1.874227000400424,25424.951503753662,0.0,37.0,0.0,0.0,0.6426190476190476,0.9088082239031792,0.9045604281127453,0.014159290352836251
md_immediate_advantage_dqn,810,79,105.5380858719349,113.91604498276213,36.641522973775864,68.89656233191491,1.6772587429732084,20888.00881576538,0.0,31.0,0.0,1.0,0.6380952380952382,0.9058121796697378,0.8955827262252569,0.03409818233922124
md_immediate_advantage_dqn,810,80,117.90431088209152,114.63035891340772,40.65507787466049,77.24923332035542,1.7673776866868138,23186.237468719482,0.0,34.0,0.0,0.0,0.6335714285714286,0.8154314197599888,0.8082876950502396,0.02381241216789931
md_immediate_advantage_dqn,810,81,98.32195518910885,114.0861538788835,38.763147100806236,59.55880853533745,1.7050811909139156,22223.27010345459,0.0,27.0,0.0,2.0,0.6290476190476191,0.7737772110849619,0.7649849988520145,0.029307392076589167
md_immediate_advantage_dqn,810,82,121.35160367488861,114.90824099661509,40.998384565114975,80.35321915447712,1.8025470292195678,23530.29607772827,0.0,33.0,0.0,2.0,0.6245238095238095,0.8009974397718906,0.7928726524114609,0.027082599350251257
md_immediate_advantage_dqn,810,83,113.9100895524025,115.76173860909144,39.72909937798977,74.18099042773247,1.740814701654017,22791.27717590332,0.0,31.0,0.0,1.0,0.62,0.9801367670297623,0.9707497656345367,0.0312900262651965
md_immediate_advantage_dqn,810,84,101.42210942655802,115.32570409739114,35.927225671708584,65.49488314390183,1.6187893776223063,19950.797470092773,0.0,29.0,0.0,1.0,0.6154761904761905,0.7218243032693863,0.712064515799284,0.03253261325880885
md_immediate_advantage_dqn,810,85,93.403624817729,112.24539244290293,36.390820153057575,57.012804463505745,1.64601706340909,20879.034019470215,0.0,26.0,0.0,1.0,0.6109523809523809,1.0178859811276197,1.010096698999405,0.02596425323281437
md_immediate_advantage_dqn,810,86,90.31311900913715,110.37632598377766,31.36240181326866,58.95071694254875,1.5979697201400995,18520.354333877563,0.0,26.0,0.0,1.0,0.6064285714285714,0.9579354301095009,0.95144047960639,0.021649878472089767
md_immediate_advantage_dqn,810,87,75.4227485358715,109.07146393783391,28.037525668740273,47.38522297143936,1.485251722857356,16137.427532196045,0.0,23.0,0.0,0.0,0.6019047619047619,0.7207132019102573,0.7078956216573715,0.042725276201963425
md_immediate_advantage_dqn,810,88,114.21710296869279,109.2798121546954,38.35800775885582,75.8590951949358,1.708141022361815,21365.307693481445,0.0,34.0,0.0,1.0,0.5973809523809523,0.7187104262411594,0.7095104679465294,0.03066652442794293
md_immediate_advantage_dqn,810,89,101.25677701277482,107.98786780709672,39.12703590095043,62.12974088830699,1.8256715526804328,23378.39271736145,0.0,27.0,8.0,2.0,0.592857142857143,0.7626042012125254,0.75258893892169,0.03338419820647687
md_immediate_advantage_dqn,810,90,126.9764337092638,109.17545917237449,42.54704953730106,84.42938339710236,1.8515544328838587,24384.020538330078,0.0,34.0,0.0,0.0,0.5883333333333334,0.7466351352632046,0.7375723570585251,0.03020923992153257
md_immediate_advantage_dqn,810,91,88.2946295529604,107.95855662772703,32.710577577352524,55.584052288532256,1.5710939327254891,18359.665241241455,0.0,25.0,0.0,1.0,0.5838095238095238,0.75618508271873,0.7468332964926958,0.031172612449154258
md_immediate_advantage_dqn,810,92,102.9027169212699,107.74117933469165,35.452619291841984,67.45009782314301,1.6525349151343107,20490.32867050171,0.0,30.0,0.0,2.0,0.5792857142857144,0.6545128878206015,0.6454038359224796,0.030363502213731408
md_immediate_advantage_dqn,810,93,97.39785738289356,106.73457739757646,31.649696812033653,65.74816143512726,1.640746595337987,18459.618772506714,0.0,30.0,0.0,2.0,0.5747619047619048,0.8646678160876036,0.8580872565507889,0.02193516935221851
md_immediate_advantage_dqn,810,94,99.625702932477,106.07214371631194,34.28595972061157,65.33974288403988,1.6423430321738124,19740.45672607422,0.0,29.0,0.0,0.0,0.5702380952380952,0.9230560939759016,0.9069397859275341,0.053721035132184625
md_immediate_advantage_dqn,810,95,116.1196751087904,106.21396162802625,39.18066807091236,76.93900638222695,1.7592392824590206,22892.569118499756,0.0,33.0,0.0,1.0,0.5657142857142857,0.8569384776055813,0.8465644828975201,0.034580019186250865
md_immediate_advantage_dqn,810,96,110.4486198797822,106.1969225365137,37.36762040108442,73.08100062608719,1.7375496374443173,21939.524478912354,0.0,31.0,0.0,1.0,0.5611904761904762,0.7222737893462181,0.7145675793290138,0.025687344139441848
md_immediate_advantage_dqn,810,97,116.0232751891017,106.15739440949906,43.75960401445627,72.26367145776749,1.788474678993225,24744.96915245056,0.0,30.0,0.0,1.0,0.5566666666666666,0.8625004291534424,0.852662954479456,0.03279156342614442
md_immediate_advantage_dqn,810,98,82.67901300042868,103.67647253090789,31.2963604927063,51.38265206813812,1.5212108800187707,17881.616750717163,0.0,25.0,0.0,1.0,0.5521428571428572,0.6982756312936544,0.6887329295277596,0.031808987725526094
md_immediate_advantage_dqn,810,99,94.05766505151988,103.10245148988713,32.05138996243477,62.00627508163452,1.6053834334015846,18608.91958618164,0.0,28.0,0.0,1.0,0.5476190476190477,0.858591116964817,0.8492901604622602,0.03100318426731974
md_immediate_advantage_dqn,810,100,124.93020834922791,103.45374636324394,44.34527578949928,80.58493176996708,1.8048111042007804,25037.494094848633,0.0,33.0,0.0,2.0,0.5430952380952381,0.7313011717051268,0.7201873119920492,0.03704617579933256
md_immediate_advantage_dqn,810,101,116.88528003692628,104.38191260563481,37.66612696647644,79.21915292143822,1.7004986582323909,21534.9832611084,0.0,33.0,0.0,3.0,0.5385714285714286,0.928277375176549,0.9208222478628159,0.024850443587638438
md_immediate_advantage_dqn,810,102,108.4855815500021,103.7386114993905,34.671461656689644,73.81411989331245,1.7141977502033114,20770.335597991943,0.0,30.0,0.0,2.0,0.5340476190476191,1.064283212646842,1.0566028095781803,0.025601316476240754
md_immediate_advantage_dqn,810,103,113.07328231036664,103.69677113728869,39.38907465338707,73.68420813381672,1.7458680355921388,22128.595016479492,0.0,33.0,0.0,2.0,0.5295238095238095,0.9417492467910051,0.9306899961084127,0.03686418628785759
md_immediate_advantage_dqn,810,104,97.95490592718124,103.52341096231984,35.5723847001791,62.38252103328705,1.6568291615694761,20793.566246032715,0.0,28.0,0.0,1.0,0.525,0.8625165186822414,0.8536838702857494,0.02944217063486576
md_immediate_advantage_dqn,810,105,100.57912756800651,103.88218609983373,35.63430666923523,64.94482073485851,1.6429115012288094,20077.48703765869,0.0,29.0,0.0,2.0,0.5204761904761905,0.821606719866395,0.8091050647199154,0.04167218180373311
md_immediate_advantage_dqn,810,106,104.56442796587945,104.59475154767082,32.51947429776192,72.0449542939663,1.6180214984342456,18135.35378265381,0.0,32.0,0.0,2.0,0.5159523809523809,0.774162394925952,0.7651008348912001,0.0302051774924621
md_immediate_advantage_dqn,810,107,93.0648058950901,105.47685441563176,33.90237073600292,59.1624341160059,1.6318869711831212,19509.026294708252,0.0,28.0,0.0,0.0,0.5114285714285716,0.7999568935483694,0.7901823483407497,0.03258183947764337
md_immediate_advantage_dqn,810,108,96.9724373459816,104.6146211344962,35.211360692977905,61.76107675731182,1.6196439201012254,20098.007724761963,0.0,26.0,0.0,1.0,0.506904761904762,0.9032911006361246,0.8939167968928814,0.031247700680978596
md_immediate_advantage_dqn,810,109,94.50613679736853,104.27708912372591,35.7541798427701,58.75195716321468,1.6251958226785064,20609.07504272461,0.0,28.0,0.0,0.0,0.5023809523809524,1.1519832964986563,1.1452581528574228,0.022417187748942524
md_immediate_advantage_dqn,810,110,113.65920037031174,103.61122745677831,40.84049701690674,72.8187036216259,1.711574045009911,22770.589305877686,0.0,31.0,0.0,1.0,0.4978571428571429,0.8693026416003704,0.8598465155810118,0.03152038319967687
md_immediate_advantage_dqn,810,111,99.27590709328652,104.16029133379462,35.79742878675461,63.47847839593887,1.6603824133053422,20651.796489715576,0.0,28.0,0.0,1.0,0.4933333333333334,1.029312890022993,1.021623456850648,0.025631444586906582
md_immediate_advantage_dqn,810,112,111.83164496719837,104.60673773609103,37.227003023028374,74.6046422123909,1.7101347940042615,21430.857192993164,0.0,32.0,0.0,0.0,0.4888095238095238,1.027841404080391,1.018736556172371,0.030349478125572205
md_immediate_advantage_dqn,810,113,102.67129837870598,104.87040978588166,33.362631887197495,69.30866625308991,1.6546055134385824,19788.254913330078,0.0,30.0,0.0,1.0,0.4842857142857143,0.8852166291326284,0.8754407856613398,0.03258617140818387
md_immediate_advantage_dqn,810,114,95.3627583026886,104.65726255439225,36.02277183532715,59.33998612463474,1.6524501871317625,20402.243991851807,0.0,27.0,0.0,1.0,0.4797619047619047,0.9796374291181564,0.9708864148706198,0.02917008544318378
md_immediate_advantage_dqn,810,115,113.64916216135025,104.53373690702024,38.148725271224976,75.50043675601482,1.7733999695628881,22416.408697128296,0.0,31.0,0.0,2.0,0.47523809523809524,0.9017969518899918,0.8915506582707167,0.034154322696849704
md_immediate_advantage_dqn,810,116,103.6442294806242,104.19351738706231,37.77487409114838,65.86935571730137,1.7220177464187145,21887.01963043213,0.0,29.0,0.0,2.0,0.47071428571428575,1.278565403074026,1.2699147164821625,0.028835612116381526
md_immediate_advantage_dqn,810,117,114.05486177802086,104.09509671650828,34.627063661813736,79.42779771387578,1.6586328782141209,19884.355361938477,0.0,34.0,0.0,2.0,0.46619047619047627,1.0979039557278156,1.091413039714098,0.02163633902091533
md_immediate_advantage_dqn,810,118,111.64944216609001,105.54361817479135,39.27341225743294,72.37603050470352,1.702982627786696,22002.137786865234,0.0,31.0,0.0,0.0,0.46166666666666667,0.9760992527008057,0.9623642433434725,0.0457833765540272
md_immediate_advantage_dqn,810,119,100.32895187437535,105.85718251593411,33.41112461686134,66.91782822608948,1.6389553137123585,19257.4301776886,0.0,28.0,0.0,3.0,0.4571428571428572,0.9426165875047445,0.9349996373057365,0.025389791931957006
md_immediate_advantage_dqn,810,120,101.30480698645115,104.67591244779528,33.93623086065054,67.36857656538487,1.6578215640038252,19667.154418945312,0.0,29.0,0.0,1.0,0.4526190476190477,0.9862859975546598,0.9741423297673464,0.04047887946944684
md_immediate_advantage_dqn,810,121,105.4966318756342,104.10648003973067,37.05555924773216,68.44107268750668,1.7125488296151161,21741.177211761475,0.0,30.0,0.0,1.0,0.4480952380952381,0.9214189108461142,0.9155149515718222,0.01967987697571516
md_immediate_advantage_dqn,810,122,94.6887932509184,103.41664062477648,33.780383825302124,60.90840963423252,1.605925276875496,19038.115131378174,0.0,27.0,0.0,1.0,0.4435714285714286,0.8731942735612392,0.8642320074141026,0.029874254018068314
md_immediate_advantage_dqn,810,123,102.57993298172951,102.89197315834463,35.209264293313026,67.37066852450371,1.6785208899527788,20245.20687866211,0.0,29.0,0.0,2.0,0.439047619047619,1.1366543527692556,1.1289809476584196,0.025578002096153796
md_immediate_advantage_dqn,810,124,88.92933781594039,102.44069475278259,32.52922319620848,56.40011485815048,1.5927985301241279,18487.088401794434,0.0,25.0,0.0,1.0,0.43452380952380953,1.1525607742369175,1.1420657075941563,0.03498354053590447
md_immediate_advantage_dqn,810,125,110.54351294338703,102.93891402155164,37.831712402403355,72.7118006825447,1.7166664944961667,21263.30506324768,0.0,31.0,0.0,3.0,0.43000000000000005,1.0575028993189335,1.0500131957232952,0.024965695571154356
md_immediate_advantage_dqn,810,126,109.45169728398324,103.1832774874568,35.472847267985344,73.9788502842188,1.669562866911292,20350.531742095947,0.0,32.0,0.0,1.0,0.42547619047619056,0.9659964554011822,0.9551999419927597,0.03598834131844342
md_immediate_advantage_dqn,810,127,86.94343687593937,102.87720903649927,32.6083861887455,54.3350505232811,1.5664600431919098,18614.27890396118,0.0,23.0,0.0,0.0,0.42095238095238097,0.8709927462041378,0.8610777389258146,0.03305000183172524
md_immediate_advantage_dqn,810,128,87.89585349708796,102.42337984405458,31.37132115662098,56.524532198905945,1.5609341291710734,18259.458528518677,0.0,27.0,0.0,1.0,0.41642857142857137,0.937926858663559,0.9282895624637604,0.0321242957143113
md_immediate_advantage_dqn,810,129,96.34792230427266,102.5154691193998,32.18582155555487,64.16210126280785,1.5784391816705465,18536.710403442383,0.0,28.0,0.0,2.0,0.4119047619047619,0.8897553309798241,0.8815823514014482,0.02724324306473136
md_immediate_advantage_dqn,810,130,107.16645636558533,102.19083191916347,36.29697223007679,70.86948401629925,1.6966751283034682,20787.052951812744,0.0,31.0,0.0,3.0,0.4073809523809524,0.9679356254637241,0.9577249009162188,0.034035727148875594
md_immediate_advantage_dqn,810,131,83.43250838816166,101.39866198390723,29.132035173475742,54.30047240257263,1.5161152938380837,16605.903968811035,0.0,24.0,0.0,1.0,0.4028571428571429,1.0651727057993412,1.055159855633974,0.03337619896046817
md_immediate_advantage_dqn,810,132,107.05205639600754,101.1596825553477,35.03278061747551,72.019275406003,1.669485122896731,19886.085208892822,0.0,31.0,0.0,1.0,0.39833333333333343,1.035999208688736,1.0259747505187988,0.0334148642141372
md_immediate_advantage_dqn,810,133,95.74953571856022,100.8135944223404,33.05780106037855,62.69173481464386,1.5958707043901086,19369.019008636475,0.0,26.0,0.0,2.0,0.39380952380952383,1.2084272503852844,1.1996831055730581,0.029147121938876808
md_immediate_advantage_dqn,810,134,88.79912019073963,100.48541251674295,31.763781920075417,57.035338166356084,1.5549199674278498,17917.46346282959,0.0,26.0,0.0,2.0,0.38928571428571423,1.0948067288845778,1.08479792624712,0.03336266742553562
md_immediate_advantage_dqn,810,135,75.00373841226101,98.5531413292885,29.37719353288412,45.62654478251934,1.4448794377967715,16297.52382850647,0.0,22.0,0.0,2.0,0.38476190476190475,1.0570052191615105,1.049475472420454,0.025099154212512076
md_immediate_advantage_dqn,810,136,103.79479586333036,98.56066964842381,34.100513473153114,69.69428257644176,1.638664459809661,19227.457244873047,0.0,30.0,0.0,0.0,0.38023809523809526,0.8837245628237724,0.8726361710578203,0.036961277830414474
md_immediate_advantage_dqn,810,137,112.93250170350075,98.50455164469778,37.375904485583305,75.55659733712673,1.7299797656014562,21264.241485595703,0.0,33.0,0.0,1.0,0.3757142857142858,0.9442104026675224,0.9350717142224312,0.03046226897276938
md_immediate_advantage_dqn,810,138,105.98216540366411,98.2211878065765,34.361526511609554,71.6206387579441,1.6847276138141751,19989.066158294678,0.0,32.0,0.0,1.0,0.3711904761904763,0.8941499888896942,0.8841314036399126,0.03339525149203837
md_immediate_advantage_dqn,810,139,98.57117326855659,98.13329887628555,32.60021622478962,65.97095683515072,1.6284900894388556,18882.003311157227,0.0,28.0,0.0,3.0,0.3666666666666667,1.0043588783591986,0.9957418795675039,0.028723349212668836
md_immediate_advantage_dqn,810,140,111.36408158540726,98.63626260623336,38.54075578600168,72.82332603037358,1.697594914585352,21245.86403274536,0.0,32.0,0.0,1.0,0.3621428571428572,1.1091065369546413,1.0969181153923273,0.04062805324792862
md_immediate_advantage_dqn,810,141,101.21639549732208,98.42225078731775,34.591138765215874,66.62525713443756,1.6156664490699768,19416.5990524292,0.0,28.0,0.0,1.0,0.3576190476190476,0.96065360493958,0.9521149918437004,0.02846202382352203
md_immediate_advantage_dqn,810,142,91.88448596000671,98.28203542277217,31.198935747146606,60.68555024266243,1.5462676770985126,17603.934226989746,0.0,26.0,0.0,0.0,0.35309523809523813,1.1566642448306084,1.1480505242943764,0.02871236519422382
md_immediate_advantage_dqn,810,143,86.45275358855724,97.47567645311355,32.80774049460888,53.64501304924488,1.5629571732133627,18563.87880706787,0.0,24.0,0.0,1.0,0.34857142857142864,1.0296040438115597,1.0162466634064913,0.04452455439604819
md_immediate_advantage_dqn,810,144,102.45244866609573,98.15183199562132,31.692525938153267,70.7599225640297,1.6048549832776189,18200.94891357422,0.0,30.0,0.0,0.0,0.34404761904761905,1.198218610137701,1.1886885203421116,0.03176697518210858
md_immediate_advantage_dqn,810,145,101.08737414479256,97.67902505569161,32.00314678251743,69.08422749638558,1.619133393280208,18686.984954833984,0.0,29.0,0.0,1.0,0.33952380952380956,0.8889728058129549,0.880750147625804,0.027408903348259628
md_immediate_advantage_dqn,810,146,73.42839366048574,95.87785987451673,28.849205501377583,44.579187920689584,1.4729788834229112,16127.148014068604,0.0,21.0,0.0,4.0,0.3350000000000001,0.9663454070687294,0.9563217014074326,0.03341239597648382
md_immediate_advantage_dqn,810,147,114.09649437963962,97.23551274970174,37.0557858645916,77.04070845544338,1.7266972186043859,21092.40221786499,0.0,32.0,0.0,4.0,0.3304761904761905,1.1157076619565487,1.1058807522058487,0.03275640413630754
md_immediate_advantage_dqn,810,148,107.43355885446071,98.21239801757038,35.52411340177059,71.90944551229477,1.6682630041614175,20514.68699645996,0.0,30.0,0.0,3.0,0.325952380952381,1.277189427986741,1.2671848144382238,0.03334869840182364
md_immediate_advantage_dqn,810,149,71.45380770415068,96.96769228756428,26.679823592305183,44.77398377656937,1.4472173443064094,14892.051753997803,0.0,22.0,0.0,0.0,0.3214285714285714,0.9584455788135529,0.9497688803821802,0.02892230951692909
md_immediate_advantage_dqn,810,150,71.1292799949646,95.16583346903323,28.008211702108383,43.12106802463531,1.4696332709863782,16363.839813232422,0.0,20.0,0.0,1.0,0.3169047619047619,1.1181658636778593,1.1103246230632067,0.02613742626272142
md_immediate_advantage_dqn,810,151,93.40072147548199,95.66424412339926,33.29463764280081,60.1060836315155,1.583240369334817,18565.466960906982,0.0,27.0,0.0,0.0,0.3123809523809524,1.1117769479751587,1.1021034680306911,0.03224494098685682
md_immediate_advantage_dqn,810,152,87.73383784592151,94.69833319589496,30.98060140758753,56.753236177563664,1.5366696631535888,17573.19581604004,0.0,27.0,0.0,2.0,0.30785714285714294,0.9815256725996733,0.9715197701007128,0.033352953381836414
md_immediate_advantage_dqn,810,153,100.2700676470995,94.92435979232192,34.417354971170425,65.852712854743,1.6762123256921768,19916.489238739014,0.0,28.0,0.0,1.0,0.30333333333333345,1.0562030225992203,1.0468242410570383,0.03126256912946701
md_immediate_advantage_dqn,810,154,90.79628911018372,95.02421823829413,34.842919647693634,55.95336999893188,1.6155978329479694,19767.59568786621,0.0,24.0,0.0,1.0,0.29880952380952375,1.14509142562747,1.1378862671554089,0.024017180548980832
md_immediate_advantage_dqn,810,155,108.67843947708607,96.70795329153538,36.49702288210392,72.18141637146473,1.6677651824429631,20849.526485443115,0.0,31.0,0.0,1.0,0.29428571428571426,0.8482552506029606,0.8394359666854143,0.029397601610980928
md_immediate_advantage_dqn,810,156,81.7009810835123,95.60326255254448,29.728760331869125,51.9722207814455,1.5227682366967201,16826.42702102661,0.0,24.0,0.0,2.0,0.2897619047619048,1.2935523949563503,1.2823220528662205,0.037434476194903255
md_immediate_advantage_dqn,810,157,86.17834032475949,94.26555448360742,30.145533099770546,56.032807508111,1.5430950662121177,17253.336624145508,0.0,27.0,0.0,1.0,0.2852380952380953,1.2055080477148294,1.1962237656116486,0.03094759793020785
md_immediate_advantage_dqn,810,158,105.8098669230938,94.25693955957891,36.447587355971336,69.36227992475033,1.6914987908676267,20406.863777160645,0.0,30.0,0.0,3.0,0.2807142857142858,1.0001773089170456,0.9900557920336723,0.03373838227707893
md_immediate_advantage_dqn,810,159,105.75353434979915,94.61605761364102,36.86740444600582,68.88613002300262,1.6389146391302347,19902.302444458008,0.0,31.0,0.0,2.0,0.2761904761904763,1.110010163858533,1.101505320519209,0.0283494817558676
md_immediate_advantage_dqn,810,160,84.14361891299487,93.25503448002041,30.70447038859129,53.439148688316344,1.5795313948765397,17854.21558380127,0.0,24.0,0.0,3.0,0.2716666666666666,1.0025863610208035,0.9930454343557358,0.0318030797643587
md_immediate_advantage_dqn,810,161,104.59391323626042,93.42391036696733,35.635293409228325,68.95861958861352,1.6891662143170834,20615.67527770996,0.0,29.0,0.0,1.0,0.2671428571428571,0.957826865836978,0.9489245936274529,0.029674241552129388
md_immediate_advantage_dqn,810,162,97.33942687958479,93.69665741294622,31.33964592963457,65.99978109896183,1.5855778455734253,17982.67597579956,0.0,30.0,0.0,3.0,0.26261904761904764,1.0384145397692919,1.028894193470478,0.0317345152143389
md_immediate_advantage_dqn,810,163,80.68059846758842,93.4080496568978,28.981700241565704,51.698898643255234,1.5019516162574291,16684.074378967285,0.0,25.0,0.0,0.0,0.25809523809523816,0.759271252900362,0.7483032830059528,0.036559903412126005
md_immediate_advantage_dqn,810,164,90.51794766783715,92.81132460698487,30.43910387158394,60.07884439229965,1.5166750028729439,17248.03036880493,0.0,28.0,0.0,4.0,0.25357142857142867,1.346599631011486,1.3399156145751476,0.02228005847427994
md_immediate_advantage_dqn,810,165,99.57080972194672,92.73549638584258,36.61071340739727,62.96009573340416,1.6467958400025964,20590.428497314453,0.0,27.0,0.0,2.0,0.24904761904761907,1.1393720973283052,1.1299908012151718,0.03127097536344081
md_immediate_advantage_dqn,810,166,109.23152241110802,94.52565282337369,36.671534329652786,72.55998784303665,1.6892592310905457,20680.69981765747,0.0,31.0,0.0,0.0,0.2445238095238096,0.9853746611624956,0.9753175228834152,0.033523779711686075
md_immediate_advantage_dqn,810,167,91.57937779426575,93.39979699410499,32.43340623378754,59.145971620082854,1.5981965707615018,18605.20299911499,0.0,26.0,0.0,1.0,0.24,1.1699691601097584,1.160787045955658,0.03060704644303769
md_immediate_advantage_dqn,810,168,71.5235036984086,91.60429423630238,24.244284123182297,47.279219537973404,1.4069921849295497,14063.135599136353,0.0,24.0,0.0,1.0,0.2354761904761905,1.103659087792039,1.0939701050519943,0.03229660424403846
md_immediate_advantage_dqn,810,169,75.4517182648182,91.80418976433576,29.968184918165207,45.483533227443694,1.518407934345305,16558.037782669067,0.0,20.0,0.0,1.0,0.23095238095238102,0.9763116668909788,0.9624844156205654,0.046090855496004224
md_immediate_advantage_dqn,810,170,90.49730390310287,92.77259095974269,30.740232676267624,59.75707148015499,1.5703944843262434,17682.69666671753,0.0,27.0,0.0,0.0,0.22642857142857142,1.2632044684141874,1.2558284997940063,0.024586527375504375
md_immediate_advantage_dqn,810,171,97.58981181979179,92.98204547695816,32.11299306154251,65.47681892216205,1.5993984220549464,18519.76877975464,0.0,27.0,0.0,3.0,0.22190476190476194,1.0431691855192184,1.0335270874202251,0.03214033867698163
md_immediate_advantage_dqn,810,172,92.11917775273324,93.20131247229875,33.21853266656399,58.90064481794834,1.5762718804180622,18358.251903533936,0.0,26.0,0.0,3.0,0.21738095238095245,1.3794254139065742,1.371233843266964,0.027305262512527406
md_immediate_advantage_dqn,810,173,91.88281209170819,92.78194969452919,32.643166571855545,59.239645609259604,1.5852817632257938,18335.03646850586,0.0,26.0,0.0,1.0,0.21285714285714286,1.0273197162896395,1.018857354298234,0.02820787054952234
md_immediate_advantage_dqn,810,174,92.20408664941787,92.85233957149089,31.599203050136566,60.604883301258084,1.5482933167368174,17424.861331939697,0.0,28.0,0.0,3.0,0.20833333333333337,1.14090820774436,1.1309764496982098,0.033105795620940626
md_immediate_advantage_dqn,810,175,83.74212706834078,91.60552395105364,29.505945332348347,54.23618119955063,1.5019605439156294,16656.811000823975,0.0,23.0,0.0,0.0,0.20380952380952377,1.1584130078554153,1.1493063271045685,0.030355604365468025
md_immediate_advantage_dqn,810,176,88.98714232742786,91.9698320132494,30.93494887650013,58.05219365954399,1.5716940807178617,17649.124271392822,0.0,25.0,0.0,2.0,0.1992857142857143,1.1938128862529993,1.1798619218170643,0.04650317446794361
md_immediate_advantage_dqn,810,177,85.5648042947054,91.9391552117467,32.85425063967705,52.7105535954237,1.5779386162757874,18497.012691497803,0.0,24.0,0.0,1.0,0.1947619047619048,1.1682330965995789,1.1581950448453426,0.033460136502981186
md_immediate_advantage_dqn,810,178,100.41744288802147,91.66953400999309,34.194224536418915,66.22321769595146,1.6694555254653096,19732.851390838623,0.0,29.0,0.0,0.0,0.19023809523809532,1.180282138288021,1.1718814447522163,0.028002277947962284
md_immediate_advantage_dqn,810,179,88.27544915676117,90.79562975034119,31.364096015691757,56.91135300695896,1.5568354474380612,17814.556880950928,0.0,26.0,0.0,0.0,0.18571428571428583,1.409385871142149,1.400417748838663,0.029893799452111125
md_immediate_advantage_dqn,810,180,95.54371870309114,91.365634739846,33.1120440363884,62.431674897670746,1.6705314563587308,19671.341691970825,0.0,26.0,0.0,0.0,0.18119047619047624,1.2555054537951946,1.248437913134694,0.02355847740545869
md_immediate_advantage_dqn,810,181,63.99926115721464,89.3359021358937,25.24174552410841,38.7575159907341,1.4289401760324836,14727.6000289917,0.0,19.0,0.0,1.0,0.17666666666666664,1.2323927227407694,1.223668409511447,0.029081040294840932
md_immediate_advantage_dqn,810,182,88.64918508678674,88.90139004625381,31.914855144917965,56.734329763054845,1.5254519740119576,17620.943725585938,0.0,26.0,0.0,3.0,0.17214285714285715,1.1418691724538803,1.1324282102286816,0.03146986255887896
md_immediate_advantage_dqn,810,183,78.43765965998173,88.78924310587348,28.708593040704727,49.72906672358513,1.4583475245162845,15955.938514709473,0.0,25.0,0.0,1.0,0.16761904761904767,1.253363998606801,1.2450367957353592,0.027757342671975493
md_immediate_advantage_dqn,810,184,98.45225175023079,89.18595830999315,36.19276361167431,62.25948788523674,1.6661860048770905,20534.662803649902,0.0,28.0,0.0,4.0,0.16309523809523818,1.2562017254531384,1.24548065289855,0.035736841382458806
md_immediate_advantage_dqn,810,185,77.11904064714909,88.06336985625327,28.139457024633884,48.97958424091339,1.4726658491417766,15920.817562103271,0.0,24.0,0.0,1.0,0.1585714285714287,1.1026360224932432,1.0921695791184902,0.034888132475316525
md_immediate_advantage_dqn,810,186,91.26508551836014,87.16504801161588,30.459523752331734,60.805561915040016,1.5675132414326072,17382.104637145996,0.0,28.0,0.0,0.0,0.1540476190476191,1.0736729633063078,1.0669957175850868,0.022257475706283003
md_immediate_advantage_dqn,810,187,82.797940261662,86.7259761349857,30.16598817706108,52.63195204734802,1.5374083574861288,17765.65779685974,0.0,24.0,0.0,0.0,0.1495238095238095,1.267435748130083,1.25818913243711,0.030822036787867546
md_immediate_advantage_dqn,810,188,104.97849049568177,88.39872547484936,34.18897999078035,70.78951003551484,1.654992863535881,19519.36808013916,0.0,31.0,0.0,1.0,0.14500000000000002,1.1785965450108051,1.16945256665349,0.030479930457659066
md_immediate_advantage_dqn,810,189,76.00253865122795,88.42626649416984,27.52029624581337,48.482242092490196,1.4650989565998316,15988.850414276123,0.0,24.0,0.0,0.0,0.14047619047619053,1.0363499457016587,1.0268344823271036,0.03171821578871459
md_immediate_advantage_dqn,810,190,84.14903929531575,88.10885326378049,29.3391150534153,54.80992413759232,1.545502188615501,16984.92942047119,0.0,27.0,0.0,5.0,0.13595238095238105,1.1419633086770773,1.1283800564706326,0.04527747188694775
md_immediate_advantage_dqn,810,191,95.66714653670788,88.01271999962628,33.90527042746544,61.76187579631805,1.6390747278928757,19216.064460754395,0.0,26.0,0.0,2.0,0.13142857142857145,1.184829693287611,1.1733462028205395,0.03827827819623053
md_immediate_advantage_dqn,810,192,90.19451626390219,87.91648692518473,29.928850643336773,60.26566569507122,1.5335731571540236,17223.545207977295,0.0,26.0,0.0,1.0,0.12690476190476196,1.0800996869802475,1.0708609446883202,0.03079582122154534
md_immediate_advantage_dqn,810,193,87.45151499062777,87.6949220701307,30.629397250711918,56.822117739915846,1.5682329703122377,17721.96937561035,0.0,27.0,0.0,1.0,0.12238095238095237,1.2452868074178696,1.2358638122677803,0.031410039751790464
md_immediate_advantage_dqn,810,194,91.78751011192799,87.67409324325621,32.54472282528877,59.2427873313427,1.5752237681299448,18089.08122253418,0.0,27.0,0.0,0.0,0.11785714285714288,0.9553328696638346,0.9430205710232258,0.04104096791706979
md_immediate_advantage_dqn,810,195,88.29645473062992,87.90180962637068,29.606433048844337,58.690021741390225,1.528354398906231,17035.598125457764,0.0,27.0,0.0,3.0,0.1133333333333334,1.386594008654356,1.3733492270112038,0.04414928937330842
md_immediate_advantage_dqn,810,196,85.08407912552357,87.70665646627546,28.43293309211731,56.65114583969116,1.5273845409974456,16515.320190429688,0.0,27.0,0.0,3.0,0.1088095238095238,1.1409977916628122,1.1319230869412422,0.03024903137702495
md_immediate_advantage_dqn,810,197,87.0299081981182,87.77991166144609,31.015613049268723,56.014295148849484,1.537817433476448,17338.19603729248,0.0,25.0,0.0,2.0,0.10428571428571431,1.1340099703520536,1.1216283738613129,0.04127198574133217
md_immediate_advantage_dqn,810,198,98.96614334881306,87.70734668448567,32.656715616583824,66.30942743420601,1.6229652278125286,18564.837799072266,0.0,29.0,0.0,1.0,0.09976190476190483,1.0269481278955936,1.0139987841248512,0.043164475238882005
md_immediate_advantage_dqn,810,199,70.11783483028412,86.79946596816184,26.97302819788456,43.14480637907982,1.431661793962121,14962.556806564331,0.0,19.0,0.0,1.0,0.09523809523809534,1.0844280906021595,1.0725341141223907,0.03964660398196429
md_immediate_advantage_dqn,810,200,86.72861208766699,86.35871063739063,29.37521491199732,57.353397473692894,1.530150736682117,16739.490112304688,0.0,26.0,0.0,0.0,0.09071428571428575,1.1746912822127342,1.163164233788848,0.03842353168874979
md_immediate_advantage_dqn,810,201,83.21202610582114,87.31934888482095,28.50587511062622,54.7061508834362,1.484397854655981,16085.766174316406,0.0,25.0,0.0,2.0,0.08619047619047626,1.0083924680948257,0.9975505620241165,0.0361396474763751
md_immediate_advantage_dqn,810,202,78.56225814074278,86.81500253751875,27.630781300365925,50.931477361917494,1.451162259094417,15195.7819480896,0.0,24.0,0.0,1.0,0.08166666666666667,1.2523607574403286,1.239984855055809,0.04125302564352751
md_immediate_advantage_dqn,810,203,88.38746244609356,87.31249267682435,29.873774334788322,58.513688245415686,1.557266877964139,17561.503242492676,0.0,27.0,0.0,1.0,0.07714285714285718,1.2184745576232672,1.2104700915515423,0.026681574643589556
md_immediate_advantage_dqn,810,204,102.14296943098307,87.49702856086196,32.940173111855984,69.20279596149922,1.6278065023943782,18447.789840698242,0.0,30.0,0.0,1.0,0.0726190476190477,1.466408072039485,1.4557114820927382,0.03565534541849047
md_immediate_advantage_dqn,810,205,82.6169695943594,87.77192500822248,29.820050075650215,52.79691887795925,1.5346667720004916,16758.206588745117,0.0,24.0,0.0,1.0,0.06809523809523821,1.1456853859126568,1.1344779580831528,0.037358065601438284
md_immediate_advantage_dqn,810,206,103.61460596472025,88.38940103054048,32.998878702521324,70.61572701632977,1.6422811476513743,19225.96142578125,0.0,30.0,0.0,3.0,0.06357142857142861,1.1578721459954977,1.1478127986192703,0.03353114065248519
md_immediate_advantage_dqn,810,207,74.02994042038918,87.95100103847685,27.445206627249718,46.58473359942436,1.4695097738876939,15753.063888549805,0.0,24.0,0.0,1.0,0.059047619047619015,1.2016380727291107,1.1907313503324986,0.03635571768973023
md_immediate_advantage_dqn,810,208,81.5955382913351,86.78185342825951,29.265856012701988,52.32968201041221,1.5404534935951233,16850.443099975586,0.0,22.0,0.0,2.0,0.05452380952380953,1.3389442041516304,1.3282972425222397,0.035489907138980925
md_immediate_advantage_dqn,810,209,78.20873929560184,86.8921634604782,27.17076599597931,51.03797364234924,1.4546160316094756,15323.342432022095,0.0,23.0,0.0,2.0,0.050000000000000044,1.4413174148648977,1.4322818219661713,0.03011861874256283
md_immediate_advantage_dqn,810,210,75.17025344073772,86.44322416774929,27.719591736793518,47.45066210627556,1.4598250640556216,15227.156147003174,0.0,25.0,0.0,0.0,0.050000000000000044,0.9870023000985384,0.9740925990045071,0.0430323468754068
md_immediate_advantage_dqn,810,211,69.89141297340393,85.15443748958408,25.313398741185665,44.578014224767685,1.4300093268975616,14324.485591888428,0.0,22.0,0.0,0.0,0.050000000000000044,1.2346989661455154,1.2263434194028378,0.027851793565787375
md_immediate_advantage_dqn,810,212,86.65686229616404,84.97755479119719,32.08223297446966,54.57462900876999,1.5862793233245611,18236.768928527832,0.0,24.0,0.0,1.0,0.050000000000000044,1.379571720957756,1.3670191559940577,0.04184187506325543
md_immediate_advantage_dqn,810,213,99.58384905159474,85.58417149424554,32.12635964155197,67.45748939514161,1.582843367010355,18205.523525238037,0.0,30.0,0.0,1.0,0.050000000000000044,1.4512548632919788,1.4405978582799435,0.03552335104905069
md_immediate_advantage_dqn,810,214,93.89790285527707,85.689691131413,30.937393113970757,62.96050959229469,1.534287117421627,17414.423461914062,0.0,28.0,0.0,2.0,0.050000000000000044,1.148578979074955,1.1377210076898336,0.036193236941471696
md_immediate_advantage_dqn,810,215,83.75467762351036,85.46260227605701,30.774721577763557,52.979955703020096,1.5455024484544992,17239.289501190186,0.0,24.0,0.0,0.0,0.050000000000000044,1.5771124046295881,1.5648046284914017,0.04102589772082865
md_immediate_advantage_dqn,810,216,58.33364258110523,84.1250804488361,25.383872769773006,32.94977008700371,1.3791650533676147,14108.846179962158,0.0,18.0,0.0,1.0,0.050000000000000044,1.2505266033113003,1.2384312115609646,0.0403179646236822
md_immediate_advantage_dqn,810,217,88.13269297033548,84.18021968744696,31.336876206099987,56.7958168387413,1.5627303207293153,17943.810577392578,0.0,25.0,0.0,1.0,0.050000000000000044,1.3505114205181599,1.341898825019598,0.02870866283774376
md_immediate_advantage_dqn,810,218,85.32260489463806,83.49804276473822,27.962498754262924,57.36010643839836,1.4793907115235925,15878.570289611816,0.0,28.0,0.0,2.0,0.050000000000000044,1.4890621826052666,1.477521013468504,0.03847057023085654
md_immediate_advantage_dqn,810,219,85.51258008480072,84.26778002746404,29.99766530096531,55.51491488814354,1.5318158669397235,17211.657775878906,0.0,24.0,0.0,3.0,0.050000000000000044,1.2828169912099838,1.2724111154675484,0.03468627156689763
md_immediate_advantage_dqn,810,220,82.38728995621204,84.0507139208913,29.65712258964777,52.73016715049744,1.5475036958232522,17013.198616027832,0.0,25.0,0.0,3.0,0.050000000000000044,1.2182823959738016,1.2082827277481556,0.03333223843947053
md_immediate_advantage_dqn,810,221,67.26641564816236,83.25343339800835,27.460639901459217,39.80577589571476,1.4437580918893218,15121.256555557251,0.0,20.0,0.0,1.0,0.050000000000000044,1.3969301916658878,1.3845101948827505,0.041399949695914984
md_immediate_advantage_dqn,810,222,85.78490826487541,83.61456590421497,29.465085200965405,56.31982287764549,1.5340227605774999,16868.02660369873,0.0,27.0,0.0,2.0,0.050000000000000044,1.2122807037085295,1.2007334902882576,0.038490682491101325
md_immediate_advantage_dqn,810,223,97.3889771103859,84.0646416374296,33.28539074957371,64.10358627140522,1.5917343208566308,18783.826625823975,0.0,29.0,0.0,0.0,0.050000000000000044,1.3041813988238573,1.292988358065486,0.03731013147626072
md_immediate_advantage_dqn,810,224,71.13902853131295,82.5144445924461,26.005510859191418,45.13351767957211,1.419752087444067,14804.594139099121,0.0,22.0,0.0,4.0,0.050000000000000044,1.3967135362327099,1.3872900865972042,0.03141149214934558
md_immediate_advantage_dqn,810,225,75.43438322991133,82.1553152742237,27.86891559511423,47.56546705365181,1.4571374850347638,15579.816932678223,0.0,23.0,0.0,2.0,0.050000000000000044,1.2631339095532894,1.2505352050065994,0.04199575853999704
md_immediate_advantage_dqn,810,226,55.664342157542706,79.75780208386482,23.761329390108585,31.903012797236443,1.3449201621115208,13654.064548492432,0.0,17.0,0.0,0.0,0.050000000000000044,1.5099021457135677,1.5002821050584316,0.03206676396075636
md_immediate_advantage_dqn,810,227,85.13817171156407,80.31321364842356,28.86605453491211,56.27211614847183,1.5050054620951414,16291.254135131836,0.0,25.0,0.0,3.0,0.050000000000000044,1.1405321136116982,1.1305177584290504,0.03338114998769015
md_immediate_advantage_dqn,810,228,91.72144967466593,80.81950921759011,30.201374374330044,61.520075568556784,1.5377913266420364,16664.16199874878,0.0,28.0,0.0,2.0,0.050000000000000044,1.2371023017913103,1.2267770543694496,0.034417502232827246
md_immediate_advantage_dqn,810,229,84.39828972071409,81.12898673884571,29.75013066083193,54.64815879166126,1.5275949770584702,16714.265216827393,0.0,25.0,0.0,3.0,0.050000000000000044,1.0902019254863262,1.0773080624639988,0.04297953424975276
md_immediate_advantage_dqn,810,230,85.66788558661938,81.65386834613979,29.660245820879936,56.00763976573944,1.5151094878092408,16438.47255706787,0.0,26.0,0.0,0.0,0.050000000000000044,1.1881965268403292,1.177290078252554,0.036354818497784436
md_immediate_advantage_dqn,810,231,83.73498308211565,82.34604685157538,27.97689214348793,55.758090782165525,1.4757167249917984,15810.4045753479,0.0,25.0,0.0,3.0,0.050000000000000044,1.1156494356691837,1.1044886820018291,0.03720244369469583
md_immediate_advantage_dqn,810,232,86.14207639992237,82.3203075567633,29.85200348496437,56.29007287025452,1.533310773782432,17114.584873199463,0.0,25.0,0.0,3.0,0.050000000000000044,1.3114503491669893,1.2983307857066393,0.04373190039768815
md_immediate_advantage_dqn,810,233,79.66336470991374,81.32428333967925,28.243311874568462,51.42005225419998,1.4764357535168529,15747.77661895752,0.0,23.0,0.0,3.0,0.050000000000000044,1.1537146586924791,1.140200961381197,0.045045627164654434
md_immediate_advantage_dqn,810,234,84.35939838886262,80.84735811635854,31.770975783467293,52.58842267990112,1.5876922216266394,18438.331901550293,0.0,24.0,0.0,1.0,0.050000000000000044,1.2152390908449888,1.2056314256042242,0.0320255538681522
md_immediate_advantage_dqn,810,235,79.87029166817665,80.65313881859184,27.528660990297794,52.3416302382946,1.4741962337866426,15735.622913360596,0.0,23.0,0.0,3.0,0.050000000000000044,1.4368282798677683,1.4283208698034286,0.028358057257719338
md_immediate_advantage_dqn,810,236,85.98126381635666,82.03551988035441,29.22328209877014,56.75798189640045,1.548804839141667,17094.01366043091,0.0,25.0,0.0,1.0,0.050000000000000044,1.432153232395649,1.423546902835369,0.028687703888863325
md_immediate_advantage_dqn,810,237,83.67807732522488,81.81278909809888,31.305923245847225,52.372153997421265,1.5102793257683516,17417.712734222412,0.0,24.0,0.0,0.0,0.050000000000000044,1.4944148175418377,1.4826957918703556,0.03906348790042102
md_immediate_advantage_dqn,810,238,94.69469504207373,82.28139360547067,30.929190143942833,63.76550461500883,1.5654784757643938,17451.99317932129,0.0,28.0,0.0,1.0,0.050000000000000044,1.2257497366517782,1.2137846499681473,0.039883633609861135
md_immediate_advantage_dqn,810,239,84.36120497435331,82.2238248499483,28.219348162412643,56.14185702800751,1.4887605551630259,16274.231538772583,0.0,25.0,0.0,0.0,0.050000000000000044,1.2611484806984663,1.2504898011684418,0.03552894853055477
md_immediate_advantage_dqn,810,240,83.18893540203571,82.26390712223949,28.86117075383663,54.32776464819908,1.5200232323259115,16545.345752716064,0.0,25.0,0.0,2.0,0.050000000000000044,1.4344100579619408,1.4245715290307999,0.03279512352310121
md_immediate_advantage_dqn,810,241,83.26527691036463,83.0638501853496,29.70200527459383,53.56327156871557,1.5317231491208076,16748.08932876587,0.0,26.0,0.0,2.0,0.050000000000000044,1.286257702857256,1.2768798042088747,0.03125967108644545
md_immediate_advantage_dqn,810,242,78.89988393485547,82.7195989688486,27.54145583510399,51.35842772722244,1.4692569402977824,15552.210725784302,0.0,24.0,0.0,3.0,0.050000000000000044,1.3594958074390888,1.3480018489062786,0.038313179393298924
md_immediate_advantage_dqn,810,243,76.25875007882715,81.66308761727068,29.086335215717554,47.172415071725844,1.4921730356290936,16903.95001602173,0.0,21.0,0.0,2.0,0.050000000000000044,1.752564087510109,1.7409432716667652,0.03873612103052437
md_immediate_advantage_dqn,810,244,83.45767903625965,82.27902014251801,27.952270545065403,55.50540806651115,1.472880782559514,15902.343524932861,0.0,25.0,0.0,3.0,0.050000000000000044,1.6920745968818665,1.6824024207890034,0.03224063431844115
md_immediate_advantage_dqn,810,245,84.6171122521162,82.73815659362825,28.465919241309166,56.15119357705116,1.4874773500487208,16203.493061065674,0.0,24.0,0.0,3.0,0.050000000000000044,1.5027427487075329,1.4947222135961056,0.026735072140581906
md_immediate_advantage_dqn,810,246,73.69201146066189,83.6395400587842,28.589071214199066,45.102940157055855,1.4945997074246407,16401.09038543701,0.0,24.0,0.0,0.0,0.050000000000000044,1.2320949770510197,1.2216474004089832,0.03482523444108665
md_immediate_advantage_dqn,810,247,90.89266186952591,83.92726456668228,30.42457003891468,60.46809200942516,1.5583972968161106,17123.589164733887,0.0,26.0,0.0,0.0,0.050000000000000044,1.1276129018515348,1.1150356773287058,0.04192409431561828
md_immediate_advantage_dqn,810,248,94.76614771783352,84.07949946884065,31.28004214912653,63.48610584437847,1.5745069114491343,17947.99211883545,0.0,28.0,0.0,0.0,0.050000000000000044,1.6398501880466938,1.6312927920371294,0.028524670866318047
md_immediate_advantage_dqn,810,249,68.82696987688541,83.30093347664922,27.039156273007393,41.7878135740757,1.4456967236474156,15382.700244903564,0.0,21.0,0.0,2.0,0.050000000000000044,1.4183464366942644,1.4061348531395197,0.040705277817323804
md_immediate_advantage_dqn,810,250,92.33677021563054,83.63437770809979,28.65515424311161,63.68161576390266,1.492853531613946,16285.52216720581,0.0,27.0,0.0,2.0,0.050000000000000044,1.4821804445236921,1.4727391637861729,0.03147092612925917
md_immediate_advantage_dqn,810,251,71.05140116214753,83.00019861210139,26.84739688783884,44.20400419235229,1.432861932553351,15038.184963226318,0.0,22.0,0.0,1.0,0.050000000000000044,1.468510564416647,1.45698750205338,0.038410186185501516
md_immediate_advantage_dqn,810,252,72.44070534557105,82.31513005938382,28.428524501621723,44.01218065023422,1.465339656919241,16290.088344573975,0.0,23.0,0.0,1.0,0.050000000000000044,1.245286488905549,1.236928477883339,0.027860022382810712
md_immediate_advantage_dqn,810,253,68.6575674802065,81.76484019789847,28.482466235756874,40.175101363658904,1.4729890543967485,15716.789649963379,0.0,20.0,0.0,2.0,0.050000000000000044,1.6278582215309143,1.6179094910621643,0.033162460662424564
md_immediate_advantage_dqn,810,254,81.63639858365059,81.62869020763786,29.385691933333874,52.25070706009865,1.4899005210027099,16690.266342163086,0.0,25.0,0.0,2.0,0.050000000000000044,0.8769954759627581,0.8658328633755445,0.037208708468824625
md_immediate_advantage_dqn,810,255,61.31587701290846,80.70096947487446,25.88074416667223,35.43513245880604,1.4160724440589547,14728.279262542725,0.0,20.0,0.0,2.0,0.050000000000000044,1.4787698164582253,1.4648847132921219,0.04628370935097337
md_immediate_advantage_dqn,810,256,78.31460166722536,80.31763636741788,28.149144373834133,50.16545686125755,1.4845973895862699,15994.971685409546,0.0,24.0,0.0,0.0,0.050000000000000044,1.4070745129138231,1.3968160301446915,0.034194956766441464
md_immediate_advantage_dqn,810,257,88.79403527975083,80.57343426514417,31.114921033382416,57.67911525964737,1.5575768006965518,18159.05207824707,0.0,25.0,0.0,2.0,0.050000000000000044,1.4156877882778645,1.4051515646278858,0.03512072074227035
md_immediate_advantage_dqn,810,258,82.05906837582589,79.94165293183178,28.78944133222103,53.26962738633156,1.5009048311039805,16426.114028930664,0.0,26.0,0.0,1.0,0.050000000000000044,1.4084984473884106,1.4004485700279474,0.026832933770492673
md_immediate_advantage_dqn,810,259,81.57176079154014,79.80218072269113,30.01138846576214,51.56037235558033,1.5260690562427044,16656.577075958252,0.0,24.0,0.0,4.0,0.050000000000000044,1.6016683503985405,1.588774736970663,0.042978801066055894
md_immediate_advantage_dqn,810,260,70.93161624073983,79.18931476462635,27.16409793496132,43.76751826107502,1.4385765884071589,15030.823371887207,0.0,22.0,0.0,1.0,0.050000000000000044,1.469737209379673,1.455860236659646,0.04625657561700791
md_immediate_advantage_dqn,810,261,83.90364521741867,79.22123317997904,27.98216301947832,55.92148219048977,1.4846599539741874,16202.461410522461,0.0,25.0,0.0,1.0,0.050000000000000044,1.328694637864828,1.3179874364286661,0.03569069562945515
md_immediate_advantage_dqn,810,262,59.96231409907341,78.27435468818993,25.306575179100037,34.65573909878731,1.4136922024190426,14356.593307495117,0.0,18.0,0.0,4.0,0.050000000000000044,1.6325785405933857,1.6175250932574272,0.050178161822259426
md_immediate_advantage_dqn,810,263,89.79407714307308,78.95112104140222,31.668015748262405,58.1260612308979,1.5759423021227121,18088.406316757202,0.0,27.0,0.0,1.0,0.050000000000000044,1.6353294551372528,1.6252204701304436,0.03369657834991813
md_immediate_advantage_dqn,810,264,82.67142906785011,78.91180854298175,29.906467601656914,52.76496198773384,1.5112189101055264,16895.25756072998,0.0,24.0,0.0,0.0,0.050000000000000044,1.4433149714022875,1.4316266290843487,0.038961154874414206
md_immediate_advantage_dqn,810,265,76.0580979168415,78.483857826218,29.092187121510506,46.965910005569455,1.485180763527751,16383.557193756104,0.0,21.0,0.0,3.0,0.050000000000000044,1.724440835416317,1.7138541489839554,0.035288979415781796
md_immediate_advantage_dqn,810,266,93.42185480296612,79.47034999333322,32.27532370388508,61.14653035402298,1.5935696912929416,18294.462112426758,0.0,28.0,0.0,1.0,0.050000000000000044,1.386077782139182,1.3748236317187548,0.037513896939344704
md_immediate_advantage_dqn,810,267,57.25787356495857,77.78861057810485,24.354969032108784,32.90290455520153,1.396772651001811,14217.790706634521,0.0,17.0,0.0,0.0,0.050000000000000044,1.361685561016202,1.3512628562748432,0.03474239108618349
md_immediate_advantage_dqn,810,268,76.62272604703904,76.88143949456513,28.311629742383957,48.311095932126044,1.5004557454958558,15972.179141998291,0.0,24.0,0.0,1.0,0.050000000000000044,1.4634324721992016,1.4508868530392647,0.04181869316380471
md_immediate_advantage_dqn,810,269,92.5258901655674,78.06638550899925,31.902514338493347,60.62337582707405,1.5978071317076683,18425.682495117188,0.0,28.0,0.0,2.0,0.050000000000000044,1.3053546622395515,1.2964182198047638,0.029788116924464703
md_immediate_advantage_dqn,810,270,77.13812645971775,77.3064533212036,28.30043724924326,48.83768950104714,1.4880049703642726,16259.177892684937,0.0,24.0,0.0,4.0,0.050000000000000044,1.288626754656434,1.2794717140495777,0.03051677788607776
md_immediate_advantage_dqn,810,271,82.01391957104207,77.85457924164834,28.38309183716774,53.63082812130451,1.4918795097619295,16133.640758514404,0.0,25.0,0.0,1.0,0.050000000000000044,1.5473973900079727,1.5383610185235739,0.030121222254820168
md_immediate_advantage_dqn,810,272,91.6449144333601,78.81478969603778,31.06175023317337,60.583164006471634,1.5630849311128259,17403.836944580078,0.0,26.0,0.0,2.0,0.050000000000000044,1.3225004002451897,1.311192598193884,0.03769270586781204
md_immediate_advantage_dqn,810,273,76.95383788645267,79.22960321635009,27.301913782954216,49.65192371606827,1.4508703649044037,15565.728755950928,0.0,24.0,0.0,0.0,0.050000000000000044,1.729374222457409,1.7191340774297714,0.0341338450089097
md_immediate_advantage_dqn,810,274,85.86849498003721,79.44120803616941,29.00947666913271,56.85901838541031,1.4895953154191375,16045.67359161377,0.0,25.0,0.0,0.0,0.050000000000000044,1.1591375786811113,1.148126034066081,0.03670517238788307
md_immediate_advantage_dqn,810,275,94.78767568767071,81.11479796990753,31.185436382889748,63.60224004983902,1.5050548259168863,17303.994594573975,0.0,29.0,0.0,1.0,0.050000000000000044,1.5459514781832695,1.537712536752224,0.02746316173579544
md_immediate_advantage_dqn,810,276,79.12563839554787,81.15534980632364,29.332840457558632,49.792797803878784,1.5137509647756815,16684.94783782959,0.0,23.0,0.0,0.0,0.050000000000000044,1.4660166911780834,1.4540430754423141,0.039911976899020374
md_immediate_advantage_dqn,810,277,79.66487751305104,80.69889191798868,29.380954302847385,50.283922919631,1.4904901245608926,16609.57802581787,0.0,25.0,0.0,2.0,0.050000000000000044,1.524974463507533,1.5119099747389555,0.04354834428522736
md_immediate_advantage_dqn,810,278,92.72713210582734,81.23229510448876,30.6536867916584,62.07344558238983,1.5591160748153925,17095.394973754883,0.0,29.0,0.0,2.0,0.050000000000000044,1.2995602395385504,1.2885031327605247,0.03685706213582307
md_immediate_advantage_dqn,810,279,73.56126791238785,80.83177046053113,29.025932416319847,44.535335183143616,1.4948040638118982,16559.883197784424,0.0,21.0,0.0,2.0,0.050000000000000044,1.343874927610159,1.3324032239615917,0.038238996639847755
md_immediate_advantage_dqn,810,280,75.75059834122658,81.07271956555546,27.600106596946716,48.15049195289612,1.4586408091709018,15503.890453338623,0.0,23.0,0.0,0.0,0.050000000000000044,1.4625235833227634,1.4489542096853256,0.04523120215162635
md_immediate_advantage_dqn,810,281,50.85120812058449,79.42009771071375,23.486794278025627,27.364413484930992,1.3427858632057905,13155.747573852539,0.0,16.0,0.0,0.0,0.050000000000000044,1.7294671535491943,1.7170932218432426,0.041246482520364225
md_immediate_advantage_dqn,810,282,80.50701370835304,80.44733269117773,28.618658617138863,51.888355404138565,1.5025321608409286,16486.92258453369,0.0,24.0,0.0,1.0,0.050000000000000044,1.484310632571578,1.4718240015208721,0.04162208584602922
md_immediate_advantage_dqn,810,283,85.0694526821375,80.21110146813096,28.5048753246665,56.5645772755146,1.4874591389670968,16068.611679077148,0.0,26.0,0.0,4.0,0.050000000000000044,1.4846501592546701,1.474056638777256,0.03531171882059425
md_immediate_advantage_dqn,810,284,77.44265776872635,79.94966290317475,27.472512304782867,49.970145523548126,1.480405773036182,15949.34787940979,0.0,23.0,0.0,0.0,0.050000000000000044,1.220050884410739,1.208473140373826,0.0385924419388175
md_immediate_advantage_dqn,810,285,84.64133735746145,80.37882487520577,29.011505864560604,55.62983113527298,1.5014149993658066,16329.416324615479,0.0,25.0,0.0,0.0,0.050000000000000044,1.3137525282800198,1.302760872989893,0.03663885476998985
md_immediate_advantage_dqn,810,286,93.6128224954009,80.38837325982749,33.18475491553545,60.42806772887707,1.606564862653613,18963.366180419922,0.0,27.0,0.0,2.0,0.050000000000000044,1.2474755104631186,1.2343211434781551,0.04384784447029233
md_immediate_advantage_dqn,810,287,62.86360864341259,80.6686600137502,25.03925822675228,37.824349999427795,1.3960853088647127,14425.465126037598,0.0,19.0,0.0,1.0,0.050000000000000044,1.3268214203417301,1.3163252510130405,0.034987250925041735
md_immediate_advantage_dqn,810,288,85.43440394848585,81.10924390882253,31.239619560539722,54.19478386640549,1.5526249324902892,17400.1099319458,0.0,25.0,0.0,1.0,0.050000000000000044,1.4129788912832737,1.4037704840302467,0.030694765388034284
md_immediate_advantage_dqn,810,289,75.18948356211186,80.24242357864976,26.447461634874344,48.74202165901661,1.4588407948613167,15272.682914733887,0.0,24.0,0.0,2.0,0.050000000000000044,1.6678953655064106,1.65783279389143,0.03354188485536724
md_immediate_advantage_dqn,810,290,91.11499522924423,80.94126701712608,30.849443554878235,60.26555165946483,1.5419637160375714,17465.06810760498,0.0,27.0,0.0,4.0,0.050000000000000044,1.6122644059360027,1.6015170477330685,0.03582454693969339
md_immediate_advantage_dqn,810,291,83.80819488316774,81.03098078273237,29.41201128810644,54.39618395268917,1.5088529083877802,16735.60457611084,0.0,25.0,0.0,0.0,0.050000000000000044,1.4325066301971674,1.422317013144493,0.03396540670655668
md_immediate_advantage_dqn,810,292,65.06973087489605,79.70222160480917,23.423899061977863,41.6458319246769,1.3709049224853516,13495.825359344482,0.0,22.0,0.0,3.0,0.050000000000000044,1.4393973257392645,1.4306733906269073,0.0290797435445711
md_immediate_advantage_dqn,810,293,82.14911834448576,79.96198562771082,28.681097269058228,53.468020904064176,1.490682676434517,16086.986679077148,0.0,26.0,0.0,3.0,0.050000000000000044,1.682528331875801,1.6678588073700666,0.048898460110649467
md_immediate_advantage_dqn,810,294,72.8065892457962,79.30889034099877,28.068795688450336,44.73779383301735,1.495791269466281,16287.303119659424,0.0,21.0,0.0,0.0,0.050000000000000044,1.5784565806388855,1.5660954788327217,0.041203660890460014
md_immediate_advantage_dqn,810,295,79.6091170579195,78.54996240951121,28.56346122175455,51.045656216144565,1.4885422019287944,16348.579216003418,0.0,25.0,0.0,3.0,0.050000000000000044,1.5788512770086527,1.567227367311716,0.03874634928070009
md_immediate_advantage_dqn,810,296,101.97682340443134,79.69252165995537,30.809548743069172,71.1672750711441,1.5582362180575728,17558.845512390137,0.0,31.0,0.0,1.0,0.050000000000000044,1.309051264077425,1.297071859240532,0.03993138181976974
md_immediate_advantage_dqn,810,297,61.213669107854365,78.76996123969556,24.64708712697029,36.56658234596252,1.375111972913146,13846.038593292236,0.0,18.0,0.0,1.0,0.050000000000000044,1.783612759783864,1.7706803511828184,0.04310796526260674
md_immediate_advantage_dqn,810,298,80.28931407034398,78.1480703379214,28.8428715467453,51.44644203186035,1.5048164958134294,16674.433532714844,0.0,24.0,0.0,2.0,0.050000000000000044,1.6272057313472033,1.6153524313122034,0.03951098816469312
md_immediate_advantage_dqn,810,299,90.29963504672051,78.98498869463803,30.884741231799126,59.414893770217894,1.5706487214192748,17669.657676696777,0.0,27.0,0.0,2.0,0.050000000000000044,1.4684814773499966,1.4558367859572172,0.042148996610194445
md_immediate_advantage_dqn,810,300,58.95421276986599,78.14516941607,24.266656443476677,34.687556713819504,1.3662035530433059,13877.047454833984,0.0,19.0,0.0,0.0,0.050000000000000044,1.2822759933769703,1.2712156884372234,0.03686766535975039
md_immediate_advantage_dqn,810,301,83.94285596311093,79.79975180819632,29.06690039485693,54.87595599293709,1.4959748983383179,16257.77681350708,0.0,24.0,0.0,2.0,0.050000000000000044,1.1468378156423569,1.1343200355768204,0.04172589990776032
md_immediate_advantage_dqn,810,302,98.08478073775768,80.67864015966656,32.823937490582466,65.26084330677986,1.6156121483072639,18996.07273864746,0.0,28.0,0.0,0.0,0.050000000000000044,1.4470743164420128,1.4333927314728498,0.045605284976772964
md_immediate_advantage_dqn,810,303,86.93017019629478,80.77167603537441,27.553193412721157,59.37697647809982,1.4707301668822765,15698.88221168518,0.0,26.0,0.0,3.0,0.050000000000000044,1.419486116617918,1.4076942671090364,0.039306240156292915
md_immediate_advantage_dqn,810,304,72.93355802595616,80.54622104823589,27.103223502635956,45.83033492565155,1.4424914792180061,15297.047256469727,0.0,21.0,0.0,2.0,0.050000000000000044,1.6164883691817522,1.6048090234398842,0.03893110086210072
md_immediate_advantage_dqn,810,305,84.74960991740227,80.55163467623294,28.558559343218803,56.191050946712494,1.5409751357510686,16870.818336486816,0.0,26.0,0.0,0.0,0.050000000000000044,1.7525482028722763,1.742631085216999,0.033056971966288984
md_immediate_advantage_dqn,810,306,80.8545825406909,79.91372267849744,29.92235577851534,50.932226568460464,1.5405298545956612,16946.281442642212,0.0,23.0,0.0,0.0,0.050000000000000044,1.4873993620276451,1.4751456901431084,0.040845531737431884
md_immediate_advantage_dqn,810,307,92.78239100575448,81.40966179661454,30.749783106148243,62.03260817527771,1.5289675761014223,17052.09646987915,0.0,28.0,0.0,1.0,0.050000000000000044,1.6988336630165577,1.6872006077319384,0.03877681586891413
md_immediate_advantage_dqn,810,308,87.0716130450368,81.49152225144208,29.470463298261166,57.601149851083754,1.4877123897895217,16208.94284439087,0.0,26.0,0.0,1.0,0.050000000000000044,1.2221919912844896,1.2086917888373137,0.045000645564869046
md_immediate_advantage_dqn,810,309,82.11231710761786,81.83766392871738,27.757211670279503,54.355105340480804,1.5274451551958919,16710.190631866455,0.0,24.0,0.0,1.0,0.050000000000000044,1.2714403420686722,1.261313559487462,0.03375592245720327
md_immediate_advantage_dqn,810,310,93.57543913275003,81.96068612389267,30.539789594709873,63.03564876317978,1.567809988744557,17928.824768066406,0.0,28.0,0.0,0.0,0.050000000000000044,1.589100493118167,1.5753251370042562,0.04591777827590704
md_immediate_advantage_dqn,810,311,73.83358208984137,81.46195548422637,28.24566015601158,45.58792186677456,1.4743518801406026,16047.094329833984,0.0,23.0,0.0,2.0,0.050000000000000044,1.359124967828393,1.346551040187478,0.04191307909786701
md_immediate_advantage_dqn,810,312,99.71011188030243,83.19397453449668,30.632302075624466,69.07781022191048,1.5671169878914952,17436.06814956665,0.0,31.0,0.0,3.0,0.050000000000000044,1.7776962351053953,1.7660379149019718,0.03886105655692518
md_immediate_advantage_dqn,810,313,72.5714922040701,82.71509322747589,26.428124129772186,46.143368268013,1.4107955070212483,14779.974250793457,0.0,21.0,0.0,1.0,0.050000000000000044,1.373956348747015,1.3640109039843082,0.033151446375995874
md_immediate_advantage_dqn,810,314,67.63333918303252,82.45643072433772,26.989455305039883,40.64388362467289,1.4152428545057774,15143.16039276123,0.0,22.0,0.0,1.0,0.050000000000000044,1.7073006350547075,1.692501425743103,0.04933073581196368
md_immediate_advantage_dqn,810,315,74.37991708517075,82.19497072570027,29.120524510741234,45.25939284265041,1.4858725722879171,15893.833793640137,0.0,22.0,0.0,2.0,0.050000000000000044,1.307289071381092,1.2944965548813343,0.04264175705611706
md_immediate_advantage_dqn,810,316,71.09175718575716,80.65071741476656,27.07349917292595,44.018257796764374,1.4289267091080546,15006.225261688232,0.0,23.0,0.0,0.0,0.050000000000000044,1.894290767610073,1.880916751921177,0.04457992920652032
md_immediate_advantage_dqn,810,317,79.45304661989212,81.56268629036845,28.532392904162407,50.92065382003784,1.4819598980247974,16521.470699310303,0.0,24.0,0.0,0.0,0.050000000000000044,1.280537312850356,1.2707331329584122,0.03268056141678244
md_immediate_advantage_dqn,810,318,62.837960720062256,80.69011862285436,25.235035724937916,37.60292491316795,1.395238921046257,14579.750022888184,0.0,21.0,0.0,0.0,0.050000000000000044,1.5172726158052683,1.506493391469121,0.035930736805312335
md_immediate_advantage_dqn,810,319,83.16065976172686,80.33316985860468,28.359603606164455,54.801056364178656,1.490912402048707,15788.652446746826,0.0,26.0,0.0,1.0,0.050000000000000044,1.8223187625408173,1.8060747645795345,0.0541466367430985
md_immediate_advantage_dqn,810,320,81.97571104466915,81.48424477234484,31.82141351699829,50.15429782569409,1.5292867915704846,17752.29026412964,0.0,24.0,0.0,3.0,0.050000000000000044,1.8049211781471968,1.7948419619351625,0.03359742590691894
md_immediate_advantage_dqn,810,321,64.48978425115347,80.51159118674697,25.725507766008377,38.76427646279335,1.3832215275615454,14283.356884002686,0.0,19.0,0.0,2.0,0.050000000000000044,1.3158058002591133,1.3037311658263206,0.04024873464368284
md_immediate_advantage_dqn,810,322,81.34246739000082,79.6744755193591,29.888853818178177,51.4536138176918,1.5034950766712427,16800.82513809204,0.0,26.0,0.0,0.0,0.050000000000000044,1.571546845138073,1.558644026517868,0.043009424465708435
md_immediate_advantage_dqn,810,323,83.11163668334484,79.48354884371162,28.329234533011913,54.78240203857422,1.4801760129630566,16336.102115631104,0.0,26.0,0.0,1.0,0.050000000000000044,1.408212311565876,1.3962042145431042,0.04002695041708648
md_immediate_advantage_dqn,810,324,66.28042390942574,79.1508921378851,27.622352078557014,38.658071368932724,1.4598112367093563,15812.838809967041,0.0,20.0,0.0,2.0,0.050000000000000044,1.1385233849287033,1.1249434873461723,0.045266303583048284
md_immediate_advantage_dqn,810,325,78.9493023455143,78.8608767592907,27.874599412083626,51.0747033059597,1.4734904319047928,15597.305782318115,0.0,23.0,0.0,0.0,0.050000000000000044,1.7270033471286297,1.712992113083601,0.046704157488420606
md_immediate_advantage_dqn,810,326,82.7019581437111,78.95324553944171,28.514979273080826,54.186978885531424,1.4921389380469918,16144.823226928711,0.0,24.0,0.0,2.0,0.050000000000000044,1.393295306712389,1.38157082721591,0.03908158675767481
md_immediate_advantage_dqn,810,327,73.1215161472559,77.97020179651679,27.67901323735714,45.442503029108046,1.4436617949977517,15136.241455078125,0.0,21.0,0.0,1.0,0.050000000000000044,1.0482879523187876,1.0362273696810007,0.04020195151679218
md_immediate_advantage_dqn,810,328,73.1633914411068,77.27479071632028,26.469061098992825,46.694330275058746,1.4077539220452309,14834.044012069702,0.0,24.0,0.0,4.0,0.050000000000000044,1.8160239793360233,1.8054335713386536,0.035301322815939784
md_immediate_advantage_dqn,810,329,89.94253880679608,77.6663018012792,31.728071451187134,58.214467430114745,1.5560555728152394,17532.381999969482,0.0,26.0,0.0,1.0,0.050000000000000044,1.6795125156641006,1.663061909377575,0.05483534373342991
md_immediate_advantage_dqn,810,330,98.46855814158917,77.91095775172116,33.28472661972046,65.18383168578148,1.6351635064929724,19034.99712753296,0.0,28.0,0.0,1.0,0.050000000000000044,1.6920710802078247,1.6806822903454304,0.03796258755028248
md_immediate_advantage_dqn,810,331,75.69307334125043,78.00393231429162,29.744369789958,45.9487035959959,1.4919144185259938,16706.956647872925,0.0,22.0,0.0,2.0,0.050000000000000044,1.852367214858532,1.8411837816238403,0.03727810108102858
md_immediate_advantage_dqn,810,332,74.62539510577918,76.74969647556546,29.363197036087513,45.262198054790495,1.4825606904923916,16357.5192527771,0.0,21.0,0.0,1.0,0.050000000000000044,1.8774595353752375,1.86396961286664,0.044966403977014124
md_immediate_advantage_dqn,810,333,88.2710444778204,77.53467408925296,31.56800150871277,56.70304295420647,1.5538708670064807,17818.205192565918,0.0,25.0,0.0,1.0,0.050000000000000044,1.7366952430456877,1.726577315479517,0.03372642956674099
md_immediate_advantage_dqn,810,334,74.97278891801834,77.90164657600225,28.384881421923637,46.58790757060051,1.472982414998114,15935.209796905518,0.0,23.0,0.0,2.0,0.050000000000000044,1.1764668002724648,1.1650505121797323,0.038054326782003045
md_immediate_advantage_dqn,810,335,86.55194817632437,78.51024813055993,31.461789302527905,55.09015902280807,1.5610642544925213,17996.794494628906,0.0,27.0,0.0,1.0,0.050000000000000044,1.435105500742793,1.4261502623558044,0.029850743361748755
md_immediate_advantage_dqn,810,336,82.84779564440251,79.0980500534922,29.05769270658493,53.790102982521056,1.5009016767144203,16423.701820373535,0.0,25.0,0.0,1.0,0.050000000000000044,1.6038327012211084,1.59359385445714,0.03412944544106722
md_immediate_advantage_dqn,810,337,88.60081244707108,79.55543834485115,30.263330094516277,58.33748224079609,1.5303144920617342,16894.79991531372,0.0,26.0,0.0,5.0,0.050000000000000044,1.5106892213225365,1.497959554195404,0.04243227792903781
md_immediate_advantage_dqn,810,338,76.21437303125859,80.22425896041096,26.47943139076233,49.73494135737419,1.4466000758111477,15170.84481048584,0.0,23.0,0.0,2.0,0.050000000000000044,1.8120979629456997,1.801551803946495,0.03515379561576992
md_immediate_advantage_dqn,810,339,83.23459637910128,80.22795579127968,28.716911479830742,54.5176847577095,1.5273515591397882,16641.78173828125,0.0,25.0,0.0,0.0,0.050000000000000044,1.3507356755435467,1.3398843184113503,0.036171200103126466
md_immediate_advantage_dqn,810,340,82.83417011797428,80.27087874494495,31.618488274514675,51.21568214893341,1.538276500068605,17669.57075881958,0.0,25.0,0.0,0.0,0.050000000000000044,1.722415491938591,1.7115067690610886,0.036362419719807804
md_immediate_advantage_dqn,810,341,72.69591470360756,80.68118526756764,26.998650431632996,45.69726455509662,1.4390182979404926,15228.080184936523,0.0,21.0,0.0,2.0,0.050000000000000044,1.5462721101939678,1.5368743184953928,0.031325955875217915
md_immediate_advantage_dqn,810,342,73.87822339683771,80.30797306790949,28.993177473545074,44.88504607975483,1.5108042592182755,16640.853897094727,0.0,22.0,0.0,0.0,0.050000000000000044,1.9408907182514668,1.931467890739441,0.031409468268975616
md_immediate_advantage_dqn,810,343,93.54039617776871,80.82941104263067,31.135739415884018,62.40465688109398,1.5458845542743802,17485.360538482666,0.0,27.0,0.0,1.0,0.050000000000000044,2.0227559693157673,2.00760355591774,0.05050805420614779
md_immediate_advantage_dqn,810,344,65.9754837974906,80.81416403703392,26.52850852161646,39.4469752907753,1.4359056539833546,15515.899522781372,0.0,21.0,0.0,1.0,0.050000000000000044,1.5225576162338257,1.5132893808186054,0.030894029885530472
md_immediate_advantage_dqn,810,345,74.91877702772618,80.61263777114452,25.65979629009962,49.25898068547249,1.4430396873503923,15044.643016815186,0.0,24.0,0.0,1.0,0.050000000000000044,1.971625255420804,1.9624549746513367,0.03056767664384097
md_immediate_advantage_dqn,810,346,64.37203867733479,79.69614179782572,24.025954842567444,40.34608435630798,1.367572738789022,13478.139587402344,0.0,20.0,0.0,0.0,0.050000000000000044,1.4780231844633818,1.4665853455662727,0.038126113009639084
md_immediate_advantage_dqn,810,347,92.96387778371573,80.6882598796487,31.06750752031803,61.89637001752853,1.6040074964985251,18244.69175720215,0.0,26.0,0.0,2.0,0.050000000000000044,1.8483125232160091,1.837111795321107,0.03733580536209047
md_immediate_advantage_dqn,810,348,78.08589056432247,80.93438483580948,27.749677807092667,50.33621312975883,1.5061748633161187,16161.570899963379,0.0,22.0,0.0,3.0,0.050000000000000044,1.6925251223146915,1.683809146285057,0.029053339269012213
md_immediate_advantage_dqn,810,349,74.85915041714907,80.18021541632712,28.969284556806087,45.88986575603485,1.4741329699754715,16801.72877883911,0.0,23.0,0.0,1.0,0.050000000000000044,1.7885250076651573,1.777537316083908,0.03662553976755589
md_immediate_advantage_dqn,810,350,83.2795902132988,79.42076701991262,29.854624524712563,53.42496547996998,1.498264892026782,16936.19361114502,0.0,24.0,0.0,2.0,0.050000000000000044,1.721976013854146,1.7091133072972298,0.04287568398285657
md_immediate_advantage_dqn,810,351,82.7661648645997,79.77442159608006,29.57426108419895,53.19190390706062,1.5217062598094344,16967.14674758911,0.0,24.0,0.0,2.0,0.050000000000000044,1.4017259515821934,1.3920050896704197,0.03240284486673772
md_immediate_advantage_dqn,810,352,88.6195888966322,80.47413128562272,34.06198965013027,54.55759944021702,1.5710704205557704,18624.24510192871,0.0,25.0,0.0,0.0,0.050000000000000044,1.5386212095618248,1.525466937571764,0.0438475365517661
md_immediate_advantage_dqn,810,353,78.33397831171752,79.97727797731758,27.125779777765274,51.208198407292365,1.4749859692528844,15663.51139831543,0.0,24.0,0.0,4.0,0.050000000000000044,1.9091076776385307,1.898796871304512,0.03436931245960295
md_immediate_advantage_dqn,810,354,93.86950812637807,80.92211393773557,33.71341682970524,60.156091982126235,1.6178649459034204,18901.422985076904,0.0,26.0,0.0,1.0,0.050000000000000044,1.483729250729084,1.4727636873722076,0.036551821627654135
md_immediate_advantage_dqn,810,355,73.80379898101091,80.28470647796989,27.002215445041656,46.80158343911171,1.4481992032378912,15303.546558380127,0.0,22.0,0.0,1.0,0.050000000000000044,1.6585459150373936,1.6471128165721893,0.038110327324829996
md_immediate_advantage_dqn,810,356,103.21753439307213,81.30319341540338,34.579645454883575,68.63788881897926,1.6571199521422386,19787.375694274902,0.0,31.0,0.0,0.0,0.050000000000000044,1.8872117586433887,1.8784768655896187,0.029116323101334274
md_immediate_advantage_dqn,810,357,77.99963541477919,80.77313456378879,27.676179073750973,50.32345629632473,1.4705920508131385,15980.310817718506,0.0,24.0,0.0,2.0,0.050000000000000044,1.6409670747816563,1.6299675777554512,0.03666497999802232
md_immediate_advantage_dqn,810,358,52.39795468300581,79.58231364637615,23.498703941702843,28.89925000369549,1.3552242647856474,13663.887702941895,0.0,16.0,0.0,2.0,0.050000000000000044,2.0450829938054085,2.034244291484356,0.03612898325081915
md_immediate_advantage_dqn,810,359,71.17346205413341,78.97925693012775,26.76256838440895,44.410894027352334,1.4310225639492273,14835.578731536865,0.0,22.0,0.0,4.0,0.050000000000000044,1.912399835884571,1.899918433278799,0.04160462389700115
md_immediate_advantage_dqn,810,360,81.44128573834897,78.90961271114648,27.870675966143608,53.57061021924019,1.4730097418650985,15695.432004928589,0.0,25.0,0.0,3.0,0.050000000000000044,1.6841523386538029,1.6710722409188747,0.043600261909887195
md_immediate_advantage_dqn,810,361,80.19620406031609,79.2846271789819,29.045527420938015,51.15067637860775,1.4990897383540869,16778.19047164917,0.0,25.0,0.0,1.0,0.050000000000000044,1.3593945559114218,1.3489634599536657,0.034770336584188044
md_immediate_advantage_dqn,810,362,73.63733258247376,79.27258263826373,26.086797289550304,47.550534927845,1.4463522732257843,15114.375751495361,0.0,22.0,0.0,2.0,0.050000000000000044,1.3045363072305918,1.293909253552556,0.03542346623726189
md_immediate_advantage_dqn,810,363,92.50005129724741,79.22056539423765,33.89214485138655,58.60790657997131,1.590309165418148,18741.93878555298,0.0,25.0,0.0,0.0,0.050000000000000044,1.2468428295105696,1.2319888845086098,0.04951308527961373
md_immediate_advantage_dqn,810,364,73.43570837378502,79.59357662305237,26.79083574563265,46.644872680306435,1.4181387796998024,15372.672801971436,0.0,22.0,0.0,0.0,0.050000000000000044,1.600409708917141,1.5892624706029892,0.03715746395755559
md_immediate_advantage_dqn,810,365,81.25793519616127,79.91053453147411,29.687195986509323,51.57073909044266,1.5090945027768612,16371.821006774902,0.0,26.0,0.0,0.0,0.050000000000000044,1.8328621443361044,1.8187624216079712,0.04699902539141476
md_immediate_advantage_dqn,810,366,76.59519108757377,80.52169215198606,27.810603599995375,48.78458769619465,1.4644193314015865,15674.528442382812,0.0,23.0,0.0,0.0,0.050000000000000044,1.8535585477948189,1.842768855392933,0.035965638351626694
md_immediate_advantage_dqn,810,367,82.34912038594484,79.99095428209752,30.029116116464138,52.32000407576561,1.51441921107471,16645.194355010986,0.0,26.0,0.0,0.0,0.050000000000000044,1.738571584224701,1.7244881764054298,0.04694472113624215
md_immediate_advantage_dqn,810,368,80.63857824504376,80.11858866613359,27.266485832631588,53.37209200263023,1.4683633772656322,15460.83680343628,0.0,25.0,0.0,1.0,0.050000000000000044,1.8081206604838371,1.7983902171254158,0.03243482334073633
md_immediate_advantage_dqn,810,369,74.24654130637646,80.08795821059496,28.05853506922722,46.18800590932369,1.4805680410936475,15924.49407196045,0.0,22.0,0.0,0.0,0.050000000000000044,1.5396605879068375,1.5305403731763363,0.030400700285099447
md_immediate_advantage_dqn,810,370,77.37173485159875,79.79256544250995,28.756911553442478,48.61482303738594,1.5025667902082205,16553.76146697998,0.0,23.0,0.0,2.0,0.050000000000000044,1.783048940822482,1.7702041920274496,0.04281587223522365
md_immediate_advantage_dqn,810,371,75.32305699884891,79.42041004922241,27.03804960846901,48.28500737547874,1.4461368303745985,15387.081260681152,0.0,22.0,0.0,4.0,0.050000000000000044,1.9827341679483652,1.9736444130539894,0.030299219652079046
md_immediate_advantage_dqn,810,372,87.34247530400754,79.35655436959118,30.648382231593132,56.69409301280975,1.540976893156767,17503.6156539917,0.0,25.0,0.0,1.0,0.050000000000000044,1.8585571274161339,1.8456613421440125,0.04298603720963001
md_immediate_advantage_dqn,810,373,85.29330863058567,79.7045208855346,29.899954184889793,55.3933544754982,1.5407636780291796,17494.79335784912,0.0,25.0,0.0,0.0,0.050000000000000044,1.8995110094547272,1.8888046480715275,0.035687841358594596
md_immediate_advantage_dqn,810,374,67.62671452015638,78.39238120522351,26.822032526135445,40.80468198657036,1.4608456613495946,15235.321060180664,0.0,21.0,0.0,1.0,0.050000000000000044,1.4910148605704308,1.4792676270008087,0.03915738023351878
md_immediate_advantage_dqn,810,375,77.74159207344056,78.58927085984499,30.13091243803501,47.61067981421947,1.5375441601499915,17500.064239501953,0.0,21.0,0.0,1.0,0.050000000000000044,1.4674334395676851,1.4579697791486979,0.03154552518390119
md_immediate_advantage_dqn,810,376,68.84034749567509,76.87041151497513,25.424730107188225,43.41561723947525,1.405857801437378,14316.418830871582,0.0,20.0,0.0,3.0,0.050000000000000044,1.9588415585458279,1.9485524594783783,0.034297020407393575
md_immediate_advantage_dqn,810,377,80.6472201153636,77.00279075000435,29.76384712010622,50.88337269723415,1.504070800729096,17151.49831390381,0.0,23.0,0.0,2.0,0.050000000000000044,1.6831651851534843,1.6718882583081722,0.03758973046205938
md_immediate_advantage_dqn,810,378,91.80817233026028,78.97330163236708,32.768520303070545,59.03965146839619,1.587834064848721,18664.32017326355,0.0,27.0,0.0,0.0,0.050000000000000044,1.506162315607071,1.4941289313137531,0.04011127876583487
md_immediate_advantage_dqn,810,379,62.28259937018156,78.52875849816948,25.819394417107105,36.46320514678955,1.3889653803780675,14592.077011108398,0.0,19.0,0.0,2.0,0.050000000000000044,1.449339922517538,1.4398705512285233,0.03156454931013286
md_immediate_advantage_dqn,810,380,58.88484084755182,77.40093625362962,24.229959554970264,34.65488144159317,1.354050132445991,13470.005056381226,0.0,18.0,0.0,1.0,0.050000000000000044,1.9198568761348724,1.9068946093320847,0.04320758767426014
md_immediate_advantage_dqn,810,381,94.46168365478516,78.11421023335308,32.55138060450554,61.91030313968658,1.592269817367196,18587.610027313232,0.0,29.0,0.0,1.0,0.050000000000000044,1.6069342009723186,1.5970516577363014,0.03294177551288158
md_immediate_advantage_dqn,810,382,71.16171723753214,77.99042946610601,26.324732549488544,44.83698519468307,1.4288654634729028,14901.712650299072,0.0,22.0,0.0,1.0,0.050000000000000044,1.6233308762311935,1.6113943010568619,0.0397885829443112
md_immediate_advantage_dqn,810,383,84.06701956093312,77.56877787929031,30.660168826580048,53.4068511813879,1.5462823081761599,17337.554779052734,0.0,25.0,0.0,1.0,0.050000000000000044,1.8752900213003159,1.8649381902068853,0.034506149124354124
md_immediate_advantage_dqn,810,384,91.95397406220437,78.49469116371127,30.725628659129143,61.22834555208683,1.5628392398357391,17336.398609161377,0.0,28.0,0.0,2.0,0.050000000000000044,2.090963251888752,2.08034797757864,0.035384227870963514
md_immediate_advantage_dqn,810,385,85.402940697968,78.7019414388016,29.509759463369846,55.89318090677261,1.4934410974383354,16544.897651672363,0.0,25.0,0.0,0.0,0.050000000000000044,1.8657674714922905,1.855757862329483,0.03336541063617915
md_immediate_advantage_dqn,810,386,72.52148742973804,78.49825625590981,26.199877604842186,46.321610286831856,1.4482580898329616,15454.24825668335,0.0,23.0,0.0,0.0,0.050000000000000044,1.5847835931926966,1.57441570982337,0.034559635329060256
md_immediate_advantage_dqn,810,387,72.25929908007383,77.99376519061626,29.600235916674137,42.65906346142292,1.5052908649668097,16921.450561523438,0.0,21.0,0.0,4.0,0.050000000000000044,1.8379763402044773,1.8288966566324234,0.03026555886026472
md_immediate_advantage_dqn,810,388,88.94358670711517,78.40901561371983,32.1746217161417,56.76896549761295,1.579226109199226,18197.248916625977,0.0,26.0,0.0,0.0,0.050000000000000044,1.6134860962629318,1.6035008281469345,0.03328417881857604
md_immediate_advantage_dqn,810,389,67.47433973997832,78.07040553539993,26.36857996881008,41.1057596296072,1.4152853833511472,14761.973623275757,0.0,21.0,0.0,2.0,0.050000000000000044,1.2838403135538101,1.275293342769146,0.028489857562817633
md_immediate_advantage_dqn,810,390,70.10803968459368,77.70722077704967,26.147467359900475,43.96057230234146,1.4445935878902674,15100.228355407715,0.0,20.0,0.0,0.0,0.050000000000000044,1.4116399493068457,1.4011000264436007,0.0351331124547869
md_immediate_advantage_dqn,810,391,88.06251487880945,78.34419367104769,29.899037897586823,58.163476675748825,1.5008407486602664,16468.63682937622,0.0,26.0,0.0,1.0,0.050000000000000044,1.5584463775157928,1.5461148992180824,0.04110486863646656
md_immediate_advantage_dqn,810,392,69.66774521023035,77.46045716635884,27.248615480959415,42.419129595160484,1.4700164552778006,15329.207584381104,0.0,21.0,0.0,0.0,0.050000000000000044,2.0177820958197117,2.007352337241173,0.03476584376767278
md_immediate_advantage_dqn,810,393,78.54887490868569,77.12323548026384,30.199979811906815,48.348894694447516,1.51215685531497,16664.036613464355,0.0,22.0,0.0,1.0,0.050000000000000044,1.6061732601374388,1.5946285724639893,0.03848233132157475
md_immediate_advantage_dqn,810,394,70.3361241310835,77.2587059608102,25.97233410179615,44.36378993988037,1.4055377738550305,14462.874279022217,0.0,21.0,0.0,1.0,0.050000000000000044,1.6620630118995905,1.6493040695786476,0.042529777507297695
md_immediate_advantage_dqn,810,395,78.67179143428802,77.30521592885256,28.4691349118948,50.20265640318394,1.4880512598901987,16264.795467376709,0.0,23.0,0.0,0.0,0.050000000000000044,1.810921523720026,1.800775472074747,0.03382018906995654
md_immediate_advantage_dqn,810,396,74.26602195948362,77.576499652043,27.298588044941425,46.96743403375149,1.4634117912501097,15356.411083221436,0.0,23.0,0.0,2.0,0.050000000000000044,1.23262270539999,1.22153664752841,0.03695354168303311
md_immediate_advantage_dqn,810,397,69.55841662138701,77.02205947734417,27.068222418427467,42.49019388258457,1.4541742783039808,15127.53895187378,0.0,22.0,0.0,1.0,0.050000000000000044,1.5765995271503925,1.5650576278567314,0.0384730149526149
md_immediate_advantage_dqn,810,398,75.70021492242813,76.21666160695256,26.6641875654459,49.03602758049965,1.4485038239508867,15199.292766571045,0.0,24.0,0.0,1.0,0.050000000000000044,1.8353903759270906,1.8237780779600143,0.0387077055638656
md_immediate_advantage_dqn,810,399,83.72787688672543,77.28892548277975,29.0241197347641,54.703757017850876,1.5432240711525083,16800.882369995117,0.0,25.0,0.0,2.0,0.050000000000000044,1.6276302114129066,1.6136768162250519,0.04651134612504393
md_immediate_advantage_dqn,810,400,48.707852736115456,76.78007607720792,22.790439404547215,25.91741371154785,1.330204981379211,12774.940773010254,0.0,14.0,0.0,0.0,0.050000000000000044,1.6407790258526802,1.624499337747693,0.054265619604848325
md_immediate_advantage_dqn,810,401,63.8855118021369,75.25126748457551,25.094365917146206,38.79114612340927,1.4065840374678373,14361.591758728027,0.0,21.0,0.0,1.0,0.050000000000000044,1.8775667436420918,1.8679157830774784,0.032169797690585256
md_immediate_advantage_dqn,810,402,73.19537913054228,75.35295057922602,29.068625397980213,44.126753732562065,1.4810890899971128,16054.761377334595,0.0,20.0,0.0,0.0,0.050000000000000044,1.3228120375424623,1.3121429551392794,0.03556362388189882
md_immediate_advantage_dqn,810,403,72.06685090065002,74.75294214621186,27.688725039362907,44.3781261742115,1.4499344173818827,15791.834552764893,0.0,21.0,0.0,2.0,0.050000000000000044,1.5503425784409046,1.537365322932601,0.043257505050860345
md_immediate_advantage_dqn,810,404,82.99567653983831,74.30502727009357,31.830981485545635,51.164695769548416,1.574111039750278,18335.55712890625,0.0,23.0,0.0,0.0,0.050000000000000044,1.7809652220457792,1.7664854563772678,0.04826582071837038
md_immediate_advantage_dqn,810,405,74.60948667824269,73.7653545691073,29.878707841038704,44.73077907562256,1.5150913465768099,17112.745124816895,0.0,23.0,0.0,1.0,0.050000000000000044,1.5598359666764736,1.549480626359582,0.03451781836338341
md_immediate_advantage_dqn,810,406,82.32323108613491,74.25544175192715,27.554813250899315,54.76841801404953,1.4695062898099422,15798.895519256592,0.0,26.0,0.0,1.0,0.050000000000000044,1.5897073596715927,1.5820560082793236,0.02550446765962988
md_immediate_advantage_dqn,810,407,90.57523399889469,75.17123849786819,30.91742466390133,59.65780917108059,1.525651522912085,17304.002811431885,0.0,28.0,0.0,2.0,0.050000000000000044,1.7353991232812405,1.7243950180709362,0.03668032807763666
md_immediate_advantage_dqn,810,408,87.26795011907817,75.08745666846633,29.157264307141304,58.11068638563156,1.50549297593534,16738.28331375122,0.0,27.0,0.0,2.0,0.050000000000000044,1.491325307637453,1.4810686577111483,0.03418885520659387
md_immediate_advantage_dqn,810,409,73.34998805820942,75.38123908437788,26.55732650309801,46.79266203939915,1.4269760763272643,15081.170238494873,0.0,23.0,0.0,0.0,0.050000000000000044,1.4524067919701338,1.4412795137614012,0.037090936908498406
md_immediate_advantage_dqn,810,410,73.42571449577808,75.5471228249371,26.68694666773081,46.73876820802688,1.4446302354335785,14986.528606414795,0.0,23.0,0.0,2.0,0.050000000000000044,2.059746515005827,2.050402954220772,0.03114525054115802
md_immediate_advantage_dqn,810,411,84.64528664946556,75.37626141346992,29.20304848253727,55.44223853945732,1.5357388593256474,17190.888668060303,0.0,27.0,0.0,2.0,0.050000000000000044,1.568964384496212,1.5576007328927517,0.03787881578318775
md_immediate_advantage_dqn,810,412,72.16248569786549,75.50099843785168,28.562362641096115,43.60012335479259,1.4710323214530945,16032.558124542236,0.0,21.0,0.0,1.0,0.050000000000000044,1.6351380795240402,1.6232348140329123,0.03967755183111876
md_immediate_advantage_dqn,810,413,73.60521270632744,75.25381532773376,27.66866698861122,45.93654555380344,1.4581664530560374,15791.576694488525,0.0,22.0,0.0,2.0,0.050000000000000044,1.8005532138049603,1.790124997496605,0.03476074803620577
md_immediate_advantage_dqn,810,414,83.83448284119368,75.92873326323927,28.854568906128407,54.97991365194321,1.50695894472301,16453.999019622803,0.0,24.0,0.0,1.0,0.050000000000000044,1.6533711478114128,1.6428626459091902,0.03502835042309016
md_immediate_advantage_dqn,810,415,94.71712076812983,76.73099972993137,29.805638916790485,64.9114812552929,1.556228225119412,17225.39771270752,0.0,28.0,0.0,1.0,0.050000000000000044,1.6875215582549572,1.6762560456991196,0.03755172691307962
md_immediate_advantage_dqn,810,416,84.54170582592488,77.24478392325342,31.845571503043175,52.69613506793976,1.5559212882071733,17658.705238342285,0.0,24.0,0.0,1.0,0.050000000000000044,1.841143824160099,1.82968158274889,0.03820746159180999
md_immediate_advantage_dqn,810,417,57.6850161999464,76.6511139021814,24.70870442688465,32.97631227970123,1.3874289533123374,13950.212200164795,0.0,19.0,0.0,0.0,0.050000000000000044,1.5378249380737543,1.5267787501215935,0.03682065475732088
md_immediate_advantage_dqn,810,418,82.23197101205588,76.97770170666278,28.52455559372902,53.707416051626204,1.5039630942046642,16440.021892547607,0.0,24.0,0.0,1.0,0.050000000000000044,1.5076732598245144,1.4964681919664145,0.03735021722968668
md_immediate_advantage_dqn,810,419,74.69056882709265,76.52583630368115,27.713567905128002,46.977000787854195,1.4735405314713717,15500.098453521729,0.0,22.0,0.0,2.0,0.050000000000000044,1.744917219504714,1.734932828694582,0.03328134142793715
md_immediate_advantage_dqn,810,420,67.26014004647732,77.45345066919924,24.80077338218689,42.459366500377655,1.4161148900166154,14233.628295898438,0.0,20.0,0.0,3.0,0.050000000000000044,1.687955254688859,1.678400944918394,0.031847748439759016
md_immediate_advantage_dqn,810,421,86.158869625628,78.5671185603738,30.154525235295296,56.00434491187334,1.5245889695361257,16987.4705619812,0.0,25.0,0.0,2.0,0.050000000000000044,1.5085185188800097,1.4948971401900053,0.045404633856378496
md_immediate_advantage_dqn,810,422,84.26757073402405,79.12072814054787,28.519436486065388,55.748134300112724,1.4755005026236176,15722.89762878418,0.0,25.0,0.0,1.0,0.050000000000000044,1.620697882026434,1.6091067772358656,0.03863699594512582
md_immediate_advantage_dqn,810,423,81.17036376148462,79.57590378358961,27.627230368554592,53.543133199214935,1.4573551639914513,15748.068956375122,0.0,24.0,0.0,0.0,0.050000000000000044,1.8006724771112204,1.7901442162692547,0.03509418258909136
md_immediate_advantage_dqn,810,424,75.2621289357543,79.1892264033854,26.818317212164402,48.44381155967712,1.4532019114121795,15261.628871917725,0.0,23.0,0.0,2.0,0.050000000000000044,1.850619450211525,1.8405830822885036,0.033454553806222975
md_immediate_advantage_dqn,810,425,80.49756916761399,79.48363052785398,27.643906466662884,52.85366236567497,1.4689872059971094,15670.735195159912,0.0,25.0,0.0,2.0,0.050000000000000044,1.572193555533886,1.5594536773860455,0.042466270620934665
md_immediate_advantage_dqn,810,426,69.16641824692488,78.82578988589347,25.747534684836864,43.418883591890335,1.4446994429454207,14773.987686157227,0.0,22.0,0.0,1.0,0.050000000000000044,1.886905163526535,1.8757055513560772,0.03733205806929618
md_immediate_advantage_dqn,810,427,86.16550500094891,78.60530343599619,30.249715462327003,55.91578891277313,1.5231929384171963,16797.220867156982,0.0,24.0,0.0,1.0,0.050000000000000044,1.49800581112504,1.4850380755960941,0.04322575661353767
md_immediate_advantage_dqn,810,428,72.5908151358366,77.8714466868341,26.524346761405468,46.066468501091,1.4222271926701069,15189.682567596436,0.0,23.0,0.0,1.0,0.050000000000000044,1.85039434581995,1.8410000428557396,0.03131433390080929
md_immediate_advantage_dqn,810,429,70.26634571105242,77.71726456947627,25.612403750419617,44.65394155085087,1.406886019743979,14740.711566925049,0.0,22.0,0.0,1.0,0.050000000000000044,1.787509873509407,1.7757712304592133,0.03912893927190453
md_immediate_advantage_dqn,810,430,61.9134295374155,77.14165032155813,25.800769962370396,36.11265937387943,1.3986223945394158,14133.48267364502,0.0,20.0,0.0,1.0,0.050000000000000044,1.8238040544092655,1.815695222467184,0.027029426535591483
md_immediate_advantage_dqn,810,431,93.33610488772392,77.57619123347105,28.80375726521015,64.53234735429287,1.5177291361615062,16920.432369232178,0.0,29.0,0.0,3.0,0.050000000000000044,1.5609784722328186,1.5514613762497902,0.03172365901991725
md_immediate_advantage_dqn,810,432,78.28288658708334,77.88221127793193,28.89325300604105,49.389633536338806,1.4857834754511714,16480.442291259766,0.0,23.0,0.0,0.0,0.050000000000000044,1.3659339062869549,1.353861279785633,0.04024201864376664
md_immediate_advantage_dqn,810,433,72.05964770913124,77.80493302807211,26.034411258995533,46.02523683011532,1.3940251134335995,14498.904598236084,0.0,22.0,0.0,1.0,0.050000000000000044,1.7720043323934078,1.7637886945158243,0.02738539921119809
md_immediate_advantage_dqn,810,434,82.6405690252781,77.74523733727634,28.66322449594736,53.977344745397566,1.52056351210922,16713.9948387146,0.0,27.0,0.0,2.0,0.050000000000000044,1.6912380885332823,1.6816595885902643,0.03192830248735845
md_immediate_advantage_dqn,810,435,83.0350307315588,77.1611328354478,29.795739121735096,53.23929112553596,1.5124809527769685,16817.436241149902,0.0,25.0,0.0,2.0,0.050000000000000044,1.8861240670084953,1.8734186366200447,0.04235143563710153
md_immediate_advantage_dqn,810,436,84.7082808047533,77.16946158438921,30.697439834475517,54.010840627551076,1.5389061123132706,17942.15714263916,0.0,25.0,0.0,2.0,0.050000000000000044,1.9293284006416798,1.919939775019884,0.03129543433897197
md_immediate_advantage_dqn,810,437,88.7206600934267,78.72124377906323,31.580415166914463,57.140244397521016,1.5750765753909945,17810.580921173096,0.0,27.0,0.0,2.0,0.050000000000000044,1.8356349244713783,1.8185940477997065,0.05680296593345702
md_immediate_advantage_dqn,810,438,77.88517515361309,78.50390398614108,29.30223147571087,48.58294393122196,1.47124264203012,16206.363662719727,0.0,22.0,0.0,0.0,0.050000000000000044,1.645455028861761,1.636495914310217,0.029863640083931386
md_immediate_advantage_dqn,810,439,89.23615674674511,79.2311833821237,28.91331258416176,60.3228434920311,1.5387153150513768,16885.23422241211,0.0,27.0,0.0,1.0,0.050000000000000044,1.537735365331173,1.5294059123843908,0.027764901635237038
md_immediate_advantage_dqn,810,440,77.12856570631266,79.72460466511548,28.41829849779606,48.710266917943954,1.4927349602803588,16148.609369277954,0.0,24.0,0.0,0.0,0.050000000000000044,1.721124541014433,1.705967053771019,0.050524995662271976
md_immediate_advantage_dqn,810,441,99.62072353065014,80.39769736036658,31.41103830933571,68.20968461036682,1.5573484590277076,18004.27600479126,0.0,29.0,0.0,1.0,0.050000000000000044,1.8148241024464369,1.8067035973072052,0.027068357216194272
md_immediate_advantage_dqn,810,442,69.71482423096896,79.67006003521382,25.98648377507925,43.7283399939537,1.4163596639409661,14691.90994644165,0.0,20.0,0.0,1.0,0.050000000000000044,1.6993672382086515,1.6900710333138704,0.030987373902462423
md_immediate_advantage_dqn,810,443,88.95977783203125,80.05953073874116,30.392945803701878,58.56683251261711,1.5415827259421349,17384.397819519043,0.0,28.0,0.0,1.0,0.050000000000000044,1.8964992109686136,1.88862544298172,0.02624592778738588
md_immediate_advantage_dqn,810,444,77.81134926825762,80.18699175536634,26.629845328629017,51.181503760814664,1.444575259461999,15002.049169540405,0.0,24.0,0.0,3.0,0.050000000000000044,1.6684850230813026,1.6590833384543657,0.03133899229578674
md_immediate_advantage_dqn,810,445,81.47551816105843,80.23588920503856,28.625748232007027,52.84977022707462,1.5024595595896244,16623.282749176025,0.0,26.0,0.0,1.0,0.050000000000000044,1.7432222422212362,1.7338669393211603,0.03118435340002179
md_immediate_advantage_dqn,810,446,67.82637144625187,80.16888686500491,27.114788874983788,40.71158190071583,1.4947659326717257,16172.352653503418,0.0,20.0,0.0,1.0,0.050000000000000044,1.6915909349918365,1.682328850030899,0.030873618205077946
md_immediate_advantage_dqn,810,447,73.38688179403543,79.52995570465923,26.976203478872776,46.41067824065685,1.4574332693591714,15632.148685455322,0.0,22.0,0.0,2.0,0.050000000000000044,1.636621268466115,1.6274897456169128,0.030438460176810622
md_immediate_advantage_dqn,810,448,80.60778359472752,79.93080412760378,28.45068445801735,52.15709947943687,1.4743452072143555,16185.544315338135,0.0,23.0,0.0,1.0,0.050000000000000044,1.559087872505188,1.5477111507207155,0.037922436255030334
md_immediate_advantage_dqn,810,449,65.01115346699953,79.66804451540114,25.229715935885906,39.7814372330904,1.3877385081723332,14112.531049728394,0.0,22.0,0.0,1.0,0.050000000000000044,2.0736307576298714,2.064939461648464,0.02897099603433162
md_immediate_advantage_dqn,810,450,76.36794488430023,80.39077028274536,28.691666342318058,47.67627817690372,1.497210948728025,16474.705013275146,0.0,23.0,0.0,2.0,0.050000000000000044,2.0188058838248253,2.00869632139802,0.033698532613925636
md_immediate_advantage_dqn,810,451,80.07706018090248,79.72781804740428,29.254036962985992,50.82302339673042,1.5303950924426317,16729.43600845337,0.0,24.0,0.0,2.0,0.050000000000000044,1.316611971706152,1.3081538043916225,0.02819395251572132
md_immediate_advantage_dqn,810,452,63.10892561972141,78.9691199990362,24.607275366783142,38.501650565862654,1.4018492056056857,14086.645572662354,0.0,19.0,0.0,2.0,0.050000000000000044,1.3542278800159693,1.3443780485540628,0.03283274080604315
md_immediate_advantage_dqn,810,453,72.05931005775929,78.96910311646761,26.952118881046772,45.107191452383994,1.4355895584449172,15290.097789764404,0.0,21.0,0.0,2.0,0.050000000000000044,2.0811209343373775,2.072443872690201,0.028923463076353073
md_immediate_advantage_dqn,810,454,93.08422612547875,79.49128597147765,30.487690821290016,62.596534782648085,1.5394253320991993,17376.81274986267,0.0,28.0,0.0,1.0,0.050000000000000044,1.7671588007360697,1.7592707723379135,0.026293421164155006
md_immediate_advantage_dqn,810,455,90.72106785327196,79.8755878275633,30.814440593123436,59.906626880168915,1.5331402709707618,17490.31311416626,0.0,27.0,0.0,0.0,0.050000000000000044,1.709254402667284,1.6978153735399246,0.0381301665911451
md_immediate_advantage_dqn,810,456,65.99319787323475,78.93983368098738,25.00507488846779,40.988123536109924,1.3931899685412645,14189.786449432373,0.0,22.0,0.0,1.0,0.050000000000000044,1.6474340483546257,1.6355355195701122,0.039661789778620005
md_immediate_advantage_dqn,810,457,81.3393934994936,78.5707703512907,30.602267675101757,50.737126159667966,1.533867321908474,17239.518127441406,0.0,24.0,0.0,2.0,0.050000000000000044,1.4741806257516146,1.4656246826052666,0.028519774903543293
md_immediate_advantage_dqn,810,458,81.91416305303574,78.77221974626184,30.627456441521645,51.286706268787384,1.5054107625037432,17093.558589935303,0.0,22.0,0.0,1.0,0.050000000000000044,1.705502102151513,1.6944244597107172,0.03692551935091615
md_immediate_advantage_dqn,810,459,71.72212794423103,77.89651830613613,25.941762924194336,45.780365228652954,1.437012375332415,14880.755470275879,0.0,24.0,0.0,0.0,0.050000000000000044,1.522909427061677,1.5141380801796913,0.02923774905502796
md_immediate_advantage_dqn,810,460,77.30315836668015,77.90524793915452,26.50846678763628,50.79469130337238,1.464571570046246,15402.790969848633,0.0,23.0,0.0,2.0,0.050000000000000044,2.2765349708497524,2.2682450339198112,0.027633097488433123
md_immediate_advantage_dqn,810,461,82.07995719611645,77.02820962242784,29.55894310027361,52.52101402878761,1.4911954728886485,16862.30543899536,0.0,23.0,0.0,1.0,0.050000000000000044,1.6971842497587204,1.6846341229975224,0.04183377686422318
md_immediate_advantage_dqn,810,462,66.28818226754666,76.85687752425672,25.211971268057823,41.07621076107025,1.3936782842501998,14096.202472686768,0.0,22.0,0.0,1.0,0.050000000000000044,1.626521047204733,1.617538407444954,0.029942160472273827
md_immediate_advantage_dqn,810,463,94.5557147949934,77.13667437240483,30.647941909730434,63.9077728331089,1.550458679907024,17480.48491668701,0.0,29.0,0.0,2.0,0.050000000000000044,1.5778145976364613,1.5684398151934147,0.031249240157194436
md_immediate_advantage_dqn,810,464,73.65573423355818,76.92889362066987,27.788723699748516,45.86701053380966,1.4780020425096154,15583.13634109497,0.0,22.0,0.0,1.0,0.050000000000000044,1.6827250942587852,1.6744276620447636,0.027658123173750937
md_immediate_advantage_dqn,810,465,83.94919493198395,77.05257745921614,28.92123445123434,55.02796095013618,1.5101620350033045,16540.79705810547,0.0,25.0,0.0,1.0,0.050000000000000044,1.4881117306649685,1.4774219766259193,0.0356324597960338
md_immediate_advantage_dqn,810,466,86.00077074021101,77.96129742391409,29.95399982482195,56.046771213412285,1.534916177392006,17221.35343170166,0.0,27.0,0.0,1.0,0.050000000000000044,1.8657919578254223,1.8569803200662136,0.02937203471083194
md_immediate_advantage_dqn,810,467,97.12874063849449,79.14839036613704,33.24982839077711,63.87891201674938,1.6156120989471674,19168.2479095459,0.0,29.0,0.0,1.0,0.050000000000000044,1.7637068014591932,1.7552753202617168,0.02810501877684146
md_immediate_advantage_dqn,810,468,94.49311769902707,79.84265707135202,30.426254995167255,64.06686242818833,1.5717871664091945,17654.940195083618,0.0,29.0,0.0,3.0,0.050000000000000044,1.6876686997711658,1.6782136522233486,0.03151677723508328
md_immediate_advantage_dqn,810,469,91.44284308105708,81.1642415520549,31.48829898238182,59.954544419050215,1.5717574413865805,18327.107124328613,0.0,26.0,0.0,2.0,0.050000000000000044,1.7635108660906553,1.7532744891941547,0.03412131406366825
md_immediate_advantage_dqn,810,470,65.97714890539646,80.6447017531097,26.292251892387867,39.6848971247673,1.4122208086773753,14584.029258728027,0.0,21.0,0.0,0.0,0.050000000000000044,1.7150562591850758,1.7058365419507027,0.030732378363609314
md_immediate_advantage_dqn,810,471,78.10250400304794,80.54597394421697,27.66470678150654,50.43779722899198,1.4609258705750108,15540.338521957397,0.0,22.0,0.0,2.0,0.050000000000000044,1.461910119280219,1.4514595232903957,0.03483530110679567
md_immediate_advantage_dqn,810,472,50.72913956046104,79.92698464125395,22.918372124433517,27.810767465829848,1.3225820688530803,13012.137607574463,0.0,17.0,0.0,1.0,0.050000000000000044,1.775093225762248,1.7659355029463768,0.03052574652247131
md_immediate_advantage_dqn,810,473,78.3573760792613,80.24188794232904,29.054189577698708,49.3031858831644,1.5064566899091005,16569.24268722534,0.0,24.0,0.0,3.0,0.050000000000000044,1.5101450774818659,1.5014603082090616,0.028949236613698304
md_immediate_advantage_dqn,810,474,73.37005223333836,79.25617924772203,25.579444617033005,47.790607646107674,1.4172416934743524,14702.671546936035,0.0,23.0,0.0,1.0,0.050000000000000044,1.6956595312803984,1.685705391690135,0.03318054950796068
md_immediate_advantage_dqn,810,475,74.2643785789609,78.4333447840065,27.165728725492954,47.09865036010742,1.4422141825780272,15417.580619812012,0.0,22.0,0.0,1.0,0.050000000000000044,1.5616991892457008,1.553317228332162,0.027939872699789703
md_immediate_advantage_dqn,810,476,75.62176081836223,78.91477293126286,27.325860053300858,48.29590104818344,1.4679551236331463,16015.000339508057,0.0,22.0,0.0,2.0,0.050000000000000044,1.865665476769209,1.8584980424493551,0.02389149647206068
md_immediate_advantage_dqn,810,477,90.85019529759884,79.39031302116813,30.41796413064003,60.43223095834255,1.5458481684327126,17265.589183807373,0.0,26.0,0.0,2.0,0.050000000000000044,1.9938429668545723,1.9826663359999657,0.037255436764098704
md_immediate_advantage_dqn,810,478,68.97735432237387,78.74347258463503,25.654557786881924,43.322796282172206,1.39503157697618,14582.67078590393,0.0,21.0,0.0,3.0,0.050000000000000044,1.7911365684121847,1.7816918268799782,0.03148240700829774
md_immediate_advantage_dqn,810,479,70.81890065222979,78.69831122003497,25.910976730287075,44.907923966646194,1.424133981578052,15143.79818725586,0.0,23.0,0.0,0.0,0.050000000000000044,2.002611592411995,1.9937969222664833,0.029382270644418895
md_immediate_advantage_dqn,810,480,92.15593723505735,79.44095016345382,30.590955205261707,61.564982432126996,1.5442757103592157,17034.725269317627,0.0,26.0,0.0,2.0,0.050000000000000044,2.0472942665219307,2.033806174993515,0.044960268307477236
md_immediate_advantage_dqn,810,481,62.143042765557766,78.44410444192587,24.760170213878155,37.382872611284256,1.3798331608995795,13898.561195373535,0.0,19.0,0.0,0.0,0.050000000000000044,1.8084210008382797,1.797968678176403,0.034841051208786666
md_immediate_advantage_dqn,810,482,83.26129569113255,79.29276011310517,29.937729105353355,53.32356658577919,1.541169029660523,17438.504150390625,0.0,26.0,0.0,1.0,0.050000000000000044,2.0368708074092865,2.025297310203314,0.038578344392590225
md_immediate_advantage_dqn,810,483,78.1448667794466,78.47221771232783,28.59827157855034,49.5465953797102,1.4664762020111084,16063.435791015625,0.0,24.0,0.0,0.0,0.050000000000000044,1.8167572356760502,1.8053269423544407,0.0381010458804667
md_immediate_advantage_dqn,810,484,87.38400849699974,79.15863142549992,30.777756072580814,56.606252893805504,1.5468587400391698,17562.25718307495,0.0,26.0,0.0,0.0,0.050000000000000044,1.368523070588708,1.3570379931479692,0.03828359185718
md_immediate_advantage_dqn,810,485,95.16904793232679,79.71962407551706,33.90549909323454,61.26354919672012,1.6246386067941785,19080.996295928955,0.0,27.0,0.0,2.0,0.050000000000000044,1.750572420656681,1.7415388077497482,0.030112016131170094
md_immediate_advantage_dqn,810,486,70.34711656272411,78.93694136664271,25.791162118315697,44.55595441460609,1.4420879278331995,14811.862367630005,0.0,22.0,0.0,2.0,0.050000000000000044,1.7639645617455244,1.7541951574385166,0.0325647626304999
md_immediate_advantage_dqn,810,487,75.77196872234344,77.86910277083516,28.21472267061472,47.55724599957466,1.4905996089801192,16009.894515991211,0.0,22.0,0.0,2.0,0.050000000000000044,1.4686617609113455,1.4570154137909412,0.03882109117694199
md_immediate_advantage_dqn,810,488,81.53448289632797,77.2211710307002,28.943239510059357,52.59124340116978,1.4908753456547856,16351.964443206787,0.0,25.0,0.0,2.0,0.050000000000000044,1.4481853134930134,1.436834279447794,0.03783674375154078
md_immediate_advantage_dqn,810,489,89.99517421424389,77.14878758735955,32.49330799281597,57.50186610221863,1.5537994746118784,18168.139183044434,0.0,26.0,0.0,1.0,0.050000000000000044,1.8242242522537708,1.8128790594637394,0.03781725943554193
md_immediate_advantage_dqn,810,490,69.01194106191397,77.30052719518542,26.69815158843994,42.313789838552474,1.4553050706163049,15211.153747558594,0.0,21.0,0.0,1.0,0.050000000000000044,1.7587635051459074,1.7503757141530514,0.027959292521700263
md_immediate_advantage_dqn,810,491,93.21890986859799,78.05634748846293,31.98374032974243,61.23516930043697,1.5673161577433348,17884.34934234619,0.0,28.0,0.0,2.0,0.050000000000000044,1.5819804966449738,1.568995738402009,0.043282536091282964
md_immediate_advantage_dqn,810,492,74.78265151381493,79.25902308613063,27.26194766163826,47.52070431411266,1.447343179024756,15495.223628997803,0.0,23.0,0.0,2.0,0.050000000000000044,2.007835529744625,1.9988312870264053,0.030014121439307928
md_immediate_advantage_dqn,810,493,76.4591381251812,79.16411118842662,28.496790304780006,47.96234783530235,1.5098182717338204,16874.740161895752,0.0,22.0,0.0,0.0,0.050000000000000044,1.806622814387083,1.797352772206068,0.03090010187588632
md_immediate_advantage_dqn,810,494,72.1677662074566,79.10399688713254,24.199992194771767,47.96777359545231,1.4077476300299168,14158.5676612854,0.0,22.0,0.0,2.0,0.050000000000000044,1.6391453072428703,1.6281251907348633,0.03673373779747635
md_immediate_advantage_dqn,810,495,71.15374011546373,78.94846496395766,27.21664599329233,43.93709373474121,1.4313229620456696,15137.590171813965,0.0,21.0,0.0,0.0,0.050000000000000044,1.5303352270275354,1.521014055237174,0.031070556840859354
md_immediate_advantage_dqn,810,496,83.67984885871411,79.35136936597527,28.80915615707636,54.87069263458252,1.481493971310556,15953.970684051514,0.0,25.0,0.0,2.0,0.050000000000000044,1.8026149421930313,1.7908421158790588,0.03924273140728474
md_immediate_advantage_dqn,810,497,95.14555929005147,79.56613756559791,31.59143567085266,63.55412391722202,1.5893295397982001,18069.608100891113,0.0,28.0,0.0,1.0,0.050000000000000044,1.5137459505349398,1.5037762112915516,0.03323237749282271
md_immediate_advantage_dqn,810,498,83.12730570137501,80.27363513454796,30.271837450563908,52.85546851158142,1.5051162159070373,16774.093070983887,0.0,25.0,0.0,1.0,0.050000000000000044,1.9015022814273834,1.8910437896847725,0.0348615957191214
md_immediate_advantage_dqn,810,499,76.27390445172787,80.54638532452286,27.51730866730213,48.756595903635024,1.492564151994884,15914.182531356812,0.0,23.0,0.0,2.0,0.050000000000000044,1.7477572839707136,1.7360130622982979,0.03914736595470458
md_immediate_advantage_dqn,810,500,74.92071955651045,79.68462444059551,26.96893958002329,47.951779663562775,1.4636196680366993,15502.667865753174,0.0,22.0,0.0,1.0,0.050000000000000044,1.8029950596392155,1.7924678474664688,0.035090729128569365
md_immediate_advantage_dqn,810,501,89.11036902666092,81.03299075365067,30.321470260620117,58.788898229599,1.5126326568424702,16480.132110595703,0.0,27.0,0.0,1.0,0.050000000000000044,1.6961481980979443,1.6868363544344902,0.031039408408105373
md_immediate_advantage_dqn,810,502,85.17008000761271,81.12842996947468,29.036564521491528,56.13351530730724,1.5036563398316503,16365.085777282715,0.0,27.0,0.0,1.0,0.050000000000000044,1.816228661686182,1.804671823978424,0.038522851187735796
md_immediate_advantage_dqn,810,503,94.1212763145566,81.92725044623018,31.464504934847355,62.65677149891853,1.5438202302902937,17662.597764968872,0.0,29.0,0.0,2.0,0.050000000000000044,1.4981922917068005,1.4888098575174809,0.03127474884968251
md_immediate_advantage_dqn,810,504,67.9142801836133,80.95376403056085,25.933080710470676,41.98119926452637,1.4058330422267318,14995.181907653809,0.0,21.0,0.0,1.0,0.050000000000000044,1.8246021196246147,1.8136458899825811,0.03652075049467385
md_immediate_advantage_dqn,810,505,75.0869184523821,79.94965755656362,27.934204563498497,47.15271405279636,1.467908882535994,16290.73713684082,0.0,21.0,0.0,2.0,0.050000000000000044,1.6854792386293411,1.6694364193826914,0.053476067492738366
md_immediate_advantage_dqn,810,506,73.10309544205666,80.08745650053025,26.771002426743507,46.33209237456322,1.4146508211269975,14832.298889160156,0.0,23.0,0.0,1.0,0.050000000000000044,1.6729622203856707,1.6616079080849886,0.03784763265866786
md_immediate_advantage_dqn,810,507,67.61156100779772,79.67943611480295,27.156569696962833,40.45499163866043,1.4574510781094432,15542.71968460083,0.0,21.0,0.0,0.0,0.050000000000000044,2.25784133002162,2.2487151250243187,0.030420734081417322
md_immediate_advantage_dqn,810,508,73.47076112926007,79.27625002644956,26.785271279513836,46.68549000620842,1.431366297416389,14753.372409820557,0.0,22.0,0.0,1.0,0.050000000000000044,1.6616174094378948,1.6500385124236345,0.03859635617118329
md_immediate_advantage_dqn,810,509,63.01316400170326,77.92714951582253,26.078771710395813,36.934392634034154,1.3861953113228083,14528.978004455566,0.0,19.0,0.0,2.0,0.050000000000000044,1.7569242417812347,1.745405875146389,0.038394510629586875
md_immediate_advantage_dqn,810,510,74.85641369968653,78.21937314771115,28.27213989943266,46.58427356183529,1.5011153491213918,16315.375720977783,0.0,23.0,0.0,1.0,0.050000000000000044,1.7316491473466158,1.7222138680517673,0.031450924230739474
md_immediate_advantage_dqn,810,511,75.66517421007157,77.34168636478485,27.407555729150772,48.25761876404285,1.4703112645074725,15557.737392425537,0.0,23.0,0.0,1.0,0.050000000000000044,1.3514533154666424,1.341635538265109,0.03272593719884753
md_immediate_advantage_dqn,810,512,85.77421392798423,77.8912644854933,30.26888532936573,55.505328479409215,1.5462764389812946,17340.233680725098,0.0,25.0,0.0,2.0,0.050000000000000044,1.7550820298492908,1.743433577939868,0.03882815840188414
md_immediate_advantage_dqn,810,513,76.20899911224842,77.87875753484667,26.671761080622673,49.53723794221878,1.4500523461028934,15406.221130371094,0.0,23.0,0.0,2.0,0.050000000000000044,1.5687664244323969,1.5603423230350018,0.02808029146399349
md_immediate_advantage_dqn,810,514,85.51215928792953,78.54597718887031,30.063160583376884,55.448998644948006,1.5375279523432255,17141.959003448486,0.0,26.0,0.0,0.0,0.050000000000000044,1.9657995142042637,1.9558610133826733,0.03312835399992764
md_immediate_advantage_dqn,810,515,80.172567383945,78.99691855229437,29.305622309446335,50.866945126652716,1.5197168132290244,16640.759635925293,0.0,26.0,0.0,1.0,0.050000000000000044,1.6338195987045765,1.6203634031116962,0.044853992061689496
md_immediate_advantage_dqn,810,516,81.28550151884556,78.87720118530096,27.355909921228886,53.92959108352661,1.482569488696754,15725.452648162842,0.0,24.0,0.0,2.0,0.050000000000000044,2.08687855117023,2.078163782134652,0.029049263685010374
md_immediate_advantage_dqn,810,517,65.73898674696684,77.40687255814673,25.396617725491524,40.34236908853054,1.399955302476883,14243.72638130188,0.0,22.0,0.0,2.0,0.050000000000000044,1.7937275059521198,1.785150721669197,0.028589327703230083
md_immediate_advantage_dqn,810,518,69.63517003655434,76.7322657749057,27.60550081729889,42.02966930866241,1.45184085983783,15276.605567932129,0.0,21.0,0.0,1.0,0.050000000000000044,1.6164899244904518,1.605340527370572,0.03716463840100914
md_immediate_advantage_dqn,810,519,77.80121514201164,76.8086313094199,27.21861696243286,50.58259877562523,1.4713530419394374,15621.73168182373,0.0,23.0,0.0,1.0,0.050000000000000044,1.8310890737921,1.8223567437380552,0.029107759473845363
md_immediate_advantage_dqn,810,520,71.34790631085635,76.62999064713719,26.8904779702425,44.45742806494236,1.4274019077420235,14977.795162200928,0.0,21.0,0.0,3.0,0.050000000000000044,1.6402794681489468,1.629596073180437,0.03561135719064623
md_immediate_advantage_dqn,810,521,96.74007932245732,77.01147616192699,32.66694674640894,64.07313252389432,1.5812361184507608,18378.468627929688,0.0,28.0,0.0,2.0,0.050000000000000044,1.5052544549107552,1.4968298599123955,0.02808200882282108
md_immediate_advantage_dqn,810,522,98.0571965932846,77.65583199121059,31.976717174053192,66.08047916591167,1.5548307299613953,17612.31077194214,0.0,28.0,0.0,6.0,0.050000000000000044,1.9930819980800152,1.9812342151999474,0.03949255053885281
md_immediate_advantage_dqn,810,523,78.93147199749947,76.89634177535774,28.634534142911434,50.29693838357925,1.483394487760961,16339.303108215332,0.0,24.0,0.0,1.0,0.050000000000000044,1.385386997833848,1.3762885443866253,0.030328168417327106
md_immediate_advantage_dqn,810,524,79.52980260550976,77.47711789645254,27.641248911619186,51.88855327665806,1.431634264998138,15421.567783355713,0.0,25.0,0.0,0.0,0.050000000000000044,1.3679634034633636,1.357917908579111,0.033485015272162855
md_immediate_advantage_dqn,810,525,75.41389198601246,77.49346657313406,28.029710292816162,47.384182035923004,1.5021241754293442,16240.127017974854,0.0,24.0,0.0,1.0,0.050000000000000044,1.4428168423473835,1.4326530639082193,0.03387930535245687
md_immediate_advantage_dqn,810,526,71.37319493442774,77.40697154775263,26.660689137876034,44.71250590085983,1.435374696739018,15085.80774307251,0.0,23.0,0.0,2.0,0.050000000000000044,1.6532456334680319,1.6438035406172276,0.03147362603340298
md_immediate_advantage_dqn,810,527,84.71018993258477,78.26190299399198,31.994210675358772,52.71597974896431,1.5677199736237526,18075.808826446533,0.0,25.0,0.0,2.0,0.050000000000000044,1.6453215796500444,1.6347076334059238,0.03537990467157215
md_immediate_advantage_dqn,810,528,72.15423794835806,78.19607683494688,26.182319425046444,45.971918389201164,1.4344109063968062,15150.578956604004,0.0,23.0,0.0,1.0,0.050000000000000044,2.39086221344769,2.3785756453871727,0.04095516772940755
md_immediate_advantage_dqn,810,529,84.84045760035515,79.28744151487948,31.988069370388985,52.85238866209984,1.5452171079814434,17707.689796447754,0.0,25.0,0.0,4.0,0.050000000000000044,1.447035063058138,1.4360848478972912,0.03650068922434002
md_immediate_advantage_dqn,810,530,79.78388017565013,79.53381483867767,28.344116739928722,51.439762556552886,1.4749580174684525,15845.671756744385,0.0,26.0,0.0,2.0,0.050000000000000044,2.1530012115836143,2.1434592828154564,0.03180645895190537
md_immediate_advantage_dqn,810,531,72.13094615042209,79.35710343569517,25.18167767673731,46.94926837682724,1.3984574731439352,14571.947746276855,0.0,23.0,0.0,4.0,0.050000000000000044,2.0368925780057907,2.028271619230509,0.028736504376865923
md_immediate_advantage_dqn,810,532,91.62383446097374,79.64958446234465,32.82979329675436,58.79404208064079,1.5834999373182654,18298.653469085693,0.0,26.0,0.0,0.0,0.050000000000000044,1.8919575680047274,1.8831904530525208,0.029223683406598866
md_immediate_advantage_dqn,810,533,91.38461532592774,80.40836527302862,32.07415169477463,59.31046327352524,1.5735843889415264,18173.65900039673,0.0,25.0,0.0,2.0,0.050000000000000044,2.156792726367712,2.148573599755764,0.027397059835493565
md_immediate_advantage_dqn,810,534,64.2599833548069,79.34575647637249,25.03194585442543,39.2280374109745,1.3764464920386672,14037.6489944458,0.0,20.0,0.0,2.0,0.050000000000000044,1.4659791458398104,1.4578500371426344,0.027097067912109196
md_immediate_advantage_dqn,810,535,71.20826156437397,78.89754118539393,28.248037114739418,42.960224613547325,1.4731776528060436,16273.616165161133,0.0,21.0,0.0,0.0,0.050000000000000044,2.273876551538706,2.26311457157135,0.035873239510692656
md_immediate_advantage_dqn,810,536,83.91729411482811,79.02913081519307,28.635519847273827,55.28177420794964,1.4972569420933723,16253.14268875122,0.0,26.0,0.0,1.0,0.050000000000000044,1.3602295070886612,1.35173355974257,0.028319865930825472
md_immediate_advantage_dqn,810,537,87.63289607465268,80.12382628157737,30.712140023708344,56.92075619995594,1.5253352243453264,17429.13883972168,0.0,26.0,0.0,2.0,0.050000000000000044,1.8200376704335213,1.8093161545693874,0.03573837992735207
md_immediate_advantage_dqn,810,538,93.99304438382387,81.34171999894083,32.2166850566864,61.77635870873928,1.5942492969334126,18849.349670410156,0.0,28.0,0.0,0.0,0.050000000000000044,1.9067212045192719,1.8994697201997042,0.02417162584606558
md_immediate_advantage_dqn,810,539,82.08864552825689,81.5560915182531,28.949590176343918,53.13905494213104,1.4746733773499727,16352.009330749512,0.0,25.0,0.0,2.0,0.050000000000000044,1.4285224992781878,1.4189145173877478,0.03202657087240368
md_immediate_advantage_dqn,810,540,86.35868705064058,82.30663055524231,30.410756327211857,55.94793128967285,1.5670233955606818,17960.551822662354,0.0,26.0,0.0,0.0,0.050000000000000044,1.4007767047733068,1.3929721768945456,0.026015109149739146
md_immediate_advantage_dqn,810,541,94.61216774582863,82.20023497641087,30.574365973472595,64.03780204057693,1.5470685213804245,17529.76829147339,0.0,27.0,0.0,0.0,0.050000000000000044,1.91530816629529,1.9058246724307537,0.03161162533797324
md_immediate_advantage_dqn,810,542,84.32833484113216,81.51379188880324,29.755385518074036,54.57294963598251,1.5091591365635395,16572.78839111328,0.0,26.0,0.0,2.0,0.050000000000000044,2.1813140716403723,2.1721336729824543,0.030601328588090837
md_immediate_advantage_dqn,810,543,84.76774796843529,81.80560568735004,28.916832230985165,55.85091584920883,1.489199855364859,16404.889484405518,0.0,26.0,0.0,0.0,0.050000000000000044,1.4156506471335888,1.4071094673126936,0.028470595832914114
md_immediate_advantage_dqn,810,544,60.89293746948242,80.87376243054867,25.769083559513092,35.12385468482971,1.3743281569331884,14650.951309204102,0.0,18.0,0.0,3.0,0.050000000000000044,1.8453828375786543,1.836503304541111,0.029598480788990855
md_immediate_advantage_dqn,810,545,89.75394113510848,81.59076488800346,31.554772920906544,58.19916788637638,1.5720102656632662,18343.26861190796,0.0,26.0,0.0,2.0,0.050000000000000044,2.420173393562436,2.411910841241479,0.027541878167539835
md_immediate_advantage_dqn,810,546,79.31181746125222,81.9876960143447,28.753022134304047,50.55879493951797,1.480065363459289,16018.73441696167,0.0,24.0,0.0,1.0,0.050000000000000044,1.8602457400411367,1.8482809457927942,0.039882615325041115
md_immediate_advantage_dqn,810,547,70.80357271432877,81.2923651534319,27.018330514431,43.78524203598499,1.4709590384736657,15933.226173400879,0.0,21.0,0.0,0.0,0.050000000000000044,1.730196014046669,1.7215852178633213,0.028702658019028604
md_immediate_advantage_dqn,810,548,99.49236359000206,82.65927143551411,34.2500264197588,65.24233714044094,1.6288629015907645,19492.291442871094,0.0,29.0,0.0,2.0,0.050000000000000044,1.9418866150081158,1.932001382112503,0.03295082785189152
md_immediate_advantage_dqn,810,549,69.3023483619094,81.88236597359182,26.25458414852619,43.04776434004307,1.4132866626605392,14717.127830505371,0.0,22.0,0.0,1.0,0.050000000000000044,1.8151721581816673,1.8057407476007938,0.03143809060566127
md_immediate_advantage_dqn,810,550,71.20527355521918,81.45343564257027,25.086317591369152,46.11895608305931,1.4272892735898495,14444.37313079834,0.0,22.0,0.0,1.0,0.050000000000000044,1.7236317414790392,1.7124893199652433,0.03714135114569217
md_immediate_advantage_dqn,810,551,74.37115272134542,81.56544597111643,26.826302736997604,47.54485012590885,1.436519824899733,14990.809593200684,0.0,24.0,0.0,1.0,0.050000000000000044,1.8871724344789982,1.8777753859758377,0.03132348827784881
md_immediate_advantage_dqn,810,552,85.87938389182091,81.2782234426588,28.851658321917057,57.027725756168365,1.5380548844113946,17007.4362449646,0.0,26.0,0.0,1.0,0.050000000000000044,1.5118674393743277,1.5050152149051428,0.022840734221972525
md_immediate_advantage_dqn,810,553,72.57617460936308,80.33780140683055,26.51793445646763,46.05824041366577,1.4278979850932956,14867.026958465576,0.0,21.0,0.0,1.0,0.050000000000000044,1.8082984760403633,1.7990120127797127,0.030954847810789943
md_immediate_advantage_dqn,810,554,70.42983995378017,80.64629423677921,26.7718593403697,43.65798078477383,1.432180537842214,14889.183532714844,0.0,21.0,0.0,0.0,0.050000000000000044,1.8034154698252678,1.7887575924396515,0.04885955329518765
md_immediate_advantage_dqn,810,555,79.61498122811318,81.06663021996619,28.67614345252514,50.938837790489195,1.4692123867571354,15953.228355407715,0.0,22.0,0.0,1.0,0.050000000000000044,2.333857886493206,2.325444206595421,0.028045586892403662
md_immediate_advantage_dqn,810,556,72.63495109379292,80.50251306891444,26.66861694306135,45.96633426249027,1.4491742942482233,15424.900764465332,0.0,23.0,0.0,1.0,0.050000000000000044,1.8229132127016783,1.8150629587471485,0.026167526957578957
md_immediate_advantage_dqn,810,557,92.66131217032671,80.75393387369813,31.66634214669466,60.99496993422508,1.5895129032433033,18303.7473487854,0.0,27.0,0.0,0.0,0.050000000000000044,1.7320630066096783,1.725461483001709,0.02200501784682274
md_immediate_advantage_dqn,810,558,69.33869515359402,79.52121641218665,27.07601799815893,42.26267710328102,1.4380447687581182,15361.96300125122,0.0,22.0,0.0,0.0,0.050000000000000044,1.6153979506343603,1.6073988769203424,0.02666360093280673
md_immediate_advantage_dqn,810,559,70.75347780436277,78.95445802599193,26.29790311306715,44.4555749297142,1.431491483002901,15280.0150680542,0.0,21.0,0.0,0.0,0.050000000000000044,1.8071438670158386,1.8005308266729116,0.022043480537831783
md_immediate_advantage_dqn,810,560,84.84250319153071,78.87864883303644,31.002299547195435,53.840203480422495,1.545699710957706,17604.408889770508,0.0,24.0,0.0,1.0,0.050000000000000044,1.798084296286106,1.790886066854,0.023994062619749457
md_immediate_advantage_dqn,810,561,81.24284511208535,78.21018270134928,27.740060441195965,53.50278409719467,1.480005613528192,15945.535289764404,0.0,24.0,0.0,1.0,0.050000000000000044,1.520822012796998,1.5114894807338715,0.031108431168831885
md_immediate_advantage_dqn,810,562,92.03047540932894,78.59528972975912,33.32156874239445,58.70890689790249,1.5979978200048208,18800.033004760742,0.0,26.0,0.0,1.0,0.050000000000000044,1.3773634769022465,1.3688935115933418,0.028233212884515524
md_immediate_advantage_dqn,810,563,74.1690449282527,78.06535457774999,27.202013947069645,46.967031174898146,1.479665911756456,15803.298782348633,0.0,24.0,0.0,1.0,0.050000000000000044,1.8763469438999891,1.8687381222844124,0.025362686021253467
md_immediate_advantage_dqn,810,564,72.83202879279852,78.66230914391579,27.305061392486095,45.52696675956249,1.462684960104525,15375.55354309082,0.0,22.0,0.0,1.0,0.050000000000000044,1.9565858766436577,1.947768159210682,0.029392318218015134
md_immediate_advantage_dqn,810,565,65.72868726402521,77.46104645036164,25.412165328860283,40.31652180850506,1.440578805282712,15024.956649780273,0.0,22.0,0.0,2.0,0.050000000000000044,1.8173184394836426,1.8090245723724365,0.027646208181977272
md_immediate_advantage_dqn,810,566,91.72760440409184,78.0818357975036,31.4817506223917,60.24585369229317,1.5546780275180936,18113.71678161621,0.0,26.0,0.0,0.0,0.050000000000000044,1.2789518628269434,1.2710085548460484,0.026477636711206287
md_immediate_advantage_dqn,810,567,74.38025961220265,78.26067014239729,25.687753051519394,48.6925061583519,1.3843261366710067,14471.093257904053,0.0,23.0,0.0,1.0,0.050000000000000044,2.031382091343403,2.02284399792552,0.028460286208428442
md_immediate_advantage_dqn,810,568,82.77154955267906,77.42462944053115,28.598434165120125,54.17311531305313,1.5176802705973387,16512.929080963135,0.0,26.0,0.0,3.0,0.050000000000000044,1.595933672040701,1.5871831849217415,0.029168312670663
md_immediate_advantage_dqn,810,569,89.1827152967453,78.41864778727293,31.58066527545452,57.60205000638962,1.5576452435925603,18087.8551902771,0.0,26.0,0.0,0.0,0.050000000000000044,1.76352658867836,1.7524143904447556,0.03704061172902584
md_immediate_advantage_dqn,810,570,78.07556913942099,78.76216256648304,29.667745478451252,48.40782334804535,1.5051646493375301,16572.788761138916,0.0,22.0,0.0,1.0,0.050000000000000044,2.3606181405484676,2.3532694578170776,0.0244956414680928
md_immediate_advantage_dqn,810,571,90.11838221699,79.54952404126526,30.816198505461216,59.30218324959278,1.5694020790979266,17645.594436645508,0.0,28.0,0.0,1.0,0.050000000000000044,1.677299577742815,1.670236710458994,0.02354292816016823
md_immediate_advantage_dqn,810,572,79.91769050955773,79.2514393721521,28.364750780165195,51.55294003486633,1.4566175173968077,15688.422504425049,0.0,25.0,0.0,2.0,0.050000000000000044,1.7533122971653938,1.744732640683651,0.02859889983665198
md_immediate_advantage_dqn,810,573,92.26560711860657,80.23591099761428,30.353463605046272,61.912143513560295,1.5241237692534924,17278.9324760437,0.0,28.0,0.0,0.0,0.050000000000000044,1.5503733716905117,1.5432034339755774,0.023899757186882198
md_immediate_advantage_dqn,810,574,67.47786595225334,80.08831229753793,27.25137346982956,40.22649284005165,1.4593436690047383,15735.401622772217,0.0,19.0,0.0,2.0,0.050000000000000044,1.6963898316025734,1.6861903425306082,0.03399830590933561
md_immediate_advantage_dqn,810,575,91.61789002418519,80.68845773734154,31.416591249406338,60.20129900574684,1.5322404084727168,17130.79538345337,0.0,27.0,0.0,1.0,0.050000000000000044,1.6071352772414684,1.5995635204017162,0.02523910580202937
md_immediate_advantage_dqn,810,576,75.31685999929906,80.82255318261683,26.73268347233534,48.58417669832706,1.4576083552092314,15422.289264678955,0.0,22.0,0.0,2.0,0.050000000000000044,1.806145878508687,1.7979065030813217,0.027464613551273942
md_immediate_advantage_dqn,810,577,78.14690121412278,80.09683263480665,27.68338280916214,50.463518345355986,1.4542647767812014,15219.985591888428,0.0,23.0,0.0,1.0,0.050000000000000044,1.507501432672143,1.498468203470111,0.030110751860775054
md_immediate_advantage_dqn,810,578,67.24139766395092,79.9919677603245,26.72429633885622,40.517101392149925,1.4336372492834926,15166.99893951416,0.0,21.0,0.0,1.0,0.050000000000000044,1.539961026981473,1.5316020846366882,0.02786308864597231
md_immediate_advantage_dqn,810,579,95.03759935498238,81.20617383785547,32.3603465333581,62.677253007888794,1.5757049592211843,18553.30576324463,0.0,27.0,0.0,1.0,0.050000000000000044,1.958888541907072,1.9506663400679827,0.02740729076322168
md_immediate_advantage_dqn,810,580,97.47846826314927,81.8379720914364,33.026928409934044,64.45153977870942,1.5591344004496932,18561.656692504883,0.0,27.0,0.0,2.0,0.050000000000000044,1.8667279202491045,1.8587333485484123,0.0266485937172547
md_immediate_advantage_dqn,810,581,96.35187676846981,82.59342367425562,33.616972617805004,62.734904530644414,1.6082969391718507,18857.403484344482,0.0,30.0,0.0,3.0,0.050000000000000044,1.7340913321822882,1.7261327300220728,0.026528735761530697
md_immediate_advantage_dqn,810,582,78.12478952854872,81.8981393802166,29.618426963686943,48.50636230409145,1.5134643828496337,16566.63543701172,0.0,24.0,0.0,1.0,0.050000000000000044,1.6544820629060268,1.6453087106347084,0.030577883822843432
md_immediate_advantage_dqn,810,583,78.27358374744654,82.1033663211763,30.221341468393803,48.052242666482925,1.509277637116611,17268.557582855225,0.0,24.0,0.0,0.0,0.050000000000000044,1.9829553700983524,1.97538685426116,0.025228392682038248
md_immediate_advantage_dqn,810,584,76.41573788970709,82.28255177602172,27.564518369734287,48.85121908783913,1.4703407492488623,15770.299629211426,0.0,23.0,0.0,1.0,0.050000000000000044,2.061047874391079,2.0542574655264616,0.02263464406132698
md_immediate_advantage_dqn,810,585,80.88647756129504,83.04044129088523,29.742103926837444,51.14437382817268,1.5188196171075106,16855.697566986084,0.0,23.0,0.0,3.0,0.050000000000000044,1.6469198949635029,1.63938719779253,0.025108941830694675
md_immediate_advantage_dqn,810,586,66.6166847512126,81.78489530824126,26.123302675783634,40.49338253736496,1.4044909691438079,15034.281841278076,0.0,22.0,0.0,2.0,0.050000000000000044,1.9044396299868822,1.8969715293496847,0.024893677327781916
md_immediate_advantage_dqn,810,587,72.26385536044836,81.67907509565354,27.700950406491756,44.562905341386795,1.4671049043536186,16049.620655059814,0.0,21.0,0.0,2.0,0.050000000000000044,1.6055321600288153,1.59704221598804,0.02829984691925347
md_immediate_advantage_dqn,810,588,80.95008137822151,81.58800168693067,29.84473678469658,51.105344489216805,1.5178573168814182,16999.95938873291,0.0,24.0,0.0,1.0,0.050000000000000044,1.5211182609200478,1.5100396871566772,0.036928542191162705
md_immediate_advantage_dqn,810,589,98.66311688125134,82.06202176615598,34.213719837367535,64.44939764738083,1.6350628593936563,19272.793087005615,0.0,30.0,0.0,1.0,0.050000000000000044,1.8851957451552153,1.878178033977747,0.023392363684251904
md_immediate_advantage_dqn,810,590,82.24339806288481,82.27041321232916,29.567888513207436,52.6755091547966,1.5439450405538082,16850.962280273438,0.0,24.0,0.0,2.0,0.050000000000000044,1.770490925759077,1.764425814151764,0.020217027224134654
md_immediate_advantage_dqn,810,591,82.33580167889595,81.88128418542445,28.75044783949852,53.58535422682762,1.5150823360309005,16256.619079589844,0.0,26.0,0.0,2.0,0.050000000000000044,2.0729099810123444,2.0633856430649757,0.03174773743376136
md_immediate_advantage_dqn,810,592,96.11142876893283,82.6909710983932,31.709001153707504,64.40242780148984,1.5815977500751615,17822.972187042236,0.0,28.0,0.0,1.0,0.050000000000000044,1.5920441560447216,1.5839582458138466,0.02695311070419848
md_immediate_advantage_dqn,810,593,82.9695270434022,82.22616709463298,30.110622189939022,52.85890471935272,1.503059665672481,16917.77985572815,0.0,23.0,0.0,1.0,0.050000000000000044,1.6116629652678967,1.6035304572433233,0.027108342852443457
md_immediate_advantage_dqn,810,594,74.27734373509884,82.56614098377526,26.31377048790455,47.96357345581055,1.4292625831440091,15155.090160369873,0.0,23.0,0.0,1.0,0.050000000000000044,1.5273162219673395,1.5204852018505335,0.022770055860746652
md_immediate_advantage_dqn,810,595,97.24233792722225,82.84736337892711,30.078073501586914,67.16426426172256,1.5825243825092912,17593.969394683838,0.0,29.0,0.0,0.0,0.050000000000000044,1.9748806059360504,1.9674654304981232,0.02471722208429128
md_immediate_advantage_dqn,810,596,67.78606005907059,82.4708233819157,26.41756246984005,41.36849766373634,1.4360460005700588,14782.279029846191,0.0,20.0,0.0,4.0,0.050000000000000044,1.6792322304099798,1.668805118650198,0.034757085726596415
md_immediate_advantage_dqn,810,597,90.62124993652105,83.0945408180356,31.968304127454758,58.652946293354034,1.564155364409089,17866.605087280273,0.0,26.0,0.0,2.0,0.050000000000000044,1.8229455780237913,1.8162409979850054,0.02234860311727971
md_immediate_advantage_dqn,810,598,86.12928107380867,84.0389349885285,31.759800627827644,54.3694808781147,1.5619651935994625,18155.66119003296,0.0,26.0,0.0,1.0,0.050000000000000044,1.6527129132300615,1.642782099545002,0.03310272819362581
md_immediate_advantage_dqn,810,599,81.03783884197473,83.33894696287811,29.757101230323315,51.28073703050613,1.50998708140105,16762.43921661377,0.0,22.0,0.0,2.0,0.050000000000000044,1.8546499218791723,1.8455856051295996,0.03021443891339004
