variant,model_seed,episode,cost,rolling_cost,immediate_cost,penalty,energy_use,latency_ms,thermal_violation,energy_violation,queue_violation,contact_violation,epsilon,loss,td_loss,auxiliary_loss
standard_dqn,816,0,107.90568296015263,107.90568296015263,38.159915909171104,69.74576717019082,1.7034717109054327,22651.65615081787,0.0,31.0,0.0,1.0,0.9954761904761905,,,
standard_dqn,816,1,126.14232472212775,117.0240038411402,44.383019007742405,81.75930571438533,1.7649812884628773,25483.607444763184,0.0,34.0,2.0,1.0,0.9909523809523809,1.305266261100769,1.305266261100769,0.0
standard_dqn,816,2,121.83845387338916,118.62882051855651,40.915197007358074,80.92325705974618,1.815450169146061,24430.4175491333,0.0,32.0,7.0,1.0,0.9864285714285714,1.1526236571371555,1.1526236571371555,0.0
standard_dqn,816,3,124.34898738419338,120.05886223496573,42.83472643047571,81.51426112508102,1.8628989020362496,25700.98861694336,0.0,34.0,2.0,1.0,0.981904761904762,1.1142835691571236,1.1142835691571236,0.0
standard_dqn,816,4,100.89800855517387,116.22669149900734,37.616696402430534,63.28131215274334,1.763281392864883,22890.14497566223,0.0,26.0,0.0,0.0,0.9773809523809524,0.9846838787198067,0.9846838787198067,0.0
standard_dqn,816,5,107.2160205245018,114.72491300325642,39.849977910518646,67.36604262888432,1.7863801876083016,23626.409435272217,0.0,31.0,0.0,0.0,0.9728571428571429,0.8040002286434174,0.8040002286434174,0.0
standard_dqn,816,6,168.212057699998,122.3659336742195,42.93295815587044,125.27909960373228,1.8375248815864325,25445.27409172058,0.0,37.0,31.0,0.0,0.9683333333333334,0.7283144891262054,0.7283144891262054,0.0
standard_dqn,816,7,309.30356872080813,145.7331380550431,41.52468290925026,267.7788858115579,1.9959246581420302,26767.767963409424,0.0,41.0,57.0,1.0,0.9638095238095238,0.9221831634640694,0.9221831634640694,0.0
standard_dqn,816,8,118.41117706894875,142.69736461214373,40.86380858719349,77.54736782610416,1.7913096100091934,24154.84270477295,0.0,32.0,0.0,2.0,0.9592857142857143,1.1166805252432823,1.1166805252432823,0.0
standard_dqn,816,9,112.76508817076683,139.70413696800603,38.08078622817993,74.68430230021477,1.6956556104123592,22159.850301742554,0.0,31.0,0.0,0.0,0.9547619047619048,0.8727771826088428,0.8727771826088428,0.0
standard_dqn,816,10,118.30943013131619,137.75916361921605,38.95576845109463,79.3536621272564,1.760083475150168,22420.668479919434,0.0,33.0,0.0,1.0,0.9502380952380952,0.7172263376414776,0.7172263376414776,0.0
standard_dqn,816,11,101.01580558717251,134.69721711654577,33.50816752016544,67.50763811171055,1.611597653478384,19706.33625793457,0.0,29.0,0.0,1.0,0.9457142857142857,0.5587655007839203,0.5587655007839203,0.0
standard_dqn,816,12,106.15839648620504,132.50192322190418,38.347787231206894,67.81060861424821,1.7543831206858158,23108.336280822754,0.0,30.0,6.0,1.0,0.9411904761904761,0.422210518270731,0.422210518270731,0.0
standard_dqn,816,13,108.19173676520586,130.76548133214,37.28816995769739,70.90356731414795,1.7096986221149564,22151.43532562256,0.0,31.0,0.0,0.0,0.9366666666666666,0.32191995717585087,0.32191995717585087,0.0
standard_dqn,816,14,120.14521869270969,130.05746382284465,38.797925874590874,81.34729269890953,1.77713886462152,23725.151977539062,0.0,32.0,12.0,1.0,0.9321428571428572,0.2834509629756212,0.2834509629756212,0.0
standard_dqn,816,15,131.71186575680971,130.16086394371746,42.398121647536755,89.313744019866,1.8279542326927185,25121.929836273193,0.0,39.0,2.0,0.0,0.9276190476190476,0.5754978507757187,0.5754978507757187,0.0
standard_dqn,816,16,112.03946524858475,129.094899314592,35.696554720401764,76.34291076660156,1.6482874592766166,20819.792030334473,0.0,34.0,0.0,0.0,0.9230952380952381,0.6526630185544491,0.6526630185544491,0.0
standard_dqn,816,17,154.4995240983179,130.50626735813233,46.45694810152054,108.04257607130313,1.8904873775318265,27037.699584960938,0.0,34.0,21.0,0.0,0.9185714285714286,0.43483553640544415,0.43483553640544415,0.0
standard_dqn,816,18,121.5385989816191,130.03428481200007,39.24433906376362,82.29425890457652,1.7530255997553468,22988.82586669922,0.0,36.0,3.0,1.0,0.914047619047619,0.3152991607785225,0.3152991607785225,0.0
standard_dqn,816,19,129.21261672981922,129.99320140789104,43.98375375568867,85.22886303373521,1.8638508217409253,25928.068424224854,0.0,33.0,8.0,0.0,0.9095238095238095,0.28857894241809845,0.28857894241809845,0.0
standard_dqn,816,20,176.67105930322404,133.4314702250446,37.48422145843506,139.18683803850405,1.8443270232528448,23482.262649536133,0.0,37.0,31.0,0.0,0.905,0.2896442376077175,0.2896442376077175,0.0
standard_dqn,816,21,134.14632632234463,133.8316703050554,39.89659149944782,94.24973498680956,1.8366826232522726,24573.878772735596,0.0,33.0,21.0,0.0,0.9004761904761904,0.256783414632082,0.256783414632082,0.0
standard_dqn,816,22,103.76702354848385,132.92809878881013,39.96844954043627,63.79857471585274,1.6962885642424226,22834.88593673706,0.0,29.0,0.0,0.0,0.895952380952381,0.2391422102227807,0.2391422102227807,0.0
standard_dqn,816,23,130.54250251368185,133.2377745452846,40.308173790574074,90.23432872310781,1.7766803707927465,23973.6273727417,0.0,34.0,16.0,1.0,0.8914285714285715,0.603959584608674,0.603959584608674,0.0
standard_dqn,816,24,105.54356797039509,133.47005251604566,36.5616440474987,68.98192359507084,1.7040242766961455,21606.660976409912,0.0,30.0,0.0,0.0,0.8869047619047619,0.5861928351223469,0.5861928351223469,0.0
standard_dqn,816,25,143.66524828191967,135.29251390391656,44.31231598556042,99.35293226655699,1.835576825775206,26016.564567565918,0.0,34.0,23.0,2.0,0.8823809523809524,0.3918365593999624,0.3918365593999624,0.0
standard_dqn,816,26,144.41313560145005,134.10256779898913,43.945059418678284,100.4680753632079,1.8556020138785243,25811.989822387695,0.0,35.0,14.0,0.0,0.8778571428571429,0.3493210431188345,0.3493210431188345,0.0
standard_dqn,816,27,146.07458710889753,125.9411187183936,41.36194112896919,104.712645950126,1.8803283954039216,24923.34055328369,0.0,35.0,22.0,1.0,0.8733333333333333,0.3319360688328743,0.3319360688328743,0.0
standard_dqn,816,28,125.99934756271934,126.32052724308213,39.04002275317907,86.95932483934259,1.8512526471167803,24497.176891326904,0.0,29.0,9.0,1.0,0.8688095238095238,0.30555050261318684,0.30555050261318684,0.0
standard_dqn,816,29,104.05067610144616,125.88480663961612,35.29022817313671,68.76044822633267,1.635742312297225,20650.681640625,0.0,30.0,0.0,2.0,0.8642857142857143,0.34377288818359375,0.34377288818359375,0.0
standard_dqn,816,30,109.31660183668137,125.43516522488437,36.771355114877224,72.54524677395821,1.6463431799784303,21157.558074951172,0.0,31.0,0.0,1.0,0.8597619047619047,0.32402731012552977,0.32402731012552977,0.0
standard_dqn,816,31,130.7950981498412,126.9241298530178,38.07462313771248,92.72047504193108,1.805635335855186,23452.45523071289,0.0,34.0,22.0,0.0,0.8552380952380952,0.7181871980428696,0.7181871980428696,0.0
standard_dqn,816,32,134.27330453408874,128.329875255412,42.45008027553558,91.82322410954153,1.84925736207515,25016.484008789062,0.0,34.0,17.0,1.0,0.8507142857142858,0.49318432062864304,0.49318432062864304,0.0
standard_dqn,816,33,157.16294578465659,130.77843570638453,42.36985558271408,114.79309044036108,1.884796166792512,25941.929092407227,0.0,36.0,23.0,0.0,0.8461904761904762,0.5062909675762057,0.5062909675762057,0.0
standard_dqn,816,34,119.64941770790224,130.75364565714412,37.03250929713249,82.61690887270575,1.7970100734382868,23084.04186820984,0.0,33.0,4.0,0.0,0.8416666666666667,0.4213642571121454,0.4213642571121454,0.0
standard_dqn,816,35,122.73685144172046,130.30489494138968,39.170004934072495,83.56684671626422,1.8012872766703367,23599.99806213379,0.0,33.0,6.0,0.0,0.8371428571428572,0.40930818393826485,0.40930818393826485,0.0
standard_dqn,816,36,88.80620955824853,129.14323215687287,32.03588852286339,56.77032043933868,1.5979576306417584,18764.605575561523,0.0,24.0,0.0,1.0,0.8326190476190476,0.38634421955794096,0.38634421955794096,0.0
standard_dqn,816,37,110.24405437707901,126.9304586708109,38.64910877496004,71.5949460119009,1.6983540672808886,22335.507762908936,0.0,31.0,0.0,2.0,0.8280952380952381,0.3602610919624567,0.3602610919624567,0.0
standard_dqn,816,38,119.39328439682723,126.82319294157135,36.28050075471401,83.11278320997954,1.714031083509326,21349.07423400879,0.0,35.0,0.0,1.0,0.8235714285714286,0.3840290866792202,0.3840290866792202,0.0
standard_dqn,816,39,129.26896364726514,126.82601028744364,44.712465316057205,84.55649821199863,1.891782314516604,25949.096294403076,0.0,33.0,6.0,1.0,0.819047619047619,0.8786619566380978,0.8786619566380978,0.0
standard_dqn,816,40,98.41842111200094,122.91337837788248,36.43431360274553,61.984107688069344,1.6559452433139086,20667.612045288086,0.0,27.0,0.0,0.0,0.8145238095238095,0.5662258882075548,0.5662258882075548,0.0
standard_dqn,816,41,229.33147344648037,127.67263573408927,41.21681897342205,188.11465447305832,1.9035053625702858,24476.31446838379,0.0,40.0,46.0,2.0,0.81,0.5324232131242752,0.5324232131242752,0.0
standard_dqn,816,42,115.55203545093536,128.26188632921185,41.78375667333603,73.76827853918076,1.694111393764615,23194.382766723633,0.0,32.0,0.0,0.0,0.8054761904761905,0.512671085074544,0.512671085074544,0.0
standard_dqn,816,43,114.0668779551983,127.43810510128768,41.220858573913574,72.84602024555207,1.813818659633398,24306.55429458618,0.0,30.0,0.0,1.0,0.800952380952381,0.4934465270489454,0.4934465270489454,0.0
standard_dqn,816,44,108.25213746130467,127.57353357583315,38.92623682320118,69.32590060830117,1.7160217724740505,22362.810947418213,0.0,30.0,0.0,1.0,0.7964285714285715,0.42605165857821703,0.42605165857821703,0.0
standard_dqn,816,45,119.69701830202047,126.3751220768382,40.81416368484497,78.88285425954763,1.8174132583662868,23993.99398803711,0.0,32.0,1.0,1.0,0.7919047619047619,0.39882897678762674,0.39882897678762674,0.0
standard_dqn,816,46,112.86212010681629,124.7975713021065,36.31846471130848,76.54365563392639,1.7862024959176779,21980.73307800293,0.0,33.0,0.0,0.0,0.7873809523809524,0.5280898874625564,0.5280898874625564,0.0
standard_dqn,816,47,109.9350720272786,122.99059554802554,38.895652025938034,71.03941991193359,1.8441936848685145,23953.05727005005,0.0,30.0,4.0,0.0,0.7828571428571429,0.803025059401989,0.803025059401989,0.0
standard_dqn,816,48,112.79496296644211,122.33037631821169,37.75518353283405,75.03977916538716,1.735205614939332,22262.995429992676,0.0,32.0,0.0,1.0,0.7783333333333333,0.5653062257915735,0.5653062257915735,0.0
standard_dqn,816,49,103.8049310386181,122.31808906507031,36.139638900756836,67.6652921974659,1.7333672353997827,21249.74935913086,0.0,29.0,0.0,2.0,0.7738095238095238,0.5847545396536589,0.5847545396536589,0.0
standard_dqn,816,50,107.0731643140316,122.20591718893782,38.5254011452198,68.54776346683502,1.682090425863862,22275.992555618286,0.0,29.0,0.0,0.0,0.7692857142857144,0.459725109860301,0.459725109860301,0.0
standard_dqn,816,51,101.41098423302174,120.73671149309685,35.06648348271847,66.34450083971024,1.6702812518924475,20607.01064300537,0.0,29.0,0.0,1.0,0.7647619047619048,0.5018430631607771,0.5018430631607771,0.0
standard_dqn,816,52,110.0278497338295,119.52443875308386,37.02817702293396,72.99967269599438,1.6840281281620264,21278.038986206055,0.0,31.0,0.0,0.0,0.7602380952380953,0.47172729205340147,0.47172729205340147,0.0
standard_dqn,816,53,104.6805782109499,116.90032037439853,38.578348740935326,66.10222939550877,1.6569721847772598,21918.7857131958,0.0,29.0,0.0,1.0,0.7557142857142858,0.5106319449841976,0.5106319449841976,0.0
standard_dqn,816,54,137.06985884969183,117.77134243148801,41.147224590182304,95.92263367836424,1.869233289733529,24606.08378982544,0.0,38.0,8.0,3.0,0.7511904761904762,0.6008808044716716,0.6008808044716716,0.0
standard_dqn,816,55,101.31881591677666,116.7004406552408,37.24163378030062,64.07718160748482,1.6827916419133544,21578.459701538086,0.0,29.0,0.0,1.0,0.7466666666666667,0.6942618023604155,0.6942618023604155,0.0
standard_dqn,816,56,117.91622217497569,118.15594128607718,40.37060657888651,77.54561580470542,1.8411186169832945,24117.77837753296,0.0,31.0,8.0,1.0,0.7421428571428572,0.6497800853103399,0.6497800853103399,0.0
standard_dqn,816,57,113.64750185608864,118.32611366002766,36.32289320230484,77.32460889220238,1.6745488485321403,20907.319664001465,0.0,33.0,0.0,0.0,0.7376190476190476,0.6408605668693781,0.6408605668693781,0.0
standard_dqn,816,58,128.41688573360443,118.77729372686652,42.806539952754974,85.61034572124481,1.8111838279291987,24520.825485229492,0.0,36.0,0.0,0.0,0.7330952380952381,0.5849760193377733,0.5849760193377733,0.0
standard_dqn,816,59,117.4600629746914,118.18684869323783,40.75236092507839,76.7077017813921,1.758087924681604,23256.480781555176,0.0,31.0,0.0,1.0,0.7285714285714286,0.6322652827948332,0.6322652827948332,0.0
standard_dqn,816,60,178.13335316446387,122.17259529586094,47.41186326742172,130.72149001625144,1.9557983065024018,27918.208839416504,0.0,36.0,29.0,1.0,0.724047619047619,0.5935891410335898,0.5935891410335898,0.0
standard_dqn,816,61,110.26669237017632,116.21935624204578,37.31032568216324,72.95636658370495,1.7075662110000849,21750.52431869507,0.0,32.0,0.0,0.0,0.7195238095238095,0.6139534246176481,0.6139534246176481,0.0
standard_dqn,816,62,104.61129567027092,115.67231925301255,40.35979749262333,64.2514985203743,1.7300842367112637,22886.109634399414,0.0,28.0,0.0,1.0,0.7150000000000001,0.7701226454228163,0.7701226454228163,0.0
standard_dqn,816,63,112.09665322303772,115.57380801640451,36.630388125777245,75.46626549959183,1.7276419075205922,21679.157886505127,0.0,33.0,0.0,0.0,0.7104761904761905,0.7286413051187992,0.7286413051187992,0.0
standard_dqn,816,64,107.20078434050083,115.52124036036432,38.4741975069046,68.72658698260784,1.7462888956069946,22651.97286605835,0.0,30.0,0.0,2.0,0.7059523809523809,0.6067707575857639,0.6067707575857639,0.0
standard_dqn,816,65,111.26343585808269,115.09956123816744,36.49955104291439,74.7638855453252,1.774892988614738,21637.365226745605,0.0,34.0,3.0,0.0,0.7014285714285715,0.6740565095096827,0.6740565095096827,0.0
standard_dqn,816,66,144.53642498655637,116.68327648215445,47.77418413758278,96.76224110229333,1.9822263410314918,27730.780992507935,0.0,37.0,13.0,1.0,0.6969047619047619,0.5541354138404131,0.5541354138404131,0.0
standard_dqn,816,67,106.94179044961929,116.53361240327149,36.7456042021513,70.19618641138076,1.7387908669188619,21835.715732574463,0.0,31.0,0.0,2.0,0.6923809523809523,0.6981736347079277,0.6981736347079277,0.0
standard_dqn,816,68,109.10972246676684,116.34935037828772,39.10997010022402,69.99975261986256,1.6546664200723171,21914.30760574341,0.0,30.0,0.0,1.0,0.687857142857143,0.5664131669327617,0.5664131669327617,0.0
standard_dqn,816,69,100.63611873686314,116.19090976319997,36.68104773759842,63.955070924758914,1.6201682249084115,20203.066677093506,0.0,29.0,0.0,3.0,0.6833333333333333,0.5745231416076422,0.5745231416076422,0.0
standard_dqn,816,70,119.309713922441,116.80273724362041,40.18375017493963,79.12596380710602,1.8413161784410477,23859.72512435913,0.0,33.0,0.0,2.0,0.6788095238095238,0.8728646747767925,0.8728646747767925,0.0
standard_dqn,816,71,115.96767964363099,117.5305720141509,36.87431026995182,79.09336846470833,1.7204609047621489,21452.449251174927,0.0,35.0,0.0,2.0,0.6742857142857144,0.7290804572403431,0.7290804572403431,0.0
standard_dqn,816,72,90.17871079146862,116.53811506703289,33.47762233018875,56.701088684797284,1.5815698513761163,19252.170928955078,0.0,25.0,0.0,3.0,0.6697619047619048,0.6235642526298761,0.6235642526298761,0.0
standard_dqn,816,73,113.70379719138145,116.98927601605445,42.251687094569206,71.45211039483547,1.7331792945042253,23703.372444152832,0.0,31.0,0.0,0.0,0.6652380952380952,0.7357171159237623,0.7357171159237623,0.0
standard_dqn,816,74,102.80103126466274,115.27583463680301,36.24767889082432,66.55335299968719,1.638486897572875,20832.533031463623,0.0,28.0,0.0,3.0,0.6607142857142857,0.6367562282830477,0.6367562282830477,0.0
standard_dqn,816,75,109.72309049963951,115.69604836594613,37.2734946757555,72.44959592819214,1.751411285251379,22554.121143341064,0.0,28.0,0.0,2.0,0.6561904761904762,0.6621180810034275,0.6621180810034275,0.0
standard_dqn,816,76,113.1368215918541,115.45707833679005,39.90578477084637,73.23103801310063,1.7193495957180858,22744.553367614746,0.0,32.0,0.0,1.0,0.6516666666666667,0.6624655667692423,0.6624655667692423,0.0
standard_dqn,816,77,121.41955674439669,115.84568108120546,37.12899578362703,84.29056103527546,1.75688889157027,21765.664714813232,0.0,35.0,0.0,0.0,0.6471428571428571,0.5882267542183399,0.5882267542183399,0.0
standard_dqn,816,78,108.64709289371967,114.85719143921122,32.30588936060667,76.34120348095894,1.6458009611815214,19016.264251708984,0.0,33.0,0.0,0.0,0.6426190476190476,0.98697404935956,0.98697404935956,0.0
standard_dqn,816,79,112.12065755724907,114.5902211683391,39.585567608475685,72.5350898295641,1.686698324047029,21928.12091064453,0.0,33.0,0.0,1.0,0.6380952380952382,0.8267598878592253,0.8267598878592253,0.0
standard_dqn,816,80,110.76455967128277,111.22178149368003,39.653040423989296,71.11151874065399,1.6785560781136155,22006.468006134033,0.0,31.0,0.0,0.0,0.6335714285714286,0.6582470256835222,0.6582470256835222,0.0
standard_dqn,816,81,111.07248593270779,111.26207117180664,38.580139726400375,72.49234564006329,1.6829375941306353,21288.2996673584,0.0,31.0,0.0,2.0,0.6290476190476191,0.9184898212552071,0.9184898212552071,0.0
standard_dqn,816,82,114.80076675415039,111.7715447260006,39.187047347426414,75.613719317317,1.7281588977202773,22099.237199783325,0.0,31.0,0.0,2.0,0.6245238095238095,0.6640323996543884,0.6640323996543884,0.0
standard_dqn,816,83,117.79168166220188,112.0562961479588,39.70915573835373,78.0825265198946,1.7579534826800227,22606.722198486328,0.0,33.0,0.0,1.0,0.62,0.8352631069719791,0.8352631069719791,0.0
standard_dqn,816,84,103.44134792089463,111.8683243269785,37.12634219229221,66.3150058478117,1.711582189425826,21693.550121307373,0.0,29.0,0.0,2.0,0.6154761904761905,0.6890525333583355,0.6890525333583355,0.0
standard_dqn,816,85,95.48403789103031,111.07935442862586,34.70626775175333,60.77776983380318,1.7225317964330316,20610.250492095947,0.0,28.0,0.0,0.0,0.6109523809523809,0.6839120592921972,0.6839120592921972,0.0
standard_dqn,816,86,103.20935369431973,109.01300086401405,35.61645355075598,67.59290041923524,1.6335159549489617,20327.959758758545,0.0,28.0,0.0,3.0,0.6064285714285714,0.9242438301444054,0.9242438301444054,0.0
standard_dqn,816,87,127.09688994288445,110.02075583867729,42.274326384067535,84.8225634098053,1.8035629037767649,24033.66063308716,0.0,35.0,0.0,0.0,0.6019047619047619,0.8322023320943117,0.8322023320943117,0.0
standard_dqn,816,88,109.2423491999507,110.02738717533649,37.407548286020756,71.83480054140091,1.7188134510070086,21829.44284439087,0.0,30.0,0.0,0.0,0.5973809523809523,0.8391188681125641,0.8391188681125641,0.0
standard_dqn,816,89,119.0694899559021,110.94905573628844,43.65221345424652,75.4172757267952,1.7830108990892768,24579.22315979004,0.0,33.0,0.0,1.0,0.592857142857143,0.7846278473734856,0.7846278473734856,0.0
standard_dqn,816,90,97.22245367616415,109.84469272397459,35.12931873649359,62.09313437342644,1.6484233923256397,20635.705348968506,0.0,25.0,0.0,0.0,0.5883333333333334,0.7524127531796694,0.7524127531796694,0.0
standard_dqn,816,91,97.41272439062595,108.91694496132433,33.98155730217695,63.431167319417,1.5922565506771207,19316.177047729492,0.0,28.0,0.0,0.0,0.5838095238095238,0.82352508418262,0.82352508418262,0.0
standard_dqn,816,92,117.12415041029453,110.26421694226562,42.74834722280502,74.37580302357674,1.774857166223228,24209.772819519043,0.0,34.0,0.0,0.0,0.5792857142857144,0.7176417075097561,0.7176417075097561,0.0
standard_dqn,816,93,103.29924649894238,109.7439894076437,36.44053111970425,66.85871558785439,1.648041476495564,20470.161867141724,0.0,29.0,0.0,1.0,0.5747619047619048,0.9619018249213696,0.9619018249213696,0.0
standard_dqn,816,94,116.93000015616417,110.45043785221876,39.30802163481712,77.62197913229465,1.7164909532293677,22447.171270370483,0.0,33.0,0.0,0.0,0.5702380952380952,0.8704282119870186,0.8704282119870186,0.0
standard_dqn,816,95,127.42522585126429,111.3355446198,40.72547988593578,86.69974592062502,1.839804737828672,23366.238410949707,0.0,35.0,12.0,3.0,0.5657142857142857,0.81728445738554,0.81728445738554,0.0
standard_dqn,816,96,116.28963160514832,111.4931851204647,42.955055713653564,73.33457630872726,1.8855849299579859,25586.338176727295,0.0,29.0,0.0,1.0,0.5611904761904762,0.8500754479318857,0.8500754479318857,0.0
standard_dqn,816,97,111.2196074128151,110.98318765388562,37.69357547163963,73.52603203058243,1.7116945711895823,21598.49984741211,0.0,31.0,0.0,0.0,0.5566666666666666,0.7384382542222738,0.7384382542222738,0.0
standard_dqn,816,98,100.72261103242636,110.58696356082096,36.70342694967985,64.01918375492096,1.655441085807979,20955.19351196289,0.0,28.0,0.0,1.0,0.5521428571428572,0.9913129080086946,0.9913129080086946,0.0
standard_dqn,816,99,108.91055002808571,110.42645818436279,38.88253837823868,70.02801087498665,1.6907272851094604,22161.27285003662,0.0,30.0,0.0,1.0,0.5476190476190477,0.7376959044486284,0.7376959044486284,0.0
standard_dqn,816,100,105.0884917229414,110.14265478694571,36.61028844118118,68.47820283472538,1.660239321179688,20489.735591888428,0.0,30.0,0.0,1.0,0.5430952380952381,0.6908484101295471,0.6908484101295471,0.0
standard_dqn,816,101,98.6700871437788,109.52253484749926,37.93145801126957,60.73862938582897,1.6380975302308798,21301.2345161438,0.0,27.0,0.0,0.0,0.5385714285714286,0.798964312300086,0.798964312300086,0.0
standard_dqn,816,102,109.91118140518665,109.27805558005107,39.87017856538296,70.04100279510021,1.7786392886191607,23421.756378173828,0.0,29.0,0.0,1.0,0.5340476190476191,0.9572756793349981,0.9572756793349981,0.0
standard_dqn,816,103,116.98809379339218,109.23787618661058,40.379893749952316,76.60820060968399,1.805883463472128,23709.7889251709,0.0,32.0,0.0,0.0,0.5295238095238095,0.8778982441872358,0.8778982441872358,0.0
standard_dqn,816,104,99.07756992429495,109.01968728678062,33.62652326375246,65.45104706287384,1.6394548043608665,19200.74647140503,0.0,29.0,0.0,0.0,0.525,0.8862580806016922,0.8862580806016922,0.0
standard_dqn,816,105,100.25796730071306,109.25838375726475,37.68084117025137,62.57712587714195,1.696101556532085,21933.296421051025,0.0,27.0,0.0,0.0,0.5204761904761905,0.9197713080793619,0.9197713080793619,0.0
standard_dqn,816,106,85.61010236293077,108.3784211906953,32.13251478970051,53.477587431669235,1.5645294273272157,18316.05996322632,0.0,25.0,0.0,0.0,0.5159523809523809,0.9939162582159042,0.9939162582159042,0.0
standard_dqn,816,107,91.55987640023231,106.6015705135627,34.880663707852364,56.67921234965324,1.6018801098689437,19451.3244972229,0.0,25.0,0.0,3.0,0.5114285714285716,0.8553934004157782,0.8553934004157782,0.0
standard_dqn,816,108,102.07805250585079,106.24335567885768,36.62802904844284,65.45002299547195,1.5990336555987597,20261.414403915405,0.0,31.0,0.0,0.0,0.506904761904762,0.9311453700065613,0.9311453700065613,0.0
standard_dqn,816,109,108.84580167084933,105.73217126460506,36.907110653817654,71.93869140446186,1.7065304182469845,20764.26428604126,0.0,31.0,0.0,3.0,0.5023809523809524,1.165459018200636,1.165459018200636,0.0
standard_dqn,816,110,102.27625126540661,105.9848611440672,34.853742092847824,67.42250909805298,1.65487118717283,19969.075401306152,0.0,30.0,0.0,1.0,0.4978571428571429,1.0358037017285824,1.0358037017285824,0.0
standard_dqn,816,111,93.20818834006786,105.77463434153928,35.529277101159096,57.678911089897156,1.578958840109408,19692.347080230713,0.0,26.0,0.0,0.0,0.4933333333333334,0.8677526582032442,0.8677526582032442,0.0
standard_dqn,816,112,94.91003252565861,104.66392844730748,33.59669718146324,61.3133349865675,1.5901424745097756,19222.502756118774,0.0,27.0,0.0,1.0,0.4888095238095238,0.925812017172575,0.925812017172575,0.0
standard_dqn,816,113,112.25471685230733,105.11170196497574,36.13260041177273,76.1221161723137,1.710915070027113,20762.004470825195,0.0,32.0,0.0,1.0,0.4842857142857143,0.9921615980565548,0.9921615980565548,0.0
standard_dqn,816,114,107.27515212595463,104.62895956346526,35.32152135670185,71.9536309182644,1.8348981272429228,22514.292392730713,0.0,28.0,0.0,1.0,0.4797619047619047,0.8656609039753675,0.8656609039753675,0.0
standard_dqn,816,115,107.57341954112053,103.63636924795806,35.07321386039257,72.50020602345467,1.6467916844412684,19934.730056762695,0.0,33.0,0.0,0.0,0.47523809523809524,0.7923826798796654,0.7923826798796654,0.0
standard_dqn,816,116,104.94456787407398,103.06911606140436,37.58794321119785,67.356625020504,1.7262433590367436,22043.40015411377,0.0,28.0,0.0,0.0,0.47071428571428575,0.9272580593824387,0.9272580593824387,0.0
standard_dqn,816,117,91.94138952493668,102.10520516701044,35.53504094481468,56.40634863972664,1.5917978351935744,19469.011402130127,0.0,25.0,0.0,1.0,0.46619047619047627,1.0650216527283192,1.0650216527283192,0.0
standard_dqn,816,118,102.03087846934795,102.17061853885652,39.131683975458145,62.89919450879097,1.6490367539227009,21898.60947418213,0.0,28.0,0.0,0.0,0.46166666666666667,1.0507876798510551,1.0507876798510551,0.0
standard_dqn,816,119,90.30394121408463,101.24028809815646,32.074497014284134,58.22944442331791,1.6345322132110596,18589.625022888184,0.0,24.0,0.0,1.0,0.4571428571428572,1.0349465273320675,1.0349465273320675,0.0
standard_dqn,816,120,102.82269187420607,101.12699810571971,37.81959146261215,65.00310067981482,1.698582916520536,21602.077968597412,0.0,27.0,0.0,1.0,0.4526190476190477,0.8209820501506329,0.8209820501506329,0.0
standard_dqn,816,121,109.61246306598187,101.67411690182985,38.333887472748756,71.27857589125634,1.7373579517006874,21843.488235473633,0.0,30.0,0.0,1.0,0.4480952380952381,0.9295859485864639,0.9295859485864639,0.0
standard_dqn,816,122,109.53939038515091,101.65552735082807,35.27603815495968,74.2633527815342,1.6890997728332877,20090.655448913574,0.0,32.0,0.0,1.0,0.4435714285714286,0.8519149832427502,0.8519149832427502,0.0
standard_dqn,816,123,100.42477777600288,100.8273615499586,36.88279749453068,63.54197998344898,1.6506962506100535,20827.411018371582,0.0,28.0,0.0,1.0,0.439047619047619,0.9541028216481209,0.9541028216481209,0.0
standard_dqn,816,124,96.56869949400425,100.70191802844406,34.10812908411026,62.46057087182999,1.598357000388205,19724.358840942383,0.0,28.0,0.0,0.0,0.43452380952380953,0.8893906008452177,0.8893906008452177,0.0
standard_dqn,816,125,73.32876226305962,99.3554577765614,28.73285887390375,44.59590309858322,1.4579502092674375,15929.402393341064,0.0,23.0,0.0,0.0,0.43000000000000005,1.165213417261839,1.165213417261839,0.0
standard_dqn,816,126,114.4262865036726,100.79626698359847,36.61018015444279,77.81610569357872,1.6847360087558627,21018.91607284546,0.0,33.0,0.0,0.0,0.42547619047619056,1.0477639064192772,1.0477639064192772,0.0
standard_dqn,816,127,90.26848726719618,100.73169752694666,33.82238169759512,56.44610518217087,1.61911400873214,19640.422470092773,0.0,24.0,0.0,1.0,0.42095238095238097,0.9511681608855724,0.9511681608855724,0.0
standard_dqn,816,128,103.86668486893177,100.82112914510071,35.2774525731802,68.58923169970512,1.6764310197904706,19968.066024780273,0.0,30.0,0.0,0.0,0.41642857142857137,0.9863708540797234,0.9863708540797234,0.0
standard_dqn,816,129,85.3342771306634,99.64555291809141,31.17578962445259,54.15848755836487,1.5595453651621938,17811.009651184082,0.0,24.0,0.0,0.0,0.4119047619047619,1.0521847326308489,1.0521847326308489,0.0
standard_dqn,816,130,97.73554799705744,99.41851775467396,36.04934913665056,61.686199218034744,1.6065829079598188,20416.019845962524,0.0,28.0,0.0,0.0,0.4073809523809524,0.8496476989239454,0.8496476989239454,0.0
standard_dqn,816,131,97.40778521448374,99.62849759839476,34.80458062142134,62.60320425033569,1.7171480162069201,20420.010650634766,0.0,27.0,0.0,2.0,0.4028571428571429,1.075865251943469,1.075865251943469,0.0
standard_dqn,816,132,94.60839822143316,99.61341588318348,35.453425236046314,59.15497289597988,1.6767581598833203,20443.134647369385,0.0,27.0,0.0,0.0,0.39833333333333343,1.099015086889267,1.099015086889267,0.0
standard_dqn,816,133,121.90203409194946,100.09578174516558,41.078712061047554,80.82332192659378,1.7994123315438628,23435.165634155273,0.0,34.0,0.0,2.0,0.39380952380952383,1.1854745857417583,1.1854745857417583,0.0
standard_dqn,816,134,112.67078408002854,100.36556334286928,38.506844379007816,74.16393941044808,1.71097709890455,21833.580360412598,0.0,31.0,0.0,1.0,0.38928571428571423,0.9000588953495026,0.9000588953495026,0.0
standard_dqn,816,135,105.48501854538918,100.26114329308271,35.465429820120335,70.01958895623684,1.637408877722919,20082.389877319336,0.0,30.0,0.0,1.0,0.38476190476190475,0.9522763639688492,0.9522763639688492,0.0
standard_dqn,816,136,80.41012674719096,99.03442123673857,32.22878788411617,48.1813399285078,1.5639046244323254,18484.994953155518,0.0,23.0,0.0,2.0,0.38023809523809526,0.9665226023644209,0.9665226023644209,0.0
standard_dqn,816,137,101.06791017949581,99.49074726946654,37.368424758315086,63.69948624074459,1.6842963267117739,21159.095149993896,0.0,28.0,0.0,0.0,0.3757142857142858,0.888143990188837,0.888143990188837,0.0
standard_dqn,816,138,101.21602715551853,99.45000470377506,32.149137273430824,69.0668898075819,1.6314433421939611,18745.065017700195,0.0,32.0,0.0,0.0,0.3711904761904763,1.1123141087591648,1.1123141087591648,0.0
standard_dqn,816,139,85.41240316033364,99.20542780108751,30.573332957923412,54.839070403575896,1.5063328491523862,17089.948196411133,0.0,25.0,0.0,1.0,0.3666666666666667,1.0047714654356241,1.0047714654356241,0.0
standard_dqn,816,140,99.87169878184795,99.0578781464696,34.63600404560566,65.23569475114346,1.6656860141083598,19834.480987548828,0.0,29.0,0.0,0.0,0.3621428571428572,0.9136977680027485,0.9136977680027485,0.0
standard_dqn,816,141,92.62312340140343,98.20841116324068,33.92355181276798,58.69957193136215,1.588344069197774,19229.526664733887,0.0,28.0,0.0,2.0,0.3576190476190476,1.068583508953452,1.068583508953452,0.0
standard_dqn,816,142,130.0976911187172,99.23632619991899,43.85322059690952,86.24447026848793,1.8533248947933316,25080.396690368652,0.0,35.0,0.0,1.0,0.35309523809523813,0.9273180924355984,0.9273180924355984,0.0
standard_dqn,816,143,108.30199010074139,99.63018681615593,37.22650724649429,71.0754828542471,1.6970253335312009,20778.15372467041,0.0,30.0,0.0,1.0,0.34857142857142864,1.006273290142417,1.006273290142417,0.0
standard_dqn,816,144,105.47392290234566,100.075447986573,36.24199743568897,69.23192525804043,1.6857860162854195,20810.629428863525,0.0,30.0,0.0,1.0,0.34404761904761905,1.0111914779990911,1.0111914779990911,0.0
standard_dqn,816,145,96.02869565188885,101.21044465601446,34.699413403868675,61.32928202450275,1.6300131669268012,19866.859199523926,0.0,26.0,0.0,2.0,0.33952380952380956,0.8050892669707537,0.8050892669707537,0.0
standard_dqn,816,146,88.11478081345558,99.8948693715036,32.4778443723917,55.63693609833717,1.5475207027047873,18287.29739189148,0.0,24.0,0.0,1.0,0.3350000000000001,1.1562193408608437,1.1562193408608437,0.0
standard_dqn,816,147,109.63442833721638,100.86316642500461,36.54604536294937,73.08838227391243,1.6412711208686233,20481.41096305847,0.0,32.0,0.0,0.0,0.3304761904761905,1.025073504075408,1.025073504075408,0.0
standard_dqn,816,148,86.36197816580534,99.98793108984827,30.082611359655857,56.27936699986458,1.54384452290833,17210.42932319641,0.0,26.0,0.0,0.0,0.325952380952381,0.9642449617385864,0.9642449617385864,0.0
standard_dqn,816,149,105.57324027717114,100.99987924717367,36.77447119355202,68.79876881539822,1.6669338587671518,20731.75901412964,0.0,30.0,0.0,3.0,0.3214285714285714,1.0311264321208,1.0311264321208,0.0
standard_dqn,816,150,111.49577641785145,101.68789066821337,39.232913076877594,72.2628637433052,1.7110230457037687,22076.434936523438,0.0,30.0,0.0,2.0,0.3169047619047619,0.9844275955110788,0.9844275955110788,0.0
standard_dqn,816,151,97.10968951880932,101.67298588342965,31.473162174224854,65.63652700185776,1.5767169604077935,17970.728973388672,0.0,29.0,0.0,1.0,0.3123809523809524,0.9733080733567476,0.9733080733567476,0.0
standard_dqn,816,152,101.70085092037917,102.02760851837695,33.92208653688431,67.7787649422884,1.5854348009452224,18801.03314781189,0.0,31.0,0.0,2.0,0.30785714285714294,0.9136193878948689,0.9136193878948689,0.0
standard_dqn,816,153,88.12470825761557,100.33874222666026,31.325985066592693,56.79872325062752,1.5221758848056197,17734.164016723633,0.0,26.0,0.0,1.0,0.30333333333333345,0.989528588950634,0.989528588950634,0.0
standard_dqn,816,154,85.7701589986682,98.99371097259224,28.00685103982687,57.76330757141113,1.5332534108310938,16303.570026397705,0.0,27.0,0.0,2.0,0.29880952380952375,1.1891412865370512,1.1891412865370512,0.0
standard_dqn,816,155,102.5652703434229,98.84772356249394,36.428798258304596,66.13647271096707,1.6460680738091469,20373.16588973999,0.0,30.0,0.0,2.0,0.29428571428571426,0.8952144738286734,0.8952144738286734,0.0
standard_dqn,816,156,95.15458006560803,99.5849462284148,31.30644339323044,63.84813658297062,1.615309139713645,18153.716796875,0.0,29.0,0.0,3.0,0.2897619047619048,1.1111709214746952,1.1111709214746952,0.0
standard_dqn,816,157,77.88285801112652,98.42569361999632,28.089320868253708,49.79353708326816,1.4696041448041797,15905.380973815918,0.0,23.0,0.0,4.0,0.2852380952380953,0.9575141631066799,0.9575141631066799,0.0
standard_dqn,816,158,93.17137056589127,98.02346079051496,33.65394816547632,59.51742245256901,1.5595406023785472,19233.64954185486,0.0,26.0,0.0,0.0,0.2807142857142858,1.0328255668282509,1.0328255668282509,0.0
standard_dqn,816,159,98.42897292971611,98.67428927898408,33.64197599887848,64.78699724376202,1.5848477818071842,18814.99282836914,0.0,29.0,0.0,2.0,0.2761904761904763,1.0600025430321693,1.0600025430321693,0.0
standard_dqn,816,160,79.1446530610323,97.6379369929433,28.630377180874348,50.514276111125945,1.4691207399591804,16411.502979278564,0.0,23.0,0.0,1.0,0.2716666666666666,1.3185385689139366,1.3185385689139366,0.0
standard_dqn,816,161,96.4716584533453,97.83036374554038,34.536589190363884,61.93506933748722,1.691031596623361,19935.802932739258,0.0,29.0,0.0,0.0,0.2671428571428571,0.9051876198500395,0.9051876198500395,0.0
standard_dqn,816,162,97.05651266872883,96.17830482304097,32.360716082155704,64.69579645991325,1.5831221723929048,18250.62297821045,0.0,28.0,0.0,0.0,0.26261904761904764,0.9490620773285627,0.9490620773285627,0.0
standard_dqn,816,163,99.06913641393184,95.7166621387005,33.626825861632824,65.4423102915287,1.6103164767846465,19014.1318359375,0.0,28.0,0.0,3.0,0.25809523809523816,0.9872770570218563,0.9872770570218563,0.0
standard_dqn,816,164,80.12511503994465,94.44922174558045,30.079319447278976,50.04579524993896,1.5113377701491117,17008.547550201416,0.0,22.0,0.0,3.0,0.25357142857142867,1.2096685990691185,1.2096685990691185,0.0
standard_dqn,816,165,82.84573614001275,93.79007376998663,31.175717279314995,51.67001875638962,1.5182252367958426,17043.771684646606,0.0,24.0,0.0,2.0,0.24904761904761907,1.0955127589404583,1.0955127589404583,0.0
standard_dqn,816,166,97.808428555727,94.2747561571002,35.86142963171005,61.946998700499535,1.6096202274784446,19832.2243309021,0.0,30.0,0.0,0.0,0.2445238095238096,1.1578076370060444,1.1578076370060444,0.0
standard_dqn,816,167,97.37561124563217,93.66181530252099,31.822481848299503,65.55312928557396,1.5513551896438003,17973.17501449585,0.0,29.0,0.0,0.0,0.24,0.8590622432529926,0.8590622432529926,0.0
standard_dqn,816,168,88.43075697869062,93.76525424316526,33.38012819737196,55.05062912404537,1.54275862313807,18608.696704864502,0.0,26.0,0.0,1.0,0.2354761904761905,1.080679977312684,1.080679977312684,0.0
standard_dqn,816,169,101.52430887669325,93.56280767314135,33.93223737925291,67.5920717060566,1.6022467594593763,18787.950576782227,0.0,29.0,0.0,2.0,0.23095238095238102,0.9528944455087185,0.9528944455087185,0.0
standard_dqn,816,170,70.73629874885083,91.52483378969133,26.947604969143867,43.788693809509276,1.459977331571281,15761.186443328857,0.0,23.0,0.0,1.0,0.22642857142857142,1.1151408776640892,1.1151408776640892,0.0
standard_dqn,816,171,74.87413510829211,90.41305606916549,28.092011034488678,46.782123842835425,1.4560009930282831,15828.695697784424,0.0,23.0,0.0,1.0,0.22190476190476194,1.1287831626832485,1.1287831626832485,0.0
standard_dqn,816,172,88.04287275075913,89.73015716068448,30.82728336751461,57.21558956205845,1.5453773494809866,17500.35800552368,0.0,26.0,0.0,1.0,0.21738095238095245,1.2665186561644077,1.2665186561644077,0.0
standard_dqn,816,173,89.58660864979029,89.80325218029321,29.561544723808765,60.025063240528105,1.54854706954211,17343.115104675293,0.0,26.0,0.0,2.0,0.21285714285714286,0.9554068706929684,0.9554068706929684,0.0
standard_dqn,816,174,101.26858779191971,90.57817361995579,35.790805116295815,65.47778234779835,1.6174379410222173,19522.79063796997,0.0,29.0,0.0,2.0,0.20833333333333337,0.9489529393613338,0.9489529393613338,0.0
standard_dqn,816,175,88.04247824847698,89.8520340152085,31.717575564980507,56.324902072548866,1.5704752691090107,18139.08729171753,0.0,25.0,0.0,0.0,0.20380952380952377,1.2046553269028664,1.2046553269028664,0.0
standard_dqn,816,176,85.35681438744068,89.36214573130012,31.210859075188637,54.14595489501953,1.529552555643022,17630.272190093994,0.0,24.0,0.0,3.0,0.1992857142857143,1.0911668743938208,1.0911668743938208,0.0
standard_dqn,816,177,85.66919391602278,89.75146252654494,31.889073938131332,53.780119612812996,1.5691905720159411,18495.36337852478,0.0,25.0,0.0,0.0,0.1947619047619048,1.1082997992634773,1.1082997992634773,0.0
standard_dqn,816,178,76.91975329816341,88.93888166315854,27.959541454911232,48.96021191775799,1.4843015102669597,16246.787048339844,0.0,24.0,0.0,0.0,0.19023809523809532,1.221741819754243,1.221741819754243,0.0
standard_dqn,816,179,88.26535408198833,88.43070072077215,30.072513729333878,58.19284000992775,1.5059377690777183,16698.439163208008,0.0,26.0,0.0,0.0,0.18571428571428583,1.1903446055948734,1.1903446055948734,0.0
standard_dqn,816,180,98.63447701185942,89.4051919183135,31.82873346656561,66.80574375391006,1.6213586246594787,18717.241371154785,0.0,27.0,0.0,0.0,0.18119047619047624,1.3376303389668465,1.3376303389668465,0.0
standard_dqn,816,181,96.59183699190616,89.41120084524155,31.959233313798904,64.63260387182235,1.5830512987449765,18362.82957839966,0.0,29.0,0.0,3.0,0.17666666666666664,1.1987566575407982,1.1987566575407982,0.0
standard_dqn,816,182,73.39822332859039,88.22828637823463,27.98662656545639,45.41159677803516,1.451906580477953,15912.763221740723,0.0,21.0,0.0,2.0,0.17214285714285715,1.1001304127275944,1.1001304127275944,0.0
standard_dqn,816,183,92.41029948145152,87.89534453161062,30.508705765008926,61.901593619585036,1.5495622558519244,17612.30972290039,0.0,27.0,0.0,1.0,0.16761904761904767,1.0821298714727163,1.0821298714727163,0.0
standard_dqn,816,184,91.33013078719378,88.45559531897307,32.43640837818384,58.893722453713416,1.581933919340372,18221.27906036377,0.0,27.0,0.0,1.0,0.16309523809523818,1.0576024670153856,1.0576024670153856,0.0
standard_dqn,816,185,79.89838903397322,88.3082279636711,29.01129038631916,50.88709881901741,1.4987195525318384,17013.2239112854,0.0,24.0,0.0,0.0,0.1585714285714287,1.0854093581438065,1.0854093581438065,0.0
standard_dqn,816,186,91.58537095785141,87.99707508377733,30.55349477380514,61.03187619149685,1.5403363294899464,17445.082885742188,0.0,27.0,0.0,0.0,0.1540476190476191,1.1069796774536371,1.1069796774536371,0.0
standard_dqn,816,187,78.5069712549448,87.05364308424295,29.961827650666237,48.54514338076115,1.5279090460389853,17088.14475250244,0.0,23.0,0.0,0.0,0.1495238095238095,1.2746307998895645,1.2746307998895645,0.0
standard_dqn,816,188,85.09587179422378,86.88689882501959,29.987128913402557,55.10874317884445,1.4902160773053765,16546.78037261963,0.0,24.0,0.0,2.0,0.14500000000000002,1.0818145088851452,1.0818145088851452,0.0
standard_dqn,816,189,84.4042761772871,86.03089719004929,30.485372133553028,53.91890352964401,1.5266470210626721,17554.601503372192,0.0,25.0,0.0,1.0,0.14047619047619053,1.1096234433352947,1.1096234433352947,0.0
standard_dqn,816,190,72.94776433110238,86.14147046916187,29.735338896512985,43.21242504715919,1.5054444689303637,17020.380310058594,0.0,22.0,0.0,2.0,0.13595238095238105,1.1971108503639698,1.1971108503639698,0.0
standard_dqn,816,191,78.13927549868822,86.30472748868168,27.808670304715633,50.33060525357723,1.470807170495391,16023.877311706543,0.0,23.0,0.0,2.0,0.13142857142857145,0.8828751295804977,0.8828751295804977,0.0
standard_dqn,816,192,84.6417466700077,86.1346711846441,30.64601570367813,53.9957315325737,1.5321874478831887,17380.2758102417,0.0,26.0,0.0,2.0,0.12690476190476196,1.032335625961423,1.032335625961423,0.0
standard_dqn,816,193,71.62159531712533,85.23642051801087,28.20589917898178,43.4156953856349,1.4656738555058837,16079.833934783936,0.0,21.0,0.0,2.0,0.12238095238095237,1.3445603381842375,1.3445603381842375,0.0
standard_dqn,816,194,78.09836077839137,84.07790916733445,27.14473322033882,50.953627654910086,1.4672954771667719,15629.66621017456,0.0,24.0,0.0,1.0,0.11785714285714288,1.0867136530578136,1.0867136530578136,0.0
standard_dqn,816,195,84.82162678390742,83.91686659410598,30.15399218350649,54.6676345705986,1.533835214562714,17305.03213119507,0.0,24.0,0.0,1.0,0.1133333333333334,1.2420592345297337,1.2420592345297337,0.0
standard_dqn,816,196,69.16689248383045,83.10737049892546,27.23647516965866,41.93041768670082,1.4765586657449603,15809.120096206665,0.0,21.0,0.0,1.0,0.1088095238095238,1.2770992685109377,1.2770992685109377,0.0
standard_dqn,816,197,89.8126977622509,83.31454569123687,31.056367330253124,58.75633036494255,1.5602262122556567,17506.812397003174,0.0,26.0,0.0,1.0,0.10428571428571431,1.203082375228405,1.203082375228405,0.0
standard_dqn,816,198,100.23483593761921,84.48029982320966,33.244794353842735,66.99004228413105,1.580947382375598,18834.61260986328,0.0,30.0,0.0,3.0,0.09976190476190483,0.9864359125494957,0.9864359125494957,0.0
standard_dqn,816,199,96.58673451840878,84.89636884503068,33.075875625014305,63.51085890829563,1.5755454329773784,18236.7612991333,0.0,29.0,0.0,1.0,0.09523809523809534,0.9673587940633297,0.9673587940633297,0.0
standard_dqn,816,200,87.41611541956664,84.33545076541603,30.188008926808834,57.22810677587986,1.5304843001067638,17266.401500701904,0.0,26.0,0.0,3.0,0.09071428571428575,1.2479906268417835,1.2479906268417835,0.0
standard_dqn,816,201,91.64947687089443,84.08833275936544,31.959147602319717,59.69032967090607,1.6118331830948591,18557.027084350586,0.0,26.0,0.0,1.0,0.08619047619047626,1.0476748794317245,1.0476748794317245,0.0
standard_dqn,816,202,77.15590352714062,84.27621676929296,27.483976572752,49.67192722260952,1.4813006613403559,16068.037055969238,0.0,25.0,0.0,1.0,0.08166666666666667,1.253593571484089,1.253593571484089,0.0
standard_dqn,816,203,79.99246184080839,83.6553248872608,29.10484678298235,50.88761492371559,1.4901782628148794,16586.568113327026,0.0,24.0,0.0,2.0,0.07714285714285718,1.0645092595368624,1.0645092595368624,0.0
standard_dqn,816,204,75.83872178196907,82.88075443699957,28.42005454003811,47.41866745054722,1.4767949087545276,16305.49974822998,0.0,24.0,0.0,0.0,0.0726190476190477,1.1168492417782545,1.1168492417782545,0.0
standard_dqn,816,205,86.83138053268195,83.22740401193501,32.88185579329729,53.94952445626259,1.5852940250188112,18632.242809295654,0.0,25.0,0.0,2.0,0.06809523809523821,1.2030928656458855,1.2030928656458855,0.0
standard_dqn,816,206,78.21083367615938,82.55867714785039,27.055529095232487,51.155304089188576,1.454402550123632,15672.722890853882,0.0,26.0,0.0,0.0,0.06357142857142861,1.2119435835629702,1.2119435835629702,0.0
standard_dqn,816,207,85.67042202651501,82.91684968642892,31.611623242497444,54.05879875421524,1.5918372394517064,18014.81453704834,0.0,23.0,0.0,1.0,0.059047619047619015,1.2810770459473133,1.2810770459473133,0.0
standard_dqn,816,208,71.15319559723139,82.2197158765793,26.108885012567043,45.044310972094536,1.4295841632410884,14916.81997680664,0.0,23.0,0.0,0.0,0.05452380952380953,1.1409979052841663,1.1409979052841663,0.0
standard_dqn,816,209,85.83555174767972,82.29127965509892,29.98834292590618,55.84720885157585,1.5140341939404607,16814.1579246521,0.0,26.0,0.0,3.0,0.050000000000000044,0.9788909740746021,0.9788909740746021,0.0
standard_dqn,816,210,82.19427731633186,82.75360530436039,30.095638550817966,52.098638743162155,1.5244683865457773,17213.4441947937,0.0,23.0,0.0,0.0,0.050000000000000044,0.8301727212965488,0.8301727212965488,0.0
standard_dqn,816,211,75.58984917402267,82.62613398812712,28.116719722747803,47.47312945127487,1.4588564792647958,15594.389404296875,0.0,23.0,0.0,0.0,0.050000000000000044,1.479799883440137,1.479799883440137,0.0
standard_dqn,816,212,68.17487264424562,81.80279028683901,28.40824344009161,39.76662902534008,1.4734139516949654,16004.215637207031,0.0,20.0,0.0,1.0,0.050000000000000044,1.0527432560920715,1.0527432560920715,0.0
standard_dqn,816,213,84.58020067214966,82.45072055459022,29.843520492315292,54.73667976260185,1.500792631879449,17032.055461883545,0.0,25.0,0.0,1.0,0.050000000000000044,1.334696214646101,1.334696214646101,0.0
standard_dqn,816,214,69.78135563582182,82.03487029746175,26.941343024373055,42.840012753009795,1.4502140618860722,15202.907947540283,0.0,22.0,0.0,2.0,0.050000000000000044,1.097460076212883,1.097460076212883,0.0
standard_dqn,816,215,82.40063119232654,81.91382051788271,27.967142783105373,54.43348854333162,1.4931268421933055,16058.617891311646,0.0,23.0,0.0,3.0,0.050000000000000044,0.9099994506686926,0.9099994506686926,0.0
standard_dqn,816,216,78.9556914806366,82.40326046772302,30.856751710176468,48.09893969595432,1.5506396712735295,17411.82696914673,0.0,23.0,0.0,3.0,0.050000000000000044,0.9898347984999418,0.9898347984999418,0.0
standard_dqn,816,217,84.76017310619355,82.15063423492016,28.19070902466774,56.56946393251419,1.448780200444162,15268.889915466309,0.0,27.0,0.0,1.0,0.050000000000000044,1.080272240564227,1.080272240564227,0.0
standard_dqn,816,218,93.46391188502312,81.81208803229035,30.01894350349903,63.444969007372855,1.5581663912162185,17365.273750305176,0.0,28.0,0.0,3.0,0.050000000000000044,1.2546346299350262,1.2546346299350262,0.0
standard_dqn,816,219,59.189541310071945,79.94222837187351,25.970679730176926,33.218861654400826,1.4240565206855536,15152.079456329346,0.0,18.0,0.0,1.0,0.050000000000000044,1.1126802526414394,1.1126802526414394,0.0
standard_dqn,816,220,81.43287325799466,79.6430662637949,28.8644487708807,52.56842374205589,1.4817722579464316,15841.145065307617,0.0,24.0,0.0,1.0,0.050000000000000044,0.9705371949821711,0.9705371949821711,0.0
standard_dqn,816,221,79.94786589741707,79.05798571512105,28.784864358603954,51.16300098001957,1.4778116773813963,16238.388927459717,0.0,24.0,0.0,2.0,0.050000000000000044,0.8791818022727966,0.8791818022727966,0.0
standard_dqn,816,222,68.05182635784149,78.6027818566561,25.593308866024017,42.45851773023605,1.4067842699587345,14278.764484405518,0.0,21.0,0.0,0.0,0.050000000000000044,1.1170519720762968,1.1170519720762968,0.0
standard_dqn,816,223,74.22625745981932,78.31447163760663,28.85883878916502,45.36741859614849,1.4573844205588102,16427.3982963562,0.0,21.0,0.0,1.0,0.050000000000000044,1.0607310198247433,1.0607310198247433,0.0
standard_dqn,816,224,79.23283928930759,78.48417751297356,28.49032737314701,50.742511677742,1.4868739396333694,16327.68270111084,0.0,23.0,0.0,3.0,0.050000000000000044,1.0630985330790281,1.0630985330790281,0.0
standard_dqn,816,225,93.08713135123253,78.79696505390108,32.29712115228176,60.79001051187515,1.5555557208135724,18067.377502441406,0.0,27.0,0.0,1.0,0.050000000000000044,1.1484790444374084,1.1484790444374084,0.0
standard_dqn,816,226,79.38624601215125,78.85573567070068,29.437523812055588,49.9487222969532,1.504442567937076,16639.00198173523,0.0,24.0,0.0,1.0,0.050000000000000044,1.3579538334161043,1.3579538334161043,0.0
standard_dqn,816,227,80.28281057924032,78.58635509833694,30.28966249525547,49.99314734637737,1.5145585853606462,17502.47137451172,0.0,26.0,0.0,3.0,0.050000000000000044,1.2179777678102255,1.2179777678102255,0.0
standard_dqn,816,228,83.97649240493774,79.22751993872227,30.615619242191315,53.36087331175804,1.5510905534029007,17295.05459213257,0.0,24.0,0.0,0.0,0.050000000000000044,1.0033467095345259,1.0033467095345259,0.0
standard_dqn,816,229,79.32225879281759,78.90185529097916,28.00253714621067,51.31972160935402,1.477295613847673,15977.746158599854,0.0,24.0,0.0,0.0,0.050000000000000044,1.241027843207121,1.241027843207121,0.0
standard_dqn,816,230,82.51957769840956,78.91812031008304,28.3170595318079,54.20251798033714,1.4910367159172893,16440.961433410645,0.0,25.0,0.0,1.0,0.050000000000000044,1.1488923728466034,1.1488923728466034,0.0
standard_dqn,816,231,79.51386524885893,79.11432111382486,28.65151919424534,50.86234656870365,1.500182555988431,16337.656818389893,0.0,23.0,0.0,2.0,0.050000000000000044,1.1482155080884695,1.1482155080884695,0.0
standard_dqn,816,232,69.78721532374621,79.1949382477999,26.02836162596941,43.758853727579115,1.4170262701809406,14761.993530273438,0.0,23.0,0.0,1.0,0.050000000000000044,0.8525147307664156,0.8525147307664156,0.0
standard_dqn,816,233,85.77064795792103,79.25446061208847,29.410854324698448,56.35979402065277,1.5243996744975448,16810.255405426025,0.0,25.0,0.0,1.0,0.050000000000000044,1.1963596027344465,1.1963596027344465,0.0
standard_dqn,816,234,86.25736306011677,80.0782609833032,30.293960958719254,55.963402488827704,1.5451008472591639,17439.427734375,0.0,25.0,0.0,1.0,0.050000000000000044,1.2998480927199125,1.2998480927199125,0.0
standard_dqn,816,235,72.47388000190259,79.581923423782,27.969745561480522,44.504134410619734,1.4599617719650269,15689.321880340576,0.0,22.0,0.0,1.0,0.050000000000000044,1.0005870275199413,1.0005870275199413,0.0
standard_dqn,816,236,88.99651069194078,80.08396438434721,30.044317819178104,58.95219297707081,1.5633528288453817,17701.208755493164,0.0,27.0,0.0,1.0,0.050000000000000044,1.190461216494441,1.190461216494441,0.0
standard_dqn,816,237,81.92550949752331,79.9422312039137,28.545830510556698,53.37967938184738,1.4782275035977364,16371.580081939697,0.0,24.0,0.0,0.0,0.050000000000000044,1.264215936884284,1.264215936884284,0.0
standard_dqn,816,238,91.57210302352905,79.84764076083898,30.61227136850357,60.95983177423477,1.567322002723813,17914.496208190918,0.0,28.0,0.0,0.0,0.050000000000000044,1.157557763159275,1.157557763159275,0.0
standard_dqn,816,239,66.17896472662687,80.19711193166674,25.760294526815414,40.418669775128365,1.415609554387629,14715.10001373291,0.0,21.0,0.0,0.0,0.050000000000000044,1.33956079185009,1.33956079185009,0.0
standard_dqn,816,240,103.45879232883453,81.29840788520872,30.699454255402088,72.75933796167374,1.619914141483605,18131.527046203613,0.0,32.0,0.0,1.0,0.050000000000000044,1.414854982867837,1.414854982867837,0.0
standard_dqn,816,241,72.17127905339002,80.90957854300737,29.05104687064886,43.12023279368877,1.4970966884866357,16357.33988571167,0.0,21.0,0.0,2.0,0.050000000000000044,1.3805465213954449,1.3805465213954449,0.0
standard_dqn,816,242,81.5337434887886,81.58367439955472,28.231960624456406,53.301782834529874,1.4779269620776176,15852.718807220459,0.0,25.0,0.0,2.0,0.050000000000000044,1.056325789541006,1.056325789541006,0.0
standard_dqn,816,243,84.74337860941887,82.10953045703471,28.780360527336597,55.963018000125885,1.492048017680645,16122.011280059814,0.0,26.0,0.0,1.0,0.050000000000000044,1.1895070485770702,1.1895070485770702,0.0
standard_dqn,816,244,93.16889431327581,82.80633320823311,32.268466517329216,60.90042808651924,1.5750912753865123,17933.712371826172,0.0,27.0,0.0,0.0,0.050000000000000044,1.1657902300357819,1.1657902300357819,0.0
standard_dqn,816,245,70.8853847026825,81.69624587580562,27.471489682793617,43.41389545202255,1.4239702429622412,15349.562307357788,0.0,21.0,0.0,1.0,0.050000000000000044,1.0416320990771055,1.0416320990771055,0.0
standard_dqn,816,246,79.50735359042883,81.7023012547195,28.796409256756306,50.71094379723072,1.5055307801812887,16265.210262298584,0.0,24.0,0.0,1.0,0.050000000000000044,1.1195453964173794,1.1195453964173794,0.0
standard_dqn,816,247,77.53514730334282,81.56491809092464,28.321391448378563,49.21375500559807,1.4727358454838395,16185.732322692871,0.0,25.0,0.0,1.0,0.050000000000000044,1.1377240139991045,1.1377240139991045,0.0
standard_dqn,816,248,87.94498297125101,81.76334261924029,28.313132993876934,59.63185046911239,1.5076425299048424,16370.687175750732,0.0,26.0,0.0,3.0,0.050000000000000044,1.3541062474250793,1.3541062474250793,0.0
standard_dqn,816,249,79.6387102752924,81.77916519336404,27.785189121961594,51.853520691394806,1.4821389531716704,15934.492944717407,0.0,25.0,0.0,1.0,0.050000000000000044,1.416335018351674,1.416335018351674,0.0
standard_dqn,816,250,86.31966360211372,81.96916948854923,31.730379849672318,54.589283290505406,1.560493458993733,18125.723526000977,0.0,25.0,0.0,2.0,0.050000000000000044,1.3705361168831587,1.3705361168831587,0.0
standard_dqn,816,251,80.03634943813086,81.99529369801283,30.388210505247116,49.64813885092735,1.5402289107441902,17235.778045654297,0.0,23.0,0.0,0.0,0.050000000000000044,1.4463627710938454,1.4463627710938454,0.0
standard_dqn,816,252,84.16620174050331,82.71424301885068,30.21043538302183,53.95576623082161,1.5383079973980784,17526.077178955078,0.0,27.0,0.0,0.0,0.050000000000000044,1.2370376735925674,1.2370376735925674,0.0
standard_dqn,816,253,85.9052962064743,82.72097543127835,28.538229823112488,57.36706607043743,1.487605414353311,16441.265520095825,0.0,27.0,0.0,0.0,0.050000000000000044,1.2135499585419893,1.2135499585419893,0.0
standard_dqn,816,254,81.08028744608164,82.4621216505766,29.6476916000247,51.43259569704533,1.4913659999147058,16358.687831878662,0.0,25.0,0.0,3.0,0.050000000000000044,1.4315508417785168,1.4315508417785168,0.0
standard_dqn,816,255,72.54453015625477,82.4656541582942,26.346582420170307,46.19794763177633,1.4346280405297875,15015.405670166016,0.0,23.0,0.0,2.0,0.050000000000000044,1.3243718687444925,1.3243718687444925,0.0
standard_dqn,816,256,88.25338530540466,82.4284978889674,31.227927654981613,57.025457829236984,1.552053670398891,17911.918197631836,0.0,25.0,0.0,0.0,0.050000000000000044,1.3176201917231083,1.3176201917231083,0.0
standard_dqn,816,257,85.40349078476429,82.60239695332945,30.458325162529945,54.94516495168209,1.5337917041033506,16652.642936706543,0.0,24.0,0.0,2.0,0.050000000000000044,1.4179801996797323,1.4179801996797323,0.0
standard_dqn,816,258,91.92939843982458,82.62026172414421,32.097115486860275,59.832282304763794,1.5795298665761948,18438.44400024414,0.0,27.0,0.0,0.0,0.050000000000000044,1.3075968008488417,1.3075968008488417,0.0
standard_dqn,816,259,85.92739461511374,83.60768321856857,29.967553578317165,55.95984172224998,1.5078428173437715,17150.442003250122,0.0,25.0,0.0,1.0,0.050000000000000044,1.28416602127254,1.28416602127254,0.0
standard_dqn,816,260,80.04774954319001,82.43713107928635,27.465415827929974,52.58233439326286,1.4657132932916284,15562.828468322754,0.0,26.0,0.0,3.0,0.050000000000000044,1.157592887058854,1.157592887058854,0.0
standard_dqn,816,261,74.51162035912276,82.55414814457299,28.60033567994833,45.91128527522087,1.4561981474980712,16176.07897567749,0.0,22.0,0.0,1.0,0.050000000000000044,1.3417399805039167,1.3417399805039167,0.0
standard_dqn,816,262,80.88023056834936,82.52147249855102,30.25615444034338,50.624076187610626,1.5442247055470943,17353.174045562744,0.0,23.0,0.0,0.0,0.050000000000000044,1.3852251395583153,1.3852251395583153,0.0
standard_dqn,816,263,87.61222390830517,82.66491476349533,27.819030590355396,59.793193116784096,1.4758471278473735,15826.24651145935,0.0,27.0,0.0,1.0,0.050000000000000044,1.3084984086453915,1.3084984086453915,0.0
standard_dqn,816,264,89.03680520653725,82.45831030815842,29.43125070631504,59.605554515123366,1.5042684441432357,16684.73021697998,0.0,26.0,0.0,2.0,0.050000000000000044,1.3332178443670273,1.3332178443670273,0.0
standard_dqn,816,265,91.13155154138803,83.47061865009368,30.07456197589636,61.05698975920677,1.5196884609758854,17076.723163604736,0.0,29.0,0.0,0.0,0.050000000000000044,1.7547459863126278,1.7547459863126278,0.0
standard_dqn,816,266,87.53038973510266,83.87177045732737,29.32043244689703,58.209956938028334,1.5239529591053724,16742.991004943848,0.0,25.0,0.0,1.0,0.050000000000000044,1.1364670656621456,1.1364670656621456,0.0
standard_dqn,816,267,84.26621766388416,84.20832397535443,29.109380453824997,55.15683650970459,1.486028260551393,16483.81436920166,0.0,26.0,0.0,1.0,0.050000000000000044,1.4921440854668617,1.4921440854668617,0.0
standard_dqn,816,268,79.84195508211852,83.80317258089784,28.282900393009186,51.55905480086803,1.4540528478100896,15967.403245925903,0.0,23.0,0.0,1.0,0.050000000000000044,1.1547075398266315,1.1547075398266315,0.0
standard_dqn,816,269,84.33281612694263,84.03787787348033,28.628501683473587,55.70431374311447,1.5203658733516932,16609.32262992859,0.0,25.0,0.0,2.0,0.050000000000000044,1.1630425415933132,1.1630425415933132,0.0
standard_dqn,816,270,82.9777998805046,83.87078468739988,28.914740681648254,54.06305902004242,1.5133647499606013,16338.39423751831,0.0,24.0,0.0,2.0,0.050000000000000044,1.302646366879344,1.302646366879344,0.0
standard_dqn,816,271,77.70827514082194,83.75438097253442,28.019164592027664,49.68911030292511,1.4656628342345357,15739.341928482056,0.0,25.0,0.0,1.0,0.050000000000000044,0.99496447481215,0.99496447481215,0.0
standard_dqn,816,272,83.89566124975681,83.74085394799711,28.155945621430874,55.73971551656723,1.4966814313083887,16311.907779693604,0.0,25.0,0.0,0.0,0.050000000000000044,1.277774827554822,1.277774827554822,0.0
standard_dqn,816,273,67.41175217181444,82.8161767462641,26.743448216468096,40.66830378770828,1.4415781535208225,15236.150472640991,0.0,21.0,0.0,2.0,0.050000000000000044,1.1913340538740158,1.1913340538740158,0.0
standard_dqn,816,274,70.45762735903263,82.28504374191166,27.402800239622593,43.05482706725597,1.4363275170326233,15421.48879623413,0.0,20.0,0.0,2.0,0.050000000000000044,1.284369433298707,1.284369433298707,0.0
standard_dqn,816,275,59.59481385499239,81.63755792684853,25.503255888819695,34.09155803322792,1.407785621471703,14394.416862487793,0.0,17.0,0.0,1.0,0.050000000000000044,1.039439668878913,1.039439668878913,0.0
standard_dqn,816,276,78.46582132726908,81.14817972794177,28.490615256130695,49.97520604133606,1.4822294441983104,16101.898189544678,0.0,24.0,0.0,1.0,0.050000000000000044,1.5141425225883722,1.5141425225883722,0.0
standard_dqn,816,277,79.32833900302649,80.84442213885487,27.835285797715187,51.49305307865143,1.450554471462965,15778.101387023926,0.0,23.0,0.0,0.0,0.050000000000000044,1.2791070640087128,1.2791070640087128,0.0
standard_dqn,816,278,77.18583117425442,80.10724377557636,27.496373556554317,49.68945747613907,1.4851327799260616,16132.883972167969,0.0,24.0,0.0,1.0,0.050000000000000044,1.2482756059616804,1.2482756059616804,0.0
standard_dqn,816,279,90.04975403249264,80.31336174644531,31.505152255296707,58.544601613283156,1.5696978978812695,18154.533237457275,0.0,29.0,0.0,1.0,0.050000000000000044,1.2295653261244297,1.2295653261244297,0.0
standard_dqn,816,280,87.15516940057277,80.66873273931444,31.134668745100498,56.0205007225275,1.6199300801381469,18592.390090942383,0.0,26.0,0.0,3.0,0.050000000000000044,1.4667996987700462,1.4667996987700462,0.0
standard_dqn,816,281,77.38242933303118,80.81227318800987,26.417941369116306,50.964487665891646,1.4397704172879457,15188.102201461792,0.0,23.0,0.0,1.0,0.050000000000000044,1.5415327325463295,1.5415327325463295,0.0
standard_dqn,816,282,100.98196358978748,81.81735983908177,32.616331338882446,68.3656319975853,1.595123851671815,18661.36206817627,0.0,30.0,0.0,0.0,0.050000000000000044,1.575230099260807,1.575230099260807,0.0
standard_dqn,816,283,90.0731471478939,81.9404060010612,30.41818606853485,59.65496073663235,1.5486947698518634,17407.924617767334,0.0,27.0,0.0,2.0,0.050000000000000044,1.238708397373557,1.238708397373557,0.0
standard_dqn,816,284,78.63726233094931,81.42042885728182,28.68677395582199,49.950488144159316,1.4580519748851657,15913.771141052246,0.0,23.0,0.0,1.0,0.050000000000000044,1.2590599302202463,1.2590599302202463,0.0
standard_dqn,816,285,84.54817678928376,81.0912601196766,30.593493536114693,53.95468368530273,1.545288278721273,17201.007049560547,0.0,24.0,0.0,1.0,0.050000000000000044,1.4595287386327982,1.4595287386327982,0.0
standard_dqn,816,286,78.32143776118755,80.63081252098085,28.262949511408806,50.05848816037178,1.4672780903056264,15977.75643157959,0.0,24.0,0.0,1.0,0.050000000000000044,1.6687024515122175,1.6687024515122175,0.0
standard_dqn,816,287,86.32473700493574,80.73373848803342,29.447739355266094,56.876997128129005,1.5299948174506426,17138.233421325684,0.0,26.0,0.0,0.0,0.050000000000000044,1.573870586231351,1.573870586231351,0.0
standard_dqn,816,288,71.96168441623449,80.33972495473922,27.332771480083466,44.62891279458999,1.4324369244277477,15134.411365509033,0.0,22.0,0.0,2.0,0.050000000000000044,0.9052421804517508,0.9052421804517508,0.0
standard_dqn,816,289,60.915923938155174,79.16888034529985,25.468779519200325,35.447144985198975,1.3882562601938844,14527.22966003418,0.0,18.0,0.0,0.0,0.050000000000000044,1.193056995049119,1.193056995049119,0.0
standard_dqn,816,290,94.73256147652864,79.75661842510104,34.88313966244459,59.84942179918289,1.6188475284725428,19493.689388275146,0.0,25.0,0.0,0.0,0.050000000000000044,1.2474256847053766,1.2474256847053766,0.0
standard_dqn,816,291,85.33453013002872,80.13793117456137,29.864858210086823,55.469671845436096,1.5327329263091087,17031.295406341553,0.0,26.0,0.0,1.0,0.050000000000000044,1.0674399808049202,1.0674399808049202,0.0
standard_dqn,816,292,73.88933487981558,79.63761485606433,27.82915874570608,46.06017616391182,1.4753119302913547,16000.561725616455,0.0,22.0,0.0,1.0,0.050000000000000044,1.456909766420722,1.456909766420722,0.0
standard_dqn,816,293,95.26815135180951,81.03043481506408,31.233768239617348,64.03438327610493,1.559626911766827,17722.187072753906,0.0,28.0,0.0,1.0,0.050000000000000044,1.2194134537130594,1.2194134537130594,0.0
standard_dqn,816,294,51.850360959768295,80.10007149510086,22.11859229207039,29.731768742203712,1.2910877112299204,12691.187282562256,0.0,19.0,0.0,1.0,0.050000000000000044,1.4341038595885038,1.4341038595885038,0.0
standard_dqn,816,295,75.29707705974579,80.88518465533852,26.86241915822029,48.43465815484524,1.4290314558893442,15224.877986907959,0.0,24.0,0.0,0.0,0.050000000000000044,1.3698939494788647,1.3698939494788647,0.0
standard_dqn,816,296,83.63066775351763,81.14342697665094,30.286954037845135,53.343713730573654,1.5337019441649318,17493.50918197632,0.0,25.0,0.0,0.0,0.050000000000000044,1.3263240978121758,1.3263240978121758,0.0
standard_dqn,816,297,63.947522319853306,80.37438614249228,24.412138767540455,39.535383492708206,1.3552797781303525,13691.21460723877,0.0,21.0,0.0,0.0,0.050000000000000044,1.3907537683844566,1.3907537683844566,0.0
standard_dqn,816,298,84.10208935439587,80.72019905149936,28.96167103946209,55.140418300032614,1.5001046089455485,16480.972038269043,0.0,26.0,0.0,2.0,0.050000000000000044,1.5306517127901316,1.5306517127901316,0.0
standard_dqn,816,299,95.5914167329669,80.9972821865231,31.923988580703735,63.66742853224277,1.5951423300430179,18219.52564239502,0.0,29.0,0.0,1.0,0.050000000000000044,1.5155119709670544,1.5155119709670544,0.0
standard_dqn,816,300,93.29932201802731,81.30448981739582,31.80075015872717,61.49857214987278,1.5889088539406657,18283.22509765625,0.0,27.0,0.0,2.0,0.050000000000000044,1.3604098707437515,1.3604098707437515,0.0
standard_dqn,816,301,79.6052981927991,81.41563326038423,29.137556709349155,50.467741632461546,1.496585820801556,16317.464527130127,0.0,23.0,0.0,1.0,0.050000000000000044,1.3499551322311163,1.3499551322311163,0.0
standard_dqn,816,302,90.3025468081236,80.88166242130103,30.659269347786903,59.643277236819266,1.5651463819667697,17410.002922058105,0.0,27.0,0.0,2.0,0.050000000000000044,1.3223814815282822,1.3223814815282822,0.0
standard_dqn,816,303,67.41110826283693,79.74856047704819,27.315248496830463,40.09586018323898,1.4163686595857143,15134.322317123413,0.0,20.0,0.0,0.0,0.050000000000000044,1.4956928882747889,1.4956928882747889,0.0
standard_dqn,816,304,90.30902684479952,80.33214870274068,31.917498119175434,58.39152878522873,1.563586164265871,17959.847366333008,0.0,25.0,0.0,0.0,0.050000000000000044,1.4129532240331173,1.4129532240331173,0.0
standard_dqn,816,305,73.15705846995115,79.76259278677404,26.69056173413992,46.46649658679962,1.4486673809587955,15274.436546325684,0.0,21.0,0.0,0.0,0.050000000000000044,1.6242439560592175,1.6242439560592175,0.0
standard_dqn,816,306,77.57414004951715,79.72522790119052,28.221676096320152,49.35246419906616,1.4610301880165935,15899.594388961792,0.0,22.0,0.0,0.0,0.050000000000000044,1.5240859761834145,1.5240859761834145,0.0
standard_dqn,816,307,81.07854570597411,79.46291833624244,27.567374378442764,53.511171305179595,1.4858705662190914,15831.592464447021,0.0,25.0,0.0,1.0,0.050000000000000044,1.3889424428343773,1.3889424428343773,0.0
standard_dqn,816,308,83.23092930912972,80.0263805808872,29.227757580578327,54.003171944618224,1.5151969222351909,16497.921501159668,0.0,26.0,0.0,2.0,0.050000000000000044,1.4527456648647785,1.4527456648647785,0.0
standard_dqn,816,309,75.96237430125475,80.77870309904219,26.718500204384327,49.2438740670681,1.4450794765725732,14930.528720855713,0.0,23.0,0.0,3.0,0.050000000000000044,1.2492830827832222,1.2492830827832222,0.0
standard_dqn,816,310,82.7948314934969,80.18181659989061,30.23973350226879,52.55509760379791,1.5371961621567607,16845.850772857666,0.0,24.0,0.0,1.0,0.050000000000000044,1.5562645122408867,1.5562645122408867,0.0
standard_dqn,816,311,89.15763595700264,80.3729718912393,30.886964097619057,58.27067182958126,1.5537011856213212,17517.523265838623,0.0,27.0,0.0,2.0,0.050000000000000044,1.2659221813082695,1.2659221813082695,0.0
standard_dqn,816,312,85.44719751179218,80.95086502283813,30.17256437242031,55.27463302016258,1.5592649783939123,17440.03988647461,0.0,27.0,0.0,0.0,0.050000000000000044,1.4622037149965763,1.4622037149965763,0.0
standard_dqn,816,313,64.3683607801795,79.40587549425662,25.691101633012295,38.677258521318436,1.404587011784315,15113.095054626465,0.0,19.0,0.0,0.0,0.050000000000000044,1.3642229922115803,1.3642229922115803,0.0
standard_dqn,816,314,72.80551584511996,80.45363323852419,26.867341831326485,45.93817396163941,1.418172332458198,15130.5629196167,0.0,22.0,0.0,4.0,0.050000000000000044,1.2417046334594488,1.2417046334594488,0.0
standard_dqn,816,315,78.05453173965216,80.59150597251953,27.89546935260296,50.159062752127646,1.4661407051607966,15735.120077133179,0.0,24.0,0.0,2.0,0.050000000000000044,1.3319613561034203,1.3319613561034203,0.0
standard_dqn,816,316,76.33343213945628,80.22664419181646,27.398117683827877,48.935314232110976,1.4520409805700183,15715.650779724121,0.0,23.0,0.0,1.0,0.050000000000000044,1.4456974118947983,1.4456974118947983,0.0
standard_dqn,816,317,84.30023489296437,81.24427982047202,31.486639223992825,52.813595393300055,1.5532248420640826,17680.883556365967,0.0,24.0,0.0,1.0,0.050000000000000044,1.2294721137732267,1.2294721137732267,0.0
standard_dqn,816,318,98.24497293978929,81.95142399974169,34.54217531532049,63.70279696881771,1.6556776063516736,19535.37714767456,0.0,29.0,0.0,3.0,0.050000000000000044,1.4493581149727106,1.4493581149727106,0.0
standard_dqn,816,319,81.61062686890364,81.25238450653852,27.598818615078926,54.011807933449745,1.4765471434220672,15909.373069763184,0.0,24.0,0.0,0.0,0.050000000000000044,1.5215596929192543,1.5215596929192543,0.0
standard_dqn,816,320,76.88593409955502,80.4317151106149,28.325435057282448,48.56049893796444,1.4910489320755005,16021.876708984375,0.0,24.0,0.0,0.0,0.050000000000000044,1.4581586383283138,1.4581586383283138,0.0
standard_dqn,816,321,77.35608917474747,80.31925465971231,27.782561779022217,49.57352718710899,1.4979935614392161,16170.865028381348,0.0,23.0,0.0,0.0,0.050000000000000044,1.6848327536135912,1.6848327536135912,0.0
standard_dqn,816,322,76.99648530781269,79.65395158469678,27.005852460861206,49.99063275754452,1.4888187209144235,15854.826625823975,0.0,26.0,0.0,0.0,0.050000000000000044,1.5828971192240715,1.5828971192240715,0.0
standard_dqn,816,323,95.58640868961811,81.06271660603582,33.250652492046356,62.33575588464737,1.6091605359688401,19332.78007888794,0.0,27.0,0.0,0.0,0.050000000000000044,1.3533269297331572,1.3533269297331572,0.0
standard_dqn,816,324,100.05327998995782,81.54992926329375,34.206280156970024,65.84700014591218,1.601214020512998,18970.903202056885,0.0,29.0,0.0,1.0,0.050000000000000044,1.0632477216422558,1.0632477216422558,0.0
standard_dqn,816,325,82.88082917183638,82.03611779838802,31.570658452808857,51.3101704955101,1.5847414331510663,18496.869108200073,0.0,23.0,0.0,2.0,0.050000000000000044,1.2827833630144596,1.2827833630144596,0.0
standard_dqn,816,326,90.9054294615984,82.70268226899209,30.93589596450329,59.96953364610672,1.5115983989089727,17407.927501678467,0.0,27.0,0.0,2.0,0.050000000000000044,1.5489076040685177,1.5489076040685177,0.0
standard_dqn,816,327,89.33545262366533,83.11552761487664,31.05315613001585,58.282296255230904,1.5452572647482157,17704.005527496338,0.0,26.0,0.0,0.0,0.050000000000000044,1.6343932449817657,1.6343932449817657,0.0
standard_dqn,816,328,95.52734883278609,83.73034859105947,32.63777133077383,62.889577412605284,1.5596117228269577,17958.233646392822,0.0,30.0,0.0,1.0,0.050000000000000044,1.6444591097533703,1.6444591097533703,0.0
standard_dqn,816,329,54.38336060941219,82.65139790646734,24.265912145376205,30.1174483448267,1.346566118299961,13645.551944732666,0.0,18.0,0.0,1.0,0.050000000000000044,1.3387954607605934,1.3387954607605934,0.0
standard_dqn,816,330,54.831237976253036,81.25321823060514,24.961897484958172,29.869340565800666,1.3730300636962056,14421.28628540039,0.0,19.0,0.0,3.0,0.050000000000000044,1.5468116775155067,1.5468116775155067,0.0
standard_dqn,816,331,73.92808418124915,80.49174064181747,27.08561449497938,46.84246998429298,1.444788258522749,15470.410636901855,0.0,23.0,0.0,1.0,0.050000000000000044,1.7473121490329504,1.7473121490329504,0.0
standard_dqn,816,332,87.78788371533156,80.60877495199443,30.279707834124565,57.508175843954085,1.5276858611032367,17120.076179504395,0.0,25.0,0.0,3.0,0.050000000000000044,1.5025935377925634,1.5025935377925634,0.0
standard_dqn,816,333,83.0869302392006,81.54470342494548,29.15673616528511,53.930194014310835,1.5317502869293094,17124.145500183105,0.0,24.0,0.0,1.0,0.050000000000000044,1.3426197543740273,1.3426197543740273,0.0
standard_dqn,816,334,81.28869113326073,81.96886218935252,28.404670618474483,52.88402038812637,1.4869103394448757,16303.969009399414,0.0,24.0,0.0,0.0,0.050000000000000044,1.5054616071283817,1.5054616071283817,0.0
standard_dqn,816,335,74.54853972047567,81.7935625883937,28.263988256454468,46.284551203250885,1.4981542704626918,16664.20177078247,0.0,22.0,0.0,0.0,0.050000000000000044,1.5816184356808662,1.5816184356808662,0.0
standard_dqn,816,336,86.90062277019024,82.3219221199304,29.687782168388367,57.21284110844135,1.5284305410459638,17044.69762802124,0.0,27.0,0.0,1.0,0.050000000000000044,1.3936941213905811,1.3936941213905811,0.0
standard_dqn,816,337,88.36114380657673,82.524967565611,29.171102106571198,59.19004119336605,1.4860385339707136,16375.276782989502,0.0,27.0,0.0,2.0,0.050000000000000044,1.2598460745066404,1.2598460745066404,0.0
standard_dqn,816,338,84.32269414514303,81.8288536258787,29.16997516900301,55.15271970629692,1.4842493142932653,16103.764518737793,0.0,26.0,0.0,6.0,0.050000000000000044,1.4121579602360725,1.4121579602360725,0.0
standard_dqn,816,339,81.3484758451581,81.81574607469142,27.631893560290337,53.71658163666725,1.4852487379685044,15884.144729614258,0.0,25.0,0.0,1.0,0.050000000000000044,1.2552337497472763,1.2552337497472763,0.0
standard_dqn,816,340,74.74608815014362,81.70875377722085,27.61417046189308,47.13191791176796,1.4792133048176765,15914.889144897461,0.0,21.0,0.0,2.0,0.050000000000000044,1.4723820872604847,1.4723820872604847,0.0
standard_dqn,816,341,93.23299292623997,82.50259896479548,31.48255918174982,61.75043403506279,1.6003567622974515,18104.192352294922,0.0,28.0,0.0,2.0,0.050000000000000044,1.4185370989143848,1.4185370989143848,0.0
standard_dqn,816,342,89.60186682790518,83.1328680408001,30.28375632315874,59.31811026632786,1.5316672679036856,17046.79793548584,0.0,26.0,0.0,2.0,0.050000000000000044,1.4255910646170378,1.4255910646170378,0.0
standard_dqn,816,343,58.934247240424156,81.3002599683404,25.407857909798622,33.52638965845108,1.3894119625911117,14030.329605102539,0.0,17.0,0.0,0.0,0.050000000000000044,1.5670349765568972,1.5670349765568972,0.0
standard_dqn,816,344,77.39553771317006,80.16737285450102,29.223166182637215,48.17237097918987,1.5066767316311598,16840.709846496582,0.0,24.0,0.0,2.0,0.050000000000000044,1.339322516694665,1.339322516694665,0.0
standard_dqn,816,345,88.79382514953613,80.463022653386,30.687751561403275,58.10607306659222,1.5291591370478272,17384.414848327637,0.0,26.0,0.0,0.0,0.050000000000000044,1.4852535426616669,1.4852535426616669,0.0
standard_dqn,816,346,93.89952756762504,80.61272755868734,30.798094116151333,63.1014328032732,1.542650181800127,17411.152019500732,0.0,28.0,0.0,2.0,0.050000000000000044,1.504258081316948,1.504258081316948,0.0
standard_dqn,816,347,85.91018749922515,80.44146430246532,30.652449280023575,55.257738360762595,1.5721997022628784,18112.97454071045,0.0,26.0,0.0,1.0,0.050000000000000044,1.7089373786002398,1.7089373786002398,0.0
standard_dqn,816,348,91.29378727078438,80.22978622436524,31.19508069753647,60.09870667755604,1.562858902849257,17788.935821533203,0.0,27.0,0.0,0.0,0.050000000000000044,1.764436800032854,1.764436800032854,0.0
standard_dqn,816,349,82.96044014394283,81.65864020109177,28.910938896238804,54.04950097203255,1.4656337723135948,16179.748371124268,0.0,26.0,0.0,0.0,0.050000000000000044,1.5250471979379654,1.5250471979379654,0.0
standard_dqn,816,350,88.36361356973649,83.33525898076596,31.018014445900917,57.345598781108855,1.5233434541150928,17522.506996154785,0.0,27.0,0.0,1.0,0.050000000000000044,1.526212153956294,1.526212153956294,0.0
standard_dqn,816,351,91.19613821208478,84.19866168230774,30.600370556116104,60.5957676410675,1.5732284234836698,17246.248584747314,0.0,29.0,0.0,1.0,0.050000000000000044,1.403638567775488,1.403638567775488,0.0
standard_dqn,816,352,86.11891108006239,84.11521305054427,29.91215131431818,56.206759229302406,1.5177402840927243,17268.895599365234,0.0,25.0,0.0,1.0,0.050000000000000044,1.3930073268711567,1.3930073268711567,0.0
standard_dqn,816,353,72.20751720666885,83.57124239891769,27.75947581231594,44.448041051626205,1.4489886732771993,15735.045864105225,0.0,21.0,0.0,2.0,0.050000000000000044,1.3558012396097183,1.3558012396097183,0.0
standard_dqn,816,354,86.50175234079362,83.83189545929433,29.732650570571423,56.76910147964954,1.4498890470713377,16183.451183319092,0.0,26.0,0.0,1.0,0.050000000000000044,1.4817388579249382,1.4817388579249382,0.0
standard_dqn,816,355,88.12864335030318,84.5109006407857,30.740622080862522,57.388021478056906,1.5647454503923655,17414.05704307556,0.0,27.0,0.0,3.0,0.050000000000000044,1.1329792570322752,1.1329792570322752,0.0
standard_dqn,816,356,46.51706793308258,82.49172289893033,21.563023224473,24.95404458940029,1.2961018802598119,12328.91683959961,0.0,16.0,0.0,1.0,0.050000000000000044,1.5212793983519077,1.5212793983519077,0.0
standard_dqn,816,357,81.44879355281591,82.14610538624228,28.05531968921423,53.39347416162491,1.4684724630787969,15873.3664894104,0.0,24.0,0.0,2.0,0.050000000000000044,1.816044893115759,1.816044893115759,0.0
standard_dqn,816,358,89.47178509235383,82.40355993360284,31.67191568017006,57.79986929297447,1.5716262264177203,18025.000526428223,0.0,27.0,0.0,1.0,0.050000000000000044,1.3203705698251724,1.3203705698251724,0.0
standard_dqn,816,359,83.77717836350203,82.52499505952002,30.259312748908997,53.51786553263664,1.5497287949547172,17888.475833892822,0.0,24.0,0.0,1.0,0.050000000000000044,1.7555809058248997,1.7555809058248997,0.0
standard_dqn,816,360,75.19908155500889,82.54764472976328,28.9744461029768,46.22463509440422,1.4830188415944576,16147.978424072266,0.0,21.0,0.0,1.0,0.050000000000000044,1.3720968384295702,1.3720968384295702,0.0
standard_dqn,816,361,76.06577578186989,81.68928387254478,26.14511089771986,49.92066493630409,1.4281946187838912,15017.093204498291,0.0,24.0,0.0,2.0,0.050000000000000044,1.6969429813325405,1.6969429813325405,0.0
standard_dqn,816,362,87.4942015260458,81.5839006074518,31.333282619714737,56.16091911494732,1.549969200976193,17856.82681274414,0.0,25.0,0.0,0.0,0.050000000000000044,1.4447048176079988,1.4447048176079988,0.0
standard_dqn,816,363,78.91400845348835,82.58288866810501,27.61528144031763,51.29872676730156,1.4674763279035687,15928.192127227783,0.0,24.0,0.0,2.0,0.050000000000000044,1.445744413882494,1.445744413882494,0.0
standard_dqn,816,364,77.04551632106305,82.56538759849965,28.928509384393692,48.117007160186766,1.5292048752307892,16771.794883728027,0.0,22.0,0.0,2.0,0.050000000000000044,1.6346026081591845,1.6346026081591845,0.0
standard_dqn,816,365,68.88539286255836,81.56996598415077,25.383270598948002,43.5021222859621,1.418151588179171,14257.19902229309,0.0,21.0,0.0,2.0,0.050000000000000044,1.810515008866787,1.810515008866787,0.0
standard_dqn,816,366,73.99525947868824,80.57475257970393,27.27204391360283,46.723215624690056,1.4466034593060613,15503.222652435303,0.0,23.0,0.0,0.0,0.050000000000000044,1.3870945870876312,1.3870945870876312,0.0
standard_dqn,816,367,88.12343533635139,80.68541497156023,29.445100091397762,58.67833559513092,1.4882556535303593,16780.68070602417,0.0,25.0,0.0,3.0,0.050000000000000044,1.4491619244217873,1.4491619244217873,0.0
standard_dqn,816,368,97.55448504239321,80.99844986014068,35.817021042108536,61.737463769316676,1.6253977147862315,20018.112422943115,0.0,26.0,0.0,3.0,0.050000000000000044,1.7508049979805946,1.7508049979805946,0.0
standard_dqn,816,369,69.65676552951336,80.33326612941921,25.740879371762276,43.91588636636734,1.422109266743064,14707.900199890137,0.0,22.0,0.0,3.0,0.050000000000000044,1.341990277171135,1.341990277171135,0.0
standard_dqn,816,370,67.1198582649231,79.27107836417855,25.420007899403572,41.69984944164753,1.4195190481841564,14754.593654632568,0.0,20.0,0.0,0.0,0.050000000000000044,1.4042402561753988,1.4042402561753988,0.0
standard_dqn,816,371,98.57335560917855,79.63993923403324,33.82863464951515,64.74472081065178,1.6270383074879646,19478.600303649902,0.0,28.0,0.0,2.0,0.050000000000000044,1.436984609812498,1.436984609812498,0.0
standard_dqn,816,372,91.77627292275429,79.92280732616783,30.45904467254877,61.31722801923752,1.5560327488929033,17548.07290649414,0.0,28.0,0.0,0.0,0.050000000000000044,1.5267451349645853,1.5267451349645853,0.0
standard_dqn,816,373,79.14259863048792,80.26956139735879,29.1818570420146,49.96074151396751,1.5019369665533304,16371.164558410645,0.0,23.0,0.0,1.0,0.050000000000000044,1.2902926933020353,1.2902926933020353,0.0
standard_dqn,816,374,81.44058186709881,80.01650287367406,27.729265704751015,53.71131616234779,1.4735011290758848,15550.573974609375,0.0,24.0,0.0,2.0,0.050000000000000044,1.2552325036376715,1.2552325036376715,0.0
standard_dqn,816,375,60.75916709005833,78.6480290606618,24.707967087626457,36.0511999130249,1.3730596639215946,14466.77921295166,0.0,19.0,0.0,1.0,0.050000000000000044,1.561457509174943,1.561457509174943,0.0
standard_dqn,816,376,97.43753243982792,81.19405228599908,32.02899058908224,65.40854227542877,1.5848546866327524,18096.030475616455,0.0,28.0,0.0,0.0,0.050000000000000044,1.3462926466017962,1.3462926466017962,0.0
standard_dqn,816,377,64.32202990055085,80.33771410338582,24.76547623425722,39.556553420424464,1.3941917242482305,14243.609832763672,0.0,20.0,0.0,5.0,0.050000000000000044,1.7359598092734814,1.7359598092734814,0.0
standard_dqn,816,378,92.53196072131395,80.49072288483381,32.812294222414494,59.71966751217842,1.5719838626682758,18491.773780822754,0.0,26.0,0.0,2.0,0.050000000000000044,1.5019101798534393,1.5019101798534393,0.0
standard_dqn,816,379,49.533155637979505,78.7785217485577,23.190121203660965,26.34303462803364,1.3464598944410682,13327.501220703125,0.0,16.0,0.0,2.0,0.050000000000000044,1.5099240355193615,1.5099240355193615,0.0
standard_dqn,816,380,91.12360489368439,79.57474791549147,29.74286463111639,61.380740627646446,1.5578932333737612,17354.317165374756,0.0,27.0,0.0,1.0,0.050000000000000044,1.0538489930331707,1.0538489930331707,0.0
standard_dqn,816,381,65.98503865301609,79.07071105904876,27.56670381128788,38.418334916234016,1.4663343718275428,15872.417289733887,0.0,20.0,0.0,0.0,0.050000000000000044,1.6088847480714321,1.6088847480714321,0.0
standard_dqn,816,382,60.55700197815895,77.72385108165443,23.166468016803265,37.39053399860859,1.3994433740153909,13921.541370391846,0.0,20.0,0.0,0.0,0.050000000000000044,1.393385024741292,1.393385024741292,0.0
standard_dqn,816,383,81.79090193659067,77.86769575580954,29.242609784007072,52.54829254746437,1.4940531253814697,16485.104341506958,0.0,24.0,0.0,0.0,0.050000000000000044,1.5659684240818024,1.5659684240818024,0.0
standard_dqn,816,384,74.1412959933281,77.72248473942281,26.97914606332779,47.16215000450611,1.4606796130537987,15540.04348373413,0.0,23.0,0.0,2.0,0.050000000000000044,1.5286639891564846,1.5286639891564846,0.0
standard_dqn,816,385,70.93375776708126,77.82490298464896,26.839827686548233,44.09392996132374,1.4142503589391708,15045.026134490967,0.0,23.0,0.0,1.0,0.050000000000000044,1.5442580580711365,1.5442580580711365,0.0
standard_dqn,816,386,54.75232006013393,76.86275601372124,22.542793951928616,32.209526100754736,1.3238206887617707,12551.854640960693,0.0,18.0,0.0,1.0,0.050000000000000044,1.8567029163241386,1.8567029163241386,0.0
standard_dqn,816,387,92.51570192873479,77.0823693433404,30.946041978895664,61.56965965926647,1.5369805535301566,17735.034294128418,0.0,28.0,0.0,1.0,0.050000000000000044,1.5074291173368692,1.5074291173368692,0.0
standard_dqn,816,388,70.73256870508195,75.74127352647486,26.72062461078167,44.01194390058517,1.435779258608818,14976.780052185059,0.0,21.0,0.0,1.0,0.050000000000000044,1.4783659856766462,1.4783659856766462,0.0
standard_dqn,816,389,73.55488193333149,75.93617934666575,27.648688435554504,45.90619384050369,1.4790904596447945,15932.107849121094,0.0,23.0,0.0,3.0,0.050000000000000044,1.5721660666167736,1.5721660666167736,0.0
standard_dqn,816,390,70.96565487384797,76.128469177112,26.804222613573074,44.16143206655979,1.4467590060085058,15206.947399139404,0.0,22.0,0.0,1.0,0.050000000000000044,1.5388433635234833,1.5388433635234833,0.0
standard_dqn,816,391,72.65158070623875,74.83238043196499,26.204984545707703,46.44659608602524,1.4218732602894306,14937.944515228271,0.0,23.0,0.0,0.0,0.050000000000000044,1.6614922378212214,1.6614922378212214,0.0
standard_dqn,816,392,92.50351642370224,74.8687426070124,31.124556474387646,61.378960120677945,1.5413581058382988,17654.32158279419,0.0,27.0,0.0,2.0,0.050000000000000044,1.5816863719373941,1.5816863719373941,0.0
standard_dqn,816,393,87.23521815240383,75.27337358310818,30.468076676130295,56.76714140176773,1.5767473028972745,17919.68850326538,0.0,25.0,0.0,1.0,0.050000000000000044,1.5331159457564354,1.5331159457564354,0.0
standard_dqn,816,394,82.3586703389883,75.31927800670266,29.100454054772854,53.25821602344513,1.4834589045494795,16149.707775115967,0.0,24.0,0.0,0.0,0.050000000000000044,1.728488551452756,1.728488551452756,0.0
standard_dqn,816,395,91.02289768457413,76.83246453642845,30.869816064834595,60.15308126211166,1.537751954048872,17576.502960205078,0.0,27.0,0.0,3.0,0.050000000000000044,2.3810122925788164,2.3810122925788164,0.0
standard_dqn,816,396,80.67439593523741,75.99430771119894,28.577634625136852,52.09676129519939,1.4961566589772701,16381.143573760986,0.0,24.0,0.0,1.0,0.050000000000000044,1.685065260156989,1.685065260156989,0.0
standard_dqn,816,397,97.70922114849091,77.66366727359593,34.14623638987541,63.56298475861549,1.6162886209785938,19523.83051300049,0.0,28.0,0.0,1.0,0.050000000000000044,1.7540630139410496,1.7540630139410496,0.0
standard_dqn,816,398,92.91157655417919,77.6826480652392,33.24495305120945,59.66662320494652,1.6171243730932474,19115.181888580322,0.0,28.0,0.0,0.0,0.050000000000000044,1.599451344460249,1.599451344460249,0.0
standard_dqn,816,399,69.80054030567408,78.69601729862393,26.164730668067932,43.63580974936485,1.4282750748097897,15400.14310836792,0.0,22.0,0.0,0.0,0.050000000000000044,1.6498939990997314,1.6498939990997314,0.0
standard_dqn,816,400,72.05490691959858,77.74258239991964,28.25165670365095,43.80324999988079,1.5048612393438816,16144.100452423096,0.0,21.0,0.0,1.0,0.050000000000000044,1.4488163609057665,1.4488163609057665,0.0
standard_dqn,816,401,85.65776591151953,78.72621876284481,28.17406067252159,57.48370533585548,1.497497022151947,16106.943851470947,0.0,27.0,0.0,2.0,0.050000000000000044,1.4846221562474966,1.4846221562474966,0.0
standard_dqn,816,402,82.329329803586,79.81483515411615,28.394205890595913,53.935124322772026,1.484245890751481,16231.55417251587,0.0,25.0,0.0,0.0,0.050000000000000044,1.8139273561537266,1.8139273561537266,0.0
standard_dqn,816,403,73.81901773959399,79.41624094426633,27.143753945827484,46.67526348829269,1.451646919362247,15340.708576202393,0.0,21.0,0.0,4.0,0.050000000000000044,1.6102388054132462,1.6102388054132462,0.0
standard_dqn,816,404,86.08820524960757,80.01358640708031,30.170266173779964,55.91793913543224,1.505224977619946,17013.043159484863,0.0,26.0,0.0,1.0,0.050000000000000044,1.392097083851695,1.392097083851695,0.0
standard_dqn,816,405,72.6039918228984,80.09709810987117,26.527845486998558,46.07614613473415,1.4328641146421432,15252.93489074707,0.0,22.0,0.0,1.0,0.050000000000000044,1.4985430967062712,1.4985430967062712,0.0
standard_dqn,816,406,74.59983655810356,81.08947393476964,27.3555943146348,47.24424231052399,1.4475453365594149,15313.897563934326,0.0,23.0,0.0,0.0,0.050000000000000044,1.457131428644061,1.457131428644061,0.0
standard_dqn,816,407,101.48082273602486,81.53772997513416,34.66102170944214,66.81980101168156,1.619978304952383,19512.71590423584,0.0,29.0,0.0,1.0,0.050000000000000044,1.443674124777317,1.443674124777317,0.0
standard_dqn,816,408,68.03311652690172,81.40275736622513,25.767692007124424,42.2654243260622,1.4383211405947804,14801.237413406372,0.0,20.0,0.0,0.0,0.050000000000000044,1.45815784111619,1.45815784111619,0.0
standard_dqn,816,409,107.61709953844547,83.10586824648082,35.50305573642254,72.11404398083687,1.6386018125340343,19858.94606399536,0.0,32.0,0.0,2.0,0.050000000000000044,1.3157434836030006,1.3157434836030006,0.0
standard_dqn,816,410,82.89468783140182,83.70231989435852,27.281072460114956,55.61361539363861,1.4467304944992065,15744.35343170166,0.0,28.0,0.0,0.0,0.050000000000000044,1.5411984007805586,1.5411984007805586,0.0
standard_dqn,816,411,68.97335547357798,83.51840863272548,27.42179097980261,41.55156391263008,1.411865564994514,15358.882236480713,0.0,22.0,0.0,2.0,0.050000000000000044,1.6952171437442303,1.6952171437442303,0.0
standard_dqn,816,412,69.4651093557477,82.36648827932775,26.78536806255579,42.67974169552326,1.4263550760224462,15243.972156524658,0.0,22.0,0.0,2.0,0.050000000000000044,1.363525178283453,1.363525178283453,0.0
standard_dqn,816,413,71.29944210499525,81.56969947695733,26.306352078914642,44.993089482188225,1.4401345299556851,15125.963771820068,0.0,23.0,0.0,2.0,0.050000000000000044,2.0891037806868553,2.0891037806868553,0.0
standard_dqn,816,414,68.29869126081466,80.86670052304865,26.285350017249584,42.0133412361145,1.4423225922510028,15968.273452758789,0.0,20.0,0.0,3.0,0.050000000000000044,2.0111369527876377,2.0111369527876377,0.0
standard_dqn,816,415,72.82738351225854,79.95692481443287,27.22927723824978,45.598106482625006,1.463303729891777,15460.801609039307,0.0,21.0,0.0,1.0,0.050000000000000044,1.3303642943501472,1.3303642943501472,0.0
standard_dqn,816,416,91.82626772075892,80.51451840370895,31.937466882169247,59.888800674676894,1.6051318170502782,18277.643409729004,0.0,28.0,0.0,1.0,0.050000000000000044,1.2714965008199215,1.2714965008199215,0.0
standard_dqn,816,417,74.45396784693003,79.3517557386309,26.841077841818333,47.61289019882679,1.4566377438604832,15388.258388519287,0.0,24.0,0.0,1.0,0.050000000000000044,1.5976939480751753,1.5976939480751753,0.0
standard_dqn,816,418,78.61164147555829,78.63675898469987,29.109990619122982,49.5016508564353,1.4946198305115104,16252.879056930542,0.0,23.0,0.0,1.0,0.050000000000000044,1.7309627775102854,1.7309627775102854,0.0
standard_dqn,816,419,66.78902854025364,78.48618339642884,27.05227467417717,39.73675347864628,1.407156953588128,14959.728786468506,0.0,21.0,0.0,1.0,0.050000000000000044,1.7783284839242697,1.7783284839242697,0.0
standard_dqn,816,420,84.63557435572147,79.11521676823497,31.199743002653122,53.435831636190414,1.5744869094341993,17673.33575820923,0.0,24.0,0.0,1.0,0.050000000000000044,1.346549455076456,1.346549455076456,0.0
standard_dqn,816,421,83.2069910466671,78.99267802499234,29.902096264064312,53.30489431321621,1.5349934361875057,16866.941522598267,0.0,25.0,0.0,1.0,0.050000000000000044,1.8211300075054169,1.8211300075054169,0.0
standard_dqn,816,422,71.45829091966152,78.44912608079612,26.734036818146706,44.72425399720669,1.4910674961283803,15921.352405548096,0.0,22.0,0.0,1.0,0.050000000000000044,1.5088156405836344,1.5088156405836344,0.0
standard_dqn,816,423,79.16652576178312,78.71650148190558,29.242008730769157,49.92451726198196,1.5300899371504784,17092.167114257812,0.0,24.0,0.0,2.0,0.050000000000000044,1.437946891412139,1.437946891412139,0.0
standard_dqn,816,424,80.23010822534562,78.42359663069249,29.908201351761818,50.32190693318844,1.5098162991926074,17290.109325408936,0.0,25.0,0.0,2.0,0.050000000000000044,1.47441778331995,1.47441778331995,0.0
standard_dqn,816,425,83.320292198658,78.95941164948047,29.936852633953094,53.38343952000141,1.5056872852146626,16952.104404449463,0.0,25.0,0.0,2.0,0.050000000000000044,1.3308944068849087,1.3308944068849087,0.0
standard_dqn,816,426,78.50582038611174,79.15471084088088,29.322790876030922,49.183029875159264,1.488772813230753,16437.963954925537,0.0,23.0,0.0,1.0,0.050000000000000044,1.3327509928494692,1.3327509928494692,0.0
standard_dqn,816,427,83.64790484309196,78.26306494623424,30.196813330054283,53.45109115540981,1.5344152403995395,17381.522178649902,0.0,25.0,0.0,1.0,0.050000000000000044,1.6443010494112968,1.6443010494112968,0.0
standard_dqn,816,428,65.32223507910967,78.12752087384463,25.691346660256386,39.63088838160038,1.3978517092764378,14496.59797668457,0.0,20.0,0.0,1.0,0.050000000000000044,1.806976605206728,1.806976605206728,0.0
standard_dqn,816,429,81.43955704122781,76.81864374898375,30.44193345308304,50.99762361049652,1.5196456955745816,17259.155994415283,0.0,24.0,0.0,2.0,0.050000000000000044,1.2849538382142782,1.2849538382142782,0.0
standard_dqn,816,430,74.57511763423682,76.4026652391255,29.163618966937065,45.411498764157294,1.4917915584519506,16491.111473083496,0.0,24.0,0.0,1.0,0.050000000000000044,1.7819654047489166,1.7819654047489166,0.0
standard_dqn,816,431,79.0289914995432,76.90544704042375,28.12882672250271,50.90016506016254,1.4724290203303099,16114.444465637207,0.0,23.0,0.0,2.0,0.050000000000000044,1.4243258908390999,1.4243258908390999,0.0
standard_dqn,816,432,81.7021202147007,77.5172975833714,27.846821412444115,53.855299055576324,1.4319458520039916,15736.14554977417,0.0,24.0,0.0,0.0,0.050000000000000044,1.8065791055560112,1.8065791055560112,0.0
standard_dqn,816,433,68.33660311996937,77.36915563412012,24.231397300958633,44.10520580410957,1.3849431611597538,13883.524654388428,0.0,22.0,0.0,1.0,0.050000000000000044,1.9484503827989101,1.9484503827989101,0.0
standard_dqn,816,434,91.5055716112256,78.52949965164066,31.50520019978285,60.00037169456482,1.6069335984066129,18138.238748550415,0.0,27.0,0.0,2.0,0.050000000000000044,1.3522676266729832,1.3522676266729832,0.0
standard_dqn,816,435,76.77055531889201,78.72665824197233,27.998940907418728,48.77161488831043,1.48561991751194,16290.792472839355,0.0,25.0,0.0,1.0,0.050000000000000044,1.883135948330164,1.883135948330164,0.0
standard_dqn,816,436,86.28938041776419,78.4498138768226,30.16187085956335,56.12750948369503,1.5248848823830485,17444.875423431396,0.0,26.0,0.0,2.0,0.050000000000000044,1.4297952838242054,1.4297952838242054,0.0
standard_dqn,816,437,72.88606125116348,78.37141854703427,29.08397288620472,43.80208872258663,1.4710733322426677,16403.384384155273,0.0,22.0,0.0,0.0,0.050000000000000044,1.2505360040813684,1.2505360040813684,0.0
standard_dqn,816,438,87.39784178286791,78.81072856239976,29.256894253194332,58.14094742536545,1.5316440854221582,16739.016345977783,0.0,27.0,0.0,2.0,0.050000000000000044,1.6201975215226412,1.6201975215226412,0.0
standard_dqn,816,439,93.96234829872847,80.1693945503235,33.22163388878107,60.74071370959282,1.6125229550525546,19085.46491241455,0.0,26.0,0.0,1.0,0.050000000000000044,1.5583154056221247,1.5583154056221247,0.0
standard_dqn,816,440,81.76993228197098,80.02611244663598,28.156857185065746,53.61307526826859,1.4810511702671647,16238.600452423096,0.0,24.0,0.0,3.0,0.050000000000000044,1.6729792710393667,1.6729792710393667,0.0
standard_dqn,816,441,50.05079422593117,78.36830260559918,22.849355973303318,27.20143840909004,1.323503534309566,12999.285171508789,0.0,16.0,0.0,3.0,0.050000000000000044,1.7131594102829695,1.7131594102829695,0.0
standard_dqn,816,442,92.0452845171094,79.39765228547158,31.70880041271448,60.33648444712162,1.558518604375422,17786.582111358643,0.0,27.0,0.0,0.0,0.050000000000000044,1.6449040304869413,1.6449040304869413,0.0
standard_dqn,816,443,101.21438665688038,80.50004533022643,31.61003728955984,69.6043489575386,1.6062821000814438,18266.44464492798,0.0,32.0,0.0,1.0,0.050000000000000044,1.6893993392586708,1.6893993392586708,0.0
standard_dqn,816,444,85.97147063314915,80.7871134506166,30.380084350705147,55.59138638675213,1.5125254644080997,17190.722694396973,0.0,28.0,0.0,1.0,0.050000000000000044,1.6331123504787683,1.6331123504787683,0.0
standard_dqn,816,445,70.77356521189213,80.15977710127831,26.281110271811485,44.49245443344116,1.432408757507801,15138.213729858398,0.0,23.0,0.0,2.0,0.050000000000000044,1.5780363827943802,1.5780363827943802,0.0
standard_dqn,816,446,74.80339274704457,79.97465571932496,26.66111420840025,48.14227850139141,1.4304925948381424,15080.159065246582,0.0,24.0,0.0,1.0,0.050000000000000044,1.4729843996465206,1.4729843996465206,0.0
standard_dqn,816,447,75.98043435811996,79.59128219507636,28.78254759311676,47.197886884212494,1.472008753567934,16435.73677444458,0.0,24.0,0.0,0.0,0.050000000000000044,1.4958593733608723,1.4958593733608723,0.0
standard_dqn,816,448,70.09886710494757,79.83011379636825,27.712379060685635,42.386487954854964,1.430332088842988,15721.307525634766,0.0,21.0,0.0,1.0,0.050000000000000044,1.5001175533980131,1.5001175533980131,0.0
standard_dqn,816,449,74.95889467895032,79.50608067825438,28.67864592373371,46.28024888932705,1.488320796750486,16260.59220123291,0.0,22.0,0.0,1.0,0.050000000000000044,1.4439842067658901,1.4439842067658901,0.0
standard_dqn,816,450,84.41688627004623,79.99816911004486,29.597717747092247,54.81916783750057,1.516852866858244,16765.88515853882,0.0,25.0,0.0,0.0,0.050000000000000044,1.7271626442670822,1.7271626442670822,0.0
standard_dqn,816,451,80.50237708091736,80.07183838911355,29.225172474980354,51.277205395698545,1.5445967195555568,16898.66636276245,0.0,23.0,0.0,2.0,0.050000000000000044,1.526404619216919,1.526404619216919,0.0
standard_dqn,816,452,65.48790670335293,79.26112771354617,25.26233211159706,40.22557466626167,1.4029518384486437,14811.136722564697,0.0,20.0,0.0,1.0,0.050000000000000044,1.5516065619885921,1.5516065619885921,0.0
standard_dqn,816,453,86.69211652874947,80.17890338398516,30.03415012359619,56.657966673374176,1.5424488941207528,17633.708087921143,0.0,24.0,0.0,0.0,0.050000000000000044,1.6037669461220503,1.6037669461220503,0.0
standard_dqn,816,454,93.95450499653816,80.30135005325079,31.97585801780224,61.97864656150341,1.5881118914112449,18077.77677154541,0.0,28.0,0.0,0.0,0.050000000000000044,1.6618075426667929,1.6618075426667929,0.0
standard_dqn,816,455,66.780668194592,79.80185569703579,24.863463036715984,41.91720539629459,1.4126802813261747,14619.088062286377,0.0,21.0,0.0,4.0,0.050000000000000044,1.836862163618207,1.836862163618207,0.0
standard_dqn,816,456,83.68262982368469,79.67151816733181,29.576189570128918,54.10644052922726,1.527507457882166,16848.277421951294,0.0,25.0,0.0,0.0,0.050000000000000044,1.7894331607967615,1.7894331607967615,0.0
standard_dqn,816,457,89.18190886080265,80.48631054781377,30.39100455492735,58.79090474545956,1.511831909418106,16935.81935119629,0.0,27.0,0.0,0.0,0.050000000000000044,1.7472878880798817,1.7472878880798817,0.0
standard_dqn,816,458,74.82149963825941,79.85749344058334,27.977340303361416,46.84415899217129,1.4991449024528265,16332.785432815552,0.0,23.0,0.0,2.0,0.050000000000000044,1.6650031171739101,1.6650031171739101,0.0
standard_dqn,816,459,77.09226360321045,79.01398920580746,29.403863191604614,47.68839999437332,1.496044890023768,16910.549648284912,0.0,24.0,0.0,1.0,0.050000000000000044,1.5399908646941185,1.5399908646941185,0.0
standard_dqn,816,460,82.60057927817107,79.05552155561746,27.962935008108616,54.637644001841544,1.4784932024776936,15867.443271636963,0.0,26.0,0.0,2.0,0.050000000000000044,1.6098882965743542,1.6098882965743542,0.0
standard_dqn,816,461,80.35937313735485,80.57095050118865,28.826766207814217,51.532607078552246,1.5241518411785364,16886.457429885864,0.0,24.0,0.0,0.0,0.050000000000000044,1.4036052748560905,1.4036052748560905,0.0
standard_dqn,816,462,74.39154023826123,79.68826328724624,27.32363534718752,47.06790527105331,1.4577400898560882,15486.336166381836,0.0,24.0,0.0,1.0,0.050000000000000044,1.5430630557239056,1.5430630557239056,0.0
standard_dqn,816,463,72.413787484169,78.24823332861067,26.359795324504375,46.05399188399315,1.4493963122367859,15368.390911102295,0.0,23.0,0.0,0.0,0.050000000000000044,1.6720456816256046,1.6720456816256046,0.0
standard_dqn,816,464,87.6686091274023,78.33309025332332,32.26644188910723,55.40216763317585,1.5484133083373308,18222.836322784424,0.0,26.0,0.0,0.0,0.050000000000000044,1.3953836914151907,1.3953836914151907,0.0
standard_dqn,816,465,46.394947208464146,77.11415935315192,21.7763005271554,24.61864671111107,1.3120343489572406,12781.72024154663,0.0,14.0,0.0,1.0,0.050000000000000044,1.6447020191699266,1.6447020191699266,0.0
standard_dqn,816,466,78.17704623192549,77.28284202739596,29.369303725659847,48.80774210393429,1.4884166307747364,16822.91388320923,0.0,25.0,0.0,1.0,0.050000000000000044,1.6565746888518333,1.6565746888518333,0.0
standard_dqn,816,467,87.01890076994896,77.83476534798741,30.52762334048748,56.491277772188184,1.5136640910059214,17113.693531036377,0.0,25.0,0.0,4.0,0.050000000000000044,1.6279352270066738,1.6279352270066738,0.0
standard_dqn,816,468,94.23698407709598,79.04167119659482,32.28120286017656,61.95578137338161,1.6060578152537346,18710.056411743164,0.0,29.0,0.0,2.0,0.050000000000000044,1.5160007700324059,1.5160007700324059,0.0
standard_dqn,816,469,74.44308796525002,79.01588086090982,29.610113471746445,44.8329741358757,1.4946750327944756,17199.4933052063,0.0,22.0,0.0,1.0,0.050000000000000044,1.7034005671739578,1.7034005671739578,0.0
standard_dqn,816,470,76.82451754063368,78.63626242443918,27.811586618423462,49.01293084025383,1.4517349228262901,15729.583393096924,0.0,23.0,0.0,1.0,0.050000000000000044,1.646868247538805,1.646868247538805,0.0
standard_dqn,816,471,91.15301641821861,79.16879439130426,30.408850476145744,60.74416673183441,1.610290846787393,18071.41781425476,0.0,27.0,0.0,1.0,0.050000000000000044,1.4259892906993628,1.4259892906993628,0.0
standard_dqn,816,472,68.82703642994166,79.33575087763369,25.83731096237898,42.98972521424294,1.42298087105155,15017.604667663574,0.0,19.0,0.0,3.0,0.050000000000000044,1.490480137988925,1.490480137988925,0.0
standard_dqn,816,473,81.04019913822412,79.05315500810742,27.913386911153793,53.12681192159653,1.4883287521079183,15799.043930053711,0.0,24.0,0.0,1.0,0.050000000000000044,1.4158208258450031,1.4158208258450031,0.0
standard_dqn,816,474,77.49496001005173,78.2301777587831,27.37752403318882,50.117435455322266,1.472433348186314,15887.057880401611,0.0,23.0,0.0,0.0,0.050000000000000044,1.6691352911293507,1.6691352911293507,0.0
standard_dqn,816,475,83.08765541762114,79.04552711993456,27.738462164998055,55.34919282793999,1.4550111358985305,15550.30846786499,0.0,25.0,0.0,1.0,0.050000000000000044,1.453512316569686,1.453512316569686,0.0
standard_dqn,816,476,89.08882110565901,79.31583668403327,29.27321856468916,59.81560260057449,1.5395364686846733,17035.06986618042,0.0,25.0,0.0,2.0,0.050000000000000044,1.4796716403216124,1.4796716403216124,0.0
standard_dqn,816,477,83.46021250784398,79.02975186638534,28.37062891572714,55.08958356976509,1.5068397680297494,16401.420280456543,0.0,25.0,0.0,2.0,0.050000000000000044,1.7676301021128893,1.7676301021128893,0.0
standard_dqn,816,478,80.87572853267193,79.33246331110597,29.147880390286446,51.72784808278084,1.5339090898633003,17066.68673324585,0.0,23.0,0.0,0.0,0.050000000000000044,1.801234820857644,1.801234820857644,0.0
standard_dqn,816,479,80.10008135437965,79.48285419866443,27.91252726316452,52.187553495168686,1.4795412784442306,15707.669052124023,0.0,23.0,0.0,0.0,0.050000000000000044,1.3387254104018211,1.3387254104018211,0.0
standard_dqn,816,480,71.6164603292942,78.93364825122057,26.756801694631577,44.85965848565102,1.450832643546164,15324.489345550537,0.0,22.0,0.0,4.0,0.050000000000000044,1.600286217406392,1.600286217406392,0.0
standard_dqn,816,481,68.94983720183373,78.36317145444453,25.821875274181366,43.12796210646629,1.446167222224176,15169.235027313232,0.0,21.0,0.0,1.0,0.050000000000000044,1.4630532134324312,1.4630532134324312,0.0
standard_dqn,816,482,78.26363571882248,78.5567762284726,27.12573281675577,51.13790228366852,1.4258952429518104,15185.055362701416,0.0,25.0,0.0,1.0,0.050000000000000044,1.557739520445466,1.557739520445466,0.0
standard_dqn,816,483,64.4700245514512,78.1595880818367,26.224824458360672,38.24520005583763,1.385228225030005,14833.583000183105,0.0,20.0,0.0,3.0,0.050000000000000044,1.6930845379829407,1.6930845379829407,0.0
standard_dqn,816,484,82.68476794809104,77.91039602287115,28.90002553910017,53.78474163413048,1.5416210573166609,17183.864665985107,0.0,23.0,0.0,2.0,0.050000000000000044,1.8980663437396288,1.8980663437396288,0.0
standard_dqn,816,485,75.8839355185628,79.38484543837608,28.100120276212692,47.783814921975136,1.457345638424158,15377.02847290039,0.0,23.0,0.0,0.0,0.050000000000000044,1.8284321408718824,1.8284321408718824,0.0
standard_dqn,816,486,82.12736995518208,79.58236162453889,29.134566217660904,52.99280312657356,1.5390355298295617,16932.879585266113,0.0,24.0,0.0,1.0,0.050000000000000044,1.4168063662946224,1.4168063662946224,0.0
standard_dqn,816,487,76.23971605300903,79.04340238869192,27.479454196989536,48.76026174426079,1.476436042226851,15779.875547409058,0.0,23.0,0.0,1.0,0.050000000000000044,1.9118457194417715,1.9118457194417715,0.0
standard_dqn,816,488,73.44931881129742,78.00401912540198,26.431661628186703,47.0176569968462,1.4173163939267397,15081.813514709473,0.0,24.0,0.0,0.0,0.050000000000000044,2.2058659996837378,2.2058659996837378,0.0
standard_dqn,816,489,83.97674756646157,78.48070210546256,28.281463779509068,55.69528333246708,1.485511644743383,16006.198863983154,0.0,23.0,0.0,1.0,0.050000000000000044,1.8627459183335304,1.8627459183335304,0.0
standard_dqn,816,490,81.59809687137604,78.71938107199968,27.682945519685745,53.91515156030655,1.474297408014536,15801.776737213135,0.0,25.0,0.0,2.0,0.050000000000000044,1.7549670934677124,1.7549670934677124,0.0
standard_dqn,816,491,77.07232291996479,78.01534639708699,27.59629912674427,49.476023614406586,1.5004997039213777,16200.37882232666,0.0,24.0,0.0,1.0,0.050000000000000044,1.7089527808129787,1.7089527808129787,0.0
standard_dqn,816,492,73.48649816960096,78.24831948406995,27.261322416365147,46.22517576813698,1.4494086215272546,15595.632892608643,0.0,23.0,0.0,1.0,0.050000000000000044,1.4105135444551706,1.4105135444551706,0.0
standard_dqn,816,493,69.04737610369921,77.6486783323437,26.9969445168972,42.05043162405491,1.4452329147607088,15526.563491821289,0.0,22.0,0.0,0.0,0.050000000000000044,1.3565628714859486,1.3565628714859486,0.0
standard_dqn,816,494,81.97838118821383,77.87284939125182,30.822550259530544,51.155830764770506,1.5257904678583145,16987.707202911377,0.0,24.0,0.0,1.0,0.050000000000000044,1.624205257743597,1.624205257743597,0.0
standard_dqn,816,495,75.8596107289195,77.51144715681673,28.46337664872408,47.3962339758873,1.4790745712816715,16127.08618927002,0.0,24.0,0.0,1.0,0.050000000000000044,1.7926413398236036,1.7926413398236036,0.0
standard_dqn,816,496,75.7544314429164,76.84472767367961,27.517546512186527,48.236885064840315,1.45441928319633,15783.764492034912,0.0,22.0,0.0,3.0,0.050000000000000044,1.7648013569414616,1.7648013569414616,0.0
standard_dqn,816,497,59.11338229626417,75.62738616310062,25.647665314376354,33.465717086195944,1.3947750627994537,14315.085800170898,0.0,17.0,0.0,1.0,0.050000000000000044,1.4306934960186481,1.4306934960186481,0.0
standard_dqn,816,498,86.48497668653727,75.90784857079389,29.527747236192226,56.957229018211365,1.5195433739572763,17077.503971099854,0.0,25.0,0.0,0.0,0.050000000000000044,1.51263658516109,1.51263658516109,0.0
standard_dqn,816,499,87.84508194923401,76.29509860053659,29.9582337513566,57.88684845864773,1.5222301436588168,17022.388702392578,0.0,26.0,0.0,1.0,0.050000000000000044,2.0049870535731316,2.0049870535731316,0.0
standard_dqn,816,500,81.15396313518286,76.77197374083103,28.54752131551504,52.60644174516201,1.47529243119061,16081.317737579346,0.0,22.0,0.0,1.0,0.050000000000000044,1.7567997500300407,1.7567997500300407,0.0
standard_dqn,816,501,74.87081741094589,77.06802275128663,26.813630044460297,48.05718742609024,1.4636249681934714,15449.661853790283,0.0,24.0,0.0,3.0,0.050000000000000044,1.8562470935285091,1.8562470935285091,0.0
standard_dqn,816,502,63.30053470283747,76.31986770048738,24.277623370289803,39.02291125059128,1.3976121926680207,13776.351085662842,0.0,19.0,0.0,0.0,0.050000000000000044,1.6395696736872196,1.6395696736872196,0.0
standard_dqn,816,503,79.17111037969589,77.0549219918996,28.18415730446577,50.98695355951786,1.4794931896030903,15883.286935806274,0.0,24.0,0.0,2.0,0.050000000000000044,1.6762550789862871,1.6762550789862871,0.0
standard_dqn,816,504,85.55068130046129,77.19821765951812,30.649201668798923,54.90147975087166,1.5345677426084876,17415.497608184814,0.0,24.0,0.0,0.0,0.050000000000000044,1.3154430203139782,1.3154430203139782,0.0
standard_dqn,816,505,73.2784163594246,77.06794170156121,26.773171573877335,46.505245038866995,1.4622847978025675,16207.230823516846,0.0,21.0,0.0,1.0,0.050000000000000044,1.9179475493729115,1.9179475493729115,0.0
standard_dqn,816,506,97.38740148544312,77.83094327807427,32.89063869416714,64.49676273167134,1.588496621698141,18768.10341835022,0.0,28.0,0.0,3.0,0.050000000000000044,1.6638283357024193,1.6638283357024193,0.0
standard_dqn,816,507,73.56061584651471,77.69698826774956,27.065036088228226,46.4955803245306,1.4413267131894827,15438.326168060303,0.0,22.0,0.0,1.0,0.050000000000000044,1.5961112007498741,1.5961112007498741,0.0
standard_dqn,816,508,77.79606045931578,77.91432535015049,28.450387306511402,49.345672556757926,1.4711795188486576,15783.287326812744,0.0,23.0,0.0,1.0,0.050000000000000044,1.7514245510101318,1.7514245510101318,0.0
standard_dqn,816,509,73.46399919688702,77.38868793167175,27.084805697202682,46.37919342517853,1.4241849379613996,15460.175598144531,0.0,22.0,0.0,0.0,0.050000000000000044,1.9051956124603748,1.9051956124603748,0.0
standard_dqn,816,510,75.71446435451507,77.0945063058287,26.343909949064255,49.37055458426475,1.4370758989825845,15176.829235076904,0.0,23.0,0.0,4.0,0.050000000000000044,1.9311039373278618,1.9311039373278618,0.0
standard_dqn,816,511,49.536999709904194,75.71774014532568,22.124877847731113,27.412121266126633,1.3302565682679415,12909.88070678711,0.0,16.0,0.0,0.0,0.050000000000000044,1.6069459170103073,1.6069459170103073,0.0
standard_dqn,816,512,86.30628841519356,76.35872965760531,27.695062518119812,58.61122534573078,1.5184405632317066,16211.380893707275,0.0,28.0,0.0,1.0,0.050000000000000044,1.6866366304457188,1.6866366304457188,0.0
standard_dqn,816,513,67.33406336903572,76.27306402087213,25.072949074208736,42.26111431717872,1.3859895840287209,14164.17999458313,0.0,21.0,0.0,2.0,0.050000000000000044,1.599274169653654,1.599274169653654,0.0
standard_dqn,816,514,84.4154973641038,76.39491982966663,28.746016800403595,55.669480288028716,1.5111683793365955,16758.59967803955,0.0,26.0,0.0,1.0,0.050000000000000044,1.3396151941269636,1.3396151941269636,0.0
standard_dqn,816,515,77.97520573735237,76.50069958008827,27.398592814803123,50.576612907648084,1.4662024825811386,16197.754760742188,0.0,24.0,0.0,3.0,0.050000000000000044,1.7195897549390793,1.7195897549390793,0.0
standard_dqn,816,516,92.13066955655813,77.31951148577035,30.83118576556444,61.29948338866234,1.5467113880440593,17198.335710525513,0.0,29.0,0.0,1.0,0.050000000000000044,1.9264839570969343,1.9264839570969343,0.0
standard_dqn,816,517,82.99864792823792,78.51377476736903,27.756295830011368,55.24235212802887,1.4849493224173784,16031.186544418335,0.0,25.0,0.0,2.0,0.050000000000000044,1.6876521613448858,1.6876521613448858,0.0
standard_dqn,816,518,83.28110584169626,78.35358122512699,28.995664209127426,54.285441282391545,1.5025241924449801,16236.06084060669,0.0,26.0,0.0,2.0,0.050000000000000044,1.5452109314501286,1.5452109314501286,0.0
standard_dqn,816,519,85.60859926939011,78.2417570911348,30.80427595973015,54.80432330965996,1.5655159279704094,17872.034492492676,0.0,26.0,0.0,2.0,0.050000000000000044,1.5577860046178102,1.5577860046178102,0.0
standard_dqn,816,520,99.53743027895689,79.1609304483235,32.77817451953888,66.7592563778162,1.5744345868006349,18536.286128997803,0.0,30.0,0.0,0.0,0.050000000000000044,1.3781467098742723,1.3781467098742723,0.0
standard_dqn,816,521,83.98486524820328,79.61663284018636,27.820903792977333,56.16396199166775,1.488553600385785,15779.592887878418,0.0,27.0,0.0,1.0,0.050000000000000044,1.7428960092365742,1.7428960092365742,0.0
standard_dqn,816,522,83.74005265831947,80.63860873796047,29.592127330601215,54.147926199436185,1.5396781200543046,17328.588638305664,0.0,26.0,0.0,4.0,0.050000000000000044,1.7902345824986696,1.7902345824986696,0.0
standard_dqn,816,523,84.46962976455688,80.9035347072035,27.83077858388424,56.63885110616684,1.4825675692409277,16045.003147125244,0.0,26.0,0.0,0.0,0.050000000000000044,1.5444534718990326,1.5444534718990326,0.0
standard_dqn,816,524,87.12274395823479,80.98213784009218,29.422138422727585,57.70060589313507,1.5049067260697484,16781.209087371826,0.0,26.0,0.0,2.0,0.050000000000000044,1.728104904294014,1.728104904294014,0.0
standard_dqn,816,525,73.23339940011502,80.97988699212671,28.870916560292244,44.36248278021812,1.493810056708753,16525.782558441162,0.0,22.0,0.0,1.0,0.050000000000000044,2.1693671885877848,2.1693671885877848,0.0
standard_dqn,816,526,85.95111711472273,80.4080727735907,30.141945146024227,55.80917235612869,1.4979184344410896,16963.12832069397,0.0,25.0,0.0,2.0,0.050000000000000044,1.5528397597372532,1.5528397597372532,0.0
standard_dqn,816,527,77.97870233654976,80.62897709809245,28.87783832103014,49.10086415708065,1.4884015014395118,16388.555221557617,0.0,25.0,0.0,0.0,0.050000000000000044,1.6403904743492603,1.6403904743492603,0.0
standard_dqn,816,528,85.37870673239232,81.00810941174629,30.030397549271584,55.348309287428854,1.528357339091599,17067.05647277832,0.0,25.0,0.0,2.0,0.050000000000000044,1.6275214329361916,1.6275214329361916,0.0
standard_dqn,816,529,68.89872600138187,80.77984575197101,24.587367326021194,44.311359241604805,1.403855049982667,14221.690952301025,0.0,24.0,0.0,2.0,0.050000000000000044,2.1082925125956535,2.1082925125956535,0.0
standard_dqn,816,530,86.21092888712883,81.3046689786017,30.29482215642929,55.916106536984444,1.5269080298021436,17172.42081451416,0.0,26.0,0.0,1.0,0.050000000000000044,1.6666373796761036,1.6666373796761036,0.0
standard_dqn,816,531,66.27565033733845,82.14160150997341,25.057518258690834,41.2181321978569,1.390576179139316,14033.26598739624,0.0,22.0,0.0,2.0,0.050000000000000044,1.8022372350096703,1.8022372350096703,0.0
standard_dqn,816,532,72.30474647283555,81.44152441285551,26.914131365716457,45.39061523377895,1.4466009577736259,15522.981761932373,0.0,22.0,0.0,1.0,0.050000000000000044,1.3885309603065252,1.3885309603065252,0.0
standard_dqn,816,533,82.17706227302551,82.183674358055,29.218877106904984,52.95818501710892,1.510302796959877,17016.415676116943,0.0,24.0,0.0,0.0,0.050000000000000044,1.4092142600566149,1.4092142600566149,0.0
standard_dqn,816,534,71.96274158358574,81.5610365690291,26.922831133008003,45.0399105399847,1.471369793638587,15643.921142578125,0.0,21.0,0.0,0.0,0.050000000000000044,1.9516066256910563,1.9516066256910563,0.0
standard_dqn,816,535,91.27733702361584,82.22614313334228,31.82900768518448,59.448329174518584,1.6061145151033998,18631.53858947754,0.0,27.0,0.0,1.0,0.050000000000000044,1.897337382659316,1.897337382659316,0.0
standard_dqn,816,536,70.55510562956333,81.14736493699253,27.707229666411877,42.847876000404355,1.4402099689468741,15615.411769866943,0.0,20.0,0.0,2.0,0.050000000000000044,2.1196686420589685,2.1196686420589685,0.0
standard_dqn,816,537,63.22503172010183,80.15868412658573,25.132132582366467,38.092899510264395,1.3835581336170435,14464.197639465332,0.0,18.0,0.0,1.0,0.050000000000000044,1.1550083458423615,1.1550083458423615,0.0
standard_dqn,816,538,88.06006294488907,80.39763198174538,28.801214940845966,59.25884860754013,1.5038150046020746,16500.664751052856,0.0,26.0,0.0,0.0,0.050000000000000044,1.3409868590533733,1.3409868590533733,0.0
standard_dqn,816,539,83.16211845129729,80.27530794084073,29.903941355645657,53.258176842331885,1.5412191525101662,17387.84451675415,0.0,24.0,0.0,3.0,0.050000000000000044,1.8514519352465868,1.8514519352465868,0.0
standard_dqn,816,540,68.28536125272512,78.71270448952914,26.097638182342052,42.187722980976105,1.4140925938263535,14989.604068756104,0.0,21.0,0.0,1.0,0.050000000000000044,1.6462350953370333,1.6462350953370333,0.0
standard_dqn,816,541,86.61785354018211,78.84435390412808,30.661445006728172,55.956408131122586,1.5125292222946882,17330.073875427246,0.0,26.0,0.0,3.0,0.050000000000000044,1.8801660984754562,1.8801660984754562,0.0
standard_dqn,816,542,77.60155961662531,78.53742925204337,27.46915554255247,50.13240449130535,1.4982057735323906,15664.571578979492,0.0,23.0,0.0,1.0,0.050000000000000044,1.3710465151816607,1.3710465151816607,0.0
standard_dqn,816,543,96.14853781610728,79.1213746546209,31.844242215156555,64.30429601073266,1.5682891700416803,17974.89870452881,0.0,29.0,0.0,1.0,0.050000000000000044,1.1226873639971018,1.1226873639971018,0.0
standard_dqn,816,544,54.41557005345821,77.48601595938206,22.956622384488583,31.458947587013245,1.3385813245549798,13042.481262207031,0.0,18.0,0.0,3.0,0.050000000000000044,1.9328350983560085,1.9328350983560085,0.0
standard_dqn,816,545,86.37468399852514,78.14308018930257,30.459041453897953,55.91564179956913,1.5523065533488989,17763.425399780273,0.0,26.0,0.0,0.0,0.050000000000000044,1.6602509040385485,1.6602509040385485,0.0
standard_dqn,816,546,85.40314421355724,78.11568154424428,29.206605032086372,56.19653931558132,1.5263399332761765,16753.021057128906,0.0,24.0,0.0,2.0,0.050000000000000044,1.7400531619787216,1.7400531619787216,0.0
standard_dqn,816,547,70.09971851110458,77.72173235297203,26.594050742685795,43.50566753745079,1.4372201263904572,15034.248336791992,0.0,22.0,0.0,1.0,0.050000000000000044,1.5194259658455849,1.5194259658455849,0.0
standard_dqn,816,548,72.24013977646828,77.06480400517583,28.083029977977276,44.15710968673229,1.4761839089915156,16078.031196594238,0.0,22.0,0.0,2.0,0.050000000000000044,1.8980071675032377,1.8980071675032377,0.0
standard_dqn,816,549,68.2538237810135,77.03255889415742,25.749717891216278,42.504106456041335,1.4393266821280122,15028.25785446167,0.0,20.0,0.0,1.0,0.050000000000000044,1.5866942293941975,1.5866942293941975,0.0
standard_dqn,816,550,83.38196759819985,76.89111082971098,29.3471090644598,54.034858191013335,1.5054233707487583,16579.021060943604,0.0,25.0,0.0,4.0,0.050000000000000044,1.5442348048090935,1.5442348048090935,0.0
standard_dqn,816,551,92.90016589313745,78.22233660750092,32.271091498434544,60.6290739774704,1.5956114800646901,18371.292083740234,0.0,27.0,0.0,0.0,0.050000000000000044,1.5368125177919865,1.5368125177919865,0.0
standard_dqn,816,552,65.98217070251704,77.906207818985,25.610830388963223,40.37134044766426,1.3998840721324086,14468.032279968262,0.0,21.0,0.0,2.0,0.050000000000000044,1.7555629257112741,1.7555629257112741,0.0
standard_dqn,816,553,68.1108731508255,77.20289836287499,25.77845572680235,42.33241768479347,1.4029731983318925,14664.333675384521,0.0,20.0,0.0,2.0,0.050000000000000044,1.7286060526967049,1.7286060526967049,0.0
standard_dqn,816,554,84.07530626654625,77.80852659702302,29.49058458954096,54.58472177386284,1.5010448647662997,16915.001991271973,0.0,26.0,0.0,2.0,0.050000000000000044,1.8871170319616795,1.8871170319616795,0.0
standard_dqn,816,555,71.09902747273445,76.79961111947895,25.845068380236626,45.253958749771115,1.4201784329488873,14625.139249801636,0.0,21.0,0.0,2.0,0.050000000000000044,1.7204800341278315,1.7204800341278315,0.0
standard_dqn,816,556,73.53089867085218,76.94840077154338,26.766381449997425,46.764517578482625,1.418405281379819,14987.650188446045,0.0,22.0,0.0,2.0,0.050000000000000044,1.9011207204312086,1.9011207204312086,0.0
standard_dqn,816,557,68.19132399111986,77.19671538509428,27.0101051107049,41.18121876120567,1.4370666705071926,15347.506259918213,0.0,21.0,0.0,3.0,0.050000000000000044,1.5972486212849617,1.5972486212849617,0.0
standard_dqn,816,558,80.99572141617537,76.84349830865861,29.897361613810062,51.09835956394672,1.5434913588687778,17422.69389152527,0.0,24.0,0.0,2.0,0.050000000000000044,1.2562464140355587,1.2562464140355587,0.0
standard_dqn,816,559,49.32169811725616,75.15147729195654,22.690874844789505,26.63082313835621,1.2998149991035461,12326.77479171753,0.0,16.0,0.0,2.0,0.050000000000000044,1.4960705041885376,1.4960705041885376,0.0
standard_dqn,816,560,97.74753707796336,76.62458608321847,32.815872088074684,64.93166518360377,1.6164383478462696,18768.432949066162,0.0,29.0,0.0,2.0,0.050000000000000044,1.5298406705260277,1.5298406705260277,0.0
standard_dqn,816,561,78.06961774975062,76.19717429369689,28.239602617919445,49.83001469969749,1.5360458139330149,16921.141136169434,0.0,23.0,0.0,1.0,0.050000000000000044,2.0784491188824177,2.0784491188824177,0.0
standard_dqn,816,562,81.55193740278483,76.39469318300488,28.31201771646738,53.23991919457912,1.5054751764982939,16356.953868865967,0.0,25.0,0.0,2.0,0.050000000000000044,1.7373652141541243,1.7373652141541243,0.0
standard_dqn,816,563,88.6544990554452,76.01999124497176,30.249890595674515,58.40460790097713,1.521649880334735,17146.46434402466,0.0,27.0,0.0,2.0,0.050000000000000044,1.511674316599965,1.511674316599965,0.0
standard_dqn,816,564,80.05622819066048,77.30202415183189,28.693901225924492,51.3623269200325,1.484546609222889,16403.397827148438,0.0,25.0,0.0,1.0,0.050000000000000044,1.829502560198307,1.829502560198307,0.0
standard_dqn,816,565,82.18385996967554,77.09248295038938,29.253241315484047,52.93061818480491,1.5097019281238317,16612.8946723938,0.0,23.0,0.0,3.0,0.050000000000000044,1.6437739320099354,1.6437739320099354,0.0
standard_dqn,816,566,76.7825889825821,76.66145518884063,25.77423459291458,51.00835461318493,1.4150686748325825,14667.52639389038,0.0,24.0,0.0,1.0,0.050000000000000044,1.7402787618339062,1.7402787618339062,0.0
standard_dqn,816,567,65.77922475337982,76.44543050095439,25.214689143002033,40.5645349919796,1.3776691472157836,14129.16029548645,0.0,21.0,0.0,0.0,0.050000000000000044,1.5989053510129452,1.5989053510129452,0.0
standard_dqn,816,568,73.82572434991599,76.52470972962678,26.872267849743366,46.95345624685287,1.4435773771256208,15587.269023895264,0.0,25.0,0.0,1.0,0.050000000000000044,1.7948795296251774,1.7948795296251774,0.0
standard_dqn,816,569,63.48689582943916,76.28636333204807,25.571999937295914,37.91489598155022,1.4004593528807163,14376.093000411987,0.0,22.0,0.0,1.0,0.050000000000000044,1.6743324529379606,1.6743324529379606,0.0
standard_dqn,816,570,78.92916785776615,76.06372334502638,26.882270649075508,52.04689740240574,1.4561791755259037,15678.889659881592,0.0,24.0,0.0,4.0,0.050000000000000044,2.0602468997240067,2.0602468997240067,0.0
standard_dqn,816,571,74.34269458055496,75.13584977939725,28.106001615524292,46.23669292032719,1.4750753426924348,16087.255794525146,0.0,22.0,0.0,1.0,0.050000000000000044,1.8686252404004335,1.8686252404004335,0.0
standard_dqn,816,572,75.43935019671918,75.60870875410735,27.654547706246376,47.78480255007744,1.4408087376505136,15333.406044006348,0.0,23.0,0.0,1.0,0.050000000000000044,1.6292394306510687,1.6292394306510687,0.0
standard_dqn,816,573,85.92223730832339,76.49927696198226,28.589087940752506,57.33314990401268,1.533339667133987,16882.269550323486,0.0,25.0,0.0,2.0,0.050000000000000044,1.4905984047800303,1.4905984047800303,0.0
standard_dqn,816,574,69.38179214298725,75.76460125580431,26.32660663127899,43.05518501996994,1.4477612087503076,15149.980560302734,0.0,22.0,0.0,1.0,0.050000000000000044,1.380262726917863,1.380262726917863,0.0
standard_dqn,816,575,87.88874586671591,76.60408717550338,29.57120766490698,58.31753879785538,1.5232252785935998,17066.17205810547,0.0,25.0,0.0,2.0,0.050000000000000044,1.5454000998288393,1.5454000998288393,0.0
standard_dqn,816,576,82.77491462230682,77.06628797307611,28.851816907525063,53.923097401857376,1.5113897640258074,16388.111671447754,0.0,25.0,0.0,2.0,0.050000000000000044,1.6395409051328897,1.6395409051328897,0.0
standard_dqn,816,577,84.21158912181855,77.86730122961106,29.713449329137802,54.49813964366913,1.5384057806804776,17298.283096313477,0.0,24.0,0.0,3.0,0.050000000000000044,1.8098872546106577,1.8098872546106577,0.0
standard_dqn,816,578,90.45071230232716,78.34005077391865,30.89816553890705,59.55254661440849,1.5497970208525658,17623.723461151123,0.0,26.0,0.0,1.0,0.050000000000000044,1.84946895763278,1.84946895763278,0.0
standard_dqn,816,579,84.05966056883335,80.0769488964975,29.367914743721485,54.69174583256245,1.5311797680333257,16612.20116043091,0.0,26.0,0.0,0.0,0.050000000000000044,1.565543845295906,1.565543845295906,0.0
standard_dqn,816,580,92.648680613935,79.82200607329608,32.41139171272516,60.23728903532028,1.5559542747214437,18238.31983947754,0.0,28.0,0.0,2.0,0.050000000000000044,1.976415816694498,1.976415816694498,0.0
standard_dqn,816,581,86.91699549555779,80.26437496058644,29.497679367661476,57.41931587457657,1.503813548013568,16648.552364349365,0.0,26.0,0.0,0.0,0.050000000000000044,1.502473820000887,1.502473820000887,0.0
standard_dqn,816,582,77.00249004364014,80.0369025926292,28.573454558849335,48.429035663604736,1.484858913347125,16296.629837036133,0.0,21.0,0.0,1.0,0.050000000000000044,1.970334766432643,1.970334766432643,0.0
standard_dqn,816,583,60.1117799282074,78.60976663626731,24.55207897722721,35.559700816869736,1.3820266043767333,14231.919815063477,0.0,19.0,0.0,0.0,0.050000000000000044,1.6644863560795784,1.6644863560795784,0.0
standard_dqn,816,584,91.04632123708726,79.15927128858866,31.857458144426346,59.18886283934116,1.6077567161992192,18498.28832244873,0.0,26.0,0.0,2.0,0.050000000000000044,1.7070829384028912,1.7070829384028912,0.0
standard_dqn,816,585,77.57155667543411,78.92865612387658,28.129286415874958,49.44227057993412,1.4423366775736213,15421.498329162598,0.0,23.0,0.0,2.0,0.050000000000000044,1.7998980581760406,1.7998980581760406,0.0
standard_dqn,816,586,53.98612482994795,77.78883291624487,22.810297094285488,31.17582748234272,1.345435731112957,12874.324588775635,0.0,17.0,0.0,1.0,0.050000000000000044,1.712139006704092,1.712139006704092,0.0
standard_dqn,816,587,88.71562385559082,78.93565287135542,30.35267762839794,58.36294622719288,1.5725580295547843,17678.276542663574,0.0,27.0,0.0,2.0,0.050000000000000044,1.357369527220726,1.357369527220726,0.0
standard_dqn,816,588,73.65944560170173,78.9273389339447,27.05770193040371,46.60174334347248,1.4338858611881733,15295.626861572266,0.0,21.0,0.0,2.0,0.050000000000000044,1.8271609488874674,1.8271609488874674,0.0
standard_dqn,816,589,69.63480794578791,79.23473453976216,25.753046944737434,43.8817611426115,1.4103383077308536,14724.881404876709,0.0,22.0,0.0,1.0,0.050000000000000044,1.8825321719050407,1.8825321719050407,0.0
standard_dqn,816,590,95.02202971428633,80.03937763258816,31.42871605604887,63.59331383705139,1.5629580430686474,17864.075931549072,0.0,28.0,0.0,1.0,0.050000000000000044,1.7476542927324772,1.7476542927324772,0.0
standard_dqn,816,591,83.34994695484639,80.48974025130273,30.731519497931004,52.61842749416828,1.5136583968997002,17106.47071838379,0.0,25.0,0.0,2.0,0.050000000000000044,1.64481695368886,1.64481695368886,0.0
standard_dqn,816,592,62.82202526330948,79.85887400463226,25.328286036849022,37.4937390178442,1.3924590926617384,14074.633306503296,0.0,19.0,0.0,1.0,0.050000000000000044,1.7410651464015245,1.7410651464015245,0.0
standard_dqn,816,593,79.83437645584345,79.55448096200826,29.094897530972958,50.73947864174843,1.5123164169490337,16399.725622177124,0.0,24.0,0.0,1.0,0.050000000000000044,1.7942314222455025,1.7942314222455025,0.0
standard_dqn,816,594,75.54709780961275,79.86274624533954,28.48692385852337,47.06017366051674,1.503735308535397,16640.47031211853,0.0,23.0,0.0,0.0,0.050000000000000044,1.9578145649284124,1.9578145649284124,0.0
standard_dqn,816,595,72.99549810737372,79.11808385737243,27.556364826858044,45.439133086800574,1.4724856242537498,15432.009063720703,0.0,22.0,0.0,1.0,0.050000000000000044,1.943265801295638,1.943265801295638,0.0
standard_dqn,816,596,86.72544342279434,79.31561029739679,29.703336216509342,57.02210792899132,1.5152561739087105,16949.81439590454,0.0,26.0,0.0,0.0,0.050000000000000044,2.1136274486780167,2.1136274486780167,0.0
standard_dqn,816,597,79.80090144574642,79.09507591359318,26.820819683372974,52.98008168041706,1.4392245970666409,15376.747722625732,0.0,25.0,0.0,2.0,0.050000000000000044,1.8757299184799194,1.8757299184799194,0.0
standard_dqn,816,598,81.23363430798054,78.63422201387586,28.235442221164703,52.9981921762228,1.5047534629702568,16391.14912033081,0.0,25.0,0.0,0.0,0.050000000000000044,2.120611395686865,2.120611395686865,0.0
standard_dqn,816,599,91.02116867899895,78.98229741938412,33.45225252211094,57.56891652941704,1.6105228327214718,19237.98695755005,0.0,26.0,0.0,1.0,0.050000000000000044,1.4789705127477646,1.4789705127477646,0.0
