variant,model_seed,episode,cost,rolling_cost,immediate_cost,penalty,energy_use,latency_ms,thermal_violation,energy_violation,queue_violation,contact_violation,epsilon,loss,td_loss,auxiliary_loss,preview_transition_scale
md_cbad_dqn,818,0,105.95659905672073,105.95659905672073,38.49943628907204,67.45716370642185,1.6689158100634813,22985.483333587646,0.0,30.0,0.0,2.0,0.9954761904761905,,,,1.15
md_cbad_dqn,818,1,108.82891327142715,107.39275616407394,40.158667750656605,68.67024621367455,1.7320016864687204,23619.637775421143,0.0,30.0,0.0,1.0,0.9909523809523809,1.2024459838867188,1.1868979930877686,0.05182676762342453,1.15
md_cbad_dqn,818,2,105.15085107386112,106.64545446733634,39.163466572761536,65.98738459050655,1.7083141831681132,22342.61867904663,0.0,28.0,0.0,3.0,0.9864285714285714,1.0414892174303532,1.0281577557325363,0.044438238022848964,1.15
md_cbad_dqn,818,3,175.84276907378776,123.9447831189492,46.350271075963974,129.49249811703308,1.93361406493932,27276.249645233154,0.0,37.0,31.0,1.0,0.981904761904762,1.078646045178175,1.0688301548361778,0.03271963866427541,1.15
md_cbad_dqn,818,4,121.61685171652411,123.47919683846419,43.65922386199236,77.95762859958981,1.8406210765242577,25777.45065689087,0.0,31.0,3.0,1.0,0.9773809523809524,1.1421636268496513,1.1356472969055176,0.021721074706874788,1.15
md_cbad_dqn,818,5,123.0245063266158,123.40341508648946,37.80796226114035,85.21654409527778,1.76182272285223,22929.319786071777,0.0,35.0,1.0,0.0,0.9728571428571429,0.9943976625800133,0.98689079657197,0.0250228566583246,1.15
md_cbad_dqn,818,6,135.85153205525566,125.18171751059892,45.536294266581535,90.31523823570895,1.9129877937957644,27486.359676361084,0.0,31.0,14.0,2.0,0.9683333333333334,0.8448280543088913,0.8371645957231522,0.025544887059368193,1.15
md_cbad_dqn,818,7,227.6602022803584,137.99152810681883,45.50975625216961,182.15044602818878,1.9838032629340887,27715.05508041382,0.0,38.0,39.0,1.0,0.9638095238095238,0.9310103394091129,0.9274118132889271,0.011995107110124081,1.15
md_cbad_dqn,818,8,116.13752907514572,135.56330599218848,40.049565836787224,76.08796340227127,1.7642962569370866,23730.649278640747,0.0,32.0,0.0,0.0,0.9592857142857143,1.0265576764941216,1.022413283586502,0.013814618752803653,1.15
md_cbad_dqn,818,9,140.42948630870328,136.04992402383996,39.758211597800255,100.67127505362971,1.8285253252834082,24032.363639831543,0.0,36.0,25.0,2.0,0.9547619047619048,0.820871751755476,0.8165513649582863,0.014401257678400725,1.15
md_cbad_dqn,818,10,130.33796367088812,135.53065490084433,44.77200250327587,85.5659610335018,1.8720807982608676,26443.256912231445,0.0,33.0,6.0,1.0,0.9502380952380952,0.6833479069173336,0.6798096038401127,0.011794337653554976,1.15
md_cbad_dqn,818,11,111.72023043334484,133.54645286188602,40.853817120194435,70.86641292572021,1.7651709774509072,23381.677925109863,0.0,30.0,0.0,2.0,0.9457142857142857,0.49995877407491207,0.495931725949049,0.013423494063317776,1.15
md_cbad_dqn,818,12,103.14801278710365,131.208111317672,40.54432041943073,62.60369148850441,1.766332603059709,24254.027740478516,0.0,29.0,0.0,0.0,0.9411904761904761,0.3901050891727209,0.3854613397270441,0.015479172870982438,1.15
md_cbad_dqn,818,13,117.9571244418621,130.26161225511416,41.747806414961815,76.20931857824326,1.7380000920966268,23665.082584381104,0.0,31.0,0.0,0.0,0.9366666666666666,0.3033457640558481,0.2976770307868719,0.01889577799011022,1.15
md_cbad_dqn,818,14,125.2599870383854,129.9281705739989,42.0104076564312,83.24958002270414,1.7900401251390576,24680.14570236206,0.0,33.0,5.0,1.0,0.9321428571428572,0.25637197121977806,0.2510553151369095,0.017722187971230596,1.15
md_cbad_dqn,818,15,113.09154237210751,128.8758813113807,42.23693733662367,70.854604819417,1.7757553709670901,24361.541526794434,0.0,31.0,0.0,1.0,0.9276190476190476,0.5368732837960124,0.5312326801940799,0.01880198932485655,1.15
md_cbad_dqn,818,16,118.18716253681423,128.24713314817092,40.772456377744675,77.41470609946492,1.8021696507930756,24614.414756774902,0.0,32.0,8.0,0.0,0.9230952380952381,0.6146382596343756,0.6069694720208645,0.025562640861608088,1.15
md_cbad_dqn,818,17,136.11937022573503,128.68447965248004,43.364803835749626,92.75456647939238,1.9235196895897388,26595.622932434082,0.0,33.0,10.0,0.0,0.9185714285714286,0.4295120853930712,0.42263882234692574,0.02291087352205068,1.15
md_cbad_dqn,818,18,138.2131169011324,129.18598687609332,35.13767600059509,103.07544096014195,1.7724571088328958,22495.404933929443,0.0,33.0,25.0,1.0,0.914047619047619,0.32042427733540535,0.31336621567606926,0.02352686016820371,1.15
md_cbad_dqn,818,19,174.3118057971542,131.44227782214637,39.91130891442299,134.4004968827312,1.999658145941794,26203.34280014038,0.0,33.0,27.0,2.0,0.9095238095238095,0.2640109835192561,0.25756728556007147,0.021478995098732412,1.15
md_cbad_dqn,818,20,154.559142141701,133.8724049763954,42.1825862005353,112.37655592626453,1.8371448693796992,24955.147346496582,0.0,33.0,23.0,3.0,0.905,0.24617490638047457,0.24013463594019413,0.020134227233938873,1.15
md_cbad_dqn,818,21,147.31177634670445,135.79654813015924,43.78393764793873,103.52783859445759,1.8590691862627864,25678.598236083984,0.0,36.0,16.0,0.0,0.9004761904761904,0.27863481268286705,0.2730639474466443,0.01856955111725256,1.15
md_cbad_dqn,818,22,153.58285211216977,138.21814818207469,43.73028847575188,109.85256335329586,1.8673144336789846,26059.9310836792,0.0,35.0,19.0,1.0,0.895952380952381,0.2380019575357437,0.23271927144378424,0.01760894770268351,1.15
md_cbad_dqn,818,23,208.12437751814397,139.83222860429248,45.14858536422253,162.97579230293306,2.027101445943117,27879.692100524902,0.0,37.0,29.0,0.0,0.8914285714285715,0.6312302863225341,0.6243282584473491,0.02300677145831287,1.15
md_cbad_dqn,818,24,109.1198688685894,139.20737946189575,40.02592459321022,69.0939446926117,1.703483683988452,22688.72932434082,0.0,30.0,0.0,1.0,0.8869047619047619,0.5772415064275265,0.5687751285731792,0.028221250395290554,1.15
md_cbad_dqn,818,25,109.4963494092226,138.53097161602608,38.6301102116704,70.86623966693878,1.7325923768803477,22770.2366065979,0.0,31.0,0.0,0.0,0.8823809523809524,0.37496618181467056,0.36719635874032974,0.025899412808939815,1.15
md_cbad_dqn,818,26,113.05057489967497,137.39092375824706,37.55198387801647,75.49859139418753,1.7621973445639014,22380.07081604004,0.0,32.0,3.0,2.0,0.8778571428571429,0.33046125527471304,0.3226794544607401,0.025939329410903156,1.15
md_cbad_dqn,818,27,132.8089825810714,132.64836277328268,44.44360855221748,88.36537414806325,1.8488849997520447,25781.293975830078,0.0,33.0,12.0,1.0,0.8733333333333333,0.33425263967365026,0.3270564218983054,0.023987394175492227,1.15
md_cbad_dqn,818,28,154.00519733574112,134.54174618631245,47.075402706861496,106.92979458417612,1.8953886441886425,27394.733528137207,0.0,35.0,20.0,3.0,0.8688095238095238,0.282794876024127,0.27514939941465855,0.02548492280766368,1.15
md_cbad_dqn,818,29,150.85366207749786,135.0629549747522,46.72045052051544,104.13321200401727,1.9109568744897842,27292.445959091187,0.0,34.0,15.0,2.0,0.8642857142857143,0.32518997322767973,0.3180784545838833,0.02370504441205412,1.15
md_cbad_dqn,818,30,91.97130472958088,133.14462202768684,31.830370530486107,60.14093416929245,1.591198000125587,18996.47663116455,0.0,27.0,0.0,2.0,0.8597619047619047,0.2923922222107649,0.28473210614174604,0.025533711654134095,1.15
md_cbad_dqn,818,31,125.82179364382924,133.84970018821107,41.42921209335327,84.39258162498176,1.8046345114707947,24207.93809890747,0.0,34.0,11.0,1.0,0.8552380952380952,0.8055920209735632,0.795627985149622,0.03321344801224768,1.15
md_cbad_dqn,818,32,162.55202815639817,136.81990095667578,43.41505606472492,119.1369720916733,1.8660415466874838,25184.104232788086,0.0,38.0,36.0,0.0,0.8507142857142858,0.6274292413145304,0.6168954875320196,0.03511252021417022,1.15
md_cbad_dqn,818,33,134.12140573264978,137.62811502121514,42.2306322157383,91.89077363612077,1.852141280658543,24754.08544921875,0.0,33.0,26.0,3.0,0.8461904761904762,0.47380125522613525,0.4627217464148998,0.036931699607521296,1.15
md_cbad_dqn,818,34,131.9612084618282,137.9631760923873,40.926427483558655,91.03478129119394,1.7939549358561635,23872.40111541748,0.0,36.0,20.0,1.0,0.8416666666666667,0.4705903436988592,0.46017966605722904,0.0347022790228948,1.15
md_cbad_dqn,818,35,99.13389764726162,137.265293856145,34.78568974137306,64.34820759296417,1.6518666297197342,20435.458114624023,0.0,26.0,0.0,1.0,0.8371428571428572,0.4149570306763053,0.4045716756954789,0.03461785346735269,1.15
md_cbad_dqn,818,36,102.57055823504925,136.48446364105675,35.87341332435608,66.69714480638504,1.6035548001527786,20190.76801300049,0.0,30.0,0.0,0.0,0.8326190476190476,0.3714636294171214,0.36070778872817755,0.03585280338302255,1.15
md_cbad_dqn,818,37,145.82443801118995,136.96971703032952,46.662921667099,99.16151588215496,1.9280300391837955,27257.1940574646,0.0,37.0,15.0,1.0,0.8280952380952381,0.3566925525665283,0.3461570730432868,0.035118257626891136,1.15
md_cbad_dqn,818,38,131.75690305682286,136.64690633811406,39.26094567775726,92.4959574237691,1.9280783953145146,24726.182147979736,0.0,31.0,20.0,1.0,0.8235714285714286,0.3576669776812196,0.3467553425580263,0.036372105474583805,1.15
md_cbad_dqn,818,39,110.49862889945507,133.4562474932291,37.161132141947746,73.33749687671661,1.729736759327352,22104.70571899414,0.0,32.0,0.0,1.0,0.819047619047619,0.793428735807538,0.7807170152664185,0.0423723915591836,1.15
md_cbad_dqn,818,40,97.6348302230239,130.61003189729524,38.17812296003103,59.45670738220215,1.7183370860293508,22686.285146713257,0.0,24.0,0.0,1.0,0.8145238095238095,0.5522966645658016,0.5392664335668087,0.04343408904969692,1.15
md_cbad_dqn,818,41,123.28661605905563,129.4087738829128,37.695671394467354,85.59094484340223,1.8155975500121713,22728.17576599121,0.0,35.0,12.0,0.0,0.81,0.489456320181489,0.475442735478282,0.046711946139112115,1.15
md_cbad_dqn,818,42,125.32564028057195,127.99591329133288,41.60002589225769,83.72561359855271,1.7804825957864523,24035.739921569824,0.0,35.0,2.0,3.0,0.8054761904761905,0.534938745200634,0.5217114947736263,0.04409084911458194,1.15
md_cbad_dqn,818,43,99.52542778849602,122.56596580485049,37.5123714953661,62.01305627822876,1.7101974999532104,22137.909770965576,0.0,27.0,0.0,0.0,0.800952380952381,0.5476985704153776,0.534593541175127,0.04368343437090516,1.15
md_cbad_dqn,818,44,116.81100845336914,122.95052278408949,45.36794127523899,71.44306647777557,1.718787000514567,24709.719772338867,0.0,31.0,0.0,0.0,0.7964285714285715,0.46233503986150026,0.44841975532472134,0.046384291956201196,1.15
md_cbad_dqn,818,45,101.3226907029748,122.54183984877709,38.21576679497957,63.10692352056503,1.664000785909593,21679.661102294922,0.0,29.0,0.0,0.0,0.7919047619047619,0.4985045064240694,0.48535102792084217,0.043844933388754725,1.15
md_cbad_dqn,818,46,130.23465210199356,123.40104370889303,44.27504329383373,85.95960932970047,1.8671177113428712,25523.88144683838,0.0,36.0,0.0,1.0,0.7873809523809524,0.5988291846588254,0.5843038614839315,0.04841773654334247,1.15
md_cbad_dqn,818,47,103.8996222615242,121.95557569291566,38.78348332643509,65.1161387115717,1.7264515394344926,22641.56583213806,0.0,29.0,0.0,0.0,0.7828571428571429,0.8010626193135977,0.7853465098887682,0.05238700355403125,1.15
md_cbad_dqn,818,48,115.96512277424335,120.05357196484078,41.95454894006252,74.01057404279709,1.7465013852342963,23730.429843902588,0.0,32.0,0.0,0.0,0.7783333333333333,0.6261312905699015,0.6098263282328844,0.05434988462366164,1.15
md_cbad_dqn,818,49,114.2715979963541,118.2244687607836,42.127525612711906,72.14407229423523,1.7290734257549047,23441.538898468018,0.0,31.0,0.0,0.0,0.7738095238095238,0.5037767263129354,0.4862677715718746,0.05836318084038794,1.15
md_cbad_dqn,818,50,100.96938993930817,118.67437302126996,38.92967127263546,62.03971874117851,1.6987636294215918,22669.468547821045,0.0,25.0,0.0,3.0,0.7692857142857144,0.4415282532572746,0.42617708817124367,0.05117054865695536,1.15
md_cbad_dqn,818,51,153.18394608535823,120.04248064334638,46.02502755820751,107.15891819932514,1.9451208682730794,27150.155658721924,0.0,34.0,16.0,2.0,0.7647619047619048,0.5290507012978196,0.5136822313070297,0.05122823582496494,1.15
md_cbad_dqn,818,52,129.17689255774022,118.37372386341352,40.252013340592384,88.92487905323506,1.82088593672961,23456.81497001648,0.0,36.0,0.0,2.0,0.7602380952380953,0.5234657488763332,0.5083157466724515,0.05049999011680484,1.15
md_cbad_dqn,818,53,113.46023986637593,117.34066557009983,35.87438856065273,77.58585196137429,1.6554050808772445,20604.426776885986,0.0,34.0,0.0,1.0,0.7557142857142858,0.5167519869282842,0.5017897002398968,0.049874287797138095,1.15
md_cbad_dqn,818,54,109.64878322333098,116.22504430817494,37.997803054749966,71.65098112225533,1.7717522773891687,22359.80492591858,0.0,30.0,0.0,3.0,0.7511904761904762,0.72175866458565,0.705156359821558,0.05534105794504285,1.15
md_cbad_dqn,818,55,107.96688661873341,116.66669375674856,41.69720700383186,66.26967960000039,1.797581946477294,24391.117721557617,0.0,28.0,0.0,2.0,0.7466666666666667,0.67580746114254,0.6580737791955471,0.05911227175965905,1.15
md_cbad_dqn,818,56,115.79549446702003,117.32794056834709,40.78320688009262,75.0122868269682,1.7677369276061654,23245.65404510498,0.0,33.0,0.0,0.0,0.7421428571428572,0.5948016960173845,0.5770934708416462,0.05902742105536163,1.15
md_cbad_dqn,818,57,115.21660456061363,115.79754889581825,38.47646443545818,76.74014009535313,1.7109706420451403,21998.170860290527,0.0,34.0,0.0,0.0,0.7376190476190476,0.6090806145220995,0.5904805716127157,0.06200012727640569,1.15
md_cbad_dqn,818,58,105.10939413309097,114.46517344963168,36.29343757033348,68.81595614552498,1.752438122406602,22094.955352783203,0.0,30.0,0.0,1.0,0.7330952380952381,0.5517196357250214,0.5354215614497662,0.05432690470479429,1.15
md_cbad_dqn,818,59,106.59619884341956,114.27005194682991,39.24800802767277,67.34819001108409,1.7305863397195935,22513.211433410645,0.0,28.0,0.0,2.0,0.7285714285714286,0.5830741245299578,0.5657627861946821,0.05770448502153158,1.15
md_cbad_dqn,818,60,123.32484348839158,115.55455261009828,40.06075210869312,83.26409064954156,1.836944630369544,23630.960374832153,0.0,36.0,3.0,0.0,0.724047619047619,0.5359761584550142,0.5190880997106433,0.05629351735115051,1.15
md_cbad_dqn,818,61,98.03362065851688,114.29190284007134,31.556373797357082,66.47724731564522,1.5158531926572323,17592.907196044922,0.0,31.0,0.0,3.0,0.7195238095238095,0.5568344071507454,0.5394518692046404,0.05794179276563227,1.15
md_cbad_dqn,818,62,136.03198933020235,114.82722029255288,46.38117676973343,89.6508135290444,1.877947948873043,26593.184085845947,0.0,36.0,6.0,3.0,0.7150000000000001,0.7784216050058603,0.7599311545491219,0.06163483811542392,1.15
md_cbad_dqn,818,63,107.57571757733822,115.22973478199495,37.54919961094856,70.02651784718037,1.6740590706467628,20770.55987548828,0.0,31.0,0.0,1.0,0.7104761904761905,0.7530708219856024,0.7340428344905376,0.06342662777751684,1.15
md_cbad_dqn,818,64,117.68636656701565,115.2735026876773,39.34058363735676,78.34578276574612,1.7514407141134143,22488.956687927246,0.0,33.0,0.0,1.0,0.7059523809523809,0.6992389876395464,0.6795543450862169,0.06561548542231321,1.15
md_cbad_dqn,818,65,114.28834627568722,115.92178546631291,39.613422483205795,74.6749242246151,1.7231745924800634,23168.10076904297,0.0,31.0,0.0,0.0,0.7014285714285715,0.7308608554303646,0.7113976338878274,0.06487736175768077,1.15
md_cbad_dqn,818,66,104.04576022326947,114.61234087237672,38.44821846485138,65.5975423693657,1.717733796685934,22313.409660339355,0.0,28.0,0.0,1.0,0.6969047619047619,0.6775721795856953,0.6569956373423338,0.06858846265822649,1.15
md_cbad_dqn,818,67,100.72288263142109,114.45350389087157,34.00567352771759,66.71720867156982,1.6618751296773553,20185.08350753784,0.0,28.0,0.0,2.0,0.6923809523809523,0.6141960360109806,0.5934589486569166,0.06912361108697951,1.15
md_cbad_dqn,818,68,123.81936854124069,114.84621617922144,45.32603907585144,78.49332943558693,1.806804370135069,25075.99404525757,0.0,32.0,0.0,0.0,0.687857142857143,0.6046261740848422,0.5863496689125896,0.060921677853912115,1.15
md_cbad_dqn,818,69,115.76108408868313,114.92069048383789,38.15663895010948,77.6044456601143,1.7516820952296257,22007.694816589355,0.0,33.0,0.0,1.0,0.6833333333333333,0.5711989123374224,0.5517395185306668,0.0648646445479244,1.15
md_cbad_dqn,818,70,100.22629100084305,114.88353553691461,36.01369532942772,64.2125958353281,1.675390369258821,20917.737823486328,0.0,28.0,0.0,0.0,0.6788095238095238,0.8797495383769274,0.8605139125138521,0.06411873223260045,1.15
md_cbad_dqn,818,71,120.68620676696301,113.25864857099486,41.924767538905144,78.76143907904626,1.736253903247416,23537.898204803467,0.0,33.0,0.0,1.0,0.6742857142857144,0.6053364723920822,0.5832180567085743,0.07372805080376565,1.15
md_cbad_dqn,818,72,88.26100617647171,111.21285425193143,31.04831190407276,57.2126944065094,1.5398570206016302,18079.26388168335,0.0,25.0,0.0,0.0,0.6697619047619048,0.6536019518971443,0.6314715184271336,0.07376812398433685,1.15
md_cbad_dqn,818,73,125.03173996508121,111.79142925686669,42.74402745068073,82.28771284222603,1.8084360333159566,24161.90045928955,0.0,34.0,0.0,1.0,0.6652380952380952,0.7970314584672451,0.7775248298421502,0.06502208230085671,1.15
md_cbad_dqn,818,74,125.33130894601345,112.57555554300082,39.768800765275955,85.562509059906,1.7726526949554682,23130.950607299805,0.0,35.0,0.0,1.0,0.6607142857142857,0.7364776711910963,0.7150746341794729,0.07134347734972835,1.15
md_cbad_dqn,818,75,128.2042931671994,113.58742587042411,45.803869262337685,82.40042406877451,1.8882915386930108,26259.055130004883,0.0,35.0,5.0,1.0,0.6561904761904762,0.5780882406979799,0.5588657669723034,0.06407493026927114,1.15
md_cbad_dqn,818,76,107.15451310575008,113.15537680236062,38.95918484032154,68.1953275501728,1.7054108213633299,22000.72314453125,0.0,28.0,0.0,0.0,0.6516666666666667,0.6242767851799726,0.6059744842350483,0.06100765196606517,1.15
md_cbad_dqn,818,77,94.78324850797654,112.13370899972877,36.08194372057915,58.70130484700203,1.6461380328983068,20575.94989013672,0.0,26.0,0.0,2.0,0.6471428571428571,0.7028223536908627,0.683521892875433,0.06433490174822509,1.15
md_cbad_dqn,818,78,114.3217248260975,112.5943255343791,39.297685489058495,75.02403947114945,1.6969259176403284,22298.023822784424,0.0,31.0,0.0,1.0,0.6426190476190476,0.8692572340369225,0.8496454954147339,0.06537245586514473,1.15
md_cbad_dqn,818,79,108.36351543068886,112.68269136374256,40.084280259907246,68.27923529744149,1.7163085909560323,22663.201553344727,0.0,30.0,0.0,1.0,0.6380952380952382,0.7766099292784929,0.7559969387948513,0.06870994996279478,1.15
md_cbad_dqn,818,80,97.52442477792502,111.39267042821925,38.45994647592306,59.06447891294956,1.6777129517868161,21846.22120666504,0.0,28.0,0.0,1.0,0.6335714285714286,0.7608780078589916,0.7421305365860462,0.06249158480204642,1.15
md_cbad_dqn,818,81,109.68471241146327,111.97522501586657,37.85995077341795,71.82476098239422,1.7328370129689574,22105.078786849976,0.0,34.0,0.0,1.0,0.6290476190476191,0.6808308688923717,0.6614036448299885,0.06475740950554609,1.15
md_cbad_dqn,818,82,111.30480910092592,110.73886600440274,37.62334709614515,73.68146233260632,1.7166996421292424,21440.93920135498,0.0,31.0,0.0,0.0,0.6245238095238095,0.7346030585467815,0.7166682910174131,0.05978258210234344,1.15
md_cbad_dqn,818,83,101.28105994462967,110.4241331227673,35.25018811225891,66.03087165355683,1.6703970804810524,20818.00816345215,0.0,28.0,0.0,1.0,0.62,0.5882215052843094,0.5712108835577965,0.0567020729649812,1.15
md_cbad_dqn,818,84,104.28143810480833,109.75388669965693,36.511702321469784,67.76973524689674,1.6996614476665854,21490.606327056885,0.0,29.0,0.0,0.0,0.6154761904761905,0.6960587445646524,0.6765274237841368,0.06510437396354973,1.15
md_cbad_dqn,818,85,103.99508680403233,109.23922372607419,36.10082344710827,67.89426362514496,1.6393759092316031,20658.47087097168,0.0,29.0,0.0,0.0,0.6109523809523809,0.7095421738922596,0.6907457076013088,0.06265487987548113,1.15
md_cbad_dqn,818,86,86.47151313871146,108.36051137184629,31.74145746976137,54.730054998397826,1.5569466594606638,18387.535846710205,0.0,25.0,0.0,1.0,0.6064285714285714,0.8554890435189009,0.8349186796694994,0.06856787810102105,1.15
md_cbad_dqn,818,87,92.24365972131491,107.93655022634098,33.990996174514294,58.252663710713385,1.5731366062536836,19703.39182662964,0.0,26.0,0.0,2.0,0.6019047619047619,0.7210011053830385,0.7016802821308374,0.064402756979689,1.15
md_cbad_dqn,818,88,90.8191769272089,106.28654064563939,33.97345335781574,56.84572347998619,1.624107469804585,19822.45725631714,0.0,26.0,0.0,0.0,0.5973809523809523,0.7039422988891602,0.6827456448227167,0.07065548351965845,1.15
md_cbad_dqn,818,89,109.84389036297799,105.99068095935414,39.481826052069664,70.3620642066002,1.7630802914500237,22550.908367156982,0.0,31.0,0.0,2.0,0.592857142857143,0.6745989443734288,0.6549292420968413,0.06556568015366793,1.15
md_cbad_dqn,818,90,87.76921175569296,105.36782699709663,32.61344542354345,55.15576615333557,1.587897357530892,19141.268493652344,0.0,26.0,0.0,1.0,0.5883333333333334,0.6160939373075962,0.5995036773383617,0.055300858337432146,1.15
md_cbad_dqn,818,91,112.85070885121823,104.97605210130939,38.936465203762054,73.91424334943295,1.7997246580198407,22919.942680358887,0.0,31.0,0.0,2.0,0.5838095238095238,0.6408545635640621,0.6212268248200417,0.06542577757500112,1.15
md_cbad_dqn,818,92,86.78427489846945,104.9022155374093,32.81302348524332,53.97125118970871,1.6063835443928838,19318.55148124695,0.0,25.0,0.0,0.0,0.5792857142857144,0.7403661925345659,0.7235133424401283,0.056176170939579606,1.15
md_cbad_dqn,818,93,108.62427383810282,104.08184223106036,35.62900360673666,72.99527018666268,1.704556068405509,20611.836093902588,0.0,30.0,0.0,2.0,0.5747619047619048,0.8570196852087975,0.8398620598018169,0.05719208694063127,1.15
md_cbad_dqn,818,94,111.19900727272034,103.3752271473957,41.54762989282608,69.65137733519077,1.7696771947667003,23660.46259689331,0.0,30.0,0.0,0.0,0.5702380952380952,0.8195001445710659,0.8018087297677994,0.05897138244472444,1.15
md_cbad_dqn,818,95,100.49404826462269,101.98971490226687,35.242050498723984,65.25199776589871,1.6357350628823042,20195.964595794678,0.0,28.0,0.0,3.0,0.5657142857142857,0.7061415929347277,0.6881645247340202,0.05992356548085809,1.15
md_cbad_dqn,818,96,100.46211241185665,101.6550948675722,35.98838484287262,64.4737269282341,1.6328027276322246,21043.585823059082,0.0,29.0,0.0,0.0,0.5611904761904762,0.8072592858225107,0.7897625379264355,0.05832248763181269,1.15
md_cbad_dqn,818,97,81.31932977735997,100.98189893104137,28.754498913884163,52.564830461144446,1.510569411329925,17013.542358398438,0.0,24.0,0.0,1.0,0.5566666666666666,0.7845964189618826,0.768975293263793,0.05207044747658074,1.15
md_cbad_dqn,818,98,86.9949519187212,99.61556028567256,33.938162967562675,53.0567891150713,1.6216111537069082,19731.10737991333,0.0,24.0,0.0,0.0,0.5521428571428572,0.6938395909965038,0.6752791535109282,0.06186814676038921,1.15
md_cbad_dqn,818,99,103.69125880300999,99.38194745428862,37.37622153759003,66.31503760814667,1.6700739292427897,21285.534252166748,0.0,28.0,0.0,1.0,0.5476190476190477,0.7620171401649714,0.745976272970438,0.05346957012079656,1.15
md_cbad_dqn,818,100,97.91033753752708,99.40124309226871,35.65928204357624,62.25105534493923,1.6731178211048245,20566.912616729736,0.0,28.0,0.0,0.0,0.5430952380952381,0.8263398874551058,0.8084469046443701,0.059643258806318045,1.15
md_cbad_dqn,818,101,92.97122228890657,98.56556858614087,33.58359341323376,59.387628972530365,1.5871073650196195,19501.077129364014,0.0,27.0,0.0,0.0,0.5385714285714286,0.888079147785902,0.8710624314844608,0.056722383946180344,1.15
md_cbad_dqn,818,102,98.09651256650686,97.90515375941992,36.461814023554325,61.63469825983047,1.625016026198864,20213.823848724365,0.0,28.0,0.0,2.0,0.5340476190476191,0.8697474095970392,0.852617159485817,0.05710081150755286,1.15
md_cbad_dqn,818,103,116.01986681073905,98.6420941027254,39.64503263682127,76.37483442723752,1.7297835079953074,22556.247444152832,0.0,32.0,0.0,1.0,0.5295238095238095,0.8481008494272828,0.8317592926323414,0.054471799870952964,1.15
md_cbad_dqn,818,104,98.22501941025257,98.3392731679976,36.937094777822495,61.28792431950569,1.6528262868523598,21236.016983032227,0.0,27.0,0.0,1.0,0.525,0.7850633878260851,0.7698028218001127,0.050868570106104016,1.15
md_cbad_dqn,818,105,87.49711348861456,97.51437450222672,30.364701084792614,57.132412642240524,1.5584752643480897,17888.51308441162,0.0,25.0,0.0,0.0,0.5204761904761905,0.6639642734080553,0.6486725080758333,0.05097255250439048,1.15
md_cbad_dqn,818,106,102.23527448773385,98.30256256967785,35.214434787631035,67.02083986401558,1.6403113091364503,20352.959228515625,0.0,30.0,0.0,3.0,0.5159523809523809,0.7115664165467024,0.6948936153203249,0.055576026905328035,1.15
md_cbad_dqn,818,107,114.52439635396004,99.4165994013101,39.49879764020443,75.02559853494168,1.7171203419566154,22447.641719818115,0.0,31.0,0.0,1.0,0.5114285714285716,0.7813353035598993,0.7658735830336809,0.05153908068314195,1.15
md_cbad_dqn,818,108,98.33229318261147,99.79225521408023,34.524896286427975,63.807397335767746,1.6265028603374958,19709.58034324646,0.0,29.0,0.0,0.0,0.506904761904762,0.7289777863770723,0.7138925828039646,0.050284004071727395,1.15
md_cbad_dqn,818,109,125.34388803243637,100.56725509755314,39.58537903428078,85.75850855112076,1.8434198321774602,23268.782096862793,0.0,33.0,0.0,2.0,0.5023809523809524,0.9116671923547983,0.8959078155457973,0.052531270892359316,1.15
md_cbad_dqn,818,110,102.67851334214211,101.3127201768756,35.588264897465706,67.09024823606015,1.5843843836337328,19998.654556274414,0.0,30.0,0.0,1.0,0.4978571428571429,0.8586312010884285,0.8395232707262039,0.06369307916611433,1.15
md_cbad_dqn,818,111,101.1614568606019,100.72825757734478,37.784556962549686,63.37689971923828,1.6303335558623075,21161.37777709961,0.0,29.0,0.0,0.0,0.4933333333333334,0.8013530932366848,0.7854294832795858,0.053078705444931984,1.15
md_cbad_dqn,818,112,101.924989849329,101.48529332488775,38.15387497842312,63.77111452817917,1.6249381713569164,21628.744243621826,0.0,27.0,0.0,0.0,0.4888095238095238,0.9238213803619146,0.9064934551715851,0.05775971873663366,1.15
md_cbad_dqn,818,113,107.60708886384964,101.43443407617511,35.5312036126852,72.0758855342865,1.665862923488021,20167.920639038086,0.0,31.0,0.0,0.0,0.4842857142857143,0.9237701073288918,0.9075104221701622,0.0541989840567112,1.15
md_cbad_dqn,818,114,95.46909795701504,100.64793861038984,34.45280942320824,61.01628804206848,1.6236207522451878,19602.04697036743,0.0,27.0,0.0,2.0,0.4797619047619047,0.9066746458411217,0.892463443800807,0.047370692482218146,1.15
md_cbad_dqn,818,115,115.43897578120232,101.39518498621882,39.60824500024319,75.83073161542416,1.753918033093214,22436.188068389893,0.0,33.0,0.0,1.0,0.47523809523809524,0.9958833828568459,0.9797892589122057,0.053647121181711555,1.15
md_cbad_dqn,818,116,100.18264025598765,101.38121137842536,32.89155086874962,67.29108937978745,1.654350072145462,19078.23935317993,0.0,30.0,0.0,1.0,0.47071428571428575,0.7982412129640579,0.7823334224522114,0.05302593973465264,1.15
md_cbad_dqn,818,117,113.55539546906948,102.99301466301085,40.57674916088581,72.97864651679993,1.7757607009261847,22954.887287139893,0.0,32.0,0.0,0.0,0.46619047619047627,0.9788256976753473,0.9623816423118114,0.054813497234135866,1.15
md_cbad_dqn,818,118,91.26195854991674,103.20636499457062,28.88504210859537,62.37691690325737,1.4936511246487498,16585.308269500732,0.0,29.0,0.0,3.0,0.46166666666666667,0.8938165344297886,0.8775637820363045,0.05417585268151015,1.15
md_cbad_dqn,818,119,97.05292481929064,102.87444829538465,36.57968241721392,60.473243564367294,1.636150631122291,21182.284545898438,0.0,26.0,0.0,0.0,0.4571428571428572,0.8471332173794508,0.8317069876939058,0.051420783624053,1.15
md_cbad_dqn,818,120,114.76155453622341,103.71700914531945,34.942377388477325,79.81917820572853,1.7298100115731359,20767.070552825928,0.0,33.0,0.0,5.0,0.4526190476190477,0.8894879929721355,0.8746155994012952,0.04957459610886872,1.15
md_cbad_dqn,818,121,85.6375125065446,103.35032365620137,30.623911313712597,55.01360093951225,1.5208739526569843,17721.97324371338,0.0,25.0,0.0,2.0,0.4480952380952381,0.7472203262150288,0.7308929692953825,0.05442451441194862,1.15
md_cbad_dqn,818,122,99.2273491948843,103.40686548762024,37.06059738993645,62.16675290763378,1.7092356337234378,21887.942810058594,0.0,26.0,0.0,2.0,0.4435714285714286,0.9592664856463671,0.9443588517606258,0.04969210899434984,1.15
md_cbad_dqn,818,123,110.50365816056728,103.13105505511166,36.47632656991482,74.02733170986176,1.7194631481543183,21317.141960144043,0.0,31.0,0.0,1.0,0.439047619047619,0.7957952208817005,0.7772685252130032,0.06175562832504511,1.15
md_cbad_dqn,818,124,104.39414456635714,103.43951131291688,37.9544156268239,66.43972819447518,1.7231472320854664,22443.440660476685,0.0,30.0,0.0,2.0,0.43452380952380953,0.8074734164401889,0.7930453335866332,0.04809362511150539,1.15
md_cbad_dqn,818,125,84.86300207972526,103.30780574247242,29.117753699421883,55.74524811208248,1.5490030199289322,17165.0184135437,0.0,27.0,0.0,2.0,0.43000000000000005,1.0991475321352482,1.0837803669273853,0.05122382810804993,1.15
md_cbad_dqn,818,126,113.64606767296792,103.87834540173412,36.893911972641945,76.75215577483178,1.6591363539919257,20173.135040283203,0.0,33.0,0.0,1.0,0.42547619047619056,0.8213491085916758,0.8054192084819078,0.05309966625645757,1.15
md_cbad_dqn,818,127,84.62079466879368,102.38316531747581,30.24795313179493,54.372841477394104,1.5620731823146343,17741.04291152954,0.0,24.0,0.0,0.0,0.42095238095238097,1.1014057360589504,1.084034627303481,0.057903723558411,1.15
md_cbad_dqn,818,128,80.93133988976479,101.51311765283347,31.642630457878113,49.288709580898285,1.5372545681893826,17819.93081855774,0.0,24.0,0.0,0.0,0.41642857142857137,0.8927584197372198,0.8767007887363434,0.053525459370575845,1.15
md_cbad_dqn,818,129,80.33814124763012,99.26283031359316,30.539019271731377,49.79912206530571,1.4895857088267803,17101.467990875244,0.0,24.0,0.0,0.0,0.4119047619047619,1.0249927528202534,1.0079228766262531,0.05689962184987962,1.15
md_cbad_dqn,818,130,93.58513231873512,98.8081612624228,32.31183423101902,61.273298147320745,1.557668574154377,18530.17077255249,0.0,27.0,0.0,2.0,0.4073809523809524,0.8928073197603226,0.8778204470872879,0.0499562150798738,1.15
md_cbad_dqn,818,131,83.4616622120142,97.92317152999343,30.23600162565708,53.22566076517105,1.5414427621290088,17181.343353271484,0.0,23.0,0.0,1.0,0.4028571428571429,0.7915908209979534,0.7757693957537413,0.05273808632045984,1.15
md_cbad_dqn,818,132,92.58262391090393,97.45605323307217,35.39855968952179,57.18406417667866,1.5866975309327245,19717.93545150757,0.0,25.0,0.0,3.0,0.39833333333333343,0.8763685524463654,0.8603764344006777,0.05330708413384855,1.15
md_cbad_dqn,818,133,85.2756053596735,96.33947905786337,30.251605108380318,55.02399965524673,1.5155596872791648,17490.772216796875,0.0,27.0,0.0,2.0,0.39380952380952383,1.057450270280242,1.0417701285332441,0.05226717609912157,1.15
md_cbad_dqn,818,134,111.68800895810128,97.15042460791769,38.66352140903473,73.024488145113,1.6891547637060285,22092.916301727295,0.0,30.0,0.0,1.0,0.38928571428571423,0.9727317225188017,0.9557923302054405,0.05646465625613928,1.15
md_cbad_dqn,818,135,103.79550558626651,96.56825109817089,36.28778675198555,67.5077184766531,1.6455516647547483,20345.477165222168,0.0,30.0,0.0,3.0,0.38476190476190475,0.8973479922860861,0.8806302212178707,0.05572587298229337,1.15
md_cbad_dqn,818,136,98.26935171484948,96.47258667111399,32.4891481846571,65.78020379841328,1.5989164765924215,18610.85386657715,0.0,30.0,0.0,2.0,0.38023809523809526,0.9347129035741091,0.9197904393076897,0.04974150122143328,1.15
md_cbad_dqn,818,137,98.353654640913,95.71249962970614,32.61020903289318,65.74344538450241,1.6150420866906643,18837.63175201416,0.0,29.0,0.0,3.0,0.3757142857142858,0.9417289607226849,0.9260607622563839,0.052227289183065295,1.15
md_cbad_dqn,818,138,96.51404838263988,95.9751041213423,34.57862487435341,61.93542364239693,1.6331766312941909,19539.89821243286,0.0,27.0,0.0,2.0,0.3711904761904763,0.7802696824073792,0.7649379745125771,0.05110572371631861,1.15
md_cbad_dqn,818,139,93.25746762752533,95.78533126175404,33.015936478972435,60.241530656814575,1.5809970516711473,18949.09199142456,0.0,27.0,0.0,2.0,0.3666666666666667,0.7893003597855568,0.7739476896822453,0.05117554892785847,1.15
md_cbad_dqn,818,140,114.10624407976866,95.7525657389313,40.762237422168255,73.34400701522827,1.7326209880411625,23078.403770446777,0.0,31.0,0.0,0.0,0.3621428571428572,0.9911003913730383,0.9751635286957026,0.05312283942475915,1.15
md_cbad_dqn,818,141,97.03687977045774,96.32253410212695,33.684264205396175,63.352615028619766,1.5898409523069859,19106.274114608765,0.0,28.0,0.0,0.0,0.3576190476190476,0.876115694642067,0.8616810254752636,0.04811556823551655,1.15
md_cbad_dqn,818,142,111.73351618945598,96.94784245185555,36.0929556787014,75.64056021273136,1.6682853810489178,20284.06244277954,0.0,33.0,0.0,2.0,0.35309523809523813,0.9706049337983131,0.9542264603078365,0.05459488253109157,1.15
md_cbad_dqn,818,143,67.2241700142622,94.7838680445403,26.53665554523468,40.687514171004295,1.4097991017624736,15267.277179718018,0.0,22.0,0.0,0.0,0.34857142857142864,1.0122598633170128,0.9966145064681768,0.0521511638071388,1.15
md_cbad_dqn,818,144,85.48167012780905,93.8382443226129,29.14024632424116,56.34142390787601,1.4996664226055145,16674.227130889893,0.0,27.0,0.0,1.0,0.34404761904761905,0.9335938263684511,0.9184470511972904,0.050489241955801845,1.15
md_cbad_dqn,818,145,94.67517986893654,94.32885321207345,34.78354986011982,59.89163017272949,1.6326531870290637,20122.573432922363,0.0,25.0,0.0,1.0,0.33952380952380956,0.9866224490106106,0.9701094180345535,0.05504343123175204,1.15
md_cbad_dqn,818,146,104.34642300903798,93.86387097887696,35.620396450161934,68.72602639496327,1.6695007216185331,20567.863311767578,0.0,30.0,0.0,1.0,0.3350000000000001,0.8304284829646349,0.8139839638024569,0.05481505719944835,1.15
md_cbad_dqn,818,147,112.08077365905046,95.2368699283898,38.833079285919666,73.24769514799118,1.7099249484017491,22015.252002716064,0.0,32.0,0.0,0.0,0.3304761904761905,0.9369562193751335,0.9215442128479481,0.051373355090618134,1.15
md_cbad_dqn,818,148,81.63716096431017,95.27216098211707,29.857392609119415,51.7797677218914,1.5073023922741413,17296.469455718994,0.0,24.0,0.0,0.0,0.325952380952381,1.0147216226905584,1.0004525370895863,0.04756360873579979,1.15
md_cbad_dqn,818,149,98.62993170320988,96.18675050489605,33.123331770300865,65.50660043954849,1.6385176479816437,19435.675457000732,0.0,29.0,0.0,0.0,0.3214285714285714,0.9224195741117001,0.9053542204201221,0.05688453046604991,1.15
md_cbad_dqn,818,150,93.10706244558097,96.16284701123834,34.36428593844175,58.74277573227882,1.5848868852481246,19587.698078155518,0.0,26.0,0.0,1.0,0.3169047619047619,0.9574351776391268,0.942499621771276,0.049785174895077944,1.15
md_cbad_dqn,818,151,88.2667799666524,96.40310289897025,30.29724132269621,57.96953848004341,1.5526728015393019,17543.545566558838,0.0,26.0,0.0,1.0,0.3123809523809524,1.1166408695280552,1.1004088036715984,0.05410687776748091,1.15
md_cbad_dqn,818,152,97.14766023308039,96.63135471507908,36.581375293433666,60.56628489494324,1.673287969082594,20890.16983795166,0.0,27.0,0.0,2.0,0.30785714285714294,0.8284089677035809,0.814618332311511,0.04596877016592771,1.15
md_cbad_dqn,818,153,85.97923474013805,96.6665361841023,29.61979366093874,56.3594414293766,1.5159230520948768,16629.623329162598,0.0,27.0,0.0,0.0,0.30333333333333345,1.027676297351718,1.0110259894281626,0.05550102749839425,1.15
md_cbad_dqn,818,154,78.64142072498798,95.01420677244663,28.92958813160658,49.71183280944824,1.4658603612333536,16011.851354598999,0.0,22.0,0.0,2.0,0.29880952380952375,1.021993177011609,1.0086340457201004,0.044530426734127104,1.15
md_cbad_dqn,818,155,93.95411103367806,94.52213704481721,33.35992719233036,60.59418384134769,1.6005916129797697,19321.174850463867,0.0,26.0,0.0,1.0,0.29428571428571426,0.7804605662822723,0.7658917345106602,0.048562744283117354,1.15
md_cbad_dqn,818,156,74.60831914842129,93.3390854164958,26.551615729928017,48.05670350790024,1.4618586916476488,15572.379480361938,0.0,23.0,0.0,0.0,0.2897619047619048,1.1197863537818193,1.10496960952878,0.04938914836384356,1.15
md_cbad_dqn,818,157,87.92987481653691,92.817896425277,30.379507690668106,57.550367349386214,1.5425327653065324,17391.56036376953,0.0,26.0,0.0,1.0,0.2852380952380953,1.0823429822921753,1.0664395689964294,0.05301134823821485,1.15
md_cbad_dqn,818,158,107.32049636542797,93.35821882441641,34.91672579944134,72.4037707298994,1.6909582847729325,20473.104496002197,0.0,31.0,0.0,0.0,0.2807142857142858,1.266895517706871,1.2494991347193718,0.05798796727322042,1.15
md_cbad_dqn,818,159,88.87444284260273,93.13906758517028,29.68094278872013,59.19350003898144,1.5232287654653192,16760.72666168213,0.0,27.0,0.0,3.0,0.2761904761904763,0.9849939215928316,0.9654452092945576,0.06516239489428699,1.15
md_cbad_dqn,818,160,102.91844998300076,92.57967788033187,34.18372705578804,68.73472273349762,1.6129330797120929,19070.24938583374,0.0,31.0,0.0,1.0,0.2716666666666666,1.0189737025648355,1.003538966178894,0.05144911352545023,1.15
md_cbad_dqn,818,161,101.31736669838429,92.7937022267282,35.5796320438385,65.73773405849934,1.6314076026901603,20069.87579345703,0.0,28.0,0.0,2.0,0.2671428571428571,0.9290441107004881,0.9140452928841114,0.049996061716228724,1.15
md_cbad_dqn,818,162,93.51919043958188,91.8829859392345,30.57626073807478,62.9429296195507,1.5545921977609396,17368.201427459717,0.0,29.0,0.0,2.0,0.26261904761904764,1.0677517298609018,1.053862215951085,0.046298372210003436,1.15
md_cbad_dqn,818,163,68.05269077718258,91.92441197738052,27.095213413238525,40.957477170228955,1.47508879378438,16138.763145446777,0.0,19.0,0.0,2.0,0.25809523809523816,1.019954239949584,1.0039955414831638,0.0531956625636667,1.15
md_cbad_dqn,818,164,87.5025344207883,92.02545519202948,30.40862748026848,57.093907141685484,1.5364831304177642,17385.841186523438,0.0,26.0,0.0,2.0,0.25357142857142867,1.349648030474782,1.3335063103586435,0.05380572599824518,1.15
md_cbad_dqn,818,165,81.47596650719643,91.36549452394249,30.396737582981586,51.079229021072386,1.533299789763987,17610.038955688477,0.0,24.0,0.0,1.0,0.24904761904761907,1.0315783452242613,1.016549438238144,0.050096309278160334,1.15
md_cbad_dqn,818,166,103.49341944158077,91.32284434556962,36.34407161176205,67.1493482619524,1.671328661032021,20635.263982772827,0.0,29.0,0.0,3.0,0.2445238095238096,1.171987483277917,1.1570731475949287,0.04971443396061659,1.15
md_cbad_dqn,818,167,101.71781459599734,90.80469639241696,34.38134939223528,67.33646523356438,1.6097644614055753,19342.978797912598,0.0,29.0,0.0,1.0,0.24,0.9553835745900869,0.9397511892020702,0.05210797721520066,1.15
md_cbad_dqn,818,168,81.00466199964285,90.7730714441836,27.46219189465046,53.54247039556503,1.4730899650603533,15910.36205482483,0.0,27.0,0.0,1.0,0.2354761904761905,1.1942620947957039,1.1797911301255226,0.048236576025374234,1.15
md_cbad_dqn,818,169,75.26659063398839,89.60490439072251,27.764172933995724,47.50241810977459,1.469420475885272,15548.36568069458,0.0,24.0,0.0,1.0,0.23095238095238102,0.9999363142997026,0.9850944206118584,0.049472960410639644,1.15
md_cbad_dqn,818,170,69.95513085275888,88.44730781108142,27.370925426483154,42.58420515060425,1.4506017686799169,15999.881448745728,0.0,21.0,0.0,0.0,0.22642857142857142,0.9993328750133514,0.9847107194364071,0.04874055995605886,1.15
md_cbad_dqn,818,171,93.48493671417236,88.70821564845741,31.75177338719368,61.73316293954849,1.5933805769309402,18207.94344520569,0.0,28.0,0.0,1.0,0.22190476190476194,1.0357769411057234,1.0210426077246666,0.049114417750388384,1.15
md_cbad_dqn,818,172,70.42727413773537,87.37219634369016,24.587769120931625,45.83950448036194,1.3938362766057253,14574.97338104248,0.0,22.0,0.0,0.0,0.21738095238095245,0.883051797747612,0.865187818184495,0.05954659637063742,1.15
md_cbad_dqn,818,173,84.16761373132468,87.2816152932495,27.274702951312065,56.89291056394577,1.5112994257360697,16212.846450805664,0.0,25.0,0.0,1.0,0.21285714285714286,0.8129048850387335,0.7973518669605255,0.051843358436599374,1.15
md_cbad_dqn,818,174,62.197921523451804,86.4594403331727,27.016362711787224,35.181558766961096,1.427304094657302,15591.1148147583,0.0,19.0,0.0,1.0,0.20833333333333337,0.9945336971431971,0.9813017323613167,0.044106589164584875,1.15
md_cbad_dqn,818,175,76.16438607871532,85.56995408542456,29.761931896209717,46.40245458483696,1.5076983338221908,17273.9119682312,0.0,23.0,0.0,1.0,0.20380952380952377,1.1324529312551022,1.1165849901735783,0.05289312172681093,1.15
md_cbad_dqn,818,176,84.08512413799762,86.04379433490337,28.805785715579987,55.27933781147003,1.4935601158067584,16467.524394989014,0.0,26.0,0.0,2.0,0.1992857142857143,0.9397361390292645,0.9244302287697792,0.05101973097771406,1.15
md_cbad_dqn,818,177,83.48520735800267,85.82156096197666,28.072720669209957,55.412487083673476,1.492667161859572,16055.452224731445,0.0,25.0,0.0,2.0,0.1947619047619048,0.956984955817461,0.9413557257503271,0.05209743627347052,1.15
md_cbad_dqn,818,178,93.89369189143181,85.15022073827684,32.43897623568773,61.45471582710743,1.5485185366123915,18357.705055236816,0.0,29.0,0.0,1.0,0.19023809523809532,1.0606707725673914,1.045881800353527,0.049296527868136764,1.15
md_cbad_dqn,818,179,97.448429697752,85.57892008103433,32.04289065301418,65.40553913414479,1.5681352457031608,18046.52935028076,0.0,30.0,0.0,1.0,0.18571428571428583,1.1428839722648263,1.1288700057193637,0.0467132031917572,1.15
md_cbad_dqn,818,180,67.15843114405871,83.79091913908722,28.233241498470306,38.9251892209053,1.4161299131810665,15502.835395812988,0.0,21.0,0.0,1.0,0.18119047619047624,1.0150433331727982,0.9983531814068556,0.05563384247943759,1.15
md_cbad_dqn,818,181,85.75327466577292,83.01271453745666,30.043307289481163,55.7099672794342,1.5196050368249416,16831.85027694702,0.0,25.0,0.0,1.0,0.17666666666666664,0.988469559699297,0.9731314331293106,0.05112708522938192,1.15
md_cbad_dqn,818,182,97.45438090860844,83.20947406090798,33.30351849645376,64.1508623301983,1.6154492422938347,18862.380867004395,0.0,29.0,0.0,1.0,0.17214285714285715,1.129173258319497,1.114478524774313,0.04898244165815413,1.15
md_cbad_dqn,818,183,74.34390969872474,83.52403500698509,27.824550338089466,46.51935941278934,1.4406440677121282,15720.239608764648,0.0,23.0,0.0,2.0,0.16761904761904767,1.002885451540351,0.9886469803750515,0.047461575595662,1.15
md_cbad_dqn,818,184,87.64127514511347,83.53097204320133,31.299345560371876,56.34192943572998,1.5391523307189345,17866.647117614746,0.0,25.0,0.0,0.0,0.16309523809523818,1.202091220766306,1.1863597072660923,0.05243838857859373,1.15
md_cbad_dqn,818,185,86.10843233913184,83.7625953347981,30.481626272201538,55.62680619359016,1.56239147298038,17472.02367401123,0.0,27.0,0.0,2.0,0.1585714285714287,1.008426582440734,0.9938284810632467,0.04866032244171947,1.15
md_cbad_dqn,818,186,98.11922801434994,83.49388576343657,33.531639620661736,64.58758828938008,1.620103407651186,19208.36772918701,0.0,28.0,0.0,1.0,0.1540476190476191,1.1968180760741234,1.1836522705852985,0.04388603672850877,1.15
md_cbad_dqn,818,187,67.2390713840723,81.76994860284033,26.108819648623466,41.130251318216324,1.426511767320335,15153.573871612549,0.0,21.0,0.0,2.0,0.1495238095238095,1.1822098288685083,1.1680087707936764,0.04733690293505788,1.15
md_cbad_dqn,818,188,101.05456076562405,82.77244354113938,32.821503318846226,68.23305729031563,1.6126223364844918,19011.94695663452,0.0,31.0,0.0,1.0,0.14500000000000002,1.0872807763516903,1.072056420147419,0.05074784182943404,1.15
md_cbad_dqn,818,189,73.5837628915906,82.68830215401948,27.481110744178295,46.102651968598366,1.4259287677705288,15292.198909759521,0.0,22.0,0.0,1.0,0.14047619047619053,0.8938530422747135,0.8816431183367968,0.04069973120931536,1.15
md_cbad_dqn,818,190,95.8962284475565,83.98535703375936,31.77930909395218,64.11691911518574,1.6036859331652522,18338.40836906433,0.0,29.0,0.0,0.0,0.13595238095238105,0.9310188796371222,0.9183943271636963,0.042081845458596945,1.15
md_cbad_dqn,818,191,81.13479495942593,83.36784994602205,29.69305544346571,51.44173947870731,1.5154577353969216,16487.31675720215,0.0,24.0,0.0,1.0,0.13142857142857145,1.0137493219226599,0.9991689175367355,0.04860137717332691,1.15
md_cbad_dqn,818,192,86.90214006602764,84.19159324243665,29.892000190913677,57.010140120983124,1.5260496847331524,17116.58539199829,0.0,25.0,0.0,1.0,0.12690476190476196,0.7908618543297052,0.77620430290699,0.0488584793638438,1.15
md_cbad_dqn,818,193,93.68576564788819,84.66750083826483,32.7722105383873,60.91355457305908,1.605816445313394,18775.164253234863,0.0,26.0,0.0,3.0,0.12238095238095237,1.1819120328873396,1.1663994882255793,0.05170844169333577,1.15
md_cbad_dqn,818,194,84.53683259487153,85.78444639183583,30.538238778710365,53.998593562841414,1.5179443787783384,17349.79519844055,0.0,24.0,0.0,1.0,0.11785714285714288,1.1781089566648006,1.163638897240162,0.048233486246317625,1.15
md_cbad_dqn,818,195,80.08721181750298,85.98058767877521,29.05547495931387,51.03173686563969,1.4964291471987963,16355.363803863525,0.0,23.0,0.0,0.0,0.1133333333333334,1.2291132062673569,1.2120823003351688,0.05676969955675304,1.15
md_cbad_dqn,818,196,87.65948708355427,86.15930582605304,32.235311046242714,55.42417594790459,1.5823993273079395,18761.666553497314,0.0,25.0,0.0,2.0,0.1088095238095238,1.2849289383739233,1.269493281841278,0.05145214428193867,1.15
md_cbad_dqn,818,197,68.91960794478655,85.43102585539222,25.652111373841763,43.26749673485756,1.4233645806089044,14529.043472290039,0.0,21.0,0.0,2.0,0.10428571428571431,1.2592111099511385,1.2460189312696457,0.0439739809371531,1.15
md_cbad_dqn,818,198,76.70037757754326,84.5713601396978,29.98803499341011,46.712342315912245,1.5266098380088806,17102.742254257202,0.0,22.0,0.0,1.0,0.09976190476190483,0.8958864081650972,0.8807764127850533,0.05036664521321654,1.15
md_cbad_dqn,818,199,90.62510778158904,84.23019404388965,32.635718397796154,57.989389234781264,1.6308946423232555,19083.517879486084,0.0,25.0,0.0,1.0,0.09523809523809534,1.055322092026472,1.040736572816968,0.04861835134215653,1.15
md_cbad_dqn,818,200,80.20744708180428,84.88264484077692,28.08687548339367,52.120571449398994,1.4664218723773956,15701.322128295898,0.0,26.0,0.0,1.0,0.09071428571428575,1.0920875612646341,1.0784159246832132,0.04557214886881411,1.15
md_cbad_dqn,818,201,83.63526644706727,84.77674442984166,30.85986417531967,52.77540219724178,1.5735297622159123,17667.743438720703,0.0,24.0,0.0,2.0,0.08619047619047626,0.9974140524864197,0.9823619052767754,0.050173846539109945,1.15
md_cbad_dqn,818,202,59.24422004073858,82.86623638644815,24.599966324865818,34.6442534327507,1.3926081443205476,14055.10107421875,0.0,18.0,0.0,1.0,0.08166666666666667,1.0109936855733395,0.9956278018653393,0.051219601882621646,1.15
md_cbad_dqn,818,203,102.58368623405696,84.27822521321477,35.655053324997425,66.92863332629204,1.6586913978680968,19854.9366607666,0.0,29.0,0.0,2.0,0.07714285714285718,1.2881769631057978,1.2720575742423534,0.05373127944767475,1.15
md_cbad_dqn,818,204,89.337212651968,84.3630220885575,30.485254250466824,58.85195842385292,1.5169739509001374,17244.02593231201,0.0,26.0,0.0,2.0,0.0726190476190477,1.274225790053606,1.2594502829015255,0.04925169795751572,1.15
md_cbad_dqn,818,205,83.54113084077835,84.2346570136398,27.55411870777607,55.98701295256615,1.4897010335698724,15582.346828460693,0.0,26.0,0.0,1.0,0.06809523809523821,0.9529114197939634,0.9373224973678589,0.05196303827688098,1.15
md_cbad_dqn,818,206,87.90023609250784,83.72370741754771,29.59417712688446,58.306058794260025,1.5113970041275024,16810.370979309082,0.0,27.0,0.0,0.0,0.06357142857142861,0.8588013760745525,0.8450486473739147,0.0458424276439473,1.15
md_cbad_dqn,818,207,89.80463451445102,84.85198557406665,32.68205562233925,57.12257878780365,1.6027069734409451,18692.092613220215,0.0,26.0,0.0,4.0,0.059047619047619015,1.045633815228939,1.0332604944705963,0.041244394378736615,1.15
md_cbad_dqn,818,208,90.45402191579342,84.32195863157511,32.17852495610714,58.27549719810486,1.575563776306808,18074.14500427246,0.0,26.0,0.0,0.0,0.05452380952380953,1.0793210100382566,1.0656995549798012,0.04540483723394573,1.15
md_cbad_dqn,818,209,79.02403536438942,84.59397225521505,29.014426365494728,50.00960926711559,1.5365958074107766,16656.328281402588,0.0,25.0,0.0,0.0,0.050000000000000044,1.0909836515784264,1.077045874670148,0.04645927716046572,1.15
md_cbad_dqn,818,210,98.41470391303301,84.71989602848888,33.20778647810221,65.20691749453545,1.631469450891018,19183.082540512085,0.0,29.0,0.0,0.0,0.050000000000000044,1.1550323069095612,1.1404730305075645,0.04853090224787593,1.15
md_cbad_dqn,818,211,85.54274352639914,84.94029345683754,28.083767756819725,57.45897553861141,1.4935508919879794,15844.280612945557,0.0,26.0,0.0,1.0,0.050000000000000044,1.2280047982931137,1.214892640709877,0.04370716609992087,1.15
md_cbad_dqn,818,212,81.27698116898537,84.65903551198542,27.929105639457703,53.34787536561489,1.4554764600470662,15830.965724945068,0.0,26.0,0.0,1.0,0.050000000000000044,1.254256471991539,1.239597950130701,0.04886171582620591,1.15
md_cbad_dqn,818,213,75.23191443979741,83.7363429515809,29.00882848352194,46.22308632135391,1.484217206016183,16166.035203933716,0.0,22.0,0.0,1.0,0.050000000000000044,1.2328677158802748,1.2194006107747555,0.04489033995196223,1.15
md_cbad_dqn,818,214,89.16491849124432,83.96774724639953,29.620215199887753,59.544703567028044,1.5182525468990207,16851.9681930542,0.0,29.0,0.0,1.0,0.050000000000000044,1.2049909699708223,1.1911203227937222,0.0462354525225237,1.15
md_cbad_dqn,818,215,98.48262371122837,84.88751784108581,32.51382556557655,65.96879804134369,1.5923116281628609,18604.314992904663,0.0,29.0,0.0,0.0,0.050000000000000044,1.033636899664998,1.0213902853429317,0.04082204168662429,1.15
md_cbad_dqn,818,216,72.04982633888721,84.10703480385244,25.829885378479958,46.219940543174744,1.4338331380859017,14596.42318725586,0.0,22.0,0.0,0.0,0.050000000000000044,1.317769855260849,1.3038803040981293,0.04629853740334511,1.15
md_cbad_dqn,818,217,84.84652116149664,84.90338046468796,28.83770589530468,56.0088147521019,1.5054843686521053,16645.07565689087,0.0,25.0,0.0,1.0,0.050000000000000044,1.2307672258466482,1.2156253177672625,0.05047292588278651,1.15
md_cbad_dqn,818,218,69.35763297975063,84.5362432347983,27.40009367465973,41.95753890275955,1.471082966774702,16188.17626953125,0.0,21.0,0.0,2.0,0.050000000000000044,1.2539357766509056,1.239781729876995,0.047180193359963596,1.15
md_cbad_dqn,818,219,92.76265409588814,84.64312055051326,30.289469614624977,62.4731847345829,1.5747453244403005,17495.34914779663,0.0,28.0,0.0,0.0,0.050000000000000044,1.169556787237525,1.1551677528768778,0.04796347604133189,1.15
md_cbad_dqn,818,220,93.48864302933217,85.30718034788967,31.15869878232479,62.329943829774855,1.5574769908562303,17523.715953826904,0.0,28.0,0.0,1.0,0.050000000000000044,1.3689645528793335,1.3540781177580357,0.04962145071476698,1.15
md_cbad_dqn,818,221,83.76038905531168,85.3134364783019,30.030133940279484,53.73025469779968,1.5545126227661967,17337.33533668518,0.0,25.0,0.0,2.0,0.050000000000000044,1.1281073838472366,1.1143378280103207,0.04589853039942682,1.15
md_cbad_dqn,818,222,68.3298166513443,85.76771630883218,27.563177078962326,40.76663924455643,1.4259661016985774,15277.400596618652,0.0,20.0,0.0,3.0,0.050000000000000044,1.4197602104395628,1.4060197360813618,0.04580155527219176,1.15
md_cbad_dqn,818,223,66.84925885796547,83.9809949400276,25.761988908052444,41.087269502878186,1.460455959662795,14914.589580535889,0.0,21.0,0.0,3.0,0.050000000000000044,1.2630275469273329,1.2493020966649055,0.04575150110758841,1.15
md_cbad_dqn,818,224,79.99564475715161,83.51391654528678,29.172051437199116,50.823593193292616,1.4656751491129398,16112.557563781738,0.0,24.0,0.0,1.0,0.050000000000000044,0.8739235009998083,0.8614295832812786,0.041646358207799494,1.15
md_cbad_dqn,818,225,70.87937449067832,82.88082872778179,27.246209025382996,43.633165353536604,1.4600285552442074,15532.998542785645,0.0,21.0,0.0,1.0,0.050000000000000044,1.0933741591870785,1.0794977359473705,0.04625477525405586,1.15
md_cbad_dqn,818,226,84.20640176534653,82.69613701142372,31.05244705080986,53.153954192996025,1.5465093459933996,17305.55143737793,0.0,25.0,0.0,1.0,0.050000000000000044,1.3853638991713524,1.372954584658146,0.041364347795024514,1.15
md_cbad_dqn,818,227,84.13844633847475,82.4128276026249,27.978704027831554,56.15974195301533,1.4781001759693027,16226.513334274292,0.0,26.0,0.0,1.0,0.050000000000000044,1.2487095426768064,1.2341749034821987,0.04844880127348006,1.15
md_cbad_dqn,818,228,87.67391277849674,82.27382214576006,30.71517126262188,56.958741664886475,1.529869775287807,17512.940830230713,0.0,25.0,0.0,2.0,0.050000000000000044,1.1458928603678942,1.1326984893530607,0.04398123768623918,1.15
md_cbad_dqn,818,229,82.14070326387882,82.42965554073453,29.22268173098564,52.91802178621292,1.4879251578822732,16538.257064819336,0.0,25.0,0.0,2.0,0.050000000000000044,1.2264597285538912,1.2133490797132254,0.043702143244445324,1.15
md_cbad_dqn,818,230,76.38841705173255,81.32834119766952,28.90867207199335,47.479744815826415,1.505436391569674,16750.200969696045,0.0,22.0,0.0,2.0,0.050000000000000044,0.8687371034175158,0.8572388626635075,0.03832743293605745,1.15
md_cbad_dqn,818,231,89.6228030025959,81.53234417147935,31.15508322417736,58.467719703912735,1.5502886017784476,17388.940139770508,0.0,26.0,0.0,0.0,0.050000000000000044,1.4194471128284931,1.4052532240748405,0.04731292510405183,1.15
md_cbad_dqn,818,232,86.38271062076092,81.78763064406812,28.04994425177574,58.332766115665436,1.4928327472880483,15946.797164916992,0.0,27.0,0.0,1.0,0.050000000000000044,0.954602800309658,0.940536187030375,0.04688870976679027,1.15
md_cbad_dqn,818,233,77.9399393066764,81.92303188741208,28.495493680238724,49.44444556683302,1.496911141090095,16238.10506439209,0.0,22.0,0.0,1.0,0.050000000000000044,1.1988166384398937,1.1857822444289923,0.04344799288082868,1.15
md_cbad_dqn,818,234,74.05940384715795,81.16775615520775,25.896216437220573,48.16318727582693,1.433223725296557,14952.745065689087,0.0,24.0,0.0,3.0,0.050000000000000044,1.2771690860390663,1.2608067467808723,0.05454111204016954,1.15
md_cbad_dqn,818,235,73.64870223402977,79.92606008134783,28.406484611332417,45.242217510938644,1.4687159517779946,16001.580535888672,0.0,21.0,0.0,0.0,0.050000000000000044,1.0609580650925636,1.0477655716240406,0.04397497407626361,1.15
md_cbad_dqn,818,236,69.81234863698482,79.8141861962527,27.35945299267769,42.45289555490017,1.460137446410954,15301.610034942627,0.0,21.0,0.0,3.0,0.050000000000000044,1.0380176473408937,1.0233285166323185,0.048963717301376164,1.15
md_cbad_dqn,818,237,72.91291734874248,79.217506005615,26.795155242085457,46.117762106657025,1.4542395090684295,15116.915809631348,0.0,23.0,0.0,2.0,0.050000000000000044,1.2286543864756823,1.2152256146073341,0.04476255411282182,1.15
md_cbad_dqn,818,238,80.09071862101555,79.75416028767825,29.790859676897526,50.29985845983028,1.517179730348289,16953.270797729492,0.0,24.0,0.0,2.0,0.050000000000000044,1.3174637779593468,1.3050063699483871,0.04152468708343804,1.15
md_cbad_dqn,818,239,58.46835522353649,78.03944534406067,23.670226901769638,34.79812856018543,1.3635356267914176,13921.221538543701,0.0,19.0,0.0,0.0,0.050000000000000044,1.0085463523864746,0.994514724239707,0.046772105153650045,1.15
md_cbad_dqn,818,240,80.88373565077782,77.40919997513296,27.1231679469347,53.76056685447693,1.4472785517573357,15018.485492706299,0.0,26.0,0.0,3.0,0.050000000000000044,1.3498965799808502,1.3357117623090744,0.04728271393105388,1.15
md_cbad_dqn,818,241,76.48140298128128,77.04525067143143,28.368371732532978,48.11303115189075,1.52324961964041,16464.14368057251,0.0,23.0,0.0,3.0,0.050000000000000044,1.0495768673717976,1.0382100250571966,0.037889503757469356,1.15
md_cbad_dqn,818,242,74.86773283779621,77.37214648075403,27.82434317469597,47.04338896274567,1.4481694838032126,15463.603050231934,0.0,22.0,0.0,1.0,0.050000000000000044,1.2091096974909306,1.196957278996706,0.04050804313737899,1.15
md_cbad_dqn,818,243,84.84645742177963,78.27200640894473,28.36167775094509,56.4847796857357,1.502915984019637,16027.436256408691,0.0,26.0,0.0,1.0,0.050000000000000044,1.2256056852638721,1.213094001635909,0.041705605457536876,1.15
md_cbad_dqn,818,244,88.15609328448772,78.68002883531153,30.765484482049942,57.39060865342617,1.5822827033698559,17902.992126464844,0.0,27.0,0.0,1.0,0.050000000000000044,1.3715149573981762,1.3591633848845959,0.041171900695189834,1.15
md_cbad_dqn,818,245,77.3558395460248,79.00385208807886,27.442833952605724,49.913005876541135,1.452014809474349,15047.892597198486,0.0,23.0,0.0,2.0,0.050000000000000044,1.3046115320175886,1.2929119914770126,0.03899847622960806,1.15
md_cbad_dqn,818,246,82.75005177557469,78.93103458859026,27.67823526263237,55.07181645333767,1.4689301997423172,15769.491249084473,0.0,25.0,0.0,1.0,0.050000000000000044,1.2821670547127724,1.2679113876074553,0.04751886578742415,1.15
md_cbad_dqn,818,247,93.17477817833424,79.38285118058324,30.544494286179543,62.63028338551521,1.5670685842633247,17729.76503753662,0.0,28.0,0.0,1.0,0.050000000000000044,1.2843710910528898,1.2701875288039446,0.04727851739153266,1.15
md_cbad_dqn,818,248,69.28616125136614,78.4634636042267,27.450886338949203,41.835274666547775,1.4460937343537807,15762.20150756836,0.0,21.0,0.0,1.0,0.050000000000000044,1.001141533255577,0.9879731554538012,0.04389459325466305,1.15
md_cbad_dqn,818,249,83.94208145290614,78.55353251367809,30.42978535592556,53.51229594051838,1.5225287796929479,17326.15231704712,0.0,25.0,0.0,1.0,0.050000000000000044,1.1428335551172495,1.1298014149069786,0.04344045417383313,1.15
md_cbad_dqn,818,250,82.9666118323803,78.88244225271046,28.620280906558037,54.346330016851425,1.4906446505337954,16167.616325378418,0.0,25.0,0.0,1.0,0.050000000000000044,1.4046673215925694,1.3923064917325974,0.04120281897485256,1.15
md_cbad_dqn,818,251,88.49356954097748,78.82598057962954,30.286047361791134,58.207522469758985,1.5463320389389992,17239.822959899902,0.0,27.0,0.0,2.0,0.050000000000000044,1.2388727404177189,1.2251062504947186,0.04588831344153732,1.15
md_cbad_dqn,818,252,85.11720988154411,78.7627055426687,29.53743540495634,55.57977469265461,1.5324823250994086,17123.426950454712,0.0,26.0,0.0,0.0,0.050000000000000044,1.316685937345028,1.3048626147210598,0.039411092875525355,1.15
md_cbad_dqn,818,253,90.91433115452529,79.41142513506115,30.7130194157362,60.20131207406521,1.5581714613363147,17703.641689300537,0.0,28.0,0.0,1.0,0.050000000000000044,1.157916707918048,1.1457728687673807,0.04047951358370483,1.15
md_cbad_dqn,818,254,87.07461599260569,80.06218574233353,30.076475255191326,56.99814027547836,1.5274561056867242,16863.90435409546,0.0,26.0,0.0,2.0,0.050000000000000044,1.309208244085312,1.2944779247045517,0.0491011495469138,1.15
md_cbad_dqn,818,255,69.79713778495788,79.86960751987995,26.41349768638611,43.38364000916481,1.4454255821183324,15020.671951293945,0.0,22.0,0.0,5.0,0.050000000000000044,1.3186507988721132,1.3053674288094044,0.04427785915322602,1.15
md_cbad_dqn,818,256,77.45462124049664,80.25172115005553,27.91835045814514,49.53627136349678,1.476926571689546,15606.66497039795,0.0,23.0,0.0,4.0,0.050000000000000044,1.5561423394829035,1.5425866078585386,0.04518568445928395,1.15
md_cbad_dqn,818,257,81.5851565927267,80.68533311225474,28.634511798620224,52.95064470469951,1.4764508232474327,16264.333892822266,0.0,24.0,0.0,3.0,0.050000000000000044,1.0572040565311909,1.042347563430667,0.049521637381985784,1.15
md_cbad_dqn,818,258,69.2150557667017,80.14154996953904,28.030083805322647,41.1849723637104,1.4565621223300695,15924.477722167969,0.0,19.0,0.0,3.0,0.050000000000000044,1.3998971339315176,1.3870908953249454,0.04268747684545815,1.15
md_cbad_dqn,818,259,58.972124928236006,80.16673845477403,23.74485132843256,35.22727324962616,1.3707297751680017,13781.268306732178,0.0,19.0,0.0,2.0,0.050000000000000044,1.2419521920382977,1.2295984365046024,0.04117921064607799,1.15
md_cbad_dqn,818,260,78.52187258154154,80.04864530131222,28.435750983655453,50.086121612787245,1.4785488676279783,15715.262691497803,0.0,24.0,0.0,1.0,0.050000000000000044,1.140724552795291,1.1256879772990942,0.05012192623689771,1.15
md_cbad_dqn,818,261,84.79285243153572,80.46421777382494,30.105574816465378,54.68727770447731,1.5495993671938777,17511.63446044922,0.0,24.0,0.0,1.0,0.050000000000000044,1.325013391673565,1.3118033930659294,0.0440333008300513,1.15
md_cbad_dqn,818,262,86.00169409811497,81.02091583684089,29.524214327335358,56.47747999429703,1.5118434261530638,16810.871898651123,0.0,25.0,0.0,0.0,0.050000000000000044,0.9221428651362658,0.909772340208292,0.0412351144477725,1.15
md_cbad_dqn,818,263,74.69134208709002,80.51316007010641,27.684474654495716,47.00686783492565,1.4345358368009329,15836.654819488525,0.0,22.0,0.0,2.0,0.050000000000000044,1.3086319901049137,1.2956965863704681,0.04311798664275557,1.15
md_cbad_dqn,818,264,90.90947705060243,80.65082925841213,30.932173505425453,59.97730345577001,1.5727542443200946,17731.647186279297,0.0,27.0,0.0,4.0,0.050000000000000044,1.1194136310368776,1.1054306104779243,0.046610039309598505,1.15
md_cbad_dqn,818,265,78.19980554208159,80.69302755821496,28.18991604819894,50.0098897844553,1.4575668834149837,16116.259963989258,0.0,23.0,0.0,2.0,0.050000000000000044,1.5369654558598995,1.523000929504633,0.04654838948044926,1.15
md_cbad_dqn,818,266,61.67234803140163,79.63914237100632,25.830989465117455,35.841358029842375,1.4444529563188553,15466.550382614136,0.0,19.0,0.0,2.0,0.050000000000000044,1.2560156974941492,1.241194536909461,0.049403851153329015,1.15
md_cbad_dqn,818,267,68.33724591135979,78.39726575765759,27.043239578604698,41.29400607943535,1.4282191330567002,15191.640186309814,0.0,22.0,0.0,0.0,0.050000000000000044,1.3221974857151508,1.310556711629033,0.03880260221194476,1.15
md_cbad_dqn,818,268,87.70571967959404,79.31824367906898,29.849228240549564,57.8564912378788,1.5302478149533272,17320.80996322632,0.0,25.0,0.0,0.0,0.050000000000000044,0.9529836103320122,0.9406412690877914,0.041141118737868965,1.15
md_cbad_dqn,818,269,66.51214925348759,78.44674706909805,26.388913109898567,40.123236218094824,1.415775896050036,14757.791374206543,0.0,21.0,0.0,2.0,0.050000000000000044,1.256283313035965,1.2428890280425549,0.044647655449807644,1.15
md_cbad_dqn,818,270,92.32350286245347,78.91459162060173,33.11546076834202,59.208042526245116,1.6231003990396857,19114.594676971436,0.0,26.0,0.0,2.0,0.050000000000000044,1.0565857514739037,1.0421596728265285,0.048086948692798615,1.15
md_cbad_dqn,818,271,97.74226413071156,79.37702635008843,32.800594724714756,64.94167023301125,1.5884261718019843,18157.894020080566,0.0,29.0,0.0,1.0,0.050000000000000044,1.210581909865141,1.1963157188147306,0.04755395813845098,1.15
md_cbad_dqn,818,272,98.17154502868652,80.02974310744555,33.01057376712561,65.16097094118595,1.5882407063618302,18600.977264404297,0.0,31.0,0.0,0.0,0.050000000000000044,1.1143415067344904,1.1010654922574759,0.04425334115512669,1.15
md_cbad_dqn,818,273,71.818345490098,79.07494382422418,27.375023864209652,44.44332109689712,1.4399137264117599,14996.60620880127,0.0,21.0,0.0,2.0,0.050000000000000044,1.6397195421159267,1.6260527111589909,0.04555599158629775,1.15
md_cbad_dqn,818,274,74.0371443554759,78.42307024236769,27.544692903757095,46.49245110154152,1.4678686829283834,15761.168663024902,0.0,22.0,0.0,0.0,0.050000000000000044,1.2708103377372026,1.2578260190784931,0.04328104737214744,1.15
md_cbad_dqn,818,275,78.35028702020645,78.85072770413011,27.501305148005486,50.84898191690445,1.438664241693914,15167.16533279419,0.0,24.0,0.0,0.0,0.050000000000000044,1.3904671743512154,1.378041435033083,0.041419110260903835,1.15
md_cbad_dqn,818,276,91.48552856743336,79.55227307047696,31.783240623772144,59.7022882938385,1.5717437509447336,18105.702476501465,0.0,28.0,0.0,3.0,0.050000000000000044,1.4319243039935827,1.4191287700086832,0.042651758645661175,1.15
md_cbad_dqn,818,277,98.7345717638731,80.40974382903428,35.12036443501711,63.614207142591475,1.6399201080203056,19673.11093902588,0.0,28.0,0.0,2.0,0.050000000000000044,1.2795223575085402,1.267116704955697,0.04135219135787338,1.15
md_cbad_dqn,818,278,84.66059198975563,81.18202064018698,30.039424665272236,54.62116740643978,1.5351216373965144,17112.722665786743,0.0,25.0,0.0,0.0,0.050000000000000044,1.3681781273335218,1.354720063507557,0.04486021283082664,1.15
md_cbad_dqn,818,279,77.0091057792306,82.0838696827367,28.328348018229008,48.680758446455,1.4653824903070927,16040.686656951904,0.0,22.0,0.0,0.0,0.050000000000000044,1.556309100240469,1.542885448783636,0.0447455063695088,1.15
md_cbad_dqn,818,280,81.53915576636791,82.23473384197803,29.808201238512993,51.73095490038395,1.5418032389134169,17048.948482513428,0.0,23.0,0.0,2.0,0.050000000000000044,1.6703555583953857,1.6561805233359337,0.04725010192487389,1.15
md_cbad_dqn,818,281,72.00515120625496,81.59534878071398,26.329856663942337,45.67529469132423,1.4300607712939382,14824.292812347412,0.0,23.0,0.0,1.0,0.050000000000000044,1.0792231298983097,1.066652987152338,0.041900490410625935,1.15
md_cbad_dqn,818,282,69.7714124917984,80.78383470039816,27.373185336589813,42.3982275724411,1.445575782097876,15307.032550811768,0.0,21.0,0.0,0.0,0.050000000000000044,1.4333050344139338,1.4211291186511517,0.040586398681625724,1.15
md_cbad_dqn,818,283,86.91480227708817,81.39500770989807,30.235492818057537,56.67930983901024,1.5068174116313457,17103.26247406006,0.0,27.0,0.0,1.0,0.050000000000000044,1.2944375425577164,1.280895259231329,0.045140930567868054,1.15
md_cbad_dqn,818,284,73.20986370146275,80.51002704244108,26.16816956549883,47.04169408380985,1.4384874403476715,15111.47808265686,0.0,23.0,0.0,1.0,0.050000000000000044,1.1505326479673386,1.139540834352374,0.0366393729345873,1.15
md_cbad_dqn,818,285,65.9070428237319,79.89538890652359,25.86359243094921,40.04345062375069,1.4158881325274706,14497.94437789917,0.0,20.0,0.0,0.0,0.050000000000000044,1.3958673067390919,1.3826620802283287,0.044017404317855835,1.15
md_cbad_dqn,818,286,85.63981100320817,81.09376205511391,28.40776764601469,57.23204329013824,1.486552806571126,16385.982040405273,0.0,25.0,0.0,2.0,0.050000000000000044,1.1923803705722094,1.1790457274764776,0.044448815286159515,1.15
md_cbad_dqn,818,287,78.72539843022824,81.61316968105734,27.282799668610096,51.44259890317917,1.4740243880078197,15494.094951629639,0.0,26.0,0.0,1.0,0.050000000000000044,1.4502563178539276,1.4382320772856474,0.04008078156039119,1.15
md_cbad_dqn,818,288,67.61789044886828,80.60877821952106,27.573314301669598,40.044576773047446,1.4452161863446236,15421.363090515137,0.0,19.0,0.0,1.0,0.050000000000000044,1.461526883766055,1.4481649994850159,0.04453958326485008,1.15
md_cbad_dqn,818,289,83.71896397471428,81.46911895558239,30.225861683487892,53.49310205280781,1.5295970104634762,17353.734344482422,0.0,25.0,0.0,1.0,0.050000000000000044,1.4946089386940002,1.48125128634274,0.04452546499669552,1.15
md_cbad_dqn,818,290,76.12177070230246,80.65903234757484,28.474825009703636,47.64694604277611,1.4722046731039882,16021.631734848022,0.0,22.0,0.0,0.0,0.050000000000000044,1.4651036467403173,1.4524063654243946,0.04232433019205928,1.15
md_cbad_dqn,818,291,61.28867749273777,78.83635301567615,24.07139579206705,37.21728149950504,1.4053572192788124,14361.700653076172,0.0,22.0,0.0,1.0,0.050000000000000044,1.3139850683510303,1.3028100226074457,0.03725014894735068,1.15
md_cbad_dqn,818,292,82.92928745746613,78.07424013711514,29.060144498944283,53.86914306282997,1.5281557077541947,16589.446857452393,0.0,25.0,0.0,3.0,0.050000000000000044,1.2530312277376652,1.2401757799088955,0.04285147553309798,1.15
md_cbad_dqn,818,293,68.92665694057942,77.9296557096392,26.795587807893753,42.13106899857521,1.4347189264371991,15305.72724533081,0.0,20.0,0.0,2.0,0.050000000000000044,1.315467206761241,1.3035898208618164,0.03959127073176205,1.15
md_cbad_dqn,818,294,87.0894402563572,78.58227050468327,29.79446917027235,57.294971600174904,1.5080352136865258,16916.622528076172,0.0,26.0,0.0,0.0,0.050000000000000044,1.502162791788578,1.4903512671589851,0.03937171841971576,1.15
md_cbad_dqn,818,295,77.76005670726299,78.55275898903609,27.578782700002193,50.1812737762928,1.4579361379146576,15508.769523620605,0.0,22.0,0.0,2.0,0.050000000000000044,1.3117091190069914,1.3004025891423225,0.03768847533501685,1.15
md_cbad_dqn,818,296,71.15315157324076,77.53614013932646,25.58830513060093,45.56484588384628,1.4182459888979793,14882.271110534668,0.0,20.0,0.0,1.0,0.050000000000000044,1.3514457568526268,1.3382652271538973,0.04393502208404243,1.15
md_cbad_dqn,818,297,100.36374660730363,77.61759888149798,34.24755268543959,66.11619352698327,1.6289843963459134,19393.526931762695,0.0,29.0,0.0,2.0,0.050000000000000044,1.4178063794970512,1.4039794132113457,0.04608992766588926,1.15
md_cbad_dqn,818,298,78.20657250285149,77.29489790715277,29.518992140889168,48.68758054077625,1.5314226485788822,16950.274852752686,0.0,24.0,0.0,2.0,0.050000000000000044,1.3954222090542316,1.382737709209323,0.04228169226553291,1.15
md_cbad_dqn,818,299,84.36601243913174,77.66274324014785,29.98889396339655,54.377118200063705,1.5170441837981343,16815.344959259033,0.0,25.0,0.0,0.0,0.050000000000000044,1.4388501774519682,1.425817083567381,0.04344364418648183,1.15
md_cbad_dqn,818,300,76.18869148641825,77.39522002615035,29.009528897702694,47.17916240990162,1.4879644885659218,16711.009885787964,0.0,22.0,0.0,3.0,0.050000000000000044,1.5816581472754478,1.5695417486131191,0.04038803221192211,1.15
md_cbad_dqn,818,301,90.50257085561752,78.32009100861848,29.12756486982107,61.375006082654,1.5256587686017156,16981.177280426025,0.0,28.0,0.0,4.0,0.050000000000000044,1.2637309283018112,1.2513310741633177,0.04133291752077639,1.15
md_cbad_dqn,818,302,84.6490321546793,79.06397199176253,28.575406074523926,56.073626124858855,1.4932857770472765,16364.488319396973,0.0,27.0,0.0,1.0,0.050000000000000044,1.2290644459426403,1.2164527829736471,0.04203890380449593,1.15
md_cbad_dqn,818,303,78.44102263450623,78.64028300963344,29.892983682453632,48.548039093613625,1.5164601597934961,17024.505867004395,0.0,23.0,0.0,0.0,0.050000000000000044,1.1065047960728407,1.0944683272391558,0.040121521800756454,1.15
md_cbad_dqn,818,304,75.07229498177767,78.73340457364917,26.611425444483757,48.460869097709654,1.47122666798532,15221.334411621094,0.0,23.0,0.0,1.0,0.050000000000000044,1.2396327406167984,1.227794710546732,0.03946008114144206,1.15
md_cbad_dqn,818,305,86.32735865712166,79.75442036531868,30.48022374510765,55.847135135531424,1.540738702751696,17191.042377471924,0.0,26.0,0.0,2.0,0.050000000000000044,1.2764893230050802,1.265998987480998,0.03496777859982103,1.15
md_cbad_dqn,818,306,81.90644139945508,79.56775188513102,28.06168719381094,53.84475410878658,1.5063960766419768,16161.37113571167,0.0,25.0,0.0,1.0,0.050000000000000044,1.3431218303740025,1.3310470078140497,0.04024943558033556,1.15
md_cbad_dqn,818,307,59.69545751065016,78.6162548391521,24.049377731978893,35.64607959985733,1.3704443760216236,13615.014190673828,0.0,18.0,0.0,0.0,0.050000000000000044,1.2833156548440456,1.2714010924100876,0.03971520496997982,1.15
md_cbad_dqn,818,308,89.70153581500054,79.72043710745872,30.435943007469177,59.26559303104877,1.5206378055736423,17385.32025527954,0.0,26.0,0.0,1.0,0.050000000000000044,1.7653360180556774,1.7517965845763683,0.045131446328014135,1.15
md_cbad_dqn,818,309,67.15563024580479,78.89227042101325,26.534457087516785,40.62117312848568,1.4284184761345387,14754.519081115723,0.0,21.0,0.0,1.0,0.050000000000000044,1.4557285867631435,1.4428750313818455,0.042845174204558134,1.15
md_cbad_dqn,818,310,82.1121746391058,79.19179061785341,28.842412620782852,53.26976119875908,1.454328553751111,15941.324253082275,0.0,26.0,0.0,3.0,0.050000000000000044,1.4818396922200918,1.4711054507642984,0.03578079165890813,1.15
md_cbad_dqn,818,311,75.91895296871662,79.92330439165235,27.93102329969406,47.98792937099934,1.4981352919712663,16368.94612121582,0.0,22.0,0.0,5.0,0.050000000000000044,1.307825868949294,1.2954651657491922,0.04120233573485166,1.15
md_cbad_dqn,818,312,84.15981599837542,79.98483081869782,29.97304228693247,54.18677363693714,1.514354007318616,17091.85084915161,0.0,24.0,0.0,3.0,0.050000000000000044,1.2497518695890903,1.237797413021326,0.03984821238555014,1.15
md_cbad_dqn,818,313,70.76441561579705,80.0767187524587,25.33540727198124,45.42900844812393,1.3997510336339474,14663.89081954956,0.0,20.0,0.0,1.0,0.050000000000000044,1.4493521861732006,1.4369760118424892,0.04125392180867493,1.15
md_cbad_dqn,818,314,88.86315369158983,80.16540442422033,29.200601667165756,59.66255159974098,1.5159526728093624,16845.749481201172,0.0,28.0,0.0,2.0,0.050000000000000044,1.383532851934433,1.3727859370410442,0.03582307370379567,1.15
md_cbad_dqn,818,315,87.28609063625336,80.64170612066985,31.692676067352295,55.59341459870338,1.5732763512060046,18379.834114074707,0.0,27.0,0.0,2.0,0.050000000000000044,1.3905398678034544,1.3777112551033497,0.04276201711036265,1.15
md_cbad_dqn,818,316,91.48002195358276,81.65804963968695,29.604665890336037,61.875356674194336,1.510591129772365,16567.11809539795,0.0,28.0,0.0,0.0,0.050000000000000044,1.4234170876443386,1.41217977181077,0.037457717466168106,1.15
md_cbad_dqn,818,317,84.45585571974516,80.86265509530902,28.64557459950447,55.810280442237854,1.4786819741129875,16340.156553268433,0.0,26.0,0.0,1.0,0.050000000000000044,1.1682656072080135,1.1564665026962757,0.03933035023510456,1.15
md_cbad_dqn,818,318,70.17403111159801,80.46102802574634,27.90132963657379,42.27270096838474,1.4707863237708807,16103.251705169678,0.0,21.0,0.0,2.0,0.050000000000000044,1.2660572621971369,1.2546274047344923,0.038099474622868,1.15
md_cbad_dqn,818,319,69.44315494894981,79.71488515123725,25.253416933119297,44.18973817229271,1.4218160305172205,14673.748054504395,0.0,24.0,0.0,2.0,0.050000000000000044,1.4584104157984257,1.4458413626998663,0.04189686581958085,1.15
md_cbad_dqn,818,320,88.41819856464863,80.32636050514877,30.725567385554314,57.692631074786185,1.5576399713754654,17609.57766342163,0.0,27.0,0.0,1.0,0.050000000000000044,1.4459348432719707,1.4340081941336393,0.03975554567296058,1.15
md_cbad_dqn,818,321,94.58849898725748,80.53065691173076,32.11040110141039,62.47809740900993,1.5796661041676998,18551.869621276855,0.0,28.0,0.0,0.0,0.050000000000000044,1.439749326556921,1.426963021978736,0.04262094711884856,1.15
md_cbad_dqn,818,322,79.29188574254513,80.26279959112406,30.113189160823822,49.17869665622711,1.501696839928627,17117.577033996582,0.0,24.0,0.0,2.0,0.050000000000000044,1.3717480394989252,1.3600059933960438,0.03914018487557769,1.15
md_cbad_dqn,818,323,65.87524314969778,79.63451061688365,26.003730691969395,39.87151238322258,1.4167439118027687,15094.70552444458,0.0,19.0,0.0,0.0,0.050000000000000044,1.6299741137772799,1.6170411929488182,0.04310976294800639,1.15
md_cbad_dqn,818,324,80.19298493862152,79.89054511472582,27.51944936066866,52.673535630106926,1.4951971909031272,15908.859615325928,0.0,25.0,0.0,2.0,0.050000000000000044,1.2428388558328152,1.230088921263814,0.0424997650552541,1.15
md_cbad_dqn,818,325,75.14942169189453,79.33164826646448,28.12582591921091,47.023595571517944,1.4541015904396772,15794.213005065918,0.0,23.0,0.0,1.0,0.050000000000000044,1.3966592103242874,1.3857390005141497,0.03640071512199938,1.15
md_cbad_dqn,818,326,75.16840224266052,78.99474630862474,27.309121422469616,47.859280708432195,1.4576926790177822,15430.99602508545,0.0,22.0,0.0,3.0,0.050000000000000044,1.0505935847759247,1.039834251627326,0.035864445264451206,1.15
md_cbad_dqn,818,327,75.25333375483751,79.77264012083411,28.026529476046562,47.22680436074734,1.4633065313100815,15631.464359283447,0.0,22.0,0.0,0.0,0.050000000000000044,1.6095257122069597,1.598700612783432,0.036083612125366926,1.15
md_cbad_dqn,818,328,91.53970728814602,79.86454869449139,31.948910295963287,59.59079670906067,1.5276544569060206,17613.96043395996,0.0,27.0,0.0,1.0,0.050000000000000044,1.4614397082477808,1.4483574740588665,0.04360742843709886,1.15
md_cbad_dqn,818,329,86.48314695954323,80.83092453017831,30.57257053256035,55.91057653129101,1.5606997599825263,17409.716552734375,0.0,25.0,0.0,2.0,0.050000000000000044,1.6458079516887665,1.6346294060349464,0.03726183669641614,1.15
md_cbad_dqn,818,330,87.03140943795442,81.07688627012075,30.417264617979527,56.61414483487606,1.562236025929451,17699.535722732544,0.0,26.0,0.0,3.0,0.050000000000000044,1.466466549783945,1.4538996871560812,0.041889558895491064,1.15
md_cbad_dqn,818,331,102.516535744071,82.40676540888846,32.9404184371233,69.57611684501171,1.612327329814434,18614.50637435913,0.0,31.0,0.0,1.0,0.050000000000000044,1.4501475747674704,1.437902545556426,0.040816752472892404,1.15
md_cbad_dqn,818,332,83.01321345567703,82.34943528175356,30.034858413040638,52.9783551543951,1.5292602190747857,17089.706005096436,0.0,25.0,0.0,0.0,0.050000000000000044,1.4441202767193317,1.4319067187607288,0.040711866109631956,1.15
md_cbad_dqn,818,333,79.84378176182508,82.80340358905495,29.29978883266449,50.54399232566357,1.5154286036267877,16975.357097625732,0.0,23.0,0.0,0.0,0.050000000000000044,1.4936721753329039,1.4825509525835514,0.03707075538113713,1.15
md_cbad_dqn,818,334,76.7533353805542,82.19791267350317,27.414511077106,49.33882516026497,1.4442506851628423,15420.195579528809,0.0,24.0,0.0,2.0,0.050000000000000044,1.341081690043211,1.3289574105292559,0.040414282120764256,1.15
md_cbad_dqn,818,335,73.11839411407709,81.48952784739436,27.10793498158455,46.01045981049538,1.419511230662465,14886.52688217163,0.0,22.0,0.0,1.0,0.050000000000000044,1.3458738699555397,1.3340059407055378,0.039559705182909966,1.15
md_cbad_dqn,818,336,78.17542387694121,80.82429794356229,28.906442441046238,49.26898137629032,1.5135658709332347,16708.030197143555,0.0,24.0,0.0,2.0,0.050000000000000044,1.5590975284576416,1.5464993752539158,0.041993858059868217,1.15
md_cbad_dqn,818,337,79.52293857336045,80.57765208624305,28.15062613785267,51.37231203317642,1.4786811470985413,15910.894260406494,0.0,25.0,0.0,2.0,0.050000000000000044,1.42827950976789,1.4175594933331013,0.03573341481387615,1.15
md_cbad_dqn,818,338,104.53019052743912,82.2954600570351,31.066473856568336,73.46371658146381,1.5619855225086212,17447.40933227539,0.0,32.0,0.0,0.0,0.050000000000000044,1.3045686110854149,1.29279556684196,0.03924346552230418,1.15
md_cbad_dqn,818,339,93.42537266910077,83.49457094304265,33.62777475267649,59.7975975215435,1.6115879071876407,19258.752128601074,0.0,26.0,0.0,1.0,0.050000000000000044,1.7608633786439896,1.7490582801401615,0.03935036435723305,1.15
md_cbad_dqn,818,340,64.64362695068121,82.30584236234426,25.426765002310276,39.21686194837093,1.3945199362933636,14373.581661224365,0.0,21.0,0.0,0.0,0.050000000000000044,1.5131629277020693,1.5011705495417118,0.039974563056603074,1.15
md_cbad_dqn,818,341,75.76488400250673,81.36466161310673,26.463092505931854,49.30179166793823,1.4340232275426388,15190.12564086914,0.0,23.0,0.0,0.0,0.050000000000000044,1.5254154819995165,1.511231243610382,0.047280754311941564,1.15
md_cbad_dqn,818,342,75.16411971449853,81.1582733117044,27.654323019087315,47.509796702861784,1.43411276768893,15280.68888092041,0.0,23.0,0.0,1.0,0.050000000000000044,1.3330404497683048,1.3204611334949732,0.04193107632454485,1.15
md_cbad_dqn,818,343,86.7132900133729,82.20017565488817,31.066548213362694,55.64674162864685,1.5372045477852225,17376.95958328247,0.0,25.0,0.0,1.0,0.050000000000000044,1.536564152687788,1.5231084488332272,0.04485232545994222,1.15
md_cbad_dqn,818,344,88.97619507610798,82.63933616176249,33.09580706059933,55.88038828372955,1.5858372189104557,18794.617290496826,0.0,27.0,0.0,1.0,0.050000000000000044,1.330131208524108,1.3175747618079185,0.041854816721752286,1.15
md_cbad_dqn,818,345,71.2691532611847,82.445322740227,27.826959207654,43.442193964123724,1.4753556828945875,16080.618162155151,0.0,22.0,0.0,1.0,0.050000000000000044,1.4147981777787209,1.4014072455465794,0.044636443024501204,1.15
md_cbad_dqn,818,346,72.36183878779411,82.30499456748367,27.73043417930603,44.63140457868576,1.480308628641069,15906.474170684814,0.0,22.0,0.0,0.0,0.050000000000000044,1.4135871212929487,1.401920858770609,0.03888754884246737,1.15
md_cbad_dqn,818,347,74.56867990791798,82.27076187513771,28.131240785121918,46.437438958883284,1.4744796492159367,15951.198444366455,0.0,22.0,0.0,2.0,0.050000000000000044,1.4116953872144222,1.4009823575615883,0.0357100919354707,1.15
md_cbad_dqn,818,348,61.97589432448149,80.79257122695446,24.033167980611324,37.94272631406784,1.3848236110061407,14189.74899673462,0.0,19.0,0.0,0.0,0.050000000000000044,1.3471320886164904,1.3351171612739563,0.04004972625989467,1.15
md_cbad_dqn,818,349,76.95695672184229,80.31626171506943,29.04802980273962,47.90892696380615,1.527031240053475,16817.16088104248,0.0,22.0,0.0,1.0,0.050000000000000044,1.646460473537445,1.635876715183258,0.03527920402120799,1.15
md_cbad_dqn,818,350,66.53124855458736,79.29125367090107,24.77682476118207,41.75442376732826,1.3971942709758878,14210.352935791016,0.0,21.0,0.0,1.0,0.050000000000000044,1.3012926410883665,1.2910337019711733,0.03419640695210546,1.15
md_cbad_dqn,818,351,79.13761301338673,78.12230753436685,27.66715719550848,51.470455437898636,1.496217300184071,16103.34476852417,0.0,25.0,0.0,1.0,0.050000000000000044,1.2470590211451054,1.2353975754231215,0.03887146641500294,1.15
md_cbad_dqn,818,352,85.37379959523678,78.24033684134483,29.194282300770283,56.17951724231243,1.5169400917366147,16724.581495285034,0.0,26.0,0.0,2.0,0.050000000000000044,1.5471733156591654,1.5355709549039602,0.03867454000283033,1.15
md_cbad_dqn,818,353,75.21315512210131,78.00880550935865,28.53913962095976,46.67401518821716,1.4689960954710841,15796.695457458496,0.0,22.0,0.0,1.0,0.050000000000000044,1.6440053172409534,1.631723154336214,0.04094054608140141,1.15
md_cbad_dqn,818,354,89.90109209865332,78.66619334526362,31.438094548881054,58.46299787759781,1.5673433113843203,17804.77619934082,0.0,26.0,0.0,3.0,0.050000000000000044,1.7373280674219131,1.7259066626429558,0.038071257062256336,1.15
md_cbad_dqn,818,355,83.8846805036068,79.2045076647401,29.568592473864555,54.316087836027144,1.551230208016932,17433.921058654785,0.0,24.0,0.0,3.0,0.050000000000000044,1.3703498374670744,1.3583917617797852,0.039860306307673454,1.15
md_cbad_dqn,818,356,79.85896220207215,79.28868458099664,28.343099147081375,51.51586295068264,1.48352019675076,15927.32122039795,0.0,24.0,0.0,1.0,0.050000000000000044,1.3894568495452404,1.377164725214243,0.040973759605549276,1.15
md_cbad_dqn,818,357,51.2761066108942,77.87634298287333,22.180010594427586,29.096095830202103,1.3709278013557196,13180.19794845581,0.0,18.0,0.0,1.0,0.050000000000000044,1.3820945136249065,1.3708085212856531,0.03761996666435152,1.15
md_cbad_dqn,818,358,87.97695069909096,77.04868099145594,30.023797944188118,57.95315217375755,1.5316751534119248,17213.241884231567,0.0,28.0,0.0,4.0,0.050000000000000044,1.6854527182877064,1.6719487011432648,0.045013421680778265,1.15
md_cbad_dqn,818,359,76.72612975537777,76.21371884576976,29.589932158589363,47.136197313666344,1.4841532371938229,16747.686729431152,0.0,23.0,0.0,0.0,0.050000000000000044,1.8065657150000334,1.795574612915516,0.036637058248743415,1.15
md_cbad_dqn,818,360,68.1950273230672,76.39128886438907,26.024217374622822,42.17080991864204,1.4234711909666657,14596.645347595215,0.0,21.0,0.0,2.0,0.050000000000000044,1.3800048269331455,1.3666771315038204,0.0444256579503417,1.15
md_cbad_dqn,818,361,79.8707918971777,76.59658425912262,28.633391857147217,51.237400233745575,1.5109378937631845,16585.490726470947,0.0,23.0,0.0,2.0,0.050000000000000044,1.5715197622776031,1.55879938416183,0.04240134567953646,1.15
md_cbad_dqn,818,362,68.55284309536219,76.2660204281658,24.50637499243021,44.046467730402945,1.4017792865633965,14412.705642700195,0.0,21.0,0.0,1.0,0.050000000000000044,1.3342833034694195,1.3223812524229288,0.03967351221945137,1.15
md_cbad_dqn,818,363,61.568409378826615,75.00877639643849,24.08786242455244,37.48054640293121,1.374324919655919,13894.852928161621,0.0,19.0,0.0,2.0,0.050000000000000044,1.3337934166193008,1.3221347574144602,0.038862168905325234,1.15
md_cbad_dqn,818,364,66.16774450987577,73.86835386812687,27.627691574394703,38.54005308449268,1.4857817767187953,15977.445049285889,0.0,20.0,0.0,1.0,0.050000000000000044,1.4880225993692875,1.4753035306930542,0.04239684634376317,1.15
md_cbad_dqn,818,365,82.41161705851555,74.4254770579934,28.42418023198843,53.98743716180324,1.5084475530311465,16487.633850097656,0.0,24.0,0.0,3.0,0.050000000000000044,1.4278213735669851,1.416814785450697,0.03668857866432518,1.15
md_cbad_dqn,818,366,80.24599358737468,74.81968479797243,29.59673808515072,50.649255725741384,1.509848965331912,17158.58332824707,0.0,22.0,0.0,2.0,0.050000000000000044,1.4772523157298565,1.467178851366043,0.03357824368868023,1.15
md_cbad_dqn,818,367,86.07259283214808,75.39488044418394,29.98225101083517,56.09034153819084,1.5265061669051647,17467.89557647705,0.0,25.0,0.0,1.0,0.050000000000000044,1.370927944779396,1.358707470819354,0.04073493951000273,1.15
md_cbad_dqn,818,368,85.91264885812998,76.59171817086637,29.479324117302895,56.43332449495792,1.4975711414590478,16815.912181854248,0.0,26.0,0.0,2.0,0.050000000000000044,1.6833460368216038,1.6730396505445242,0.034354653558693826,1.15
md_cbad_dqn,818,369,92.06018669903278,77.3468796697259,31.725140161812305,60.3350463360548,1.5693631609901786,18136.441829681396,0.0,26.0,0.0,1.0,0.050000000000000044,1.2136570364236832,1.2029416523873806,0.03571794542949647,1.15
md_cbad_dqn,818,370,82.70147803723812,78.15539114385844,30.44408667087555,52.257391321659085,1.5141229322180152,16999.466552734375,0.0,24.0,0.0,3.0,0.050000000000000044,1.6884343195706606,1.6762917414307594,0.040475279092788696,1.15
md_cbad_dqn,818,371,77.97061042636633,78.09704101450743,26.914315335452557,51.05629535913467,1.4789138361811638,15689.880588531494,0.0,24.0,0.0,2.0,0.050000000000000044,1.573762821033597,1.5616870261728764,0.040252661565318704,1.15
md_cbad_dqn,818,372,81.66018536686897,77.91136030308903,29.164631590247154,52.495553478598595,1.5291025266051292,17193.37917327881,0.0,23.0,0.0,2.0,0.050000000000000044,1.2691875994205475,1.2589822802692652,0.03401771595235914,1.15
md_cbad_dqn,818,373,87.25299651920795,78.51335237294435,31.14643143117428,56.10656487941742,1.5721133286133409,18061.5305519104,0.0,27.0,0.0,0.0,0.050000000000000044,1.665995053946972,1.6539592556655407,0.04011931817512959,1.15
md_cbad_dqn,818,374,77.81194320321083,77.90889492817223,27.659060031175613,50.152883633971214,1.4883058462291956,15919.21384048462,0.0,23.0,0.0,0.0,0.050000000000000044,1.503663083538413,1.4934630934149027,0.03399997018277645,1.15
md_cbad_dqn,818,375,69.80261119604111,77.20479146279396,27.774987190961838,42.02762394547462,1.4359561912715435,15981.147716522217,0.0,19.0,0.0,1.0,0.050000000000000044,1.4170407485216856,1.4051219914108515,0.039729225100018084,1.15
md_cbad_dqn,818,376,56.62686448544264,76.04318657696247,25.369246937334538,31.257617592811584,1.3875142326578498,14457.820705413818,0.0,19.0,0.0,0.0,0.050000000000000044,1.5447053853422403,1.5337245278060436,0.03660285542719066,1.15
md_cbad_dqn,818,377,71.54660523831845,77.05671150833369,27.655479222536087,43.89112641811371,1.474645766429603,15947.19257736206,0.0,22.0,0.0,1.0,0.050000000000000044,1.5889611579477787,1.5770908035337925,0.0395677643828094,1.15
md_cbad_dqn,818,378,73.83913826942444,76.34982088685037,27.83579620718956,46.003342255949974,1.466662340797484,16125.93374633789,0.0,24.0,0.0,1.0,0.050000000000000044,1.7589544206857681,1.7445644456893206,0.047966597601771355,1.15
md_cbad_dqn,818,379,84.08040451407433,76.7175346247852,31.110932305455208,52.969472327828406,1.5424607852473855,17534.057899475098,0.0,24.0,0.0,1.0,0.050000000000000044,1.4868996907025576,1.4739518947899342,0.04315930500160903,1.15
md_cbad_dqn,818,380,88.56879578828811,77.73622304804624,28.589373111724854,59.97942294478416,1.5045539233833551,16545.901361465454,0.0,26.0,0.0,3.0,0.050000000000000044,1.2645362224429846,1.2534293290227652,0.0370229771360755,1.15
md_cbad_dqn,818,381,79.43168633580208,77.71426776997745,27.297433361411095,52.134253764152525,1.4772935947403312,16001.482402801514,0.0,24.0,0.0,1.0,0.050000000000000044,1.4905474185943604,1.4781758859753609,0.04123841878026724,1.15
md_cbad_dqn,818,382,81.52606221437455,78.36292872592807,28.843214064836502,52.682847970724104,1.5031481878831983,16548.26021194458,0.0,23.0,0.0,2.0,0.050000000000000044,1.508398411795497,1.4963383227586746,0.04020032286643982,1.15
md_cbad_dqn,818,383,82.5202347278595,79.41051999337972,27.04317758232355,55.47705722749233,1.4390207985416055,15328.637016296387,0.0,26.0,0.0,1.0,0.050000000000000044,1.8597767297178507,1.8475871663540602,0.0406318997265771,1.15
md_cbad_dqn,818,384,80.20080971866847,80.11217325381938,28.172609746456146,52.028200009465216,1.490891134366393,16221.170320510864,0.0,25.0,0.0,5.0,0.050000000000000044,1.7827734351158142,1.7717303074896336,0.036810353747569025,1.15
md_cbad_dqn,818,385,63.88480878025293,79.18583283990624,24.454978592693806,39.429830157756804,1.3935562781989574,14213.278650283813,0.0,20.0,0.0,1.0,0.050000000000000044,1.9277549646794796,1.9161760248243809,0.03859640960581601,1.15
md_cbad_dqn,818,386,69.12481866180897,78.62977409362796,26.38327817618847,42.74154041111469,1.4234171696007252,15231.500900268555,0.0,22.0,0.0,2.0,0.050000000000000044,1.6980940196663141,1.6871560718864202,0.03645978041458875,1.15
md_cbad_dqn,818,387,65.94630137085915,77.6234595205635,25.738185226917267,40.20811599493027,1.4218411967158318,14775.93983078003,0.0,20.0,0.0,1.0,0.050000000000000044,1.4295898731797934,1.4172108843922615,0.04126324236858636,1.15
md_cbad_dqn,818,388,77.81744428277015,77.2186992917955,28.595393411815166,49.22205080389976,1.4786158669739962,16045.419040679932,0.0,22.0,0.0,2.0,0.050000000000000044,1.6211899518966675,1.6115834545344114,0.03202161786612123,1.15
md_cbad_dqn,818,389,63.37206682115793,75.78429329790177,24.97885874658823,38.39320797026157,1.389431550167501,13888.72956085205,0.0,20.0,0.0,2.0,0.050000000000000044,1.8490436635911465,1.8358047679066658,0.04412965499795973,1.15
md_cbad_dqn,818,390,81.24383464753627,75.71141112841666,27.227804213762283,54.01603095531463,1.4548872290179133,15363.153789520264,0.0,27.0,0.0,3.0,0.050000000000000044,1.8151779025793076,1.8043017983436584,0.03625367791391909,1.15
md_cbad_dqn,818,391,74.13019499182701,75.51939035668968,26.782146275043488,47.34804892539978,1.4318879749625921,15335.615322113037,0.0,23.0,0.0,1.0,0.050000000000000044,1.34677573479712,1.336933547630906,0.0328072807751596,1.15
md_cbad_dqn,818,392,69.46411988288165,74.90958708249033,26.231770999729633,43.2323490768671,1.4190280167385936,14665.364906311035,0.0,21.0,0.0,1.0,0.050000000000000044,1.4842459373176098,1.4734732545912266,0.03590892383363098,1.15
md_cbad_dqn,818,393,88.92356417328119,74.993115465194,30.169908292591572,58.75365599989891,1.5285305278375745,17543.647052764893,0.0,28.0,0.0,1.0,0.050000000000000044,1.6451009064912796,1.633139155805111,0.039872445282526314,1.15
md_cbad_dqn,818,394,67.62467052042484,74.4837518310547,28.07855175435543,39.546118319034576,1.4489353764802217,15933.60850906372,0.0,21.0,0.0,0.0,0.050000000000000044,1.431564448401332,1.4206485711038113,0.03638626274187118,1.15
md_cbad_dqn,818,395,79.59297096133233,74.97326981931926,27.83565030246973,51.757320725917815,1.5014711562544107,16423.75524711609,0.0,24.0,0.0,1.0,0.050000000000000044,1.7096680030226707,1.6975047662854195,0.04054421198088676,1.15
md_cbad_dqn,818,396,96.82093570381403,76.98297338023784,33.481967493891716,63.33896863460541,1.6125440234318376,19289.18091583252,0.0,28.0,0.0,0.0,0.050000000000000044,1.4729621950536966,1.4619662184268236,0.036653232644312084,1.15
md_cbad_dqn,818,397,86.77176195383072,77.74423121601345,28.88500065356493,57.88676092028618,1.4976625489071012,16471.568244934082,0.0,27.0,0.0,0.0,0.050000000000000044,1.614272117614746,1.6035326831042767,0.03579807933419943,1.15
md_cbad_dqn,818,398,70.16150350123644,77.56034947760403,27.49791794270277,42.66358557343483,1.4554174095392227,15675.30976486206,0.0,22.0,0.0,2.0,0.050000000000000044,1.734446994960308,1.7228076234459877,0.03879791684448719,1.15
md_cbad_dqn,818,399,86.99915289878845,77.70628689683974,30.57782454788685,56.421328485012054,1.5682680336758494,17936.761909484863,0.0,26.0,0.0,0.0,0.050000000000000044,1.458001485094428,1.4470169432461262,0.03661508858203888,1.15
md_cbad_dqn,818,400,89.14978486299515,77.73533635057508,30.37685813754797,58.77292646467686,1.5083789955824614,17170.992958068848,0.0,27.0,0.0,1.0,0.050000000000000044,1.9562278129160404,1.9450786486268044,0.037163898698054254,1.15
md_cbad_dqn,818,401,85.80492590367794,78.0539983289689,28.32690253853798,57.47802357375622,1.502474726177752,16412.508626937866,0.0,27.0,0.0,0.0,0.050000000000000044,1.551681401208043,1.5405666287988424,0.03704919584561139,1.15
md_cbad_dqn,818,402,74.49507404863834,77.70244892068209,27.959661915898323,46.53541257977486,1.4913661452010274,16199.528762817383,0.0,22.0,0.0,1.0,0.050000000000000044,1.7344537675380707,1.7227211203426123,0.03910878417082131,1.15
md_cbad_dqn,818,403,84.4011367186904,77.79649402022362,30.76667845249176,53.63445818424225,1.5368046695366502,17471.1630859375,0.0,24.0,0.0,0.0,0.050000000000000044,1.7150261588394642,1.7038985770195723,0.03709192213136703,1.15
md_cbad_dqn,818,404,83.86032922714949,77.97946999564768,29.811914280056953,54.04841476082802,1.5051610423251987,16696.057037353516,0.0,24.0,0.0,2.0,0.050000000000000044,1.6169782038778067,1.6049443669617176,0.04011273570358753,1.15
md_cbad_dqn,818,405,87.96284364312888,79.18337173879148,30.56736708432436,57.395476484298705,1.546227989718318,17522.766763687134,0.0,26.0,0.0,3.0,0.050000000000000044,1.7395431231707335,1.7278079558163881,0.03911724511999637,1.15
md_cbad_dqn,818,406,82.3742634817958,79.84584397979083,27.874430805444717,54.49983268380165,1.4828998055309057,16341.590473175049,0.0,26.0,0.0,1.0,0.050000000000000044,1.8415962103754282,1.830135751515627,0.038201562711037695,1.15
md_cbad_dqn,818,407,90.42255700528622,81.06965676151218,31.968272894620895,58.45428427457809,1.5745971323922276,18142.617904663086,0.0,26.0,0.0,1.0,0.050000000000000044,1.6061300802975893,1.5956708285957575,0.03486422169953585,1.15
md_cbad_dqn,818,408,94.81869717091323,81.91971940591932,33.37816069275141,61.44053694009781,1.6184809878468513,19052.01943588257,0.0,27.0,0.0,2.0,0.050000000000000044,1.6128973346203566,1.5989702083170414,0.04642374347895384,1.15
md_cbad_dqn,818,409,75.22482140660286,82.51235713519158,27.05893588811159,48.16588561534881,1.4600290823727846,15575.725179672241,0.0,22.0,0.0,4.0,0.050000000000000044,2.0456387102603912,2.0333537869155407,0.04094973241444677,1.15
md_cbad_dqn,818,410,87.14955750107765,82.80764327786864,28.654162786900997,58.495394602417946,1.514221060089767,16524.95676422119,0.0,28.0,0.0,1.0,0.050000000000000044,1.496703665703535,1.485861349850893,0.0361410821788013,1.15
md_cbad_dqn,818,411,83.85143753886223,83.2937054052204,31.283747032284737,52.5676908493042,1.5312760779634118,17797.902729034424,0.0,24.0,0.0,2.0,0.050000000000000044,1.2827093340456486,1.271239709109068,0.038232079707086086,1.15
md_cbad_dqn,818,412,72.23549536019564,83.4322741790861,25.628685526549816,46.60680944621563,1.4115585703402758,15064.503574371338,0.0,22.0,0.0,1.0,0.050000000000000044,1.7211383283138275,1.709809672087431,0.037762172520160675,1.15
md_cbad_dqn,818,413,70.69004020988942,82.5205979809165,27.019169881939888,43.67087044715881,1.4716872852295637,15616.332889556885,0.0,21.0,0.0,1.0,0.050000000000000044,1.8402205500751734,1.8289595060050488,0.03753683308605105,1.15
md_cbad_dqn,818,414,81.52832553237677,83.21578073151412,29.04798911511898,52.48033597022295,1.500225548632443,16470.253414154053,0.0,23.0,0.0,3.0,0.050000000000000044,1.769331306219101,1.7588457651436329,0.03495176788419485,1.15
md_cbad_dqn,818,415,86.2533229291439,83.5487983299047,30.316459700465202,55.93686297535896,1.5225118920207024,17384.002410888672,0.0,27.0,0.0,0.0,0.050000000000000044,1.5591998845338821,1.5488067790865898,0.0346436524996534,1.15
md_cbad_dqn,818,416,81.94491750001907,82.80499741971494,27.676821872591972,54.268095314502716,1.4550948441028595,15854.624956130981,0.0,24.0,0.0,0.0,0.050000000000000044,1.3184648007154465,1.3066399060189724,0.039416332612745464,1.15
md_cbad_dqn,818,417,64.72079704254865,81.70244917415081,25.93701233714819,38.78378440737724,1.4328018799424171,14939.82152557373,0.0,20.0,0.0,3.0,0.050000000000000044,1.4392883833497763,1.4289928246289492,0.03431852231733501,1.15
md_cbad_dqn,818,418,72.0455896422267,81.79665348120035,28.092079661786556,43.95351041257381,1.4603181704878807,16291.200607299805,0.0,20.0,0.0,1.0,0.050000000000000044,2.0059056375175714,1.9948488231748343,0.03685606981161982,1.15
md_cbad_dqn,818,419,58.17913431227207,80.35565255187453,24.679861441254616,33.49927284121513,1.3829369116574526,14091.912628173828,0.0,17.0,0.0,2.0,0.050000000000000044,1.532369052991271,1.5219372138381004,0.03477288188878447,1.15
md_cbad_dqn,818,420,88.95311268419027,80.34581894293429,29.27984879165888,59.67326436936855,1.5529981926083565,16908.968704223633,0.0,27.0,0.0,1.0,0.050000000000000044,1.2106820363551378,1.2001121770590544,0.035232875612564385,1.15
md_cbad_dqn,818,421,85.04834516346455,80.3079899059236,30.579543337225914,54.46880181133747,1.5355811519548297,17255.889806747437,0.0,26.0,0.0,1.0,0.050000000000000044,1.3677123300731182,1.3556566033512354,0.04018574894871563,1.15
md_cbad_dqn,818,422,76.8425163552165,80.42536202125251,28.888596065342426,47.95392006635666,1.4988421304151416,16139.600425720215,0.0,23.0,0.0,2.0,0.050000000000000044,2.1230239309370518,2.1116449628025293,0.03792981570586562,1.15
md_cbad_dqn,818,423,92.86121856421232,80.84836611352861,31.514519460499287,61.3466991186142,1.571329489350319,18215.123346328735,0.0,28.0,0.0,0.0,0.050000000000000044,1.715326625853777,1.705136964097619,0.033965592621825635,1.15
md_cbad_dqn,818,424,80.66940435916186,80.68881987012924,27.936620257794857,52.732783862948416,1.4693020517006516,15915.381362915039,0.0,25.0,0.0,3.0,0.050000000000000044,1.4995607323944569,1.4892724137753248,0.03429442492779344,1.15
md_cbad_dqn,818,425,93.80498857796192,80.98092711687089,31.052354142069817,62.75263452529907,1.5644991165027022,17706.14817428589,0.0,29.0,0.0,2.0,0.050000000000000044,1.5057532861828804,1.4958906695246696,0.0328753599897027,1.15
md_cbad_dqn,818,426,93.79493950307369,81.55196091793478,31.15132673084736,62.64361295104027,1.5792050827294588,17830.435089111328,0.0,29.0,0.0,0.0,0.050000000000000044,1.6188911721110344,1.6074746362864971,0.038055082550272346,1.15
md_cbad_dqn,818,427,98.03691892772913,81.93267901405693,33.17070232331753,64.8662166044116,1.5973606770858169,18658.07899093628,0.0,29.0,0.0,3.0,0.050000000000000044,1.7744543887674809,1.7642364203929901,0.03405983292032033,1.15
md_cbad_dqn,818,428,77.8952667593956,81.08650749348104,27.646032579243183,50.24923436641693,1.4748347643762827,15814.654190063477,0.0,24.0,0.0,2.0,0.050000000000000044,1.788845717906952,1.7767320796847343,0.04037884820718318,1.15
md_cbad_dqn,818,429,84.06735012680292,81.52863392949105,29.28548164665699,54.781868785619736,1.5110747627913952,16622.879695892334,0.0,25.0,0.0,0.0,0.050000000000000044,1.476036287844181,1.464238315820694,0.039326596655882895,1.15
md_cbad_dqn,818,430,76.30403864383698,80.98635798662902,26.73829210549593,49.56574684381485,1.4441155856475234,15514.662052154541,0.0,23.0,0.0,1.0,0.050000000000000044,1.6559723652899265,1.645118858665228,0.03617835196200758,1.15
md_cbad_dqn,818,431,85.87344574332238,81.08745839685201,28.681047543883324,57.1923986017704,1.50909083802253,16383.98115158081,0.0,26.0,0.0,1.0,0.050000000000000044,1.5900912322103977,1.5800761263817549,0.033383690170012414,1.15
md_cbad_dqn,818,432,90.92067977935076,82.02171761780978,30.098859697580338,60.82182034254074,1.5590372821316123,17507.571979522705,0.0,29.0,0.0,1.0,0.050000000000000044,1.3644380867481232,1.3545262161642313,0.03303957311436534,1.15
md_cbad_dqn,818,433,88.49672203063965,82.9120517088473,30.50023716688156,57.99648556411266,1.5751621471717954,17667.48705291748,0.0,26.0,0.0,2.0,0.050000000000000044,1.4909644145518541,1.4794078413397074,0.038521866663359106,1.15
md_cbad_dqn,818,434,84.3039216786623,83.05083151616158,32.461069241166115,51.84285222887993,1.5401682807132602,18390.959590911865,0.0,23.0,0.0,1.0,0.050000000000000044,1.9610326811671257,1.9491971135139465,0.0394517881795764,1.15
md_cbad_dqn,818,435,80.64712846279144,82.77052179284395,27.899658799171448,52.747469410300255,1.4815747262910008,15937.365730285645,0.0,26.0,0.0,0.0,0.050000000000000044,1.8189919795840979,1.8080758973956108,0.036386959720402956,1.15
md_cbad_dqn,818,436,73.67461843788624,82.3570068397373,27.970766820013523,45.70385190844536,1.441970524378121,15886.408073425293,0.0,21.0,0.0,1.0,0.050000000000000044,1.7190435528755188,1.7066515795886517,0.04130657343193889,1.15
md_cbad_dqn,818,437,76.13407504707575,82.92767073996366,28.417523451149464,47.71655117869377,1.458169941790402,15813.929302215576,0.0,23.0,0.0,1.0,0.050000000000000044,1.4532674215734005,1.4420110005885363,0.03752141888253391,1.15
md_cbad_dqn,818,438,85.05123032033444,83.57795277386904,28.481935523450375,56.56929484903812,1.4975909357890487,16347.82149887085,0.0,27.0,0.0,1.0,0.050000000000000044,1.4841965567320585,1.4722932651638985,0.039677557768300176,1.15
md_cbad_dqn,818,439,82.81299202889204,84.80964565970005,30.11726140230894,52.69573028385639,1.5251974342390895,17386.039478302002,0.0,24.0,0.0,1.0,0.050000000000000044,1.6302738413214684,1.6201319508254528,0.03380628046579659,1.15
md_cbad_dqn,818,440,83.26022031903267,84.52500104144217,29.501850441098213,53.75837016105652,1.5343575598672032,16902.597660064697,0.0,26.0,0.0,2.0,0.050000000000000044,1.5236832853406668,1.512496566399932,0.037289075437001884,1.15
md_cbad_dqn,818,441,103.4573350340128,85.44545053496958,35.116758562624454,68.34057682156563,1.640606313943863,19956.98403930664,0.0,29.0,0.0,1.0,0.050000000000000044,1.4227080903947353,1.4113789312541485,0.03776388068217784,1.15
md_cbad_dqn,818,442,82.2492882758379,85.71578913100065,30.818037882447243,51.431250244379044,1.524549967609346,17409.363554000854,0.0,23.0,0.0,0.0,0.050000000000000044,1.3822603709995747,1.3719980232417583,0.0342078662943095,1.15
md_cbad_dqn,818,443,86.57102251052856,85.40127932831646,30.353006832301617,56.218015268445015,1.5423478931188583,17408.31625366211,0.0,27.0,0.0,1.0,0.050000000000000044,1.561666900292039,1.5514147337526083,0.03417390724644065,1.15
md_cbad_dqn,818,444,67.4062884375453,84.73812353223563,28.0211228877306,39.38516490161419,1.438456085510552,15983.290466308594,0.0,21.0,0.0,0.0,0.050000000000000044,1.6817594394087791,1.6700413022190332,0.0390604353742674,1.15
md_cbad_dqn,818,445,75.60165395140648,83.82795680090786,28.635631531476974,46.966022464632985,1.4792689103633165,16514.288024902344,0.0,23.0,0.0,2.0,0.050000000000000044,1.2805720195174217,1.2698360364884138,0.03578658192418516,1.15
md_cbad_dqn,818,446,92.08420159816743,83.74241990566254,31.976089045405388,60.108112239837645,1.6030638357624412,18209.745155334473,0.0,28.0,0.0,2.0,0.050000000000000044,1.5793746747076511,1.5680597107857466,0.03771655587479472,1.15
md_cbad_dqn,818,447,72.2562718451023,82.4533875515312,27.88586686551571,44.370405381917955,1.4508276665583253,15894.23426437378,0.0,20.0,0.0,4.0,0.050000000000000044,1.405344782397151,1.3925127387046814,0.04277345130685717,1.15
md_cbad_dqn,818,448,80.05481017380953,82.5613647222519,28.57815493643284,51.47665531933308,1.5094295358285308,16627.7440032959,0.0,24.0,0.0,1.0,0.050000000000000044,1.4793795216828585,1.4684449434280396,0.036448637139983475,1.15
md_cbad_dqn,818,449,68.85705699026585,81.80085006542504,25.877620190382004,42.97943648695946,1.4220291646197438,14858.989978790283,0.0,21.0,0.0,1.0,0.050000000000000044,1.514379782602191,1.5046793185174465,0.032334835501387715,1.15
md_cbad_dqn,818,450,75.57587693035603,81.764441979751,27.618396386504173,47.95748026072979,1.4473497942090034,15496.35629272461,0.0,22.0,0.0,1.0,0.050000000000000044,1.2872282564640045,1.2766042649745941,0.035413303528912365,1.15
md_cbad_dqn,818,451,81.62597864270211,81.55206862471998,29.289050482213497,52.336927676200865,1.512519639916718,16799.419412612915,0.0,25.0,0.0,1.0,0.050000000000000044,1.1704101227223873,1.1589354649186134,0.03824887296650559,1.15
md_cbad_dqn,818,452,77.78154157996178,80.89511171475054,26.71486273407936,51.06667866706848,1.4251987496390939,15024.030994415283,0.0,26.0,0.0,2.0,0.050000000000000044,1.6643491685390472,1.653521141037345,0.03609346563462168,1.15
md_cbad_dqn,818,453,88.26893066167831,80.88372214630246,29.003709860146046,59.265221181511876,1.4949746327474713,16750.90711593628,0.0,27.0,0.0,4.0,0.050000000000000044,1.7204708140343428,1.7094933576881886,0.036591409938409925,1.15
md_cbad_dqn,818,454,66.60702081918717,79.99887710332872,26.187426134943962,40.419594594836234,1.4257671274244785,14843.602890014648,0.0,21.0,0.0,1.0,0.050000000000000044,1.386477930471301,1.3772418051958084,0.030787119176238775,1.15
md_cbad_dqn,818,455,78.89332048892975,79.91118670463563,27.335430696606636,51.55788989663124,1.4477317687124014,15117.876789093018,0.0,24.0,0.0,3.0,0.050000000000000044,1.4879739861935377,1.47718982771039,0.03594720480032265,1.15
md_cbad_dqn,818,456,80.0392432898283,80.22941794723273,29.221055507659912,50.81818758845329,1.5061407359316945,16964.89030265808,0.0,23.0,0.0,2.0,0.050000000000000044,1.7176450081169605,1.7065500877797604,0.03698305261787027,1.15
md_cbad_dqn,818,457,73.72283493727446,80.10885594174266,27.443096064031124,46.2797385007143,1.4696359895169735,16058.467741012573,0.0,23.0,0.0,0.0,0.050000000000000044,1.49168979562819,1.4791901521384716,0.041665402124635875,1.15
md_cbad_dqn,818,458,84.71987518072129,80.09228818476201,29.24829050153494,55.47158425450325,1.490520028397441,16605.66077041626,0.0,24.0,0.0,1.0,0.050000000000000044,1.7753020022064447,1.7628668770194054,0.041450390010140836,1.15
md_cbad_dqn,818,459,69.46886793673039,79.42508198015393,28.46712449938059,41.00174316167831,1.4392287014052272,15711.71106338501,0.0,21.0,0.0,1.0,0.050000000000000044,1.384037395939231,1.372459501028061,0.038593020057305694,1.15
md_cbad_dqn,818,460,85.61874059736729,79.54300799407066,29.7302375882864,55.88850390315056,1.5136296534910798,16546.725952148438,0.0,27.0,0.0,1.0,0.050000000000000044,1.1977293267846107,1.186100535094738,0.03876263997517526,1.15
md_cbad_dqn,818,461,68.0416904181242,77.77222576327623,25.62711823731661,42.41457244157791,1.4187576845288277,14872.668243408203,0.0,21.0,0.0,1.0,0.050000000000000044,1.5806188099086285,1.567954583093524,0.042214132263325155,1.15
md_cbad_dqn,818,462,90.74778861701489,78.19715078033508,31.01089122891426,59.736897537112235,1.5261534191668034,17533.10640335083,0.0,26.0,0.0,1.0,0.050000000000000044,1.424463739618659,1.4140958040952682,0.03455974638927728,1.15
md_cbad_dqn,818,463,78.43745713680983,77.79047251164914,28.935367166996002,49.50209014117718,1.4846458863466978,16355.306190490723,0.0,25.0,0.0,0.0,0.050000000000000044,1.3790395464748144,1.3678167257457972,0.03740942769218236,1.15
md_cbad_dqn,818,464,82.86862900853157,78.56358954019845,27.89329183101654,54.97533690929413,1.4901087991893291,16164.777992248535,0.0,27.0,0.0,1.0,0.050000000000000044,1.467158829793334,1.4554027989506721,0.03918683249503374,1.15
md_cbad_dqn,818,465,86.28505425155163,79.0977595552057,28.223149970173836,58.061904311180115,1.4771508667618036,16220.942197799683,0.0,27.0,0.0,2.0,0.050000000000000044,1.533211588859558,1.5218277871608734,0.037945999996736646,1.15
md_cbad_dqn,818,466,99.01315130591392,79.44420704059301,34.06967747211456,64.94347320795059,1.6311237923800945,19656.959213256836,0.0,29.0,0.0,2.0,0.050000000000000044,1.6596968192607164,1.6485962588340044,0.037001886405050755,1.15
md_cbad_dqn,818,467,65.20473712235689,79.09163030445575,25.375715024769306,39.82902227640152,1.416026396676898,14792.661357879639,0.0,20.0,0.0,2.0,0.050000000000000044,1.3824790753424168,1.371353531256318,0.037085175048559904,1.15
md_cbad_dqn,818,468,85.56415475308896,79.36709753341974,30.627709679305553,54.93644511848688,1.5356121566146612,17338.192893981934,0.0,25.0,0.0,3.0,0.050000000000000044,1.7270169872790575,1.7168079726397991,0.03403009963221848,1.15
md_cbad_dqn,818,469,73.30557343512774,79.58952335566282,27.445802815258503,45.85976996421814,1.4529397105798125,15628.48762512207,0.0,21.0,0.0,1.0,0.050000000000000044,1.8349167071282864,1.825671762228012,0.030816563521511853,1.15
md_cbad_dqn,818,470,93.94801107347011,80.50813006281854,29.395832002162933,64.55217865407467,1.5172521555796266,16774.08270263672,0.0,29.0,0.0,2.0,0.050000000000000044,1.1153142172843218,1.1050696540623903,0.03414856956806034,1.15
md_cbad_dqn,818,471,83.09376754760743,80.5815195080638,29.15460856258869,53.939158701896666,1.486154867336154,16302.183658599854,0.0,23.0,0.0,2.0,0.050000000000000044,2.1059913840144873,2.094072239473462,0.03973047703038901,1.15
md_cbad_dqn,818,472,81.42144075334072,80.76351446673274,29.323424458503723,52.09801671206951,1.5134129785001278,17160.77889251709,0.0,24.0,0.0,4.0,0.050000000000000044,1.4354070350527763,1.4239957872778177,0.038037496618926525,1.15
md_cbad_dqn,818,473,68.1113270625472,79.75563428677619,25.35407341271639,42.75725417137146,1.403596866875887,14931.679271697998,0.0,19.0,0.0,2.0,0.050000000000000044,1.7319119554013014,1.7219830006361008,0.033096524071879685,1.15
md_cbad_dqn,818,474,80.16917320042849,80.43374190583826,28.494211584329605,51.67496120631695,1.487415075302124,16107.227409362793,0.0,25.0,0.0,3.0,0.050000000000000044,1.5426371190696955,1.5321247205138206,0.03504129231441766,1.15
md_cbad_dqn,818,475,94.1844447940588,81.19829812109471,30.34977477788925,63.834670254588126,1.5614854088053107,17667.239875793457,0.0,29.0,0.0,1.0,0.050000000000000044,2.219427227973938,2.2089992091059685,0.03475999995134771,1.15
md_cbad_dqn,818,476,77.05268339067698,81.04897012613715,29.23305220156908,47.81963104009628,1.507195238955319,16680.322704315186,0.0,21.0,0.0,1.0,0.050000000000000044,1.923963576555252,1.9132653214037418,0.03566083463374525,1.15
md_cbad_dqn,818,477,86.60583552122117,81.69312015533448,29.32949286699295,57.27634232640266,1.5427058693021536,16921.175884246826,0.0,26.0,0.0,3.0,0.050000000000000044,2.011830488219857,2.0013056956231594,0.035082600195892155,1.15
md_cbad_dqn,818,478,82.32622422277927,81.57343760743738,30.594769082963467,51.73145480453968,1.5176911428570747,16916.93388748169,0.0,24.0,0.0,1.0,0.050000000000000044,1.4359543714672327,1.424491286277771,0.038210277329199016,1.15
md_cbad_dqn,818,479,85.99185865521432,82.39958714336157,29.757145419716835,56.23471293747425,1.5760508393868804,17843.824100494385,0.0,26.0,0.0,2.0,0.050000000000000044,1.226562762632966,1.2160066403448582,0.0351870785234496,1.15
md_cbad_dqn,818,480,66.5784514799714,81.44757268749179,26.524493597447872,40.053958031535146,1.4343222379684448,15013.177783966064,0.0,19.0,0.0,2.0,0.050000000000000044,1.6266283430159092,1.616296086460352,0.0344408480450511,1.15
md_cbad_dqn,818,481,65.38249422758818,81.31461287796499,23.671016216278076,41.71147803366184,1.3498024297878146,13663.829063415527,0.0,20.0,0.0,1.0,0.050000000000000044,1.4057246316224337,1.3954773731529713,0.0341575313359499,1.15
md_cbad_dqn,818,482,71.48031984269619,80.35123943924904,26.603102579712868,44.87721712887287,1.4503057356923819,15308.901599884033,0.0,22.0,0.0,0.0,0.050000000000000044,1.9321178272366524,1.9210731964558363,0.03681542840786278,1.15
md_cbad_dqn,818,483,75.82865386605263,80.22079927571119,25.868688017129898,49.95996596813202,1.4311406463384628,14895.349994659424,0.0,24.0,0.0,1.0,0.050000000000000044,1.879344429820776,1.8697609081864357,0.03194502869155258,1.15
md_cbad_dqn,818,484,76.92230236679316,79.92348294362428,28.963981308043003,47.958321118354796,1.5096633108332753,16747.29461669922,0.0,22.0,0.0,1.0,0.050000000000000044,1.4504939634352922,1.4407091289758682,0.03261610202025622,1.15
md_cbad_dqn,818,485,72.97031118124724,79.25774579010906,27.78942858427763,45.180882611870764,1.477199725806713,16013.481132507324,0.0,21.0,0.0,1.0,0.050000000000000044,1.7850166149437428,1.7750117853283882,0.033349414239637554,1.15
md_cbad_dqn,818,486,90.49630355238915,78.83190340243281,31.67680885642767,58.81949436068535,1.578733216971159,18570.33029937744,0.0,26.0,0.0,2.0,0.050000000000000044,1.5859019197523594,1.5745765212923288,0.03775133879389614,1.15
md_cbad_dqn,818,487,82.64712983369827,79.70402303799987,28.452378496527672,54.19475159049034,1.4813807113096118,16437.79999923706,0.0,25.0,0.0,0.0,0.050000000000000044,2.3902077097445726,2.3800622075796127,0.03381830104626715,1.15
md_cbad_dqn,818,488,91.64801229536533,80.0082159151137,31.002938851714134,60.64507369697094,1.5559798115864396,17516.66781616211,0.0,26.0,0.0,1.0,0.050000000000000044,1.8365655280649662,1.8273038156330585,0.030872369068674743,1.15
md_cbad_dqn,818,489,90.08520338833333,80.84719741277397,29.94403947889805,60.14116390943527,1.5272725783288479,17336.772716522217,0.0,26.0,0.0,2.0,0.050000000000000044,1.3764649406075478,1.3657338228076696,0.03577041288372129,1.15
md_cbad_dqn,818,490,81.12557079195976,80.20607539869846,28.629812866449356,52.49575783610344,1.4821678195148706,16241.55591583252,0.0,25.0,0.0,3.0,0.050000000000000044,1.7248882725834846,1.7142286319285631,0.035532072535716,1.15
md_cbad_dqn,818,491,65.60698965936899,79.33173650428652,26.40277398377657,39.20421598851681,1.4260967774316669,15402.578441619873,0.0,19.0,0.0,0.0,0.050000000000000044,1.8465218227356672,1.8353775795549154,0.03714744979515672,1.15
md_cbad_dqn,818,492,80.27521664351225,79.27442529879511,29.918046236038208,50.35717021375895,1.521373838186264,16910.45476913452,0.0,23.0,0.0,3.0,0.050000000000000044,1.009586775675416,0.9986075684428215,0.036597355268895626,1.15
md_cbad_dqn,818,493,75.22260748893022,79.62998932011426,27.565447993576527,47.65715994238853,1.4444485642015934,15764.916030883789,0.0,22.0,0.0,2.0,0.050000000000000044,1.5371704399585724,1.527159322053194,0.03337046748492867,1.15
md_cbad_dqn,818,494,75.82071918994188,79.41256661958994,28.362417049705982,47.45830191671848,1.4754395866766572,15976.429653167725,0.0,23.0,0.0,1.0,0.050000000000000044,1.6859459299594164,1.67666682228446,0.030930335517041385,1.15
md_cbad_dqn,818,495,71.5390374660492,78.28029625318945,28.79466886818409,42.74436837434769,1.4877692619338632,16618.161766052246,0.0,20.0,0.0,0.0,0.050000000000000044,1.6953424513339996,1.6860969699919224,0.030818330822512507,1.15
md_cbad_dqn,818,496,93.37930824011565,79.09662749566138,30.24419856071472,63.13510989546776,1.5207194909453392,16999.25843811035,0.0,30.0,0.0,1.0,0.050000000000000044,1.2499309610575438,1.2392999567091465,0.035436644102446735,1.15
md_cbad_dqn,818,497,74.64720735251903,78.49869608722628,26.667415373027325,47.97979191243648,1.4443990904837847,15261.058158874512,0.0,23.0,0.0,2.0,0.050000000000000044,1.5032710656523705,1.4925867319107056,0.03561437770258635,1.15
md_cbad_dqn,818,498,88.02354599237442,78.78356217570604,30.62534411251545,57.398201522231105,1.5245267022401094,17319.174781799316,0.0,27.0,0.0,5.0,0.050000000000000044,1.1666264180094004,1.1570265460759401,0.031999561470001936,1.15
md_cbad_dqn,818,499,80.97130607962609,78.53253454692663,30.01633945852518,50.95496670305729,1.538736674003303,17435.89687347412,0.0,23.0,0.0,3.0,0.050000000000000044,2.0067497473210096,1.995531501248479,0.03739414666779339,1.15
md_cbad_dqn,818,500,90.37300940155983,79.72226244300603,29.453526630997658,60.9194828748703,1.5236466815695167,16646.879222869873,0.0,28.0,0.0,3.0,0.050000000000000044,1.2716074828058481,1.2616609018296003,0.03315529285464436,1.15
md_cbad_dqn,818,501,89.41274843364954,80.92377515330911,30.84821865707636,58.564529836177826,1.5570595934987068,17934.959930419922,0.0,26.0,0.0,0.0,0.050000000000000044,1.7272521872073412,1.715430073440075,0.03940702055115253,1.15
md_cbad_dqn,818,502,85.3410184532404,81.61681008383631,29.583799712359905,55.75721848011017,1.5090642971917987,16764.499465942383,0.0,25.0,0.0,1.0,0.050000000000000044,1.792422380298376,1.7811273634433746,0.03765009390190244,1.15
md_cbad_dqn,818,503,91.71797280907631,82.41127603098751,31.22422282397747,60.49374949336052,1.5676587540656328,18068.777946472168,0.0,27.0,0.0,2.0,0.050000000000000044,1.6553612351417542,1.6419223081320524,0.044796439819037914,1.15
md_cbad_dqn,818,504,92.67332235872746,83.19882703058423,31.46945060789585,61.20387169122696,1.5773604037240148,17787.811603546143,0.0,28.0,0.0,2.0,0.050000000000000044,1.7598538398742676,1.748870326206088,0.036611746647395194,1.15
md_cbad_dqn,818,505,80.0114891782403,83.55088593043388,26.982471860945225,53.02901728749275,1.4566616639494896,15286.529649734497,0.0,25.0,0.0,2.0,0.050000000000000044,2.0761521346867085,2.065195482224226,0.0365221134852618,1.15
md_cbad_dqn,818,506,80.93054357171059,83.07259793139994,28.684052050113678,52.24649101495743,1.4807202778756618,16244.52953338623,0.0,25.0,0.0,0.0,0.050000000000000044,1.6439512502402067,1.633878704160452,0.03357511421199888,1.15
md_cbad_dqn,818,507,72.07587614059449,82.54403524674476,26.81691673398018,45.25895948112011,1.4368511103093624,15077.640602111816,0.0,22.0,0.0,2.0,0.050000000000000044,1.8521805237978697,1.8407933376729488,0.037957334774546325,1.15
md_cbad_dqn,818,508,84.4685098990798,82.18506012693048,29.01461872458458,55.453891018033026,1.5104032130911946,16715.814672470093,0.0,26.0,0.0,1.0,0.050000000000000044,1.3674782235175371,1.3555051535367966,0.03991024964489043,1.15
md_cbad_dqn,818,509,70.4593166872859,81.20376579187811,27.35856933146715,43.10074743032455,1.4489027336239815,15191.639305114746,0.0,22.0,0.0,1.0,0.050000000000000044,2.030888454988599,2.0194379054009914,0.03816848376300186,1.15
md_cbad_dqn,818,510,92.59600910693408,81.77728770762684,31.78893283754587,60.807075986266135,1.5780280828475952,18046.751300811768,0.0,28.0,0.0,2.0,0.050000000000000044,1.5083351209759712,1.497628701850772,0.03568810992874205,1.15
md_cbad_dqn,818,511,83.88546786755323,82.69121161803604,27.961045563220978,55.92442252039909,1.4721910245716572,16089.92737197876,0.0,27.0,0.0,4.0,0.050000000000000044,1.7655331008136272,1.7546640001237392,0.036230331752449274,1.15
md_cbad_dqn,818,512,81.15850146263838,82.73537585899234,29.16051708906889,51.99798501431942,1.5034836074337363,16718.79584312439,0.0,25.0,0.0,2.0,0.050000000000000044,1.8039665669202805,1.7922225072979927,0.039146855124272406,1.15
md_cbad_dqn,818,513,100.85620462149382,84.01705571562053,35.63540282100439,65.22080188989639,1.638487758114934,20054.25157546997,0.0,30.0,0.0,0.0,0.050000000000000044,1.710062749683857,1.6994487382471561,0.03538007277529687,1.15
md_cbad_dqn,818,514,75.58524875491858,84.00528219386936,28.750850804150105,46.834398129582404,1.5106944162398577,16991.636852264404,0.0,21.0,0.0,1.0,0.050000000000000044,1.8319669049233198,1.8214047364890575,0.03520714049227536,1.15
md_cbad_dqn,818,515,98.3591652750969,85.34628858432174,32.12251263856888,66.2366521447897,1.622555780224502,18750.436962127686,0.0,29.0,0.0,1.0,0.050000000000000044,1.6990703605115414,1.6863831784576178,0.042290570214390755,1.15
md_cbad_dqn,818,516,103.1424077257514,85.83444355860352,33.342758528888226,69.79964834749698,1.5940636042505503,19008.698085784912,0.0,31.0,0.0,2.0,0.050000000000000044,2.170597903430462,2.1606469079852104,0.033170066424645483,1.15
md_cbad_dqn,818,517,105.09964317083359,87.35706534951927,34.90292143821716,70.19672161340714,1.6399030545726418,19914.56209564209,0.0,31.0,0.0,1.0,0.050000000000000044,2.520995395258069,2.51113854162395,0.03285619767848402,1.15
md_cbad_dqn,818,518,75.11118280291558,86.71144719004631,26.107235744595528,49.00394716262817,1.4634083807468414,15440.293930053711,0.0,24.0,0.0,2.0,0.050000000000000044,1.916577285155654,1.9058831613510847,0.035647031967528164,1.15
md_cbad_dqn,818,519,81.00769938528538,86.71326685532928,30.50867798179388,50.499021485447884,1.5295139206573367,17645.888759613037,0.0,23.0,0.0,1.0,0.050000000000000044,1.8237663619220257,1.813603214919567,0.033877131063491106,1.15
md_cbad_dqn,818,520,84.24499280899764,86.40686602570118,30.85243397206068,53.3925585091114,1.514151626266539,17139.98903656006,0.0,24.0,0.0,1.0,0.050000000000000044,2.325097896158695,2.3118887692689896,0.04403044155333191,1.15
md_cbad_dqn,818,521,102.30514007806778,87.05148560792209,35.15543971210718,67.14970004558563,1.633751698769629,19876.46116256714,0.0,29.0,0.0,0.0,0.050000000000000044,1.897606510668993,1.8855575043708086,0.04016328486613929,1.15
md_cbad_dqn,818,522,68.93778160959482,86.2313237657398,27.13587648421526,41.801905661821365,1.4478161735460162,15798.959716796875,0.0,21.0,0.0,1.0,0.050000000000000044,2.2630458772182465,2.2512994930148125,0.03915466589387506,1.15
md_cbad_dqn,818,523,79.4462521225214,85.61773773141206,27.846987530589104,51.59926417469978,1.4531741011887789,16181.585304260254,0.0,25.0,0.0,2.0,0.050000000000000044,1.7689821776002645,1.7585537731647491,0.03476132429204881,1.15
md_cbad_dqn,818,524,86.64807525277138,85.31647537611425,30.260792285203934,56.38728365302086,1.514799534343183,17328.098583221436,0.0,27.0,0.0,0.0,0.050000000000000044,1.5905771292746067,1.5808102134615183,0.03255636990070343,1.15
md_cbad_dqn,818,525,75.9456193074584,85.11318188257516,28.106174632906914,47.83944474160671,1.475183269008994,16089.75885772705,0.0,22.0,0.0,0.0,0.050000000000000044,1.539120415225625,1.5297679919749498,0.031174752861261368,1.15
md_cbad_dqn,818,526,88.1644285172224,85.47487612985074,32.55263349413872,55.611795246601105,1.6156887793913484,18687.08881378174,0.0,27.0,0.0,1.0,0.050000000000000044,1.4202617909759283,1.4100097808986902,0.03417332342360169,1.15
md_cbad_dqn,818,527,80.95666710585355,85.9189156781137,30.196846090257168,50.75982128381729,1.5486445501446724,17168.73215484619,0.0,23.0,0.0,3.0,0.050000000000000044,1.850986048579216,1.8399805892258883,0.03668491914868355,1.15
md_cbad_dqn,818,528,74.74132531434297,85.43255644887685,28.798459321260452,45.94286556839943,1.4683523746207356,16601.527770996094,0.0,21.0,0.0,2.0,0.050000000000000044,2.015011940151453,2.0053115785121918,0.03233449626713991,1.15
md_cbad_dqn,818,529,78.19728800058365,85.81945501454175,27.376254357397556,50.8210330247879,1.4961021821945906,16170.845100402832,0.0,24.0,0.0,2.0,0.050000000000000044,1.919878738000989,1.9082764647901058,0.03867421124596149,1.15
md_cbad_dqn,818,530,89.54529545605183,85.66691933199763,30.552645981311798,58.9926496386528,1.5460810922086239,17495.909828186035,0.0,26.0,0.0,1.0,0.050000000000000044,1.7502168267965317,1.7396223284304142,0.03531501209363341,1.15
md_cbad_dqn,818,531,75.43616420030594,85.24445414863527,28.491173714399338,46.944990545511246,1.4772735424339771,16218.879852294922,0.0,23.0,0.0,1.0,0.050000000000000044,1.7951276544481516,1.7851317878812551,0.03331954567693174,1.15
md_cbad_dqn,818,532,83.21376517862082,85.3472173344344,31.277826599776745,51.935938847064975,1.5580845391377807,17980.467601776123,0.0,24.0,0.0,4.0,0.050000000000000044,1.4771633334457874,1.4681951813399792,0.029893850442022085,1.15
md_cbad_dqn,818,533,70.22736158370972,83.8157751825452,27.302809923887253,42.92455139160156,1.4501429181545973,15559.853286743164,0.0,21.0,0.0,1.0,0.050000000000000044,2.136402301490307,2.1260421499609947,0.0345338296610862,1.15
md_cbad_dqn,818,534,70.57666703462601,83.56534609653058,27.429415553808212,43.147252002358435,1.4619834842160344,16025.492805480957,0.0,20.0,0.0,1.0,0.050000000000000044,1.809120524674654,1.7979545425623655,0.03721995942760259,1.15
md_cbad_dqn,818,535,96.53760009407998,83.47426783747973,32.3440692871809,64.1935308367014,1.5752161461859941,18159.165676116943,0.0,29.0,0.0,1.0,0.050000000000000044,1.4152424652129412,1.4033679533749819,0.03958170965779573,1.15
md_cbad_dqn,818,536,81.33472626954317,82.38388376466932,29.654832363128662,51.67989418208599,1.553857246413827,17242.906200408936,0.0,24.0,0.0,3.0,0.050000000000000044,1.3019689302891493,1.2899794168770313,0.03996504668612033,1.15
md_cbad_dqn,818,537,80.33652737140656,81.14572797469796,29.879182159900665,50.4573450922966,1.5066154841333628,17133.161640167236,0.0,23.0,0.0,2.0,0.050000000000000044,1.6936036739498377,1.680149955675006,0.04484574811067432,1.15
md_cbad_dqn,818,538,72.13188720643521,80.99676319487394,28.412169486284256,43.719717943668364,1.505678789690137,16551.428386688232,0.0,20.0,0.0,2.0,0.050000000000000044,1.6905540004372597,1.677689116448164,0.04288298124447465,1.15
md_cbad_dqn,818,539,94.28042003512383,81.66039922736586,33.78164638578892,60.49877408146858,1.6143158981576562,19144.24402809143,0.0,28.0,0.0,1.0,0.050000000000000044,1.4809572510421276,1.4702924191951752,0.03554945555515587,1.15
md_cbad_dqn,818,540,89.30008910149336,81.91315404199064,31.517992183566093,57.78209691047668,1.5475005162879825,17907.988330841064,0.0,27.0,0.0,4.0,0.050000000000000044,1.4711379334330559,1.4613878056406975,0.03250047843903303,1.15
md_cbad_dqn,818,541,84.54321719110013,81.02505789764226,30.66123628616333,53.88198114335537,1.5532723534852266,17711.343185424805,0.0,25.0,0.0,3.0,0.050000000000000044,1.6192253716289997,1.6102046854794025,0.030068976106122136,1.15
md_cbad_dqn,818,542,78.32085675299167,81.4942116548121,27.948320470750332,50.37253637909889,1.4694899171590805,15914.847192764282,0.0,24.0,0.0,2.0,0.050000000000000044,1.7989038322120905,1.7895919904112816,0.031039456138387322,1.15
md_cbad_dqn,818,543,76.73255753815174,81.35852692559362,28.516017876565456,48.21653952002525,1.4719327269122005,16193.50778579712,0.0,22.0,0.0,2.0,0.050000000000000044,2.103059332817793,2.0929470751434565,0.03370752139016986,1.15
md_cbad_dqn,818,544,92.57066848427057,81.65465658716856,31.772430635988712,60.79823886156082,1.5771900173276663,18425.435050964355,0.0,27.0,0.0,3.0,0.050000000000000044,1.6197356171905994,1.609809510409832,0.03308707266114652,1.15
md_cbad_dqn,818,545,84.68147441148759,82.09144934237003,28.99797809123993,55.68349630534649,1.5026532737538218,16533.59275817871,0.0,28.0,0.0,1.0,0.050000000000000044,1.3256602939218283,1.314910240471363,0.035833534551784396,1.15
md_cbad_dqn,818,546,78.68558839708567,81.6175073363632,28.821844808757305,49.86374333500862,1.4937435379251838,16678.270099639893,0.0,24.0,0.0,3.0,0.050000000000000044,1.9083113130182028,1.897768447175622,0.035142860491760075,1.15
md_cbad_dqn,818,547,66.73186861127616,80.90626741163433,23.837519586086273,42.89434918165207,1.4182185577228665,14177.39337348938,0.0,19.0,0.0,1.0,0.050000000000000044,1.632234551012516,1.6209925077855587,0.03747353714425117,1.15
md_cbad_dqn,818,548,78.94598941653967,81.11650061674418,29.130962297320366,49.81502650827169,1.4850539760664105,16475.261390686035,0.0,25.0,0.0,2.0,0.050000000000000044,2.0901574715971947,2.080159768462181,0.033325745491310954,1.15
md_cbad_dqn,818,549,85.15736978501081,81.46450470596554,30.129506327211857,55.02786345779896,1.5284740021452308,17229.383758544922,0.0,26.0,0.0,0.0,0.050000000000000044,2.0836440846323967,2.0729742869734764,0.03556598676368594,1.15
md_cbad_dqn,818,550,71.18845883905888,80.54666287511589,28.13505819439888,43.053400763869284,1.4684032322838902,15934.54967880249,0.0,20.0,0.0,1.0,0.050000000000000044,1.8376883994787931,1.8279874362051487,0.032336595468223095,1.15
md_cbad_dqn,818,551,69.54882546812296,80.25229593850673,25.944092579185963,43.60473272502422,1.4095705123618245,14840.970756530762,0.0,20.0,0.0,2.0,0.050000000000000044,2.0216371938586235,2.0122438855469227,0.03131103701889515,1.15
md_cbad_dqn,818,552,92.86080517172813,80.73464793816208,31.584287136793137,61.276517409086225,1.579339331947267,18246.31648826599,0.0,27.0,0.0,4.0,0.050000000000000044,1.8653880469501019,1.8554639965295792,0.03308016015216708,1.15
md_cbad_dqn,818,553,79.10323373228312,81.17844154559076,29.266977973282337,49.8362557888031,1.5046149985864758,16993.430786132812,0.0,23.0,0.0,0.0,0.050000000000000044,1.802673127502203,1.7923336904495955,0.034464766504243016,1.15
md_cbad_dqn,818,554,63.1452988833189,80.8068731380254,25.732097767293453,37.41320115327835,1.404915346764028,14612.55087852478,0.0,20.0,0.0,1.0,0.050000000000000044,1.8161945175379515,1.8044812846928835,0.03904409159440547,1.15
md_cbad_dqn,818,555,67.95394692718983,79.3776904796809,27.752421773970127,40.20152527987957,1.4726253533735871,16345.269676208496,0.0,21.0,0.0,1.0,0.050000000000000044,1.7361946571618319,1.7259483598172665,0.03415426274295896,1.15
md_cbad_dqn,818,556,87.0520390957594,79.66355612099171,31.31211507320404,55.739923962950705,1.5738577414304018,18119.029205322266,0.0,25.0,0.0,3.0,0.050000000000000044,2.1605391185730696,2.151258820667863,0.0309343229746446,1.15
md_cbad_dqn,818,557,74.17191998660564,79.35532575175168,26.004150226712227,48.167769491672516,1.4613103484734893,15715.987190246582,0.0,22.0,0.0,0.0,0.050000000000000044,1.9892332628369331,1.978523924946785,0.035697829560376704,1.15
md_cbad_dqn,818,558,78.47575439810753,79.67251911133528,29.25245063006878,49.22330345511436,1.493633889593184,16653.858757019043,0.0,22.0,0.0,3.0,0.050000000000000044,1.4335449747741222,1.4195857048034668,0.04653088597115129,1.15
md_cbad_dqn,818,559,92.01341055333614,79.55916863724589,31.145411759614944,60.86799868941307,1.555747109465301,17715.384883880615,0.0,28.0,0.0,0.0,0.050000000000000044,1.8029022309929132,1.790543483570218,0.04119585908483714,1.15
md_cbad_dqn,818,560,101.56682372391224,80.17250536836683,33.752125680446625,67.81469786465168,1.5945494258776307,18691.4310836792,0.0,30.0,0.0,3.0,0.050000000000000044,1.9075790233910084,1.8964649550616741,0.037046891055069864,1.15
md_cbad_dqn,818,561,86.66014830321073,80.27835192397237,29.92119549959898,56.73895342946052,1.5436082584783435,17318.769172668457,0.0,26.0,0.0,3.0,0.050000000000000044,1.8752306401729584,1.8634595777839422,0.03923681692685932,1.15
md_cbad_dqn,818,562,69.41987564563752,79.83330286860465,28.53682242333889,40.883053520321845,1.4784308690577745,16527.08974456787,0.0,22.0,0.0,1.0,0.050000000000000044,1.7602281253784895,1.7492581568658352,0.03656658960971981,1.15
md_cbad_dqn,818,563,97.39388960152864,80.8663694717735,34.14776064455509,63.246128532290456,1.6732921656221151,19883.487747192383,0.0,30.0,0.0,3.0,0.050000000000000044,2.2391043081879616,2.2284829765558243,0.0354043886763975,1.15
md_cbad_dqn,818,564,80.00395530760288,80.23803381294012,28.57720474898815,51.42675036489963,1.497662448324263,16610.587398529053,0.0,25.0,0.0,4.0,0.050000000000000044,1.9571202527731657,1.9454612135887146,0.038863525027409196,1.15
md_cbad_dqn,818,565,84.96840111315251,80.25238014802338,29.86064264923334,55.107758247852324,1.5093460399657488,16680.13703918457,0.0,27.0,0.0,1.0,0.050000000000000044,1.7927804291248322,1.7819467727094889,0.03611218696460128,1.15
md_cbad_dqn,818,566,79.51155229061843,80.29367834270002,28.418250560760498,51.093302303552626,1.4734276989474893,16016.542087554932,0.0,25.0,0.0,2.0,0.050000000000000044,1.3310028817504644,1.3209516145288944,0.03350419120397419,1.15
md_cbad_dqn,818,567,89.93618781268597,81.45389430277051,33.102367371320724,56.83381980061531,1.5986691191792488,18587.332412719727,0.0,25.0,0.0,1.0,0.050000000000000044,1.6243719011545181,1.613443611189723,0.03642756771296263,1.15
md_cbad_dqn,818,568,84.01679759025573,81.7074347114563,29.28270698338747,54.73409103155136,1.49826577026397,16799.923358917236,0.0,26.0,0.0,2.0,0.050000000000000044,1.4982131086289883,1.4874444659799337,0.03589545178692788,1.15
md_cbad_dqn,818,569,77.37406185418368,81.31826931491494,28.183918736875057,49.19014314711094,1.471352158114314,16064.038372039795,0.0,22.0,0.0,2.0,0.050000000000000044,1.106777511537075,1.096986323595047,0.03263729251921177,1.15
md_cbad_dqn,818,570,77.72189195007086,81.64494097046554,28.890875831246376,48.83101602941751,1.5011964924633503,16546.47621154785,0.0,23.0,0.0,3.0,0.050000000000000044,1.8798361867666245,1.8683295398950577,0.0383554840227589,1.15
md_cbad_dqn,818,571,91.61401698887349,82.74820054650307,30.072970166802406,61.54104653894901,1.6306705130264163,18225.60115814209,0.0,28.0,0.0,3.0,0.050000000000000044,2.101818658411503,2.0907006822526455,0.03705998510122299,1.15
md_cbad_dqn,818,572,80.44981952756643,82.127651264295,28.875135958194733,51.57468369603157,1.4900140352547169,17092.056255340576,0.0,24.0,0.0,1.0,0.050000000000000044,1.7171323765069246,1.7065781503915787,0.03518069826532155,1.15
md_cbad_dqn,818,573,76.0352658867836,81.97425287202,27.52534142881632,48.509924510121344,1.4706635968759656,15474.416446685791,0.0,23.0,0.0,2.0,0.050000000000000044,2.1845285911113024,2.173311911523342,0.037388899247162044,1.15
md_cbad_dqn,818,574,79.58256768584252,82.79611631214621,27.82360091805458,51.75896722972393,1.4686755649745464,15727.495264053345,0.0,24.0,0.0,2.0,0.050000000000000044,2.0236961990594864,2.01315925270319,0.03512319247238338,1.15
md_cbad_dqn,818,575,65.35088837146759,82.66596338436008,25.55190286040306,39.79898536205292,1.38096571713686,14016.525394439697,0.0,21.0,0.0,0.0,0.050000000000000044,2.0146679878234863,2.003106612712145,0.03853792464360595,1.15
md_cbad_dqn,818,576,81.13169753849506,82.36994630649687,28.708546295762062,52.42315115332603,1.5033044256269932,16572.895267486572,0.0,24.0,0.0,2.0,0.050000000000000044,1.8959601186215878,1.8863211125135422,0.03213012497872114,1.15
md_cbad_dqn,818,577,72.12191487997771,82.26744605116548,26.958995275199413,45.16291939616203,1.4476493252441287,15198.223251342773,0.0,21.0,0.0,1.0,0.050000000000000044,1.701631372794509,1.6925235483795404,0.03035936353262514,1.15
md_cbad_dqn,818,578,87.22218153774739,82.70476740814746,30.733733795583248,56.488447630405425,1.526111764833331,17519.124725341797,0.0,24.0,0.0,2.0,0.050000000000000044,1.640318252146244,1.629923677071929,0.03464857873041183,1.15
md_cbad_dqn,818,579,70.80578433722258,81.64438609734178,27.561673663556576,43.244110733270645,1.4751770291477442,15760.849296569824,0.0,23.0,0.0,0.0,0.050000000000000044,1.3464830368757248,1.3367310538887978,0.03250656428281218,1.15
md_cbad_dqn,818,580,65.98671355247498,79.86538058876992,24.543312542140484,41.443401077389716,1.3680415144190192,14310.573902130127,0.0,19.0,0.0,1.0,0.050000000000000044,2.026083694770932,2.016115600243211,0.03322707558982074,1.15
md_cbad_dqn,818,581,69.65269982814789,79.01500816501678,26.91701101511717,42.735688745975494,1.4176059076562524,15037.49020767212,0.0,22.0,0.0,0.0,0.050000000000000044,1.5720994155853987,1.5625587366521358,0.03180225216783583,1.15
md_cbad_dqn,818,582,76.18112531006336,79.35307064823806,28.355794347822666,47.8253309994936,1.4767219619825482,15938.350929260254,0.0,22.0,0.0,3.0,0.050000000000000044,1.7247080393135548,1.7155991233885288,0.030362998717464507,1.15
md_cbad_dqn,818,583,86.7742114841938,78.82208674237134,29.12632718682289,57.64788420796394,1.5289239957928658,16908.69542503357,0.0,26.0,0.0,2.0,0.050000000000000044,1.43375307880342,1.423978004604578,0.03258358931634575,1.15
md_cbad_dqn,818,584,82.51119860410691,78.94744890719653,27.67965817451477,54.83154038488865,1.442242537625134,15323.356510162354,0.0,28.0,0.0,1.0,0.050000000000000044,1.681125469505787,1.6707279831171036,0.034658233751542866,1.15
md_cbad_dqn,818,585,72.24349875748158,78.31120378941299,26.80275396257639,45.44074463844299,1.4340784419327974,15450.651515960693,0.0,22.0,0.0,0.0,0.050000000000000044,1.5903510879725218,1.5807319972664118,0.03206364926882088,1.15
md_cbad_dqn,818,586,72.60602976083756,77.96592766292393,27.796512193977833,44.80951711237431,1.443935876712203,15671.127311706543,0.0,20.0,0.0,3.0,0.050000000000000044,1.8741237968206406,1.8650969602167606,0.03008946415502578,1.15
md_cbad_dqn,818,587,81.64449658989906,77.5513431017846,28.811796441674232,52.83270011842251,1.5217755623161793,16827.98651123047,0.0,25.0,0.0,0.0,0.050000000000000044,1.5281321126967669,1.5186166428029537,0.03171825467143208,1.15
md_cbad_dqn,818,588,80.15416538119317,77.35821149133146,28.29107617586851,51.863089525699614,1.4786882661283016,15959.006565093994,0.0,23.0,0.0,1.0,0.050000000000000044,2.029648095369339,2.019869886338711,0.03259395156055689,1.15
md_cbad_dqn,818,589,83.31784195005893,77.65540049612522,29.12600727379322,54.19183439314365,1.530718526802957,16780.49705505371,0.0,26.0,0.0,2.0,0.050000000000000044,1.3153691459447145,1.3060708083212376,0.03099449654109776,1.15
md_cbad_dqn,818,590,87.64841103851795,78.15172645054757,30.540092334151268,57.10831910669803,1.5359943574294448,17247.705169677734,0.0,25.0,0.0,2.0,0.050000000000000044,1.9209613595157862,1.911329548805952,0.03210604633204639,1.15
md_cbad_dqn,818,591,80.60983422398567,77.60151731230319,29.647968485951424,50.96186578273773,1.4911610707640648,16324.365928649902,0.0,24.0,0.0,2.0,0.050000000000000044,1.998117908835411,1.9871245212852955,0.03664465609472245,1.15
md_cbad_dqn,818,592,71.56766660511494,77.1574096661806,27.389774844050407,44.177891820669174,1.4558178754523396,15740.40054321289,0.0,22.0,0.0,0.0,0.050000000000000044,1.873342202976346,1.8619979750365019,0.03781411156523973,1.15
md_cbad_dqn,818,593,83.61462360620499,77.53637755215168,27.880074717104435,55.73454900085926,1.4747231900691986,15564.134983062744,0.0,26.0,0.0,0.0,0.050000000000000044,1.773560168221593,1.764003723859787,0.0318547748029232,1.15
md_cbad_dqn,818,594,72.47876933217049,77.18118763446807,27.66628298163414,44.812486067414284,1.4394285371527076,15615.309860229492,0.0,23.0,0.0,0.0,0.050000000000000044,1.764425689354539,1.754722449928522,0.032344083301723,1.15
md_cbad_dqn,818,595,84.07001030445099,78.11714373111725,29.99716019630432,54.072850465774536,1.5041959201917052,16929.688484191895,0.0,25.0,0.0,0.0,0.050000000000000044,1.5009061507880688,1.4915147963911295,0.03130444942507893,1.15
md_cbad_dqn,818,596,69.23403349518776,77.52226052895188,26.179391339421272,43.054642394185066,1.4249079879373312,14901.659841537476,0.0,22.0,0.0,0.0,0.050000000000000044,1.4385747835040092,1.4294113293290138,0.030544788693077862,1.15
md_cbad_dqn,818,597,72.3850818425417,77.53541887708009,26.395063400268555,45.990018770098686,1.433635056950152,15362.481533050537,0.0,23.0,0.0,0.0,0.050000000000000044,1.9289933368563652,1.9184619951993227,0.035104442154988647,1.15
md_cbad_dqn,818,598,77.441161185503,77.04636785946786,27.545620128512383,49.8955410271883,1.4992327596992254,16087.124473571777,0.0,24.0,0.0,2.0,0.050000000000000044,1.3631667699664831,1.3523824606090784,0.035947705153375864,1.15
md_cbad_dqn,818,599,84.29640525579453,77.72089890539647,28.666515484452248,55.62988941371441,1.5015106443315744,16628.59535217285,0.0,26.0,0.0,1.0,0.050000000000000044,2.1300846934318542,2.120092673227191,0.0333067454630509,1.15
