variant,model_seed,episode,cost,rolling_cost,immediate_cost,penalty,energy_use,latency_ms,thermal_violation,energy_violation,queue_violation,contact_violation,epsilon,loss,td_loss,auxiliary_loss,preview_transition_scale
md_cbad_dqn,802,0,117.51771372198749,117.51771372198749,35.83170376718044,81.68600983559776,1.7264740923419595,21663.689514160156,0.0,32.0,7.0,2.0,0.9954761904761905,,,,0.85
md_cbad_dqn,802,1,217.26381774633722,167.39076573416236,46.59637212753296,170.66744561880427,1.965910098515451,27926.671543121338,0.0,37.0,38.0,2.0,0.9909523809523809,2.1672096252441406,2.158392906188965,0.029389064759016037,0.85
md_cbad_dqn,802,2,167.96579406192458,167.58244184341643,44.84817211329937,123.11762145688688,1.9080088920891285,26724.202533721924,0.0,33.0,25.0,1.0,0.9864285714285714,1.9149936884641647,1.90678371489048,0.027366583584807813,0.85
md_cbad_dqn,802,3,193.76653278493433,174.1284645787959,44.22948843240738,149.5370440992072,1.970203097909689,27492.551063537598,0.0,34.0,23.0,2.0,0.981904761904762,1.91397675126791,1.9060152396559715,0.02653843245934695,0.85
md_cbad_dqn,802,4,105.0955648869276,160.32188464042224,34.67276065796614,70.42280392348766,1.6484686452895403,20800.173027038574,0.0,31.0,0.0,0.0,0.9773809523809524,1.7073928117752075,1.7002754211425781,0.023724610568024218,0.85
md_cbad_dqn,802,5,121.25159154217462,153.81016912404763,45.118638068437576,76.1329526839755,1.876912558451295,26471.745491027832,0.0,32.0,2.0,1.0,0.9728571428571429,1.3809688687324524,1.3766028508543968,0.014553432702086866,0.85
md_cbad_dqn,802,6,125.94938571540882,149.8300572085278,37.64173646271229,88.30764874605707,1.76628362480551,22804.630645751953,0.0,33.0,10.0,0.0,0.9683333333333334,1.1781726777553558,1.1748722568154335,0.01100139450863935,0.85
md_cbad_dqn,802,7,108.72086971521378,144.69140877186356,41.84923408180475,66.87163504481316,1.8256328478455544,25060.586265563965,0.0,30.0,1.0,0.0,0.9638095238095238,1.143464282155037,1.1392116844654083,0.014175335643813014,0.85
md_cbad_dqn,802,8,119.83233803915347,141.92928980156245,37.64503549039364,82.187301729196,1.7563052959740162,22893.633617401123,0.0,33.0,8.0,0.0,0.9592857142857143,1.1453392282128334,1.14238066598773,0.009861893719062209,0.85
md_cbad_dqn,802,9,122.356859408319,139.9720467622381,42.490374974906445,79.86648543179035,1.7772317240014672,24609.068981170654,0.0,33.0,0.0,0.0,0.9547619047619048,0.8643217086791992,0.8609220795333385,0.011332076974213123,0.85
md_cbad_dqn,802,10,103.09040859341621,136.61917056507247,37.06218063831329,66.02822786569595,1.7078590150922537,22158.42297744751,0.0,27.0,0.0,1.0,0.9502380952380952,0.7230316922068596,0.7198597379028797,0.010573205858236179,0.85
md_cbad_dqn,802,11,107.60138615352062,134.20102186410983,36.223332569003105,71.37805383783726,1.7489724084734917,22491.074993133545,0.0,31.0,1.0,1.0,0.9457142857142857,0.5228085294365883,0.519579105079174,0.010764723410829902,0.85
md_cbad_dqn,802,12,152.51493122881567,135.60978412293335,39.72238165140152,112.79254965191998,1.9144757073372602,25089.462036132812,0.0,34.0,25.0,2.0,0.9411904761904761,0.40943451784551144,0.4052606988698244,0.013912726542912424,0.85
md_cbad_dqn,802,13,146.87152745727062,136.4141943611003,38.989351227879524,107.88217594626903,1.8467323603108525,24342.10313796997,0.0,34.0,16.0,0.0,0.9366666666666666,0.3359601963311434,0.3319351803511381,0.013416722416877747,0.85
md_cbad_dqn,802,14,125.9621618628502,135.71739219455029,46.10702668130398,79.85513463020325,1.8166704820469022,26217.81187438965,0.0,34.0,0.0,1.0,0.9321428571428572,0.3036062801256776,0.30017467960715294,0.011438656423706561,0.85
md_cbad_dqn,802,15,179.23250852351572,138.4370869651106,45.08443607389927,134.1480725092211,1.9753298768773675,27391.112258911133,0.0,36.0,23.0,2.0,0.9276190476190476,0.636435030028224,0.6320476885885,0.014624463918153197,0.85
md_cbad_dqn,802,16,92.30641570687294,135.72351806756723,35.92023625224829,56.38617965579033,1.6316491197794676,21345.620651245117,0.0,26.0,0.0,0.0,0.9230952380952381,0.6966478377580643,0.6918746009469032,0.015910813701339066,0.85
md_cbad_dqn,802,17,108.83820700049401,134.22988967495203,35.47588707506657,73.36232035756112,1.658473958261311,20552.746383666992,0.0,32.0,0.0,1.0,0.9185714285714286,0.43414160050451756,0.4301962833851576,0.013151056773494929,0.85
md_cbad_dqn,802,18,124.10319322788663,133.69690565142227,40.89127776026726,83.21191566133447,1.836080969311297,24762.778076171875,0.0,33.0,13.0,0.0,0.914047619047619,0.3398819584399462,0.3356532156467438,0.014095802907831967,0.85
md_cbad_dqn,802,19,123.81274615467615,133.20269767658496,42.01237549632788,81.80037082226107,1.7980149015784264,24758.85637664795,0.0,32.0,13.0,1.0,0.9095238095238095,0.31627225782722235,0.31251860689371824,0.012512168672401458,0.85
md_cbad_dqn,802,20,180.9682489229242,136.37522443663184,45.039379477500916,135.92886944542332,2.0370727330446243,28374.715307235718,0.0,33.0,25.0,0.0,0.905,0.2828206792473793,0.2790973410010338,0.012411130417604,0.85
md_cbad_dqn,802,21,124.53111875206231,131.73858948691807,42.94839335232973,81.58272498250007,1.8206549659371376,25020.56784439087,0.0,33.0,1.0,2.0,0.9004761904761904,0.29474746622145176,0.2913269056007266,0.011401877913158387,0.85
md_cbad_dqn,802,22,156.46036237881822,131.16331790276277,46.34791315346956,110.11244932220622,1.9068127209320664,27508.49813079834,0.0,35.0,21.0,0.0,0.895952380952381,0.2495515150949359,0.24622427765280008,0.01109079975867644,0.85
md_cbad_dqn,802,23,127.91927152342039,127.87095483968706,39.76470889151096,88.15456324285704,1.7580940062180161,23623.49568939209,0.0,35.0,10.0,0.0,0.8914285714285715,0.633674368262291,0.6297927340492606,0.012938796222442761,0.85
md_cbad_dqn,802,24,107.1320740878582,127.97278029973359,36.71078571677208,70.42128771543503,1.6660829931497574,21126.684883117676,0.0,31.0,0.0,0.0,0.8869047619047619,0.6231117360293865,0.6180192418396473,0.016974968544673175,0.85
md_cbad_dqn,802,25,124.01260554790497,128.1108310000201,42.85197673738003,81.16062879562378,1.811284651979804,24420.311630249023,0.0,35.0,0.0,0.0,0.8823809523809524,0.432273730635643,0.427052391692996,0.017404462618287653,0.85
md_cbad_dqn,802,26,191.7076478918422,131.39874410884175,42.713393434882164,148.9942545314658,2.033428686670959,27160.051361083984,0.0,37.0,19.0,2.0,0.8778571428571429,0.3696652026847005,0.36523265577852726,0.014775152609217912,0.85
md_cbad_dqn,802,27,108.67043285220862,131.3962222656915,38.16706634312868,70.50336697101594,1.6480175936594605,21403.91307449341,0.0,31.0,0.0,2.0,0.8733333333333333,0.3658455181866884,0.36081113014370203,0.016781301179435104,0.85
md_cbad_dqn,802,28,111.92491689324379,131.00085120839603,39.733144856989384,72.19177186489105,1.722038770094514,23085.15126800537,0.0,31.0,0.0,0.0,0.8688095238095238,0.3233712110668421,0.31786825507879257,0.018343180941883475,0.85
md_cbad_dqn,802,29,119.32729865923562,130.84937317094185,38.252938866615295,81.07435968831217,1.7253774711862206,22472.013801574707,0.0,33.0,9.0,1.0,0.8642857142857143,0.2890575146302581,0.28423876594752073,0.016062495589721948,0.85
md_cbad_dqn,802,30,108.61542554199696,131.1256240183709,41.298360511660576,67.3170652538538,1.7665507262572646,24000.611419677734,0.0,30.0,0.0,2.0,0.8597619047619047,0.36673487443476915,0.362036713398993,0.01566053321585059,0.85
md_cbad_dqn,802,31,102.14536018669605,130.85282272002968,36.220948718488216,65.92441150546074,1.6720325341448188,21470.337825775146,0.0,32.0,0.0,0.0,0.8552380952380952,0.7690678248181939,0.7621476799249649,0.02306717971805483,0.85
md_cbad_dqn,802,32,104.4579326748848,128.44997279233314,36.27799768000841,68.17993442118168,1.6585221467539668,21489.423652648926,0.0,31.0,0.0,2.0,0.8507142857142858,0.5596983786672354,0.552508881315589,0.023964991210959852,0.85
md_cbad_dqn,802,33,119.10852200347807,127.06182251964348,41.16729597002268,77.94122621226933,1.8272292958572507,24925.67068862915,0.0,32.0,5.0,1.0,0.8461904761904762,0.4375300295650959,0.43078416772186756,0.022486202884465456,0.85
md_cbad_dqn,802,34,163.19052066360382,128.92324045968115,41.017908819019794,122.17261190418866,1.899267328903079,25192.350856781006,0.0,34.0,28.0,1.0,0.8416666666666667,0.44629645720124245,0.44040016550570726,0.019654311938211322,0.85
md_cbad_dqn,802,35,109.3378262013197,125.42850634357137,40.35547795891762,68.98234797418118,1.7370944684371352,23366.03200531006,0.0,30.0,0.0,1.0,0.8371428571428572,0.3665093472227454,0.36015421990305185,0.02118376799626276,0.85
md_cbad_dqn,802,36,85.37290664762259,125.08183089060887,31.45556800812483,53.917338877916336,1.571925668977201,18830.715950012207,0.0,25.0,0.0,1.0,0.8326190476190476,0.44892352540045977,0.44203520007431507,0.022961082751862705,0.85
md_cbad_dqn,802,37,123.60931007556198,125.82038604436227,38.76509829610586,84.84421183161018,1.8217994552105665,23240.888759613037,0.0,33.0,7.0,3.0,0.8280952380952381,0.37678383477032185,0.3703758381307125,0.021359979931730777,0.85
md_cbad_dqn,802,38,91.0000518783927,124.16522897688758,32.85520527511835,58.14484703540802,1.6138049252331257,19755.079433441162,0.0,24.0,0.0,1.0,0.8235714285714286,0.36901165172457695,0.3630342585965991,0.01992464024806395,0.85
md_cbad_dqn,802,39,111.24014295637608,123.53659881697256,40.986351653933525,70.25379066169262,1.7649085614830256,23792.922397613525,0.0,29.0,0.0,2.0,0.819047619047619,0.8027652017772198,0.7937837615609169,0.029938149731606245,0.85
md_cbad_dqn,802,40,110.99634847044945,120.03800379434884,39.48220279812813,71.51414576172829,1.7031175810843706,22792.273544311523,0.0,31.0,0.0,0.0,0.8145238095238095,0.609215622767806,0.601578738540411,0.025456278468482196,0.85
md_cbad_dqn,802,41,104.1716378107667,119.02002974728404,37.64987548440695,66.52176241576672,1.6788570834323764,21476.25159263611,0.0,31.0,0.0,0.0,0.81,0.5135403871536255,0.505704116076231,0.026120903552509844,0.85
md_cbad_dqn,802,42,129.67929159104824,117.68097620789554,42.15164712071419,87.52764390408993,1.8428739421069622,24401.657627105713,0.0,37.0,0.0,1.0,0.8054761904761905,0.5178103502839804,0.509864866733551,0.02648492984008044,0.85
md_cbad_dqn,802,43,99.19759101569653,116.24489218250935,38.72612030804157,60.47147116959095,1.646531380712986,21771.67953491211,0.0,26.0,0.0,1.0,0.800952380952381,0.46185023430734873,0.4543685894459486,0.02493880840484053,0.85
md_cbad_dqn,802,44,100.07763400673866,115.89217017845337,35.243107318878174,64.83452677726746,1.6150722708553076,20339.27695274353,0.0,28.0,0.0,1.0,0.7964285714285715,0.43032834213227034,0.422205314040184,0.027076764847151935,0.85
md_cbad_dqn,802,45,123.63220822893695,115.87315031250498,45.20390732586384,78.42830020271853,1.8643322922289371,26006.605964660645,0.0,32.0,1.0,2.0,0.7919047619047619,0.42411792650818825,0.4162658369168639,0.02617363806348294,0.85
md_cbad_dqn,802,46,107.89279095232487,111.68240746552912,37.91173855960369,69.98105191588402,1.7054446386173368,22282.14616394043,0.0,30.0,0.0,2.0,0.7873809523809524,0.5971690881997347,0.5886731445789337,0.028319814591668546,0.85
md_cbad_dqn,802,47,102.49342723190784,111.37355718451406,36.51464864611626,65.97877886891365,1.6286061378195882,20700.00220489502,0.0,30.0,0.0,0.0,0.7828571428571429,0.7125016767531633,0.7032770048826933,0.03074888838455081,0.85
md_cbad_dqn,802,48,109.2674102857709,111.24068185414043,36.605335392057896,72.66207474470139,1.7571844281628728,22174.422256469727,0.0,29.0,0.0,2.0,0.7783333333333333,0.6098203137516975,0.6007559392601252,0.03021457849536091,0.85
md_cbad_dqn,802,49,113.90166418999434,110.96940013067838,37.94584735482931,75.95581781864166,1.7738873409107327,22842.969482421875,0.0,31.0,0.0,2.0,0.7738095238095238,0.5544547885656357,0.5451148599386215,0.031133093871176243,0.85
md_cbad_dqn,802,50,111.577816195786,111.1175196633678,42.461833618581295,69.11598256230354,1.7593213384971023,24330.963088989258,0.0,30.0,0.0,0.0,0.7692857142857144,0.5166000835597515,0.5071512777358294,0.03149601793847978,0.85
md_cbad_dqn,802,51,117.25261238217354,111.8728822731417,39.48272626101971,77.76988580822945,1.8053549090400338,23965.504795074463,0.0,33.0,0.0,1.0,0.7647619047619048,0.424315202049911,0.4151425361633301,0.030575552373193204,0.85
md_cbad_dqn,802,52,113.34223991632462,112.31709763521367,38.279761619865894,75.06247852742672,1.6881123688071966,21969.946964263916,0.0,33.0,0.0,1.0,0.7602380952380953,0.4802840305492282,0.470953980460763,0.031100147170946002,0.85
md_cbad_dqn,802,53,117.44516250703373,112.23392966039145,37.60973712801933,79.83542555782833,1.8171127773821354,23055.46026992798,0.0,32.0,4.0,1.0,0.7557142857142858,0.47263417206704617,0.46307069435715675,0.03187826497014612,0.85
md_cbad_dqn,802,54,104.72225032150746,109.31051614328665,35.00545212626457,69.7167981505394,1.679534513503313,20427.42404937744,0.0,30.0,0.0,1.0,0.7511904761904762,0.7276302203536034,0.7182355988770723,0.031315388856455684,0.85
md_cbad_dqn,802,55,101.27431054413319,108.90734036042731,38.72276218235493,62.55154824256897,1.652752809226513,21962.105312347412,0.0,26.0,0.0,0.0,0.7466666666666667,0.6775504648685455,0.6676819697022438,0.03289498446974903,0.85
md_cbad_dqn,802,56,90.98020093291998,109.18770507469219,34.32808270305395,56.652118095755576,1.5834773415699601,19735.572750091553,0.0,25.0,0.0,1.0,0.7421428571428572,0.5516195632517338,0.5410798033699393,0.035132515826262534,0.85
md_cbad_dqn,802,57,98.68520633131266,107.94149988747972,34.72602481395006,63.95918193459511,1.6352821700274944,20003.87162399292,0.0,29.0,0.0,0.0,0.7376190476190476,0.6544900573790073,0.6444885656237602,0.033338307635858655,0.85
md_cbad_dqn,802,58,116.54012286961078,109.21850343704064,36.89437872171402,79.64574444591999,1.7379389125853777,21680.760848999023,0.0,33.0,0.0,2.0,0.7330952380952381,0.49658333603292704,0.48591437190771103,0.035563201759941876,0.85
md_cbad_dqn,802,59,121.08319653570652,109.71065611600716,36.91805803775787,84.165137976408,1.7378257252275944,22069.5094871521,0.0,36.0,0.0,0.0,0.7285714285714286,0.6223225118592381,0.6116656605154276,0.035522828926332295,0.85
md_cbad_dqn,802,60,146.3488225833059,111.47827982164998,42.473949670791626,103.87487268899683,1.9598911423236132,25992.474487304688,0.0,35.0,14.0,1.0,0.724047619047619,0.5037480276077986,0.4933087434619665,0.03479762014467269,0.85
md_cbad_dqn,802,61,110.78785938769579,111.80909090049643,37.07850358635187,73.70935553312302,1.700178349390626,21365.29150390625,0.0,31.0,0.0,1.0,0.7195238095238095,0.6129819378256798,0.6020371560007334,0.03648259222973138,0.85
md_cbad_dqn,802,62,107.35428166389465,110.69284040413875,36.993805184960365,70.36047640442848,1.6659690774977207,21110.71417617798,0.0,29.0,0.0,1.0,0.7150000000000001,0.7694687079638243,0.7590337358415127,0.03478321887087077,0.85
md_cbad_dqn,802,63,112.86049129068851,111.37598541788834,40.23596429824829,72.62452724575996,1.7149773053824902,23017.902683258057,0.0,31.0,0.0,0.0,0.7104761904761905,0.7124324142932892,0.7013912200927734,0.036803984781727195,0.85
md_cbad_dqn,802,64,120.52308639883995,112.3982580374934,41.61755779385567,78.90552805364132,1.7760523688048124,23952.53363418579,0.0,33.0,0.0,0.0,0.7059523809523809,0.6212562397122383,0.6099764667451382,0.03759923600591719,0.85
md_cbad_dqn,802,65,113.09064123034477,111.8711796875638,36.941048696637154,76.14959226548672,1.764608602039516,21822.81865310669,0.0,33.0,0.0,0.0,0.7014285714285715,0.6811677906662226,0.6692352071404457,0.03977527539245784,0.85
md_cbad_dqn,802,66,111.47212383151054,112.0501463315231,36.93221653997898,74.5399070084095,1.7331192689016461,21746.16647720337,0.0,31.0,0.0,0.0,0.6969047619047619,0.619760924950242,0.6081411074846983,0.03873270913027227,0.85
md_cbad_dqn,802,67,109.63336239010096,112.40714308943275,37.19880833476782,72.43455484509468,1.6505292700603604,21153.92064666748,0.0,31.0,0.0,0.0,0.6923809523809523,0.5876761581748724,0.577214989811182,0.034870577743276954,0.85
md_cbad_dqn,802,68,104.28727977871895,112.15813656408015,37.050670355558395,67.2366086781025,1.6149011328816414,20685.71718978882,0.0,30.0,0.0,1.0,0.687857142857143,0.6572163198143244,0.645936680957675,0.03759880573488772,0.85
md_cbad_dqn,802,69,98.18137649893761,111.37212217952728,35.70038905739784,62.48098736703396,1.640875518321991,20184.280895233154,0.0,26.0,0.0,3.0,0.6833333333333333,0.5681665167212486,0.5578258670866489,0.034468863741494715,0.85
md_cbad_dqn,802,70,98.90963866859674,110.73871330316786,37.80841172486544,61.10122639238834,1.639433577656746,21082.719875335693,0.0,27.0,0.0,3.0,0.6788095238095238,0.8655611854046583,0.8523540487512946,0.04402379598468542,0.85
md_cbad_dqn,802,71,234.74979538791746,116.61357245345505,41.2596602588892,193.49013512902826,1.980268644168973,25683.92597579956,0.0,38.0,37.0,1.0,0.6742857142857144,0.7355783134698868,0.7228881157934666,0.04230068321339786,0.85
md_cbad_dqn,802,72,125.87117054313421,117.24001898479553,41.006094090640545,84.86507657170296,1.8289251290261745,24266.1311378479,0.0,34.0,0.0,0.0,0.6697619047619048,0.6521520465612411,0.6392038483172655,0.04316066158935428,0.85
md_cbad_dqn,802,73,87.64018122851849,115.74976992086974,30.192938081920147,57.447243601083755,1.5563627798110247,17529.87011909485,0.0,26.0,0.0,1.0,0.6652380952380952,0.7034226451069117,0.6915812604129314,0.03947127819992602,0.85
md_cbad_dqn,802,74,116.02564406394958,116.31493960799187,38.62567576766014,77.3999682366848,1.7031615795567632,21813.21128463745,0.0,33.0,0.0,2.0,0.6607142857142857,0.7194266989827156,0.7057255357503891,0.045670560328289866,0.85
md_cbad_dqn,802,75,122.15669006109238,117.35905858383983,43.71189123392105,78.44479915499687,1.7824849598109722,24251.72882080078,0.0,34.0,0.0,0.0,0.6561904761904762,0.6984024997800589,0.6837891917675734,0.04871100722812116,0.85
md_cbad_dqn,802,76,106.7766829431057,118.1488826843491,38.999806970357895,67.7768762409687,1.7108731716871262,21916.268016815186,0.0,32.0,0.0,0.0,0.6516666666666667,0.6917438935488462,0.6794204097241163,0.041078272042796016,0.85
md_cbad_dqn,802,77,105.0104537844658,118.46514505700677,35.151451513171196,69.85900274813176,1.6395811894908547,19805.847953796387,0.0,31.0,0.0,1.0,0.6471428571428571,0.6587899010628462,0.6468987390398979,0.03963721671607345,0.85
md_cbad_dqn,802,78,131.5213000959498,119.2142039183237,37.40507200360298,94.11622789863175,1.8182251350954175,22604.16058731079,0.0,37.0,16.0,1.0,0.6426190476190476,1.0291817672550678,1.017046120017767,0.04045216168742627,0.85
md_cbad_dqn,802,79,116.4441187620163,118.9822500296392,38.851554334163666,77.59256442785264,1.724103620275855,22149.48846435547,0.0,33.0,0.0,1.0,0.6380952380952382,0.7959344424307346,0.7808323577046394,0.05034026596695185,0.85
md_cbad_dqn,802,80,116.59922655820847,117.49477022838434,38.03491820394993,78.56430844366551,1.7429639641195536,22166.82733154297,0.0,33.0,0.0,1.0,0.6335714285714286,0.7639006208628416,0.7511836383491755,0.04238991462625563,0.85
md_cbad_dqn,802,81,99.64432660639287,116.9375935893192,34.90662783384323,64.73769869804383,1.7096935911104083,20969.035652160645,0.0,28.0,0.0,1.0,0.6290476190476191,0.6835433654487133,0.672323165461421,0.0374006733763963,0.85
md_cbad_dqn,802,82,102.85087236166001,116.71242312420748,35.661525934934616,67.18934609889985,1.6162175349891186,19646.056880950928,0.0,30.0,0.0,3.0,0.6245238095238095,0.8052128367125988,0.7920896671712399,0.043743891874328256,0.85
md_cbad_dqn,802,83,96.64019474387169,115.90140829686663,33.80197846889496,62.838216334581375,1.6073682019487023,19468.163272857666,0.0,27.0,0.0,0.0,0.62,0.7191795837134123,0.7056591175496578,0.045068249106407166,0.85
md_cbad_dqn,802,84,116.27864056378603,115.68918600511395,37.63929632306099,78.63934470266103,1.7382249645888805,22061.76086807251,0.0,33.0,0.0,2.0,0.6154761904761905,0.7385922968387604,0.7257608398795128,0.042771541979163885,0.85
md_cbad_dqn,802,85,114.29511960744858,115.74940992396913,39.63103476166725,74.66408490538598,1.8077669786289334,23453.752773284912,0.0,31.0,0.0,1.0,0.6109523809523809,0.8056001234799623,0.7932920418679714,0.041026925784535706,0.85
md_cbad_dqn,802,86,93.44322642982006,114.84796505388461,36.04472890496254,57.39849770367145,1.6445473171770573,20665.053855895996,0.0,27.0,0.0,2.0,0.6064285714285714,0.9487234707921743,0.9333761166781187,0.05115782446227968,0.85
md_cbad_dqn,802,87,122.88033434152604,115.51031365145585,39.92521567642689,82.9551187992096,1.828530102968216,23266.64154434204,0.0,35.0,0.0,2.0,0.6019047619047619,0.809355478733778,0.795928593724966,0.04475626803468913,0.85
md_cbad_dqn,802,88,106.96173960864544,115.64403664295219,36.414435267448425,70.54730381965638,1.685084106400609,20905.202629089355,0.0,31.0,0.0,1.0,0.5973809523809523,0.698864609003067,0.6862596869468689,0.04201641050167382,0.85
md_cbad_dqn,802,89,108.95299477875233,116.18261755694292,36.69007332623005,72.2629222869873,1.7200208138674498,21716.511291503906,0.0,31.0,0.0,1.0,0.592857142857143,0.7739291861653328,0.7609503250569105,0.04326286166906357,0.85
md_cbad_dqn,802,90,121.47805625200272,117.3110384361132,41.51326207816601,79.96479472517967,1.7682812875136733,23353.832405090332,0.0,33.0,0.0,3.0,0.5883333333333334,0.7152579594403505,0.7003548536449671,0.049677039962261915,0.85
md_cbad_dqn,802,91,105.27509225904942,110.8373032796698,36.05898752808571,69.21610540151596,1.6740047838538885,20854.893104553223,0.0,29.0,0.0,0.0,0.5838095238095238,0.8991337632760406,0.8869025781750679,0.04077061405405402,0.85
md_cbad_dqn,802,92,119.39554713666439,110.51352210934631,37.785039864480495,81.61050713062286,1.777138652279973,22009.715953826904,0.0,34.0,0.0,0.0,0.5792857142857144,0.8474682923406363,0.8342018313705921,0.044221521355211735,0.85
md_cbad_dqn,802,93,116.49795218706132,111.95641065727345,38.573811545968056,77.92414047718049,1.7968240585178137,22581.753606796265,0.0,31.0,0.0,2.0,0.5747619047619048,0.8317612372338772,0.8176737669855356,0.046958206221461296,0.85
md_cbad_dqn,802,94,117.1739632487297,112.01382661651246,40.0596484914422,77.1143150627613,1.7152493121102452,22189.02565383911,0.0,32.0,0.0,1.0,0.5702380952380952,0.8561526425182819,0.8411272894591093,0.05008447589352727,0.85
md_cbad_dqn,802,95,94.35522150099277,110.62375318850748,32.975877553224564,61.37934408187866,1.648507489822805,19186.70407485962,0.0,27.0,0.0,4.0,0.5657142857142857,0.6984676644206047,0.684171037748456,0.047655425034463406,0.85
md_cbad_dqn,802,96,110.77605417370796,110.82372175003759,35.79852782189846,74.97752636671066,1.6847275579348207,20672.721229553223,0.0,33.0,0.0,0.0,0.5611904761904762,0.7796551864594221,0.7638759575784206,0.052597434259951115,0.85
md_cbad_dqn,802,97,109.83086244761944,111.06474218319526,37.27041670680046,72.56044562160969,1.6990575660020113,20990.602787017822,0.0,31.0,0.0,1.0,0.5566666666666666,0.7480236105620861,0.7337395437061787,0.047613545204512775,0.85
md_cbad_dqn,802,98,92.18378688395023,109.0978665225953,33.720261335372925,58.463525116443634,1.6232382664456964,19669.760494232178,0.0,28.0,0.0,1.0,0.5521428571428572,0.7608134187757969,0.7459001932293177,0.04971074918285012,0.85
md_cbad_dqn,802,99,98.82169316709042,108.21674524284899,34.4807026386261,64.34099060297012,1.614251564256847,19237.73260116577,0.0,28.0,0.0,1.0,0.5476190476190477,0.7337010353803635,0.7192242126911879,0.048256072448566556,0.85
md_cbad_dqn,802,100,101.72223457992077,107.4728956439346,36.117829754948616,65.60440466105938,1.6238878387957811,20408.176906585693,0.0,28.0,0.0,2.0,0.5430952380952381,0.7198592331260443,0.7060015127062798,0.046192412031814456,0.85
md_cbad_dqn,802,101,121.02789069712162,108.54207384847105,43.08976748585701,77.93812358379364,1.7631514249369502,23837.611080169678,0.0,32.0,0.0,0.0,0.5385714285714286,0.8698169086128473,0.855839466676116,0.04659146908670664,0.85
md_cbad_dqn,802,102,111.32360026240349,108.96571024350824,34.99690438807011,76.32669618725777,1.6101222783327103,19795.29685974121,0.0,33.0,0.0,0.0,0.5340476190476191,0.9835802651941776,0.9686848521232605,0.04965134244412184,0.85
md_cbad_dqn,802,103,117.31818974912167,109.99960999377075,38.09447565674782,79.22371346652508,1.8342781383544207,22867.8878326416,0.0,33.0,0.0,1.0,0.5295238095238095,0.7884509265422821,0.7735239826142788,0.04975648457184434,0.85
md_cbad_dqn,802,104,92.75395198464393,108.82337556481362,32.136445961892605,60.61750631332397,1.6057773539796472,18789.691974639893,0.0,27.0,0.0,2.0,0.525,0.7613141294568777,0.7458819225430489,0.05144067865330726,0.85
md_cbad_dqn,802,105,105.25213476270437,108.37122632257642,41.280456602573395,63.97167833149433,1.7354474132880569,23683.429290771484,0.0,29.0,0.0,0.0,0.5204761904761905,0.8111925963312387,0.7970162779092789,0.047254411270841956,0.85
md_cbad_dqn,802,106,89.48597405105829,108.17336370363833,32.30257857590914,57.18339519202709,1.5478925509378314,18544.17852783203,0.0,25.0,0.0,0.0,0.5159523809523809,0.9042639601975679,0.8879010137170553,0.05454314220696688,0.85
md_cbad_dqn,802,107,102.33195023387671,107.14594449825583,34.46394703537226,67.86800303459168,1.5786819411441684,19101.87602996826,0.0,29.0,0.0,2.0,0.5114285714285716,0.8328193575143814,0.8179438896477222,0.04958491213619709,0.85
md_cbad_dqn,802,108,114.85745956897736,107.54073049627246,40.43248848617077,74.4249714255333,1.7731030425056815,23453.300064086914,0.0,30.0,0.0,1.0,0.506904761904762,0.7966842576861382,0.7816438544541597,0.05013468116521835,0.85
md_cbad_dqn,802,109,116.78969928622246,107.93256572164596,39.768236607313156,77.02146302163601,1.731909996829927,22466.937133789062,0.0,33.0,0.0,0.0,0.5023809523809524,1.2153844349086285,1.1995020397007465,0.05294137471355498,0.85
md_cbad_dqn,802,110,110.89730269610882,107.40352804385127,36.04683277755976,74.85047076046467,1.730061429552734,21234.38735961914,0.0,32.0,0.0,2.0,0.4978571428571429,1.0338325519114733,1.0179081354290247,0.05308138998225331,0.85
md_cbad_dqn,802,111,111.41469166576863,107.71050801418724,37.775849267840385,73.63884211480618,1.725545920431614,21759.266262054443,0.0,31.0,0.0,3.0,0.4933333333333334,0.8257755730301142,0.8099164627492428,0.052863681223243475,0.85
md_cbad_dqn,802,112,110.61448609232903,107.27145496197048,38.77867594361305,71.83581014871598,1.7152288723737001,21848.78142929077,0.0,32.0,0.0,1.0,0.4888095238095238,0.8524483777582645,0.8368818238377571,0.051888513611629605,0.85
md_cbad_dqn,802,113,97.87944249808788,106.3405294775218,35.415704905986786,62.463737308979034,1.6606157645583153,20277.879665374756,0.0,27.0,0.0,0.0,0.4842857142857143,0.8768993318080902,0.860531460493803,0.054559564450755715,0.85
md_cbad_dqn,802,114,105.49007242172956,105.75633493617178,38.55933137238026,66.93074104189873,1.6806196589022875,21534.098400115967,0.0,31.0,0.0,0.0,0.4797619047619047,0.9718790203332901,0.9581190273165703,0.04586663004010916,0.85
md_cbad_dqn,802,115,90.50061522573233,105.56360462240875,31.273513928055763,59.22710140943527,1.567932778969407,18145.819591522217,0.0,26.0,0.0,2.0,0.47523809523809524,0.8943256381899118,0.8782584331929684,0.05355732562020421,0.85
md_cbad_dqn,802,116,93.72770770788193,104.71118729911746,33.22392213344574,60.503785425424574,1.5934278694912791,18833.307596206665,0.0,26.0,0.0,1.0,0.47071428571428575,1.0566360466182232,1.0421469062566757,0.04829711967613548,0.85
md_cbad_dqn,802,117,95.18077680170536,103.97868301682175,36.34034086018801,58.84043624699116,1.6717803245410323,21007.428966522217,0.0,27.0,0.0,3.0,0.46619047619047627,1.1646699979901314,1.1498019136488438,0.04956028517335653,0.85
md_cbad_dqn,802,118,86.93422500044107,103.71620492264628,29.218713648617268,57.715511694550514,1.5315112583339214,16370.783416748047,0.0,27.0,0.0,0.0,0.46166666666666667,1.1279538311064243,1.1107319369912148,0.05740630510263145,0.85
md_cbad_dqn,802,119,128.93044395148755,105.22164246186614,45.71018582582474,83.22025764882565,1.7900121733546257,25090.11353302002,0.0,34.0,0.0,1.0,0.4571428571428572,0.9425284583121538,0.9278406910598278,0.04895920725539327,0.85
md_cbad_dqn,802,120,84.94705110788345,104.3828832882643,31.7639077603817,53.18314319849014,1.561924397945404,18257.28911590576,0.0,23.0,0.0,2.0,0.4526190476190477,1.0084501765668392,0.9916942343115807,0.05585313239134848,0.85
md_cbad_dqn,802,121,112.24687325358391,103.94383241608739,38.83685930073261,73.41001355051995,1.7569331154227257,22488.386585235596,0.0,31.0,0.0,1.0,0.4480952380952381,0.8404903132468462,0.8243728093802929,0.05372499814257026,0.85
md_cbad_dqn,802,122,91.17442681640387,102.93637374378741,32.58521578460932,58.5892114341259,1.5865469444543123,18835.26650619507,0.0,26.0,0.0,1.0,0.4435714285714286,0.8628907594829798,0.8496221471577883,0.044228707207366824,0.85
md_cbad_dqn,802,123,116.30041399896145,102.8854849562794,42.0136034488678,74.286811414361,1.7737766662612557,23356.83472442627,0.0,33.0,0.0,2.0,0.439047619047619,0.9329324048012495,0.9173718485981226,0.05186852510087192,0.85
md_cbad_dqn,802,124,107.18349435329438,103.60696207471192,36.5354200899601,70.6480739504099,1.7116422560065985,21124.702575683594,0.0,31.0,0.0,3.0,0.43452380952380953,0.8759062197059393,0.861913401633501,0.04664272768422961,0.85
md_cbad_dqn,802,125,111.30790126472712,103.90975039981306,41.36228271573782,69.94561884701253,1.754999072290957,23119.70426940918,0.0,30.0,0.0,1.0,0.43000000000000005,1.053365409374237,1.0348786860704422,0.06162238516844809,0.85
md_cbad_dqn,802,126,84.69108951985837,103.67000617325307,31.59068688005209,53.10040243864059,1.5408332450315356,17797.195053100586,0.0,26.0,0.0,2.0,0.42547619047619056,1.0613950490951538,1.044412273913622,0.056609256425872445,0.85
md_cbad_dqn,802,127,93.22556901872159,103.21468711249531,33.350223645567894,59.87534516453743,1.629619930870831,19008.55019378662,0.0,26.0,0.0,1.0,0.42095238095238097,0.8726256508380175,0.8563649207353592,0.054202408995479345,0.85
md_cbad_dqn,802,128,94.76123713850976,102.20987599097194,33.21700322628021,61.54423412084579,1.6070940336212516,18718.58917617798,0.0,26.0,0.0,1.0,0.41642857142857137,0.8323767799884081,0.814786409959197,0.058634557761251926,0.85
md_cbad_dqn,802,129,98.10779876410962,101.2757809648663,34.20414098352194,63.90365796685219,1.6229750821366906,19488.773315429688,0.0,28.0,0.0,1.0,0.4119047619047619,0.9512878023087978,0.9356054086238146,0.05227465042844415,0.85
md_cbad_dqn,802,130,90.14829407036305,100.238330533579,30.19842328131199,59.94987132549286,1.5637131445109844,17497.776176452637,0.0,28.0,0.0,2.0,0.4073809523809524,0.8424068838357925,0.8266785871237516,0.05242766789160669,0.85
md_cbad_dqn,802,131,110.42344892024994,100.18876839630308,36.242940440773964,74.18050852417946,1.707536199130118,21178.65423965454,0.0,31.0,0.0,1.0,0.4028571428571429,0.8097196519374847,0.7946583013981581,0.0502045345492661,0.85
md_cbad_dqn,802,132,85.72253595292568,98.9441708893329,30.595728367567062,55.12680730223656,1.5998526280745864,18083.06958770752,0.0,24.0,0.0,1.0,0.39833333333333343,0.8733851686120033,0.8574874456971884,0.05299242178443819,0.85
md_cbad_dqn,802,133,107.37694053351879,99.41904579110444,35.7626478523016,71.61429306864738,1.7007435355335474,20435.604206085205,0.0,32.0,0.0,0.0,0.39380952380952383,1.0469268448650837,1.0301192067563534,0.056025508558377624,0.85
md_cbad_dqn,802,134,99.96922886371613,99.14300361320377,33.525709480047226,66.44351927936077,1.650305449962616,19498.04154586792,0.0,30.0,0.0,1.0,0.38928571428571423,0.9079930409789085,0.8936276957392693,0.047884484520182014,0.85
md_cbad_dqn,802,135,101.64769197255373,99.70035745054484,34.477147459983826,67.17054322361946,1.6387622086331248,19806.735467910767,0.0,29.0,0.0,0.0,0.38476190476190475,1.1584623027592897,1.1438280045986176,0.048781028715893626,0.85
md_cbad_dqn,802,136,91.52983077764512,99.590463604033,33.42001320421696,58.10981749892235,1.6098777269944549,18789.721225738525,0.0,26.0,0.0,1.0,0.38023809523809526,1.0014942418783903,0.9859398473054171,0.0518479838501662,0.85
md_cbad_dqn,802,137,100.38520716130733,99.8506851220131,33.02228865027428,67.36291873455048,1.5805554613471031,18777.97395324707,0.0,29.0,0.0,0.0,0.3757142857142858,0.8327555805444717,0.8184685129672289,0.047623552032746375,0.85
md_cbad_dqn,802,138,99.95754858255387,100.50185130111875,31.965197525918484,67.99235153347254,1.6269193897023797,18185.43185043335,0.0,30.0,0.0,1.0,0.3711904761904763,1.0054850094020367,0.9880268387496471,0.058193858712911606,0.85
md_cbad_dqn,802,139,103.05917344391347,99.20828777574005,32.93204537034035,70.12712798416615,1.6301362635567784,18884.973358154297,0.0,30.0,0.0,2.0,0.3666666666666667,1.1986093018203974,1.1842080652713776,0.04800411593168974,0.85
md_cbad_dqn,802,140,95.15090628862382,99.71848053477706,31.55758799612522,63.59331848621368,1.5860349051654339,18122.066356658936,0.0,28.0,0.0,2.0,0.3621428571428572,0.99116001278162,0.9772887043654919,0.04623773158527911,0.85
md_cbad_dqn,802,141,100.63765342533588,99.13801954336466,34.52276785671711,66.11488543450832,1.6225913250818849,19637.216876983643,0.0,28.0,0.0,0.0,0.3576190476190476,1.253003764897585,1.2373536340892315,0.052167105954140425,0.85
md_cbad_dqn,802,142,114.516411870718,100.30511879608036,37.86010131239891,76.65631079673767,1.6965020326897502,21447.178871154785,0.0,34.0,0.0,1.0,0.35309523809523813,1.2035070806741714,1.1894639246165752,0.04681055899709463,0.85
md_cbad_dqn,802,143,96.76780964434147,99.32848857834935,35.19355496764183,61.57425567507744,1.6853456320241094,20156.514560699463,0.0,28.0,0.0,0.0,0.34857142857142864,0.9314047656953335,0.9153916891664267,0.05337693658657372,0.85
md_cbad_dqn,802,144,95.27816432714462,98.73322207704186,33.44168063998222,61.83648423850536,1.623482565395534,18958.991905212402,0.0,28.0,0.0,0.0,0.34404761904761905,0.8892121519893408,0.8733441904187202,0.05289318831637502,0.85
md_cbad_dqn,802,145,95.55517022311687,97.94558552496134,32.62592426687479,62.92924574017525,1.6041914466768503,18753.49697494507,0.0,30.0,0.0,1.0,0.33952380952380956,0.9917757716029882,0.9752577766776085,0.05506000993773341,0.85
md_cbad_dqn,802,146,102.42926220744849,98.83249415934087,36.16009556502104,66.26916701495648,1.6301819803193212,19917.85542678833,0.0,29.0,0.0,1.0,0.3350000000000001,0.9207328371703625,0.9067271761596203,0.046685537323355675,0.85
md_cbad_dqn,802,147,67.98624262958765,97.57052783988418,27.239016942679882,40.747226014733315,1.432370881550014,14967.52791595459,0.0,20.0,0.0,1.0,0.3304761904761905,0.8542892765253782,0.8399871215224266,0.04767384147271514,0.85
md_cbad_dqn,802,148,91.42736838757992,97.40383440233768,30.426828160881996,61.000540375709534,1.5952707035467029,17562.218559265137,0.0,30.0,0.0,1.0,0.325952380952381,1.0843589827418327,1.0700061172246933,0.04784283321350813,0.85
md_cbad_dqn,802,149,95.25200971215963,97.26104494974018,33.64216323941946,61.609846487641335,1.603678666986525,19151.1688079834,0.0,30.0,0.0,0.0,0.3214285714285714,1.133768955245614,1.1208549588918686,0.04304665618110448,0.85
md_cbad_dqn,802,150,88.57156041562557,97.18220826700329,32.466924250125885,56.10463610589504,1.575314094312489,18200.487216949463,0.0,24.0,0.0,3.0,0.3169047619047619,1.1059676297008991,1.091669037938118,0.04766198294237256,0.85
md_cbad_dqn,802,151,102.40663446485996,96.7813675442338,36.83187308907509,65.57476107776165,1.6569267138838768,20553.67780303955,0.0,30.0,0.0,1.0,0.3123809523809524,0.9962741285562515,0.9810645114630461,0.05069873831234872,0.85
md_cbad_dqn,802,152,98.23935002088547,97.40720824763179,33.97034091502428,64.26900923252106,1.5619972059503198,18819.05918121338,0.0,29.0,0.0,0.0,0.30785714285714294,1.0369533728808165,1.0229329597204924,0.046734714531339705,0.85
md_cbad_dqn,802,153,96.85674562454224,96.88119850218297,35.728096321225166,61.12864897549152,1.6293903486803174,19671.190185546875,0.0,27.0,0.0,1.0,0.30333333333333345,1.1260629147291183,1.111386613920331,0.04892103443853557,0.85
md_cbad_dqn,802,154,114.75575065612793,97.62052459180356,35.46162385493517,79.29412665963173,1.6683288142085075,20255.813957214355,0.0,35.0,0.0,0.0,0.29880952380952375,1.022538235411048,1.0071553699672222,0.0512762141879648,0.85
md_cbad_dqn,802,155,93.70671041458846,97.2234755139053,31.398908123373985,62.30780209749937,1.5980076547712088,18099.63009262085,0.0,27.0,0.0,2.0,0.29428571428571426,0.9562777988612652,0.9429179076105356,0.044532956555485725,0.85
md_cbad_dqn,802,156,96.66146333515644,97.48005714178086,32.66726815700531,63.994194477796555,1.6078342599794269,18861.85683441162,0.0,28.0,0.0,0.0,0.2897619047619048,1.0896237548440695,1.0741178505122662,0.05168632371351123,0.85
md_cbad_dqn,802,157,106.45015403032303,97.78330448523165,36.743503369390965,69.70665096640587,1.6287623886018991,19921.44121170044,0.0,31.0,0.0,1.0,0.2852380952380953,1.3072596527636051,1.2924471087753773,0.04937515780329704,0.85
md_cbad_dqn,802,158,106.2744850218296,98.09915130719544,39.32319965958595,66.95128524303436,1.69107221160084,21522.701461791992,0.0,29.0,0.0,0.0,0.2807142857142858,1.2025433015078306,1.1887425873428583,0.0460023726336658,0.85
md_cbad_dqn,802,159,87.71326602995396,97.33185593649746,32.836755499243736,54.87651079893112,1.5703741339966655,17985.457920074463,0.0,26.0,0.0,0.0,0.2761904761904763,0.9472112860530615,0.9323009550571442,0.049701132113114,0.85
md_cbad_dqn,802,160,92.46563902497292,97.1975925733149,32.50847114622593,59.957167610526085,1.58568259421736,18392.043823242188,0.0,27.0,0.0,0.0,0.2716666666666666,1.1659661754965782,1.1507804412394762,0.05061909672804177,0.85
md_cbad_dqn,802,161,95.91049049794674,96.96123442694545,34.998513236641884,60.91197690367699,1.6316321026533842,19677.798595428467,0.0,27.0,0.0,0.0,0.2671428571428571,1.121943224221468,1.1087692100554705,0.04391338978894055,0.85
md_cbad_dqn,802,162,94.06918139755726,95.93887290328742,32.22171688079834,61.84746487438679,1.5772737311199307,18097.90249633789,0.0,27.0,0.0,1.0,0.26261904761904764,0.9617028906941414,0.9468205869197845,0.049607680877670646,0.85
md_cbad_dqn,802,163,96.46458072215319,95.923711457178,32.82514838129282,63.63943211734295,1.5919377878308296,18541.191493988037,0.0,29.0,0.0,0.0,0.25809523809523816,1.3181876353919506,1.304829403758049,0.0445274708326906,0.85
md_cbad_dqn,802,164,98.41563087105752,96.08058478437366,33.14130098372698,65.27432983517647,1.5945868222042918,18471.68751525879,0.0,28.0,0.0,1.0,0.25357142857142867,1.3264115154743195,1.3124719746410847,0.046465161023661494,0.85
md_cbad_dqn,802,165,84.46970871239901,95.52631170883777,31.685624286532402,52.78408480584621,1.5533293569460511,18256.100589752197,0.0,24.0,0.0,1.0,0.24904761904761907,0.9893984161317348,0.9737034812569618,0.052316435845568776,0.85
md_cbad_dqn,802,166,64.0617078781128,93.60793399237097,27.619957223534584,36.44175045341253,1.4457581927999854,15312.92282485962,0.0,19.0,0.0,2.0,0.2445238095238096,1.0281616188585758,1.0150828417390585,0.04359593219123781,0.85
md_cbad_dqn,802,167,83.33514534980058,94.37537912838162,29.5729106888175,53.76223491430282,1.5007749553769827,16894.57036590576,0.0,26.0,0.0,2.0,0.24,0.964843962341547,0.9510505218058825,0.04597815964370966,0.85
md_cbad_dqn,802,168,93.88544775545597,94.49828309677542,31.68416851758957,62.2012785077095,1.568628947250545,17636.788055419922,0.0,27.0,0.0,0.0,0.2354761904761905,1.1446222942322493,1.130722001194954,0.04633431532420218,0.85
md_cbad_dqn,802,169,105.21414397656918,94.9963898099959,34.964773058891296,70.24937081336975,1.68241719994694,19977.199434280396,0.0,29.0,0.0,2.0,0.23095238095238102,1.1699673496186733,1.1554640755057335,0.04834426357410848,0.85
md_cbad_dqn,802,170,89.42655178904533,95.03913937866687,32.98869006335735,56.437861412763596,1.5654239347204566,18185.37811279297,0.0,27.0,0.0,0.0,0.22642857142857142,1.2429595086723566,1.2280868962407112,0.04957540438044816,0.85
md_cbad_dqn,802,171,93.10235877335072,94.57392559409142,33.74766664206982,59.35469272732735,1.6147762592881918,19386.76315689087,0.0,26.0,0.0,1.0,0.22190476190476194,1.1657863892614841,1.1500455923378468,0.052469330839812756,0.85
md_cbad_dqn,802,172,106.10497945547104,94.9672070658207,36.101228296756744,70.00375068187714,1.698671480640769,20888.95108795166,0.0,30.0,0.0,0.0,0.21738095238095245,1.121056217700243,1.105317560955882,0.052462217514403164,0.85
md_cbad_dqn,802,173,77.34826616346837,93.99178309276701,30.788782328367233,46.55948385000229,1.4871081598103046,16805.67846107483,0.0,23.0,0.0,1.0,0.21285714285714286,1.0853108875453472,1.0708348415791988,0.04825352702755481,0.85
md_cbad_dqn,802,174,93.29711274057627,92.91885119698942,33.71681644767523,59.580295741558075,1.5520507795736194,18945.427249908447,0.0,27.0,0.0,1.0,0.20833333333333337,0.9603757355362177,0.9463598765432835,0.04671954538207501,0.85
md_cbad_dqn,802,175,72.14149018377066,91.84059018544853,28.335130877792835,43.80635918676853,1.4680037274956703,15693.114812850952,0.0,21.0,0.0,1.0,0.20380952380952377,1.2277481500059366,1.2141312137246132,0.045389803824946284,0.85
md_cbad_dqn,802,176,90.89458539485932,91.55224628843368,31.752367235720158,59.142217913269995,1.5367301190271974,17610.102619171143,0.0,28.0,0.0,1.0,0.1992857142857143,1.0659041311591864,1.0520166587084532,0.04629157413728535,0.85
md_cbad_dqn,802,177,85.6971692442894,90.51459704913199,32.72077535092831,52.97639420628548,1.5704260310158134,18325.018222808838,0.0,24.0,0.0,0.0,0.1947619047619048,1.09474141523242,1.0827064234763384,0.04011662071570754,0.85
md_cbad_dqn,802,178,96.02787765264512,90.00226668067278,32.43271617591381,63.59516165554523,1.5804978236556053,18299.991889953613,0.0,29.0,0.0,1.0,0.19023809523809532,1.1029961947351694,1.089453000575304,0.04514400288462639,0.85
md_cbad_dqn,802,179,92.67098329365254,90.25015254385771,32.82734704017639,59.84363623857498,1.6114897280931473,18502.42929840088,0.0,27.0,0.0,2.0,0.18571428571428583,1.231452975422144,1.2170492373406887,0.048012447194196284,0.85
md_cbad_dqn,802,180,87.87940738350153,90.02084096178415,31.431974165141582,56.44743265211582,1.5258442368358374,17475.372901916504,0.0,26.0,0.0,0.0,0.18119047619047624,1.2335292864590883,1.2204344980418682,0.043649278581142426,0.85
md_cbad_dqn,802,181,78.11129970401525,89.13088142208757,30.027654200792313,48.083645689487454,1.5089768450707197,16994.90877342224,0.0,22.0,0.0,2.0,0.17666666666666664,1.1128622610121965,1.0994342751801014,0.044759977608919144,0.85
md_cbad_dqn,802,182,58.78352943062782,87.36659882374109,25.65069290995598,33.13283656537533,1.4034398812800646,14794.266536712646,0.0,17.0,0.0,0.0,0.17214285714285715,1.08008942194283,1.0658694487065077,0.04739988339133561,0.85
md_cbad_dqn,802,183,65.30264619141818,85.80850209720434,26.316120699048042,38.98652539551258,1.413668260909617,14360.663459777832,0.0,19.0,0.0,1.0,0.16761904761904767,1.0420041419565678,1.0283698923885822,0.04544747911859304,0.85
md_cbad_dqn,802,184,100.84728615731001,85.93008486151696,35.02124843001366,65.82603769004345,1.6485612588003278,19605.380290985107,0.0,29.0,0.0,0.0,0.16309523809523818,1.0189341455698013,1.0055201705545187,0.044713225797750056,0.85
md_cbad_dqn,802,185,85.41924988031387,85.97756191991269,28.82782707363367,56.591422739624974,1.4882886046543717,16114.409996032715,0.0,25.0,0.0,3.0,0.1585714285714287,1.1936623193323612,1.180760607123375,0.04300564248114824,0.85
md_cbad_dqn,802,186,105.29046937823296,88.0389999949187,34.620729207992554,70.66974076628685,1.6234500566497445,19227.953853607178,0.0,31.0,0.0,1.0,0.1540476190476191,1.1363277323544025,1.1238685064017773,0.04153074766509235,0.85
md_cbad_dqn,802,187,89.47171152532101,88.34582830369473,32.7120281457901,56.75968331992626,1.572574627585709,17964.738166809082,0.0,25.0,0.0,1.0,0.1495238095238095,1.213732935488224,1.1999218724668026,0.046036871848627925,0.85
md_cbad_dqn,802,188,91.00909943282605,88.20201088756323,31.60201671719551,59.40708198547363,1.5740740997716784,17684.358364105225,0.0,27.0,0.0,2.0,0.14500000000000002,1.1623409502208233,1.1485846303403378,0.04585440387018025,0.85
md_cbad_dqn,802,189,78.31836266964675,86.85722182221711,30.161416836082935,48.156945475935935,1.4780793115496635,16600.01575279236,0.0,22.0,0.0,1.0,0.14047619047619053,1.499978445470333,1.48500507324934,0.04991119168698788,0.85
md_cbad_dqn,802,190,94.36785051971674,87.10428675875069,32.644498370587826,61.723352789878845,1.6295972634106874,18873.11953163147,0.0,28.0,0.0,0.0,0.13595238095238105,1.065357267856598,1.0526589266955853,0.042327793897129595,0.85
md_cbad_dqn,802,191,82.75275532305241,86.58680658623578,31.375123225152493,51.37763207554817,1.557076738215983,17655.9755859375,0.0,24.0,0.0,1.0,0.13142857142857145,1.1841961313039064,1.1702212803065777,0.046582828275859356,0.85
md_cbad_dqn,802,192,93.41076152026653,85.95209568947556,34.47022470086813,58.94053649902344,1.6193455886095762,19588.970262527466,0.0,27.0,0.0,0.0,0.12690476190476196,1.0865130219608545,1.0721969939768314,0.04772012494504452,0.85
md_cbad_dqn,802,193,95.99088111519814,86.88422643706204,31.028138130903244,64.96274358034134,1.5667635751888156,17321.67929840088,0.0,28.0,0.0,1.0,0.12238095238095237,1.1235885377973318,1.1092176605015993,0.047902924474328756,0.85
md_cbad_dqn,802,194,69.14795403182507,85.67676850162448,26.97560229897499,42.1723515689373,1.449119471013546,15677.331756591797,0.0,21.0,0.0,2.0,0.11785714285714288,1.0746115185320377,1.0613990221172571,0.04404166666790843,0.85
md_cbad_dqn,802,195,82.45388552695513,86.1923882687837,30.044158846139908,52.40972679257393,1.4939034702256322,16556.825645446777,0.0,24.0,0.0,1.0,0.1133333333333334,1.144602993503213,1.1299330610781908,0.04889978654682636,0.85
md_cbad_dqn,802,196,78.92428978681565,85.59387348838152,27.30347027629614,51.6208192050457,1.457052250392735,15605.26025390625,0.0,23.0,0.0,2.0,0.1088095238095238,1.0493025798350573,1.0371316280215979,0.04056983441114426,0.85
md_cbad_dqn,802,197,84.9387585759163,85.55595295496286,29.639690726995468,55.29906746149063,1.4919187361374497,16551.37335586548,0.0,27.0,0.0,2.0,0.10428571428571431,0.7596000656485558,0.7457825243473053,0.04605848295614123,0.85
md_cbad_dqn,802,198,83.95147906243801,84.95213302545251,31.32701925188303,52.62445989251137,1.5422565210610628,17494.299118041992,0.0,24.0,0.0,0.0,0.09976190476190483,1.0257927030324936,1.013265322893858,0.0417579747736454,0.85
md_cbad_dqn,802,199,75.12089264392853,84.0746284929663,26.32323284447193,48.79765997827053,1.4751972425729036,15113.747814178467,0.0,24.0,0.0,0.0,0.09523809523809534,1.1673655342310667,1.1539048254489899,0.0448690343182534,0.85
md_cbad_dqn,802,200,76.23810982704163,83.49256361514331,28.512591615319252,47.72551845014095,1.4859249265864491,16041.240711212158,0.0,24.0,0.0,0.0,0.09071428571428575,1.061197081580758,1.0477719232439995,0.044750507920980453,0.85
md_cbad_dqn,802,201,68.60989690572023,83.01749347522855,28.006023205816746,40.603873550891876,1.449767847545445,15459.866958618164,0.0,20.0,0.0,0.0,0.08619047619047626,1.1678500287234783,1.1551049463450909,0.042483584489673376,0.85
md_cbad_dqn,802,202,87.15209138393402,84.43592157289386,29.874157056212425,57.27793416380882,1.5346210291609168,16507.172706604004,0.0,26.0,0.0,0.0,0.08166666666666667,1.1062350869178772,1.0939912870526314,0.0408126738620922,0.85
md_cbad_dqn,802,203,78.42688335478306,85.0921334310621,28.926340110599995,49.500543758273125,1.4865213902667165,16102.290922164917,0.0,23.0,0.0,1.0,0.07714285714285718,1.3463253732770681,1.331538088619709,0.04929097602143884,0.85
md_cbad_dqn,802,204,90.02276129424573,84.5509071879089,30.614329993724823,59.40843158364296,1.5433987407013774,17050.145807266235,0.0,28.0,0.0,1.0,0.0726190476190477,1.1919909212738276,1.1785193234682083,0.04490526649169624,0.85
md_cbad_dqn,802,205,91.64393119812011,84.86214125379921,32.3356915935874,59.30823944807052,1.5633010156452656,17884.237636566162,0.0,27.0,0.0,3.0,0.06809523809523821,1.152695057913661,1.1386987417936325,0.04665440693497658,0.85
md_cbad_dqn,802,206,92.23981592059135,84.20960858091713,31.4071494191885,60.83266632258892,1.5549708399921656,17259.111560821533,0.0,27.0,0.0,1.0,0.06357142857142861,1.0485604498535395,1.0354500450193882,0.04370133392512798,0.85
md_cbad_dqn,802,207,71.34631490707397,83.30333875000477,29.053291134536266,42.29302380979061,1.4907113974913955,16470.508571624756,0.0,21.0,0.0,0.0,0.059047619047619015,1.0360147263854742,1.0228406712412834,0.04391358350403607,0.85
md_cbad_dqn,802,208,66.8476297646761,82.09526526659728,26.74922102689743,40.098408782482146,1.4262238116934896,15105.73440170288,0.0,20.0,0.0,1.0,0.05452380952380953,1.2266345545649529,1.2128006387501955,0.04611300979740918,0.85
md_cbad_dqn,802,209,85.13926830887794,82.43631054855884,30.474134504795074,54.66513352096081,1.5604766700416803,17415.06276321411,0.0,25.0,0.0,0.0,0.050000000000000044,1.346757309511304,1.3332341220229864,0.04507726454176009,0.85
md_cbad_dqn,802,210,80.19161774367095,81.72749890975656,28.530535377562046,51.661082530021666,1.4893556823953986,16121.804851531982,0.0,23.0,0.0,1.0,0.050000000000000044,1.1205051857978106,1.1081502344459295,0.041183191700838506,0.85
md_cbad_dqn,802,211,78.35985040664673,81.50785366393627,27.254584327340126,51.10526591539383,1.492808393202722,15614.172161102295,0.0,24.0,0.0,1.0,0.050000000000000044,1.2221823334693909,1.2095013950020075,0.04226980055682361,0.85
md_cbad_dqn,802,212,70.7959891885519,80.37711504735053,27.818485625088215,42.97750309407711,1.4400282772257924,15215.583850860596,0.0,22.0,0.0,2.0,0.050000000000000044,1.0323863960802555,1.017742795869708,0.048811971792019904,0.85
md_cbad_dqn,802,213,58.05985136479139,78.48056355983019,24.777058213949203,33.28279296457767,1.3959664097055793,13991.609823226929,0.0,19.0,0.0,1.0,0.050000000000000044,1.1927413158118725,1.1791572626680136,0.04528020182624459,0.85
md_cbad_dqn,802,214,88.56529477238655,79.45143059685827,30.52041734009981,58.04487735033035,1.5544275101274252,17353.799312591553,0.0,25.0,0.0,0.0,0.050000000000000044,1.2744523249566555,1.2609737981110811,0.044928411953151226,0.85
md_cbad_dqn,802,215,83.86570201963187,79.5220214214921,28.62086022645235,55.2448423743248,1.4887757524847984,15980.057765960693,0.0,26.0,0.0,1.0,0.050000000000000044,1.0459874905645847,1.0329332407563925,0.04351418046280742,0.85
md_cbad_dqn,802,216,76.5401714399457,79.4028155041486,27.686691664159298,48.8534797757864,1.4540502559393644,15486.003890991211,0.0,23.0,0.0,2.0,0.050000000000000044,1.290362175554037,1.2764773666858673,0.04628272051922977,0.85
md_cbad_dqn,802,217,58.21346425414085,78.06655078805983,26.026800788939,32.186662980914114,1.3933664970099926,14442.924537658691,0.0,16.0,0.0,1.0,0.050000000000000044,1.467184528708458,1.452158622443676,0.05008635064586997,0.85
md_cbad_dqn,802,218,74.23654429018498,77.58080404944718,27.729655250906944,46.50688883066177,1.4429512126371264,15554.785987854004,0.0,21.0,0.0,1.0,0.050000000000000044,1.4920484386384487,1.4785005189478397,0.04515969718340784,0.85
md_cbad_dqn,802,219,63.88395601660013,77.01895721808077,25.304880037903786,38.57907656729221,1.4133324278518558,14437.774887084961,0.0,21.0,0.0,1.0,0.050000000000000044,1.2830054238438606,1.2696517035365105,0.04451236710883677,0.85
md_cbad_dqn,802,220,72.44371855258942,76.82923765435815,28.055038273334503,44.38868014514446,1.4834133153781295,16232.38688659668,0.0,21.0,0.0,2.0,0.050000000000000044,1.078305209055543,1.0656933672726154,0.042039452819153666,0.85
md_cbad_dqn,802,221,74.94775170981885,77.14613039456309,27.44370909035206,47.50404235124588,1.4333484442904592,14859.243696212769,0.0,23.0,0.0,1.0,0.050000000000000044,1.4455656800419092,1.430592268705368,0.04991137329488993,0.85
md_cbad_dqn,802,222,68.85563647150994,76.2313076489419,26.78715291619301,42.06848385334015,1.4328543609008193,15163.065521240234,0.0,19.0,0.0,1.0,0.050000000000000044,1.0650583077222109,1.0514924991875887,0.04521936131641269,0.85
md_cbad_dqn,802,223,86.00713620483876,76.61032029144467,30.9663674980402,55.04076918363571,1.5261255037039518,17500.180488586426,0.0,23.0,0.0,1.0,0.050000000000000044,1.3764373809099197,1.3630610387772322,0.04458779492415488,0.85
md_cbad_dqn,802,224,107.13283641040326,77.46582404725255,36.28674395382404,70.84609275460244,1.7054814016446471,20272.650772094727,0.0,31.0,0.0,3.0,0.050000000000000044,1.2301071770489216,1.2154199294745922,0.048957490012981,0.85
md_cbad_dqn,802,225,68.16547682136297,76.2919013284147,25.71020068973303,42.455276146531105,1.4125630566850305,14306.838478088379,0.0,22.0,0.0,0.0,0.050000000000000044,1.1507704872637987,1.1366868894547224,0.04694530088454485,0.85
md_cbad_dqn,802,226,73.81922298073769,75.37087168142202,27.209455735981464,46.60976677536964,1.4504090724512935,15307.511623382568,0.0,23.0,0.0,1.0,0.050000000000000044,1.2777791731059551,1.266028270125389,0.03916963597293943,0.85
md_cbad_dqn,802,227,85.78437547385693,76.09277470976116,31.712698101997375,54.071677550673485,1.5634383475407958,18429.421810150146,0.0,25.0,0.0,1.0,0.050000000000000044,1.2314665354788303,1.2182070333510637,0.04419831687118858,0.85
md_cbad_dqn,802,228,75.32346240580083,76.5165663418174,27.570286452770233,47.753176206350325,1.449952649883926,15266.438766479492,0.0,22.0,0.0,1.0,0.050000000000000044,1.3656380362808704,1.3494737036526203,0.05388109723571688,0.85
md_cbad_dqn,802,229,74.50485143959523,75.98484549835327,26.309171736240387,48.195679852366446,1.4375023106113076,14880.986949920654,0.0,24.0,0.0,2.0,0.050000000000000044,1.3397274389863014,1.3262363113462925,0.04497045779135078,0.85
md_cbad_dqn,802,230,75.35523621290922,75.74302642181517,29.515273571014404,45.83996244072914,1.4757966902107,16117.99739074707,0.0,22.0,0.0,3.0,0.050000000000000044,1.127726923674345,1.1146428138017654,0.04361366049852222,0.85
md_cbad_dqn,802,231,67.77078531682491,75.21357316732409,26.699559189379215,41.07122649252415,1.421833273023367,14910.966663360596,0.0,19.0,0.0,0.0,0.050000000000000044,1.228923212736845,1.2153713647276163,0.04517280077561736,0.85
md_cbad_dqn,802,232,103.38747451603413,76.84314743369819,34.632718190550804,68.75475632548333,1.6417534481734037,19484.51690673828,0.0,30.0,0.0,2.0,0.050000000000000044,1.0890536420047283,1.0744464602321386,0.04869064153172076,0.85
md_cbad_dqn,802,233,94.16470155417919,78.64838994316759,30.205412454903126,63.959289047122,1.537041287869215,16872.2212600708,0.0,29.0,0.0,2.0,0.050000000000000044,1.2072633542120457,1.1931976154446602,0.046885792864486575,0.85
md_cbad_dqn,802,234,95.67846706807613,79.00404855795205,35.44936627149582,60.2291011095047,1.646408655680716,19582.852989196777,0.0,27.0,0.0,3.0,0.050000000000000044,1.2830960731953382,1.2698991373181343,0.04398975567892194,0.85
md_cbad_dqn,802,235,86.46153952479362,79.13384043321014,30.738539844751358,55.72299935221672,1.5276100169867277,17079.733478546143,0.0,25.0,0.0,2.0,0.050000000000000044,1.4048480838537216,1.3900622334331274,0.049286180874332786,0.85
md_cbad_dqn,802,236,56.92529187500477,78.15309645496309,24.826196685433388,32.099095144867896,1.3803953379392624,14058.795574188232,0.0,18.0,0.0,1.0,0.050000000000000044,1.2658302169293165,1.253827964887023,0.040007517440244555,0.85
md_cbad_dqn,802,237,74.31591656953097,78.95821907073261,27.422789491713047,46.893127182126044,1.449497084133327,15304.067523956299,0.0,22.0,0.0,2.0,0.050000000000000044,1.139586878940463,1.1259851828217506,0.045338943134993315,0.85
md_cbad_dqn,802,238,66.94711009413004,78.59374736092985,27.72273064404726,39.22437959909439,1.4527452820912004,15744.98694229126,0.0,20.0,0.0,1.0,0.050000000000000044,1.2913686521351337,1.2769778780639172,0.04796925280243158,0.85
md_cbad_dqn,802,239,93.32592195570469,80.06584565788509,33.40610074996948,59.91982099711895,1.6055562878027558,18861.294589996338,0.0,28.0,0.0,3.0,0.050000000000000044,1.3510836064815521,1.3374302461743355,0.0455112085910514,0.85
md_cbad_dqn,802,240,94.71233973652124,81.17927671708168,31.441265545785427,63.271074920892715,1.5846924474462867,18168.667991638184,0.0,28.0,0.0,1.0,0.050000000000000044,1.20506177470088,1.1919978633522987,0.04354637593496591,0.85
md_cbad_dqn,802,241,86.14218253791333,81.7389982584864,27.861026011407375,58.28115608692169,1.4706162149086595,15703.820568084717,0.0,26.0,0.0,1.0,0.050000000000000044,1.1905810739845037,1.1765496153384447,0.04677152493968606,0.85
md_cbad_dqn,802,242,88.58409144282341,82.72542100705206,31.041179537773132,57.54291186034679,1.5697793439030647,17682.26312828064,0.0,26.0,0.0,2.0,0.050000000000000044,1.6305640414357185,1.619083907455206,0.03826709557324648,0.85
md_cbad_dqn,802,243,83.5096022874117,82.60054431118073,29.058675229549408,54.45092693865299,1.4838568847626448,15980.573181152344,0.0,26.0,0.0,1.0,0.050000000000000044,1.2546550370752811,1.2420199401676655,0.04211703245528042,0.85
md_cbad_dqn,802,244,87.65912362933159,81.62685867212714,30.334136299788952,57.324987068772316,1.5295463986694813,17600.952083587646,0.0,25.0,0.0,0.0,0.050000000000000044,0.9937148671597242,0.9806678146123886,0.04349017969798297,0.85
md_cbad_dqn,802,245,77.02581335604191,82.06987549886108,27.792584098875523,49.233229637145996,1.4868291821330786,16069.128868103027,0.0,23.0,0.0,0.0,0.050000000000000044,1.2539120241999626,1.239807240664959,0.0470159127144143,0.85
md_cbad_dqn,802,246,76.13610676079989,82.1857196878642,26.845441192388535,49.29066582918167,1.4246243881061673,14658.138423919678,0.0,25.0,0.0,1.0,0.050000000000000044,1.2785969860851765,1.2665254063904285,0.04023860569577664,0.85
md_cbad_dqn,802,247,93.23890499919654,82.55844616413117,32.301401138305664,60.937503734230994,1.5686931740492582,18050.902002334595,0.0,26.0,0.0,2.0,0.050000000000000044,1.6712365578860044,1.6577437818050385,0.04497588472440839,0.85
md_cbad_dqn,802,248,69.18562518805265,82.25155430324376,26.289125464856625,42.89649918675423,1.4071509446948767,14576.883512496948,0.0,22.0,0.0,1.0,0.050000000000000044,1.3040755856782198,1.2906619366258383,0.0447121593169868,0.85
md_cbad_dqn,802,249,85.4204023629427,82.79733184941114,29.47979448735714,55.94060790538788,1.526217964477837,16787.83835220337,0.0,27.0,0.0,0.0,0.050000000000000044,1.131538501009345,1.1166898142546415,0.049495614133775234,0.85
md_cbad_dqn,802,250,81.56340544074774,83.10774031080307,31.007249377667904,50.55615628659725,1.529475163668394,17252.79294204712,0.0,24.0,0.0,4.0,0.050000000000000044,1.4820345677435398,1.4679456744343042,0.04696297983173281,0.85
md_cbad_dqn,802,251,85.79063384234905,84.00873273707927,29.048609778285027,56.7420247644186,1.5264360373839736,16698.559448242188,0.0,27.0,0.0,0.0,0.050000000000000044,1.2698078751564026,1.2567837666720152,0.043413726380094886,0.85
md_cbad_dqn,802,252,65.58515104651451,82.1186165636033,27.07204358279705,38.51310712099075,1.4310904946178198,15109.75256729126,0.0,20.0,0.0,2.0,0.050000000000000044,1.5974112153053284,1.5835350342094898,0.046253889915533364,0.85
md_cbad_dqn,802,253,80.7882368579507,81.44979332879186,29.18861611932516,51.59962051510811,1.4861079808324575,16032.967601776123,0.0,23.0,0.0,1.0,0.050000000000000044,1.35462237149477,1.3422683663666248,0.04118001740425825,0.85
md_cbad_dqn,802,254,93.72908140122891,81.3523240454495,33.735796704888344,59.993284651637076,1.5840665828436613,18741.15189743042,0.0,26.0,0.0,1.0,0.050000000000000044,1.4475261270999908,1.435187328606844,0.041129302815534174,0.85
md_cbad_dqn,802,255,95.72549663484097,81.81552190095188,32.30889032036066,63.41660648584366,1.5703672440722585,18154.88111114502,0.0,28.0,0.0,2.0,0.050000000000000044,1.6121227089315653,1.5986466519534588,0.04492017743177712,0.85
md_cbad_dqn,802,256,71.684803545475,82.55349748447539,27.305602706968784,44.37920033931732,1.4605571422725916,15629.226264953613,0.0,22.0,0.0,0.0,0.050000000000000044,1.619826141744852,1.606670517474413,0.0438520573079586,0.85
md_cbad_dqn,802,257,107.82699126303196,84.22905121915042,35.335104420781136,72.49188709557056,1.6477460693567991,19541.86591720581,0.0,30.0,0.0,2.0,0.050000000000000044,1.405507542192936,1.3926730751991272,0.042781530413776636,0.85
md_cbad_dqn,802,258,79.02185559272766,84.8327884940803,29.552212834358215,49.4696424305439,1.4949038438498974,16507.349647521973,0.0,24.0,0.0,0.0,0.050000000000000044,1.2725614849478006,1.2594466134905815,0.04371623205952346,0.85
md_cbad_dqn,802,259,71.96893209964037,83.76493900127709,26.587538734078407,45.38139380514622,1.411457828246057,14817.985301971436,0.0,23.0,0.0,1.0,0.050000000000000044,1.4455305114388466,1.4342752285301685,0.037517619552090764,0.85
md_cbad_dqn,802,260,74.66008143126965,82.7623260860145,30.061986982822418,44.598094403743744,1.4943478722125292,16972.885986328125,0.0,22.0,0.0,0.0,0.050000000000000044,1.3024110179394484,1.2906932104378939,0.03905935736838728,0.85
md_cbad_dqn,802,261,87.13405471295118,82.8119196947664,30.28189319372177,56.85216090083122,1.5400535995140672,17079.152755737305,0.0,27.0,0.0,0.0,0.050000000000000044,1.649413987994194,1.6361707784235477,0.0441440655849874,0.85
md_cbad_dqn,802,262,74.11928833425046,82.08867953933776,28.95806922763586,45.16121939718723,1.4908724827691913,16156.290756225586,0.0,22.0,0.0,1.0,0.050000000000000044,1.528131328523159,1.5153453834354877,0.04261983651667833,0.85
md_cbad_dqn,802,263,64.46448785513638,81.13642381772401,26.451956279575825,38.012531605362895,1.407469461672008,15019.830501556396,0.0,18.0,0.0,3.0,0.050000000000000044,1.1277069598436356,1.114345571026206,0.04453796776942909,0.85
md_cbad_dqn,802,264,84.44470973461867,80.97570312298836,28.77957045286894,55.66513934135437,1.4950844682753086,16053.667316436768,0.0,26.0,0.0,1.0,0.050000000000000044,1.0786552708595991,1.0669172070920467,0.039126894320361316,0.85
md_cbad_dqn,802,265,82.86723213791848,81.26777406208218,29.93565709888935,52.931574994325636,1.5200206134468317,17295.18776512146,0.0,24.0,0.0,1.0,0.050000000000000044,1.212024176493287,1.1981162782758474,0.04635961353778839,0.85
md_cbad_dqn,802,266,72.08411381393671,81.06517441473903,28.346223294734955,43.73789043724537,1.459063058719039,15699.591863632202,0.0,22.0,0.0,1.0,0.050000000000000044,1.489622101187706,1.4764851778745651,0.04378972796257585,0.85
md_cbad_dqn,802,267,102.7513622045517,81.54079727500678,33.46779207885265,69.28357042372227,1.6051851082593203,18763.244567871094,0.0,30.0,0.0,0.0,0.050000000000000044,1.2778863906860352,1.2642157543450594,0.04556880018208176,0.85
md_cbad_dqn,802,268,88.0925201177597,82.48614202149213,31.888228952884674,56.20429129898548,1.5963181359693408,18302.702089309692,0.0,26.0,0.0,1.0,0.050000000000000044,1.1294353138655424,1.1167049650102854,0.04243450902868062,0.85
md_cbad_dqn,802,269,76.16350596174598,82.0232972014323,27.396675404161215,48.766830989718436,1.4437979431822896,15293.878318786621,0.0,23.0,0.0,1.0,0.050000000000000044,1.3509891480207443,1.337320888414979,0.04556088813114911,0.85
md_cbad_dqn,802,270,86.73316343128681,82.28178510095924,29.536910712718964,57.196252316236496,1.5025645224377513,16850.873847961426,0.0,27.0,0.0,0.0,0.050000000000000044,1.4987031240016222,1.4855397194623947,0.0438780338736251,0.85
md_cbad_dqn,802,271,88.33787744492292,82.40914728108794,31.597978241741657,56.73989996314049,1.5648406147956848,17451.361392974854,0.0,27.0,0.0,0.0,0.050000000000000044,1.3114157635718584,1.2989785596728325,0.04145739250816405,0.85
md_cbad_dqn,802,272,70.50524402558804,82.65515193004163,25.276194512844086,45.229049736261366,1.4165323553606868,14172.317276000977,0.0,22.0,0.0,2.0,0.050000000000000044,1.6709899418056011,1.6589544713497162,0.040118271950632334,0.85
md_cbad_dqn,802,273,82.85174328237773,82.75832725126297,28.850228510797024,54.00151435434818,1.4879918145015836,16076.182636260986,0.0,24.0,0.0,2.0,0.050000000000000044,1.3877443931996822,1.3755244575440884,0.04073311889078468,0.85
md_cbad_dqn,802,274,69.71361171603203,81.55755376700313,28.01077699661255,41.70283452570438,1.447656188160181,15435.989459991455,0.0,20.0,0.0,1.0,0.050000000000000044,1.9467333387583494,1.934766661375761,0.03988892934285104,0.85
md_cbad_dqn,802,275,86.4089810103178,81.09172798577697,30.295855954289436,56.113125026226044,1.5460362611338496,17203.42198562622,0.0,26.0,0.0,1.0,0.050000000000000044,1.558512207120657,1.5457863733172417,0.04241944325622171,0.85
md_cbad_dqn,802,276,75.15781928002835,81.26537877250465,29.893726892769337,45.26409145593643,1.5366852460429072,17354.846473693848,0.0,21.0,0.0,1.0,0.050000000000000044,1.4938428066670895,1.481557957828045,0.04094950028229505,0.85
md_cbad_dqn,802,277,65.40198364108801,79.14412839140743,26.213236279785633,39.18874794244766,1.4075596733018756,15288.983901977539,0.0,20.0,0.0,0.0,0.050000000000000044,1.2403168343007565,1.227572426199913,0.04248139087576419,0.85
md_cbad_dqn,802,278,102.12992585450411,80.29953190449626,33.11723445355892,69.01269154250622,1.6216932451352477,18946.37887954712,0.0,30.0,0.0,0.0,0.050000000000000044,1.1866115555167198,1.174961218610406,0.03883443959057331,0.85
md_cbad_dqn,802,279,74.09067805409431,80.40561920221896,27.478141121566296,46.61253781914711,1.4647576278075576,15434.52668762207,0.0,23.0,0.0,2.0,0.050000000000000044,1.1259742267429829,1.1141982059925795,0.03925341600552201,0.85
md_cbad_dqn,802,280,75.48739194869995,80.44698472809047,28.97900975495577,46.508382350206375,1.4864480448886752,16460.693969726562,0.0,23.0,0.0,1.0,0.050000000000000044,1.1758794859051704,1.1614209208637476,0.04819521773606539,0.85
md_cbad_dqn,802,281,72.69241920858622,79.72490295287221,27.965010728687048,44.727408438920975,1.462707138620317,15774.467306137085,0.0,22.0,0.0,1.0,0.050000000000000044,1.4201629050076008,1.4068873673677444,0.044251767452806234,0.85
md_cbad_dqn,802,282,81.78203712701797,80.10804039251059,29.333570703864098,52.44846646785736,1.5145352240651846,16697.74276161194,0.0,25.0,0.0,3.0,0.050000000000000044,1.2846221774816513,1.2708248868584633,0.04599098570179194,0.85
md_cbad_dqn,802,283,94.4207164004445,81.60585181977599,31.8822673112154,62.538448962569234,1.5726809343323112,17908.107093811035,0.0,28.0,0.0,3.0,0.050000000000000044,1.3907004296779633,1.3781220242381096,0.04192797082941979,0.85
md_cbad_dqn,802,284,87.85549166202546,81.77639091614634,30.226180031895638,57.62931170463562,1.5414423076435924,17213.004524230957,0.0,26.0,0.0,1.0,0.050000000000000044,1.5319240521639585,1.5200663544237614,0.039525656029582024,0.85
md_cbad_dqn,802,285,72.54092217087745,81.2600754177943,27.24501745402813,45.29590488821268,1.4421593397855759,15761.562292098999,0.0,20.0,0.0,4.0,0.050000000000000044,1.5690061654895544,1.5555427595973015,0.04487801110371947,0.85
md_cbad_dqn,802,286,67.65478960573674,81.03860920738428,26.104188062250614,41.55060129761696,1.4330038921907544,14806.47233581543,0.0,21.0,0.0,2.0,0.050000000000000044,1.4418762009590864,1.428711699321866,0.04388165788259357,0.85
md_cbad_dqn,802,287,48.818545795977116,78.34196838695557,23.58234491944313,25.236200779676437,1.3511551320552826,13303.346338272095,0.0,15.0,0.0,1.0,0.050000000000000044,1.4774122536182404,1.4644652232527733,0.04315678705461323,0.85
md_cbad_dqn,802,288,57.438232162594794,76.80925398919733,24.776665821671486,32.661566311120986,1.365807925350964,13562.313610076904,0.0,18.0,0.0,1.0,0.050000000000000044,1.2723168935626745,1.2592578548938036,0.04353010025806725,0.85
md_cbad_dqn,802,289,89.4064863473177,77.4714030084759,29.421283535659313,59.985203206539154,1.5359491677954793,17159.041275024414,0.0,27.0,0.0,1.0,0.050000000000000044,1.934382051229477,1.9202771186828613,0.04701637546531856,0.85
md_cbad_dqn,802,290,85.64045710116625,77.41676769196988,31.681068889796734,53.95938861370087,1.5518755801022053,18037.20922088623,0.0,25.0,0.0,0.0,0.050000000000000044,1.5287091173231602,1.5153185203671455,0.044635277590714395,0.85
md_cbad_dqn,802,291,68.87097412347794,76.44342252589762,26.91658465564251,41.954389825463295,1.4450493240728974,15705.19522857666,0.0,23.0,0.0,0.0,0.050000000000000044,1.1996279638260603,1.1857667118310928,0.04620415857061744,0.85
md_cbad_dqn,802,292,84.76603891849518,77.15646227054299,31.348116278648376,53.41792265474796,1.5413539540022612,17724.625717163086,0.0,27.0,0.0,3.0,0.050000000000000044,1.3567848522216082,1.3439930938184261,0.04263915214687586,0.85
md_cbad_dqn,802,293,89.46002885848284,77.48687654934824,31.017432875931263,58.442596131563185,1.5871268874034286,18133.214763641357,0.0,25.0,0.0,2.0,0.050000000000000044,1.3292654789984226,1.317810982465744,0.03818165778648108,0.85
md_cbad_dqn,802,294,77.77262225747108,77.88982707642019,28.6953212171793,49.0773007273674,1.4869208941236138,16267.985000610352,0.0,24.0,0.0,0.0,0.050000000000000044,1.6703438125550747,1.6579886637628078,0.041183800785802305,0.85
md_cbad_dqn,802,295,78.08284519016743,77.47352028541268,28.970998786389828,49.11184667944908,1.4931971672922373,16148.154006958008,0.0,23.0,0.0,1.0,0.050000000000000044,1.609840851277113,1.5987628437578678,0.03692677803337574,0.85
md_cbad_dqn,802,296,89.40199909508229,78.18572927616539,30.28638629615307,59.11561253070831,1.50114690605551,16831.995445251465,0.0,27.0,0.0,2.0,0.050000000000000044,1.3446586914360523,1.3323142118752003,0.0411483112256974,0.85
md_cbad_dqn,802,297,62.50282731354237,78.04077145978809,25.278418630361557,37.224408966302875,1.3713782355189323,14107.738826751709,0.0,20.0,0.0,3.0,0.050000000000000044,1.307674527168274,1.295793915167451,0.03960200725123286,0.85
md_cbad_dqn,802,298,79.963317745924,76.93244105435909,28.549394853413105,51.41392316818237,1.4992214580997825,15972.061450958252,0.0,24.0,0.0,3.0,0.050000000000000044,1.4437052607536316,1.4314108565449715,0.040981308673508465,0.85
md_cbad_dqn,802,299,70.24161319434643,76.73998781137169,27.898900009691715,42.34271302819252,1.4525135233998299,15722.996318817139,0.0,21.0,0.0,0.0,0.050000000000000044,1.3535447046160698,1.3405150268226862,0.04343230801168829,0.85
md_cbad_dqn,802,300,83.4811981022358,77.13967811904848,30.334932200610638,53.14626561105251,1.5342774102464318,17645.47421646118,0.0,25.0,0.0,1.0,0.050000000000000044,1.3905254416167736,1.3791048750281334,0.03806857822928578,0.85
md_cbad_dqn,802,301,100.46104615926743,78.52810946658255,34.86513927578926,65.59590721130371,1.6439565913751721,19615.288318634033,0.0,29.0,0.0,0.0,0.050000000000000044,1.6929101198911667,1.6803292855620384,0.041936130146496,0.85
md_cbad_dqn,802,302,76.79159712791443,78.27858746662737,28.3852918446064,48.40630538761616,1.4825850874185562,16039.017936706543,0.0,22.0,0.0,0.0,0.050000000000000044,1.2945075239986181,1.2827243022620678,0.03927739930804819,0.85
md_cbad_dqn,802,303,69.5448863312602,77.03479596316814,24.612060889601707,44.93282579183578,1.382302870042622,14251.843997955322,0.0,23.0,0.0,4.0,0.050000000000000044,1.4339890629053116,1.4218536652624607,0.040451320935972035,0.85
md_cbad_dqn,802,304,87.09263141453266,76.9966529507935,29.5562961474061,57.53633476793766,1.5149465557187796,16878.834449768066,0.0,28.0,0.0,0.0,0.050000000000000044,1.234231598675251,1.2215611264109612,0.04223491880111396,0.85
md_cbad_dqn,802,305,89.51413414031268,77.84531354926527,32.078536324203014,57.43559771180153,1.5442160610109568,17735.82211303711,0.0,26.0,0.0,1.0,0.050000000000000044,1.7486605271697044,1.7359672151505947,0.04231101041659713,0.85
md_cbad_dqn,802,306,66.45888149142266,77.78551814354957,27.250407695770264,39.208473765850066,1.4482126347720623,15522.121963500977,0.0,20.0,0.0,3.0,0.050000000000000044,1.589975269511342,1.5775739401578903,0.041337735718116164,0.85
md_cbad_dqn,802,307,86.01405819505453,79.64529376350345,29.733414582908154,56.28064376115799,1.5349505711346865,17202.658920288086,0.0,27.0,0.0,0.0,0.050000000000000044,1.6252312622964382,1.6115627586841583,0.04556172981392592,0.85
md_cbad_dqn,802,308,79.95203653275966,80.77098398201169,29.265064410865307,50.68697253167629,1.4828709894791245,16316.2678565979,0.0,24.0,0.0,2.0,0.050000000000000044,1.5751948915421963,1.5614881627261639,0.04568906675558537,0.85
md_cbad_dqn,802,309,72.27771660983562,79.91454549513757,26.567898109555244,45.709818351268765,1.4289830178022385,14960.735668182373,0.0,21.0,0.0,2.0,0.050000000000000044,1.4692371971905231,1.4562708102166653,0.043221320607699454,0.85
md_cbad_dqn,802,310,79.03014007210732,79.58402964368462,27.934286527335644,51.095853954553604,1.4633259121328592,15791.22004699707,0.0,24.0,0.0,0.0,0.050000000000000044,1.4635413587093353,1.4522629901766777,0.037594596622511744,0.85
md_cbad_dqn,802,311,81.8054968342185,80.23075577922165,30.38207997381687,51.423417031764984,1.518558580428362,17116.447172164917,0.0,24.0,0.0,1.0,0.050000000000000044,1.5427428390830755,1.5308707561343908,0.03957364952657372,0.85
md_cbad_dqn,802,312,73.81698170304298,79.68330291844904,28.10716888308525,45.709812730550766,1.476717877201736,15904.150783538818,0.0,22.0,0.0,1.0,0.050000000000000044,1.4384076669812202,1.4250574186444283,0.04450080590322614,0.85
md_cbad_dqn,802,313,81.11884045004845,79.26624349802734,28.12381260097027,52.995027953386305,1.4821459613740444,16088.981704711914,0.0,25.0,0.0,1.0,0.050000000000000044,1.4945364277809858,1.4830020889639854,0.038447870407253504,0.85
md_cbad_dqn,802,314,86.4780089199543,79.70151283115149,29.335468232631683,57.142540925741194,1.5258836699649692,16738.164684295654,0.0,26.0,0.0,1.0,0.050000000000000044,1.611860267817974,1.5978567134588957,0.046678487095050514,0.85
md_cbad_dqn,802,315,85.61920884996653,80.07833101414145,31.68017093092203,53.93903782963753,1.5620962381362915,18028.58839416504,0.0,24.0,0.0,1.0,0.050000000000000044,1.6078343149274588,1.5943738520145416,0.044868253520689905,0.85
md_cbad_dqn,802,316,75.84516185671092,79.40048915222289,28.489199735224247,47.35596292614937,1.4505127863958478,15942.562572479248,0.0,21.0,0.0,1.0,0.050000000000000044,1.715482898056507,1.7024079822003841,0.04358304652851075,0.85
md_cbad_dqn,802,317,67.0097247377038,79.62583402343095,26.51200707256794,40.49771782159805,1.4309600982815027,15070.596092224121,0.0,20.0,0.0,2.0,0.050000000000000044,1.6357245482504368,1.6242389436811209,0.03828534437343478,0.85
md_cbad_dqn,802,318,72.9444080889225,79.27488854058087,27.754542127251625,45.18986573815346,1.4547837190330029,15745.530109405518,0.0,22.0,0.0,0.0,0.050000000000000044,1.3296954091638327,1.3169468007981777,0.04249538364820182,0.85
md_cbad_dqn,802,319,74.84657640755177,79.50513670124114,27.123594149947166,47.72298255562782,1.4533704090863466,15541.702671051025,0.0,22.0,0.0,0.0,0.050000000000000044,1.116680197417736,1.1045373119413853,0.0404762492980808,0.85
md_cbad_dqn,802,320,85.0760472714901,79.58487915970386,29.24347795546055,55.83256886899471,1.521985275670886,16912.701637268066,0.0,25.0,0.0,2.0,0.050000000000000044,1.2149084471166134,1.202108597382903,0.042666178895160556,0.85
md_cbad_dqn,802,321,68.15686022639275,77.96966986306013,25.302434340119362,42.854426035284995,1.3947010478004813,14351.538925170898,0.0,22.0,0.0,1.0,0.050000000000000044,1.67436283826828,1.6623325645923615,0.040100828162394464,0.85
md_cbad_dqn,802,322,89.2873396128416,78.59445698730649,32.15703206509352,57.13030727207661,1.5744976084679365,18219.908794403076,0.0,26.0,0.0,1.0,0.050000000000000044,1.7581545449793339,1.744907706975937,0.044156118761748075,0.85
md_cbad_dqn,802,323,79.55800628066063,79.0951129847765,29.509844079613686,50.04816229045391,1.4999395301565528,17033.388317108154,0.0,22.0,0.0,1.0,0.050000000000000044,1.3892120029777288,1.3781852517277002,0.036755903623998165,0.85
md_cbad_dqn,802,324,81.640381783247,78.82250050321223,29.715331122279167,51.9250510931015,1.5047575822100043,16680.319305419922,0.0,25.0,0.0,0.0,0.050000000000000044,1.6650574430823326,1.651862870901823,0.04398188809864223,0.85
md_cbad_dqn,802,325,77.42750036716461,78.21816881455482,27.575822427868843,49.85167744755745,1.4653986236080527,15674.604496002197,0.0,24.0,0.0,1.0,0.050000000000000044,1.2511779349297285,1.2374789249151945,0.045663327793590724,0.85
md_cbad_dqn,802,326,73.63274474442005,78.57686197720469,27.90470080077648,45.72804346680641,1.4772043637931347,16013.962348937988,0.0,22.0,0.0,2.0,0.050000000000000044,1.4832337573170662,1.4713910035789013,0.039475850062444806,0.85
md_cbad_dqn,802,327,93.32822116613389,78.94257012575865,30.80888671427965,62.51933422088623,1.5388153307139874,17302.132404327393,0.0,28.0,0.0,1.0,0.050000000000000044,1.4105916824191809,1.3982389252632856,0.04117583646439016,0.85
md_cbad_dqn,802,328,86.2312828823924,79.25653244324029,30.575069300830364,55.656213477253914,1.5259984796866775,17428.64726638794,0.0,27.0,0.0,0.0,0.050000000000000044,1.830210369080305,1.8174311108887196,0.042597507243044674,0.85
md_cbad_dqn,802,329,84.62990033626556,79.87414162956179,30.881594255566597,53.74830695986748,1.557927928864956,17828.008108139038,0.0,26.0,0.0,0.0,0.050000000000000044,1.5898997075855732,1.576993364840746,0.04302114387974143,0.85
md_cbad_dqn,802,330,64.827590765059,79.16401416420938,25.25446692109108,39.573123508691786,1.361629026941955,13953.863445281982,0.0,19.0,0.0,1.0,0.050000000000000044,1.6135971210896969,1.6013634540140629,0.04077887977473438,0.85
md_cbad_dqn,802,331,88.70875764638186,79.50917720481755,29.253208093345165,59.45554922521114,1.5134590417146683,16687.736293792725,0.0,26.0,0.0,0.0,0.050000000000000044,1.3644927740097046,1.3525246661156416,0.039893702836707234,0.85
md_cbad_dqn,802,332,87.02658548206091,80.16965739376843,30.29270739853382,56.733877927064896,1.563519136980176,17490.318881988525,0.0,27.0,0.0,0.0,0.050000000000000044,1.3120558895170689,1.3008179683238268,0.037459755199961364,0.85
md_cbad_dqn,802,333,78.90399369895458,80.05891505621375,29.361948549747467,49.54204485118389,1.5126948151737452,16605.95055770874,0.0,22.0,0.0,2.0,0.050000000000000044,1.5013600811362267,1.4891923032701015,0.04055924923159182,0.85
md_cbad_dqn,802,334,80.04498079419136,79.7372636499256,30.54724344611168,49.49773709475994,1.5065276017412543,17291.58123397827,0.0,23.0,0.0,0.0,0.050000000000000044,1.277629591524601,1.2667094506323338,0.03640045248903334,0.85
md_cbad_dqn,802,335,84.13899849355221,79.66325313210487,29.29806450009346,54.84093362092972,1.4877114277333021,16354.115840911865,0.0,25.0,0.0,0.0,0.050000000000000044,1.585183622315526,1.5746696144342422,0.03504668909590691,0.85
md_cbad_dqn,802,336,87.4142539203167,80.24170773528516,30.245728507637978,57.16852495074272,1.5449870359152555,17521.057025909424,0.0,26.0,0.0,0.0,0.050000000000000044,1.3126768823713064,1.29968336597085,0.04331174504477531,0.85
md_cbad_dqn,802,337,75.9030418843031,80.68637359261513,27.27187490463257,48.63116681575775,1.4397096689790487,15469.733173370361,0.0,24.0,0.0,0.0,0.050000000000000044,1.6887574009597301,1.6772531531751156,0.03834747092332691,0.85
md_cbad_dqn,802,338,70.55430549383163,80.56686846286058,27.07624888420105,43.478056490421295,1.4439620412886143,15230.990993499756,0.0,19.0,0.0,0.0,0.050000000000000044,1.693555984646082,1.6803421471267939,0.04404602467548102,0.85
md_cbad_dqn,802,339,83.0276781693101,80.97592355094851,30.331974126398563,52.6957042068243,1.5310730272904038,17356.97198677063,0.0,24.0,0.0,2.0,0.050000000000000044,1.5253317467868328,1.5130767785012722,0.04084989498369396,0.85
md_cbad_dqn,802,340,82.39199738204479,80.84172105647625,28.142347171902657,54.24965023994446,1.4852490378543735,15812.501777648926,0.0,24.0,0.0,1.0,0.050000000000000044,1.4661132730543613,1.454802980646491,0.03770094318315387,0.85
md_cbad_dqn,802,341,72.64972967207432,81.06636452876032,26.6837160885334,45.96601367294788,1.4453021567314863,15205.674476623535,0.0,21.0,0.0,2.0,0.050000000000000044,1.7310994789004326,1.7196013033390045,0.03832723177038133,0.85
md_cbad_dqn,802,342,86.11055973172188,80.90752553470432,30.891405008733273,55.21915431320667,1.572611216455698,17684.37399673462,0.0,25.0,0.0,0.0,0.050000000000000044,1.3936672993004322,1.3818784840404987,0.039295983617194,0.85
md_cbad_dqn,802,343,72.78682312369347,80.56896637685597,28.40016260743141,44.38666082918644,1.4696931084617972,16148.666759490967,0.0,24.0,0.0,1.0,0.050000000000000044,1.518437759950757,1.505878210067749,0.04186520574148744,0.85
md_cbad_dqn,802,344,69.24448942393064,79.94917175889015,27.126841880381107,42.11764705181122,1.4534827871248126,15986.49828338623,0.0,20.0,0.0,2.0,0.050000000000000044,1.4689869862049818,1.4581606183201075,0.03608781658113003,0.85
md_cbad_dqn,802,345,87.9177243128419,80.47368295617403,29.522257514297962,58.39546694755554,1.5656691221520305,17346.75205230713,0.0,25.0,0.0,2.0,0.050000000000000044,1.6889080721884966,1.6768237706273794,0.04028102639131248,0.85
md_cbad_dqn,802,346,84.71142074465752,81.02761675618589,29.051286220550537,55.66013425588608,1.4624562440440059,16354.62805557251,0.0,27.0,0.0,1.0,0.050000000000000044,1.4879113100469112,1.4764270447194576,0.0382809346774593,0.85
md_cbad_dqn,802,347,77.39914093911648,80.23116274483502,27.57932872325182,49.8198127001524,1.4597688419744372,15784.054805755615,0.0,25.0,0.0,1.0,0.050000000000000044,1.3067372646182775,1.2948119658976793,0.03975099720992148,0.85
md_cbad_dqn,802,348,70.4137203246355,79.44028461694718,28.56883243471384,41.84488780796528,1.425611674785614,15383.455978393555,0.0,21.0,0.0,0.0,0.050000000000000044,1.1550763808190823,1.141623044386506,0.04484446137212217,0.85
md_cbad_dqn,802,349,80.23212199658155,79.22039569996298,29.280673153698444,50.95144867897034,1.508140105754137,16732.35325241089,0.0,22.0,0.0,1.0,0.050000000000000044,1.6479311883449554,1.6383221708238125,0.03203005762770772,0.85
md_cbad_dqn,802,350,80.48530804514886,80.00328156396748,28.977697655558586,51.50761027038097,1.5024823686107993,16593.662628173828,0.0,24.0,0.0,1.0,0.050000000000000044,1.5863867159932852,1.5749415643513203,0.03815047815442085,0.85
md_cbad_dqn,802,351,88.25776533037424,79.98073194816709,30.751360595226288,57.5064051002264,1.5287474384531379,17289.51844406128,0.0,26.0,0.0,0.0,0.050000000000000044,1.4809967707842588,1.466892458498478,0.047014402924105525,0.85
md_cbad_dqn,802,352,86.62758544236422,79.96078194618227,31.524189211428165,55.10339620113373,1.5548098711296916,17885.331855773926,0.0,26.0,0.0,1.0,0.050000000000000044,1.5836682636290789,1.5722402185201645,0.03809345746412873,0.85
md_cbad_dqn,802,353,53.91238400489092,78.71120146147908,24.40047500282526,29.511908763647078,1.391500836238265,13933.519063949585,0.0,17.0,0.0,1.0,0.050000000000000044,1.4912443235516548,1.4785852544009686,0.042196930036880076,0.85
md_cbad_dqn,802,354,82.41423699259758,78.82966427139938,29.057147286832333,53.35708984732628,1.4729640576988459,16152.30231666565,0.0,24.0,0.0,1.0,0.050000000000000044,1.4664951153099537,1.4553423766046762,0.03717579261865467,0.85
md_cbad_dqn,802,355,72.7452207505703,78.25997538425028,27.44591261446476,45.299307867884636,1.4716774504631758,15810.653381347656,0.0,23.0,0.0,0.0,0.050000000000000044,1.606837436556816,1.595065288245678,0.039240476791746914,0.85
md_cbad_dqn,802,356,73.10161887854338,77.54434363216163,26.69495002925396,46.40666903555393,1.4416190655902028,14955.91994857788,0.0,23.0,0.0,1.0,0.050000000000000044,1.5944941118359566,1.5829682350158691,0.03841955098323524,0.85
md_cbad_dqn,802,357,68.34544396400452,77.1664637361467,27.118730783462524,41.226712837815285,1.443214675411582,15721.554092407227,0.0,21.0,0.0,2.0,0.050000000000000044,1.3572368435561657,1.3460907153785229,0.037153730052523315,0.85
md_cbad_dqn,802,358,88.09287878870964,78.0433924008906,30.821614429354668,57.271263882517815,1.5474927080795169,17637.16237258911,0.0,26.0,0.0,1.0,0.050000000000000044,1.943490518257022,1.930795205757022,0.04231768660247326,0.85
md_cbad_dqn,802,359,86.69588716477156,78.22680285066367,31.822408378124237,54.873479636013506,1.5897009167820215,18304.58946609497,0.0,26.0,0.0,1.0,0.050000000000000044,1.2035931199789047,1.1907762438058853,0.042722953017801046,0.85
md_cbad_dqn,802,360,67.43570942729711,77.47898845292629,26.751736722886562,40.68397297263145,1.4330354211851954,15096.23694229126,0.0,20.0,0.0,3.0,0.050000000000000044,1.7330401055514812,1.7205344680696726,0.041685464908368886,0.85
md_cbad_dqn,802,361,85.26368333697319,78.10968613617122,31.088005423545837,54.17567707896232,1.5177189549431205,17082.010944366455,0.0,25.0,0.0,2.0,0.050000000000000044,1.721117915585637,1.7079781834036112,0.043799137230962515,0.85
md_cbad_dqn,802,362,70.61543670296669,77.33492998473346,26.553403854370117,44.062032625079155,1.4522523377090693,15507.223281860352,0.0,21.0,0.0,1.0,0.050000000000000044,1.6188523713499308,1.6065387967973948,0.041045290301553905,0.85
md_cbad_dqn,802,363,67.61071680486202,77.07612466879189,27.218112759292126,40.39260393381119,1.4551463648676872,15930.912870407104,0.0,20.0,0.0,0.0,0.050000000000000044,1.2681528832763433,1.254153160378337,0.04666571947745979,0.85
md_cbad_dqn,802,364,90.2836367726326,78.12808203622698,33.07197226583958,57.21166416406631,1.5813097395002842,18909.7569770813,0.0,25.0,0.0,1.0,0.050000000000000044,1.694271707907319,1.6820809077471495,0.04063590744044632,0.85
md_cbad_dqn,802,365,85.8343383744359,78.0239127393067,29.80801647156477,56.026321440935135,1.5347016472369432,17334.26042175293,0.0,27.0,0.0,0.0,0.050000000000000044,1.758499052375555,1.7467518337070942,0.03915744984988123,0.85
md_cbad_dqn,802,366,80.97846932858229,77.83726516850292,29.66101885586977,51.31745074093342,1.5189317585900426,16604.127616882324,0.0,24.0,0.0,1.0,0.050000000000000044,1.3962287809699774,1.3848549462854862,0.037912741769105196,0.85
md_cbad_dqn,802,367,73.24725669175386,77.62967095613479,28.62474762648344,44.62250943779945,1.5003438033163548,16537.267791748047,0.0,22.0,0.0,2.0,0.050000000000000044,2.023556023836136,2.011112980544567,0.04147689731325954,0.85
md_cbad_dqn,802,368,89.52901569455862,78.58543572463095,30.90625462681055,58.6227604418993,1.5215471256524324,17635.886209487915,0.0,26.0,0.0,3.0,0.050000000000000044,1.6363766733556986,1.6235108748078346,0.04288602282758802,0.85
md_cbad_dqn,802,369,90.56817978024483,79.10223861381412,31.03842069208622,59.52975910305977,1.5336895808577538,17314.286205291748,0.0,26.0,0.0,2.0,0.050000000000000044,1.6132903080433607,1.6011232137680054,0.04055695468559861,0.85
md_cbad_dqn,802,370,68.50545701384544,78.50324606224895,26.737376779317856,41.768080070614815,1.4189545148983598,14909.310356140137,0.0,21.0,0.0,0.0,0.050000000000000044,1.5526179149746895,1.5409866869449615,0.03877076180651784,0.85
md_cbad_dqn,802,371,85.09316813349724,78.3450162024051,28.695995941758156,56.39717202782631,1.4935356909409165,16269.25696182251,0.0,26.0,0.0,1.0,0.050000000000000044,1.6805893909186125,1.6677962504327297,0.042643744265660644,0.85
md_cbad_dqn,802,372,65.07627295851708,77.26745057821275,26.119918316602707,38.956354373693465,1.4182405397295952,14987.328609466553,0.0,21.0,0.0,2.0,0.050000000000000044,1.5404295213520527,1.5280674658715725,0.041206890949979424,0.85
md_cbad_dqn,802,373,71.95102686434984,78.16938272118568,26.53231456130743,45.41871227324009,1.41283196862787,15263.479717254639,0.0,24.0,0.0,1.0,0.050000000000000044,1.6367508545517921,1.6262232698500156,0.03509198036044836,0.85
md_cbad_dqn,802,374,78.00669212788344,77.94900547794998,28.22959826886654,49.777093762159346,1.4858377454802394,16342.980472564697,0.0,23.0,0.0,2.0,0.050000000000000044,1.5804022159427404,1.5689563639461994,0.03815282683353871,0.85
md_cbad_dqn,802,375,85.07959014177322,78.56572394751012,29.10632061958313,55.973269164562225,1.5060210516676307,16875.809646606445,0.0,24.0,0.0,0.0,0.050000000000000044,1.8055858612060547,1.7935413233935833,0.04014845844358206,0.85
md_cbad_dqn,802,376,81.82876923829318,79.00208146549762,28.683351270854473,53.145418339967726,1.4705248605459929,15994.364799499512,0.0,26.0,0.0,2.0,0.050000000000000044,1.2903835345059633,1.2779412344098091,0.04147435165941715,0.85
md_cbad_dqn,802,377,89.29633642733097,80.04962608866394,31.153355218470097,58.14298126101494,1.5548296943306923,17851.08570098877,0.0,26.0,0.0,1.0,0.050000000000000044,1.6970111690461636,1.6833866871893406,0.04541494988370687,0.85
md_cbad_dqn,802,378,71.43974666595459,79.2169694825262,27.486583188176155,43.953163135051724,1.459739782847464,15955.864049911499,0.0,21.0,0.0,4.0,0.050000000000000044,1.4249233659356833,1.4129512514919043,0.0399070173734799,0.85
md_cbad_dqn,802,379,90.67313129901886,79.41583168923856,32.474450096488,58.19868102371693,1.5637761307880282,17849.128116607666,0.0,25.0,0.0,4.0,0.050000000000000044,1.6189789921045303,1.6074319928884506,0.03848999075125903,0.85
md_cbad_dqn,802,380,76.72535310834647,79.88031387329103,28.204120352864265,48.521232867240904,1.4568933313712478,15960.016445159912,0.0,23.0,0.0,1.0,0.050000000000000044,1.2314313519746065,1.2194534819573164,0.03992622881196439,0.85
md_cbad_dqn,802,381,73.61741080880165,79.29800024688245,27.168661139905453,46.448750361800194,1.4400673042982817,15074.653728485107,0.0,22.0,0.0,2.0,0.050000000000000044,1.369489949196577,1.3555918838828802,0.04632684716489166,0.85
md_cbad_dqn,802,382,81.03419780135155,79.8189383018017,28.758307062089443,52.275891283154486,1.4870737455785275,16016.738224029541,0.0,24.0,0.0,1.0,0.050000000000000044,1.6530855931341648,1.641764722764492,0.037736237165518105,0.85
md_cbad_dqn,802,383,76.83397187441588,80.2801010552794,28.518336661159992,48.31563509404659,1.4636072888970375,16191.4349899292,0.0,22.0,0.0,1.0,0.050000000000000044,1.438708083704114,1.4276597145944834,0.03682790126185864,0.85
md_cbad_dqn,802,384,89.5010029166937,80.24096936248245,31.530961737036705,57.970040971040724,1.5823899134993553,17940.988368988037,0.0,26.0,0.0,1.0,0.050000000000000044,1.3290860708802938,1.3172243405133486,0.03953910490963608,0.85
md_cbad_dqn,802,385,71.3231958091259,79.51541223421695,24.75062634050846,46.572569066286086,1.3706722222268581,13918.62342453003,0.0,22.0,0.0,1.0,0.050000000000000044,1.5678106509149075,1.5566128343343735,0.03732607117854059,0.85
md_cbad_dqn,802,386,80.97333740442991,79.51515563800933,30.603880748152733,50.36945655941963,1.5207285759970546,17218.12000656128,0.0,24.0,0.0,0.0,0.050000000000000044,1.3169318065047264,1.3059155996888876,0.03672074631322175,0.85
md_cbad_dqn,802,387,64.74071420431137,79.0898285136372,24.828012943267822,39.912701320648196,1.3616977650672197,13995.518589019775,0.0,20.0,0.0,3.0,0.050000000000000044,1.4382981192320585,1.4268525950610638,0.03815171495079994,0.85
md_cbad_dqn,802,388,87.20172519385815,78.97346398860218,30.288561075925827,56.913163715600966,1.529099858365953,17079.978397369385,0.0,25.0,0.0,3.0,0.050000000000000044,1.834827147424221,1.8226311951875687,0.04065320163499564,0.85
md_cbad_dqn,802,389,69.62000533938408,77.92605526655913,26.231946855783463,43.38805890083313,1.4269425682723522,15037.993690490723,0.0,22.0,0.0,0.0,0.050000000000000044,1.7071142699569464,1.6961320452392101,0.03660739888437092,0.85
md_cbad_dqn,802,390,95.10183161646128,79.25587399668993,33.37673503905535,61.725096651911734,1.5732376845553517,18746.6065864563,0.0,28.0,0.0,1.0,0.050000000000000044,1.5853725224733353,1.5733858048915863,0.0399557629134506,0.85
md_cbad_dqn,802,391,67.76258864402772,78.38934502221646,25.860732071101665,41.90185652077198,1.392710299231112,14477.101089477539,0.0,20.0,0.0,1.0,0.050000000000000044,1.6552109364420176,1.642476201057434,0.04244914883747697,0.85
md_cbad_dqn,802,392,79.03058364242315,79.08706055641176,29.54255849868059,49.48802602291107,1.52860873285681,17321.173515319824,0.0,24.0,0.0,0.0,0.050000000000000044,2.149319238960743,2.1373084262013435,0.040036071790382266,0.85
md_cbad_dqn,802,393,72.83932615220547,79.13147552080454,27.896226719021797,44.94309993982315,1.459319218993187,16164.90788269043,0.0,23.0,0.0,3.0,0.050000000000000044,1.4185563996434212,1.4073270820081234,0.03743100573774427,0.85
md_cbad_dqn,802,394,77.05526772141457,79.0839043004811,27.719091460108757,49.33617629110813,1.4487759303301573,15360.990036010742,0.0,23.0,0.0,1.0,0.050000000000000044,1.69540804810822,1.6832809206098318,0.040423751692287624,0.85
md_cbad_dqn,802,395,75.98258956074714,78.6290542714298,28.736287653446198,47.24630192220211,1.4760078117251396,15972.232305526733,0.0,21.0,0.0,2.0,0.050000000000000044,1.3807946853339672,1.3684119172394276,0.04127593734301627,0.85
md_cbad_dqn,802,396,75.81256096363067,78.32824385769666,28.737428560853004,47.075132715702054,1.47888015024364,16496.27127456665,0.0,22.0,0.0,3.0,0.050000000000000044,1.6065894309431314,1.5963997021317482,0.03396573616191745,0.85
md_cbad_dqn,802,397,42.189631164073944,75.9729085945338,21.996720731258392,20.19291043281555,1.2754632690921426,12333.31230354309,0.0,15.0,0.0,0.0,0.050000000000000044,1.7194432877004147,1.7083533816039562,0.036966407438740134,0.85
md_cbad_dqn,802,398,71.32337851971388,75.96709018722177,26.086735866963863,45.23664208650589,1.4260366838425398,15138.257844924927,0.0,21.0,0.0,1.0,0.050000000000000044,1.5978881809860468,1.5864256657660007,0.03820834693033248,0.85
md_cbad_dqn,802,399,79.04974590241909,75.38592091739179,29.158945225179195,49.89080114662647,1.5105871511623263,16609.9298992157,0.0,24.0,0.0,0.0,0.050000000000000044,1.6134303361177444,1.603189054876566,0.034137609880417585,0.85
md_cbad_dqn,802,400,76.67867832630873,75.3835871782899,28.00891201198101,48.66976596415043,1.478146350942552,15933.390789031982,0.0,23.0,0.0,0.0,0.050000000000000044,1.944593507796526,1.9329333566129208,0.03886713716201484,0.85
md_cbad_dqn,802,401,78.729331189394,75.63918319731951,27.5866739153862,51.14265736341476,1.4588820477947593,15235.941360473633,0.0,25.0,0.0,1.0,0.050000000000000044,1.5735125914216042,1.5608188658952713,0.04231243662070483,0.85
md_cbad_dqn,802,402,76.31315211206675,75.40313091285527,27.77437775582075,48.53877413272858,1.4930463247001171,16322.942749023438,0.0,21.0,0.0,0.0,0.050000000000000044,1.5707228649407625,1.5601871106773615,0.03511912655085325,0.85
md_cbad_dqn,802,403,82.43763215243817,75.6833139267564,29.684757128357887,52.75287481546402,1.489118174649775,16789.8268699646,0.0,24.0,0.0,2.0,0.050000000000000044,1.5711756199598312,1.5587490908801556,0.04142174532171339,0.85
md_cbad_dqn,802,404,77.47165063917637,75.08184631288053,27.10423131287098,50.36741987764835,1.4553287466987967,15413.526737213135,0.0,24.0,0.0,3.0,0.050000000000000044,1.8181119710206985,1.8067151792347431,0.03798927762545645,0.85
md_cbad_dqn,802,405,77.65041084587574,75.39820706471802,28.332955591380596,49.317455887794495,1.4783070711418986,16009.152252197266,0.0,23.0,0.0,0.0,0.050000000000000044,1.6716688927263021,1.6583187729120255,0.04450043919496238,0.85
md_cbad_dqn,802,406,67.37112280130387,74.71809633456172,25.361221075057983,42.009901681542395,1.4111036071553826,14716.799522399902,0.0,22.0,0.0,1.0,0.050000000000000044,1.5459104385226965,1.5345640406012535,0.03782127739395946,0.85
md_cbad_dqn,802,407,80.51343774944544,75.50673251181843,29.139320515096188,51.37411698102951,1.5200859773904085,16602.619422912598,0.0,24.0,0.0,1.0,0.050000000000000044,1.3866329416632652,1.374823847785592,0.03936359554063529,0.85
md_cbad_dqn,802,408,107.99505409747363,76.5463989569992,35.31786258518696,72.6771914601326,1.6507849572226405,19653.608318328857,0.0,31.0,0.0,2.0,0.050000000000000044,1.798490196466446,1.7869939021766186,0.038320949766784906,0.85
md_cbad_dqn,802,409,68.02555351704359,76.46667636588218,25.35778369754553,42.66777020692825,1.384301877580583,14210.095832824707,0.0,21.0,0.0,0.0,0.050000000000000044,1.8642652593553066,1.85244445130229,0.03940271970350295,0.85
md_cbad_dqn,802,410,89.68603911399842,76.19588674075904,29.576890990138054,60.109148585796355,1.4951579067856073,16694.39793777466,0.0,27.0,0.0,2.0,0.050000000000000044,1.4296021703630686,1.4174440614879131,0.040527038159780204,0.85
md_cbad_dqn,802,411,92.55601640939713,77.4355581290275,31.278947949409485,61.277067938447,1.5626321118324995,17841.825981140137,0.0,28.0,0.0,2.0,0.050000000000000044,1.6927949488162994,1.6810545548796654,0.0391347398981452,0.85
md_cbad_dqn,802,412,77.21569353342056,77.34481362357738,27.01548506319523,50.200208604335785,1.4450638322159648,15487.077507019043,0.0,24.0,0.0,0.0,0.050000000000000044,1.6376293059438467,1.6236023921519518,0.046756362076848745,0.85
md_cbad_dqn,802,413,78.45280373096466,77.62548750251533,29.0670083463192,49.38579526543617,1.4868701109662652,16395.04851913452,0.0,23.0,0.0,0.0,0.050000000000000044,1.6640299260616302,1.6510244272649288,0.04335164837539196,0.85
md_cbad_dqn,802,414,100.4286796540022,78.79415809914471,34.532043784856796,65.8966357946396,1.6440070355311036,19636.252952575684,0.0,28.0,0.0,2.0,0.050000000000000044,1.6136153191328049,1.6025697588920593,0.03681854158639908,0.85
md_cbad_dqn,802,415,88.02796981483698,79.39642711184919,30.372004009783268,57.655964851379395,1.5310711320489645,17045.311824798584,0.0,27.0,0.0,0.0,0.050000000000000044,1.7069420665502548,1.6946827787905931,0.04086428682785481,0.85
md_cbad_dqn,802,416,83.33409011363983,79.77250356934965,29.371943332254887,53.96214644610882,1.5065715182572603,16645.783576965332,0.0,25.0,0.0,0.0,0.050000000000000044,1.1652652956545353,1.1523309033364058,0.043114602216519415,0.85
md_cbad_dqn,802,417,57.93135664612055,80.55958984345197,25.454078763723373,32.47727832198143,1.3495322819799185,13889.872783660889,0.0,18.0,0.0,0.0,0.050000000000000044,1.7487549986690283,1.7379057798534632,0.03616412403061986,0.85
md_cbad_dqn,802,418,79.86609204858541,80.98672551989554,28.855486683547497,51.01060535013676,1.4500591987743974,16035.555751800537,0.0,24.0,0.0,0.0,0.050000000000000044,1.9276825804263353,1.9156650863587856,0.04005831223912537,0.85
md_cbad_dqn,802,419,67.17385691851376,80.39293107070029,25.726662755012512,41.44719408154488,1.3792964303866029,14416.770603179932,0.0,20.0,0.0,3.0,0.050000000000000044,1.4118943326175213,1.3992512449622154,0.042143598780967295,0.85
md_cbad_dqn,802,420,86.33406054526567,80.87570018164813,31.158773012459278,55.175287041068074,1.5472367322072387,17481.408294677734,0.0,25.0,0.0,3.0,0.050000000000000044,1.4316236544400454,1.419790904968977,0.03944252384826541,0.85
md_cbad_dqn,802,421,82.01831611394883,81.04014942787589,30.193378418684006,51.824937337636946,1.5281884288415313,17105.9842338562,0.0,24.0,0.0,3.0,0.050000000000000044,1.7913210839033127,1.7808191794902086,0.03500631544739008,0.85
md_cbad_dqn,802,422,74.86340317279101,80.9676619809121,28.253962375223637,46.60944118499756,1.4550268482416868,15956.384632110596,0.0,21.0,0.0,1.0,0.050000000000000044,1.3173540644347668,1.3057412542402744,0.038709333282895386,0.85
md_cbad_dqn,802,423,87.47913714051246,81.21973723031581,30.006216689944267,57.47292048037052,1.5274971136823297,17199.376300811768,0.0,27.0,0.0,2.0,0.050000000000000044,1.4630970694124699,1.4521760530769825,0.0364033974474296,0.85
md_cbad_dqn,802,424,83.66658836752177,81.52948411673309,30.9432702511549,52.723317915201186,1.528986794874072,17367.959522247314,0.0,24.0,0.0,2.0,0.050000000000000044,1.6850393153727055,1.6739807650446892,0.03686186496634036,0.85
md_cbad_dqn,802,425,62.96533441543579,80.7952302952111,25.183657974004745,37.78167612850666,1.378308292478323,14814.439807891846,0.0,20.0,0.0,1.0,0.050000000000000044,1.6123493053019047,1.601077064871788,0.03757408552337438,0.85
md_cbad_dqn,802,426,93.6817633986473,82.11076232507826,32.82420288026333,60.85756030976772,1.599380251020193,18918.439121246338,0.0,26.0,0.0,2.0,0.050000000000000044,1.686108972877264,1.6757808569818735,0.03442709369119257,0.85
md_cbad_dqn,802,427,83.11280670911074,82.24073077306153,31.782564148306847,51.3302424788475,1.563218460418284,18082.94802093506,0.0,23.0,0.0,1.0,0.050000000000000044,1.8007223084568977,1.7899058647453785,0.03605480270925909,0.85
md_cbad_dqn,802,428,76.65298456251621,80.67362729631364,30.64815966784954,46.00482492446899,1.4697498036548495,17081.283447265625,0.0,22.0,0.0,2.0,0.050000000000000044,1.3933467715978622,1.3816910050809383,0.03885254426859319,0.85
md_cbad_dqn,802,429,83.79030352085829,81.46186479650439,29.701726742088795,54.088577061891556,1.5269822711125016,17218.210739135742,0.0,25.0,0.0,2.0,0.050000000000000044,1.3594208899885416,1.3470976576209068,0.0410774543415755,0.85
md_cbad_dqn,802,430,87.83973096311092,81.36954938896,29.405873402953148,58.43385787308216,1.5165802435949445,16840.461849212646,0.0,29.0,0.0,0.0,0.050000000000000044,1.586213966831565,1.5756960567086935,0.03505971725098789,0.85
md_cbad_dqn,802,431,71.60963949561119,80.3222305432707,28.390350006520748,43.21928960084915,1.4633658695966005,16144.319961547852,0.0,21.0,0.0,2.0,0.050000000000000044,1.3398781139403582,1.3295727763324976,0.034351173089817166,0.85
md_cbad_dqn,802,432,94.72134938836098,81.19751333601774,33.46776823699474,61.25358049571514,1.600538115017116,18826.517059326172,0.0,28.0,0.0,1.0,0.050000000000000044,1.6984300576150417,1.687569348141551,0.03620243107434362,0.85
md_cbad_dqn,802,433,78.49434261322021,81.19959028013051,30.664025127887726,47.830317604541776,1.5277016991749406,17254.47032546997,0.0,24.0,0.0,2.0,0.050000000000000044,1.7207200545817614,1.7099324334412813,0.03595866949763149,0.85
md_cbad_dqn,802,434,93.29583215117455,80.84294790498913,31.354898631572723,61.940933817625044,1.5780321266502142,17990.18362045288,0.0,29.0,0.0,1.0,0.050000000000000044,1.831688042730093,1.8186972457915545,0.04330269852653146,0.85
md_cbad_dqn,802,435,86.1299079656601,80.74804481253028,31.07277785241604,55.05713015794754,1.518116820603609,17850.320274353027,0.0,27.0,0.0,0.0,0.050000000000000044,1.8295910451561213,1.8170670233666897,0.041746812290512025,0.85
md_cbad_dqn,802,436,80.12793244868517,80.58773692928256,31.091104224324226,49.03682854473591,1.5320232138037682,17843.662677764893,0.0,22.0,0.0,3.0,0.050000000000000044,2.0583552084863186,2.045249929651618,0.04368424043059349,0.85
md_cbad_dqn,802,437,78.7805372774601,81.63019596084953,28.897175207734108,49.88336157798767,1.4816916147246957,16235.429565429688,0.0,22.0,0.0,0.0,0.050000000000000044,1.805652817711234,1.7924919035285711,0.043869694345630705,0.85
md_cbad_dqn,802,438,72.43702735155821,81.25874272599818,27.562969215214252,44.87405867278576,1.4533304991200566,16024.151931762695,0.0,20.0,0.0,2.0,0.050000000000000044,2.197835858911276,2.185692911967635,0.0404763869009912,0.85
md_cbad_dqn,802,439,89.36334988623858,82.36821737438441,31.619794577360153,57.74355530142784,1.5638505853712559,17831.711166381836,0.0,26.0,0.0,1.0,0.050000000000000044,1.793639525771141,1.7804637048393488,0.04391938995104283,0.85
md_cbad_dqn,802,440,67.66954767107964,81.43499173067512,26.411616131663322,41.257931196689604,1.3939161468297243,14690.033470153809,0.0,20.0,0.0,1.0,0.050000000000000044,1.757178958505392,1.7461583986878395,0.03673521790187806,0.85
md_cbad_dqn,802,441,97.00469532608986,82.18431069128216,32.65675015747547,64.3479450494051,1.604793518781662,18452.875831604004,0.0,28.0,0.0,0.0,0.050000000000000044,1.7094703186303377,1.6978329457342625,0.038791298284195364,0.85
md_cbad_dqn,802,442,80.19470100104809,82.45087558269502,28.87505481392145,51.31964614987373,1.5042030569165945,16396.388690948486,0.0,24.0,0.0,1.0,0.050000000000000044,1.666686337441206,1.655340624973178,0.037819075281731784,0.85
md_cbad_dqn,802,443,68.25927503407001,81.48988247737289,25.983521409332752,42.27575321495533,1.4192012576386333,14679.989688873291,0.0,21.0,0.0,0.0,0.050000000000000044,1.8004928603768349,1.7891813144087791,0.03770513506606221,0.85
md_cbad_dqn,802,444,88.28198117166758,81.72065211758017,30.57730173319578,57.70467906594276,1.5629425272345543,17654.98257446289,0.0,23.0,0.0,2.0,0.050000000000000044,1.4134888779371977,1.402465021237731,0.036746277241036296,0.85
md_cbad_dqn,802,445,74.15187865644694,82.27997932963073,27.74786890298128,46.40400985777378,1.4709828291088343,15848.140804290771,0.0,23.0,0.0,1.0,0.050000000000000044,1.723892368376255,1.7131496295332909,0.035809136810712516,0.85
md_cbad_dqn,802,446,72.14594234526157,81.20318827696146,28.36140313744545,43.7845389097929,1.4687378574162722,16424.490253448486,0.0,21.0,0.0,0.0,0.050000000000000044,1.772053811699152,1.761436402797699,0.035391329787671566,0.85
md_cbad_dqn,802,447,74.34632209837437,80.76486404642465,25.712927758693695,48.63339423537254,1.4043564600870013,14581.210428237915,0.0,23.0,0.0,2.0,0.050000000000000044,1.7738013230264187,1.7624124959111214,0.037962744827382267,0.85
md_cbad_dqn,802,448,67.94477871954442,80.32945375427605,26.50081694126129,41.44396231472492,1.4379901811480522,15198.31789779663,0.0,22.0,0.0,1.0,0.050000000000000044,1.5044524352997541,1.4927933495491743,0.03886363934725523,0.85
md_cbad_dqn,802,449,83.61987110972404,80.32093213371934,29.519498497247696,54.1003722846508,1.5283715752884746,16686.66268157959,0.0,25.0,0.0,1.0,0.050000000000000044,1.484140757471323,1.4721087403595448,0.04010676208417863,0.85
md_cbad_dqn,802,450,83.736645886302,80.11577787987889,30.43071000277996,53.30593568980694,1.5143262576311827,17508.01658630371,0.0,25.0,0.0,1.0,0.050000000000000044,1.5908097047358751,1.5783365182578564,0.04157728888094425,0.85
md_cbad_dqn,802,451,92.39747825264931,81.15516981773081,31.86278049647808,60.53469794988632,1.5741054257377982,17979.146156311035,0.0,27.0,0.0,0.0,0.050000000000000044,2.1215892024338245,2.110689027234912,0.036333894124254584,0.85
md_cbad_dqn,802,452,85.87732795625925,80.71296874612571,29.956117287278175,55.92121058702469,1.537171515636146,17274.475606918335,0.0,25.0,0.0,0.0,0.050000000000000044,1.7885651979595423,1.7758032120764256,0.04253995465114713,0.85
md_cbad_dqn,802,453,78.7847880795598,80.72749101944268,28.291123762726784,50.49366481602192,1.4710811516270041,16313.73849105835,0.0,23.0,0.0,1.0,0.050000000000000044,2.0755892768502235,2.064396746456623,0.03730840340722352,0.85
md_cbad_dqn,802,454,83.0414317548275,80.21477099962533,31.4764287173748,51.565003246068954,1.5605466328561306,17728.413078308105,0.0,24.0,0.0,2.0,0.050000000000000044,1.8977738469839096,1.8846853524446487,0.04362837690860033,0.85
md_cbad_dqn,802,455,87.88546966910363,80.3025490847975,30.778855569660664,57.10661428570747,1.5452800700441003,17666.616680145264,0.0,27.0,0.0,1.0,0.050000000000000044,1.8280695416033268,1.8151775300502777,0.042973405099473894,0.85
md_cbad_dqn,802,456,60.58177947998047,79.32524143636228,25.321947649121284,35.25983142852783,1.3894057804718614,14503.633459091187,0.0,19.0,0.0,0.0,0.050000000000000044,2.183151498436928,2.1706828884780407,0.04156192601658404,0.85
md_cbad_dqn,802,457,84.78292390704155,79.62536076784134,30.649203568696976,54.13372083008289,1.5387026462703943,17681.346878051758,0.0,25.0,0.0,0.0,0.050000000000000044,1.5844603963196278,1.5735705439001322,0.0362994687166065,0.85
md_cbad_dqn,802,458,73.94461885392666,79.70074034295976,27.971087127923965,45.97353199422359,1.4490899434313178,15378.87760925293,0.0,21.0,0.0,2.0,0.050000000000000044,2.053809478878975,2.042112186551094,0.038990875240415335,0.85
md_cbad_dqn,802,459,83.87780033051968,79.42646286517382,30.146577671170235,53.73122301697731,1.5164229441434145,17442.434215545654,0.0,25.0,0.0,1.0,0.050000000000000044,1.4295431822538376,1.4173353277146816,0.04069286095909774,0.85
md_cbad_dqn,802,460,88.89104807376862,80.48753788530827,32.18779595196247,56.70325204730034,1.5902490047737956,18632.33662033081,0.0,25.0,0.0,1.0,0.050000000000000044,1.3072857782244682,1.2955345809459686,0.03917067917063832,0.85
md_cbad_dqn,802,461,77.90948754698039,79.5327774963528,29.797737754881382,48.11174967288971,1.5219272645190358,17115.12635421753,0.0,24.0,0.0,1.0,0.050000000000000044,2.0067200027406216,1.9948899634182453,0.039433505735360086,0.85
md_cbad_dqn,802,462,95.68855245411396,80.30747006900609,32.73198942095041,62.95656272768974,1.5800049966201186,18309.663078308105,0.0,27.0,0.0,1.0,0.050000000000000044,1.7494174428284168,1.7377415429800749,0.0389197034528479,0.85
md_cbad_dqn,802,463,78.26451651155949,80.80773214288055,28.84253227710724,49.42198404073715,1.4989463398233056,16287.260475158691,0.0,23.0,0.0,4.0,0.050000000000000044,1.8076858446002007,1.7963149771094322,0.037902883952483535,0.85
md_cbad_dqn,802,464,71.44155864566565,79.96571101658049,26.434940688312054,45.00661761462688,1.4350244607776403,15408.738502502441,0.0,23.0,0.0,2.0,0.050000000000000044,1.8631127402186394,1.8529024869203568,0.034034153213724494,0.85
md_cbad_dqn,802,465,87.403161662817,80.62827516689897,31.97728492319584,55.42587615847587,1.569091496989131,18017.214038848877,0.0,26.0,0.0,2.0,0.050000000000000044,1.5142318345606327,1.5021377131342888,0.04031377634964883,0.85
md_cbad_dqn,802,466,78.99138395488262,80.97054724738004,27.920988753437996,51.07039475440979,1.4568243687972426,16054.372917175293,0.0,23.0,0.0,1.0,0.050000000000000044,2.1634899005293846,2.151584569364786,0.03968444000929594,0.85
md_cbad_dqn,802,467,78.16850620657206,81.16165645278991,28.651713244616985,49.51679296195507,1.4735792055726051,16005.279804229736,0.0,23.0,0.0,1.0,0.050000000000000044,1.4458739943802357,1.4345389045774937,0.03778371133375913,0.85
md_cbad_dqn,802,468,72.3384988412261,81.381342458874,25.731612652540207,46.60688621103763,1.410320084542036,14711.570899963379,0.0,22.0,0.0,3.0,0.050000000000000044,2.106706252321601,2.09632065333426,0.03461864753626287,0.85
md_cbad_dqn,802,469,85.20175809562207,81.4604368081689,28.756590388715267,56.445167088508605,1.488311829045415,16418.199268341064,0.0,26.0,0.0,1.0,0.050000000000000044,1.4850541241467,1.4744756184518337,0.035261644632555544,0.85
md_cbad_dqn,802,470,74.66339826732874,81.00677442722024,26.343077324330807,48.32032106220722,1.4208093406632543,14851.164714813232,0.0,23.0,0.0,1.0,0.050000000000000044,1.7619724906980991,1.7503669001162052,0.03868535230867565,0.85
md_cbad_dqn,802,471,81.85345729738474,80.47957337945701,30.063813634216785,51.78964336514473,1.5123586170375347,16885.674236297607,0.0,22.0,0.0,2.0,0.050000000000000044,1.7329476326704025,1.7204597257077694,0.04162636352702975,0.85
md_cbad_dqn,802,472,70.8418829381466,79.72780112855138,27.703451603651047,43.138431364297865,1.4812240526080132,16238.047889709473,0.0,22.0,0.0,2.0,0.050000000000000044,1.6564186047762632,1.6445928160101175,0.03941923356615007,0.85
md_cbad_dqn,802,473,66.78937702029944,79.12803057558837,25.953010581433773,40.836366260051726,1.3958557303994894,14269.91128540039,0.0,21.0,0.0,1.0,0.050000000000000044,1.6212348844856024,1.6113334260880947,0.03300488099921495,0.85
md_cbad_dqn,802,474,87.82239709794521,79.36707884274425,29.714381158351898,58.10801559686661,1.51879673730582,17038.567920684814,0.0,26.0,0.0,0.0,0.050000000000000044,1.7792936079204082,1.7670897208154202,0.04067965759895742,0.85
md_cbad_dqn,802,475,67.48812505006791,78.34721161179246,25.27651844918728,42.21160680949688,1.3991726394742727,14493.828323364258,0.0,23.0,0.0,1.0,0.050000000000000044,1.9715598691254854,1.9589018933475018,0.04219323105644435,0.85
md_cbad_dqn,802,476,99.18364623188972,80.27730494938791,33.25776794552803,65.92587839066982,1.6393901705741882,19031.606422424316,0.0,30.0,0.0,1.0,0.050000000000000044,1.7346251159906387,1.7232237420976162,0.03800458577461541,0.85
md_cbad_dqn,802,477,71.75827788561583,79.62607264831664,26.044665277004242,45.713612362742424,1.4216648107394576,14788.18798828125,0.0,23.0,0.0,0.0,0.050000000000000044,1.655135901644826,1.643187340348959,0.039828556356951594,0.85
md_cbad_dqn,802,478,73.47715833038092,79.60269962213934,28.53824122995138,44.93891724944115,1.4548350032418966,16348.272220611572,0.0,21.0,0.0,1.0,0.050000000000000044,1.8452999703586102,1.8299789875745773,0.05106987280305475,0.85
md_cbad_dqn,802,479,95.65255380868912,80.19143729604781,29.974102176725864,65.67845204174519,1.528973227366805,16986.116123199463,0.0,29.0,0.0,3.0,0.050000000000000044,2.117910347878933,2.106216635555029,0.03897901624441147,0.85
md_cbad_dqn,802,480,73.33232625722886,79.41350120522083,28.40369365364313,44.928632193803786,1.4823185205459595,16097.274074554443,0.0,22.0,0.0,1.0,0.050000000000000044,1.3840197697281837,1.3731876090168953,0.036107179592363536,0.85
md_cbad_dqn,802,481,74.38617907464504,79.23733578160406,27.736925274133682,46.649253875017166,1.5048418613150716,16259.854110717773,0.0,23.0,0.0,1.0,0.050000000000000044,1.6380508486181498,1.6252881418913603,0.042542295646853745,0.85
md_cbad_dqn,802,482,92.1082172691822,79.05831902235748,31.77029086649418,60.33792665600777,1.5939344372600317,18405.051189422607,0.0,28.0,0.0,0.0,0.050000000000000044,1.6211612597107887,1.6089108474552631,0.040834697312675416,0.85
md_cbad_dqn,802,483,89.63121887296438,79.62665414042772,29.21749223768711,60.413727045059204,1.5458218958228827,17159.964994430542,0.0,28.0,0.0,1.0,0.050000000000000044,2.091245014220476,2.080165322870016,0.03693227772600949,0.85
md_cbad_dqn,802,484,88.59482996314765,80.48431770630182,30.382304906845093,58.21252521276474,1.5239317817613482,17118.96629333496,0.0,27.0,0.0,1.0,0.050000000000000044,2.079280400648713,2.0689296536147594,0.03450253920163959,0.85
md_cbad_dqn,802,485,59.09818760603666,79.06906900346279,23.784470714628696,35.31371650397777,1.390649306587875,14144.130683898926,0.0,17.0,0.0,2.0,0.050000000000000044,1.6847142092883587,1.6735454704612494,0.037229124922305346,0.85
md_cbad_dqn,802,486,101.26765237301588,80.18288242436947,32.422168500721455,68.84548378288746,1.597327128984034,18523.473358154297,0.0,31.0,0.0,3.0,0.050000000000000044,1.8832531943917274,1.872035451233387,0.037392404046840966,0.85
md_cbad_dqn,802,487,97.61273001134396,81.15509361460805,30.996231719851494,66.61649829149246,1.558098016306758,17607.73918914795,0.0,29.0,0.0,0.0,0.050000000000000044,1.648652821779251,1.6346196755766869,0.04677717201411724,0.85
md_cbad_dqn,802,488,93.23261325061321,82.19979933507742,31.52838634699583,61.704226061701775,1.550568881444633,17739.646377563477,0.0,29.0,0.0,0.0,0.050000000000000044,1.8838933035731316,1.871818795800209,0.04024837084580213,0.85
md_cbad_dqn,802,489,71.26360207051039,81.50289153382182,27.755258299410343,43.50834387540817,1.4265390755608678,15346.829929351807,0.0,21.0,0.0,0.0,0.050000000000000044,1.8628500681370497,1.8508305307477713,0.04006507922895253,0.85
md_cbad_dqn,802,490,77.26804781109095,81.63312401100994,28.533469386398792,48.734578722715376,1.511318943463266,16389.950077056885,0.0,24.0,0.0,2.0,0.050000000000000044,1.7036642096936703,1.6937799975275993,0.03294739522971213,0.85
md_cbad_dqn,802,491,86.83842560648918,81.88237242646517,30.61720934510231,56.22121635079384,1.5155806746333838,16925.858470916748,0.0,25.0,0.0,0.0,0.050000000000000044,1.8372002001851797,1.8259158562868834,0.037614513537846506,0.85
md_cbad_dqn,802,492,76.30078864246607,82.15531771168114,29.532950840890408,46.76783784627914,1.5297305211424828,16961.36513519287,0.0,22.0,0.0,1.0,0.050000000000000044,1.6279295049607754,1.6163847483694553,0.03848257404752076,0.85
md_cbad_dqn,802,493,70.79912951737643,82.35580533653498,28.198202662169933,42.600926333665846,1.4604292660951614,15984.524612426758,0.0,21.0,0.0,2.0,0.050000000000000044,1.741445129737258,1.7319723777472973,0.031575880479067564,0.85
md_cbad_dqn,802,494,94.04109253883362,82.66674010857942,33.60492865741253,60.43616338968277,1.6023388020694256,19022.934688568115,0.0,28.0,0.0,3.0,0.050000000000000044,1.3934446424245834,1.3816244564950466,0.03940059489104897,0.85
md_cbad_dqn,802,495,86.23224945366383,83.6039463287592,31.21283057332039,55.01941955089569,1.5460367482155561,17936.83378982544,0.0,26.0,0.0,1.0,0.050000000000000044,1.886078905314207,1.8755688089877367,0.0350336404517293,0.85
md_cbad_dqn,802,496,72.48112891763449,82.26882046304645,28.698322661221027,43.78280636072159,1.516321374103427,16524.782611846924,0.0,22.0,0.0,3.0,0.050000000000000044,1.7166008297353983,1.7051232047379017,0.038258759188465774,0.85
md_cbad_dqn,802,497,86.64734295010567,83.01327371627093,29.193774953484535,57.453568026423454,1.4891831474378705,16354.14783668518,0.0,27.0,0.0,1.0,0.050000000000000044,1.8123807478696108,1.8009804300963879,0.038001035805791616,0.85
md_cbad_dqn,802,498,80.57267873883248,83.36804973669351,28.392210721969604,52.18046762943268,1.461960625834763,15991.80233001709,0.0,23.0,0.0,1.0,0.050000000000000044,1.8161679189652205,1.8045361433178186,0.03877253830432892,0.85
md_cbad_dqn,802,499,85.18034812957049,82.84443945273759,30.391986317932606,54.78836187124252,1.5055091911926866,17099.97756576538,0.0,26.0,0.0,1.0,0.050000000000000044,1.943067541345954,1.931147614493966,0.03973307413980365,0.85
md_cbad_dqn,802,500,83.56312404572964,83.35597934216261,28.220382764935493,55.342741668224335,1.504637205041945,16137.359531402588,0.0,27.0,0.0,0.0,0.050000000000000044,2.0724682845175266,2.0608332753181458,0.03878338832873851,0.85
md_cbad_dqn,802,501,85.64629758149385,83.91898526750506,31.37437664717436,54.27192132174969,1.5173968113958836,17099.205181121826,0.0,25.0,0.0,0.0,0.050000000000000044,1.3620510250329971,1.3494696039706469,0.04193808848503977,0.85
md_cbad_dqn,802,502,95.76676953583956,84.10191288083793,31.820675119757652,63.946094393730164,1.5655623199418187,18169.062690734863,0.0,28.0,0.0,1.0,0.050000000000000044,1.6287197396159172,1.617533914744854,0.03728605865035206,0.85
md_cbad_dqn,802,503,89.36804112792015,84.08875399358571,32.83717059344053,56.530870378017426,1.562342039309442,18203.184776306152,0.0,26.0,0.0,0.0,0.050000000000000044,1.6056885849684477,1.5940572917461395,0.03877097612712532,0.85
md_cbad_dqn,802,504,83.62952998280525,83.84048899456859,28.764104962348938,54.865424767136574,1.4890476940199733,16387.9690284729,0.0,26.0,0.0,0.0,0.050000000000000044,1.2612574622035027,1.2511388398706913,0.033728716196492314,0.85
md_cbad_dqn,802,505,88.60931098461151,85.31604516349732,30.770778335630894,57.83853253722191,1.5069627277553082,17079.299684524536,0.0,26.0,0.0,0.0,0.050000000000000044,1.9224240127950907,1.9097174499183893,0.04235526663251221,0.85
md_cbad_dqn,802,506,76.56190391927957,84.08075774081053,27.80921583622694,48.75268766582012,1.4555421322584152,15930.688507080078,0.0,23.0,0.0,2.0,0.050000000000000044,2.3229894638061523,2.3103066980838776,0.042275923886336386,0.85
md_cbad_dqn,802,507,71.50056963562966,82.7751497220248,27.50461222976446,43.995957323908804,1.4411151809617877,15542.349967956543,0.0,20.0,0.0,1.0,0.050000000000000044,1.9309690482914448,1.9206068441271782,0.0345407291315496,0.85
md_cbad_dqn,802,508,81.92995527535678,82.210016823262,29.154861114919186,52.775094205141066,1.4847470931708813,16723.891761779785,0.0,25.0,0.0,2.0,0.050000000000000044,1.90187219530344,1.8921102806925774,0.03253973869141191,0.85
md_cbad_dqn,802,509,90.11487504839897,83.15258047215642,31.786145709455013,58.328729927539825,1.5343505665659904,17823.565311431885,0.0,25.0,0.0,0.0,0.050000000000000044,1.324684914201498,1.3141220025718212,0.035209704539738595,0.85
md_cbad_dqn,802,510,76.69148597121239,83.12375238016247,29.589374229311943,47.10211169719696,1.4641547612845898,16403.316619873047,0.0,21.0,0.0,1.0,0.050000000000000044,1.989547684788704,1.97869124263525,0.03618808463215828,0.85
md_cbad_dqn,802,511,74.88875718414783,82.52626895904541,26.235090278089046,48.6536665558815,1.4108318481594324,14764.74715423584,0.0,25.0,0.0,0.0,0.050000000000000044,1.6195217967033386,1.6087695248425007,0.035840907017700374,0.85
md_cbad_dqn,802,512,94.46839372217656,83.43464921303095,33.44250139594078,61.025892147421835,1.5937926480546594,18795.671844482422,0.0,27.0,0.0,2.0,0.050000000000000044,1.5321403034031391,1.5199679359793663,0.04057468951214105,0.85
md_cbad_dqn,802,513,69.90436173379422,83.38991082385182,26.670434221625328,43.23392736315727,1.4192605232819915,14819.33466911316,0.0,21.0,0.0,1.0,0.050000000000000044,1.405881391838193,1.3942316882312298,0.038832294405438006,0.85
md_cbad_dqn,802,514,75.60085078328848,82.46789873607457,28.186436839401722,47.41441401839256,1.472193486057222,16072.273567199707,0.0,23.0,0.0,1.0,0.050000000000000044,1.770106803625822,1.7582649365067482,0.03947288461495191,0.85
md_cbad_dqn,802,515,75.9677983596921,81.95467618137599,27.779425583779812,48.18837237358093,1.4742545699700713,15629.516773223877,0.0,24.0,0.0,0.0,0.050000000000000044,1.5799254346638918,1.5683287512511015,0.03865558316465467,0.85
md_cbad_dqn,802,516,80.66382214426994,82.36381084270776,29.619786880910397,51.0440348982811,1.4931383533403277,16551.75438308716,0.0,24.0,0.0,0.0,0.050000000000000044,1.699683716520667,1.6894869059324265,0.033989333314821124,0.85
md_cbad_dqn,802,517,72.0925001502037,81.63606870271265,26.704638957977295,45.38786110281944,1.4493206311017275,15537.659061431885,0.0,22.0,0.0,0.0,0.050000000000000044,1.7339499797672033,1.7233285177499056,0.03540490672457963,0.85
md_cbad_dqn,802,518,88.77368310391903,82.04611892096699,30.761403188109398,58.01228009462356,1.5623649284243584,17540.706455230713,0.0,26.0,0.0,3.0,0.050000000000000044,1.784091291949153,1.7719888612627983,0.04034141020383686,0.85
md_cbad_dqn,802,519,75.56159162074327,81.56518109552562,28.750766716897488,46.81082506775856,1.4745050026103854,16266.010847091675,0.0,22.0,0.0,3.0,0.050000000000000044,1.8267305586487055,1.815339732915163,0.03796945430804044,0.85
md_cbad_dqn,802,520,90.07992118746043,81.89102095261217,29.366360291838646,60.71356135010719,1.514810686931014,16761.19016647339,0.0,28.0,0.0,2.0,0.050000000000000044,1.7779865209013224,1.7677460014820099,0.03413500846363604,0.85
md_cbad_dqn,802,521,77.78382162153721,81.49789715461434,26.928625650703907,50.85519587397575,1.4520439822226763,15456.987663269043,0.0,22.0,0.0,2.0,0.050000000000000044,2.1752161532640457,2.165337346494198,0.03292939183302224,0.85
md_cbad_dqn,802,522,91.96449943184852,81.30778364941479,32.50293855369091,59.46156081855297,1.5885695414617658,18235.01707458496,0.0,26.0,0.0,2.0,0.050000000000000044,1.8306115195155144,1.8201623819768429,0.03483048896305263,0.85
md_cbad_dqn,802,523,80.05475978702307,80.84211958236993,29.012483909726143,51.04227624237537,1.4891651272773743,16430.861589431763,0.0,23.0,0.0,1.0,0.050000000000000044,2.2430596351623535,2.23144737072289,0.038707569474354386,0.85
md_cbad_dqn,802,524,69.89068742990494,80.15517745472492,26.05426187068224,43.83642562627792,1.4061179608106613,14640.07018661499,0.0,20.0,0.0,1.0,0.050000000000000044,1.7382361739873886,1.7262329831719398,0.0400106196757406,0.85
md_cbad_dqn,802,525,67.98657575547695,79.1240406932682,28.030583918094635,39.95599165856838,1.467937526293099,16200.076930999756,0.0,21.0,0.0,3.0,0.050000000000000044,1.5694543924182653,1.558360392227769,0.03698001545853913,0.85
md_cbad_dqn,802,526,68.04823876470327,78.69835743553938,26.569535240530968,41.47870359122753,1.418522136285901,14994.353950500488,0.0,20.0,0.0,2.0,0.050000000000000044,1.5378088932484388,1.5262158066034317,0.038643645006231964,0.85
md_cbad_dqn,802,527,82.03414058685303,79.22503598310054,28.946517050266266,53.08762353658676,1.4783355072140694,16708.65347290039,0.0,23.0,0.0,1.0,0.050000000000000044,2.090459831058979,2.0789871849119663,0.03824214532505721,0.85
md_cbad_dqn,802,528,80.96441155970096,79.17675879731775,29.78940750658512,51.175003978610036,1.5069748787209392,16800.96031188965,0.0,24.0,0.0,3.0,0.050000000000000044,2.0866355262696743,2.0737803168594837,0.04285062069538981,0.85
md_cbad_dqn,802,529,80.70104407668114,78.70606724873186,29.375196754932404,51.325847589969634,1.525325870141387,16720.030570983887,0.0,25.0,0.0,1.0,0.050000000000000044,2.122564807534218,2.109802784398198,0.0425401006359607,0.85
md_cbad_dqn,802,530,82.13838082551956,78.97841199144722,29.8497406616807,52.288640677928925,1.4972970206290483,16705.300567626953,0.0,25.0,0.0,1.0,0.050000000000000044,1.8842378836125135,1.874047003686428,0.03396955877542496,0.85
md_cbad_dqn,802,531,76.08483093380929,79.0382156789303,28.46993015706539,47.61490095555782,1.49263786803931,16315.560695648193,0.0,23.0,0.0,3.0,0.050000000000000044,1.8366812858730555,1.8261192664504051,0.03520669520366937,0.85
md_cbad_dqn,802,532,91.3451456964016,78.88205327764156,31.644906878471375,59.70023866891861,1.5435023391619325,18082.59546661377,0.0,26.0,0.0,1.0,0.050000000000000044,1.498868428170681,1.4871613029390574,0.03902371181175113,0.85
md_cbad_dqn,802,533,80.59927996397019,79.41679918915035,29.4661965072155,51.13308333754539,1.5165063170716166,17030.016269683838,0.0,22.0,0.0,3.0,0.050000000000000044,1.6103742998093367,1.5995882358402014,0.03595359274186194,0.85
md_cbad_dqn,802,534,79.5344192609191,79.61347761303189,28.867000564932823,50.667418733239174,1.4987877113744617,16394.8956451416,0.0,25.0,0.0,0.0,0.050000000000000044,1.948037426918745,1.9372448418289423,0.035975217120721936,0.85
md_cbad_dqn,802,535,75.5585066601634,79.59301302805544,26.94733279198408,48.61117421090603,1.4546697940677404,15391.287378311157,0.0,24.0,0.0,0.0,0.050000000000000044,1.6168360598385334,1.6059227082878351,0.03637786046601832,0.85
md_cbad_dqn,802,536,79.78528491556645,79.54908616662026,28.8969114869833,50.8883739054203,1.4832804426550865,16266.840835571289,0.0,24.0,0.0,1.0,0.050000000000000044,1.382413126528263,1.3706138897687197,0.03933076199609786,0.85
md_cbad_dqn,802,537,78.8910641670227,79.88901436746121,27.095793209969997,51.79527077078819,1.453115001320839,15230.189693450928,0.0,25.0,0.0,0.0,0.050000000000000044,1.684662152081728,1.6752052996307611,0.03152293059974909,0.85
md_cbad_dqn,802,538,88.08907211720944,79.85478381812574,31.916612960398197,56.17245898544788,1.5631686700507998,18104.054164886475,0.0,26.0,0.0,1.0,0.050000000000000044,1.8077121898531914,1.7975549399852753,0.03385746316052973,0.85
md_cbad_dqn,802,539,90.08666141331196,80.58103730775417,32.6081580221653,57.47850304841995,1.57806206215173,18574.026931762695,0.0,26.0,0.0,0.0,0.050000000000000044,1.5300092305988073,1.5193980019539595,0.03537074406631291,0.85
md_cbad_dqn,802,540,99.82637294530869,81.06835989564658,32.385464891791344,67.44090888798237,1.595343234948814,18543.843627929688,0.0,29.0,0.0,1.0,0.050000000000000044,2.0375935919582844,2.0287138894200325,0.029598953551612794,0.85
md_cbad_dqn,802,541,91.4429897159338,81.75131830036642,29.99011319130659,61.45287644267082,1.5086157247424126,16758.093132019043,0.0,27.0,0.0,1.0,0.050000000000000044,1.9758600033819675,1.9654199555516243,0.03480020072311163,0.85
md_cbad_dqn,802,542,74.80801455825568,80.89349405668676,28.299606077373028,46.508408421278,1.5035467157140374,16685.459426879883,0.0,24.0,0.0,1.0,0.050000000000000044,1.7278387118130922,1.718063274398446,0.03258482040837407,0.85
md_cbad_dqn,802,543,87.53566000014544,81.2675390673429,30.338883381336927,57.196776592731474,1.5219001127406955,16921.655828475952,0.0,26.0,0.0,1.0,0.050000000000000044,1.4009102676063776,1.3907719645649195,0.03379436512477696,0.85
md_cbad_dqn,802,544,63.60137663781643,80.95307352773847,25.54401443898678,38.057362109422684,1.3948166025802493,14525.840469360352,0.0,20.0,0.0,0.0,0.050000000000000044,1.9055233635008335,1.8964564390480518,0.030223111039958894,0.85
md_cbad_dqn,802,545,84.25946244001389,81.76671786196532,30.050337858498096,54.20912494659424,1.5122716762125492,17080.831398010254,0.0,24.0,0.0,3.0,0.050000000000000044,1.7793185394257307,1.7693547159433365,0.033212744747288525,0.85
md_cbad_dqn,802,546,63.1376604527235,81.52118894636632,25.855331897735596,37.282328659296034,1.4083038493990898,14932.08406829834,0.0,20.0,0.0,2.0,0.050000000000000044,1.723379548639059,1.7115127500146627,0.03955594915896654,0.85
md_cbad_dqn,802,547,69.87510580867529,80.91323720745744,25.80773352086544,44.067372637987134,1.3920725546777248,14266.24245262146,0.0,22.0,0.0,2.0,0.050000000000000044,1.9112028181552887,1.8995800744742155,0.038742481265217066,0.85
md_cbad_dqn,802,548,83.69774048030376,81.04990365348758,29.928438425064087,53.769302010536194,1.5197867872193456,16658.2208404541,0.0,25.0,0.0,1.0,0.050000000000000044,1.5966109372675419,1.585610406473279,0.03666844603139907,0.85
md_cbad_dqn,802,549,86.0546883046627,81.31758586488664,29.75899873673916,56.295689448714256,1.5367679791525006,17117.171028137207,0.0,25.0,0.0,0.0,0.050000000000000044,2.0360888242721558,2.0253095366060734,0.035930903162807226,0.85
md_cbad_dqn,802,550,76.9762581601739,81.05947973161936,28.593314118683338,48.382943817973135,1.4580574501305819,16180.197917938232,0.0,22.0,0.0,1.0,0.050000000000000044,2.2594487629830837,2.2489983662962914,0.034834654070436954,0.85
md_cbad_dqn,802,551,82.83572768568993,81.39702456921341,28.873990833759308,53.961736837029456,1.5243600932881236,16761.6243019104,0.0,25.0,0.0,1.0,0.050000000000000044,1.5961579531431198,1.586093446239829,0.03354831656906754,0.85
md_cbad_dqn,802,552,61.96572717279196,79.92805364303292,25.243676401674747,36.722050949931145,1.4052864145487547,14394.672122955322,0.0,18.0,0.0,0.0,0.050000000000000044,1.952038111165166,1.9416599310934544,0.034593939199112356,0.85
md_cbad_dqn,802,553,90.77665850520134,80.43692257009448,30.93488647043705,59.84177182614803,1.5622767470777035,17834.892417907715,0.0,28.0,0.0,2.0,0.050000000000000044,1.308734480291605,1.2974044103175402,0.03776690806262195,0.85
md_cbad_dqn,802,554,66.33763697743416,79.77708345592023,27.370752155780792,38.96688462793827,1.4692916329950094,16002.227195739746,0.0,20.0,0.0,1.0,0.050000000000000044,1.862112795934081,1.8497242033481598,0.04129525739699602,0.85
md_cbad_dqn,802,555,80.22634937763215,80.01047559179366,30.038549169898033,50.18780050575733,1.525616337545216,17029.435661315918,0.0,23.0,0.0,2.0,0.050000000000000044,2.2858818396925926,2.2743674963712692,0.038381074205972254,0.85
md_cbad_dqn,802,556,72.43288297951221,79.64285549499095,27.12303614616394,45.30984680354595,1.47414412163198,16045.499755859375,0.0,24.0,0.0,0.0,0.050000000000000044,2.2035020291805267,2.192628739401698,0.036244340357370675,0.85
md_cbad_dqn,802,557,77.79796367138624,79.58820047020913,27.140319280326366,50.65764443576336,1.4468569094315171,15524.18741607666,0.0,24.0,0.0,1.0,0.050000000000000044,1.8188850171864033,1.8075482342392206,0.037789323600009084,0.85
md_cbad_dqn,802,558,72.70489540845156,78.81899163477124,28.225020818412304,44.47987505197525,1.4540259884670377,16044.636043548584,0.0,21.0,0.0,1.0,0.050000000000000044,1.4563777670264244,1.4446997605264187,0.038926682085730135,0.85
md_cbad_dqn,802,559,93.32340883761644,78.98082900598646,30.73523634672165,62.588172282278535,1.554539393633604,17851.366401672363,0.0,28.0,0.0,2.0,0.050000000000000044,1.6936912946403027,1.6829661708325148,0.035750443348661065,0.85
md_cbad_dqn,802,560,63.289899007976054,77.15400530911982,24.693429075181484,38.5964703053236,1.3839080510661006,14088.625894546509,0.0,19.0,0.0,1.0,0.050000000000000044,1.7089883424341679,1.6982607506215572,0.03575862024445087,0.85
md_cbad_dqn,802,561,78.99374634921551,76.53154314078391,28.166193693876266,50.82755314707756,1.4850578969344497,16151.224269866943,0.0,24.0,0.0,1.0,0.050000000000000044,1.6964485198259354,1.6871401611715555,0.031027881894260645,0.85
md_cbad_dqn,802,562,79.63616643846035,76.77295073479414,29.83326469361782,49.80290204286575,1.52323186583817,16946.07852935791,0.0,23.0,0.0,1.0,0.050000000000000044,1.5432489402592182,1.532986480742693,0.034208278520964086,0.85
md_cbad_dqn,802,563,71.07604694664478,75.94997008211911,29.46917973458767,41.606867122650144,1.5018623042851686,16982.417358398438,0.0,22.0,0.0,2.0,0.050000000000000044,1.5580386482179165,1.5459765866398811,0.040206935023888946,0.85
md_cbad_dqn,802,564,78.81857706606388,76.71083010353149,28.5353152602911,50.28326143324375,1.5059662479907274,16297.0263671875,0.0,24.0,0.0,0.0,0.050000000000000044,1.971423426643014,1.9599930103868246,0.03810145705938339,0.85
md_cbad_dqn,802,565,65.26030963659286,75.76087246336043,27.116111800074577,38.144197553396225,1.4339505173265934,15692.44692993164,0.0,18.0,0.0,1.0,0.050000000000000044,2.073544779792428,2.0629204772412777,0.035414389916695654,0.85
md_cbad_dqn,802,566,89.56704358756542,77.08234162010253,32.98669143021107,56.58035244047642,1.5860755341127515,18456.673587799072,0.0,26.0,0.0,0.0,0.050000000000000044,1.9621384274214506,1.9515624716877937,0.03525320300832391,0.85
md_cbad_dqn,802,567,95.05989983677864,78.34158132150769,32.995497703552246,62.064402371644974,1.5813302509486675,18460.48687362671,0.0,28.0,0.0,0.0,0.050000000000000044,1.8035169709473848,1.7924577537924051,0.03686405927874148,0.85
md_cbad_dqn,802,568,85.73050472140312,78.44321953356265,30.51858915388584,55.211915493011475,1.5545965870842338,17362.002532958984,0.0,24.0,0.0,0.0,0.050000000000000044,1.691248808056116,1.6803831197321415,0.03621893853414804,0.85
md_cbad_dqn,802,569,85.23678541332484,78.40232438899577,30.562359921634197,54.674425759911536,1.4970137355849147,17074.712776184082,0.0,25.0,0.0,1.0,0.050000000000000044,1.711632264778018,1.7011165656149387,0.03505233186297119,0.85
md_cbad_dqn,802,570,62.438455113768576,77.6754342366755,26.53029017150402,35.90816451013088,1.415225075557828,14985.994873046875,0.0,18.0,0.0,4.0,0.050000000000000044,1.7411645725369453,1.7312652133405209,0.0329978734953329,0.85
md_cbad_dqn,802,571,95.51055249720812,78.30917547725143,32.23319213837385,63.277360612154006,1.5962943276390433,18334.86550140381,0.0,29.0,0.0,1.0,0.050000000000000044,1.9610994402319193,1.951050952076912,0.03349495946895331,0.85
md_cbad_dqn,802,572,85.88819123804569,79.5052986805141,31.221087262034416,54.66710391640663,1.5635832622647285,17972.28051185608,0.0,26.0,0.0,0.0,0.050000000000000044,1.4231750797480345,1.4137224555015564,0.03150877228472382,0.85
md_cbad_dqn,802,573,81.87128201574086,79.0600298560411,30.118567414581776,51.75271515250206,1.5241195606067777,16967.105056762695,0.0,23.0,0.0,3.0,0.050000000000000044,2.113345757126808,2.1035791262984276,0.032555475016124547,0.85
md_cbad_dqn,802,574,84.20184909701348,79.95324046202005,31.47782936692238,52.72402002811432,1.543885389342904,17772.853755950928,0.0,24.0,0.0,2.0,0.050000000000000044,1.9533403031527996,1.942335832864046,0.03668156254570931,0.85
md_cbad_dqn,802,575,69.21617931574583,79.40273195892573,28.839316330850124,40.376862686872485,1.4554564403370023,16247.028442382812,0.0,21.0,0.0,3.0,0.050000000000000044,1.6073021460324526,1.5952330753207207,0.04023022239562124,0.85
md_cbad_dqn,802,576,74.96168375909329,79.5291719979048,27.5646688118577,47.39701507389545,1.4458439415320754,15722.831848144531,0.0,24.0,0.0,1.0,0.050000000000000044,1.6177893728017807,1.6054627113044262,0.041088871425017715,0.85
md_cbad_dqn,802,577,87.99961692988873,80.03925466082993,30.986957624554634,57.012659126520155,1.5372853809967637,17416.233394622803,0.0,24.0,0.0,3.0,0.050000000000000044,1.9589578695595264,1.9483349695801735,0.035409668111242354,0.85
md_cbad_dqn,802,578,88.34925317764282,80.82147254928948,30.978375807404518,57.37087678909302,1.553105242550373,17468.073471069336,0.0,24.0,0.0,0.0,0.050000000000000044,1.8729774877429008,1.8633472323417664,0.03210080577991903,0.85
md_cbad_dqn,802,579,70.39018841832876,79.67481152832508,26.773945666849613,43.616243064403534,1.4507386023178697,15496.502994537354,0.0,22.0,0.0,0.0,0.050000000000000044,1.8100987281650305,1.800738885998726,0.031199484947137535,0.85
md_cbad_dqn,802,580,74.89228060692548,80.25493060827256,29.970328845083714,44.92195165753365,1.4894594606012106,16784.541702270508,0.0,21.0,0.0,4.0,0.050000000000000044,1.4171102829277515,1.4068493247032166,0.034203228424303234,0.85
md_cbad_dqn,802,581,78.46791725754738,80.22863915368914,27.19636830687523,51.271548771858214,1.4737589033320546,15862.680967330933,0.0,24.0,0.0,3.0,0.050000000000000044,1.6302670035511255,1.6209425888955593,0.031081318622455,0.85
md_cbad_dqn,802,582,81.81721331179142,80.33769149735569,27.150171473622322,54.66704162955284,1.432781801559031,15075.578472137451,0.0,25.0,0.0,0.0,0.050000000000000044,1.6810120083391666,1.6718660350888968,0.030486533883959055,0.85
md_cbad_dqn,802,583,87.83647673726082,81.17571298688651,30.801365971565247,57.035110557079314,1.5401654709130526,17474.348321914673,0.0,25.0,0.0,1.0,0.050000000000000044,1.6987423188984394,1.688483253121376,0.03419685969129205,0.85
md_cbad_dqn,802,584,76.8041367173195,81.0749909694493,26.088904812932014,50.71523145735264,1.4419370461255312,15047.095764160156,0.0,23.0,0.0,1.0,0.050000000000000044,1.4887558072805405,1.4790119733661413,0.032479422516189516,0.85
md_cbad_dqn,802,585,77.43742611408234,81.68384679332378,27.845179572701454,49.592246854305266,1.4618932018056512,15772.549240112305,0.0,23.0,0.0,1.0,0.050000000000000044,1.4866232890635729,1.4743446707725525,0.04092879011295736,0.85
md_cbad_dqn,802,586,70.7939328044653,80.74519125416877,28.445816427469254,42.34811664521694,1.482448996976018,16377.963859558105,0.0,22.0,0.0,1.0,0.050000000000000044,1.7665903624147177,1.754610938951373,0.039931389852426946,0.85
md_cbad_dqn,802,587,99.95286243855954,80.9898393842578,31.46366983652115,68.48919270634651,1.5895406631752849,18209.330615997314,0.0,29.0,0.0,6.0,0.050000000000000044,1.6253553591668606,1.6150950472801924,0.03420105529949069,0.85
md_cbad_dqn,802,588,72.69249052554369,80.33793867446484,27.669341780245304,45.02314880490303,1.4513791091740131,15834.4284324646,0.0,22.0,0.0,2.0,0.050000000000000044,1.6202470660209656,1.609740972518921,0.03502024419140071,0.85
md_cbad_dqn,802,589,94.64158591926098,80.80817869976163,32.277344681322575,62.36424083560705,1.627995385788381,18803.036643981934,0.0,27.0,0.0,3.0,0.050000000000000044,2.2695337533950806,2.257611270993948,0.039741515181958675,0.85
md_cbad_dqn,802,590,70.89376858621836,81.23094437338412,28.396649353206158,42.49711902439594,1.4632491869851947,16296.916723251343,0.0,22.0,0.0,0.0,0.050000000000000044,1.5487480517476797,1.5389471724629402,0.032669653301127255,0.85
md_cbad_dqn,802,591,75.18922486901283,80.21487799197436,27.06552082300186,48.12370401620865,1.460808403789997,15736.023372650146,0.0,23.0,0.0,0.0,0.050000000000000044,1.6913326289504766,1.6805290151387453,0.03601206885650754,0.85
md_cbad_dqn,802,592,82.60631386488676,80.0507841233164,29.905630625784397,52.70068285167217,1.495518802665174,16794.946075439453,0.0,24.0,0.0,2.0,0.050000000000000044,1.541809817776084,1.5316894818097353,0.0337344934232533,0.85
md_cbad_dqn,802,593,73.74015849232674,79.64422794714571,26.882355496287346,46.857803085446356,1.4404050633311272,15229.23564529419,0.0,23.0,0.0,1.0,0.050000000000000044,1.3942178450524807,1.3844359312206507,0.03260641044471413,0.85
md_cbad_dqn,802,594,75.34392926841974,79.20133195571603,27.24866173416376,48.095267206430435,1.4463972048833966,15551.129596710205,0.0,23.0,0.0,2.0,0.050000000000000044,1.3372741341590881,1.327348219230771,0.03308643482159823,0.85
md_cbad_dqn,802,595,94.25989624261857,80.45351780205966,32.42916661500931,61.83072962760925,1.5859160842373967,18290.29384994507,0.0,26.0,0.0,2.0,0.050000000000000044,1.9234065357595682,1.9121139869093895,0.037641834234818816,0.85
md_cbad_dqn,802,596,97.54800948798656,81.58283408850431,33.55229264497757,63.99571705162525,1.622689787298441,19123.014904022217,0.0,27.0,0.0,3.0,0.050000000000000044,1.8464832957834005,1.8298336770385504,0.05549877951852977,0.85
md_cbad_dqn,802,597,60.205351415276525,80.1931208127737,26.57047037780285,33.63488120138645,1.4311346588656306,15519.752826690674,0.0,18.0,0.0,4.0,0.050000000000000044,2.1075629238039255,2.096419645473361,0.037144254078157246,0.85
md_cbad_dqn,802,598,80.9214842915535,79.82173236846924,27.91678873449564,53.00469632446766,1.4557024594396353,15789.630676269531,0.0,24.0,0.0,1.0,0.050000000000000044,1.5652326606214046,1.555303018540144,0.03309879812877625,0.85
md_cbad_dqn,802,599,80.38436535894871,80.32144121550023,30.395254157483578,49.98911107480526,1.5160481296479702,17423.266025543213,0.0,24.0,0.0,2.0,0.050000000000000044,1.4735482577234507,1.463458064943552,0.03363394760526717,0.85
