variant,model_seed,episode,cost,rolling_cost,immediate_cost,penalty,energy_use,latency_ms,thermal_violation,energy_violation,queue_violation,contact_violation,epsilon,loss,td_loss,auxiliary_loss,preview_transition_scale
md_cbad_dqn,805,0,120.1244014441967,120.1244014441967,40.925450786948204,79.19895105957985,1.7645161869004369,23859.224697113037,0.0,33.0,0.0,2.0,0.9954761904761905,,,,0.85
md_cbad_dqn,805,1,127.54999519724643,123.83719832072157,46.6602603495121,80.88973505635057,1.865505313500762,27121.14468383789,0.0,33.0,7.0,1.0,0.9909523809523809,1.4455446004867554,1.4334907531738281,0.04017959162592888,0.85
md_cbad_dqn,805,2,146.3186748786063,131.33102384001646,41.30833934247494,105.0103353275151,1.8590146135538816,24856.742782592773,0.0,32.0,24.0,1.0,0.9864285714285714,1.3078891411423683,1.2974990978837013,0.03463354182895273,0.85
md_cbad_dqn,805,3,136.59872036436457,132.6479479711035,40.22616494446993,96.37255527833358,1.8283877680078149,23971.26774597168,0.0,39.0,6.0,1.0,0.981904761904762,1.3470522612333298,1.3403164148330688,0.022452821140177548,0.85
md_cbad_dqn,805,4,120.81837918758393,130.28203421439957,41.86701908707619,78.95136045813561,1.7848889846354723,24577.325328826904,0.0,33.0,0.0,1.0,0.9773809523809524,1.2252743169665337,1.222173236310482,0.010336852807085961,0.85
md_cbad_dqn,805,5,104.88454467058182,126.04911929042994,37.39133985340595,67.49320438504219,1.7218130556866527,22168.62830734253,0.0,29.0,0.0,0.0,0.9728571428571429,1.0371789932250977,1.033572793006897,0.012020653986837715,0.85
md_cbad_dqn,805,6,135.84245454667982,127.44816718417994,46.62140019237995,89.22105472682888,1.859851193614304,26912.14008331299,0.0,33.0,17.0,4.0,0.9683333333333334,0.8336527161300182,0.8244251050055027,0.030758713372051716,0.85
md_cbad_dqn,805,7,128.91618044710003,127.63166884204496,41.7982344776392,87.11794537341434,1.823153373785317,24656.307907104492,0.0,37.0,14.0,0.0,0.9638095238095238,0.8468928672373295,0.8424793183803558,0.014711821975652128,0.85
md_cbad_dqn,805,8,139.90268516920327,128.9951151006181,41.917267709970474,97.98541713140726,1.792824967764318,24834.343658447266,0.0,33.0,16.0,1.0,0.9592857142857143,0.9127698950469494,0.9037951156497002,0.029915924184024334,0.85
md_cbad_dqn,805,9,147.98191587088814,130.8937951776451,43.05036659538746,104.93154948411697,1.8957933820784092,25733.922359466553,0.0,34.0,27.0,0.0,0.9547619047619048,0.7308997958898544,0.721906416118145,0.02997792442329228,0.85
md_cbad_dqn,805,10,122.24458414673805,130.10750326574447,44.865919411182404,77.3786652123928,1.8223055442795157,25368.99836730957,0.0,32.0,1.0,0.0,0.9502380952380952,0.6283027529716492,0.6258931457996368,0.00803202303359285,0.85
md_cbad_dqn,805,11,114.41083893924952,128.7994479052032,39.851343400776386,74.55949458479881,1.7826184816658497,23541.902141571045,0.0,31.0,0.0,0.0,0.9457142857142857,0.5102613642811775,0.5051701683551073,0.016970652504824102,0.85
md_cbad_dqn,805,12,190.54071715074167,133.54877630870618,39.94709621369839,150.59362093704328,1.7988143572583795,23722.121070861816,0.0,37.0,41.0,2.0,0.9411904761904761,0.41277697682380676,0.40816502645611763,0.01537317136535421,0.85
md_cbad_dqn,805,13,107.4627842605114,131.68549116240655,37.53728771209717,69.92549666762352,1.7111499309539795,22279.121799468994,0.0,32.0,0.0,1.0,0.9366666666666666,0.34417077898979187,0.3399184849113226,0.01417431968729943,0.85
md_cbad_dqn,805,14,167.12837255847984,134.04834992214475,46.98573084175587,120.14264167202049,1.9563914788886905,28072.683170318604,0.0,35.0,30.0,1.0,0.9321428571428572,0.27886793948709965,0.27496461383998394,0.01301107823383063,0.85
md_cbad_dqn,805,15,150.37834483379294,135.0689746041228,46.16119557619095,104.21714940661359,1.9170703738927841,27726.4789352417,0.0,31.0,20.0,1.0,0.9276190476190476,0.5953285247087479,0.5911898287013173,0.013795655861031264,0.85
md_cbad_dqn,805,16,107.6484257131815,133.45600113994976,39.47600057721138,68.17242483794689,1.7133222855627537,22916.97003173828,0.0,30.0,0.0,2.0,0.9230952380952381,0.683489203453064,0.6771824769675732,0.02102242043474689,0.85
md_cbad_dqn,805,17,162.6256310689442,135.07653613600502,40.14803136885166,122.47759967029018,1.839320668950677,24455.665618896484,0.0,34.0,21.0,1.0,0.9185714285714286,0.4480195250362158,0.44241261295974255,0.018689704535063356,0.85
md_cbad_dqn,805,18,149.81356807182124,135.8521693957848,39.70639489591122,110.10717308650305,1.9007059102877975,24679.308059692383,0.0,35.0,15.0,0.0,0.914047619047619,0.33707937970757484,0.3319461867213249,0.01711063424590975,0.85
md_cbad_dqn,805,19,136.10189051778758,135.86465545188497,38.73782256245613,97.36406808944189,1.8620241228491068,23811.52264022827,0.0,32.0,11.0,3.0,0.9095238095238095,0.306655197404325,0.3024389361962676,0.014054200844839215,0.85
md_cbad_dqn,805,20,127.16744986893332,136.21680787312175,40.43656414747238,86.73088536383307,1.7879323549568653,23658.85750579834,0.0,36.0,11.0,3.0,0.905,0.2895062044262886,0.2855589780956507,0.013157418405171484,0.85
md_cbad_dqn,805,21,124.07533866683148,136.04307504660102,38.511909902095795,85.56342906275891,1.7668936187401414,23188.73161315918,0.0,33.0,17.0,0.0,0.9004761904761904,0.27059971541166306,0.26723702531307936,0.011208966665435582,0.85
md_cbad_dqn,805,22,117.30133979916573,134.59220829262898,40.46183153986931,76.83950846791268,1.709200349636376,23130.48575592041,0.0,32.0,0.0,1.0,0.895952380952381,0.26051127165555954,0.2572798430919647,0.010771433357149363,0.85
md_cbad_dqn,805,23,154.60775362796883,135.49265995580922,45.03147339820862,109.57628060228927,1.888756101951003,26594.962566375732,0.0,34.0,24.0,1.0,0.8914285714285715,0.6350057609379292,0.6308717988431454,0.013779854692984372,0.85
md_cbad_dqn,805,24,149.17049092373696,136.91026554261688,44.11675772070885,105.05373326263272,1.8725307919085026,26212.216579437256,0.0,36.0,18.0,0.0,0.8869047619047619,0.5718004386872053,0.5674778930842876,0.014408469665795565,0.85
md_cbad_dqn,805,25,116.34883597493172,137.48348010783437,38.78264281153679,77.56619334220886,1.747036443091929,22882.015342712402,0.0,33.0,0.0,1.0,0.8823809523809524,0.43089056201279163,0.4258982241153717,0.016641120600979775,0.85
md_cbad_dqn,805,26,106.86888739466667,136.03480175023373,37.69173455238342,69.17715354263783,1.6823143819347024,21637.317317962646,0.0,29.0,0.0,0.0,0.8778571428571429,0.3991834055632353,0.3946826485916972,0.01500251516699791,0.85
md_cbad_dqn,805,27,109.7178218305111,135.07488381940428,37.48041507601738,72.23740675449372,1.6997617706656456,21783.981760025024,0.0,31.0,0.0,2.0,0.8733333333333333,0.33890363574028015,0.33446501288563013,0.014795409166254103,0.85
md_cbad_dqn,805,28,113.0102168917656,133.7302604055324,39.599427461624146,73.41078904271126,1.7606490775942802,23160.46893310547,0.0,30.0,0.0,1.0,0.8688095238095238,0.3104577912017703,0.3053931901231408,0.01688200345961377,0.85
md_cbad_dqn,805,29,125.57225450277329,132.60977733712664,40.850262492895126,84.72199200987816,1.7880117278546095,23963.351570129395,0.0,36.0,0.0,1.0,0.8642857142857143,0.3108007004484534,0.30646177660673857,0.014463085273746401,0.85
md_cbad_dqn,805,30,110.74404072761536,132.0347501661705,39.460578471422195,71.28346280753613,1.7317847181111574,22369.71706390381,0.0,30.0,0.0,1.0,0.8597619047619047,0.2933508921414614,0.2893934790045023,0.013191376230679452,0.85
md_cbad_dqn,805,31,114.08648939430714,132.0185326889234,36.04871592670679,78.03777378797531,1.69524644035846,21525.028663635254,0.0,33.0,0.0,1.0,0.8552380952380952,0.7588313091546297,0.7532959170639515,0.018451293581165373,0.85
md_cbad_dqn,805,32,110.56986593604088,128.01999012818834,41.0657075047493,69.50415849089623,1.687993654049933,22762.72632598877,0.0,30.0,0.0,3.0,0.8507142857142858,0.5861958861351013,0.5808554366230965,0.017801484907977283,0.85
md_cbad_dqn,805,33,107.18310698866844,128.0060062645962,38.001681596040726,69.18142539262772,1.7201834553852677,22013.772903442383,0.0,29.0,0.0,0.0,0.8461904761904762,0.4295739121735096,0.4236874971538782,0.019621397252194583,0.85
md_cbad_dqn,805,34,128.34239100895948,126.06670718712019,41.136674128472805,87.20571637384721,1.8239087285473943,24538.098342895508,0.0,35.0,8.0,2.0,0.8416666666666667,0.42159501649439335,0.41634621378034353,0.01749599998584017,0.85
md_cbad_dqn,805,35,124.73733617095124,124.78465675397808,38.32893097400665,86.40840512243878,1.7739321812987328,22685.97487258911,0.0,35.0,4.0,0.0,0.8371428571428572,0.44255867041647434,0.4371150266379118,0.018145475012715906,0.85
md_cbad_dqn,805,36,118.64436853528022,125.33445389508302,40.025498285889626,78.61886956393718,1.7359479572623968,22955.671062469482,0.0,33.0,0.0,4.0,0.8326190476190476,0.38101597875356674,0.3752875942736864,0.019094621413387358,0.85
md_cbad_dqn,805,37,111.49197843074799,122.77777126317321,38.21712242811918,73.27485654652119,1.776815920136869,22916.07550048828,0.0,30.0,0.0,1.0,0.8280952380952381,0.372986470349133,0.3676867429167032,0.017665762978140265,0.85
md_cbad_dqn,805,38,117.83247944116593,121.17871683164044,40.375242710113525,77.45723679065705,1.7757834503427148,23181.322513580322,0.0,33.0,0.0,1.0,0.8235714285714286,0.3478646595031023,0.3422754183411598,0.01863080181647092,0.85
md_cbad_dqn,805,39,126.63665357232094,120.70545498436711,42.04350408911705,84.59314915537834,1.7650392558425665,24024.966438293457,0.0,36.0,0.0,0.0,0.819047619047619,0.7624271847307682,0.7547315843403339,0.025651993695646524,0.85
md_cbad_dqn,805,40,110.27740390598774,119.86095268621985,41.523606956005096,68.75379651784897,1.6910457080230117,23267.995761871338,0.0,30.0,0.0,0.0,0.8145238095238095,0.5672034211456776,0.559634717181325,0.02522901294287294,0.85
md_cbad_dqn,805,41,94.46440714001656,118.38040610987909,35.15381596982479,59.31059127449989,1.626313216984272,20498.85228729248,0.0,25.0,0.0,2.0,0.81,0.4478610809892416,0.44075596891343594,0.0236837153788656,0.85
md_cbad_dqn,805,42,113.2082039564848,118.17574931774504,39.41561405360699,73.7925900220871,1.7499287845566869,22653.627506256104,0.0,31.0,0.0,0.0,0.8054761904761905,0.46341927722096443,0.45623897574841976,0.02393434743862599,0.85
md_cbad_dqn,805,43,108.9549585133791,115.89310956201555,37.237315848469734,71.71764253079891,1.670414269901812,21447.21834564209,0.0,31.0,0.0,0.0,0.800952380952381,0.43516405392438173,0.42829802073538303,0.022886788938194513,0.85
md_cbad_dqn,805,44,108.35475135147571,113.85232258340253,40.46759323775768,67.88715844154358,1.7313682604581118,23138.26781463623,0.0,29.0,0.0,2.0,0.7964285714285715,0.38583527971059084,0.37936311680823565,0.021573872305452824,0.85
md_cbad_dqn,805,45,115.35004404187202,113.8023829867495,42.424659594893456,72.92538397014141,1.7791244741529226,24145.258712768555,0.0,30.0,0.0,2.0,0.7919047619047619,0.3980103572830558,0.391026365570724,0.023279954795725644,0.85
md_cbad_dqn,805,46,116.84677735716105,114.30127748487423,41.304573595523834,75.54220396280289,1.7274001818150282,23500.309272766113,0.0,31.0,0.0,0.0,0.7873809523809524,0.5235486663877964,0.5166089199483395,0.023132504313252866,0.85
md_cbad_dqn,805,47,101.32164071500301,113.88146842909882,34.69980053603649,66.62184040248394,1.5817415220662951,19703.727180480957,0.0,30.0,0.0,1.0,0.7828571428571429,0.7889378182590008,0.7803005054593086,0.028791030286811292,0.85
md_cbad_dqn,805,48,108.77873815000058,113.66989449201057,37.908447727561,70.87028982639313,1.6969894198700786,22047.165199279785,0.0,29.0,0.0,2.0,0.7783333333333333,0.5703120660036802,0.5619905553758144,0.02773838536813855,0.85
md_cbad_dqn,805,49,102.21980155259371,112.50227184450159,36.84219314157963,65.37760829925537,1.6384220104664564,21309.352100372314,0.0,29.0,0.0,0.0,0.7738095238095238,0.4801923483610153,0.47139964904636145,0.029308990691788495,0.85
md_cbad_dqn,805,50,106.3941693097353,112.2847782736076,35.4728614538908,70.92130752801896,1.7174010649323463,21441.648372650146,0.0,31.0,0.0,1.0,0.7692857142857144,0.4769601784646511,0.46910920180380344,0.02616993396077305,0.85
md_cbad_dqn,805,51,109.4363222271204,112.05226991524826,39.19103852659464,70.24528247117996,1.7334402343258262,22498.377073287964,0.0,30.0,0.0,0.0,0.7647619047619048,0.5352026242762804,0.5269473418593407,0.027517610345967114,0.85
md_cbad_dqn,805,52,103.25654243826867,111.68660374035964,36.15234453231096,67.10419830083848,1.6643245238810778,20924.14693069458,0.0,30.0,0.0,1.0,0.7602380952380953,0.48661407828330994,0.4775986075401306,0.030051570618525147,0.85
md_cbad_dqn,805,53,96.64334648251534,111.159615715052,32.86691524833441,63.776431345939635,1.666734422557056,20173.009243011475,0.0,28.0,0.0,1.0,0.7557142857142858,0.4927036678418517,0.4848903454840183,0.026044413214549422,0.85
md_cbad_dqn,805,54,113.74118568003178,110.42955544860561,39.49190120398998,74.24928483366966,1.8015347784385085,23351.79630279541,0.0,32.0,0.0,0.0,0.7511904761904762,0.721463480964303,0.7123735342174768,0.030299853533506393,0.85
md_cbad_dqn,805,55,122.77114460778432,110.33124587044726,38.88445317745209,83.88669148993688,1.858410150744021,23636.975290298462,0.0,33.0,4.0,0.0,0.7466666666666667,0.6398531384766102,0.63067527115345,0.030592866707593203,0.85
md_cbad_dqn,805,56,128.62633262376897,110.8303440748717,39.274022310972214,89.35231028299444,1.8251337157562375,23315.40752029419,0.0,36.0,19.0,1.0,0.7421428571428572,0.587101286277175,0.5772934444248676,0.03269281086977571,0.85
md_cbad_dqn,805,57,114.02194102108479,110.95684220438855,38.003691002726555,76.01825046539307,1.7030241843312979,22126.699058532715,0.0,32.0,0.0,0.0,0.7376190476190476,0.5879950113594532,0.5782291311770678,0.03255291120149195,0.85
md_cbad_dqn,805,58,108.50049485266209,110.49024297496335,37.531957015395164,70.96853876113892,1.762092001736164,22290.383083343506,0.0,29.0,0.0,1.0,0.7330952380952381,0.6563058905303478,0.6471868641674519,0.030396794201806188,0.85
md_cbad_dqn,805,59,110.51397431641817,109.68410901216821,36.78013867884874,73.73383536934853,1.6832270734012127,21161.105583190918,0.0,33.0,0.0,0.0,0.7285714285714286,0.547067990526557,0.5372394546866417,0.03276177030056715,0.85
md_cbad_dqn,805,60,96.24558933973313,108.98251828385548,34.28831825405359,61.95727143585682,1.6980161601677537,20483.741775512695,0.0,28.0,0.0,2.0,0.724047619047619,0.5426997486501932,0.5330513212829828,0.032161429640837014,0.85
md_cbad_dqn,805,61,115.05941253900528,110.01226855380492,40.05351386964321,75.00589820742607,1.7743235109373927,23396.517448425293,0.0,34.0,0.0,0.0,0.7195238095238095,0.579356512054801,0.5700730346143246,0.030944926664233208,0.85
md_cbad_dqn,805,62,108.06479194657717,109.75509795330954,35.81017918884754,72.25461286203776,1.8209148934111,22663.48340988159,0.0,29.0,3.0,0.0,0.7150000000000001,0.7139126695692539,0.704035323113203,0.032924477593041956,0.85
md_cbad_dqn,805,63,110.16337352991104,109.81551870413614,36.14531657099724,74.01805692911148,1.650075868703425,20351.878295898438,0.0,32.0,0.0,1.0,0.7104761904761905,0.726981395855546,0.7164302505552769,0.035170494113117456,0.85
md_cbad_dqn,805,64,106.00409109890461,109.69798569150757,36.817170187830925,69.18692111968994,1.6930913170799613,21513.936405181885,0.0,31.0,0.0,1.0,0.7059523809523809,0.6655163485556841,0.654531691223383,0.03661554923746735,0.85
md_cbad_dqn,805,65,97.28610100746155,108.79478853978705,35.73735199123621,61.548748859763144,1.6017131069675088,20001.34434890747,0.0,28.0,0.0,2.0,0.7014285714285715,0.6124022640287876,0.6021297536790371,0.03424170846119523,0.85
md_cbad_dqn,805,66,108.39517280459404,108.3722083121587,33.51646940410137,74.87870313227177,1.6828180784359574,19964.467517852783,0.0,33.0,0.0,0.0,0.6969047619047619,0.7108531314879656,0.700080182403326,0.0359098348999396,0.85
md_cbad_dqn,805,67,115.24152930974961,109.06820274189604,38.0883964151144,77.15313349068165,1.7514991592615843,22360.376419067383,0.0,32.0,0.0,1.0,0.6923809523809523,0.5404020473361015,0.5303156953305006,0.033621171955019236,0.85
md_cbad_dqn,805,68,93.54556443691254,108.30654405624163,32.98341202735901,60.562152126431464,1.6215865416452289,19092.524040222168,0.0,28.0,0.0,1.0,0.687857142857143,0.6048367600888014,0.5943738464266062,0.03487635462079197,0.85
md_cbad_dqn,805,69,113.29668510705233,108.86038823396457,41.3331745788455,71.96351021528244,1.765908402390778,23429.701068878174,0.0,30.0,0.0,1.0,0.6833333333333333,0.5877359695732594,0.5769526287913322,0.035944473347626626,0.85
md_cbad_dqn,805,70,109.72218582183123,109.02678905956937,38.44129394739866,71.28089227676392,1.7615092415362597,22455.721408843994,0.0,29.0,0.0,1.0,0.6788095238095238,0.8572994507849216,0.8472087886184454,0.03363555483520031,0.85
md_cbad_dqn,805,71,103.78005485236645,108.74397569083166,38.724893257021904,65.05516171455383,1.6720107616856694,22156.51661682129,0.0,28.0,0.0,1.0,0.6742857142857144,0.6869281604886055,0.6747609078884125,0.040557520114816725,0.85
md_cbad_dqn,805,72,117.63802736997604,109.46304993741703,38.710161581635475,78.92786592245102,1.7303039021790028,22556.598636627197,0.0,33.0,0.0,0.0,0.6697619047619048,0.6104416660964489,0.599377229809761,0.03688147023785859,0.85
md_cbad_dqn,805,73,108.86006417870522,110.07388582222652,37.123498529195786,71.73656523227692,1.7248971164226532,22042.12742614746,0.0,32.0,0.0,1.0,0.6652380952380952,0.6163597349077463,0.605199383571744,0.03720116033218801,0.85
md_cbad_dqn,805,74,112.06807955354452,109.99023051590216,39.87148807197809,72.1965918391943,1.6708518089726567,22443.13161087036,0.0,31.0,0.0,1.0,0.6607142857142857,0.6599878892302513,0.6483808290213346,0.03869019355624914,0.85
md_cbad_dqn,805,75,120.47685129344464,109.87551585018517,40.92902997136116,79.54782075583935,1.7998949214816093,23358.34939956665,0.0,34.0,0.0,3.0,0.6561904761904762,0.6204155366867781,0.6087941508740187,0.03873795235995203,0.85
md_cbad_dqn,805,76,96.92156318724156,108.29027737835881,35.7164968252182,61.20506537854671,1.5950467716902494,20003.1469039917,0.0,27.0,0.0,1.0,0.6516666666666667,0.5948390197008848,0.583199480548501,0.0387984614353627,0.85
md_cbad_dqn,805,77,101.44451460242271,107.66140605742571,39.54789437353611,61.89661991596222,1.7129645440727472,22586.085334777832,0.0,26.0,0.0,0.0,0.6471428571428571,0.5699325557798147,0.5585580226033926,0.037915077758952975,0.85
md_cbad_dqn,805,78,98.06753627955914,107.13975812877057,31.582841396331787,66.48469503223896,1.5670639798045158,18337.87456893921,0.0,30.0,0.0,0.0,0.6426190476190476,0.8924451656639576,0.8806409873068333,0.03934722731355578,0.85
md_cbad_dqn,805,79,97.26369035393,106.47724393064614,34.87028555572033,62.39340464174747,1.5796158527955413,19463.807678222656,0.0,29.0,0.0,1.0,0.6380952380952382,0.8461988251656294,0.8331319633871317,0.04355622874572873,0.85
md_cbad_dqn,805,80,124.61605980247259,107.89576745378312,42.53089801222086,82.08516183495522,1.787085985764861,24453.035232543945,0.0,33.0,0.0,1.0,0.6335714285714286,0.7317481618374586,0.7200373355299234,0.039036070578731596,0.85
md_cbad_dqn,805,81,104.45664321780205,107.36562898772294,39.00826033949852,65.44838359355927,1.7331555932760239,22234.930618286133,0.0,28.0,0.0,1.0,0.6290476190476191,0.6307947505265474,0.6190492212772369,0.03915177518501878,0.85
md_cbad_dqn,805,82,99.78437173366547,106.95160797707737,35.71540490537882,64.06896738708019,1.6356967091560364,20600.75144958496,0.0,28.0,0.0,0.0,0.6245238095238095,0.6772220022976398,0.6668668314814568,0.034517243155278265,0.85
md_cbad_dqn,805,83,117.00221933424473,107.29355026729407,40.67806860804558,76.32415127754211,1.76179875805974,23133.25616836548,0.0,32.0,0.0,0.0,0.62,0.5577028160914779,0.545721372589469,0.03993813204579055,0.85
md_cbad_dqn,805,84,98.64475672841073,106.92558354876935,35.37112034857273,63.273635709285735,1.6397368414327502,19865.99925994873,0.0,28.0,0.0,1.0,0.6154761904761905,0.7135894112288952,0.7022106256335974,0.037929277401417494,0.85
md_cbad_dqn,805,85,120.62571269273758,108.09256413303316,37.74690963327885,82.87880301475525,1.6739139929413795,21259.655948638916,0.0,33.0,0.0,1.0,0.6109523809523809,0.7268633432686329,0.7158818729221821,0.03660491271875799,0.85
md_cbad_dqn,805,86,94.1937286183238,107.38249192371964,35.57863526791334,58.61509248614311,1.6000003889203072,20030.896476745605,0.0,25.0,0.0,1.0,0.6064285714285714,1.0259746722877026,1.0128396172076464,0.043783498578704894,0.85
md_cbad_dqn,805,87,117.08239688873292,107.47453530266883,38.321884125471115,78.76051270365716,1.734163362532854,21472.746948242188,0.0,35.0,0.0,3.0,0.6019047619047619,0.9580297395586967,0.9449113141745329,0.043728072894737124,0.85
md_cbad_dqn,805,88,106.00013364851475,108.09726376324893,36.54434569180012,69.45578773319721,1.6691173613071442,20854.456512451172,0.0,31.0,0.0,0.0,0.5973809523809523,0.6684192791581154,0.6552191581577063,0.04400040546897799,0.85
md_cbad_dqn,805,89,100.23688007891178,107.4442735118419,35.350473403930664,64.88640677928925,1.7396127376705408,21462.572311401367,0.0,28.0,0.0,0.0,0.592857142857143,0.7549945320934057,0.742088295519352,0.04302080278284848,0.85
md_cbad_dqn,805,90,87.77299659103156,106.34681405030192,30.64540282636881,57.12759352624416,1.6004553884267807,18353.337228775024,0.0,27.0,0.0,1.0,0.5883333333333334,0.6696069668978453,0.6565332934260368,0.043578897253610194,0.85
md_cbad_dqn,805,91,120.28085942566395,107.17185427896679,41.3244903087616,78.95636928081512,1.749654121696949,23308.325260162354,0.0,33.0,0.0,0.0,0.5838095238095238,0.6434582211077213,0.6323454845696688,0.03704242571257055,0.85
md_cbad_dqn,805,92,115.74332585334778,107.07711920313538,40.921117417514324,74.82220842838288,1.8059889627620578,23291.783910751343,0.0,32.0,0.0,1.0,0.5792857142857144,0.6193355415016413,0.6077914126217365,0.038480421411804855,0.85
md_cbad_dqn,805,93,111.53665317595005,107.21094865299763,38.90895035862923,72.62770284712315,1.6974384412169456,21890.042514801025,0.0,33.0,0.0,1.0,0.5747619047619048,0.8654592875391245,0.8526755142956972,0.042612558347173035,0.85
md_cbad_dqn,805,94,110.70870201289654,107.14297977596523,39.22710724174976,71.48159515857697,1.6795545341446996,21707.60322189331,0.0,29.0,0.0,1.0,0.5702380952380952,0.8864432815462351,0.8744264747947454,0.04005599650554359,0.85
md_cbad_dqn,805,95,103.87073879688978,106.31267415113749,34.65421777963638,69.21652162075043,1.6573847867548466,20442.327337265015,0.0,30.0,0.0,1.0,0.5657142857142857,0.7818943001329899,0.7685269676148891,0.044557779212482274,0.85
md_cbad_dqn,805,96,108.09815902262926,106.87150394290686,39.91884694248438,68.17931261658669,1.7564445892348886,22574.996376037598,0.0,28.0,0.0,0.0,0.5611904761904762,0.7176427617669106,0.7051169518381357,0.04175270302221179,0.85
md_cbad_dqn,805,97,111.33234333395959,107.3658953794837,37.9838560000062,73.34848693907261,1.723463287577033,22325.8364276886,0.0,33.0,0.0,1.0,0.5566666666666666,0.7684059645980597,0.7540244329720736,0.0479384227655828,0.85
md_cbad_dqn,805,98,102.04017449915409,107.56452729046346,36.996024273335934,65.04415030777454,1.6763468524441123,20828.67377090454,0.0,30.0,0.0,0.0,0.5521428571428572,0.8836280405521393,0.8707114215940237,0.043055399088189006,0.85
md_cbad_dqn,805,99,104.84122477471828,107.94340401150286,37.133858039975166,67.7073671668768,1.7087799161672592,21333.340015411377,0.0,31.0,0.0,1.0,0.5476190476190477,0.822887409478426,0.8090509511530399,0.046121511375531554,0.85
md_cbad_dqn,805,100,99.58217480778694,106.69170976176858,38.116951048374176,61.46522346138954,1.6619063252583146,21311.4312210083,0.0,27.0,0.0,1.0,0.5430952380952381,0.6965770637616515,0.6853511221706867,0.037419798667542636,0.85
md_cbad_dqn,805,101,111.72876675575972,107.05531593866647,42.652068726718426,69.07669799923897,1.7340443395078182,23773.41407775879,0.0,29.0,0.0,1.0,0.5385714285714286,0.8596796710044146,0.84737753495574,0.04100709734484553,0.85
md_cbad_dqn,805,102,97.80359281599522,106.95627699278296,36.1990577429533,61.60453571379185,1.6332963285967708,20405.930068969727,0.0,26.0,0.0,1.0,0.5340476190476191,0.8425486162304878,0.8297608196735382,0.042626001755706966,0.85
md_cbad_dqn,805,103,115.17170523107052,106.86475128762424,41.89379330724478,73.27791145443916,1.7626751055940986,23561.47029876709,0.0,31.0,0.0,0.0,0.5295238095238095,0.7006623707711697,0.6889883279800415,0.038913464872166514,0.85
md_cbad_dqn,805,104,103.9951460659504,107.13227075450122,33.30432856082916,70.69081701338291,1.6457050256431103,19252.268394470215,0.0,30.0,0.0,0.0,0.525,0.716415012255311,0.7042270954698324,0.040626377682201564,0.85
md_cbad_dqn,805,105,99.3472041785717,106.06834532879293,34.02945335954428,65.31775091588497,1.6219634069129825,19471.49384689331,0.0,28.0,0.0,0.0,0.5204761904761905,0.6262681465595961,0.6147605367004871,0.038358706631697714,0.85
md_cbad_dqn,805,106,100.67315996438265,106.39231689609588,37.53260400146246,63.14055548608303,1.6420925678685308,21176.23080444336,0.0,29.0,0.0,0.0,0.5159523809523809,0.7561446744948626,0.744091184809804,0.04017829068470746,0.85
md_cbad_dqn,805,107,94.76152883023023,105.27627349317075,32.34755388647318,62.4139752715826,1.5867535350844264,18440.573162078857,0.0,28.0,0.0,3.0,0.5114285714285716,0.8160357791930437,0.8038140553981066,0.040739092393778265,0.85
md_cbad_dqn,805,108,90.58342175334693,104.50543789841234,32.56715118139982,58.016270795464514,1.577971558086574,18404.716773986816,0.0,26.0,0.0,2.0,0.506904761904762,0.6466124672442675,0.6342269405722618,0.04128507466521114,0.85
md_cbad_dqn,805,109,100.50301544368267,104.5187446666509,34.75218088924885,65.75083531439304,1.5920130796730518,19869.657318115234,0.0,29.0,0.0,0.0,0.5023809523809524,0.9370214249938726,0.9241016302257776,0.04306598484981805,0.85
md_cbad_dqn,805,110,94.86839939653873,104.87351480692624,34.14960264414549,60.71879677474499,1.549308555200696,19028.115058898926,0.0,27.0,0.0,0.0,0.4978571428571429,0.9597770664840937,0.9463407173752785,0.04478779691271484,0.85
md_cbad_dqn,805,111,107.671405762434,104.24304212376475,33.379365026950836,74.29204100370407,1.6158134154975414,18854.229084014893,0.0,32.0,0.0,1.0,0.4933333333333334,0.9982676953077316,0.9864148274064064,0.03950953739695251,0.85
md_cbad_dqn,805,112,99.94414832592011,103.45308324739338,37.13787768781185,62.80627059340477,1.5902026426047087,20116.667308807373,0.0,29.0,0.0,1.0,0.4888095238095238,0.8086009323596954,0.7956480570137501,0.04317624378018081,0.85
md_cbad_dqn,805,113,114.3432712957263,103.5934141533822,36.19197542220354,78.15129575431347,1.6662757582962513,20294.22575378418,0.0,34.0,0.0,3.0,0.4842857142857143,0.81949532777071,0.8072058577090502,0.04096490133088082,0.85
md_cbad_dqn,805,114,97.99130251407624,102.95754417844117,35.35488897562027,62.63641374707222,1.6428095381706953,20024.648273468018,0.0,27.0,0.0,2.0,0.4797619047619047,0.7315419390797615,0.7185593247413635,0.043275375850498676,0.85
md_cbad_dqn,805,115,101.49661128968,102.8388378030807,35.380224384367466,66.1163871884346,1.617017894051969,20046.27981185913,0.0,29.0,0.0,1.0,0.47523809523809524,0.731042604893446,0.7187310084700584,0.04103867127560079,0.85
md_cbad_dqn,805,116,114.55252845734358,103.16155627481639,37.103286646306515,77.44924176633359,1.7228386225178838,21024.86713027954,0.0,32.0,0.0,2.0,0.47071428571428575,0.9266164638102055,0.9138907864689827,0.04241888865362853,0.85
md_cbad_dqn,805,117,99.81695564091206,102.58578689016403,35.3274138122797,64.4895418137312,1.6786927059292793,20231.830493927002,0.0,28.0,0.0,2.0,0.46619047619047627,0.9722904544323683,0.960406269878149,0.039613957866095006,0.85
md_cbad_dqn,805,118,86.59789331406355,101.8136728309095,32.04635762423277,54.55153643488884,1.5548990201205015,18197.94232749939,0.0,25.0,0.0,2.0,0.46166666666666667,0.8446336705237627,0.8329543825238943,0.03893094859085977,0.85
md_cbad_dqn,805,119,99.11108854711055,101.52716601952912,35.11216662079096,63.998921650648114,1.6177326431497931,19672.743785858154,0.0,28.0,0.0,2.0,0.4571428571428572,0.8742130845785141,0.8619440793991089,0.040896660881116986,0.85
md_cbad_dqn,805,120,99.97077170163394,101.54659586422146,35.691490814089775,64.27928085029126,1.652254968881607,20575.540006637573,0.0,27.0,0.0,2.0,0.4526190476190477,0.7486977763473988,0.7376862335950136,0.036705113714560866,0.85
md_cbad_dqn,805,121,96.69174261540175,100.79474465720357,33.46334045380354,63.228402042388915,1.612997068092227,18794.210571289062,0.0,28.0,0.0,2.0,0.4480952380952381,0.8689525872468948,0.8571671396493912,0.03928487584926188,0.85
md_cbad_dqn,805,122,86.7167620882392,100.24040312081576,31.397506214678288,55.319255977869034,1.5495095336809754,17666.6570186615,0.0,27.0,0.0,0.0,0.4435714285714286,0.7487819027155638,0.7382168248295784,0.035216925432905555,0.85
md_cbad_dqn,805,123,103.81527723371983,99.67258172094823,37.75500513613224,66.06027218699455,1.6706964652985334,21016.485260009766,0.0,28.0,0.0,0.0,0.439047619047619,0.8344240095466375,0.8220882453024387,0.04111923708114773,0.85
md_cbad_dqn,805,124,93.81759607195855,99.16370422124865,33.40829949826002,60.409296774864195,1.6351163126528263,19175.313320159912,0.0,27.0,0.0,1.0,0.43452380952380953,0.7744830548763275,0.7628572080284357,0.03875282220542431,0.85
md_cbad_dqn,805,125,87.01862282603979,98.54727515362204,30.381606742739677,56.63701603114605,1.550845212303102,17476.45894241333,0.0,25.0,0.0,2.0,0.43000000000000005,0.843875689432025,0.8323478158563375,0.03842625627294183,0.85
md_cbad_dqn,805,126,91.9222618803382,98.10973024941981,32.39263989776373,59.52962158024311,1.5840507028624415,18215.088928222656,0.0,26.0,0.0,2.0,0.42547619047619056,0.8507473766803741,0.8407301576808095,0.03339072153903544,0.85
md_cbad_dqn,805,127,88.81624960899353,97.81246628835798,31.140779547393322,57.67546959221363,1.518936751410365,17054.610374450684,0.0,27.0,0.0,0.0,0.42095238095238097,0.9462104681879282,0.9356218744069338,0.03529529075603932,0.85
md_cbad_dqn,805,128,108.88280083239079,98.72743524231018,35.84752415120602,73.03527687489986,1.7168081849813461,20780.656818389893,0.0,32.0,0.0,1.0,0.41642857142857137,0.8574036471545696,0.8474112972617149,0.03330785152502358,0.85
md_cbad_dqn,805,129,108.69505348801613,99.13703714452684,38.88296839594841,69.81208536028862,1.7049589697271585,21952.358234405518,0.0,30.0,0.0,1.0,0.4119047619047619,1.0036723222583532,0.9915303830057383,0.040473183267749846,0.85
md_cbad_dqn,805,130,109.73865778148175,99.880550063774,36.596523120999336,73.14213385581971,1.7064314354211092,20502.972805023193,0.0,32.0,0.0,1.0,0.4073809523809524,0.857579717412591,0.8467286601662636,0.03617020579986274,0.85
md_cbad_dqn,805,131,94.8306885510683,99.23851420320571,34.24386142194271,60.586827635765076,1.591827990487218,19417.080638885498,0.0,27.0,0.0,0.0,0.4028571428571429,0.8621287420392036,0.8505401872098446,0.0386285261483863,0.85
md_cbad_dqn,805,132,106.01094968020917,99.54185427092018,37.50147160887718,68.50947838425637,1.7107379315420985,21225.000339508057,0.0,29.0,0.0,2.0,0.39833333333333343,0.9528958387672901,0.94245944917202,0.03478794265538454,0.85
md_cbad_dqn,805,133,104.23648888766766,99.03651515051725,39.68228544294834,64.5542036086321,1.716973640024662,22303.47271347046,0.0,28.0,0.0,1.0,0.39380952380952383,0.7792837340384722,0.7682713605463505,0.036707917344756424,0.85
md_cbad_dqn,805,134,102.94598115980625,99.28424908280374,35.663874827325344,67.28210674226284,1.7008891804143786,20370.452236175537,0.0,30.0,0.0,1.0,0.38928571428571423,0.701975779607892,0.6917116083204746,0.034213922917842865,0.85
md_cbad_dqn,805,135,87.59953148066998,98.58939509235324,31.068965911865234,56.53056567311287,1.5136872408911586,17164.35457611084,0.0,26.0,0.0,1.0,0.38476190476190475,0.951294019818306,0.9393079914152622,0.03995339898392558,0.85
md_cbad_dqn,805,136,85.4748425424099,97.13551079660655,32.42791644483805,53.0469264626503,1.567621087655425,18585.133853912354,0.0,24.0,0.0,2.0,0.38023809523809526,0.9840304553508759,0.9723201096057892,0.039034487097524107,0.85
md_cbad_dqn,805,137,113.96088825315238,97.84270742721858,37.128216810524464,76.83267181515694,1.754762215539813,21670.655014038086,0.0,33.0,0.0,2.0,0.3757142857142858,0.9129912555217743,0.9008382428437471,0.040510060265660286,0.85
md_cbad_dqn,805,138,93.57021249085665,98.19132338605823,34.73138602823019,58.838826566934586,1.6253791255876422,19789.014533996582,0.0,26.0,0.0,1.0,0.3711904761904763,1.0220376309007406,1.012863352894783,0.030580920865759254,0.85
md_cbad_dqn,805,139,106.16795181035995,98.54416654922069,36.50499960780144,69.66295235157013,1.6469389479607344,20387.823585510254,0.0,29.0,0.0,2.0,0.3666666666666667,0.8308200053870678,0.8204279597848654,0.03464017785154283,0.85
md_cbad_dqn,805,140,93.13948195427656,98.20260206185282,33.71896929293871,59.42051285505295,1.5838066125288606,19058.718475341797,0.0,27.0,0.0,0.0,0.3621428571428572,0.873392753303051,0.8638560473918915,0.03178901842329651,0.85
md_cbad_dqn,805,141,99.43452003598213,98.33974093288182,34.17995394021273,65.25456587970257,1.6526077892631292,19513.485759735107,0.0,30.0,0.0,1.0,0.3576190476190476,1.0107319690287113,1.0004463363438845,0.034285460133105516,0.85
md_cbad_dqn,805,142,101.87516695261002,99.09766117610037,34.73893095552921,67.1362359970808,1.6182658979669213,19679.545417785645,0.0,31.0,0.0,0.0,0.35309523809523813,1.0754109621047974,1.065665002912283,0.03248652396723628,0.85
md_cbad_dqn,805,143,103.65804507732392,99.08979956828058,34.90103932470083,68.75700605809689,1.6543429903686047,19978.53134536743,0.0,31.0,0.0,2.0,0.34857142857142864,0.7773464731872082,0.7655895333737135,0.03918979805894196,0.85
md_cbad_dqn,805,144,82.57720535248518,98.52778003230692,31.4913834258914,51.08582150936127,1.546395611949265,17973.350914001465,0.0,23.0,0.0,1.0,0.34404761904761905,0.7907180562615395,0.779780400916934,0.03645884001161903,0.85
md_cbad_dqn,805,145,72.76769676804543,97.8152337294072,30.841247364878654,41.92644965648651,1.4934560414403677,16897.437894821167,0.0,20.0,0.0,1.0,0.33952380952380956,0.8997904248535633,0.8909377567470074,0.02950889221392572,0.85
md_cbad_dqn,805,146,90.372938208282,97.73776754580439,34.46330004185438,55.90963792800903,1.5888670831918716,19167.6131439209,0.0,26.0,0.0,1.0,0.3350000000000001,0.8811590224504471,0.8703467361629009,0.036040959297679365,0.85
md_cbad_dqn,805,147,86.89143951386214,97.64152704104781,33.72520586103201,53.166233310103415,1.5724210571497679,18959.930778503418,0.0,24.0,0.0,2.0,0.3304761904761905,0.9648176059126854,0.9534761123359203,0.03780501091387123,0.85
md_cbad_dqn,805,148,88.50819179415703,96.62279658913613,32.138119161129,56.37007237970829,1.5270865811035037,18121.159908294678,0.0,25.0,0.0,0.0,0.325952380952381,1.00401009619236,0.9945598654448986,0.03150078479666263,0.85
md_cbad_dqn,805,149,86.54504767805338,95.51529629863799,32.13688948005438,54.40815779566765,1.571407695300877,18165.56943130493,0.0,25.0,0.0,0.0,0.3214285714285714,0.8781069796532393,0.8684952817857265,0.0320389763219282,0.85
md_cbad_dqn,805,150,85.16911946237087,94.28681938268245,33.22598771750927,51.94313156604767,1.5497982064262033,18570.135314941406,0.0,23.0,0.0,0.0,0.3169047619047619,0.7875380460172892,0.7778631411492825,0.03224966349080205,0.85
md_cbad_dqn,805,151,95.71163235008717,94.33086657263338,32.925304003059864,62.78632833957672,1.5968929417431355,18828.719913482666,0.0,28.0,0.0,2.0,0.3123809523809524,1.1266151629388332,1.116815235465765,0.0326664064778015,0.85
md_cbad_dqn,805,152,96.27875727415085,93.84425695233047,34.19273815304041,62.08601935952902,1.5871324483305216,18905.400764465332,0.0,27.0,0.0,1.0,0.30785714285714294,1.1206593420356512,1.1112621799111366,0.03132388764061034,0.85
md_cbad_dqn,805,153,98.18114876151085,93.54148994602265,34.79933515936136,63.381813728809355,1.6303589204326272,19530.28856277466,0.0,28.0,0.0,1.0,0.30333333333333345,0.8459475170820951,0.837070494890213,0.029590054182335734,0.85
md_cbad_dqn,805,154,80.52115476131439,92.42024862609806,28.10947048664093,52.411684066057205,1.483351856470108,16006.299430847168,0.0,24.0,0.0,0.0,0.29880952380952375,0.8878829125314951,0.8790078852325678,0.029583418974652886,0.85
md_cbad_dqn,805,155,97.14578191190958,92.89756114766001,34.61019171029329,62.53559052944183,1.6412325017154217,19521.76725959778,0.0,27.0,0.0,1.0,0.29428571428571426,0.7400755062699318,0.7306481525301933,0.03142453113105148,0.85
md_cbad_dqn,805,156,87.96411912888288,93.02202497698366,33.20540355890989,54.75871531665325,1.5619302382692695,18306.64752960205,0.0,25.0,0.0,1.0,0.2897619047619048,1.2108049914240837,1.2007277943193913,0.033590707811526954,0.85
md_cbad_dqn,805,157,96.72767260074616,92.16036419436337,31.314323365688324,65.41334910094739,1.5898384768515825,18067.472846984863,0.0,28.0,0.0,2.0,0.2852380952380953,1.1048821788281202,1.0952123552560806,0.032232687110081315,0.85
md_cbad_dqn,805,158,92.99256241321564,92.13148169048131,33.91110268980265,59.081459388136864,1.5719967000186443,19136.69427871704,0.0,27.0,0.0,0.0,0.2807142857142858,0.9874470829963684,0.9775150455534458,0.033106815069913864,0.85
md_cbad_dqn,805,159,93.22771216183901,91.48446970805526,30.576634891331196,62.65107710659504,1.5599337695166469,17365.619060516357,0.0,30.0,0.0,0.0,0.2761904761904763,0.9158491101115942,0.9064117763191462,0.03145776246674359,0.85
md_cbad_dqn,805,160,94.83120688199998,91.56905595444144,33.21407188475132,61.6171348631382,1.5735314162448049,18397.414150238037,0.0,28.0,0.0,3.0,0.2716666666666666,0.9345574174076319,0.9260128699243069,0.028481849702075124,0.85
md_cbad_dqn,805,161,96.56462588906288,91.42556124709547,34.56772439181805,61.99690055847168,1.6573796970769763,19770.100997924805,0.0,28.0,0.0,0.0,0.2671428571428571,0.9411539100110531,0.9320730641484261,0.03026946890167892,0.85
md_cbad_dqn,805,162,106.55942652374506,91.65977422565223,34.45704514533281,72.10238125920296,1.6811023633927107,19989.316410064697,0.0,30.0,0.0,1.0,0.26261904761904764,1.2497775256633759,1.239614749327302,0.03387593186926097,0.85
md_cbad_dqn,805,163,89.45107265710831,90.94942560464145,32.30702967196703,57.144043335318564,1.5641028946265578,18512.193340301514,0.0,26.0,0.0,2.0,0.25809523809523816,1.0363312158733606,1.028005350381136,0.027752944501116872,0.85
md_cbad_dqn,805,164,89.44805891215802,91.29296828262508,35.17265210300684,54.27540651857853,1.6034249113872647,19673.08988571167,0.0,26.0,0.0,2.0,0.25357142857142867,1.2779529467225075,1.2685539424419403,0.03133005159907043,0.85
md_cbad_dqn,805,165,97.80170113742352,92.544668501094,33.982449755072594,63.819251695275305,1.639331485144794,19523.497268676758,0.0,29.0,0.0,1.0,0.24904761904761907,1.1591090485453606,1.1501466557383537,0.029874672065488994,0.85
md_cbad_dqn,805,166,79.41875340044498,91.99695926070214,30.155621856451035,49.26313208043575,1.4974622773006558,17093.782527923584,0.0,25.0,0.0,0.0,0.2445238095238096,0.8472490776330233,0.838519069366157,0.02910001977579668,0.85
md_cbad_dqn,805,167,86.02466990053654,91.95362078003586,31.774279974400997,54.2503899037838,1.5344904959201813,17632.68549346924,0.0,26.0,0.0,1.0,0.24,0.9948960412293673,0.9848345406353474,0.03353829984553158,0.85
md_cbad_dqn,805,168,104.24076782166958,92.74024958141149,36.92953149974346,67.31123657524586,1.6712526865303516,20696.48041534424,0.0,29.0,0.0,2.0,0.2354761904761905,1.099981538951397,1.0911629498004913,0.029395280056633055,0.85
md_cbad_dqn,805,169,105.10353734493256,93.66817406475545,36.48662459850311,68.61691232919694,1.607425695285201,20248.864253997803,0.0,32.0,0.0,1.0,0.23095238095238102,1.0646789148449898,1.0543723814189434,0.034355098847299814,0.85
md_cbad_dqn,805,170,91.12846522331238,93.96614135280252,33.67234779894352,57.4561170220375,1.578198635019362,18674.49995803833,0.0,26.0,0.0,3.0,0.22642857142857142,0.8030861672013998,0.7938916869461536,0.03064824256580323,0.85
md_cbad_dqn,805,171,96.2394621744752,93.99253284402192,35.43989146500826,60.79957103729248,1.6086969524621964,19840.110466003418,0.0,27.0,0.0,0.0,0.22190476190476194,1.1487246751785278,1.1387547813355923,0.033232989138923585,0.85
md_cbad_dqn,805,172,89.19151861965656,93.63817091129721,31.42281859368086,57.76870034635067,1.5706467423588037,18252.814170837402,0.0,26.0,0.0,0.0,0.21738095238095245,1.1840268652886152,1.1742343809455633,0.03264159895479679,0.85
md_cbad_dqn,805,173,87.19268040508032,93.08874749347568,31.617156475782394,55.57552441358566,1.5434436416253448,17559.28493499756,0.0,25.0,0.0,4.0,0.21285714285714286,1.27366354316473,1.2631738372147083,0.034965722006745636,0.85
md_cbad_dqn,805,174,82.47024259269237,93.18620188504458,30.176955483853817,52.29328719079494,1.5162570662796497,17104.888668060303,0.0,24.0,0.0,2.0,0.20833333333333337,1.2232707403600216,1.2126980107277632,0.03524240921251476,0.85
md_cbad_dqn,805,175,80.91332286596298,92.37457893274726,27.860370740294456,53.05295167863369,1.536021452397108,16136.57534790039,0.0,25.0,0.0,1.0,0.20380952380952377,1.1833428051322699,1.1743721961975098,0.029902028269134462,0.85
md_cbad_dqn,805,176,67.04951816797256,91.32884888470173,27.55474391579628,39.494774267077446,1.434800624847412,15393.590156555176,0.0,19.0,0.0,0.0,0.1992857142857143,1.097079586237669,1.0874214340001345,0.03219385677948594,0.85
md_cbad_dqn,805,177,69.69801972210408,89.97736624076963,28.440617620944977,41.257402473688124,1.4702795129269361,16376.23136138916,0.0,19.0,0.0,1.0,0.1947619047619048,0.8510242085903883,0.841931713744998,0.030308331828564405,0.85
md_cbad_dqn,805,178,87.01470287144184,89.67847326368094,30.737242586910725,56.277460888028145,1.5205960758030415,17587.419315338135,0.0,28.0,0.0,0.0,0.19023809523809532,1.0852890703827143,1.0764895118772984,0.029331934405490756,0.85
md_cbad_dqn,805,179,102.44141726195812,90.1391585186869,35.90262044221163,66.53879654407501,1.7074319859966636,21047.554264068604,0.0,29.0,0.0,0.0,0.18571428571428583,0.98619095236063,0.9759788513183594,0.03404030704405159,0.85
md_cbad_dqn,805,180,80.95339544266463,89.44526794672012,30.0042871683836,50.94910832643509,1.5249459901824594,17104.696495056152,0.0,24.0,0.0,1.0,0.18119047619047624,1.1444272808730602,1.134818771854043,0.032028372574131936,0.85
md_cbad_dqn,805,181,76.61829381585122,88.44795134305954,30.17901737987995,46.439276629686354,1.4942779056727886,17079.096908569336,0.0,21.0,0.0,1.0,0.17666666666666664,1.1891892589628696,1.179115941748023,0.03357774030882865,0.85
md_cbad_dqn,805,182,86.10203112661839,87.42508157320322,31.62413802742958,54.47789314389229,1.5176479099318385,17868.972381591797,0.0,25.0,0.0,0.0,0.17214285714285715,0.9946929756551981,0.9849952515214682,0.032325736712664366,0.85
md_cbad_dqn,805,183,86.72052732855082,87.28855430677534,30.774473696947098,55.946053981781006,1.5283089922741055,17229.29291343689,0.0,24.0,0.0,1.0,0.16761904761904767,1.1344181820750237,1.1246836483478546,0.03244843322318047,0.85
md_cbad_dqn,805,184,91.79201136529446,87.40575192943216,31.98909842222929,59.802913188934326,1.549484133720398,17912.68176651001,0.0,28.0,0.0,0.0,0.16309523809523818,1.2365483343601227,1.2253379337489605,0.03736798244062811,0.85
md_cbad_dqn,805,185,67.37984574884176,85.88465916000305,25.825510166585445,41.55433513522148,1.4087074138224125,14289.151069641113,0.0,21.0,0.0,3.0,0.1585714285714287,0.9248182214796543,0.9154525883495808,0.031218778458423913,0.85
md_cbad_dqn,805,186,101.57371248304844,86.99240711413323,33.551540814340115,68.022171407938,1.5995168862864375,18871.61502456665,0.0,31.0,0.0,3.0,0.1540476190476191,1.1578227076679468,1.1485839318484068,0.030795885482802987,0.85
md_cbad_dqn,805,187,96.73928605318069,87.52813792176543,31.872063636779785,64.86722202897072,1.5448006270453334,17694.533964157104,0.0,28.0,0.0,2.0,0.1495238095238095,1.2885194793343544,1.279288835823536,0.03076879121363163,0.85
md_cbad_dqn,805,188,99.51561267673969,87.29188016451894,32.68596002459526,66.82965311408043,1.6213974608108401,18640.478355407715,0.0,28.0,0.0,0.0,0.14500000000000002,1.109383150935173,1.0990659277886152,0.034390769666060805,0.85
md_cbad_dqn,805,189,87.66966278105974,86.42018643632531,30.72388845682144,56.945774242281914,1.5286418171599507,17584.52462387085,0.0,26.0,0.0,0.0,0.14047619047619053,1.094586854800582,1.0845970511436462,0.033299353905022144,0.85
md_cbad_dqn,805,190,74.82211457490921,85.60486890390516,28.80593451857567,46.016180130839345,1.4984017256647348,16110.504425048828,0.0,21.0,0.0,2.0,0.13595238095238105,1.24574782140553,1.2363284267485142,0.03139798576012254,0.85
md_cbad_dqn,805,191,84.38173416256905,85.01198250330984,30.256452575325966,54.12528131902218,1.4731888752430677,16344.830829620361,0.0,26.0,0.0,1.0,0.13142857142857145,1.2358168847858906,1.2254609744995832,0.03451965725980699,0.85
md_cbad_dqn,805,192,83.39856521785259,84.72233483321965,33.59355981647968,49.80500580370426,1.5177736021578312,18263.452575683594,0.0,23.0,0.0,0.0,0.12690476190476196,1.1255208533257246,1.1153648626059294,0.03385332052130252,0.85
md_cbad_dqn,805,193,77.7670284062624,84.25105223327874,29.226614579558372,48.54041367769241,1.5379623575136065,16506.32020187378,0.0,25.0,0.0,0.0,0.12238095238095237,1.1367331184446812,1.126287817955017,0.034817674197256565,0.85
md_cbad_dqn,805,194,92.10538621246815,84.73280941426755,30.51445295661688,61.590933337807655,1.5059372195973992,17055.433376312256,0.0,28.0,0.0,1.0,0.11785714285714288,1.0026743430644274,0.993762468919158,0.029706275381613523,0.85
md_cbad_dqn,805,195,90.8869881182909,85.23149267688393,31.255222760140896,59.63176545500755,1.5635769786313176,17542.966861724854,0.0,27.0,0.0,2.0,0.1133333333333334,1.4239970184862614,1.4136106967926025,0.03462104592472315,0.85
md_cbad_dqn,805,196,86.01800619959832,86.17991707846524,29.762244202196598,56.255762034654616,1.5377623373642564,16757.6602935791,0.0,25.0,0.0,2.0,0.1088095238095238,1.1353641208261251,1.125470008701086,0.03298039606306702,0.85
md_cbad_dqn,805,197,88.07687876522542,87.0988600306213,33.16792015731335,54.90895884633064,1.5414510481059551,18161.374641418457,0.0,25.0,0.0,4.0,0.10428571428571431,1.3691817224025726,1.3607470765709877,0.02811551047489047,0.85
md_cbad_dqn,805,198,92.14101145416498,87.35517545975746,32.49989341944456,59.641117572784424,1.5765090445056558,18464.712867736816,0.0,27.0,0.0,0.0,0.09976190476190483,1.2826416604220867,1.2730721831321716,0.031898218556307256,0.85
md_cbad_dqn,805,199,74.66018507033587,85.96611385017636,28.21065630763769,46.44952858388424,1.447998589836061,16103.441188812256,0.0,21.0,0.0,1.0,0.09523809523809534,1.182512167841196,1.1733022835105658,0.03069961373694241,0.85
md_cbad_dqn,805,200,86.7584454804659,86.25636635206641,31.690209448337555,55.068236047029494,1.5414564032107592,17400.525842666626,0.0,25.0,0.0,2.0,0.09071428571428575,0.8225643318146467,0.8119500335305929,0.0353809999069199,0.85
md_cbad_dqn,805,201,84.67965468168259,86.65943439535798,30.158796228468418,54.52085823714733,1.4983897721394897,17033.80640411377,0.0,25.0,0.0,1.0,0.08619047619047626,1.290574822574854,1.2810155749320984,0.031864225515164435,0.85
md_cbad_dqn,805,202,87.63194222897292,86.73592995047571,29.384861938655376,58.24708015620708,1.5186281688511372,16679.072032928467,0.0,29.0,0.0,2.0,0.08166666666666667,1.2802996709942818,1.270469719544053,0.03276649327017367,0.85
md_cbad_dqn,805,203,88.33534398674965,86.81667078338565,30.806828379631042,57.52851542830467,1.5156587660312653,16974.612579345703,0.0,26.0,0.0,1.0,0.07714285714285718,1.0143700428307056,1.004482451826334,0.03295864211395383,0.85
md_cbad_dqn,805,204,76.31437200307846,86.04278881527485,29.00655483454466,47.30781675875187,1.46451426576823,16071.21231842041,0.0,23.0,0.0,0.0,0.0726190476190477,1.0476322453469038,1.0380109120160341,0.03207111556548625,0.85
md_cbad_dqn,805,205,62.46752102077007,85.79717257887125,26.281528398394585,36.18599239885807,1.3850019564852118,14604.127216339111,0.0,19.0,0.0,1.0,0.06809523809523821,1.2765468396246433,1.2676337268203497,0.029710365110076964,0.85
md_cbad_dqn,805,206,78.85915558487177,84.66144473396243,27.561228074133396,51.297927644848826,1.4705294845625758,15661.907150268555,0.0,24.0,0.0,4.0,0.06357142857142861,0.9140635579824448,0.9044887591153383,0.03191603475715965,0.85
md_cbad_dqn,805,207,79.44139861315489,83.79655036196114,30.480130337178707,48.96126863360405,1.502197202295065,16949.599086761475,0.0,24.0,0.0,2.0,0.059047619047619015,1.1502160653471947,1.1408530659973621,0.03120998607482761,0.85
md_cbad_dqn,805,208,82.10330101251603,82.92593477874996,28.520053796470165,53.58324762582779,1.4751795018091798,15898.667121887207,0.0,25.0,0.0,1.0,0.05452380952380953,1.1639507729560137,1.1531292777508497,0.036071680719032884,0.85
md_cbad_dqn,805,209,78.847811165452,82.48484219796956,29.96297988295555,48.88483181893825,1.4970063595101237,16519.52040863037,0.0,22.0,0.0,2.0,0.050000000000000044,1.2584544755518436,1.246774386614561,0.03893364733085036,0.85
md_cbad_dqn,805,210,94.92804508805276,83.49013872362674,31.488341957330704,63.43970290720463,1.5988823305815458,18066.48487472534,0.0,28.0,0.0,2.0,0.050000000000000044,1.1642147321254015,1.155033579096198,0.030603820807300508,0.85
md_cbad_dqn,805,211,78.6821560934186,83.20515982016921,30.862888880074024,47.81926715373993,1.5228245947510004,17043.856559753418,0.0,22.0,0.0,0.0,0.050000000000000044,1.4221219532191753,1.410453587770462,0.03889453667216003,0.85
md_cbad_dqn,805,212,81.5099070340395,83.11072691097857,27.897082649171352,53.61282406449318,1.449627730064094,15566.536388397217,0.0,24.0,0.0,3.0,0.050000000000000044,1.2464923784136772,1.2368980795145035,0.031980961095541716,0.85
md_cbad_dqn,805,213,82.31962656378747,83.33835681885482,29.98345285654068,52.336173766851424,1.5106162708252668,16727.83709526062,0.0,24.0,0.0,1.0,0.050000000000000044,1.2461349833756685,1.2356972359120846,0.03479250392410904,0.85
md_cbad_dqn,805,214,65.34305968135595,82.0002404922992,24.883169762790203,40.459889858961105,1.372098677791655,13434.972993850708,0.0,21.0,0.0,1.0,0.050000000000000044,1.206444337964058,1.1971761956810951,0.030893790652044117,0.85
md_cbad_dqn,805,215,91.7073664367199,82.04125940822065,31.886992871761322,59.82037368416786,1.5722781624644995,17933.837451934814,0.0,27.0,0.0,0.0,0.050000000000000044,1.3187476117163897,1.3091853559017181,0.03187420661561191,0.85
md_cbad_dqn,805,216,78.08864016085863,81.64479110628368,28.40910293161869,49.679537907242775,1.4573542764410377,15955.450668334961,0.0,24.0,0.0,0.0,0.050000000000000044,1.4043341428041458,1.3933693747967482,0.036549193668179214,0.85
md_cbad_dqn,805,217,55.676551134884356,80.02477472476662,24.706590086221695,30.96996104121208,1.3667101981118321,13806.98080444336,0.0,18.0,0.0,3.0,0.050000000000000044,1.2866242155432701,1.276823416352272,0.03266937064472586,0.85
md_cbad_dqn,805,218,83.41299327462912,79.58837381578982,29.10271242260933,54.31028124690056,1.4923217166215181,16245.079484939575,0.0,25.0,0.0,0.0,0.050000000000000044,1.421330763027072,1.4108843002468348,0.03482153790537268,0.85
md_cbad_dqn,805,219,67.09968455284834,79.21034878991546,26.669786922633648,40.42989763021469,1.4220084631815553,15110.623037338257,0.0,21.0,0.0,1.0,0.050000000000000044,1.1712609827518463,1.1610861103981733,0.03391619981266558,0.85
md_cbad_dqn,805,220,80.72653838247061,78.90875343501568,29.53576384484768,51.1907749325037,1.497752700932324,16345.676448822021,0.0,25.0,0.0,2.0,0.050000000000000044,1.266181817278266,1.2563393823802471,0.032808112795464694,0.85
md_cbad_dqn,805,221,85.15846073031426,78.93269373744727,29.877956442534924,55.28050442934036,1.5271656094118953,16609.778703689575,0.0,25.0,0.0,2.0,0.050000000000000044,1.2164321728050709,1.206105686724186,0.03442164487205446,0.85
md_cbad_dqn,805,222,75.2805917724967,78.31512621462346,27.309983678162098,47.97060812413692,1.437291581183672,15471.3173122406,0.0,24.0,0.0,1.0,0.050000000000000044,1.0477445218712091,1.03825425170362,0.03163425100501627,0.85
md_cbad_dqn,805,223,75.59678549468518,77.67819829002025,27.5020010471344,48.09478368759155,1.450109981931746,15295.084049224854,0.0,22.0,0.0,1.0,0.050000000000000044,1.2883343119174242,1.2783495299518108,0.03328259335830808,0.85
md_cbad_dqn,805,224,84.76773659139872,78.10086651943625,30.62268527597189,54.14505086839199,1.5209760004654527,16871.478492736816,0.0,26.0,0.0,0.0,0.050000000000000044,1.2921090796589851,1.282922314479947,0.030622557853348553,0.85
md_cbad_dqn,805,225,94.33582802116871,79.69428186945618,32.816864378750324,61.51896345615387,1.5722984056919813,18218.58963394165,0.0,28.0,0.0,0.0,0.050000000000000044,1.1136979423463345,1.1039204709231853,0.03259159775916487,0.85
md_cbad_dqn,805,226,84.20951767265797,79.9617999738455,30.03422623872757,54.17529155313969,1.5181010384112597,17094.927322387695,0.0,25.0,0.0,1.0,0.050000000000000044,1.478465061634779,1.4692069739103317,0.030860353377647698,0.85
md_cbad_dqn,805,227,78.46759832799435,79.91310995958746,28.849252335727215,49.61834596991539,1.4989862395450473,16372.247953414917,0.0,24.0,0.0,1.0,0.050000000000000044,1.2941151466220617,1.2855208702385426,0.02864762768149376,0.85
md_cbad_dqn,805,228,88.23826000839472,80.2198579093814,30.991615317761898,57.24664452672005,1.5513340141624212,17391.950485229492,0.0,25.0,0.0,2.0,0.050000000000000044,1.272916067391634,1.262922041118145,0.03331344004254788,0.85
md_cbad_dqn,805,229,90.61625026166439,80.80827986419202,31.163899913430214,59.45235012471676,1.5681422408670187,17833.00363922119,0.0,28.0,0.0,1.0,0.050000000000000044,1.2771019339561462,1.2667997404932976,0.034340646234340966,0.85
md_cbad_dqn,805,230,85.79816349744797,80.35178578466177,31.893717765808105,53.90444562733173,1.5561367934569716,18080.30982208252,0.0,23.0,0.0,1.0,0.050000000000000044,1.3614445552229881,1.3514035940170288,0.03346990211866796,0.85
md_cbad_dqn,805,231,88.23149120807648,80.82925254039466,29.679174691438675,58.552316293120384,1.4883925830945373,16457.67296218872,0.0,28.0,0.0,0.0,0.050000000000000044,1.2563606444746256,1.2461889032274485,0.0339058282552287,0.85
md_cbad_dqn,805,232,83.22290281951427,80.91490232966842,29.430003508925438,53.79289931058884,1.5054512806236744,16254.198539733887,0.0,26.0,0.0,0.0,0.050000000000000044,1.6898105777800083,1.680418323725462,0.03130749939009547,0.85
md_cbad_dqn,805,233,83.46613667309285,80.97222783513368,29.012524843215942,54.45361218750477,1.477648894302547,16061.986598968506,0.0,24.0,0.0,2.0,0.050000000000000044,1.3563845828175545,1.3462185617536306,0.03388673230074346,0.85
md_cbad_dqn,805,234,84.9186530187726,81.9510075020045,32.27734116464853,52.64131183922291,1.5141802206635475,17827.363668441772,0.0,25.0,0.0,0.0,0.050000000000000044,1.4833798184990883,1.4729777090251446,0.03467373119201511,0.85
md_cbad_dqn,805,235,81.78918628394604,81.45509849436583,30.336188793182373,51.45299729704857,1.5040292916819453,16705.89284324646,0.0,23.0,0.0,0.0,0.050000000000000044,1.4586918372660875,1.4491278305649757,0.03188006894197315,0.85
md_cbad_dqn,805,236,74.04544607698918,81.25293879017235,27.706527516245842,46.33891894817352,1.4381145825609565,15053.278469085693,0.0,22.0,0.0,1.0,0.050000000000000044,1.2541146762669086,1.2448840960860252,0.030768609722144902,0.85
md_cbad_dqn,805,237,82.31626989841462,82.58492472834887,29.850990429520607,52.46528018414974,1.5410385876893997,17044.46557044983,0.0,27.0,0.0,2.0,0.050000000000000044,1.3978716172277927,1.3884989060461521,0.031242385040968657,0.85
md_cbad_dqn,805,238,88.90682942420244,82.85961653582753,31.542829535901546,57.36399978399277,1.545219331048429,17502.76877975464,0.0,26.0,0.0,2.0,0.050000000000000044,0.8514123819768429,0.8431807309389114,0.02743882848881185,0.85
md_cbad_dqn,805,239,80.56832541525364,83.5330485789478,28.245637863874435,52.32268778979778,1.4832745203748345,16085.884826660156,0.0,26.0,0.0,0.0,0.050000000000000044,1.3499756027013063,1.340213853865862,0.032539160340093076,0.85
md_cbad_dqn,805,240,61.58596638143062,82.5760199788958,26.447181463241577,35.13878530561924,1.405438075773418,14803.560260772705,0.0,19.0,0.0,2.0,0.050000000000000044,1.2799445427954197,1.2695615869015455,0.03460987168364227,0.85
md_cbad_dqn,805,241,79.70285514891148,82.30323969982565,28.330038860440254,51.37281631827354,1.489316275343299,15838.233108520508,0.0,24.0,0.0,2.0,0.050000000000000044,1.2776334583759308,1.2694974299520254,0.027120140148326755,0.85
md_cbad_dqn,805,242,100.01524496972561,83.5399723596871,32.213129773736,67.8021153151989,1.587050762027502,18026.963298797607,0.0,30.0,0.0,2.0,0.050000000000000044,1.2594362702220678,1.2504928261041641,0.029811507556587458,0.85
md_cbad_dqn,805,243,75.26676945388317,83.523471557647,28.19925083220005,47.067518785595894,1.4698736984282732,15864.165271759033,0.0,22.0,0.0,0.0,0.050000000000000044,1.2569774445146322,1.2464864179491997,0.034970093867741525,0.85
md_cbad_dqn,805,244,91.28566288352013,83.84936787225308,29.47032405436039,61.81533878445625,1.4914017301052809,16454.456008911133,0.0,29.0,0.0,2.0,0.050000000000000044,1.038511648774147,1.0293740443885326,0.0304586966522038,0.85
md_cbad_dqn,805,245,77.59321813434363,83.01223737791182,28.90638469159603,48.68683321177959,1.4823964703828096,16251.80445098877,0.0,22.0,0.0,1.0,0.050000000000000044,1.2099975068122149,1.2011968288570642,0.029335600789636374,0.85
md_cbad_dqn,805,246,92.17242314219475,83.41038265138864,31.301128290593624,60.87129499316215,1.569823450408876,17924.876022338867,0.0,27.0,0.0,4.0,0.050000000000000044,1.1630446966737509,1.1540877856314182,0.029856326174922287,0.85
md_cbad_dqn,805,247,82.95743332058191,83.63487440101804,31.292597755789757,51.664835810661316,1.5446821684017777,17636.98317527771,0.0,24.0,0.0,0.0,0.050000000000000044,1.0912017803639174,1.08086771145463,0.03444689221214503,0.85
md_cbad_dqn,805,248,84.56466871649027,83.4511948364228,30.77966681867838,53.785001718997954,1.5260223150253296,17012.699626922607,0.0,25.0,0.0,2.0,0.050000000000000044,1.3804972507059574,1.3717694357037544,0.029092744458466768,0.85
md_cbad_dqn,805,249,84.70853094756603,83.15580887071789,29.455180026590824,55.25335089862347,1.5175493210554123,16591.900566101074,0.0,28.0,0.0,0.0,0.050000000000000044,1.2958630919456482,1.286813272163272,0.03016606706660241,0.85
md_cbad_dqn,805,250,73.65307296961547,82.54855434432628,29.233418218791485,44.41965419948101,1.4894013619050384,16676.779067993164,0.0,20.0,0.0,1.0,0.050000000000000044,1.567695990204811,1.5573785528540611,0.03439145430456847,0.85
md_cbad_dqn,805,251,92.52478765100241,82.76321916647257,32.5737781599164,59.951009356975554,1.5764993280172348,17964.207328796387,0.0,27.0,0.0,2.0,0.050000000000000044,1.1668456438928843,1.1587252262979746,0.02706804813351482,0.85
md_cbad_dqn,805,252,91.23295269161463,83.16372166007758,31.777854658663273,59.45509831607342,1.583206639625132,18117.777153015137,0.0,28.0,0.0,0.0,0.050000000000000044,1.7883408553898335,1.7798071838915348,0.028445562813431025,0.85
md_cbad_dqn,805,253,80.8600045233965,83.03341505259277,28.93578878045082,51.92421596646309,1.5050220508128405,16572.631713867188,0.0,24.0,0.0,3.0,0.050000000000000044,1.556147450581193,1.5469583682715893,0.030630300287157297,0.85
md_cbad_dqn,805,254,66.33047515898943,82.10400615960361,28.1625851765275,38.16789028048515,1.4373456733301282,15514.372638702393,0.0,20.0,0.0,0.0,0.050000000000000044,1.294309824705124,1.2834455221891403,0.03621438948903233,0.85
md_cbad_dqn,805,255,88.36242799013853,82.43266824491323,30.395792983472347,57.96663491725921,1.5527523886412382,17438.649307250977,0.0,25.0,0.0,4.0,0.050000000000000044,1.1350640710443258,1.1247947439551353,0.03423105855472386,0.85
md_cbad_dqn,805,256,85.44793368279934,83.00279262520374,29.268584311008453,56.179349267482756,1.457791993394494,16304.717597961426,0.0,25.0,0.0,2.0,0.050000000000000044,1.4667919501662254,1.4574687462300062,0.03107735642697662,0.85
md_cbad_dqn,805,257,84.251050183177,83.09953163944186,30.9979098290205,53.2531401604414,1.5509769627824426,17384.997924804688,0.0,26.0,0.0,1.0,0.050000000000000044,1.3069352451711893,1.297195728868246,0.03246508224401623,0.85
md_cbad_dqn,805,258,86.84154466539621,82.99626740150156,32.74882920831442,54.09271550178528,1.565877253189683,18052.979331970215,0.0,23.0,0.0,0.0,0.050000000000000044,1.2179769184440374,1.2089378535747528,0.030130236758850515,0.85
md_cbad_dqn,805,259,71.1835006326437,82.52702616237106,26.142405048012733,45.041095927357674,1.428924380801618,14775.86707687378,0.0,23.0,0.0,0.0,0.050000000000000044,1.4964630901813507,1.4861650690436363,0.03432670910842717,0.85
md_cbad_dqn,805,260,75.75115952044726,83.23528581932189,28.805090554058552,46.946068757772444,1.4845386939123273,16234.859272003174,0.0,23.0,0.0,1.0,0.050000000000000044,1.3281314205378294,1.3191690798848867,0.0298745259642601,0.85
md_cbad_dqn,805,261,70.67294656485319,82.78379039011898,27.368108704686165,43.30483788251877,1.4420332005247474,15215.613424301147,0.0,22.0,0.0,0.0,0.050000000000000044,1.6557920686900616,1.6467360965907574,0.030186529736965895,0.85
md_cbad_dqn,805,262,86.05109637379647,82.08558296032251,29.83788724243641,56.213209533691405,1.5379121582955122,17094.002815246582,0.0,25.0,0.0,1.0,0.050000000000000044,1.4762677121907473,1.4668655954301357,0.03134033165406436,0.85
md_cbad_dqn,805,263,80.02392971664668,82.32344097346069,29.186602272093296,50.837327221035956,1.497346038930118,16584.265590667725,0.0,23.0,0.0,2.0,0.050000000000000044,1.3050805106759071,1.2949899472296238,0.033635223866440356,0.85
md_cbad_dqn,805,264,83.75941683351994,81.94712867096068,31.458550699055195,52.30086649954319,1.5334070641547441,17269.03813934326,0.0,25.0,0.0,0.0,0.050000000000000044,1.2671155910938978,1.2580341752618551,0.03027137101162225,0.85
md_cbad_dqn,805,265,86.98216424882412,82.4165759766847,29.66885521262884,57.313309013843536,1.5399445183575153,17036.847999572754,0.0,25.0,0.0,0.0,0.050000000000000044,1.4317181557416916,1.422691449522972,0.03008901933208108,0.85
md_cbad_dqn,805,266,81.53431048244238,81.88467034369708,30.627968594431877,50.906342178583145,1.5232238937169313,17170.099102020264,0.0,22.0,0.0,1.0,0.050000000000000044,1.1314428076148033,1.1225857883691788,0.029523365548811853,0.85
md_cbad_dqn,805,267,82.09604256749154,81.84160080604256,30.000609308481216,52.0954328417778,1.5135391699150205,16464.993228912354,0.0,25.0,0.0,2.0,0.050000000000000044,1.3773135747760534,1.3687792513519526,0.028447715449146926,0.85
md_cbad_dqn,805,268,81.58749692291022,81.69274221636356,29.667945601046085,51.9195514857769,1.5217492021620274,16617.439407348633,0.0,24.0,0.0,1.0,0.050000000000000044,1.430332075804472,1.4215338118374348,0.029327517957426608,0.85
md_cbad_dqn,805,269,73.42136669158936,81.12838400356472,26.738076083362103,46.683290868997574,1.428927281871438,14969.174419403076,0.0,22.0,0.0,1.0,0.050000000000000044,1.347956920042634,1.3393660243600607,0.028636381146498024,0.85
md_cbad_dqn,805,270,81.54760521948337,81.52311061605812,29.47777833044529,52.06982696354389,1.529867502860725,17114.692893981934,0.0,22.0,0.0,2.0,0.050000000000000044,1.01382689550519,1.0045398529618979,0.03095676831435412,0.85
md_cbad_dqn,805,271,79.75893441736699,80.88481795437636,28.46234990656376,51.29658422768116,1.4846232375130057,16210.10818862915,0.0,24.0,0.0,1.0,0.050000000000000044,1.4825413692742586,1.473160458728671,0.03126972354948521,0.85
md_cbad_dqn,805,272,75.35557045042515,80.09094884231686,27.5737888738513,47.7817812114954,1.4479430876672268,15582.865768432617,0.0,24.0,0.0,0.0,0.050000000000000044,1.4884869009256363,1.4798551350831985,0.028772571124136448,0.85
md_cbad_dqn,805,273,88.0227577239275,80.44908650234342,30.054538182914257,57.96821999549866,1.4900576137006283,16498.64638519287,0.0,27.0,0.0,0.0,0.050000000000000044,1.4021653812378645,1.3919235430657864,0.034139475668780506,0.85
md_cbad_dqn,805,274,89.88293938487769,81.62670971363784,30.72977527230978,59.15316335260868,1.5403970191255212,17565.82449913025,0.0,27.0,0.0,1.0,0.050000000000000044,1.3467662874609232,1.3385350573807955,0.02743738505523652,0.85
md_cbad_dqn,805,275,96.17521676570178,82.017349152416,35.2635108307004,60.91170587539673,1.626749080605805,19558.945419311523,0.0,26.0,0.0,3.0,0.050000000000000044,1.334150742739439,1.324410069733858,0.03246894385665655,0.85
md_cbad_dqn,805,276,74.87485452890397,81.48869519472123,27.659016653895378,47.21583788990974,1.4843876212835312,15949.921115875244,0.0,22.0,0.0,2.0,0.050000000000000044,1.224441796541214,1.2154614478349686,0.029934521415270865,0.85
md_cbad_dqn,805,277,74.70231260359287,81.01125831574203,27.957846701145172,46.74446561932564,1.471074785105884,16168.047775268555,0.0,24.0,0.0,0.0,0.050000000000000044,1.4395912680774927,1.4312240649014711,0.02789068582933396,0.85
md_cbad_dqn,805,278,84.69430954754353,80.9038965598494,29.749017015099525,54.94529342651367,1.5282105589285493,16973.651706695557,0.0,25.0,0.0,1.0,0.050000000000000044,1.3181807100772858,1.3095939569175243,0.028622475103475153,0.85
md_cbad_dqn,805,279,71.50143904983997,80.9197934807092,26.863153003156185,44.63828590512276,1.4500534059479833,15003.724647521973,0.0,21.0,0.0,0.0,0.050000000000000044,1.2346017975360155,1.225241530686617,0.031200959580019116,0.85
md_cbad_dqn,805,280,78.15878164172173,81.04017458677292,28.271278902888298,49.887503111362456,1.4474823726341128,16262.644180297852,0.0,22.0,0.0,2.0,0.050000000000000044,0.9531748350709677,0.9446855317801237,0.028297667857259512,0.85
md_cbad_dqn,805,281,85.7431957513094,81.79368704609574,29.450885124504566,56.292310708761214,1.5103645380586386,16980.72225189209,0.0,25.0,0.0,1.0,0.050000000000000044,1.202547524124384,1.1930791325867176,0.031561271171085536,0.85
md_cbad_dqn,805,282,75.93631684333086,81.28794806957247,28.887619577348232,47.0486964315176,1.4575433591380715,16016.555976867676,0.0,22.0,0.0,2.0,0.050000000000000044,1.5202838331460953,1.5111666824668646,0.030390496249310672,0.85
md_cbad_dqn,805,283,78.87042661756277,81.23027291461827,29.637664653360844,49.23276162147522,1.4587144302204251,16065.170204162598,0.0,22.0,0.0,0.0,0.050000000000000044,1.2548111621290445,1.2463396042585373,0.028238561819307506,0.85
md_cbad_dqn,805,284,96.3953333646059,81.86206874117255,31.859761506319046,64.53557202219963,1.587612746283412,18340.487071990967,0.0,30.0,0.0,1.0,0.050000000000000044,1.6840401459485292,1.6750608123838902,0.02993115596473217,0.85
md_cbad_dqn,805,285,75.88311672210693,81.30711636483669,29.48273054510355,46.40038560330868,1.5028276890516281,16552.864498138428,0.0,22.0,0.0,0.0,0.050000000000000044,1.7057904116809368,1.6964503675699234,0.03113348945043981,0.85
md_cbad_dqn,805,286,97.31172067224979,82.09598687432707,33.075879484415054,64.23584141135215,1.5930051356554031,18674.01501083374,0.0,29.0,0.0,3.0,0.050000000000000044,1.5972805954515934,1.5881905071437359,0.030300252372398973,0.85
md_cbad_dqn,805,287,78.08694493025541,81.89553199246527,30.33556241542101,47.7513824403286,1.5121877305209637,17350.775623321533,0.0,22.0,0.0,0.0,0.050000000000000044,1.5484776068478823,1.538349835202098,0.03375933109782636,0.85
md_cbad_dqn,805,288,91.37016238570213,82.38466526560485,30.14510228484869,61.22506098747253,1.5371374245733023,17159.42742919922,0.0,29.0,0.0,2.0,0.050000000000000044,1.5525530390441418,1.542963758111,0.0319642333779484,0.85
md_cbad_dqn,805,289,84.47408056259155,82.93730095915495,30.603361442685127,53.870719477534294,1.5193180777132511,16995.09506225586,0.0,27.0,0.0,0.0,0.050000000000000044,1.0705058053135872,1.0613920576870441,0.030379111180081964,0.85
md_cbad_dqn,805,290,71.22030157744885,82.42093577705324,26.67326231300831,44.54703936874866,1.416609919629991,14627.686309814453,0.0,22.0,0.0,1.0,0.050000000000000044,1.2364072725176811,1.2279665768146515,0.02813565090764314,0.85
md_cbad_dqn,805,291,83.41339780390263,82.60365894638002,30.748706705868244,52.66469073295593,1.5204776832833886,17362.369136810303,0.0,25.0,0.0,1.0,0.050000000000000044,1.268699811771512,1.2598821744322777,0.029392117983661592,0.85
md_cbad_dqn,805,292,90.98159257471562,83.38496005259455,31.1064582914114,59.87513389587402,1.5562540302053094,17462.94065093994,0.0,27.0,0.0,1.0,0.050000000000000044,1.4272801224142313,1.4191767014563084,0.027011406142264605,0.85
md_cbad_dqn,805,293,72.21079527586699,82.59436193019152,29.7114135697484,42.499381959438324,1.5190342031419277,16896.973342895508,0.0,22.0,0.0,0.0,0.050000000000000044,1.5380944777280092,1.5300307478755713,0.02687909221276641,0.85
md_cbad_dqn,805,294,81.50663233697415,82.17554657779635,30.082079514861107,51.42455277740955,1.512406473979354,17072.963958740234,0.0,23.0,0.0,1.0,0.050000000000000044,1.0339941885322332,1.025886056944728,0.027027089498005807,0.85
md_cbad_dqn,805,295,85.73179246485233,81.65337536275388,31.45143809914589,54.280355006456375,1.5680774431675673,17777.268115997314,0.0,25.0,0.0,1.0,0.050000000000000044,1.471311654895544,1.4620096050202847,0.03100681072100997,0.85
md_cbad_dqn,805,296,84.67935818433762,82.14360054552556,32.33177085220814,52.34758737683296,1.5625603590160608,18093.287689208984,0.0,24.0,0.0,1.0,0.050000000000000044,1.6969840675592422,1.6876279339194298,0.031187076470814645,0.85
md_cbad_dqn,805,297,72.27464552521705,82.02221719160676,26.859879419207573,45.414766061306,1.418010637164116,14835.927124023438,0.0,22.0,0.0,2.0,0.050000000000000044,1.55782013759017,1.5496333707123995,0.02728925389237702,0.85
md_cbad_dqn,805,298,77.13949662595988,81.64447654552757,29.659295938909054,47.48020047843456,1.5099231349304318,17078.6517868042,0.0,22.0,0.0,2.0,0.050000000000000044,1.3365481030195951,1.327587278559804,0.02986938355024904,0.85
md_cbad_dqn,805,299,84.12930608689786,82.27586989738047,28.952048286795616,55.17725787460804,1.490219695493579,16687.413444519043,0.0,25.0,0.0,1.0,0.050000000000000044,1.5881170816719532,1.5796817503869534,0.028117749141529202,0.85
md_cbad_dqn,805,300,82.32264376431704,82.48406300351024,30.445739790797234,51.876903623342514,1.4971023555845022,17026.550296783447,0.0,26.0,0.0,0.0,0.050000000000000044,1.5338722914457321,1.5250904075801373,0.029272956890054047,0.85
md_cbad_dqn,805,301,90.01049038022757,82.69742773495615,32.3287335857749,57.68175709247589,1.5823280168697238,18306.369077682495,0.0,26.0,0.0,1.0,0.050000000000000044,0.9946845527738333,0.9866144489496946,0.026900330325588584,0.85
md_cbad_dqn,805,302,70.02463605254889,82.40184369541706,26.331236116588116,43.69339954853058,1.4262186475098133,15112.620517730713,0.0,21.0,0.0,0.0,0.050000000000000044,1.3716093599796295,1.3627875298261642,0.029406066983938217,0.85
md_cbad_dqn,805,303,73.33728707581758,82.12518671832979,26.323413863778114,47.01387348771095,1.4269432239234447,14779.002119064331,0.0,22.0,0.0,0.0,0.050000000000000044,1.135290127247572,1.127431571483612,0.026195174898020923,0.85
md_cbad_dqn,805,304,84.38705553114414,81.5247728266567,30.26543752849102,54.12161809206009,1.5246229423210025,17276.31402206421,0.0,26.0,0.0,3.0,0.050000000000000044,1.7180073540657759,1.7086294069886208,0.03125976014416665,0.85
md_cbad_dqn,805,305,66.780916172266,81.06966279916466,25.57221108675003,41.20870505571365,1.416303986683488,14686.177551269531,0.0,20.0,0.0,2.0,0.050000000000000044,1.4222176782786846,1.4142972268164158,0.026401499984785914,0.85
md_cbad_dqn,805,306,83.46049823015929,80.37710167706014,31.739772953093052,51.72072514295578,1.5541395088657737,17634.375396728516,0.0,24.0,0.0,1.0,0.050000000000000044,1.5106671322137117,1.5032328255474567,0.02478104515466839,0.85
md_cbad_dqn,805,307,66.62439680099487,79.8039742705971,26.69867742061615,39.92571899294853,1.4297452559694648,15403.34029006958,0.0,19.0,0.0,1.0,0.050000000000000044,1.4095610864460468,1.4005632530897856,0.029992811963893473,0.85
md_cbad_dqn,805,308,83.69769657552243,79.42035098008813,30.04408475011587,53.653612026572226,1.5755261955782771,17773.16847229004,0.0,26.0,0.0,1.0,0.050000000000000044,1.5014513283967972,1.4925954136997461,0.02951972489245236,0.85
md_cbad_dqn,805,309,92.24719935655594,79.80900691978634,29.658633455634117,62.58856585621834,1.5166625119745731,17138.161518096924,0.0,28.0,0.0,0.0,0.050000000000000044,1.2851952090859413,1.2774655502289534,0.025765534723177552,0.85
md_cbad_dqn,805,310,76.38686659932137,80.06733517087996,28.818418852984905,47.56844809651375,1.4900371572002769,16233.477973937988,0.0,22.0,0.0,1.0,0.050000000000000044,1.541687311604619,1.533646373078227,0.026803116779774427,0.85
md_cbad_dqn,805,311,75.39517666548491,79.66642411395908,29.422636561095715,45.972540044784544,1.4962733248248696,17025.292919158936,0.0,21.0,0.0,1.0,0.050000000000000044,1.8719433806836605,1.863363265991211,0.0286003997316584,0.85
md_cbad_dqn,805,312,97.86083318442107,80.01038614444435,31.38637714833021,66.47445633411408,1.5820316663011909,18159.019161224365,0.0,30.0,0.0,2.0,0.050000000000000044,1.4843563754111528,1.4757838435471058,0.028575114905834198,0.85
md_cbad_dqn,805,313,84.26731897294522,80.61321232929826,32.08633962273598,52.18097927570343,1.5514417691156268,18157.193119049072,0.0,24.0,0.0,1.0,0.050000000000000044,1.425654973834753,1.4179996214807034,0.02551785029936582,0.85
md_cbad_dqn,805,314,78.76444304436446,80.47610286466778,28.474689297378063,50.28975395560265,1.4782327944412827,16240.436241149902,0.0,24.0,0.0,4.0,0.050000000000000044,1.309767222031951,1.300871815532446,0.0296513712964952,0.85
md_cbad_dqn,805,315,66.54882100224495,79.51695429153742,26.88270142674446,39.66612020134926,1.4301031604409218,15445.432275772095,0.0,20.0,0.0,0.0,0.050000000000000044,1.6226358748972416,1.613142218440771,0.03164554969407618,0.85
md_cbad_dqn,805,316,83.41593084633351,79.45378292463721,28.61930802464485,54.79662232995033,1.5220877397805452,16566.04913711548,0.0,25.0,0.0,2.0,0.050000000000000044,1.352234112098813,1.3448760211467743,0.02452693076338619,0.85
md_cbad_dqn,805,317,86.71193251013756,80.17564727388323,29.341013230383396,57.37091946601868,1.523807207122445,16636.6695022583,0.0,26.0,0.0,0.0,0.050000000000000044,1.5233475547283888,1.514902539551258,0.028150059864856303,0.85
md_cbad_dqn,805,318,84.93311364203691,80.56532812468708,29.597399681806564,55.33571374416351,1.5411186069250107,17333.366355895996,0.0,27.0,0.0,1.0,0.050000000000000044,1.4952196516096592,1.4862213805317879,0.029994272743351758,0.85
md_cbad_dqn,805,319,67.57312320172787,79.73751898042858,27.08227799832821,40.490845158696175,1.4516815720126033,15700.493110656738,0.0,19.0,0.0,1.0,0.050000000000000044,1.4508350733667612,1.441034723073244,0.03266781661659479,0.85
md_cbad_dqn,805,320,89.24823591858149,80.0837985881418,32.05184656381607,57.19638913869858,1.5832709595561028,18395.382514953613,0.0,26.0,0.0,1.0,0.050000000000000044,1.5729022193700075,1.5637448895722628,0.03052443452179432,0.85
md_cbad_dqn,805,321,83.07052221298218,79.73680017977954,28.491396591067314,54.57912593483925,1.5330675272271037,16447.595611572266,0.0,26.0,0.0,4.0,0.050000000000000044,1.48470938205719,1.4756634160876274,0.030153171392157674,0.85
md_cbad_dqn,805,322,80.37944285571575,80.25454051993788,28.881632015109062,51.4978114515543,1.5190601823851466,16881.323833465576,0.0,23.0,0.0,2.0,0.050000000000000044,1.5068736597895622,1.4981191139668226,0.029181839665398,0.85
md_cbad_dqn,805,323,85.42832747101784,80.8590925396979,30.140843972563744,55.287483751773834,1.5477517172694206,17020.01272201538,0.0,25.0,0.0,0.0,0.050000000000000044,1.2868073303252459,1.2782268654555082,0.028601552941836417,0.85
md_cbad_dqn,805,324,88.1011906132102,81.0447992938012,28.024925157427788,60.07626567184925,1.463637919165194,15612.233505249023,0.0,26.0,0.0,1.0,0.050000000000000044,1.3905482180416584,1.3826399967074394,0.026360781397670507,0.85
md_cbad_dqn,805,325,72.01679223179818,81.3065930967778,28.671629294753075,43.3451630115509,1.4763858010992408,16026.418975830078,0.0,20.0,0.0,1.0,0.050000000000000044,1.341128809377551,1.331347245723009,0.032605190528556705,0.85
md_cbad_dqn,805,326,79.41301761567593,81.10421906605363,28.571411803364754,50.841605484485626,1.4786966228857636,16528.919841766357,0.0,23.0,0.0,0.0,0.050000000000000044,1.4778023231774569,1.4701032564043999,0.02566358365584165,0.85
md_cbad_dqn,805,327,83.98340284079313,81.97216936804355,28.488549523055553,55.49485330283642,1.4991990281268954,16852.007263183594,0.0,26.0,0.0,0.0,0.050000000000000044,1.357842467725277,1.3497019819915295,0.027134936535730958,0.85
md_cbad_dqn,805,328,86.8882372006774,82.13169639930129,31.810867346823215,55.07737025618553,1.5480059441179037,17766.302179336548,0.0,24.0,0.0,0.0,0.050000000000000044,2.2286172658205032,2.2197281066328287,0.02963056496810168,0.85
md_cbad_dqn,805,329,60.733468601107596,80.55600986152888,23.69033695012331,37.04313158392906,1.3594545107334852,13712.963195800781,0.0,18.0,0.0,1.0,0.050000000000000044,1.7097741086035967,1.7006964515894651,0.03025886241812259,0.85
md_cbad_dqn,805,330,82.30707012116909,80.85202003762126,27.68011248856783,54.626957818865776,1.4876985615119338,15700.155448913574,0.0,26.0,0.0,0.0,0.050000000000000044,1.2968678027391434,1.2883730195462704,0.02831596101168543,0.85
md_cbad_dqn,805,331,80.9833368062973,81.13142804466189,28.464124649763107,52.519212424755096,1.473338508978486,16047.0170211792,0.0,24.0,0.0,0.0,0.050000000000000044,1.6968409530818462,1.6888158284127712,0.02675039297901094,0.85
md_cbad_dqn,805,332,62.40599639713764,79.3586862052977,25.95209802687168,36.45389865338802,1.4286841489374638,15151.936992645264,0.0,20.0,0.0,1.0,0.050000000000000044,1.4955086708068848,1.4872909113764763,0.02739258366636932,0.85
md_cbad_dqn,805,333,79.50613038986921,79.12062677614391,28.591695606708527,50.91443479061127,1.4705696841701865,16096.707885742188,0.0,24.0,0.0,1.0,0.050000000000000044,1.5387018397450447,1.5303910933434963,0.027702500112354755,0.85
md_cbad_dqn,805,334,81.38998933434486,79.25190409064292,29.08685962110758,52.303129601478574,1.5100068673491478,17026.15517807007,0.0,25.0,0.0,2.0,0.050000000000000044,1.49862577393651,1.4902982376515865,0.027758426149375737,0.85
md_cbad_dqn,805,335,72.76135559529067,79.56253082029522,27.53730684518814,45.22404904067516,1.4880747245624661,15995.19017982483,0.0,22.0,0.0,2.0,0.050000000000000044,1.421034511178732,1.413226243108511,0.026027493993751705,0.85
md_cbad_dqn,805,336,76.03027407824993,79.19324798189103,26.638380348682404,49.39189323782921,1.4629106037318707,15434.948244094849,0.0,22.0,0.0,1.0,0.050000000000000044,1.4031530506908894,1.3951721154153347,0.02660308568738401,0.85
md_cbad_dqn,805,337,92.45787631124259,79.48054517194629,31.842589057981968,60.615286940336226,1.57124930806458,18029.578022003174,0.0,27.0,0.0,1.0,0.050000000000000044,1.363113870844245,1.3551427386701107,0.02657041442580521,0.85
md_cbad_dqn,805,338,73.24183806031942,78.89598139286042,26.659581512212753,46.582256972789764,1.4407672826200724,15365.92760848999,0.0,22.0,0.0,0.0,0.050000000000000044,1.366995856165886,1.3594121113419533,0.02527915092650801,0.85
md_cbad_dqn,805,339,99.48808620274067,80.49172954291106,32.608691573143005,66.87939477860928,1.5887319091707468,18110.46036529541,0.0,29.0,0.0,1.0,0.050000000000000044,1.399432746693492,1.3911807909607887,0.02750649012159556,0.85
md_cbad_dqn,805,340,69.51590690761805,79.5051130923629,28.20929678529501,41.3066099435091,1.4523051399737597,15655.544914245605,0.0,21.0,0.0,1.0,0.050000000000000044,1.611377127468586,1.603387476876378,0.026632188819348812,0.85
md_cbad_dqn,805,341,75.01888542622328,79.10253125302494,28.738695710897446,46.28018932044506,1.4911313513293862,16234.587032318115,0.0,22.0,0.0,1.0,0.050000000000000044,1.441978894174099,1.4328244421631098,0.030514870304614305,0.85
md_cbad_dqn,805,342,68.54015788137913,78.51056700430811,27.039065651595592,41.50109164118767,1.4283983251079917,15205.061378479004,0.0,19.0,0.0,3.0,0.050000000000000044,1.6240221057087183,1.6155455652624369,0.028255078475922346,0.85
md_cbad_dqn,805,343,88.8896186426282,78.68363156288862,30.429210178554058,58.460407972335815,1.5039063366129994,17308.08250427246,0.0,27.0,0.0,0.0,0.050000000000000044,1.3741419613361359,1.3658878952264786,0.02751352416817099,0.85
md_cbad_dqn,805,344,72.42489607036114,77.89981683574618,27.093432053923607,45.33146438896656,1.4768804414197803,16029.188053131104,0.0,22.0,0.0,1.0,0.050000000000000044,1.946206234395504,1.93829732760787,0.02636303659528494,0.85
md_cbad_dqn,805,345,80.62201435118914,78.33007794171573,28.66436156630516,51.95765283703804,1.4943637605756521,16439.74320602417,0.0,25.0,0.0,1.0,0.050000000000000044,1.6921201553195715,1.6832934897392988,0.02942222321871668,0.85
md_cbad_dqn,805,346,95.54083799719811,79.13646896079183,31.53741453588009,64.00342280566693,1.6047545364126563,18161.78804397583,0.0,29.0,0.0,1.0,0.050000000000000044,1.2777140736579895,1.2687113285064697,0.03000920359045267,0.85
md_cbad_dqn,805,347,83.55164636671543,79.11488113708795,30.12630593776703,53.42534023523331,1.5166106643155217,16885.615753173828,0.0,24.0,0.0,1.0,0.050000000000000044,1.553159849718213,1.5460047759115696,0.023850217461586,0.85
md_cbad_dqn,805,348,86.03474431037903,79.07220649257303,28.42007866501808,57.614665913581845,1.4987263409420848,16466.16543197632,0.0,26.0,0.0,2.0,0.050000000000000044,1.5451636500656605,1.537206169217825,0.026524912216700613,0.85
md_cbad_dqn,805,349,69.85320769399405,79.52819344721735,26.898543410003185,42.95466368794441,1.4453588593751192,15454.899238586426,0.0,21.0,0.0,2.0,0.050000000000000044,1.6210948787629604,1.612546805292368,0.02849356282968074,0.85
md_cbad_dqn,805,350,85.73467633873224,79.69957375809551,29.1697980388999,56.56487914919853,1.5293988529592752,16942.275287628174,0.0,26.0,0.0,1.0,0.050000000000000044,1.7007074393332005,1.6908508501946926,0.03285524051170796,0.85
md_cbad_dqn,805,351,82.79301304370165,79.79005756996573,30.72157295793295,52.071439668536186,1.5212214961647987,17506.82080078125,0.0,25.0,0.0,1.0,0.050000000000000044,1.9090358652174473,1.9001708198338747,0.02955017366912216,0.85
md_cbad_dqn,805,352,91.22133682668209,81.23082459144294,32.77389803528786,58.44743910431862,1.5709793362766504,18155.932258605957,0.0,26.0,0.0,1.0,0.050000000000000044,1.6272347029298544,1.6179647259414196,0.030899954843334854,0.85
md_cbad_dqn,805,353,83.76653684228658,81.44384491406382,29.26962921023369,54.496908250451085,1.516430675983429,16844.452018737793,0.0,25.0,0.0,3.0,0.050000000000000044,1.419897310435772,1.4113716334104538,0.02841893641743809,0.85
md_cbad_dqn,805,354,66.95170003175735,80.72193044893444,26.566412702202797,40.385287284851074,1.434723449870944,15143.353523254395,0.0,20.0,0.0,0.0,0.050000000000000044,1.8076018150895834,1.7988330200314522,0.02922924910672009,0.85
md_cbad_dqn,805,355,100.81362210214138,82.12454377427697,32.533394038677216,68.280228510499,1.5911824889481068,18401.083641052246,0.0,31.0,0.0,0.0,0.050000000000000044,1.317499654367566,1.3090378306806087,0.028206065762788057,0.85
md_cbad_dqn,805,356,78.3691022619605,82.2414851834625,28.346253536641598,50.02284888923168,1.4896646067500114,16248.901268005371,0.0,24.0,0.0,0.0,0.050000000000000044,1.2387044597417116,1.2296026051044464,0.030339490622282028,0.85
md_cbad_dqn,805,357,86.80022218823433,81.9586024773121,29.538431704044342,57.26179091632366,1.5070835724473,16812.915885925293,0.0,25.0,0.0,1.0,0.050000000000000044,1.6620736327022314,1.651880955323577,0.03397554997354746,0.85
md_cbad_dqn,805,358,77.87990282475948,82.1905057155341,27.679860167205334,50.20004244148731,1.4633335284888744,16003.82260131836,0.0,23.0,0.0,0.0,0.050000000000000044,1.8921674061566591,1.8832361958920956,0.029770733788609505,0.85
md_cbad_dqn,805,359,58.67977071553469,80.15008994117379,23.87550626695156,34.804264694452286,1.3827379569411278,13849.349039077759,0.0,18.0,0.0,0.0,0.050000000000000044,1.6057276669889688,1.5971173234283924,0.028701156028546393,0.85
md_cbad_dqn,805,360,80.54356747865677,80.70147296972573,28.160493418574333,52.38307359814644,1.483204879797995,15994.889072418213,0.0,25.0,0.0,1.0,0.050000000000000044,1.5229291636496782,1.5146549250930548,0.027580848312936723,0.85
md_cbad_dqn,805,361,70.85932156443596,80.49349477663637,25.84502784907818,45.014293789863586,1.4331682538613677,15117.18522644043,0.0,21.0,0.0,1.0,0.050000000000000044,1.4261250663548708,1.41818056255579,0.0264816265553236,0.85
md_cbad_dqn,805,362,79.86841751784087,81.05990775845946,31.437062084674835,48.43135572373867,1.5274927094578743,17739.470417022705,0.0,24.0,0.0,2.0,0.050000000000000044,1.1724727805703878,1.1641779132187366,0.02764958917396143,0.85
md_cbad_dqn,805,363,85.8243232831359,80.90664299048485,28.48889349400997,57.335429990291594,1.508406462147832,16400.823932647705,0.0,26.0,0.0,1.0,0.050000000000000044,1.7561921682208776,1.7478813901543617,0.02770262537524104,0.85
md_cbad_dqn,805,364,94.47487781345845,82.00914207763972,32.81844797730446,61.65642943382263,1.578392094001174,18822.29955291748,0.0,27.0,0.0,1.0,0.050000000000000044,1.3351792562752962,1.327365756034851,0.026044995174743235,0.85
md_cbad_dqn,805,365,88.50396595299244,82.40323965772988,31.739443600177765,56.76452205479145,1.5823299149051309,18096.37742614746,0.0,27.0,0.0,1.0,0.050000000000000044,1.4428352303802967,1.4353184252977371,0.025056023034267128,0.85
md_cbad_dqn,805,366,80.00915295034648,81.62665540538731,28.075467258691788,51.9336856469512,1.496611931361258,16249.390323638916,0.0,23.0,0.0,2.0,0.050000000000000044,1.5453846268355846,1.53707979246974,0.02768277481663972,0.85
md_cbad_dqn,805,367,80.88227283358574,81.49318672873082,27.590935803949833,53.29133661985397,1.4886999195441604,16079.022441864014,0.0,26.0,0.0,1.0,0.050000000000000044,1.8081603106111288,1.8006213176995516,0.02512988937087357,0.85
md_cbad_dqn,805,368,88.21753262281418,81.60232614435257,28.826155945658684,59.391377198696134,1.4792150193825364,16321.858604431152,0.0,28.0,0.0,2.0,0.050000000000000044,1.1423680130392313,1.1353886183351278,0.023264657706022263,0.85
md_cbad_dqn,805,369,89.19559699594974,82.56944560945036,30.52605263888836,58.66954428255558,1.5406974665820599,17173.641185760498,0.0,27.0,0.0,2.0,0.050000000000000044,1.64525855332613,1.638126164674759,0.023774583358317614,0.85
md_cbad_dqn,805,370,96.90927175581456,83.12817538030447,31.65410267561674,65.25517019033433,1.5731185860931873,18067.110019683838,0.0,29.0,0.0,1.0,0.050000000000000044,1.2647006455808878,1.2564027179032564,0.02765975263901055,0.85
md_cbad_dqn,805,371,75.86975188702345,82.78201232247055,27.039914794266224,48.82983713746071,1.468267248943448,15581.566543579102,0.0,22.0,0.0,2.0,0.050000000000000044,1.5893590562045574,1.5818513482809067,0.025025664712302387,0.85
md_cbad_dqn,805,372,78.12885327786208,82.12738814502956,27.15143444389105,50.97741901278496,1.4562970204278827,15419.863079071045,0.0,24.0,0.0,1.0,0.050000000000000044,1.5587141290307045,1.549990389496088,0.02907915459945798,0.85
md_cbad_dqn,805,373,93.97784972190857,82.63795378901065,32.2520726621151,61.725777581334114,1.610116126947105,18644.335441589355,0.0,27.0,0.0,0.0,0.050000000000000044,1.2781663723289967,1.2703310269862413,0.02611778595019132,0.85
md_cbad_dqn,805,374,92.15048795938492,83.89789318539204,31.336530908942223,60.813956558704376,1.5795885091647506,18214.884315490723,0.0,28.0,0.0,0.0,0.050000000000000044,1.570314111188054,1.5622852705419064,0.026762873283587396,0.85
md_cbad_dqn,805,375,66.6771439269185,82.19106927663088,25.607119783759117,41.07002434432506,1.415633655153215,14736.390319824219,0.0,22.0,0.0,2.0,0.050000000000000044,1.8581852465867996,1.8500123620033264,0.027242958080023527,0.85
md_cbad_dqn,805,376,75.38652770519256,82.04194054879248,26.942156970500946,48.44437073469162,1.44813715480268,15283.632402420044,0.0,23.0,0.0,3.0,0.050000000000000044,1.4960720781236887,1.4873050563037395,0.02922340319491923,0.85
md_cbad_dqn,805,377,80.12170857191086,81.70801486797632,28.65470866113901,51.466999769210815,1.4825921319425106,16528.593170166016,0.0,25.0,0.0,0.0,0.050000000000000044,1.850589519366622,1.841642888262868,0.02982215874362737,0.85
md_cbad_dqn,805,378,79.46173173487186,81.78710631348193,28.883255906403065,50.57847570180893,1.4905797615647316,16545.593593597412,0.0,23.0,0.0,3.0,0.050000000000000044,1.7327642776072025,1.7246373482048512,0.02708979172166437,0.85
md_cbad_dqn,805,379,77.07500346004963,82.70686795070768,27.239516481757164,49.835486732423306,1.4681738028302789,15717.034271240234,0.0,24.0,0.0,1.0,0.050000000000000044,1.9127871189266443,1.9045078251510859,0.027597601292654872,0.85
md_cbad_dqn,805,380,78.61009153127671,82.61019415333867,28.475945457816124,50.13414631187916,1.491042205132544,16174.48157119751,0.0,24.0,0.0,1.0,0.050000000000000044,2.0968547500669956,2.0892449729144573,0.02536598825827241,0.85
md_cbad_dqn,805,381,68.76959069818258,82.50570761002601,25.78796472400427,42.98162584006786,1.4158462835475802,14636.634286880493,0.0,22.0,0.0,0.0,0.050000000000000044,1.3438144195824862,1.3360251132398844,0.02596434752922505,0.85
md_cbad_dqn,805,382,79.26177306473255,82.47537538737059,29.732906073331833,49.528866693377495,1.5544129516929388,17082.08615875244,0.0,23.0,0.0,0.0,0.050000000000000044,1.627230741083622,1.6189673375338316,0.027544652810320258,0.85
md_cbad_dqn,805,383,85.95425585955381,82.48187201619149,29.155720360577106,56.798535245656964,1.4855918576940894,15998.070125579834,0.0,25.0,0.0,3.0,0.050000000000000044,1.7031486481428146,1.6943380050361156,0.029368873219937086,0.85
md_cbad_dqn,805,384,84.29640595018864,81.97294842302799,31.21212463825941,53.08428128957748,1.5531846936792135,17728.028312683105,0.0,26.0,0.0,1.0,0.050000000000000044,1.543054286390543,1.5347032397985458,0.027836824650876224,0.85
md_cbad_dqn,805,385,92.47307268679143,82.17140375971795,32.18142278492451,60.29164979755878,1.5908035393804312,18494.52732849121,0.0,27.0,0.0,1.0,0.050000000000000044,1.6773406155407429,1.6684392672032118,0.02967108553275466,0.85
md_cbad_dqn,805,386,87.31779886186123,82.53683605529369,30.149056419730186,57.16874227821827,1.5484273191541433,17123.32567214966,0.0,27.0,0.0,2.0,0.050000000000000044,1.2043743580579758,1.1965091042220592,0.0262175026582554,0.85
md_cbad_dqn,805,387,68.27699882090091,81.90657235465946,28.402380369603634,39.87461822032928,1.460876651108265,15984.958135604858,0.0,20.0,0.0,3.0,0.050000000000000044,1.5329546332359314,1.5256814360618591,0.024243996827863157,0.85
md_cbad_dqn,805,388,79.79594279825687,81.48549286343157,28.9230944365263,50.87284825742245,1.4932670695707202,16326.934066772461,0.0,23.0,0.0,0.0,0.050000000000000044,1.7288926858454943,1.7213470116257668,0.02515219443012029,0.85
md_cbad_dqn,805,389,85.35819989591837,81.29362300843002,29.40483721345663,55.95336321890354,1.5126743679866195,16541.241067886353,0.0,25.0,0.0,1.0,0.050000000000000044,1.6045063883066177,1.5966498479247093,0.02618844516109675,0.85
md_cbad_dqn,805,390,75.524478726089,80.22438335694372,27.77451930195093,47.7499593347311,1.4541881876066327,15687.227285385132,0.0,24.0,0.0,1.0,0.050000000000000044,1.4682941883802414,1.459655037149787,0.028797199483960867,0.85
md_cbad_dqn,805,391,83.40537243485451,80.60116438433529,30.63561651855707,52.76975565552711,1.5100561482831836,17203.369522094727,0.0,23.0,0.0,1.0,0.050000000000000044,1.8424661681056023,1.834908314049244,0.025192842702381313,0.85
md_cbad_dqn,805,392,87.8606775045395,81.08775559566917,29.308705240488052,58.551972129940985,1.516944546252489,16516.599281311035,0.0,28.0,0.0,1.0,0.050000000000000044,1.8511858619749546,1.843701422214508,0.024948126985691488,0.85
md_cbad_dqn,805,393,61.120932668447495,79.4449097429961,25.94955876469612,35.171373933553696,1.4008974907919765,14587.893840789795,0.0,18.0,0.0,1.0,0.050000000000000044,1.6837440356612206,1.6760222166776657,0.025739397620782256,0.85
md_cbad_dqn,805,394,73.87653387486935,78.53121203877033,27.97848281264305,45.8980506747961,1.4854940557852387,16208.529766082764,0.0,22.0,0.0,4.0,0.050000000000000044,1.589004771783948,1.581157611683011,0.02615718776360154,0.85
md_cbad_dqn,805,395,76.12616261243821,79.00366297304632,28.560108214616776,47.56605466604233,1.4992166683077812,16295.675518035889,0.0,24.0,0.0,2.0,0.050000000000000044,1.408430201932788,1.401165708899498,0.02421497507020831,0.85
md_cbad_dqn,805,396,70.92508482187986,78.78059082888068,25.01945297420025,45.90563125908375,1.4184586415067315,14886.08996963501,0.0,21.0,0.0,0.0,0.050000000000000044,1.9112341701984406,1.9037658516317606,0.024894424015656114,0.85
md_cbad_dqn,805,397,72.01518501490355,78.37526465103032,26.964415326714516,45.05076968073845,1.45322285592556,15297.2180519104,0.0,22.0,0.0,3.0,0.050000000000000044,1.4182528480887413,1.4103144649416208,0.026461254223249853,0.85
md_cbad_dqn,805,398,77.32068342864514,78.26821223571899,28.874372601509094,48.44631106555462,1.531098522245884,17027.67240524292,0.0,23.0,0.0,1.0,0.050000000000000044,1.6280110590159893,1.620050624012947,0.026534766075201333,0.85
md_cbad_dqn,805,399,84.29187606424094,78.62905586592855,30.127672091126442,54.16420395821333,1.5242590755224228,17488.33656311035,0.0,26.0,0.0,2.0,0.050000000000000044,1.7170099634677172,1.7092784103006124,0.02577194117475301,0.85
md_cbad_dqn,805,400,90.52503143250942,79.2248028609902,29.91487741470337,60.61015431582928,1.5534233152866364,17207.92819595337,0.0,28.0,0.0,0.0,0.050000000000000044,1.6251481026411057,1.6175411380827427,0.02535655244719237,0.85
md_cbad_dqn,805,401,65.07394631505012,79.04002064183355,24.66508563607931,40.40886032879352,1.4053740287199616,14488.692543029785,0.0,22.0,0.0,2.0,0.050000000000000044,1.8744515366852283,1.8668030053377151,0.02549505594652146,0.85
md_cbad_dqn,805,402,79.94947533607483,79.07440575540066,29.262184008955956,50.68729180395603,1.5208348529413342,16932.896202087402,0.0,24.0,0.0,4.0,0.050000000000000044,1.4763834923505783,1.4684175457805395,0.026553183561190963,0.85
md_cbad_dqn,805,403,79.01667114645242,78.72752651974558,27.234374567866325,51.78229647427797,1.4566895067691803,15350.053073883057,0.0,24.0,0.0,3.0,0.050000000000000044,1.8494861405342817,1.8415116090327501,0.026581752230413258,0.85
md_cbad_dqn,805,404,91.99925194680691,79.1126688195765,31.958837419748306,60.04041427373886,1.5728948572650552,18360.60353088379,0.0,27.0,0.0,1.0,0.050000000000000044,1.4705307502299547,1.4628401212394238,0.025635386700741947,0.85
md_cbad_dqn,805,405,85.55860956013203,78.76694566324353,30.42267370223999,55.135935574769974,1.5363033777102828,17401.30793762207,0.0,25.0,0.0,0.0,0.050000000000000044,1.5146262291818857,1.5060900561511517,0.028453877894207835,0.85
md_cbad_dqn,805,406,82.88809962570667,78.54546070143581,28.852361261844635,54.03573840856552,1.5070788487792015,16392.381256103516,0.0,24.0,0.0,1.0,0.050000000000000044,1.7127685733139515,1.7039355840533972,0.029443343402817845,0.85
md_cbad_dqn,805,407,87.15899808704853,79.48956066474318,30.49239481985569,56.66660302877426,1.5466739181429148,17519.403869628906,0.0,26.0,0.0,2.0,0.050000000000000044,1.6611222438514233,1.6537769809365273,0.02448417863342911,0.85
md_cbad_dqn,805,408,71.1956204995513,79.05954454980791,28.126388244330883,43.06923235952854,1.4765778267756104,16117.25757598877,0.0,21.0,0.0,0.0,0.050000000000000044,2.0781850442290306,2.0702602677047253,0.026415933156386018,0.85
md_cbad_dqn,805,409,94.26094199866057,79.50468165494502,30.112171046435833,64.14877139925957,1.5497486060485244,17465.554203033447,0.0,29.0,0.0,1.0,0.050000000000000044,1.7270460054278374,1.7193147093057632,0.025771064800210297,0.85
md_cbad_dqn,805,410,77.19585149139166,79.58825029321017,27.271162658929825,49.92468833327293,1.4701589941978455,15661.370082855225,0.0,24.0,0.0,2.0,0.050000000000000044,1.492097133770585,1.4839247222989798,0.027241375646553934,0.85
md_cbad_dqn,805,411,86.00684362053872,79.71832385249436,28.669678896665573,57.33716461956501,1.5086860554292798,16218.147155761719,0.0,25.0,0.0,4.0,0.050000000000000044,1.9725628104060888,1.9657056909054518,0.02285700640641153,0.85
md_cbad_dqn,805,412,74.39245081841946,79.04491251818838,27.99524560570717,46.39720478057861,1.490889247506857,16080.560005187988,0.0,22.0,0.0,4.0,0.050000000000000044,1.50073497928679,1.4932558219879866,0.024930526386015117,0.85
md_cbad_dqn,805,413,97.26778502166272,80.85225513584913,30.8381330370903,66.4296518355608,1.546116253361106,17407.152404785156,0.0,30.0,0.0,1.0,0.050000000000000044,1.7111512068659067,1.703110734000802,0.02680150291416794,0.85
md_cbad_dqn,805,414,76.63842663913965,80.99034977406265,27.788070678710938,48.85035562515259,1.4507505502551794,15519.151615142822,0.0,24.0,0.0,1.0,0.050000000000000044,1.8105055298656225,1.8025900181382895,0.026385071454569697,0.85
md_cbad_dqn,805,415,69.66323117911816,80.66720320239664,25.919139303267002,43.744092017412186,1.4269434148445725,14998.72197341919,0.0,23.0,0.0,2.0,0.050000000000000044,1.694420076906681,1.6861242651939392,0.027652777498587966,0.85
md_cbad_dqn,805,416,73.6584147438407,80.80386969849468,28.922259457409382,44.73615509271622,1.5064429249614477,16680.573314666748,0.0,20.0,0.0,0.0,0.050000000000000044,1.3055215310305357,1.2970559429377317,0.02821857773233205,0.85
md_cbad_dqn,805,417,88.46304214298725,81.62626255489886,30.0549875497818,58.40805447399616,1.5678797336295247,17552.864963531494,0.0,26.0,0.0,2.0,0.050000000000000044,1.6398493573069572,1.6325687877833843,0.024268551729619503,0.85
md_cbad_dqn,805,418,69.49669460952282,81.23506311394274,25.55023480951786,43.94645994901657,1.4152319664135575,14447.195350646973,0.0,23.0,0.0,1.0,0.050000000000000044,1.856726760044694,1.8487094286829233,0.026724454015493393,0.85
md_cbad_dqn,805,419,84.93330516815186,81.26713456913828,28.766140446066856,56.16716464757919,1.481965834274888,16504.85227203369,0.0,25.0,0.0,1.0,0.050000000000000044,1.5984658766537905,1.5900608208030462,0.028016857686452568,0.85
md_cbad_dqn,805,420,90.52259087711573,81.26701254136862,31.100629590451717,59.42196034789085,1.5834470689296722,18439.128330230713,0.0,26.0,0.0,1.0,0.050000000000000044,1.4412103220820427,1.433637548238039,0.025242519797757268,0.85
md_cbad_dqn,805,421,83.88907994627952,82.20776922293008,28.688107326626778,55.200972723960874,1.513631514273584,16614.31829071045,0.0,25.0,0.0,4.0,0.050000000000000044,1.6400089748203754,1.6329168863594532,0.023640283150598407,0.85
md_cbad_dqn,805,422,99.44873379170895,83.18273214571178,35.151234567165375,64.2974991351366,1.6729196505621076,20042.2677154541,0.0,28.0,0.0,0.0,0.050000000000000044,1.7093370892107487,1.7013522200286388,0.026616261922754347,0.85
md_cbad_dqn,805,423,76.45847450196743,83.05482231348753,28.52161554247141,47.93685904145241,1.4806798389181495,16298.549098968506,0.0,23.0,0.0,3.0,0.050000000000000044,1.5936311427503824,1.585661843419075,0.026564238592982292,0.85
md_cbad_dqn,805,424,66.81229917705059,81.79547467499971,25.419761836528778,41.39253771305084,1.3862195992842317,14454.486549377441,0.0,21.0,0.0,1.0,0.050000000000000044,1.253675740212202,1.2453313879668713,0.027814476750791073,0.85
md_cbad_dqn,805,425,69.20645506829024,80.97786695040763,26.370586030185223,42.83586900830269,1.4239339968189597,14885.001922607422,0.0,21.0,0.0,3.0,0.050000000000000044,1.656816229224205,1.6499162390828133,0.022999954759143293,0.85
md_cbad_dqn,805,426,75.03778754919767,80.58535134658219,28.17207618802786,46.86571069061756,1.4875515010207891,16077.703517913818,0.0,22.0,0.0,0.0,0.050000000000000044,1.6365784872323275,1.6289691142737865,0.025364534929394722,0.85
md_cbad_dqn,805,427,87.14793758392334,80.58479832142592,31.709802359342575,55.43813434541225,1.5565664088353515,17761.03634262085,0.0,26.0,0.0,2.0,0.050000000000000044,1.8816653732210398,1.8737525641918182,0.026376074296422303,0.85
md_cbad_dqn,805,428,93.38276082277298,81.694155337587,30.443740963935852,62.93902003765106,1.5895378282293677,18082.89016532898,0.0,28.0,0.0,0.0,0.050000000000000044,1.2818084340542555,1.2741701323539019,0.025461062148679048,0.85
md_cbad_dqn,805,429,67.68635906428099,80.36542619086802,27.412010312080383,40.27434859573841,1.4452598197385669,15086.03145980835,0.0,20.0,0.0,1.0,0.050000000000000044,1.6509193293750286,1.6435230746865273,0.024654257926158607,0.85
md_cbad_dqn,805,430,83.32061004638672,80.67166411861777,29.854031279683113,53.4665786921978,1.5318480236455798,17178.02820968628,0.0,26.0,0.0,0.0,0.050000000000000044,1.706356130540371,1.6989265382289886,0.024765313719399273,0.85
md_cbad_dqn,805,431,85.94311435520649,80.66847765535117,29.588667571544647,56.35444775223732,1.5126035222783685,16905.997734069824,0.0,25.0,0.0,0.0,0.050000000000000044,2.248880013823509,2.2408186439424753,0.026871265494264662,0.85
md_cbad_dqn,805,432,87.22491775155068,81.31010100200773,29.206857107579708,58.01806029379368,1.5071157244965434,16830.158882141113,0.0,26.0,0.0,4.0,0.050000000000000044,1.95241117477417,1.9442532658576965,0.027193006593734026,0.85
md_cbad_dqn,805,433,91.13939943313599,81.00368172258139,30.25671724230051,60.88268224298954,1.523714268580079,17025.710052490234,0.0,28.0,0.0,2.0,0.050000000000000044,1.848770372569561,1.841642390936613,0.023759946576319635,0.85
md_cbad_dqn,805,434,62.84427356123924,80.31397406868638,25.51833712309599,37.32593665421009,1.4103324450552464,14674.617370605469,0.0,20.0,0.0,2.0,0.050000000000000044,2.174825541675091,2.166216120123863,0.02869811689015478,0.85
md_cbad_dqn,805,435,84.2017611861229,81.04090056903661,28.773832499980927,55.427929043769836,1.4769159564748406,16539.773712158203,0.0,26.0,0.0,2.0,0.050000000000000044,1.7928722500801086,1.7850771211087704,0.025983795523643494,0.85
md_cbad_dqn,805,436,80.21407949179411,81.36868380643428,28.916768439114094,51.29731057584286,1.498322798870504,16607.0357131958,0.0,25.0,0.0,0.0,0.050000000000000044,1.7857476212084293,1.7763188630342484,0.03142928529996425,0.85
md_cbad_dqn,805,437,82.37575444877147,81.06431942172348,29.371608428657055,53.00414607226848,1.5009758276864886,16617.52519607544,0.0,24.0,0.0,2.0,0.050000000000000044,1.4132448732852936,1.403830362483859,0.03138170682359487,0.85
md_cbad_dqn,805,438,65.57598110288382,80.86828374639154,26.943852193653584,38.632128953933716,1.4131126441061497,15254.437675476074,0.0,21.0,0.0,0.0,0.050000000000000044,1.5190356075763702,1.5109821390360594,0.026844941079616547,0.85
md_cbad_dqn,805,439,71.860166528821,80.214626814425,25.584658548235893,46.275507846474646,1.422759547829628,14603.349060058594,0.0,22.0,0.0,2.0,0.050000000000000044,1.9912911262363195,1.9831015020608902,0.02729872881900519,0.85
md_cbad_dqn,805,440,78.03023698925972,79.59000912003219,27.61667025089264,50.41356685757637,1.536247679963708,16864.808837890625,0.0,25.0,0.0,1.0,0.050000000000000044,1.52424250356853,1.5170625075697899,0.023933360585942864,0.85
md_cbad_dqn,805,441,72.58857611566782,79.02498392850161,27.45487918704748,45.13369682431221,1.48327193595469,16114.083862304688,0.0,20.0,0.0,0.0,0.050000000000000044,1.8286223988980055,1.8210070189088583,0.025384533335454762,0.85
md_cbad_dqn,805,442,76.2678352072835,77.86593899928035,26.623205222189426,49.644630149006844,1.4467208655551076,15221.575508117676,0.0,24.0,0.0,0.0,0.050000000000000044,1.7161457426846027,1.7079513780772686,0.02731448062695563,0.85
md_cbad_dqn,805,443,88.23576470464468,78.45480350941419,31.58551799505949,56.65024667978287,1.5831349873915315,18147.339530944824,0.0,26.0,0.0,0.0,0.050000000000000044,1.8000677432864904,1.7920189294964075,0.026829385082237422,0.85
md_cbad_dqn,805,444,73.84679497927428,78.80652829952538,26.732805840671062,47.1139890640974,1.4517845902591944,15126.990949630737,0.0,23.0,0.0,1.0,0.050000000000000044,1.5095641613006592,1.5016383230686188,0.026419444242492318,0.85
md_cbad_dqn,805,445,79.30182876586915,79.31129698440434,28.061138406395912,51.24069061279297,1.4664752269163728,16076.158634185791,0.0,23.0,0.0,1.0,0.050000000000000044,1.886914562433958,1.878704845905304,0.027365714078769088,0.85
md_cbad_dqn,805,446,90.55266978740693,80.0870410963148,30.881187438964844,59.671482199430464,1.570576815865934,17621.089839935303,0.0,27.0,0.0,1.0,0.050000000000000044,1.7490542326122522,1.7408012002706528,0.027510086307302117,0.85
md_cbad_dqn,805,447,76.6477839499712,79.56203341461719,27.652139872312546,48.99564416706562,1.4886067910119891,15928.673553466797,0.0,24.0,0.0,1.0,0.050000000000000044,1.9044809360057116,1.8966921996325254,0.02596244669985026,0.85
md_cbad_dqn,805,448,81.56478920578957,78.97113483376802,29.321372270584106,52.243416875600815,1.5117497369647026,16827.919242858887,0.0,24.0,0.0,1.0,0.050000000000000044,1.77084481716156,1.7621927708387375,0.028840162442065775,0.85
md_cbad_dqn,805,449,68.23234761059284,78.9984342610836,25.516979172825813,42.71536837816238,1.4049712689593434,14265.663818359375,0.0,20.0,0.0,2.0,0.050000000000000044,1.5393198523670435,1.532244784757495,0.02358353277668357,0.85
md_cbad_dqn,805,450,77.7504139393568,78.71992445573211,27.8851036131382,49.865310072898865,1.4553924659267068,15775.846008300781,0.0,24.0,0.0,0.0,0.050000000000000044,1.9422353580594063,1.9348566979169846,0.024595571914687753,0.85
md_cbad_dqn,805,451,86.65297391414643,78.75541743367911,30.601862892508507,56.051111036539076,1.5237653255462646,17579.615425109863,0.0,24.0,0.0,2.0,0.050000000000000044,2.130421344190836,2.1234873849898577,0.023113119415938854,0.85
md_cbad_dqn,805,452,64.4348925203085,77.615916172117,26.84178602695465,37.593106627464294,1.4378710575401783,15346.796268463135,0.0,19.0,0.0,1.0,0.050000000000000044,1.432605279609561,1.425055656582117,0.025165417231619358,0.85
md_cbad_dqn,805,453,83.94025731086731,77.25595906600356,28.91934582591057,55.020912021398544,1.561734864488244,17279.648567199707,0.0,27.0,0.0,0.0,0.050000000000000044,1.6606349498033524,1.6521728932857513,0.028206859482452273,0.85
md_cbad_dqn,805,454,76.04009499400854,77.91575013764204,26.21113044768572,49.82896466553211,1.460266264155507,15531.904956817627,0.0,25.0,0.0,0.0,0.050000000000000044,1.9859835915267467,1.9785099178552628,0.024912317981943488,0.85
md_cbad_dqn,805,455,74.97059508413076,77.45419183254242,26.98460354655981,47.9859915971756,1.487137921154499,15874.326969146729,0.0,21.0,0.0,0.0,0.050000000000000044,1.6769578158855438,1.6694317553192377,0.025086860172450542,0.85
md_cbad_dqn,805,456,70.05653472393752,76.94631459414958,25.743478015065193,44.31305665671825,1.419406465254724,14743.130325317383,0.0,22.0,0.0,1.0,0.050000000000000044,2.013822754845023,2.0058531276881695,0.02656546945217997,0.85
md_cbad_dqn,805,457,78.3748293146491,76.74626833744348,29.498416624963284,48.87641276419163,1.5368433697149158,17216.46467590332,0.0,22.0,0.0,0.0,0.050000000000000044,1.7357239797711372,1.7285867407917976,0.023790794773958623,0.85
md_cbad_dqn,805,458,55.419708766043186,76.23845472060145,24.11422874778509,31.305479884147644,1.3677846370264888,13895.214195251465,0.0,15.0,0.0,0.0,0.050000000000000044,2.3140692859888077,2.305669881403446,0.027998037519864738,0.85
md_cbad_dqn,805,459,69.31779745221138,76.11133626677096,24.723599664866924,44.59419758617878,1.4294426506385207,14542.720321655273,0.0,22.0,0.0,1.0,0.050000000000000044,2.156609058380127,2.148427601903677,0.027271576575003564,0.85
md_cbad_dqn,805,460,86.36792323291301,76.52822057895364,28.945007920265198,57.422915416955945,1.5201499043032527,16773.682411193848,0.0,25.0,0.0,2.0,0.050000000000000044,1.4090511929243803,1.4018939398229122,0.02385751740075648,0.85
md_cbad_dqn,805,461,62.239849999547005,76.01078427314759,24.187132641673088,38.05271692574024,1.3817383525893092,13941.493877410889,0.0,20.0,0.0,2.0,0.050000000000000044,1.5461791530251503,1.5360296070575714,0.03383183549158275,0.85
md_cbad_dqn,805,462,87.6331099793315,76.57904801174999,32.08163418620825,55.55147582292557,1.6041376441717148,18519.47004699707,0.0,24.0,0.0,0.0,0.050000000000000044,1.5631692707538605,1.5554560720920563,0.02571068878751248,0.85
md_cbad_dqn,805,463,88.18321874141694,76.5764207135886,30.904881976544857,57.27833724915981,1.5574514530599117,17611.817617416382,0.0,26.0,0.0,1.0,0.050000000000000044,1.4205148294568062,1.4126525223255157,0.026207724818959832,0.85
md_cbad_dqn,805,464,75.25228040963411,76.64669498510659,30.552456356585026,44.699824187159535,1.52719749789685,17547.72275543213,0.0,22.0,0.0,2.0,0.050000000000000044,1.7089355941861868,1.7004035282880068,0.028440271271392703,0.85
md_cbad_dqn,805,465,89.85768969357014,77.17448803149165,29.174333661794662,60.68335607647896,1.5242825290188193,16739.253707885742,0.0,28.0,0.0,0.0,0.050000000000000044,1.842570846900344,1.8337531872093678,0.029392203665338457,0.85
md_cbad_dqn,805,466,86.17394335716963,76.95555170997979,31.042111732065678,55.13183172941208,1.5428469125181437,17857.34381866455,0.0,26.0,0.0,1.0,0.050000000000000044,1.6256025917828083,1.617830578237772,0.025906727998517454,0.85
md_cbad_dqn,805,467,91.80043348670006,77.71318418681622,30.274330288171768,61.52610318362713,1.5360728558152914,17219.661937713623,0.0,28.0,0.0,0.0,0.050000000000000044,2.0239212084561586,2.0171172320842743,0.022680009831674397,0.85
md_cbad_dqn,805,468,90.26777025461197,78.14833323925734,31.244590036571026,59.02318053841591,1.5715167485177517,17933.868183135986,0.0,28.0,0.0,1.0,0.050000000000000044,2.1550928317010403,2.147609081119299,0.024945750017650425,0.85
md_cbad_dqn,805,469,75.76566869914532,78.52499929368497,27.18714129924774,48.57852771282196,1.4602397568523884,15652.253555297852,0.0,23.0,0.0,1.0,0.050000000000000044,1.5991826765239239,1.5919122211635113,0.024234859040006995,0.85
md_cbad_dqn,805,470,76.56624323427677,78.46579075843097,27.65332429111004,48.91291880905628,1.4941657707095146,16107.455268859863,0.0,23.0,0.0,2.0,0.050000000000000044,1.7063480000942945,1.699056264013052,0.02430580696091056,0.85
md_cbad_dqn,805,471,87.61219669282437,78.51375189736487,26.5508886128664,61.06130799055099,1.4793110182508826,15396.502632141113,0.0,29.0,0.0,3.0,0.050000000000000044,1.537036620080471,1.5290936902165413,0.026476465980522335,0.85
md_cbad_dqn,805,472,88.03261730074883,79.69363813638687,30.58187408745289,57.450743064284325,1.5714476024731994,17897.410264968872,0.0,25.0,0.0,1.0,0.050000000000000044,1.6762646362185478,1.668601481243968,0.025543841067701578,0.85
md_cbad_dqn,805,473,75.729478302598,79.2830991859734,27.84394321590662,47.88553525805473,1.4618309894576669,15841.206678390503,0.0,23.0,0.0,4.0,0.050000000000000044,1.533134849742055,1.5256523247808218,0.024941706098616123,0.85
md_cbad_dqn,805,474,92.96302018463612,80.1292454455048,29.809994287788868,63.15302559137344,1.5499531095847487,17641.099765777588,0.0,28.0,0.0,1.0,0.050000000000000044,1.7568122334778309,1.7485944330692291,0.027392670628614724,0.85
md_cbad_dqn,805,475,77.65950942188502,80.2636911623925,26.665327198803425,50.99418247640133,1.4537099273875356,15419.186019897461,0.0,24.0,0.0,1.0,0.050000000000000044,1.874728836119175,1.8663386963307858,0.027967217727564275,0.85
md_cbad_dqn,805,476,69.59435673356056,80.24058226287366,28.156233064830303,41.438123169541356,1.4862509369850159,15987.9287109375,0.0,21.0,0.0,3.0,0.050000000000000044,1.7893533613532782,1.7826912645250559,0.022206926136277616,0.85
md_cbad_dqn,805,477,76.1362476348877,80.12865317888559,27.84560878574848,48.29063852131367,1.5171645684167743,16458.820987701416,0.0,24.0,0.0,2.0,0.050000000000000044,1.8576454408466816,1.8502913936972618,0.02451352553907782,0.85
md_cbad_dqn,805,478,80.97715333849192,81.40652540750803,29.439124524593353,51.53802824020386,1.5334915714338422,17016.98875427246,0.0,24.0,0.0,2.0,0.050000000000000044,1.6935099959373474,1.685560256242752,0.02649913029745221,0.85
md_cbad_dqn,805,479,69.46383214890957,81.41382714234292,26.80759835243225,42.65623360276222,1.432886702939868,15125.322105407715,0.0,21.0,0.0,1.0,0.050000000000000044,1.780805153772235,1.7721790559589863,0.028753653867170215,0.85
md_cbad_dqn,805,480,84.58668723404408,81.32476534239949,29.547872737050056,55.03881488442421,1.5349157908931375,17003.806198120117,0.0,25.0,0.0,4.0,0.050000000000000044,1.7715377863496542,1.7635188419371843,0.026729828445240855,0.85
md_cbad_dqn,805,481,70.96601209789515,81.76107344731689,28.509248726069927,42.456763342022896,1.488491252064705,16323.40076637268,0.0,22.0,0.0,2.0,0.050000000000000044,1.4967434778809547,1.4897291213274002,0.02338115673046559,0.85
md_cbad_dqn,805,482,80.02033540159464,81.38043471843005,28.520173214375973,51.50016224682331,1.5029173754155636,16376.565677642822,0.0,23.0,0.0,3.0,0.050000000000000044,2.0371881797909737,2.029831489548087,0.02452235738746822,0.85
md_cbad_dqn,805,483,53.46091950833797,79.6443197567761,22.629676803946495,30.831242629885672,1.3407509457319975,13139.631511688232,0.0,18.0,0.0,2.0,0.050000000000000044,1.5002650693058968,1.492338303476572,0.026422558235935867,0.85
md_cbad_dqn,805,484,73.21310594677925,79.54236103363336,27.063054084777832,46.150052070617676,1.4798702225089073,16046.08444595337,0.0,22.0,0.0,0.0,0.050000000000000044,1.8180315867066383,1.8106019739061594,0.02476537902839482,0.85
md_cbad_dqn,805,485,73.30223517864943,78.71458830788733,26.285486936569214,47.01674833893776,1.4618646437302232,15548.231628417969,0.0,21.0,0.0,0.0,0.050000000000000044,2.2001948133111,2.192647136747837,0.025158912874758244,0.85
md_cbad_dqn,805,486,84.13576675206423,78.61267947763206,29.96284858137369,54.172918140888214,1.5261780116707087,17031.130393981934,0.0,25.0,0.0,1.0,0.050000000000000044,2.177395159378648,2.169769700616598,0.025418224395252764,0.85
md_cbad_dqn,805,487,69.57279016077518,77.5012973113358,26.96397352218628,42.6088165640831,1.4378770794719458,15277.75029373169,0.0,21.0,0.0,0.0,0.050000000000000044,1.5002507381141186,1.4933059848845005,0.02314913086593151,0.85
md_cbad_dqn,805,488,78.49955117851496,76.91288635753097,28.08544797450304,50.414103323221205,1.4741500513628125,15885.879554748535,0.0,22.0,0.0,1.0,0.050000000000000044,2.039575332775712,2.0312080793082714,0.027890868252143264,0.85
md_cbad_dqn,805,489,77.78266339749098,77.01373609244824,27.893154375255108,49.88950914144516,1.4860474476590753,16138.404426574707,0.0,23.0,0.0,0.0,0.050000000000000044,1.7677935343235731,1.7597869765013456,0.02668856701347977,0.85
md_cbad_dqn,805,490,79.88855037093163,77.17985144928097,28.935861498117447,50.95268905162811,1.4668874312192202,16084.100658416748,0.0,22.0,0.0,0.0,0.050000000000000044,1.660381207242608,1.653040299192071,0.024469692027196288,0.85
md_cbad_dqn,805,491,68.03609370440245,76.20104629985988,25.81289328634739,42.22320030629635,1.4236062094569206,14987.914276123047,0.0,22.0,0.0,0.0,0.050000000000000044,1.5595181994140148,1.5522790886461735,0.024130381527356803,0.85
md_cbad_dqn,805,492,68.71464330852032,75.23514760024845,25.392896123230457,43.32174716293812,1.4051102548837662,14515.455631256104,0.0,23.0,0.0,2.0,0.050000000000000044,1.5909875687211752,1.5838604383170605,0.023757125600241125,0.85
md_cbad_dqn,805,493,77.8576963365078,75.34155850194395,27.419231548905373,50.43846529424191,1.4930351311340928,16207.405292510986,0.0,23.0,0.0,3.0,0.050000000000000044,1.8415976408869028,1.834136139601469,0.024871634552255273,0.85
md_cbad_dqn,805,494,83.86650993674994,74.88673298954964,26.480433136224747,57.38607773184776,1.449270909652114,15121.161697387695,0.0,26.0,0.0,0.0,0.050000000000000044,1.952637366950512,1.944722980260849,0.02638133184518665,0.85
md_cbad_dqn,805,495,82.1791666969657,75.11271585330368,28.83698084205389,53.342186123132706,1.5252128187566996,17117.867389678955,0.0,26.0,0.0,1.0,0.050000000000000044,1.9428235981613398,1.9335670918226242,0.030855083605274558,0.85
md_cbad_dqn,805,496,90.72249146103859,76.16912258967757,32.07308427989483,58.649407136440274,1.5837897416204214,18307.589569091797,0.0,27.0,0.0,2.0,0.050000000000000044,2.199780026450753,2.192653391510248,0.023755463887937367,0.85
md_cbad_dqn,805,497,97.58096430897713,77.24135842338205,32.55437842011452,65.0265862762928,1.5476951552554965,17708.598556518555,0.0,28.0,0.0,4.0,0.050000000000000044,1.5555387046188116,1.5477286204695702,0.0260336569044739,0.85
md_cbad_dqn,805,498,78.76182770133019,77.13059214152396,27.67864139378071,51.083186188340186,1.4965052446350455,16246.601467132568,0.0,24.0,0.0,1.0,0.050000000000000044,1.9215786755084991,1.9140681400895119,0.02503523277118802,0.85
md_cbad_dqn,805,499,62.872379371523856,76.80101950265468,24.695494294166565,38.176884898543356,1.414744220674038,14450.15022277832,0.0,19.0,0.0,1.0,0.050000000000000044,1.6284394152462482,1.6209752820432186,0.024880404584109783,0.85
md_cbad_dqn,805,500,97.86157576739788,77.46476392932237,32.065819293260574,65.79575645923615,1.6380103258416057,19175.021732330322,0.0,29.0,0.0,0.0,0.050000000000000044,2.209918439388275,2.2017663791775703,0.02717346861027181,0.85
md_cbad_dqn,805,501,88.32753178477287,78.33283991366626,29.31331604719162,59.014215514063835,1.5466028666123748,17074.839599609375,0.0,27.0,0.0,0.0,0.050000000000000044,2.0383385643363,2.0301913395524025,0.027157449978403747,0.85
md_cbad_dqn,805,502,78.2465038150549,78.24414833433926,29.113891810178757,49.13261207938194,1.5567561574280262,17279.45443725586,0.0,25.0,0.0,0.0,0.050000000000000044,1.52278982847929,1.5148413330316544,0.026494963327422738,0.85
md_cbad_dqn,805,503,90.68782812356949,80.10549376510085,30.886069171130657,59.80175897479057,1.5557561805471778,17712.745796203613,0.0,28.0,0.0,0.0,0.050000000000000044,1.614879148080945,1.6077819112688303,0.023657471407204866,0.85
md_cbad_dqn,805,504,71.35059023797513,80.01236797966064,24.646638348698616,46.703951531648634,1.4334868099540472,14549.042987823486,0.0,22.0,0.0,2.0,0.050000000000000044,1.6436310056596994,1.6368504501879215,0.02260185149498284,0.85
md_cbad_dqn,805,505,84.98412700742483,80.59646257109941,27.97287228703499,57.011254608631134,1.5153685128316283,16593.619771957397,0.0,24.0,0.0,1.0,0.050000000000000044,1.5979623775929213,1.5900566540658474,0.026352458749897778,0.85
md_cbad_dqn,805,506,86.99449166208505,80.73939881660044,30.080681644380093,56.913810196518895,1.5026516458019614,16927.38694000244,0.0,26.0,0.0,2.0,0.050000000000000044,2.0394549388438463,2.0321823582053185,0.024241960840299726,0.85
md_cbad_dqn,805,507,76.96266498565674,81.10889255784454,28.528125151991844,48.43454001247883,1.5334057491272688,16643.56212234497,0.0,23.0,0.0,2.0,0.050000000000000044,1.7464824318885803,1.7383793145418167,0.02701036457438022,0.85
md_cbad_dqn,805,508,79.92684265971184,81.18025713190437,28.354845464229584,51.57199701666832,1.509778557345271,16358.97721862793,0.0,25.0,0.0,1.0,0.050000000000000044,1.4609454590827227,1.451784823089838,0.030535452882759273,0.85
md_cbad_dqn,805,509,66.47850161790848,80.61504904292525,26.04726791381836,40.43123361468315,1.412828034721315,14670.194763183594,0.0,20.0,0.0,0.0,0.050000000000000044,1.3720800559967756,1.363566080108285,0.02837994636502117,0.85
md_cbad_dqn,805,510,71.73436965048313,80.20734000690281,26.214929938316345,45.519439935684204,1.4335663300007582,14955.391700744629,0.0,22.0,0.0,0.0,0.050000000000000044,1.8305012620985508,1.823215313255787,0.0242865007603541,0.85
md_cbad_dqn,805,511,84.52523964643478,81.03179730400443,29.477600157260895,55.04764002561569,1.5312341079115868,16840.30750656128,0.0,26.0,0.0,3.0,0.050000000000000044,1.7490468621253967,1.7404917888343334,0.0285168313421309,0.85
md_cbad_dqn,805,512,69.39249226599932,81.06568975187838,26.717979446053505,42.674513125419615,1.391283786855638,15445.250198364258,0.0,20.0,0.0,1.0,0.050000000000000044,1.6944183129817247,1.686080303043127,0.02779334201477468,0.85
md_cbad_dqn,805,513,84.43195341527462,81.39440260581674,28.71535976231098,55.71659404039383,1.4997195908799767,16534.012435913086,0.0,26.0,0.0,0.0,0.050000000000000044,1.781699264422059,1.7737777009606361,0.026405193959362805,0.85
md_cbad_dqn,805,514,88.3731998950243,81.61973710373044,30.839512422680855,57.53368680179119,1.5561957247555256,17775.520320892334,0.0,25.0,0.0,1.0,0.050000000000000044,1.4256507102400064,1.4186605606228113,0.023300481727346778,0.85
md_cbad_dqn,805,515,81.3936920389533,81.58046337082983,28.61292341351509,52.780768394470215,1.5049818055704236,16449.01113128662,0.0,23.0,0.0,1.0,0.050000000000000044,1.4616945050656796,1.4543822091072798,0.02437433134764433,0.85
md_cbad_dqn,805,516,88.83171118050814,81.4859243568033,28.160131692886353,60.67157970368862,1.4997846418991685,16153.973819732666,0.0,28.0,0.0,0.0,0.050000000000000044,1.7956243809312582,1.7881145775318146,0.02503267233259976,0.85
md_cbad_dqn,805,517,85.29843938350677,80.87179811052978,31.170188300311565,54.12825058400631,1.5257010422647,17480.90349960327,0.0,26.0,0.0,0.0,0.050000000000000044,1.563048455864191,1.5552790816873312,0.025897888117469847,0.85
md_cbad_dqn,805,518,71.55871104449034,80.5116422776878,26.706375040113926,44.852335810661316,1.43392329569906,15238.028736114502,0.0,22.0,0.0,1.0,0.050000000000000044,2.1812576092779636,2.1738833375275135,0.024580906028859317,0.85
md_cbad_dqn,805,519,72.66362255066633,81.00120443664491,25.531599797308445,47.13202254474163,1.427180445753038,14834.085334777832,0.0,23.0,0.0,0.0,0.050000000000000044,1.3726802319288254,1.3648072462528944,0.026243307045660913,0.85
md_cbad_dqn,805,520,90.3922924771905,80.62774027213455,33.33057599514723,57.06171661615372,1.5665422193706036,19244.780544281006,0.0,24.0,0.0,0.0,0.050000000000000044,1.6270032469183207,1.6184113249182701,0.028639747528359294,0.85
md_cbad_dqn,805,521,85.90490087866783,80.50660872682928,30.898049101233482,55.00685212016106,1.5855168690904975,18071.469120025635,0.0,24.0,0.0,1.0,0.050000000000000044,1.7468986827880144,1.7375900000333786,0.031028937199153006,0.85
md_cbad_dqn,805,522,79.3761728554964,80.56309217885136,29.42707897722721,49.94909347593784,1.50477181840688,17043.531887054443,0.0,24.0,0.0,0.0,0.050000000000000044,1.502921774983406,1.4949569832533598,0.02654928993433714,0.85
md_cbad_dqn,805,523,86.22606424242258,80.34000398479402,29.78287260979414,56.44319136440754,1.5800361884757876,18097.151767730713,0.0,26.0,0.0,0.0,0.050000000000000044,1.6499814745038748,1.6433563437312841,0.022083744406700134,0.85
md_cbad_dqn,805,524,88.78974646478892,81.21196179613472,31.472893498837948,57.31685244441032,1.5832783244550228,17946.930267333984,0.0,26.0,0.0,3.0,0.050000000000000044,1.676034340634942,1.6691294144839048,0.023016461869701743,0.85
md_cbad_dqn,805,525,83.7912948742509,81.15232018947601,28.85530736297369,54.935987362265585,1.4851429536938667,16527.552043914795,0.0,26.0,0.0,1.0,0.050000000000000044,1.6273339241743088,1.6201514825224876,0.02394143573474139,0.85
md_cbad_dqn,805,526,63.334933303296566,79.96934227153659,25.775508128106594,37.55942505598068,1.4248240888118744,14623.48031616211,0.0,18.0,0.0,1.0,0.050000000000000044,1.7095763236284256,1.7022583615034819,0.024393206695094705,0.85
md_cbad_dqn,805,527,103.84360683858395,81.31338936418297,32.32105991989374,71.5225466132164,1.6014019073918462,18587.816261291504,0.0,31.0,0.0,1.0,0.050000000000000044,1.6838765610009432,1.6763307806104422,0.025152640067972243,0.85
md_cbad_dqn,805,528,76.66507533192635,81.15030099779368,28.47068302333355,48.19439274072647,1.4769834391772747,16301.879383087158,0.0,22.0,0.0,1.0,0.050000000000000044,1.6951219458132982,1.6879174001514912,0.024015153292566538,0.85
md_cbad_dqn,805,529,69.09116166830063,81.28093400031328,26.56682439148426,42.524336993694305,1.4544700672850013,15229.582931518555,0.0,22.0,0.0,0.0,0.050000000000000044,1.6964102182537317,1.6885274089872837,0.026276020100340247,0.85
md_cbad_dqn,805,530,83.29476898908615,81.85895396724342,29.556902959942818,53.737866282463074,1.5677086506038904,17419.250080108643,0.0,25.0,0.0,1.0,0.050000000000000044,1.5847201328724623,1.5775556825101376,0.023881537257693708,0.85
md_cbad_dqn,805,531,92.37186204344034,82.2512850870937,30.406994186341763,61.964868281781676,1.5462339483201504,17365.42656135559,0.0,28.0,0.0,3.0,0.050000000000000044,1.5528591256588697,1.5458622314035892,0.02332296536769718,0.85
md_cbad_dqn,805,532,63.93717610836029,81.97851927921175,26.371551252901554,37.56562474370003,1.4355100244283676,15386.57192993164,0.0,18.0,0.0,1.0,0.050000000000000044,1.1131036132574081,1.1053385250270367,0.025883599766530097,0.85
md_cbad_dqn,805,533,78.86434572935104,81.70013889491557,29.14749163389206,49.716853722929955,1.4868570594117045,16956.255075454712,0.0,25.0,0.0,0.0,0.050000000000000044,2.273935319855809,2.2661729753017426,0.025874485727399588,0.85
md_cbad_dqn,805,534,76.13312069475651,81.08813493490219,28.07962343096733,48.0534968316555,1.4830317636951804,16121.970703125,0.0,24.0,0.0,2.0,0.050000000000000044,1.838821755722165,1.8314842358231544,0.024458423722535372,0.85
md_cbad_dqn,805,535,91.03830093890429,81.57036537989975,30.500735841691494,60.53756496310234,1.536952380090952,17349.590454101562,0.0,28.0,0.0,0.0,0.050000000000000044,1.381052566692233,1.3736186530441046,0.024779730243608356,0.85
md_cbad_dqn,805,536,92.03565852344036,81.73056274704636,32.352452769875526,59.68320554494858,1.5783329075202346,18705.00537109375,0.0,28.0,0.0,1.0,0.050000000000000044,2.1223739683628082,2.1151051372289658,0.024229474365711212,0.85
md_cbad_dqn,805,537,80.21083971112967,81.4761827634275,29.87387003749609,50.336969792842865,1.519167867489159,17010.1531791687,0.0,23.0,0.0,2.0,0.050000000000000044,1.806399730965495,1.7994157634675503,0.02327993483049795,0.85
md_cbad_dqn,805,538,69.36726665049791,81.36661054372789,26.629656977951527,42.73761053681373,1.45034524705261,15155.752975463867,0.0,20.0,0.0,2.0,0.050000000000000044,1.6723458226770163,1.6645990516990423,0.025822515948675573,0.85
md_cbad_dqn,805,539,100.3485619738698,82.75085751488805,33.630300380289555,66.71826156377793,1.6340736048296094,19527.551822662354,0.0,28.0,0.0,2.0,0.050000000000000044,2.2175925243645906,2.2097570579499006,0.02611823263578117,0.85
md_cbad_dqn,805,540,65.70472096055747,81.51647893905641,25.36796224862337,40.33675833940506,1.4013989111408591,14454.143363952637,0.0,20.0,0.0,4.0,0.050000000000000044,1.7517866678535938,1.7436561584472656,0.027101648040115833,0.85
md_cbad_dqn,805,541,84.89831507205963,81.46614964872599,29.082816921174526,55.81549829244614,1.5002276059240103,16388.04108428955,0.0,25.0,0.0,1.0,0.050000000000000044,1.6740272026509047,1.6672373060137033,0.022633025306276977,0.85
md_cbad_dqn,805,542,83.10259424895048,81.6524707183987,28.930155523121357,54.17243838310242,1.5434251567348838,17476.055004119873,0.0,23.0,0.0,3.0,0.050000000000000044,1.7889321222901344,1.782039150595665,0.022976562031544745,0.85
md_cbad_dqn,805,543,90.35959552228451,81.85914728239179,31.179678693413734,59.17991706728935,1.5455799885094166,17821.047275543213,0.0,26.0,0.0,0.0,0.050000000000000044,1.8076974246650934,1.8004087433218956,0.024295575625728816,0.85
md_cbad_dqn,805,544,87.04428268969059,81.77187409363687,30.398875266313553,56.645407527685165,1.5553074721246958,17509.701133728027,0.0,27.0,0.0,3.0,0.050000000000000044,1.325018996372819,1.3178090266883373,0.024033237947151065,0.85
md_cbad_dqn,805,545,95.48660411834717,82.35663955584168,32.21604719758034,63.27055715918541,1.615538215264678,18839.463222503662,0.0,28.0,0.0,3.0,0.050000000000000044,1.5508240070194006,1.5427742339670658,0.026832594769075513,0.85
md_cbad_dqn,805,546,100.67559991329908,84.2236728863418,32.847856380045414,67.82774268388748,1.6287519047036767,18975.24002456665,0.0,30.0,0.0,4.0,0.050000000000000044,2.0099900364875793,2.002754855901003,0.024117210996337235,0.85
md_cbad_dqn,805,547,56.995397463440895,81.88126241758467,25.763841450214386,31.231556311249733,1.4062526859343052,14759.828693389893,0.0,18.0,0.0,0.0,0.050000000000000044,1.6426555290818214,1.635741239413619,0.023047591443173587,0.85
md_cbad_dqn,805,548,70.833833758533,81.58970033891498,25.958974309265614,44.874860060215,1.4149515209719539,14953.907360076904,0.0,22.0,0.0,3.0,0.050000000000000044,2.066212635487318,2.0583540853112936,0.026195172336883843,0.85
md_cbad_dqn,805,549,81.60775483250617,82.21552999712526,27.956532806158066,53.65122219026089,1.4688642341643572,15729.732440948486,0.0,24.0,0.0,4.0,0.050000000000000044,1.2307516038417816,1.2231832277029753,0.025227942620404065,0.85
md_cbad_dqn,805,550,101.84723716378213,83.14315340586008,32.76952125132084,69.0777155250311,1.6109185116365552,18765.268348693848,0.0,29.0,0.0,1.0,0.050000000000000044,1.7415668834000826,1.733831586316228,0.025784285739064217,0.85
md_cbad_dqn,805,551,76.36077227592469,82.34259891748428,26.623389810323715,49.73738225698471,1.4393501104786992,15494.692771911621,0.0,24.0,0.0,2.0,0.050000000000000044,1.8290676418691874,1.8213594891130924,0.025693870498798788,0.85
md_cbad_dqn,805,552,60.071525022387505,82.14931636318565,24.07094094157219,36.000584587454796,1.3991199936717749,14434.485153198242,0.0,19.0,0.0,0.0,0.050000000000000044,1.2723820600658655,1.2654067762196064,0.02325098228175193,0.85
md_cbad_dqn,805,553,80.62043263018131,82.23712070822717,27.560595750808716,53.059836745262146,1.4636593703180552,15967.745246887207,0.0,26.0,0.0,0.0,0.050000000000000044,1.6541756186634302,1.647269805893302,0.023019318468868732,0.85
md_cbad_dqn,805,554,66.67175156623125,81.7640522518009,26.513987354934216,40.15776428580284,1.444719704799354,15638.581455230713,0.0,20.0,0.0,0.0,0.050000000000000044,2.5068488121032715,2.4999896585941315,0.022863880614750087,0.85
md_cbad_dqn,805,555,87.91969904601574,81.60812215715647,29.43271493911743,58.4869837641716,1.4929314302280545,16516.57476043701,0.0,25.0,0.0,4.0,0.050000000000000044,2.0290783382952213,2.0225065629929304,0.02190592756960541,0.85
md_cbad_dqn,805,556,74.63112405091525,80.73789543353021,26.248602487146854,48.38252148926258,1.460291181690991,15314.422550201416,0.0,23.0,0.0,1.0,0.050000000000000044,2.2220978289842606,2.2151058837771416,0.023306550458073616,0.85
md_cbad_dqn,805,557,71.62904320061207,80.30880560800435,27.044647589325905,44.58439567089081,1.457064053043723,15451.33842086792,0.0,21.0,0.0,1.0,0.050000000000000044,2.224666628986597,2.2180574238300323,0.02203071175608784,0.85
md_cbad_dqn,805,558,83.7663975596428,81.02876215346159,30.440164513885975,53.326233410835265,1.5595818385481834,17918.43507003784,0.0,23.0,0.0,1.0,0.050000000000000044,1.4291412588208914,1.421744480729103,0.02465591102372855,0.85
md_cbad_dqn,805,559,87.45706542730332,80.38418732613327,29.352488055825233,58.10457801222801,1.5127769419923425,16677.856813430786,0.0,27.0,0.0,2.0,0.050000000000000044,1.6800531595945358,1.6728323008865118,0.024069500155746937,0.85
md_cbad_dqn,805,560,83.72907269895077,81.28540491305293,28.239396385848522,55.48967652916908,1.474205806851387,15951.235160827637,0.0,27.0,0.0,1.0,0.050000000000000044,1.7767126355320215,1.7697038315236568,0.023362651583738625,0.85
md_cbad_dqn,805,561,80.03315656781197,81.04214698784055,28.21472181379795,51.81843374073505,1.5034133773297071,16420.69524383545,0.0,25.0,0.0,2.0,0.050000000000000044,1.902374967932701,1.8954675607383251,0.023024732596240938,0.85
md_cbad_dqn,805,562,90.34345112890006,81.40418983183804,31.736005671322346,58.60744526386261,1.5865641310811043,18681.2211227417,0.0,25.0,0.0,2.0,0.050000000000000044,1.6975163891911507,1.6904376968741417,0.023595680249854922,0.85
md_cbad_dqn,805,563,80.78470958918334,80.92544553518297,28.003063537180424,52.78164564967155,1.519019722007215,16774.73140335083,0.0,24.0,0.0,3.0,0.050000000000000044,1.5038718078285456,1.4964366257190704,0.02478392154444009,0.85
md_cbad_dqn,805,564,77.85451866835356,80.46595733411613,28.609323143959045,49.24519551694393,1.4989504190161824,16678.673984527588,0.0,23.0,0.0,1.0,0.050000000000000044,1.8547040428966284,1.8477307558059692,0.023244179785251617,0.85
md_cbad_dqn,805,565,97.49237518012524,80.56624588720503,32.901545122265816,64.59082981944084,1.5844021458178759,18625.30686569214,0.0,28.0,0.0,2.0,0.050000000000000044,2.005757436156273,1.998604942113161,0.023841621703468263,0.85
md_cbad_dqn,805,566,74.59901865124702,79.26241682410242,27.063174292445183,47.5358441054821,1.4497458739206195,15626.018627166748,0.0,21.0,0.0,4.0,0.050000000000000044,1.7853434942662716,1.7779826261103153,0.024536203942261636,0.85
md_cbad_dqn,805,567,83.63540905714035,80.59441740378739,27.370801612734795,56.264607802033424,1.4445236437022686,15716.240367889404,0.0,25.0,0.0,0.0,0.050000000000000044,1.8195285983383656,1.812707668170333,0.022736436570994556,0.85
md_cbad_dqn,805,568,73.06229882836342,80.7058406572789,26.14839196205139,46.91390643417835,1.4520912747830153,15416.22995376587,0.0,23.0,0.0,1.0,0.050000000000000044,1.5921720117330551,1.5850257091224194,0.023820999776944518,0.85
md_cbad_dqn,805,569,56.15811947733164,79.43335888952018,24.870776616036892,31.287342980504036,1.3798611694946885,14157.11127281189,0.0,17.0,0.0,1.0,0.050000000000000044,1.8923508394509554,1.884887332096696,0.024878326104953885,0.85
md_cbad_dqn,805,570,76.13898015022278,78.1479460388422,26.369394183158875,49.769586354494095,1.433238759636879,15175.909896850586,0.0,23.0,0.0,0.0,0.050000000000000044,1.8034620061516762,1.7958861980587244,0.025252674240618944,0.85
md_cbad_dqn,805,571,79.13791465759277,78.28680315792562,27.534576252102852,51.603338330984116,1.4725049221888185,16075.26876449585,0.0,25.0,0.0,1.0,0.050000000000000044,1.732769563794136,1.7249241545796394,0.02615135652013123,0.85
md_cbad_dqn,805,572,81.48973594903946,79.3577137042582,27.205576553940773,54.28415949940681,1.4271942395716906,15228.043193817139,0.0,24.0,0.0,2.0,0.050000000000000044,1.5755198020488024,1.5685111712664366,0.023362106876447797,0.85
md_cbad_dqn,805,573,93.33069530427456,79.99322683796287,32.162326365709305,61.16836875975132,1.5800610054284334,18180.15930557251,0.0,28.0,0.0,2.0,0.050000000000000044,1.4804226774722338,1.4730882216244936,0.02444816310890019,0.85
md_cbad_dqn,805,574,110.7929167702794,82.19928509816526,36.31177098304033,74.48114612996578,1.6990270437672734,20450.690105438232,0.0,32.0,0.0,5.0,0.050000000000000044,1.8445727434009314,1.8368199337273836,0.02584271878004074,0.85
md_cbad_dqn,805,575,81.78633733987809,81.8926170128584,31.091452307999134,50.69488506913185,1.5535578047856688,17892.872634887695,0.0,24.0,0.0,1.0,0.050000000000000044,1.3219359777867794,1.314493753015995,0.024807378300465643,0.85
md_cbad_dqn,805,576,81.63453853279353,82.24278773695232,27.005049787461758,54.62948925197124,1.4721138812601566,15889.742622375488,0.0,26.0,0.0,1.0,0.050000000000000044,1.7467777356505394,1.7386093568056822,0.027227968093939126,0.85
md_cbad_dqn,805,577,91.08643147349358,83.21565715059639,31.766353078186512,59.32007871568203,1.5903279185295105,18473.807498931885,0.0,28.0,0.0,0.0,0.050000000000000044,1.9170543607324362,1.909352445974946,0.025673095602542162,0.85
md_cbad_dqn,805,578,75.10435369610786,82.78255495741965,28.021439135074615,47.0829144269228,1.532916926778853,16968.775478363037,0.0,23.0,0.0,2.0,0.050000000000000044,1.9051459822803736,1.8972485102713108,0.02632499043829739,0.85
md_cbad_dqn,805,579,84.368140026927,82.62810868740083,29.83563096821308,54.5325093716383,1.5212576072663069,17486.962074279785,0.0,25.0,0.0,0.0,0.050000000000000044,1.6544322334229946,1.647456580772996,0.023252201499417424,0.85
md_cbad_dqn,805,580,64.19218951761722,81.65126452833414,26.131208136677742,38.060981172323224,1.4165068082511425,14651.125843048096,0.0,22.0,0.0,2.0,0.050000000000000044,1.885007981210947,1.8783048894256353,0.022343666409142315,0.85
md_cbad_dqn,805,581,80.26816050708294,81.66301472529769,27.140016451478004,53.12814450263977,1.4762914767488837,15864.105960845947,0.0,24.0,0.0,0.0,0.050000000000000044,1.6163495369255543,1.6095312489196658,0.02272760565392673,0.85
md_cbad_dqn,805,582,79.25215952247382,81.10845014497639,29.078913159668446,50.17324591577053,1.5111472308635712,16677.298347473145,0.0,23.0,0.0,1.0,0.050000000000000044,1.4909636583179235,1.4826643634587526,0.027664301684126258,0.85
md_cbad_dqn,805,583,84.54398168027402,81.29641374953091,28.128549441695213,56.41543214917183,1.5210742885246873,16611.108814239502,0.0,27.0,0.0,1.0,0.050000000000000044,2.0259271766990423,2.018071187660098,0.026186615228652954,0.85
md_cbad_dqn,805,584,82.99961304664612,81.55366846844555,28.84491875767708,54.15469433367252,1.5343573382124305,16892.171550750732,0.0,25.0,0.0,1.0,0.050000000000000044,1.679690521210432,1.6730302758514881,0.02220087591558695,0.85
md_cbad_dqn,805,585,75.32161863148212,80.44513064101338,28.484893791377544,46.83672468364239,1.482836028560996,16340.71741104126,0.0,22.0,0.0,0.0,0.050000000000000044,2.099880423396826,2.0922547802329063,0.025418796809390187,0.85
md_cbad_dqn,805,586,80.12335064411164,80.72134724065663,27.87425595521927,52.24909492731094,1.5045792115852237,16446.61566543579,0.0,24.0,0.0,2.0,0.050000000000000044,1.8337055798619986,1.8269330766052008,0.022574993316084146,0.85
md_cbad_dqn,805,587,81.41809415817261,80.61048149570823,29.080000296235085,52.338093876838684,1.527115510776639,17052.531829833984,0.0,25.0,0.0,1.0,0.050000000000000044,1.6365085281431675,1.629550114274025,0.023194637848064303,0.85
md_cbad_dqn,805,588,76.55029580742121,80.78488134466113,28.56547151505947,47.984824419021606,1.506851626560092,16748.817237854004,0.0,22.0,0.0,0.0,0.050000000000000044,1.577112328261137,1.5699300412088633,0.023940924322232604,0.85
md_cbad_dqn,805,589,65.34191492944956,81.24407111726701,25.361178494989872,39.98073610663414,1.4368380242958665,15250.98348236084,0.0,21.0,0.0,1.0,0.050000000000000044,1.7501345928758383,1.7426066137850285,0.025093255564570427,0.85
md_cbad_dqn,805,590,77.56959303468466,81.31560176149011,28.88890392333269,48.68068939447403,1.4864418813958764,16464.419639587402,0.0,23.0,0.0,0.0,0.050000000000000044,2.0854699183255434,2.078098099678755,0.024572798400186002,0.85
md_cbad_dqn,805,591,84.78027322292328,81.59771968975663,29.923367336392403,54.85690585672855,1.559103381820023,17282.89295578003,0.0,26.0,0.0,2.0,0.050000000000000044,1.9877196978777647,1.9811345376074314,0.021950485301204026,0.85
md_cbad_dqn,805,592,72.1563735306263,81.13105156883599,27.014941051602364,45.14143265783787,1.4963880218565464,16377.481086730957,0.0,22.0,0.0,2.0,0.050000000000000044,1.5433706175535917,1.5370592679828405,0.021037791622802615,0.85
md_cbad_dqn,805,593,65.30076150149107,79.7295548786968,24.51250220090151,40.788259866833684,1.381340560503304,14267.520839691162,0.0,20.0,0.0,2.0,0.050000000000000044,1.748740378767252,1.7416630629450083,0.023591090575791895,0.85
md_cbad_dqn,805,594,94.15736665725709,78.8977773730457,32.09552201628685,62.06184501349926,1.6083285911008716,19006.35102081299,0.0,26.0,0.0,2.0,0.050000000000000044,1.4540198147296906,1.446992240846157,0.023425215971656144,0.85
md_cbad_dqn,805,595,88.81139455139638,79.2490302336216,30.610027208924294,58.201367461681365,1.5976111236959696,17988.540924072266,0.0,27.0,0.0,2.0,0.050000000000000044,1.2802230175584555,1.2731558978557587,0.02355699404142797,0.85
md_cbad_dqn,805,596,99.12809626758099,80.12370812036099,32.40702483057976,66.72107076644897,1.6332995714619756,18930.472999572754,0.0,30.0,0.0,1.0,0.050000000000000044,1.6983859837055206,1.690429026260972,0.026523139094933867,0.85
md_cbad_dqn,805,597,92.5379630625248,80.19628469981254,31.027731955051422,61.510231643915176,1.5719161666929722,18197.047481536865,0.0,27.0,0.0,2.0,0.050000000000000044,2.3122699353843927,2.305141067132354,0.023762898868881166,0.85
md_cbad_dqn,805,598,97.94215301573277,81.33817466579379,32.75694836676121,65.18520435094834,1.6275810673832893,18855.377227783203,0.0,29.0,0.0,1.0,0.050000000000000044,1.8013743702322245,1.794298343360424,0.02358682779595256,0.85
md_cbad_dqn,805,599,69.96143864393234,80.61783959664405,26.04640793800354,43.91503009498119,1.4242394985631108,14845.65984916687,0.0,21.0,0.0,2.0,0.050000000000000044,1.9330720528960228,1.9258971959352493,0.023916185135021806,0.85
