variant,model_seed,episode,cost,rolling_cost,immediate_cost,penalty,energy_use,latency_ms,thermal_violation,energy_violation,queue_violation,contact_violation,epsilon,loss,td_loss,auxiliary_loss,preview_transition_scale
md_cbad_dqn,809,0,109.1461763381958,109.1461763381958,40.81973856687546,68.32643666863441,1.7503377692773938,24017.776607513428,0.0,30.0,0.0,0.0,0.9954761904761905,,,,0.85
md_cbad_dqn,809,1,158.7914961024685,133.96883622033215,42.70484131574631,116.08665383304786,1.8931130804121494,25547.400218963623,0.0,36.0,18.0,1.0,0.9909523809523809,1.6240003108978271,1.6161726713180542,0.026092324405908585,0.85
md_cbad_dqn,809,2,159.2162778373458,142.38465009267006,43.42248237133026,115.79379568953298,1.8783006314188242,25977.794761657715,0.0,34.0,15.0,0.0,0.9864285714285714,1.4602658599615097,1.452910654246807,0.024517313577234745,0.85
md_cbad_dqn,809,3,110.83489091694355,134.49721029873842,36.50231572985649,74.33257496356964,1.669697631150484,21344.51628112793,0.0,31.0,0.0,0.0,0.981904761904762,1.4904611334204674,1.4835127517580986,0.023161255521699786,0.85
md_cbad_dqn,809,4,160.42306556389192,139.68238135176912,42.44701713323593,117.97604787931301,1.9741566348820925,26893.7229347229,0.0,34.0,14.0,0.0,0.9773809523809524,1.2633742913603783,1.2577139511704445,0.018867770326323807,0.85
md_cbad_dqn,809,5,132.1180522363491,138.42165983253244,43.62255424261093,88.4954979043312,1.829960416071117,25328.674530029297,0.0,34.0,21.0,0.0,0.9728571428571429,1.1179821230471134,1.1142911314964294,0.012303335592150688,0.85
md_cbad_dqn,809,6,107.05682472139597,133.94096910237008,40.67267841845751,66.38414585590363,1.7325112260878086,23708.5827960968,0.0,28.0,0.0,1.0,0.9683333333333334,0.9270680770277977,0.9241561032831669,0.00970659765880555,0.85
md_cbad_dqn,809,7,152.61334491148403,136.27501607850934,44.7790007814765,107.83434417471099,1.8855388714000583,26867.77032470703,0.0,33.0,20.0,1.0,0.9638095238095238,0.9220210462808609,0.9185627549886703,0.011527640221174806,0.85
md_cbad_dqn,809,8,140.20106302818832,136.71124351736256,41.93952675163746,98.26153618714389,1.826841157861054,25081.760848999023,0.0,34.0,20.0,2.0,0.9592857142857143,1.0090824104845524,1.0058965645730495,0.010619447391945869,0.85
md_cbad_dqn,809,9,161.09725822871366,139.14984498849768,41.529513999819756,119.56774405007998,1.9384383969008923,25698.85004425049,0.0,35.0,19.0,1.0,0.9547619047619048,0.7816243022680283,0.7789089307188988,0.009051231027115136,0.85
md_cbad_dqn,809,10,113.51284855008126,136.81920894864163,39.853060498833656,73.65978772342206,1.7335892990231514,22723.630783081055,0.0,32.0,0.0,3.0,0.9502380952380952,0.641784317791462,0.6381813436746597,0.012009905942250043,0.85
md_cbad_dqn,809,11,106.80168530467051,134.3177486449774,37.00265847146511,69.79902728024021,1.7644013846293092,22982.284412384033,0.0,27.0,6.0,1.0,0.9457142857142857,0.5524389762431383,0.5467502381652594,0.018962454982101917,0.85
md_cbad_dqn,809,12,117.5623432546854,133.02887130726262,40.182085275650024,77.38025768101215,1.763043386861682,23178.890899658203,0.0,33.0,0.0,0.0,0.9411904761904761,0.40245729871094227,0.398481871932745,0.013251418014988303,0.85
md_cbad_dqn,809,13,120.75163074740713,132.15192555298722,41.49359927326441,79.25803146669215,1.8136423071846366,24657.96947479248,0.0,33.0,2.0,3.0,0.9366666666666666,0.34052370488643646,0.33697528950870037,0.011828036629594862,0.85
md_cbad_dqn,809,14,128.6089700460434,131.91572851919096,42.43803322315216,86.17093676328659,1.7884909166023135,23980.521209716797,0.0,36.0,0.0,1.0,0.9321428571428572,0.287291856482625,0.2835740353912115,0.012392737320624292,0.85
md_cbad_dqn,809,15,126.69436094661427,131.5893930459049,39.568683847784996,87.12567697961998,1.8017327887937427,23793.286109924316,0.0,34.0,9.0,1.0,0.9276190476190476,0.5643294099718332,0.5607199734076858,0.012031434627715498,0.85
md_cbad_dqn,809,16,139.11942202475592,132.03233592701378,44.16852742433548,94.9508948984437,1.9042589087039232,26221.122955322266,0.0,37.0,18.0,0.0,0.9230952380952381,0.6101875565946102,0.6059184372425079,0.014230395841877908,0.85
md_cbad_dqn,809,17,109.39531072974205,130.77472341605423,40.228548780083656,69.16676206886768,1.7728644646704197,23605.872394561768,0.0,31.0,0.0,1.0,0.9185714285714286,0.3794523235410452,0.37436283379793167,0.016964966314844787,0.85
md_cbad_dqn,809,18,115.22646099328995,129.9563938148561,42.1705517321825,73.05590897798538,1.7358180051669478,24344.176071166992,0.0,31.0,0.0,0.0,0.914047619047619,0.3222020659595728,0.3174932152032852,0.015696179121732712,0.85
md_cbad_dqn,809,19,115.99774643778801,129.2584614460027,38.871877774596214,77.12586808204651,1.7040563942864537,22547.885845184326,0.0,33.0,0.0,0.0,0.9095238095238095,0.26539965346455574,0.260579657740891,0.016066655167378485,0.85
md_cbad_dqn,809,20,109.79258079081774,129.29078166863383,38.95102394372225,70.84155648946762,1.73796381149441,22798.102508544922,0.0,31.0,0.0,1.0,0.905,0.22383708413690329,0.21985513996332884,0.01327314309310168,0.85
md_cbad_dqn,809,21,121.62869475185872,127.43264160110334,43.15921154618263,78.4694826245308,1.7733646910637617,25015.108333587646,0.0,33.0,0.0,3.0,0.9004761904761904,0.19626674242317677,0.19296895526349545,0.010992627183441073,0.85
md_cbad_dqn,809,22,107.82664088166565,124.86315975331934,37.64794209599495,70.17869854725213,1.7759625855833292,22846.378719329834,0.0,29.0,5.0,0.0,0.895952380952381,0.1881193658336997,0.1848413092084229,0.010926853050477803,0.85
md_cbad_dqn,809,23,136.80204349282084,126.1615173821132,40.29915127903223,96.50289212438163,1.7826124699786305,23974.44638824463,0.0,34.0,25.0,2.0,0.8914285714285715,0.5711077144369483,0.5675886385142803,0.011730255297152326,0.85
md_cbad_dqn,809,24,118.50907462640302,124.06581783523878,39.78647167980671,78.7226033340265,1.7322267685085535,22877.523443222046,0.0,33.0,1.0,1.0,0.8869047619047619,0.5347744766622782,0.5302121583372355,0.015207734075374901,0.85
md_cbad_dqn,809,25,151.01454199005553,125.01064232292406,45.81727747619152,105.19726423074194,1.8864820413291454,26771.609252929688,0.0,35.0,15.0,1.0,0.8823809523809524,0.3439788781106472,0.3390125436708331,0.016554443747736514,0.85
md_cbad_dqn,809,26,113.25154297053814,125.32037823538118,38.31592856347561,74.93561398983002,1.7009080974385142,21929.557159423828,0.0,33.0,0.0,1.0,0.8778571428571429,0.30179911758750677,0.2970828665420413,0.015720839088317007,0.85
md_cbad_dqn,809,27,115.44908238202333,123.46216510890815,38.81985438615084,76.62922790646553,1.7616511601954699,22556.851959228516,0.0,32.0,0.0,1.0,0.8733333333333333,0.2775258170440793,0.27308046724647284,0.014817831863183528,0.85
md_cbad_dqn,809,28,125.7910723939538,122.74166557719643,40.11217635124922,85.67889529764652,1.7857051379978657,23481.20804977417,0.0,35.0,0.0,2.0,0.8688095238095238,0.2844916880130768,0.28044435381889343,0.013491118792444468,0.85
md_cbad_dqn,809,29,130.61454197260704,121.21752976439109,46.11108319461346,84.50345770510998,1.8895635809749365,27115.36363220215,0.0,34.0,5.0,1.0,0.8642857142857143,0.22442042734473944,0.22050113044679165,0.013064327358733863,0.85
md_cbad_dqn,809,30,166.1670818788266,123.85024143082835,39.60548873245716,126.56159301225897,1.8315190253779292,23724.49411392212,0.0,36.0,32.0,3.0,0.8597619047619047,0.2591776344925165,0.255621031858027,0.01185533482930623,0.85
md_cbad_dqn,809,31,118.90351144373417,124.45533273778156,39.07015846669674,79.83335327506066,1.8070279117673635,23252.509071350098,0.0,33.0,0.0,2.0,0.8552380952380952,0.7206358481198549,0.716171620413661,0.014880759234074503,0.85
md_cbad_dqn,809,32,126.17142457745533,124.88578680392001,39.491258189082146,86.68016620955919,1.789682605303824,23176.910369873047,0.0,35.0,22.0,1.0,0.8507142857142858,0.48335277289152145,0.4784271661192179,0.016418685379903764,0.85
md_cbad_dqn,809,33,106.29319580197334,124.16286505664834,37.72229425609112,68.57090160548687,1.7507913326844573,22332.12367248535,0.0,30.0,0.0,2.0,0.8461904761904762,0.3711146470159292,0.3663616459816694,0.015843333792872727,0.85
md_cbad_dqn,809,34,106.96409541368484,123.08062132503042,35.83933000266552,71.1247660368681,1.6839671460911632,21239.083335876465,0.0,30.0,0.0,2.0,0.8416666666666667,0.3181504989042878,0.3134318785741925,0.015728734259027988,0.85
md_cbad_dqn,809,35,113.13144068419933,122.40247531190967,39.807395085692406,73.32404482364655,1.7594644781202078,22964.35722732544,0.0,31.0,0.0,0.0,0.8371428571428572,0.3635024493560195,0.3584489934146404,0.016844857251271605,0.85
md_cbad_dqn,809,36,102.00492918491364,120.54675066991756,34.77019929885864,67.23472887277603,1.7078962624073029,20608.168048858643,0.0,29.0,0.0,0.0,0.8326190476190476,0.2878289660438895,0.2834447966888547,0.014613903185818344,0.85
md_cbad_dqn,809,37,107.59438718855381,120.45670449285812,37.895166009664536,69.6992215514183,1.6849934896454215,21865.677532196045,0.0,29.0,0.0,0.0,0.8280952380952381,0.2819779170677066,0.2774339262396097,0.015146635298151523,0.85
md_cbad_dqn,809,38,172.1360912007657,123.30218600323194,41.50801655650139,130.6280745846597,1.926539876498282,25255.502143859863,0.0,39.0,42.0,0.0,0.8235714285714286,0.3106764601543546,0.3066198704764247,0.013521963963285089,0.85
md_cbad_dqn,809,39,126.26971995023257,123.81578467885417,41.741081923246384,84.52863811639315,1.8950537303462625,25274.806594848633,0.0,33.0,8.0,0.0,0.819047619047619,0.7924105366691947,0.7869583126157522,0.018174083437770605,0.85
md_cbad_dqn,809,40,113.60352090001106,124.00633168431384,38.94062785804272,74.66289311647415,1.7457547029480338,22790.627780914307,0.0,32.0,0.0,0.0,0.8145238095238095,0.438723998144269,0.43341626040637493,0.017692469991743565,0.85
md_cbad_dqn,809,41,140.90020466244894,124.96990717984336,43.26187755167484,97.63832652962881,1.906259604729712,25854.065998077393,0.0,35.0,10.0,0.0,0.81,0.4075299873948097,0.40079296939074993,0.0224567343830131,0.85
md_cbad_dqn,809,42,99.81191075593233,124.56917067355668,36.42505580931902,63.38685464859009,1.6397185996174812,20997.79362487793,0.0,28.0,0.0,0.0,0.8054761904761905,0.3983482262119651,0.39125736709684134,0.023636197089217603,0.85
md_cbad_dqn,809,43,112.07062145471573,123.33259957165144,38.21291400492191,73.85770652592183,1.7453214265406132,22419.031566619873,0.0,32.0,0.0,1.0,0.800952380952381,0.422965407371521,0.4177852859720588,0.01726705691544339,0.85
md_cbad_dqn,809,44,112.32863075435162,123.02357737804887,38.470632925629616,73.85799793303013,1.733740733936429,23148.593757629395,0.0,32.0,0.0,1.0,0.7964285714285715,0.401932573877275,0.39594809990376234,0.01994825096335262,0.85
md_cbad_dqn,809,45,115.34203568398952,121.23995206274556,39.9462601095438,75.39577518701553,1.7230464946478605,22854.62713241577,0.0,32.0,0.0,2.0,0.7919047619047619,0.3511335523799062,0.3457094021141529,0.018080495588947088,0.85
md_cbad_dqn,809,46,105.92915388941765,120.87383260868953,37.7907485216856,68.1384045779705,1.7281153351068497,21625.583309173584,0.0,29.0,0.0,0.0,0.7873809523809524,0.4605661127716303,0.45586324855685234,0.015676219307351857,0.85
md_cbad_dqn,809,47,128.65149198519958,121.53395308884835,40.95740246772766,87.69408972608815,1.8349492782726884,24265.601959228516,0.0,34.0,17.0,1.0,0.7828571428571429,0.6830744165927172,0.676241721957922,0.02277563966345042,0.85
md_cbad_dqn,809,48,111.155110090971,120.8021549736992,39.307562947273254,71.84754650294781,1.7583977049216628,23247.666889190674,0.0,31.0,0.0,0.0,0.7783333333333333,0.45701077301055193,0.4504349958151579,0.021919254795648158,0.85
md_cbad_dqn,809,49,114.97687150537968,120.02027145033783,40.41823656857014,74.5586348772049,1.8624435774981976,24533.166122436523,0.0,30.0,0.0,0.0,0.7738095238095238,0.45576218515634537,0.450290834531188,0.018237830547150224,0.85
md_cbad_dqn,809,50,101.65717761218548,116.79477623700578,37.11759727448225,64.53958036005497,1.6500810366123915,21144.766674041748,0.0,28.0,0.0,0.0,0.7692857142857144,0.5465704780071974,0.5399156715720892,0.02218268293654546,0.85
md_cbad_dqn,809,51,117.1269146239813,116.70594639601813,38.55725711584091,78.56965726972182,1.7857010513544083,23109.796813964844,0.0,33.0,8.0,2.0,0.7647619047619048,0.43875813763588667,0.4325839513912797,0.020580623589921743,0.85
md_cbad_dqn,809,52,109.4077482610941,115.8677625802001,41.97617711126804,67.43157061338425,1.7609819769859314,24112.760467529297,0.0,28.0,0.0,1.0,0.7602380952380953,0.43758795224130154,0.43219433538615704,0.01797873602481559,0.85
md_cbad_dqn,809,53,114.80451137396263,116.29332835879954,38.74178546667099,76.06272613080905,1.7599175926297903,23474.714252471924,0.0,31.0,8.0,1.0,0.7557142857142858,0.4419650165364146,0.43713752925395966,0.016091634111944586,0.85
md_cbad_dqn,809,54,88.7048587679863,115.3803665265146,31.29332135617733,57.41153763532638,1.6427105516195297,19054.92784690857,0.0,25.0,0.0,2.0,0.7511904761904762,0.5781571781262755,0.5720443520694971,0.020376089203637093,0.85
md_cbad_dqn,809,55,112.5590045183897,115.35174471822413,40.04292833805084,72.5160769701004,1.704891875386238,22288.048084259033,0.0,31.0,0.0,2.0,0.7466666666666667,0.5663841487839818,0.5597094651311636,0.022248952300287783,0.85
md_cbad_dqn,809,56,112.77513970434666,115.89025524419579,38.204649582505226,74.57049073278904,1.6966936644166708,21875.384071350098,0.0,32.0,0.0,1.0,0.7421428571428572,0.5298776086419821,0.5247353371232748,0.017140894546173513,0.85
md_cbad_dqn,809,57,153.6450890764329,118.1927903385897,45.55678763985634,108.0883016898963,1.9240709859877825,26907.979766845703,0.0,33.0,15.0,3.0,0.7376190476190476,0.4994363570585847,0.4934174083173275,0.020063174015376717,0.85
md_cbad_dqn,809,58,116.5291584610939,115.41244370160614,41.03974333405495,75.48941497802734,1.762631207704544,23422.882026672363,0.0,31.0,0.0,2.0,0.7330952380952381,0.5540317809209228,0.5482225585728884,0.01936407119501382,0.85
md_cbad_dqn,809,59,102.02303978204728,114.2001096931969,39.25361967086792,62.76942023038864,1.708669069223106,22569.91381072998,0.0,27.0,0.0,1.0,0.7285714285714286,0.49582203943282366,0.4897240549325943,0.02032660727854818,0.85
md_cbad_dqn,809,60,115.00962968170643,114.27041513228164,42.67909587919712,72.33053347468376,1.7532770866528153,24284.914779663086,0.0,31.0,0.0,0.0,0.724047619047619,0.5013872273266315,0.49591035582125187,0.018256242794450372,0.85
md_cbad_dqn,809,61,114.58506864309311,112.95465833131384,37.093645468354225,77.49142365157604,1.7432273160666227,22106.983406066895,0.0,34.0,0.0,0.0,0.7195238095238095,0.5235538873821497,0.5173990642651916,0.02051607146859169,0.85
md_cbad_dqn,809,62,136.3926334534724,114.78369446619085,40.115566447377205,96.27706733392073,1.8331503737717867,24330.57144165039,0.0,34.0,17.0,2.0,0.7150000000000001,0.6633463967591524,0.6576479971408844,0.01899466256145388,0.85
md_cbad_dqn,809,63,106.14331375062466,114.4873290809863,34.32379901409149,71.81951487064362,1.6308408994227648,19968.92685317993,0.0,32.0,0.0,0.0,0.7104761904761905,0.517450557090342,0.5108421575278044,0.022027975413948298,0.85
md_cbad_dqn,809,64,135.05154441953226,115.62347476424532,46.36468616127968,88.68685837746189,1.922865642234683,26777.58570098877,0.0,35.0,5.0,2.0,0.7059523809523809,0.5777490232139826,0.5709423068910837,0.022689037024974823,0.85
md_cbad_dqn,809,65,100.47362961769105,114.88005446093038,38.29955869913101,62.17407112717628,1.658092476427555,21462.08441543579,0.0,28.0,0.0,2.0,0.7014285714285715,0.5883834399282932,0.5825349744409323,0.019494870211929083,0.85
md_cbad_dqn,809,66,109.17319865524769,115.04225669922191,39.16330082714558,70.00989763438702,1.690743125975132,21926.552249908447,0.0,32.0,0.0,0.0,0.6969047619047619,0.5307983215898275,0.5249958410859108,0.01934159261872992,0.85
md_cbad_dqn,809,67,125.0108980461955,114.8602270022717,42.14562577754259,82.86527229845524,1.8410976510494947,24809.311756134033,0.0,34.0,0.0,1.0,0.6923809523809523,0.5162440352141857,0.51027437672019,0.019898879167158157,0.85
md_cbad_dqn,809,68,100.00540973246098,114.30274198434623,35.32852479815483,64.67688515782356,1.642237951979041,20258.287746429443,0.0,27.0,0.0,1.0,0.687857142857143,0.5369958505034447,0.5299846334382892,0.023370732087641954,0.85
md_cbad_dqn,809,69,114.30943871289492,114.26937034472196,38.93318981677294,75.37624868750572,1.8061494706198573,23159.709915161133,0.0,33.0,0.0,0.0,0.6833333333333333,0.617216233164072,0.610920263454318,0.0209865533397533,0.85
md_cbad_dqn,809,70,92.77930990755559,113.82547695949047,33.19542837142944,59.58388195335865,1.5839768582955003,19127.552391052246,0.0,27.0,0.0,1.0,0.6788095238095238,0.7550286576151848,0.7481982037425041,0.02276818745303899,0.85
md_cbad_dqn,809,71,115.05985185801983,113.72212382119241,38.373818561434746,76.68603383302688,1.682375875301659,21708.930061340332,0.0,31.0,0.0,2.0,0.6742857142857144,0.6271049417555332,0.6202801503241062,0.0227492792182602,0.85
md_cbad_dqn,809,72,123.1212158948183,114.40779720287863,41.0086455643177,82.11257034540176,1.813334571197629,23599.538150787354,0.0,34.0,0.0,1.0,0.6697619047619048,0.580792817287147,0.5738716758787632,0.023070457158610225,0.85
md_cbad_dqn,809,73,111.59642899930478,114.24739308414573,40.82147200405598,70.77495651841164,1.76065331697464,23219.151428222656,0.0,30.0,0.0,1.0,0.6652380952380952,0.5782317416742444,0.571565791964531,0.022219818900339305,0.85
md_cbad_dqn,809,74,122.11192753923198,115.91774652270799,39.14454538375139,82.96738222998641,1.8028280846774578,23120.543619155884,0.0,36.0,5.0,0.0,0.6607142857142857,0.5517326854169369,0.5456426898017526,0.020299999450799078,0.85
md_cbad_dqn,809,75,120.32898415923118,116.30624550475008,40.51188884675503,79.8170953720808,1.8116099322214723,24099.659481048584,0.0,33.0,0.0,2.0,0.6561904761904762,0.587530480697751,0.5815729945898056,0.019858299230691046,0.85
md_cbad_dqn,809,76,124.21943692862988,116.87846036596424,43.18734221160412,81.03209407627583,1.7931335661560297,24460.987701416016,0.0,35.0,0.0,0.0,0.6516666666666667,0.5339414002373815,0.5274799354374409,0.021538203989621252,0.85
md_cbad_dqn,809,77,103.7942169457674,114.38591675943096,36.05904032289982,67.73517693579197,1.7482555732131004,21658.676013946533,0.0,30.0,0.0,3.0,0.6471428571428571,0.521332093514502,0.5145878000184894,0.02248096646508202,0.85
md_cbad_dqn,809,78,123.84507542848587,114.75171260780056,40.40065136551857,83.44442394375801,1.7831560848280787,23620.01113510132,0.0,35.0,0.0,0.0,0.6426190476190476,0.8090436365455389,0.8025519344955683,0.02163899934384972,0.85
md_cbad_dqn,809,79,133.7407874852419,116.33759999296028,38.97790785133839,94.7628798276186,1.8482843115925789,22941.8244972229,0.0,38.0,0.0,1.0,0.6380952380952382,0.7438383847475052,0.7363379001617432,0.025001607602462173,0.85
md_cbad_dqn,809,80,137.4309432284399,117.45866567029695,42.81163337826729,94.6193091945215,1.891161666251719,25238.824367523193,0.0,37.0,8.0,0.0,0.6335714285714286,0.6472318135201931,0.6402810364961624,0.023169244697783142,0.85
md_cbad_dqn,809,81,130.9763300806284,118.27822874217372,43.940334767103195,87.03599556684495,1.8000621292740107,24810.732570648193,0.0,35.0,0.0,2.0,0.6290476190476191,0.5770498467609286,0.5703054908663034,0.022481210180558264,0.85
md_cbad_dqn,809,82,103.42901780456305,116.63004795972827,35.21587213128805,68.21314504742622,1.6349268844351172,20214.171688079834,0.0,31.0,0.0,1.0,0.6245238095238095,0.6304985079914331,0.6237875651568174,0.02236977859865874,0.85
md_cbad_dqn,809,83,123.60043328404427,117.50290393639925,41.738457292318344,81.86197609603406,1.781187559477985,23894.353202819824,0.0,35.0,0.0,1.0,0.62,0.5291916858404875,0.5215644035488367,0.02542426355648786,0.85
md_cbad_dqn,809,84,96.86756750196218,115.59370509052073,36.14454993605614,60.723017156124115,1.615616524592042,20444.94024658203,0.0,27.0,0.0,0.0,0.6154761904761905,0.6360479220747948,0.6289421748369932,0.023685807711444795,0.85
md_cbad_dqn,809,85,104.22184373438358,115.78111579635535,40.602756924927235,63.61908632516861,1.7279753983020782,22965.57358932495,0.0,28.0,0.0,0.0,0.6109523809523809,0.6882023895159364,0.6815291624516249,0.02224407554604113,0.85
md_cbad_dqn,809,86,104.21784311532974,115.53334801935948,39.81058284640312,64.40726076066494,1.7958139181137085,23337.3370513916,0.0,27.0,0.0,0.0,0.6064285714285714,0.9604626782238483,0.9530689604580402,0.024645717116072774,0.85
md_cbad_dqn,809,87,113.22548420131207,114.9440773271153,41.41513440012932,71.81034930944443,1.7428614422678947,23485.926261901855,0.0,30.0,0.0,1.0,0.6019047619047619,0.5564078958705068,0.5493944706395268,0.023378095764201134,0.85
md_cbad_dqn,809,88,111.43062680363656,115.51533818067408,38.90114364027977,72.52948319315911,1.7137518292292953,21733.662967681885,0.0,33.0,0.0,1.0,0.5973809523809523,0.5998347094282508,0.5930146994069219,0.022733378689736128,0.85
md_cbad_dqn,809,89,84.87125545144082,114.04342901760137,32.24862016737461,52.62263503074646,1.5571125289425254,18634.17923927307,0.0,24.0,0.0,1.0,0.592857142857143,0.7297366801649332,0.7228029817342758,0.023112345254048705,0.85
md_cbad_dqn,809,90,95.38471133410931,114.17369908892906,34.83325143158436,60.55145991742611,1.6383528523147106,19862.092052459717,0.0,29.0,0.0,2.0,0.5883333333333334,0.6259975172579288,0.619210746139288,0.0226225700462237,0.85
md_cbad_dqn,809,91,108.5252922564745,113.84697110885179,40.35220915079117,68.17308237552643,1.7357796281576157,22841.32133102417,0.0,30.0,0.0,2.0,0.5838095238095238,0.6011675707995892,0.5938946045935154,0.024243222025688738,0.85
md_cbad_dqn,809,92,96.50337921082973,112.51607927465236,34.15117770433426,62.352201625704765,1.6347389733418822,19795.936492919922,0.0,29.0,0.0,0.0,0.5792857142857144,0.7430991008877754,0.7359758242964745,0.023744241625536233,0.85
md_cbad_dqn,809,93,112.52812954038382,112.5626643017063,40.869220085442066,71.65890836715698,1.7459639022126794,23153.498191833496,0.0,30.0,0.0,0.0,0.5747619047619048,0.8857209635898471,0.8794763088226318,0.02081550710136071,0.85
md_cbad_dqn,809,94,101.54791513085365,111.53446368128739,35.34188510477543,66.20602968335152,1.6242658076807857,20209.878841400146,0.0,29.0,0.0,0.0,0.5702380952380952,0.7968838065862656,0.7897585034370422,0.023751006228849292,0.85
md_cbad_dqn,809,95,110.78434514254332,111.05723173045298,40.624882988631725,70.15946164727211,1.745829532854259,22669.063201904297,0.0,31.0,0.0,0.0,0.5657142857142857,0.6203014068305492,0.613402433693409,0.02299657987896353,0.85
md_cbad_dqn,809,96,116.44590033590794,110.66855490081689,39.758777394890785,76.68712310492992,1.720498968847096,22240.891220092773,0.0,33.0,0.0,1.0,0.5611904761904762,0.7167621571570635,0.7090850584208965,0.025590352714061737,0.85
md_cbad_dqn,809,97,108.75428554415703,110.91655833073636,36.64450506865978,72.10978072881699,1.671258457005024,21136.111461639404,0.0,30.0,0.0,0.0,0.5566666666666666,0.7234510872513056,0.7155095851048827,0.026471677236258984,0.85
md_cbad_dqn,809,98,116.89192026853561,110.56890057273885,40.01669427752495,76.87522506713867,1.7505369884893298,22778.50733566284,0.0,33.0,0.0,1.0,0.5521428571428572,0.7750938395038247,0.7677212981507182,0.024575111747253686,0.85
md_cbad_dqn,809,99,103.16093146204949,109.03990777157927,35.740561097860336,67.42037039399148,1.6655363896861672,20135.668342590332,0.0,31.0,0.0,2.0,0.5476190476190477,0.6942219454795122,0.6877285428345203,0.021644672902766615,0.85
md_cbad_dqn,809,100,113.7585878610611,107.8562900032103,38.68923579156399,75.06935226321221,1.7315586227923632,21987.44082260132,0.0,33.0,0.0,1.0,0.5430952380952381,0.639524357393384,0.6334348656237125,0.020298307936172932,0.85
md_cbad_dqn,809,101,106.66135584563017,106.64054129146041,34.03052481263876,72.6308304965496,1.6437618415802717,19561.71496963501,0.0,31.0,0.0,1.0,0.5385714285714286,0.7689010966569185,0.761468768119812,0.024774411227554083,0.85
md_cbad_dqn,809,102,112.15106070935727,107.07664343670012,40.991945922374725,71.15911493599415,1.7246573464944959,23145.571964263916,0.0,31.0,0.0,2.0,0.5340476190476191,0.7968852557241917,0.7900988142937422,0.022621469106525183,0.85
md_cbad_dqn,809,103,92.70580215752125,105.53191188037397,32.74962702393532,59.9561752974987,1.5753052160143852,18865.184116363525,0.0,27.0,0.0,1.0,0.5295238095238095,0.865911178290844,0.8593594320118427,0.021839136898051947,0.85
md_cbad_dqn,809,104,114.04359370470047,106.39071319051087,37.81661665439606,76.2269766330719,1.7098719030618668,21586.07598876953,0.0,32.0,0.0,0.0,0.525,0.7425062861293554,0.7362176403403282,0.02096214599441737,0.85
md_cbad_dqn,809,105,105.71814293563367,106.46552815057339,36.05616484582424,69.66197792589665,1.6364395208656788,19919.627117156982,0.0,32.0,0.0,1.0,0.5204761904761905,0.7688656393438578,0.7617966197431087,0.02356340060941875,0.85
md_cbad_dqn,809,106,95.01824704557657,106.00554834708574,32.52063951641321,62.49760727584362,1.595327977091074,18611.846878051758,0.0,27.0,0.0,1.0,0.5159523809523809,0.6759083885699511,0.6696535646915436,0.020849395252298564,0.85
md_cbad_dqn,809,107,102.04254610836506,105.44640144243836,36.86835339665413,65.17419236898422,1.6740438221022487,21363.54405593872,0.0,28.0,0.0,0.0,0.5114285714285716,0.7599493134766817,0.7528008688241243,0.02382812713040039,0.85
md_cbad_dqn,809,108,89.83127209842205,104.36643370717766,31.76822244375944,58.06305019855499,1.5532926619052887,18337.045265197754,0.0,27.0,0.0,2.0,0.506904761904762,0.7402929542586207,0.7332094432786107,0.023611673386767507,0.85
md_cbad_dqn,809,109,106.67468798160553,105.45660533368587,33.38678911328316,73.28789949417114,1.6924951523542404,20625.177131652832,0.0,31.0,0.0,0.0,0.5023809523809524,0.8301271125674248,0.823865408077836,0.02087233797647059,0.85
md_cbad_dqn,809,110,113.09895588457584,106.34231756120921,42.19415105879307,70.90480536222458,1.80178062338382,23957.781703948975,0.0,30.0,0.0,1.0,0.4978571428571429,0.9781518001109362,0.9692307971417904,0.029736669501289725,0.85
md_cbad_dqn,809,111,109.57494853436947,106.39480037510393,39.30990728735924,70.2650408744812,1.7118834778666496,22604.531902313232,0.0,30.0,0.0,0.0,0.4933333333333334,0.8401145599782467,0.8324599228799343,0.025515438930597156,0.85
md_cbad_dqn,809,112,95.90912906080484,106.36508786760271,34.964257054030895,60.94487202167511,1.6212492538616061,19495.281059265137,0.0,27.0,0.0,0.0,0.4888095238095238,0.8242270480841398,0.8173971399664879,0.022766364621929824,0.85
md_cbad_dqn,809,113,118.95418711900712,106.68639074653386,39.72052074968815,79.23366669714451,1.7896669963374734,23117.945114135742,0.0,34.0,0.0,2.0,0.4842857142857143,0.7116038063541055,0.7044239677488804,0.02393278805539012,0.85
md_cbad_dqn,809,114,100.82392971515655,106.65019147574904,35.57385003566742,65.25007888972759,1.6580538153648376,20966.48314666748,0.0,29.0,0.0,2.0,0.4797619047619047,0.8324706135317683,0.825110150501132,0.024534852360375226,0.85
md_cbad_dqn,809,115,105.98636659383774,106.41029254831373,36.79524886608124,69.19111707210541,1.6693934006616473,20469.372764587402,0.0,30.0,0.0,1.0,0.47523809523809524,0.7915692739188671,0.7844076827168465,0.023871975135989487,0.85
md_cbad_dqn,809,116,91.75235339701176,105.17561520136894,34.37658007442951,57.375773277878764,1.5697730835527182,19236.02307319641,0.0,25.0,0.0,3.0,0.47071428571428575,0.8689925810322165,0.8612195998430252,0.025909943506121635,0.85
md_cbad_dqn,809,117,109.67322234213353,105.22156204126775,36.5820419639349,73.09118052721024,1.7032739417627454,20889.14413833618,0.0,31.0,0.0,2.0,0.46619047619047627,0.9372089728713036,0.9296930059790611,0.02505323733203113,0.85
md_cbad_dqn,809,118,102.16432354003192,104.48518220484257,32.90596792846918,69.25835604369641,1.6213520299643278,19014.27882194519,0.0,31.0,0.0,1.0,0.46166666666666667,0.9054434560239315,0.8984891958534718,0.023180863354355097,0.85
md_cbad_dqn,809,119,102.02337835729122,104.42830454960468,34.19525063037872,67.8281272649765,1.6513276416808367,19793.83536529541,0.0,29.0,0.0,0.0,0.4571428571428572,0.6563325878232718,0.6482990495860577,0.026778479921631515,0.85
md_cbad_dqn,809,120,97.40030387938023,103.61039035052063,35.171219512820244,62.22908418774605,1.621467625722289,19911.10577392578,0.0,28.0,0.0,2.0,0.4526190476190477,0.668666323646903,0.6606690660119057,0.026657517650164664,0.85
md_cbad_dqn,809,121,90.6499751508236,102.8098213157803,32.50390561670065,58.14607025682926,1.6068175584077835,18818.164581298828,0.0,28.0,0.0,1.0,0.4480952380952381,0.8659391328692436,0.8582586534321308,0.025601588538847864,0.85
md_cbad_dqn,809,122,61.702849231660366,100.28741074189546,27.62573167681694,34.07711720466614,1.468568542972207,15937.479530334473,0.0,17.0,0.0,0.0,0.4435714285714286,0.877820011228323,0.8716921610757709,0.02042617229744792,0.85
md_cbad_dqn,809,123,91.71068707853556,100.23765498794616,32.594420336186886,59.11626681685448,1.5783190606161952,18643.468627929688,0.0,25.0,0.0,2.0,0.439047619047619,0.7800482530146837,0.7720085307955742,0.02679906354751438,0.85
md_cbad_dqn,809,124,106.66198425740004,99.86857451558113,36.23956182599068,70.42242202162743,1.6364746624603868,20436.658338546753,0.0,31.0,0.0,1.0,0.43452380952380953,0.7056607026606798,0.6985055580735207,0.023850515892263502,0.85
md_cbad_dqn,809,125,104.91790759861469,99.82856274873019,37.212948113679886,67.70495947003364,1.6666466454043984,20781.4105758667,0.0,29.0,0.0,3.0,0.43000000000000005,1.0686138309538364,1.0611731000244617,0.024802447587717324,0.85
md_cbad_dqn,809,126,98.8410638511181,100.01970358900726,36.73850338160992,62.10256063342094,1.659378389827907,20807.10427093506,0.0,27.0,0.0,2.0,0.42547619047619056,1.1882148962467909,1.1812020316720009,0.023376245226245373,0.85
md_cbad_dqn,809,127,105.05028427392244,100.17009049728513,35.24119263142347,69.8090912103653,1.643002930097282,19885.245420455933,0.0,30.0,0.0,0.0,0.42095238095238097,0.9578987322747707,0.9497560150921345,0.027142358187120408,0.85
md_cbad_dqn,809,128,88.76794462054968,100.11692412339151,31.05879021435976,57.709154242277144,1.527101374231279,17598.796478271484,0.0,26.0,0.0,3.0,0.41642857142857137,1.1272579785436392,1.1196895986795425,0.025227934936992824,0.85
md_cbad_dqn,809,129,76.16168254166841,98.59127385139467,29.269803427159786,46.891879233717916,1.469342133961618,16463.89471054077,0.0,22.0,0.0,2.0,0.4119047619047619,0.773525083437562,0.7658781073987484,0.025489923893474042,0.85
md_cbad_dqn,809,130,87.46454773247243,97.3095534437895,31.60040505975485,55.86414321660995,1.5269607855007052,17922.073835372925,0.0,26.0,0.0,1.0,0.4073809523809524,0.901331352069974,0.8942614048719406,0.023566532763652503,0.85
md_cbad_dqn,809,131,97.79118559658528,96.72036529690028,34.212689995765686,63.57849606275558,1.6208284106105566,19409.798191070557,0.0,28.0,0.0,1.0,0.4028571428571429,0.8749024979770184,0.8672856688499451,0.025389368296600878,0.85
md_cbad_dqn,809,132,97.98794186860323,96.82430593729019,34.49275143444538,63.49519142508507,1.619125653989613,19688.88317489624,0.0,28.0,0.0,0.0,0.39833333333333343,0.8172790575772524,0.8101065810769796,0.023908269125968218,0.85
md_cbad_dqn,809,133,96.11747196316719,95.68247017949821,33.39648889005184,62.720983147621155,1.5598487928509712,18492.843942642212,0.0,28.0,0.0,0.0,0.39380952380952383,1.0234809331595898,1.0139256045222282,0.03185114439111203,0.85
md_cbad_dqn,809,134,99.34541790187359,95.60854458883405,34.80748562514782,64.53793168067932,1.6104896981269121,19687.34251022339,0.0,28.0,0.0,1.0,0.38928571428571423,0.9007495734840631,0.892672723159194,0.026922841905616224,0.85
md_cbad_dqn,809,135,98.5147067680955,95.23496159754694,36.64588917046785,61.86881721019745,1.613145226612687,20377.12596511841,0.0,28.0,0.0,0.0,0.38476190476190475,0.9013040103018284,0.8936032019555569,0.02566933399066329,0.85
md_cbad_dqn,809,136,96.1759159654379,95.45613972596826,34.35001879930496,61.82589774727821,1.6386937815696,19788.340339660645,0.0,28.0,0.0,2.0,0.38023809523809526,1.00741932913661,0.9993259757757187,0.026977839646860957,0.85
md_cbad_dqn,809,137,83.68995149731636,94.15697618372738,30.42472967505455,53.26522170305252,1.5148725472390652,17044.34100341797,0.0,25.0,0.0,2.0,0.3757142857142858,0.9715856369584799,0.9622572921216488,0.031094492645934224,0.85
md_cbad_dqn,809,138,111.97005243599415,94.6472626285255,37.398625656962395,74.57142646610737,1.7028933055698872,21418.745304107666,0.0,33.0,0.0,0.0,0.3711904761904763,0.8406207412481308,0.8330758512020111,0.025149658787995577,0.85
md_cbad_dqn,809,139,81.22858119010925,93.60752277016641,29.49023875594139,51.73834219574928,1.508577885106206,16808.244743347168,0.0,23.0,0.0,0.0,0.3666666666666667,0.9209825899451971,0.9140024855732918,0.023267015116289258,0.85
md_cbad_dqn,809,140,94.54748847484589,93.46488199993968,32.5932774245739,61.95421060323715,1.5698739858344197,18683.025875091553,0.0,28.0,0.0,1.0,0.3621428571428572,0.978846438229084,0.9716136995702982,0.02410916268127039,0.85
md_cbad_dqn,809,141,84.57499420046807,93.16113295242192,31.069830134510994,53.505164140462874,1.5393565548583865,17747.631679534912,0.0,26.0,0.0,1.0,0.3576190476190476,1.1204078029841185,1.1131639257073402,0.024146257434040308,0.85
md_cbad_dqn,809,142,75.68892477452755,93.86043672956528,29.987042486667633,45.70188245177269,1.5418696366250515,17856.545639038086,0.0,21.0,0.0,0.0,0.35309523809523813,0.9297616919502616,0.9224069146439433,0.024515944067388773,0.85
md_cbad_dqn,809,143,89.3284807652235,93.74132641389967,30.52866902947426,58.79981133341789,1.5900245103985071,17812.778186798096,0.0,27.0,0.0,1.0,0.34857142857142864,1.034962423145771,1.0281475335359573,0.02271634474163875,0.85
md_cbad_dqn,809,144,100.51315081119537,93.43388474158942,36.096142053604126,64.41700893640518,1.6740807173773646,20716.074348449707,0.0,29.0,0.0,1.0,0.34404761904761905,1.0611103475093842,1.0535729452967644,0.02512468327768147,0.85
md_cbad_dqn,809,145,82.45933010578156,92.31095586694778,28.358419358730316,54.10091080665588,1.4822928244248033,15849.66346359253,0.0,27.0,0.0,1.0,0.33952380952380956,0.966345552355051,0.9585077464580536,0.02612604817841202,0.85
md_cbad_dqn,809,146,76.13779276013375,91.17579231239856,28.408229373395443,47.729562947154044,1.4660488618537784,16100.761310577393,0.0,23.0,0.0,1.0,0.3350000000000001,1.039585279300809,1.0311182104051113,0.02822357084369287,0.85
md_cbad_dqn,809,147,97.84336682856083,90.81544644013049,31.36993019282818,66.47343735098839,1.5770549839362502,18006.094882965088,0.0,29.0,0.0,4.0,0.3304761904761905,1.0177874453365803,1.0096182003617287,0.02723081863950938,0.85
md_cbad_dqn,809,148,97.21136718988419,91.2376175685972,35.26174083352089,61.949627086520195,1.6089380728080869,19968.307720184326,0.0,29.0,0.0,1.0,0.325952380952381,1.0959739983081818,1.0879914686083794,0.02660841168835759,0.85
md_cbad_dqn,809,149,105.32851289212704,92.69595908612014,33.844277903437614,71.48423497378826,1.6287693101912737,19300.514183044434,0.0,32.0,0.0,0.0,0.3214285714285714,1.0668103341013193,1.0592403430491686,0.02523331658449024,0.85
md_cbad_dqn,809,150,97.4782405436039,93.19664372667671,33.126532539725304,64.3517082720995,1.6484841937199235,19652.330032348633,0.0,27.0,0.0,1.0,0.3169047619047619,0.9557185005396605,0.9471540804952383,0.028548020403832197,0.85
md_cbad_dqn,809,151,97.46591462939978,93.18038017831744,33.625468254089355,63.84044620394707,1.6053359545767307,19178.778423309326,0.0,28.0,0.0,0.0,0.3123809523809524,0.7909081522375345,0.7829384412616491,0.02656567853409797,0.85
md_cbad_dqn,809,152,108.05716067552567,93.68384111866355,39.03868391364813,69.01847653090954,1.6646683095023036,21674.902935028076,0.0,31.0,0.0,1.0,0.30785714285714294,1.0516481641680002,1.0445960499346256,0.023507024510763586,0.85
md_cbad_dqn,809,153,79.54631751775742,92.85528339639306,29.90957347303629,49.636744275689125,1.4971509957686067,16902.451469421387,0.0,23.0,0.0,1.0,0.30333333333333345,0.8195115700364113,0.8114988505840302,0.026709052734076977,0.85
md_cbad_dqn,809,154,102.60913336277008,93.01846916943789,34.60641784220934,68.00271613895893,1.6236874489113688,19886.814785003662,0.0,30.0,0.0,0.0,0.29880952380952375,0.9066390357911587,0.8986853919923306,0.026512142037972808,0.85
md_cbad_dqn,809,155,89.59078696370125,92.57227317921817,31.47145438194275,58.1193325817585,1.5543685154989362,18325.184719085693,0.0,25.0,0.0,0.0,0.29428571428571426,1.1145228631794453,1.105951527133584,0.0285711019532755,0.85
md_cbad_dqn,809,156,88.44932932406664,92.18594384714962,32.9123347774148,55.53699538111687,1.6554334070533514,19532.64789581299,0.0,26.0,0.0,1.0,0.2897619047619048,1.2855781931430101,1.2770133335143328,0.028549531707540154,0.85
md_cbad_dqn,809,157,91.29927769303322,92.56641015693546,33.603187039494514,57.696090400218964,1.5799064254388213,19057.577575683594,0.0,25.0,0.0,0.0,0.2852380952380953,0.8578340224921703,0.8488730154931545,0.02987002208828926,0.85
md_cbad_dqn,809,158,83.93169108778238,91.16449208952487,30.51627277582884,53.41541813313961,1.5339560890570283,16900.656593322754,0.0,25.0,0.0,0.0,0.2807142857142858,0.9966549482196569,0.9891270399093628,0.025093062489759177,0.85
md_cbad_dqn,809,159,79.17712841182947,91.06191945061087,29.922490499913692,49.25463804602623,1.4897225480526686,16775.005859375,0.0,23.0,0.0,0.0,0.2761904761904763,1.0077372342348099,1.0007420796900988,0.023317174636758864,0.85
md_cbad_dqn,809,160,83.86858658492565,90.52797435611487,30.32139691710472,53.5471897572279,1.5200227173045278,17115.82084465027,0.0,26.0,0.0,1.0,0.2716666666666666,0.8963975738734007,0.8897604253143072,0.022123834292870015,0.85
md_cbad_dqn,809,161,82.95098775029183,90.44677403360606,29.61830846220255,53.332679191231726,1.558739754371345,17359.2336769104,0.0,27.0,0.0,1.0,0.2671428571428571,0.9682735148817301,0.9602977521717548,0.026585895335301757,0.85
md_cbad_dqn,809,162,89.19507618248463,91.12208160400391,30.469059117138386,58.7260165810585,1.4807140985503793,16702.86667251587,0.0,29.0,0.0,1.0,0.26261904761904764,1.207540050148964,1.1994645781815052,0.026918249088339508,0.85
md_cbad_dqn,809,163,88.32728108167649,91.07202161982657,32.81028901040554,55.51699256300926,1.5466163605451584,18310.335815429688,0.0,25.0,0.0,1.0,0.25809523809523816,0.9118462260812521,0.9045213907957077,0.024416114203631878,0.85
md_cbad_dqn,809,164,93.64341226220131,90.72853469237687,32.3574308604002,61.285981208086014,1.641768865287304,19160.449924468994,0.0,26.0,0.0,1.0,0.25357142857142867,1.0996457748115063,1.092459974810481,0.023952620045747608,0.85
md_cbad_dqn,809,165,76.42463132739067,90.42679975345732,28.795700147747993,47.62893131375313,1.4851825190708041,16398.94525527954,0.0,22.0,0.0,1.0,0.24904761904761907,0.8846077807247639,0.877220718190074,0.024623497971333563,0.85
md_cbad_dqn,809,166,89.3023028075695,91.0850252558291,30.347475230693817,58.954827293753624,1.550136860460043,17105.684537887573,0.0,29.0,0.0,0.0,0.2445238095238096,1.0408009067177773,1.0319779217243195,0.02940997970290482,0.85
md_cbad_dqn,809,167,108.25463299453259,91.60558856412767,37.09158571064472,71.16304776072502,1.727444819174707,21040.89587020874,0.0,32.0,0.0,0.0,0.24,1.0368175003677607,1.028999151661992,0.026061165262944996,0.85
md_cbad_dqn,809,168,77.1480294495821,90.60242167711257,28.672732934355736,48.47529660463333,1.5088153118267655,16548.070915222168,0.0,22.0,0.0,2.0,0.2354761904761905,0.8946444522589445,0.8870716374367476,0.025242735049687326,0.85
md_cbad_dqn,809,169,94.72302428632975,90.07214724682271,32.176163889467716,62.546860322356224,1.5610737996175885,17964.993181228638,0.0,28.0,0.0,0.0,0.23095238095238102,0.9492707420140505,0.9409683011472225,0.027674788958393037,0.85
md_cbad_dqn,809,170,120.02012573480606,91.19924150638282,42.88799798488617,77.13212779462337,1.7638148823753,23546.578212738037,0.0,33.0,0.0,2.0,0.22642857142857142,0.8134152945131063,0.8049995452165604,0.028052505920641124,0.85
md_cbad_dqn,809,171,99.11237523704767,91.28156453676522,33.902264691889286,65.21011036634445,1.6153566809371114,19119.058532714844,0.0,28.0,0.0,1.0,0.22190476190476194,0.9097748063504696,0.9021028745919466,0.025573067483492196,0.85
md_cbad_dqn,809,172,95.77533684670925,90.6674733453244,32.808325693011284,62.967011004686356,1.5855578146874905,18968.81078338623,0.0,28.0,0.0,2.0,0.21738095238095245,1.2383748907595873,1.2299099639058113,0.028216466773301363,0.85
md_cbad_dqn,809,173,77.67616468444467,90.57396570365876,30.832711521536112,46.843452924489974,1.5321899726986885,17555.60478401184,0.0,21.0,0.0,1.0,0.21285714285714286,1.0624168254435062,1.0549294985830784,0.02495770889800042,0.85
md_cbad_dqn,809,174,94.20387780666351,90.15370292585344,31.001706957817078,63.2021711319685,1.543000653386116,17788.130138397217,0.0,28.0,0.0,0.0,0.20833333333333337,0.9489559438079596,0.9410793744027615,0.026255216274876148,0.85
md_cbad_dqn,809,175,89.46768077015876,90.14754761617631,33.552824564278126,55.91485657095909,1.5573043301701546,18746.68978881836,0.0,27.0,0.0,2.0,0.20380952380952377,1.0005886405706406,0.9927211981266737,0.026224819594062865,0.85
md_cbad_dqn,809,176,102.77095572650433,90.8636289362982,36.031077444553375,66.73987820744514,1.6265653083100915,19875.632606506348,0.0,29.0,0.0,0.0,0.1992857142857143,1.149266753345728,1.1417740490287542,0.024975692853331566,0.85
md_cbad_dqn,809,177,81.73797442018986,90.38556377265603,28.731807224452496,53.006166607141495,1.511188198812306,16792.240436553955,0.0,25.0,0.0,0.0,0.1947619047619048,1.349779188632965,1.3410207740962505,0.029194691916927695,0.85
md_cbad_dqn,809,178,94.4526309594512,90.91161076623946,32.481924779713154,61.970705687999725,1.6033108625561,18538.91330718994,0.0,28.0,0.0,0.0,0.19023809523809532,0.9925347976386547,0.9836780354380608,0.029522565775550902,0.85
md_cbad_dqn,809,179,94.97490419000387,91.70149955514819,33.02354133874178,61.951362806558606,1.585570240393281,18301.627418518066,0.0,26.0,0.0,3.0,0.18571428571428583,1.1064479481428862,1.0983203165233135,0.02709212154150009,0.85
md_cbad_dqn,809,180,110.79808101058006,93.04797427643089,35.60988740622997,75.18819290399551,1.6693124482408166,19868.939308166504,0.0,33.0,0.0,0.0,0.18119047619047624,1.1263148598372936,1.1186042670160532,0.025701962178573012,0.85
md_cbad_dqn,809,181,82.87993388026953,93.0444215829298,30.001547016203403,52.8783878326416,1.5228685047477484,16887.469875335693,0.0,23.0,0.0,1.0,0.17666666666666664,1.03124825283885,1.0231786035001278,0.026898834272287786,0.85
md_cbad_dqn,809,182,82.69485270529985,92.71941040907055,28.75430442392826,53.940548467636106,1.502580869011581,16350.095115661621,0.0,25.0,0.0,2.0,0.17214285714285715,1.0021936260163784,0.9938488136976957,0.027816026005893946,0.85
md_cbad_dqn,809,183,86.30594349801541,92.61834352988751,29.490560352802277,56.815382891893385,1.5351233966648579,17312.034507751465,0.0,25.0,0.0,2.0,0.16761904761904767,0.8051351606845856,0.7957164607942104,0.03139569016639143,0.85
md_cbad_dqn,809,184,81.60007797926664,92.01617681574076,29.370072536170483,52.230005353689194,1.5064646769315004,17119.504154205322,0.0,24.0,0.0,0.0,0.16309523809523818,1.0355488155037165,1.027208685874939,0.027800398296676576,0.85
md_cbad_dqn,809,185,74.89568470418453,91.93972948458045,27.82420076429844,47.071484327316284,1.4517069356516004,15807.301807403564,0.0,22.0,0.0,0.0,0.1585714285714287,1.0106916893273592,1.0030484423041344,0.025477500399574637,0.85
md_cbad_dqn,809,186,85.45703078210354,91.74746588330717,31.166384622454643,54.29064536988735,1.5450386544689536,17540.162408828735,0.0,25.0,0.0,2.0,0.1540476190476191,0.9424212537705898,0.935364656150341,0.023521992261521518,0.85
md_cbad_dqn,809,187,82.82928885817527,90.4761986764893,29.897138826549053,52.932149934768674,1.4930099612101912,16839.010887145996,0.0,25.0,0.0,2.0,0.1495238095238095,1.1262138653546572,1.1182285491377115,0.02661772776627913,0.85
md_cbad_dqn,809,188,90.26576335281133,91.13208537165076,32.67515543848276,57.5906084805727,1.5942267356440425,18441.323238372803,0.0,25.0,0.0,2.0,0.14500000000000002,1.2025709822773933,1.1946596652269363,0.026371050160378218,0.85
md_cbad_dqn,809,189,78.08637175858021,90.3002527452633,27.757361590862274,50.32901003360748,1.4398913932964206,14948.519020080566,0.0,24.0,0.0,1.0,0.14047619047619053,0.9464120324701071,0.938138484954834,0.027578490087762475,0.85
md_cbad_dqn,809,190,82.20877752602101,88.40968533482403,29.747950166463852,52.4608282238245,1.517044366337359,16641.759841918945,0.0,23.0,0.0,1.0,0.13595238095238105,0.9459016732871532,0.9377883560955524,0.02704437216743827,0.85
md_cbad_dqn,809,191,83.33672867119313,87.62090300653131,30.334008805453777,53.00271978378296,1.5311474250629544,17589.84238052368,0.0,27.0,0.0,1.0,0.13142857142857145,0.9410054739564657,0.9321663230657578,0.029463839600794017,0.85
md_cbad_dqn,809,192,94.2512695491314,87.54469964165241,33.2490424066782,61.00222682952881,1.5798672568053007,18831.226051330566,0.0,27.0,0.0,0.0,0.12690476190476196,0.9958354886621237,0.9884666763246059,0.024562706472352147,0.85
md_cbad_dqn,809,193,90.19758798927069,88.17077080689371,32.71919748932123,57.4783910214901,1.6029208218678832,18263.359354019165,0.0,25.0,0.0,0.0,0.12238095238095237,0.9663457032293081,0.9574656710028648,0.029600099776871502,0.85
md_cbad_dqn,809,194,73.20388126671314,87.1207709798962,28.38211167603731,44.82176949381828,1.4571046130731702,15842.432929992676,0.0,22.0,0.0,3.0,0.11785714285714288,1.058266980573535,1.04973054677248,0.028454835060983896,0.85
md_cbad_dqn,809,195,67.31502731889486,86.01313830733298,25.440545804798603,41.87448135018349,1.4141987385228276,14447.568382263184,0.0,20.0,0.0,1.0,0.1133333333333334,1.2752833291888237,1.2668151296675205,0.02822734066285193,0.85
md_cbad_dqn,809,196,67.4939644485712,84.24928874343632,27.73324590921402,39.76071873307228,1.4615626810118556,15814.972106933594,0.0,20.0,0.0,0.0,0.1088095238095238,1.1673739925026894,1.1587086785584688,0.028884376515634358,0.85
md_cbad_dqn,809,197,77.03870304226875,84.01432517454028,29.132772535085678,47.90593049973249,1.4689584970474243,16140.26182937622,0.0,23.0,0.0,3.0,0.10428571428571431,1.35089903883636,1.3423130735754967,0.028619857039302588,0.85
md_cbad_dqn,809,198,89.00673083215952,83.7420301681757,30.34966132044792,58.65706968307495,1.537155568599701,17279.351833343506,0.0,27.0,0.0,0.0,0.09976190476190483,0.829990716651082,0.8225004784762859,0.024967455305159092,0.85
md_cbad_dqn,809,199,77.62508817315101,82.87453936733304,27.692392572760582,49.93269531726837,1.4675434157252312,15668.350337982178,0.0,23.0,0.0,2.0,0.09523809523809534,1.0868848450481892,1.0786025766283274,0.02760753291659057,0.85
md_cbad_dqn,809,200,76.84076881408691,81.17667375750838,27.099744610488415,49.741024285554886,1.4552630027756095,15311.86275100708,0.0,25.0,0.0,0.0,0.09071428571428575,1.042130671441555,1.0351120941340923,0.023395266267471015,0.85
md_cbad_dqn,809,201,92.62978725284339,81.66416642613709,31.32952769845724,61.30025907754898,1.587538748048246,18218.343547821045,0.0,27.0,0.0,1.0,0.08619047619047626,1.0071654245257378,0.9983320124447346,0.029444686020724475,0.85
md_cbad_dqn,809,202,79.51754445284605,81.50530101351441,29.625675059854984,49.891869214177134,1.5501280361786485,17312.843479156494,0.0,24.0,0.0,4.0,0.08166666666666667,1.063962534070015,1.0559176485985518,0.02681632456369698,0.85
md_cbad_dqn,809,203,97.71166481971741,82.0755870795995,31.117751859128475,66.59391198456288,1.5532951336354017,17402.403560638428,0.0,29.0,0.0,2.0,0.07714285714285718,1.3285688646137714,1.3196706790477037,0.02966059499885887,0.85
md_cbad_dqn,809,204,86.944470949471,82.34280672810972,30.211176685988903,56.73329383134842,1.5408456195145845,17453.11503982544,0.0,24.0,0.0,0.0,0.0726190476190477,1.0533787682652473,1.0451784152537584,0.027334508602507412,0.85
md_cbad_dqn,809,205,69.53635709285736,82.07484034754336,26.739505730569363,42.796851339936254,1.4182892180979252,14428.502578735352,0.0,21.0,0.0,2.0,0.06809523809523821,1.2427654564380646,1.2346494905650616,0.02705322438850999,0.85
md_cbad_dqn,809,206,80.92757423222065,81.84836752004921,29.640485607087612,51.2870891392231,1.511332368478179,16837.14317703247,0.0,23.0,0.0,0.0,0.06357142857142861,1.1500985268503428,1.1424431018531322,0.025518105481751263,0.85
md_cbad_dqn,809,207,68.40334213674069,81.1270701839775,28.146246552467346,40.257095420360564,1.481843939051032,16163.974006652832,0.0,20.0,0.0,1.0,0.059047619047619015,1.1185146607458591,1.1110159382224083,0.024995727348141372,0.85
md_cbad_dqn,809,208,76.58183417469263,80.44287372507155,28.734665602445602,47.8471682369709,1.4781709490343928,15893.692584991455,0.0,23.0,0.0,0.0,0.05452380952380953,0.9505402380600572,0.9425562750548124,0.026613183901645243,0.85
md_cbad_dqn,809,209,83.36226626485586,80.70666845038534,31.901076517999172,51.461189687252045,1.5295624630525708,17531.662746429443,0.0,24.0,0.0,1.0,0.050000000000000044,1.0966393426060677,1.0883306823670864,0.027695516007952392,0.85
md_cbad_dqn,809,210,78.27620404958725,80.51003977656364,27.84109675884247,50.43510717153549,1.4566668076440692,15711.095371246338,0.0,23.0,0.0,0.0,0.050000000000000044,1.0808187741786242,1.0718417800962925,0.029923256137408316,0.85
md_cbad_dqn,809,211,73.62213175296783,80.02430993065238,28.58408635854721,45.03804503679275,1.4554143324494362,15871.706224441528,0.0,21.0,0.0,2.0,0.050000000000000044,1.238095123320818,1.2300763633102179,0.026729195727966726,0.85
md_cbad_dqn,809,212,100.21283076703548,80.32238799154757,34.38524942845106,65.8275815397501,1.6413956079632044,19468.776748657227,0.0,29.0,0.0,0.0,0.050000000000000044,1.0216891970485449,1.013292282819748,0.02798971690936014,0.85
md_cbad_dqn,809,213,77.43702952563763,79.68436006836592,29.11351479589939,48.323514714837074,1.4853159030899405,16466.593938827515,0.0,22.0,0.0,0.0,0.050000000000000044,1.177340080961585,1.1689266674220562,0.028044670587405562,0.85
md_cbad_dqn,809,214,79.70408298075199,80.00937015406787,31.1993917375803,48.50469113886356,1.5395553754642606,17480.585418701172,0.0,24.0,0.0,0.0,0.050000000000000044,1.1039967685937881,1.0951826367527246,0.029380453983321786,0.85
md_cbad_dqn,809,215,73.9808872371912,80.34266314998268,27.740263134241104,46.24062422215938,1.4445813968777657,15309.499694824219,0.0,22.0,0.0,2.0,0.050000000000000044,1.1616944819688797,1.152487764135003,0.030689044040627778,0.85
md_cbad_dqn,809,216,90.72818732261658,81.50437429368495,32.23655700683594,58.491629868745804,1.5960259018465877,18354.625560760498,0.0,27.0,0.0,0.0,0.050000000000000044,1.2793533746153116,1.2713188119232655,0.026781895547173917,0.85
md_cbad_dqn,809,217,81.25296217501163,81.7150872503221,30.511485636234283,50.741476985812184,1.517077872529626,16890.85389328003,0.0,23.0,0.0,2.0,0.050000000000000044,0.8218603990972042,0.8141418937593699,0.0257283573737368,0.85
md_cbad_dqn,809,218,75.15500279515982,81.0225008484721,29.09694753587246,46.05805554986,1.500385895371437,16507.382808685303,0.0,22.0,0.0,0.0,0.050000000000000044,1.109503274783492,1.1007806211709976,0.029075523023493588,0.85
md_cbad_dqn,809,219,88.52354250252247,81.5674235649407,29.22116019576788,59.30238255262375,1.5074483016505837,16284.411888122559,0.0,27.0,0.0,1.0,0.050000000000000044,1.2850191202014685,1.2759289182722569,0.03030064795166254,0.85
md_cbad_dqn,809,220,106.89414206445217,83.07009222745896,33.680642291903496,73.21350011527538,1.6710212901234627,19510.500602722168,0.0,31.0,0.0,3.0,0.050000000000000044,1.1369554791599512,1.1272160187363625,0.032464881194755435,0.85
md_cbad_dqn,809,221,93.94215366244316,83.13571054793894,34.03580989688635,59.906343668699265,1.64829093310982,19370.340621948242,0.0,27.0,0.0,0.0,0.050000000000000044,1.071020821109414,1.0624325927346945,0.028627442312426865,0.85
md_cbad_dqn,809,222,78.87095398455858,83.10338102452457,28.527481228113174,50.34347254037857,1.4745048079639673,15986.640972137451,0.0,23.0,0.0,1.0,0.050000000000000044,1.181492980569601,1.173006746917963,0.028287448338232934,0.85
md_cbad_dqn,809,223,82.64502541720867,82.35004905439914,30.326166346669197,52.31885868310928,1.5317033613100648,17500.938289642334,0.0,24.0,0.0,0.0,0.050000000000000044,1.1080108247697353,1.098733700811863,0.030923713697120547,0.85
md_cbad_dqn,809,224,76.28750814497471,81.81720091417432,28.863173380494118,47.424334451556206,1.4751245817169547,16056.17184829712,0.0,22.0,0.0,1.0,0.050000000000000044,0.9487280286848545,0.9396160263568163,0.030373300425708294,0.85
md_cbad_dqn,809,225,91.7191528916359,82.92634070411324,30.353442922234535,61.36570926904678,1.516277004033327,17011.08851623535,0.0,28.0,0.0,2.0,0.050000000000000044,0.9411537852138281,0.9327640477567911,0.027965827379375696,0.85
md_cbad_dqn,809,226,91.20898261070252,83.44041112303735,30.574087277054787,60.634895318746565,1.5476132603362203,17154.19867706299,0.0,27.0,0.0,1.0,0.050000000000000044,1.1929147727787495,1.1828872822225094,0.033425013767555356,0.85
md_cbad_dqn,809,227,57.198138639330864,82.88015094816686,24.34124993532896,32.856888711452484,1.3574434518814087,13607.809505462646,0.0,19.0,0.0,2.0,0.050000000000000044,1.1905693784356117,1.181385826319456,0.030611804104410112,0.85
md_cbad_dqn,809,228,86.48681907355785,83.37540019311011,27.59056031703949,58.89625880122185,1.500677615404129,16070.414737701416,0.0,26.0,0.0,0.0,0.050000000000000044,1.1921229865401983,1.1833918429911137,0.02910383720882237,0.85
md_cbad_dqn,809,229,75.85990579128266,83.00028216943146,27.734227426350117,48.125679057836535,1.435307715088129,15101.381935119629,0.0,22.0,0.0,3.0,0.050000000000000044,1.171580133959651,1.1630845200270414,0.028318765223957598,0.85
md_cbad_dqn,809,230,85.73474238961936,83.37320908643306,30.655561111867428,55.0791812479496,1.5120436633005738,16977.941455841064,0.0,24.0,0.0,1.0,0.050000000000000044,1.3788507580757141,1.370778363198042,0.026907981373369694,0.85
md_cbad_dqn,809,231,78.98364999890327,83.64128499872983,28.85209532082081,50.13155487179756,1.4634470995515585,15966.858581542969,0.0,24.0,0.0,1.0,0.050000000000000044,1.134666496887803,1.1265973001718521,0.026897322852164507,0.85
md_cbad_dqn,809,232,74.26067290455103,82.34367710560561,27.399124570190907,46.86154769361019,1.443599559366703,15619.642124176025,0.0,22.0,0.0,0.0,0.050000000000000044,1.1764234751462936,1.169005023315549,0.02472816116642207,0.85
md_cbad_dqn,809,233,95.06013696044684,83.22483247734607,31.380436025559902,63.67970103919506,1.5745099419727921,18114.877212524414,0.0,28.0,0.0,1.0,0.050000000000000044,1.1035994980484247,1.0952628012746572,0.0277889936696738,0.85
md_cbad_dqn,809,234,73.08164277076722,82.89371046684684,27.558771044015884,45.52287153303623,1.4615237805992365,15564.101066589355,0.0,22.0,0.0,1.0,0.050000000000000044,1.1231867298483849,1.1153285428881645,0.02619395242072642,0.85
md_cbad_dqn,809,235,89.69998000562191,83.67966510526837,30.675114549696445,59.02486552298069,1.551295000128448,17424.785764694214,0.0,27.0,0.0,0.0,0.050000000000000044,1.1229827273637056,1.1140860877931118,0.02965546096675098,0.85
md_cbad_dqn,809,236,84.28496263921261,83.35750387109817,28.56360425055027,55.72135853767395,1.5318431006744504,16650.575603485107,0.0,25.0,0.0,0.0,0.050000000000000044,1.1231926884502172,1.1149031445384026,0.027631768607534468,0.85
md_cbad_dqn,809,237,104.21527297794819,84.505619411245,33.15987388789654,71.05539953708649,1.605479040183127,18492.360622406006,0.0,30.0,0.0,0.0,0.050000000000000044,1.302581086754799,1.2941447161138058,0.02812128677032888,0.85
md_cbad_dqn,809,238,62.399332624673846,83.8678359027207,26.248128823935986,36.151204232871535,1.4004828734323382,14506.066619873047,0.0,18.0,0.0,3.0,0.050000000000000044,1.0439608246088028,1.034538997337222,0.031406092923134565,0.85
md_cbad_dqn,809,239,82.4597726404667,83.5646474096179,29.00248758494854,53.45728483200073,1.4838692760095,16150.848098754883,0.0,26.0,0.0,1.0,0.050000000000000044,1.0036208126693964,0.9959770422428846,0.025479199015535414,0.85
md_cbad_dqn,809,240,94.15075325369835,82.92747796908023,31.221856087446213,62.92889727056026,1.5589985325932503,17860.79158782959,0.0,30.0,0.0,1.0,0.050000000000000044,1.1159987803548574,1.108140541240573,0.02619414043147117,0.85
md_cbad_dqn,809,241,76.0814158797264,82.03444107994439,28.556611262261868,47.52480463981628,1.4839603519067168,15836.022897720337,0.0,23.0,0.0,2.0,0.050000000000000044,1.0197635982185602,1.0119854770600796,0.025927077047526836,0.85
md_cbad_dqn,809,242,96.5690787434578,82.91934731788935,31.77248704433441,64.79659149050713,1.574939918704331,18058.517051696777,0.0,28.0,0.0,3.0,0.050000000000000044,1.2437457703053951,1.2353122793138027,0.0281116341939196,0.85
md_cbad_dqn,809,243,78.48464558422566,82.71132832624019,27.70420181006193,50.780443572998045,1.4735897295176983,15659.103433609009,0.0,23.0,0.0,1.0,0.050000000000000044,1.412434458732605,1.4042272679507732,0.027357297600246966,0.85
md_cbad_dqn,809,244,82.79143055677415,83.03652444683016,29.26424603909254,53.52718452513218,1.4842264698818326,16393.275478363037,0.0,25.0,0.0,1.0,0.050000000000000044,1.366663619875908,1.359506580978632,0.023856803542003036,0.85
md_cbad_dqn,809,245,58.34211754798889,81.36767267964781,25.521730929613113,32.82038663327694,1.377882898785174,14221.81944656372,0.0,18.0,0.0,0.0,0.050000000000000044,1.072852162644267,1.0639001838862896,0.029839894152246416,0.85
md_cbad_dqn,809,246,89.48715971410275,81.28158153481783,29.60064758360386,59.8865122795105,1.5310958679765463,16554.84711456299,0.0,28.0,0.0,2.0,0.050000000000000044,1.331273540854454,1.3224324341863394,0.029470399254933,0.85
md_cbad_dqn,809,247,91.28974542021751,82.98616187386216,30.67782923579216,60.611916065216064,1.5540188094601035,17601.54010772705,0.0,27.0,0.0,1.0,0.050000000000000044,1.0969124864786863,1.0893684811890125,0.025146697997115552,0.85
md_cbad_dqn,809,248,98.36108023673296,83.5798749320209,31.98101257532835,66.38006736338139,1.5648257518187165,17724.222259521484,0.0,29.0,0.0,0.0,0.050000000000000044,1.2846486531198025,1.2765397932380438,0.027029485208913684,0.85
md_cbad_dqn,809,249,87.54999708533288,84.16437949672343,31.558704003691673,55.99129279851913,1.557592392899096,17642.614055633545,0.0,25.0,0.0,1.0,0.050000000000000044,1.5369355157017708,1.52641012519598,0.03508462698664516,0.85
md_cbad_dqn,809,250,69.1239383816719,83.33383929632605,27.393569104373455,41.730369091033936,1.4407498314976692,15639.071096420288,0.0,22.0,0.0,0.0,0.050000000000000044,1.2800953537225723,1.2710812203586102,0.030047076346818358,0.85
md_cbad_dqn,809,251,103.03664781153202,84.53648918695748,33.34549595415592,69.69115225970745,1.6196710504591465,19166.818489074707,0.0,29.0,0.0,0.0,0.050000000000000044,1.2895266227424145,1.2807938419282436,0.029109228402376175,0.85
md_cbad_dqn,809,252,87.66597152650357,85.20675411805512,30.3933597356081,57.272612223029135,1.545623698271811,17298.790935516357,0.0,28.0,0.0,2.0,0.050000000000000044,1.3174398951232433,1.3091874718666077,0.02750807360280305,0.85
md_cbad_dqn,809,253,81.96747822463513,84.55212118126454,30.338577061891556,51.62890144586563,1.496662912890315,16956.409706115723,0.0,23.0,0.0,1.0,0.050000000000000044,1.5603923946619034,1.5513091087341309,0.030277554062195122,0.85
md_cbad_dqn,809,254,56.66262894123793,83.73117048978807,25.457310043275356,31.20531891286373,1.3642065860331059,14325.629907608032,0.0,18.0,0.0,0.0,0.050000000000000044,1.058343842625618,1.0501911602914333,0.02717566827777773,0.85
md_cbad_dqn,809,255,80.2679940238595,83.25957119069994,27.69310700893402,52.57488787174225,1.4402280133217573,15399.45057296753,0.0,26.0,0.0,0.0,0.050000000000000044,1.4036669787019491,1.3948653303086758,0.029338862281292677,0.85
md_cbad_dqn,809,256,88.11262392550707,83.45095425501466,31.990907065570354,56.121716517210004,1.5769606586545706,18091.91742324829,0.0,26.0,0.0,3.0,0.050000000000000044,1.1949093081057072,1.1871198415756226,0.025964933331124485,0.85
md_cbad_dqn,809,257,72.42756901979446,81.86156905710698,28.147509060800076,44.280059713125226,1.4702510526403785,15645.314826965332,0.0,20.0,0.0,2.0,0.050000000000000044,1.384003896266222,1.3755055107176304,0.02832789090462029,0.85
md_cbad_dqn,809,258,72.7357829362154,82.37839157268404,26.981211826205254,45.7545712441206,1.4328504027798772,15225.4934425354,0.0,22.0,0.0,0.0,0.050000000000000044,1.160402251407504,1.1523879449814558,0.026714364648796618,0.85
md_cbad_dqn,809,259,84.20857174992561,82.465831528157,29.94162353873253,54.26694828569889,1.5119382059201598,16546.120029449463,0.0,24.0,0.0,3.0,0.050000000000000044,1.345506215468049,1.3368549961596727,0.028837386169470847,0.85
md_cbad_dqn,809,260,86.99362105876207,82.10797491841018,30.36211584508419,56.63150529563427,1.5280335834249854,17169.767456054688,0.0,26.0,0.0,0.0,0.050000000000000044,1.5540602654218674,1.544860102236271,0.030667195678688586,0.85
md_cbad_dqn,809,261,71.43773501813412,81.87579087533057,25.60707602649927,45.83065871596337,1.3859566636383533,14662.085670471191,0.0,22.0,0.0,3.0,0.050000000000000044,1.366218976676464,1.3580343220382929,0.027282204711809754,0.85
md_cbad_dqn,809,262,94.28996965587139,81.76183542095124,33.947592712938786,60.342377084493634,1.614202662371099,19230.885173797607,0.0,27.0,0.0,2.0,0.050000000000000044,1.248218610882759,1.239157386124134,0.03020402364199981,0.85
md_cbad_dqn,809,263,83.98045041412115,82.03662566244603,29.409530200064182,54.57092006504536,1.5138218346983194,16791.485080718994,0.0,26.0,0.0,1.0,0.050000000000000044,1.2865061201155186,1.2785678058862686,0.02646109985653311,0.85
md_cbad_dqn,809,264,78.8477178543806,81.83944002732635,28.65240602940321,50.195312204957006,1.4570914935320616,15610.094429016113,0.0,24.0,0.0,3.0,0.050000000000000044,1.4524720925837755,1.4450920633971691,0.02460010547656566,0.85
md_cbad_dqn,809,265,90.79306128025056,83.46198721393942,30.751821890473366,60.04123958349228,1.518474138341844,17206.75106048584,0.0,26.0,0.0,1.0,0.050000000000000044,1.3370418101549149,1.3290807977318764,0.026536713587120175,0.85
md_cbad_dqn,809,266,95.14780124425889,83.74501929044725,33.291778445243835,61.85602238178253,1.5803749905899167,18603.861194610596,0.0,28.0,0.0,2.0,0.050000000000000044,1.4267999976873398,1.4176051616668701,0.030649456661194563,0.85
md_cbad_dqn,809,267,87.65150518864394,83.56310727886856,29.79104545712471,57.86045997738838,1.4897733964025974,16640.528923034668,0.0,25.0,0.0,1.0,0.050000000000000044,1.3988138269633055,1.3899060245603323,0.029692706186324358,0.85
md_cbad_dqn,809,268,95.76200861632825,83.43315369784834,33.55751138180494,62.20449779331684,1.6229141680523753,18991.655502319336,0.0,29.0,0.0,2.0,0.050000000000000044,1.5019591841846704,1.4935909621417522,0.027894044294953346,0.85
md_cbad_dqn,809,269,91.41894806325436,83.6266012467444,31.892213732004166,59.526734018325804,1.542471612803638,17451.857467651367,0.0,27.0,0.0,2.0,0.050000000000000044,1.527381170541048,1.5187838282436132,0.02865777793340385,0.85
md_cbad_dqn,809,270,75.34315477311611,83.93756206631663,30.785394594073296,44.55776064097881,1.5323187625035644,17554.161808013916,0.0,21.0,0.0,0.0,0.050000000000000044,1.704988732933998,1.6972078941762447,0.025936218444257975,0.85
md_cbad_dqn,809,271,80.67002536505461,82.81923094399274,29.033395379781723,51.636629873514174,1.5024478184059262,16473.50297164917,0.0,25.0,0.0,2.0,0.050000000000000044,1.2345568891614676,1.225212411954999,0.0311482478864491,0.85
md_cbad_dqn,809,272,62.620713010430336,81.56696801818909,25.015448078513145,37.605265110731125,1.3703735573217273,13569.43915939331,0.0,19.0,0.0,0.0,0.050000000000000044,1.2209783848375082,1.2116708233952522,0.03102520597167313,0.85
md_cbad_dqn,809,273,79.61749171465635,81.44946869269013,30.486405439674854,49.13108591735363,1.5252083521336317,17376.29112625122,0.0,23.0,0.0,1.0,0.050000000000000044,1.5586430095136166,1.5496349558234215,0.030026902677491307,0.85
md_cbad_dqn,809,274,92.44207590967417,83.23844104111195,33.155655197799206,59.28642024993896,1.5967943221330643,18606.036029815674,0.0,27.0,0.0,1.0,0.050000000000000044,1.194216387346387,1.1852115392684937,0.030016130884177983,0.85
md_cbad_dqn,809,275,78.07558824121952,83.12882075197994,29.144150719046593,48.9314374178648,1.4988595498725772,16513.854152679443,0.0,24.0,0.0,1.0,0.050000000000000044,1.3295014034956694,1.3201134409755468,0.03129326179623604,0.85
md_cbad_dqn,809,276,72.42183528840542,82.34428132012488,25.65248218178749,46.76935341954231,1.4076357493177056,14399.482250213623,0.0,22.0,0.0,0.0,0.050000000000000044,1.2461146414279938,1.238002585247159,0.027040220447815955,0.85
md_cbad_dqn,809,277,90.38636478036642,83.24222110815347,31.557199858129025,58.82916456460953,1.5608475329354405,18004.857152938843,0.0,25.0,0.0,0.0,0.050000000000000044,1.5514877550303936,1.543891966342926,0.025319312582723796,0.85
md_cbad_dqn,809,278,84.16808109879494,83.81383601628245,30.106258511543274,54.061822512745856,1.5299156047403812,17072.718048095703,0.0,26.0,0.0,1.0,0.050000000000000044,1.5942751113325357,1.5861208774149418,0.027180856093764305,0.85
md_cbad_dqn,809,279,90.82714581489563,84.14476471953095,29.254911601543427,61.57223381102085,1.4759698482230306,16366.184219360352,0.0,29.0,0.0,0.0,0.050000000000000044,1.6518032923340797,1.6431695073843002,0.02877929003443569,0.85
md_cbad_dqn,809,280,73.411633887887,83.4656653609872,29.191580325365067,44.22005360722542,1.4807397332042456,16352.956924438477,0.0,20.0,0.0,1.0,0.050000000000000044,1.447385324165225,1.4399706777185202,0.02471552148927003,0.85
md_cbad_dqn,809,281,72.43603586703539,83.51558040343227,27.604119829833508,44.831915605068204,1.4613211192190647,15595.108154296875,0.0,22.0,0.0,2.0,0.050000000000000044,1.4742424841970205,1.4662359822541475,0.026688364567235112,0.85
md_cbad_dqn,809,282,77.97948660254478,82.70005625076593,28.61630103737116,49.36318591535091,1.4729027701541781,16089.63790512085,0.0,23.0,0.0,2.0,0.050000000000000044,1.3327717036008835,1.32450439222157,0.027557748835533857,0.85
md_cbad_dqn,809,283,82.12113704532385,82.60709058232605,29.56554939597845,52.55558781325817,1.5193192288279533,16598.81008529663,0.0,24.0,0.0,0.0,0.050000000000000044,1.4063780177384615,1.3989292420446873,0.02482919639442116,0.85
md_cbad_dqn,809,284,84.33039121329784,82.88122425027191,29.08417422324419,55.24621684849262,1.531081804074347,16864.08553314209,0.0,26.0,0.0,1.0,0.050000000000000044,1.1006117835640907,1.0933990757912397,0.02404238097369671,0.85
md_cbad_dqn,809,285,91.75632508099079,82.92938744030893,33.81693555414677,57.93938963115215,1.5958873871713877,19000.57213973999,0.0,26.0,0.0,0.0,0.050000000000000044,1.2356721553951502,1.227485740557313,0.027288087410852313,0.85
md_cbad_dqn,809,286,91.46580928862095,82.74528784252703,33.25094610452652,58.21486373543739,1.5787142654880881,18555.601276397705,0.0,26.0,0.0,2.0,0.050000000000000044,1.1031487435102463,1.0943791177123785,0.02923210000153631,0.85
md_cbad_dqn,809,287,87.99410077184439,82.76241762168705,30.64573623985052,57.34836432337761,1.5461025387048721,17194.17324066162,0.0,27.0,0.0,0.0,0.050000000000000044,1.048340156674385,1.040179880335927,0.02720095869153738,0.85
md_cbad_dqn,809,288,67.53321295380593,81.35097783856094,26.914318196475506,40.618894600868224,1.4318039128556848,15054.31791305542,0.0,20.0,0.0,1.0,0.050000000000000044,1.0553998369723558,1.0468108430504799,0.028629986278247088,0.85
md_cbad_dqn,809,289,76.60348104834557,80.61020448781551,26.486322715878487,50.117158168554305,1.4444473944604397,14827.45206451416,0.0,23.0,0.0,2.0,0.050000000000000044,1.4127549696713686,1.4046036526560783,0.027171058231033385,0.85
md_cbad_dqn,809,290,86.17016451060772,81.15155497469009,31.67525252699852,54.49491196870804,1.5359401423484087,17617.951999664307,0.0,24.0,0.0,0.0,0.050000000000000044,1.1951041743159294,1.187628174200654,0.02492004807572812,0.85
md_cbad_dqn,809,291,65.36024476736785,80.38606594480576,25.969235606491566,39.391008698940276,1.3968878155574203,14361.855178833008,0.0,21.0,0.0,1.0,0.050000000000000044,1.652701148763299,1.644322095438838,0.02793018927332014,0.85
md_cbad_dqn,809,292,90.42343202233315,81.77620189540089,31.459346525371075,58.96408569812775,1.5312661472707987,17197.169918060303,0.0,26.0,0.0,0.0,0.050000000000000044,1.0601790063083172,1.0514017660170794,0.02925748168490827,0.85
md_cbad_dqn,809,293,81.89143278598786,81.88989894896747,29.335342444479465,52.556090304255484,1.4734563501551747,16315.809658050537,0.0,25.0,0.0,1.0,0.050000000000000044,1.2776568811386824,1.2684999853372574,0.03052297653630376,0.85
md_cbad_dqn,809,294,78.5791966855526,81.1967549877614,28.614454053342342,49.964742520451544,1.4784247362986207,15895.479804992676,0.0,22.0,0.0,1.0,0.050000000000000044,1.2464920356869698,1.238047517836094,0.02814838447375223,0.85
md_cbad_dqn,809,295,76.63638474792242,81.12479481309654,28.084458135068417,48.551926359534264,1.4868637844920158,16002.170976638794,0.0,23.0,0.0,1.0,0.050000000000000044,1.256780132651329,1.2491111140698195,0.025563378003425896,0.85
md_cbad_dqn,809,296,82.48848742246628,81.62812741979958,29.861755430698395,52.62673178315163,1.5042675295844674,16938.559494018555,0.0,24.0,0.0,1.0,0.050000000000000044,1.4030075296759605,1.394896937534213,0.027035286999307573,0.85
md_cbad_dqn,809,297,78.0118428260088,81.0094013220817,29.20762985944748,48.804212445020674,1.4623941034078598,16205.944904327393,0.0,23.0,0.0,1.0,0.050000000000000044,1.5365960896015167,1.528923474252224,0.025575374835170805,0.85
md_cbad_dqn,809,298,68.30060036629439,80.21602728545666,27.251553505659103,41.04904661476612,1.4298091251403093,15475.478424072266,0.0,21.0,0.0,1.0,0.050000000000000044,1.5298905931413174,1.5222069174051285,0.02561228978447616,0.85
md_cbad_dqn,809,299,77.96924614310265,79.57313230186702,29.763170838356018,48.20607494711876,1.5091195926070213,17137.050590515137,0.0,25.0,0.0,1.0,0.050000000000000044,1.4961326494812965,1.4868985898792744,0.030780184897594154,0.85
md_cbad_dqn,809,300,78.13363393396139,79.80923230417075,29.287778101861477,48.845856353640556,1.502793349325657,16610.071296691895,0.0,24.0,0.0,0.0,0.050000000000000044,1.6492519564926624,1.640964575111866,0.027624607901088893,0.85
md_cbad_dqn,809,301,100.37234226167202,81.20604762390256,33.32116727530956,67.05117488205433,1.6229453599080443,18958.078506469727,0.0,30.0,0.0,3.0,0.050000000000000044,1.6813177727162838,1.6735496185719967,0.025893865735270083,0.85
md_cbad_dqn,809,302,82.59501711279154,81.43682414941489,27.512117326259613,55.082899168133736,1.4555443227291107,15634.390766143799,0.0,27.0,0.0,3.0,0.050000000000000044,1.1751005817204714,1.1665780264884233,0.028408497921191156,0.85
md_cbad_dqn,809,303,81.30452939271927,81.39599376678467,28.60079199820757,52.70373758077621,1.4857310988008976,16364.76252746582,0.0,27.0,0.0,1.0,0.050000000000000044,1.4187383837997913,1.4109045192599297,0.026112887891940773,0.85
md_cbad_dqn,809,304,59.60037348866463,80.15949288055302,24.60170926898718,34.99866442084313,1.3544465033337474,13839.1123046875,0.0,19.0,0.0,3.0,0.050000000000000044,1.7895897906273603,1.7800934575498104,0.031654449412599206,0.85
md_cbad_dqn,809,305,94.50648300647735,80.29700077682735,31.572149142622948,62.93433331251144,1.5608620271086693,17163.31027984619,0.0,29.0,0.0,2.0,0.050000000000000044,1.5546231791377068,1.5456090867519379,0.030047000152990222,0.85
md_cbad_dqn,809,306,85.88229642212391,80.0178251335025,28.859575293958187,57.02272125482559,1.4428861178457737,16021.443069458008,0.0,25.0,0.0,1.0,0.050000000000000044,1.0651165079325438,1.056805595755577,0.02770297566894442,0.85
md_cbad_dqn,809,307,94.65912625193596,80.35107640750707,32.656798392534256,62.002327382564545,1.5782453073188663,18359.63819885254,0.0,29.0,0.0,0.0,0.050000000000000044,1.1701489556580782,1.1634639706462622,0.022283260244876146,0.85
md_cbad_dqn,809,308,78.2897237047553,80.88890194505453,29.086225382983685,49.2034975618124,1.4706623442471027,16291.29605102539,0.0,23.0,0.0,2.0,0.050000000000000044,1.3328881803900003,1.3233723230659962,0.03171952173579484,0.85
md_cbad_dqn,809,309,82.16802388429642,81.16712908685209,29.566240914165974,52.60178296267986,1.5150487637147307,16849.503509521484,0.0,25.0,0.0,0.0,0.050000000000000044,1.4322067648172379,1.4233258962631226,0.029602853464893997,0.85
md_cbad_dqn,809,310,87.79913548529149,81.24857763558626,28.948432087898254,58.850702756643294,1.5077017722651362,16380.029022216797,0.0,26.0,0.0,2.0,0.050000000000000044,1.4801200833171606,1.4708144422620535,0.03101879416499287,0.85
md_cbad_dqn,809,311,88.34659043848515,82.39789491914213,29.88353731483221,58.46305330991745,1.5039109457284212,16458.02882003784,0.0,26.0,0.0,2.0,0.050000000000000044,1.3831698037683964,1.3748993072658777,0.0275682759238407,0.85
md_cbad_dqn,809,312,85.03396541625261,82.12842158883811,29.004962168633938,56.02900347113609,1.4873934015631676,16147.246799468994,0.0,27.0,0.0,2.0,0.050000000000000044,1.6562705598771572,1.6487108618021011,0.025198969640769064,0.85
md_cbad_dqn,809,313,87.577650770545,82.41273248806597,31.513450250029564,56.06420013308525,1.5637599239125848,18112.76372528076,0.0,26.0,0.0,1.0,0.050000000000000044,1.3377160746604204,1.3292213752865791,0.028315636911429465,0.85
md_cbad_dqn,809,314,76.94732623547316,82.33113896556199,28.77120292931795,48.17612314224243,1.4627514434978366,15859.215816497803,0.0,24.0,0.0,0.0,0.050000000000000044,1.508560735732317,1.499602548778057,0.029860603506676853,0.85
md_cbad_dqn,809,315,72.96616483032703,82.14762796968222,27.502007767558098,45.464157196879384,1.4375734133645892,15100.244808197021,0.0,23.0,0.0,2.0,0.050000000000000044,1.0458298474550247,1.0361226834356785,0.0323571776971221,0.85
md_cbad_dqn,809,316,60.12590089589357,81.02949864335359,25.968688018620014,34.15721263885498,1.3938003964722157,14317.797206878662,0.0,19.0,0.0,1.0,0.050000000000000044,1.2508627660572529,1.242521159350872,0.02780541917309165,0.85
md_cbad_dqn,809,317,68.61906521171332,80.55985976263881,26.832166135311127,41.78689884543419,1.417486391030252,14856.572280883789,0.0,22.0,0.0,1.0,0.050000000000000044,1.3586925603449345,1.3503245562314987,0.027893399936147034,0.85
md_cbad_dqn,809,318,77.84585432112218,81.03712246038022,27.517840057611465,50.328014427423476,1.4495496563613415,15144.627815246582,0.0,25.0,0.0,1.0,0.050000000000000044,1.3025718182325363,1.2940365355461836,0.02845096495002508,0.85
md_cbad_dqn,809,319,88.34270350784064,81.55579532861711,29.267851822078228,59.07485149204731,1.4888955811038613,16314.475833892822,0.0,27.0,0.0,1.0,0.050000000000000044,1.3577370643615723,1.3497491218149662,0.026626453502103686,0.85
md_cbad_dqn,809,320,68.70533583462239,81.08438042365017,27.692277565598488,41.01305843293667,1.4570165760815144,15828.825973510742,0.0,18.0,0.0,1.0,0.050000000000000044,1.3614692948758602,1.3531753234565258,0.027646544389426708,0.85
md_cbad_dqn,809,321,90.08911945074797,80.57021928310397,31.44098322838545,58.64813637137413,1.5465941820293665,17465.17596435547,0.0,27.0,0.0,1.0,0.050000000000000044,1.4395532328635454,1.4315127432346344,0.02680160792078823,0.85
md_cbad_dqn,809,322,95.01323278397322,81.19113006666305,30.45314134657383,64.56009145975113,1.5236725518479943,17366.869745254517,0.0,28.0,0.0,2.0,0.050000000000000044,1.3804477844387293,1.3723409660160542,0.027022743364796042,0.85
md_cbad_dqn,809,323,67.2214351221919,80.48697535313667,25.424272015690804,41.797163143754005,1.378121125511825,14096.29428100586,0.0,21.0,0.0,0.0,0.050000000000000044,1.363644702360034,1.3550270795822144,0.02872541022952646,0.85
md_cbad_dqn,809,324,64.3400245398283,80.72395790569486,26.009589314460754,38.3304356276989,1.4026423385366797,14312.18217086792,0.0,19.0,0.0,1.0,0.050000000000000044,1.6692401058971882,1.6608191467821598,0.02806980931200087,0.85
md_cbad_dqn,809,325,89.27551463991404,80.4624094873667,32.55523233115673,56.72028236091137,1.5793556086719036,18268.434131622314,0.0,25.0,0.0,1.0,0.050000000000000044,1.4253668934106827,1.4164334572851658,0.02977814432233572,0.85
md_cbad_dqn,809,326,81.42185881137848,80.23938760682941,29.270711101591587,52.1511480897665,1.5063353702425957,16765.09730529785,0.0,25.0,0.0,1.0,0.050000000000000044,1.3715939708054066,1.3620246313512325,0.03189781843684614,0.85
md_cbad_dqn,809,327,100.24439984112978,80.5186512862891,33.521142199635506,66.72325747013092,1.6047220136970282,18608.297779083252,0.0,30.0,0.0,2.0,0.050000000000000044,1.3074826020747423,1.2988156713545322,0.028889717301353812,0.85
md_cbad_dqn,809,328,85.40546707063913,80.8744384545833,30.85936415195465,54.546102806925774,1.5170800620689988,17258.103158950806,0.0,26.0,0.0,1.0,0.050000000000000044,1.4642821177840233,1.455737218260765,0.02848302701022476,0.85
md_cbad_dqn,809,329,75.1313052341342,80.52260252207519,27.504529140889645,47.62677594423294,1.437997329980135,15535.946636199951,0.0,22.0,0.0,1.0,0.050000000000000044,1.7907611820846796,1.7830995917320251,0.025538641028106213,0.85
md_cbad_dqn,809,330,76.37653660774231,79.95147257819772,27.726559452712536,48.649977222085,1.45965604390949,15308.03119468689,0.0,23.0,0.0,0.0,0.050000000000000044,1.1507205087691545,1.1426165644079447,0.027013157086912543,0.85
md_cbad_dqn,809,331,95.52247510999442,80.31026681177319,32.99010683596134,62.53236771523952,1.6066948091611266,18948.046487808228,0.0,27.0,0.0,2.0,0.050000000000000044,1.1828183475881815,1.1752048786729574,0.02537824015598744,0.85
md_cbad_dqn,809,332,78.33328920602798,79.97523300126197,28.502440877258778,49.83084851503372,1.4850576650351286,16339.238136291504,0.0,24.0,0.0,1.0,0.050000000000000044,1.5318710897117853,1.5231782626360655,0.028976052650250494,0.85
md_cbad_dqn,809,333,68.62320720404387,79.0275108229369,27.59062647819519,41.0325813293457,1.421157798729837,15381.536071777344,0.0,21.0,0.0,0.0,0.050000000000000044,1.1812857016921043,1.1734936758875847,0.02597347740083933,0.85
md_cbad_dqn,809,334,72.90214889794588,78.82525195606054,27.28145856410265,45.62069021463394,1.438051643781364,15194.901168823242,0.0,21.0,0.0,2.0,0.050000000000000044,1.4699376337230206,1.461574960500002,0.02787557104602456,0.85
md_cbad_dqn,809,335,96.8379478931427,80.0188411092013,31.65894876420498,65.17899994850158,1.572053836658597,17964.56934738159,0.0,31.0,0.0,3.0,0.050000000000000044,1.4517017342150211,1.44233076274395,0.031236596521921456,0.85
md_cbad_dqn,809,336,77.37812297046185,80.88145221292973,28.850593328475952,48.527529671788216,1.4963297164067626,16600.2640209198,0.0,24.0,0.0,0.0,0.050000000000000044,1.6046648025512695,1.5959371868520975,0.029092000448144972,0.85
md_cbad_dqn,809,337,91.74086451530457,82.03754217810929,30.91256019473076,60.82830384373665,1.5497345123440027,17564.621047973633,0.0,28.0,0.0,0.0,0.050000000000000044,1.6537006366997957,1.6451082453131676,0.02864125685300678,0.85
md_cbad_dqn,809,338,91.9649281874299,82.74349587142468,31.87936145067215,60.08556632697582,1.5713977487757802,18097.22212600708,0.0,27.0,0.0,0.0,0.050000000000000044,1.4005548059940338,1.3928990066051483,0.025519259506836534,0.85
md_cbad_dqn,809,339,59.80483041405678,81.31660221673548,24.003478564321995,35.801351603865626,1.3506577536463737,13651.555015563965,0.0,19.0,0.0,4.0,0.050000000000000044,1.6516129486262798,1.6433737240731716,0.02746410615509376,0.85
md_cbad_dqn,809,340,83.4640225186944,82.05453655093909,31.272080697119236,52.191941836476325,1.513604654930532,17565.624801635742,0.0,25.0,0.0,1.0,0.050000000000000044,1.616628909483552,1.6082638166844845,0.02788359671831131,0.85
md_cbad_dqn,809,341,68.02295058369637,80.95122810758652,24.97387257218361,43.04907771348953,1.389716855250299,13997.384967803955,0.0,20.0,0.0,2.0,0.050000000000000044,1.2612940780818462,1.2526153437793255,0.028929110732860863,0.85
md_cbad_dqn,809,342,85.57737729847432,80.47943533331157,30.65634723007679,54.9210295766592,1.521065417677164,17028.37629699707,0.0,27.0,0.0,3.0,0.050000000000000044,1.7832580786198378,1.7745510637760162,0.029023278271779418,0.85
md_cbad_dqn,809,343,96.52410545945168,81.94456885017455,30.547084130346775,65.97702226042747,1.5356502467766404,17227.182083129883,0.0,29.0,0.0,1.0,0.050000000000000044,1.8515921831130981,1.8433234877884388,0.027562353410758078,0.85
md_cbad_dqn,809,344,85.35646550357342,82.9953908983618,28.572947956621647,56.783517479896545,1.4723865687847137,16329.340019226074,0.0,26.0,0.0,0.0,0.050000000000000044,2.263617642223835,2.255092903971672,0.028415728360414505,0.85
md_cbad_dqn,809,345,67.35648819804192,81.8994395762682,25.688968390226364,41.66751992702484,1.4007345335558057,14298.022159576416,0.0,23.0,0.0,0.0,0.050000000000000044,1.6594498362392187,1.652074582874775,0.02458416868466884,0.85
md_cbad_dqn,809,346,89.61575135588646,82.30913420349358,30.003469184041023,59.61228224635124,1.5180685156956315,16932.573833465576,0.0,28.0,0.0,0.0,0.050000000000000044,1.329038904979825,1.3206931371241808,0.027819201815873384,0.85
md_cbad_dqn,809,347,70.13108057826757,80.80346824035048,27.518758915364742,42.61232154369354,1.4252005135640502,15369.8275680542,0.0,19.0,0.0,2.0,0.050000000000000044,1.328065238893032,1.3186743054538965,0.031303120544180274,0.85
md_cbad_dqn,809,348,68.83023899793625,79.97470683671534,28.183445379137993,40.64679364860058,1.4404966915026307,15651.80573272705,0.0,21.0,0.0,0.0,0.050000000000000044,1.6324689593166113,1.6243749558925629,0.02698005991987884,0.85
md_cbad_dqn,809,349,75.45617796629668,79.99095047332347,27.311031475663185,48.145146736502646,1.429198327474296,15330.159484863281,0.0,24.0,0.0,2.0,0.050000000000000044,1.3138775005936623,1.3053024373948574,0.02858357923105359,0.85
md_cbad_dqn,809,350,86.22398490607739,80.48332288824022,30.485681474208832,55.7383034914732,1.5232344046235085,17190.985431671143,0.0,25.0,0.0,1.0,0.050000000000000044,1.3285914193838835,1.3199043832719326,0.028956728987395763,0.85
md_cbad_dqn,809,351,73.12539486587048,79.36346887603403,29.914695776998997,43.21069899201393,1.5050839493051171,16892.823448181152,0.0,23.0,0.0,1.0,0.050000000000000044,1.2730642687529325,1.2648293431848288,0.02744976617395878,0.85
md_cbad_dqn,809,352,74.82182420939208,79.18789562620225,26.945672556757927,47.87615166008472,1.4167423006147146,14510.542922973633,0.0,24.0,0.0,1.0,0.050000000000000044,1.7825532723218203,1.77497174218297,0.025271711056120694,0.85
md_cbad_dqn,809,353,69.20229429900647,79.21684998095037,26.85434141755104,42.347953194379805,1.4349531726911664,15280.18455696106,0.0,21.0,0.0,1.0,0.050000000000000044,1.69155746512115,1.6838378831744194,0.025731922476552427,0.85
md_cbad_dqn,809,354,84.42457922548056,79.7929714973271,28.993132807314396,55.431446209549904,1.489230776205659,16425.583171844482,0.0,26.0,0.0,1.0,0.050000000000000044,1.2726665083318949,1.2643683403730392,0.027660549501888454,0.85
md_cbad_dqn,809,355,74.23122316598892,78.66263526096941,27.850786447525024,46.38043674826622,1.4374907640740275,15481.954750061035,0.0,22.0,0.0,0.0,0.050000000000000044,1.3662735112011433,1.3564321659505367,0.03280452697072178,0.85
md_cbad_dqn,809,356,91.55635980665684,79.37154710277916,31.649170145392418,59.907189244031905,1.5483442833647132,17985.815116882324,0.0,26.0,0.0,1.0,0.050000000000000044,1.6432583779096603,1.6353099644184113,0.026494638063013554,0.85
md_cbad_dqn,809,357,72.04638510197401,78.38682313211264,27.610529877245426,44.43585526943207,1.4473836729303002,15289.524551391602,0.0,23.0,0.0,1.0,0.050000000000000044,1.606919076293707,1.598871247842908,0.026826078887097538,0.85
md_cbad_dqn,809,358,68.02195037901402,77.18967424169183,25.199799798429012,42.82215063273907,1.3978298231959343,14675.510026931763,0.0,21.0,0.0,0.0,0.050000000000000044,1.2785290572792292,1.2708881832659245,0.02546957170125097,0.85
md_cbad_dqn,809,359,82.30133970826864,78.31449970640242,28.763392686843872,53.53794667124748,1.4584713112562895,16040.245346069336,0.0,25.0,0.0,0.0,0.050000000000000044,1.1053888220340014,1.0973228923976421,0.026886422419920564,0.85
md_cbad_dqn,809,360,99.21223378181458,79.10191026955843,33.537979021668434,65.67425467073917,1.6056633414700627,18722.984020233154,0.0,30.0,0.0,0.0,0.050000000000000044,1.5467014480382204,1.539118468761444,0.02527657407335937,0.85
md_cbad_dqn,809,361,75.62846480607986,79.4821859806776,27.428617998957634,48.19984682202339,1.464124746620655,15611.63955116272,0.0,23.0,0.0,2.0,0.050000000000000044,1.664956882596016,1.6567930579185486,0.027212693996261805,0.85
md_cbad_dqn,809,362,91.71970189511777,79.78930221050977,31.500977501273155,60.21872437894344,1.5518958335742354,17596.36427307129,0.0,28.0,0.0,3.0,0.050000000000000044,1.2382898293435574,1.2300944104790688,0.027318059583194554,0.85
md_cbad_dqn,809,363,81.9551621824503,79.06085504665973,29.16653384268284,52.788628816604614,1.5251963986083865,16751.44856262207,0.0,25.0,0.0,0.0,0.050000000000000044,1.7212182004004717,1.7117741014808416,0.03148031875025481,0.85
md_cbad_dqn,809,364,78.67519481480122,78.72679151222111,29.431322991847992,49.24387162923813,1.4862805297598243,16523.639715194702,0.0,24.0,0.0,1.0,0.050000000000000044,1.5241502486169338,1.5156020186841488,0.028494087397120893,0.85
md_cbad_dqn,809,365,94.4397930547595,80.08095675505697,33.93203666061163,60.50775681138039,1.6250155987218022,19171.810577392578,0.0,27.0,0.0,3.0,0.050000000000000044,1.418480696156621,1.4109334200620651,0.025157655589282513,0.85
md_cbad_dqn,809,366,90.72333981245757,80.13633617788554,31.385968051850796,59.3373719394207,1.5584808168932796,17563.34967803955,0.0,27.0,0.0,2.0,0.050000000000000044,1.714296743273735,1.7064467556774616,0.02616658026818186,0.85
md_cbad_dqn,809,367,105.60356437563897,81.90996036775411,34.76642084121704,70.83714344501496,1.6720532337203622,20039.357961654663,0.0,30.0,0.0,1.0,0.050000000000000044,1.4491433463990688,1.4411986656486988,0.02648229373153299,0.85
md_cbad_dqn,809,368,76.31491233408451,82.28419403456152,27.24896204471588,49.06595054268837,1.4377095643430948,15239.168685913086,0.0,23.0,0.0,0.0,0.050000000000000044,1.758026672527194,1.7489952519536018,0.030104720848612487,0.85
md_cbad_dqn,809,369,90.03908043652773,83.01333915807308,32.45846255868673,57.580618399381635,1.5696329241618514,18313.030345916748,0.0,26.0,0.0,2.0,0.050000000000000044,1.5765845905989408,1.569236559793353,0.024493486853316426,0.85
md_cbad_dqn,809,370,95.65832516551018,83.4850561710447,30.423644214868546,65.23468083143234,1.509122321382165,17014.21897506714,0.0,28.0,0.0,2.0,0.050000000000000044,1.7278326731175184,1.7194570042192936,0.027918935869820416,0.85
md_cbad_dqn,809,371,85.72573167979718,84.11507301174105,29.991152748465538,55.73457864820957,1.5013798251748085,16547.180431365967,0.0,25.0,0.0,1.0,0.050000000000000044,1.3033335711807013,1.2949809208512306,0.027842186973430216,0.85
md_cbad_dqn,809,372,73.50141669213772,84.04905263587833,29.15084381401539,44.3505722373724,1.4669687263667583,16303.46883392334,0.0,20.0,0.0,1.0,0.050000000000000044,1.3221810646355152,1.3140739426016808,0.027023729286156595,0.85
md_cbad_dqn,809,373,75.76735107004643,84.37730547443034,28.1508941501379,47.616456711292265,1.4717189716175199,16036.792892456055,0.0,23.0,0.0,2.0,0.050000000000000044,1.2792539037764072,1.2705425005406141,0.029038015753030777,0.85
md_cbad_dqn,809,374,88.55002346038819,84.58357768617573,31.458190351724625,57.09183315336704,1.606745052151382,18402.307359695435,0.0,26.0,0.0,1.0,0.050000000000000044,1.5603341683745384,1.5523687116801739,0.026551456656306982,0.85
md_cbad_dqn,809,375,86.22183081060648,85.1831080684066,30.994242504239082,55.22758840322494,1.530971573665738,17123.069221496582,0.0,25.0,0.0,3.0,0.050000000000000044,1.5036083664745092,1.49623710103333,0.024570863461121917,0.85
md_cbad_dqn,809,376,97.90474263131618,85.50052720963956,34.02414155006409,63.88060149848461,1.5902680652216077,18762.51485824585,0.0,29.0,0.0,4.0,0.050000000000000044,1.907040297985077,1.9004400186240673,0.022000923403538764,0.85
md_cbad_dqn,809,377,85.11039897352457,86.15372790321707,28.93342635780573,56.17697291374206,1.500846330076456,16233.418182373047,0.0,27.0,0.0,2.0,0.050000000000000044,1.8992015961557627,1.8900847770273685,0.030389434890821576,0.85
md_cbad_dqn,809,378,82.20877242982388,86.86306900575757,28.428182251751423,53.78059024512768,1.4787896815687418,15785.994480133057,0.0,25.0,0.0,1.0,0.050000000000000044,1.6693951226770878,1.6611699163913727,0.027417350793257356,0.85
md_cbad_dqn,809,379,98.571457991004,87.67657491989435,34.44409894943237,64.12735944390298,1.615971620194614,19285.254356384277,0.0,29.0,0.0,1.0,0.050000000000000044,1.1870636399835348,1.179219026118517,0.026148733450099826,0.85
md_cbad_dqn,809,380,81.70016317814589,86.80097138971091,29.70960284024477,51.99056029319763,1.5079427231103182,17004.40060043335,0.0,23.0,0.0,0.0,0.050000000000000044,1.196262015029788,1.187592662870884,0.02889784867875278,0.85
md_cbad_dqn,809,381,85.9258836299181,87.31584233090283,30.218618467450142,55.70726557970047,1.5146185969933867,17123.366542816162,0.0,26.0,0.0,1.0,0.050000000000000044,1.6730721518397331,1.6632595770061016,0.0327085746685043,0.85
md_cbad_dqn,809,382,83.65338831692934,86.9125266519934,29.766517497599125,53.88687016367912,1.537490213289857,17103.516010284424,0.0,24.0,0.0,2.0,0.050000000000000044,1.6037446986883879,1.5945167355239391,0.030759898712858558,0.85
md_cbad_dqn,809,383,74.89356558322906,86.55944682203233,27.80013895779848,47.093426170945165,1.4361556256189942,15572.281215667725,0.0,23.0,0.0,4.0,0.050000000000000044,1.389934554696083,1.3828476592898369,0.023623013636097312,0.85
md_cbad_dqn,809,384,76.36749956160784,86.44406205937267,27.478191308677197,48.88930802941322,1.4758760137483478,15706.459392547607,0.0,25.0,0.0,2.0,0.050000000000000044,1.4594876505434513,1.4510075356811285,0.02826702012680471,0.85
md_cbad_dqn,809,385,90.1048352047801,86.2273141668737,32.75767131894827,57.34716358780861,1.5944203343242407,18985.439575195312,0.0,27.0,0.0,0.0,0.050000000000000044,1.458094159141183,1.4500898122787476,0.026681205490604043,0.85
md_cbad_dqn,809,386,69.747651951015,85.17852977380157,26.58243364840746,43.16521778106689,1.4367734342813492,14942.506496429443,0.0,22.0,0.0,1.0,0.050000000000000044,1.569714903831482,1.5604020096361637,0.031042978283949196,0.85
md_cbad_dqn,809,387,85.08281948566437,84.15249252930285,30.07487851381302,55.00794059932232,1.5011905813589692,16995.418365478516,0.0,24.0,0.0,2.0,0.050000000000000044,1.7238217014819384,1.715703796595335,0.027059697778895497,0.85
md_cbad_dqn,809,388,70.4745282098651,83.86047332309188,27.810293935239315,42.66423442363739,1.475972356274724,15945.985168457031,0.0,21.0,0.0,1.0,0.050000000000000044,1.3480010889470577,1.3402991425246,0.02567315672058612,0.85
md_cbad_dqn,809,389,89.09531038999557,83.81328482076528,31.76568679511547,57.32962350547314,1.5541259394958615,18288.31262397766,0.0,27.0,0.0,0.0,0.050000000000000044,1.5254976879805326,1.5183912888169289,0.02368804975412786,0.85
md_cbad_dqn,809,390,81.38352377861739,83.09954475142062,30.23642184585333,51.14710124731064,1.4934855019673705,17217.573413848877,0.0,26.0,0.0,2.0,0.050000000000000044,1.5886103566735983,1.5806450713425875,0.026550925569608808,0.85
md_cbad_dqn,809,391,76.26665138602257,82.6265907367319,28.263647004961967,48.00300400853157,1.4759180042892694,15957.176944732666,0.0,23.0,0.0,1.0,0.050000000000000044,1.2214720863848925,1.2132198456674814,0.027507494669407606,0.85
md_cbad_dqn,809,392,84.59042814671993,83.181041309461,30.418692156672478,54.17173622846603,1.5150139331817627,17221.32244491577,0.0,25.0,0.0,2.0,0.050000000000000044,1.6046584136784077,1.5967490784823895,0.026364440913312137,0.85
md_cbad_dqn,809,393,73.2802107334137,83.05668429262937,26.89646438509226,46.38374635577202,1.4370251893997192,15188.486312866211,0.0,24.0,0.0,0.0,0.050000000000000044,1.493559030815959,1.484956605359912,0.028674695291556418,0.85
md_cbad_dqn,809,394,98.24931775927544,83.54164900757374,31.12699504941702,67.12232294082642,1.5584554504603148,17878.747034072876,0.0,30.0,0.0,2.0,0.050000000000000044,1.2265279721468687,1.2179927974939346,0.028450538404285908,0.85
md_cbad_dqn,809,395,108.77332843840122,84.66922388896347,34.47626192122698,74.2970664203167,1.6180435717105865,19225.341861724854,0.0,32.0,0.0,0.0,0.050000000000000044,1.3036730252206326,1.294327400624752,0.031152054434642196,0.85
md_cbad_dqn,809,396,62.564325764775276,82.90220304563643,24.55437172949314,38.00995373725891,1.3602457866072655,14072.911930084229,0.0,19.0,0.0,0.0,0.050000000000000044,1.6063956767320633,1.5983626376837492,0.026776826824061573,0.85
md_cbad_dqn,809,397,80.04893799126148,82.64912999652327,29.661028191447258,50.38790965080261,1.5179963428527117,16990.01724243164,0.0,23.0,0.0,0.0,0.050000000000000044,1.7326324917376041,1.7235696576535702,0.03020943864248693,0.85
md_cbad_dqn,809,398,88.44670617580414,82.96102668382227,30.653409108519554,57.79329700767994,1.5084909545257688,17099.282691955566,0.0,26.0,0.0,1.0,0.050000000000000044,1.6442275568842888,1.6367682218551636,0.024864487466402352,0.85
md_cbad_dqn,809,399,90.18454975634813,82.54168127208949,32.53403543680906,57.65051446855068,1.5732532106339931,18356.00298690796,0.0,27.0,0.0,0.0,0.050000000000000044,1.7861019372940063,1.7786812670528889,0.024735525716096163,0.85
md_cbad_dqn,809,400,92.29725885391235,83.0715360558778,31.73151645064354,60.56574234366417,1.5492792828008533,17878.418476104736,0.0,27.0,0.0,1.0,0.050000000000000044,1.635032182559371,1.6283254958689213,0.022355688095558435,0.85
md_cbad_dqn,809,401,67.40642061233521,82.14556290499866,26.020625665783882,41.38579502105713,1.442849600687623,14883.419666290283,0.0,22.0,0.0,2.0,0.050000000000000044,1.6023301407694817,1.5944920592010021,0.02612696774303913,0.85
md_cbad_dqn,809,402,92.95342632383108,82.61056480534376,31.325559094548225,61.627868473529816,1.5456230007112026,17715.88858985901,0.0,28.0,0.0,0.0,0.050000000000000044,1.5542710721492767,1.5465855915099382,0.025618242332711816,0.85
md_cbad_dqn,809,403,77.58556232750416,82.74516464255751,29.25512444972992,48.33043830990791,1.497807859443128,16480.272289276123,0.0,24.0,0.0,1.0,0.050000000000000044,2.0313678439706564,2.024061191827059,0.024355505011044443,0.85
md_cbad_dqn,809,404,90.53603050410747,83.4535911896825,32.34186716377735,58.19416329562664,1.5828935448080301,18431.797550201416,0.0,27.0,0.0,2.0,0.050000000000000044,1.760468801483512,1.752519005909562,0.02649929141625762,0.85
md_cbad_dqn,809,405,78.10702949017286,82.85370090395212,27.522445015609264,50.58458399772644,1.4652510797604918,15776.266178131104,0.0,24.0,0.0,0.0,0.050000000000000044,1.5179849732667208,1.5104063153266907,0.02526219468563795,0.85
md_cbad_dqn,809,406,78.339066401124,83.28327162645758,29.441358000040054,48.89770948886871,1.4768422422930598,16353.976623535156,0.0,22.0,0.0,1.0,0.050000000000000044,1.797443974763155,1.7902007903903723,0.024143970920704305,0.85
md_cbad_dqn,809,407,90.81669181734324,83.56996524304152,32.58132780343294,58.23536438643932,1.628061437048018,19050.32027053833,0.0,25.0,0.0,3.0,0.050000000000000044,1.4591021183878183,1.4515634085983038,0.02512908319476992,0.85
md_cbad_dqn,809,408,87.36902594566345,84.41469012983143,32.03135660290718,55.33766916394234,1.5862110946327448,18457.439310073853,0.0,26.0,0.0,1.0,0.050000000000000044,1.5021116249263287,1.494103156030178,0.02669497055467218,0.85
md_cbad_dqn,809,409,69.08308088183404,83.41407865442336,27.846242524683475,41.23683884143829,1.4685469316318631,15842.71492767334,0.0,21.0,0.0,2.0,0.050000000000000044,1.5416425112634897,1.5342564657330513,0.024620151263661683,0.85
md_cbad_dqn,809,410,71.91800317168236,82.94080262407661,28.446241036057472,43.47176241874695,1.4656676417216659,15995.019535064697,0.0,21.0,0.0,3.0,0.050000000000000044,1.5354717690497637,1.5284144207835197,0.023524454270955175,0.85
md_cbad_dqn,809,411,85.5270217075944,83.4038211401552,30.613812692463398,54.91320849359035,1.5211343802511692,17340.84126663208,0.0,25.0,0.0,1.0,0.050000000000000044,1.52773267775774,1.5200901757925749,0.02547507523559034,0.85
md_cbad_dqn,809,412,81.17532254755497,83.23306586019696,29.016160234808922,52.159162282943726,1.4760713940486312,16391.916564941406,0.0,25.0,0.0,0.0,0.050000000000000044,1.7860485464334488,1.7778917960822582,0.027189145446754992,0.85
md_cbad_dqn,809,413,74.30887019634247,83.2844988333434,27.35995028913021,46.94892005622387,1.4317176677286625,15619.05661392212,0.0,23.0,0.0,0.0,0.050000000000000044,1.3336095698177814,1.3259349688887596,0.025582057889550924,0.85
md_cbad_dqn,809,414,87.09764684885741,82.7269152878225,29.537026189267635,57.560620644688605,1.5048530856147408,16570.010955810547,0.0,27.0,0.0,3.0,0.050000000000000044,1.5099149402230978,1.5025312416255474,0.02461231534834951,0.85
md_cbad_dqn,809,415,77.8940681219101,81.18295227199795,27.304979249835014,50.58908885717392,1.4764384655281901,15534.22660446167,0.0,26.0,0.0,0.0,0.050000000000000044,1.45295468904078,1.44537790492177,0.025255955755710602,0.85
md_cbad_dqn,809,416,70.81992461532354,81.59573221452536,25.98886638134718,44.83105832338333,1.4096639947965741,14461.230188369751,0.0,21.0,0.0,1.0,0.050000000000000044,1.5563778281211853,1.5482806768268347,0.02699046942871064,0.85
md_cbad_dqn,809,417,88.70699612796307,82.02863512136044,29.68156099319458,59.025434494018555,1.5327168591320515,17250.202869415283,0.0,27.0,0.0,0.0,0.050000000000000044,1.7910613976418972,1.7834824100136757,0.025263307034038007,0.85
md_cbad_dqn,809,418,88.16080590486527,82.01434010781348,30.44177233427763,57.71903326511383,1.5026201019063592,16820.2338180542,0.0,26.0,0.0,2.0,0.050000000000000044,1.2312148734927177,1.2228096667677164,0.028017315082252026,0.85
md_cbad_dqn,809,419,71.41665594279766,81.07594541713596,27.095069363713264,44.321586191654205,1.4531883355230093,15128.679431915283,0.0,22.0,0.0,0.0,0.050000000000000044,1.5683165099471807,1.5597224738448858,0.028646783204749227,0.85
md_cbad_dqn,809,420,85.56537199765444,80.73935107432307,30.886625833809376,54.67874591052532,1.526795569807291,17237.90343093872,0.0,24.0,0.0,0.0,0.050000000000000044,1.644975259900093,1.6361746490001678,0.02933536982163787,0.85
md_cbad_dqn,809,421,85.33746340125799,81.63590321376921,28.806936219334602,56.53052732348442,1.5067569725215435,16719.272623062134,0.0,27.0,0.0,0.0,0.050000000000000044,1.5228246971964836,1.513682909309864,0.030472646350972354,0.85
md_cbad_dqn,809,422,70.57543411105871,80.51700360313058,28.841177687048912,41.734256356954575,1.4692407716065645,16341.64575958252,0.0,21.0,0.0,1.0,0.050000000000000044,1.4046536888927221,1.3956739865243435,0.029932384844869375,0.85
md_cbad_dqn,809,423,80.91794632524253,80.68362280301751,30.27033158391714,50.64761468172073,1.5000723572447896,16844.660194396973,0.0,23.0,0.0,1.0,0.050000000000000044,1.7264256589114666,1.7178573869168758,0.02856090245768428,0.85
md_cbad_dqn,809,424,74.06604690998793,79.86012362331152,28.579341985285282,45.486705058813094,1.442252297885716,15947.896280288696,0.0,21.0,0.0,1.0,0.050000000000000044,1.5392431505024433,1.5312399305403233,0.026677410933189094,0.85
md_cbad_dqn,809,425,81.82963632047176,80.04625396482648,28.395811587572098,53.43382474780083,1.4704116974025965,15751.159420013428,0.0,24.0,0.0,0.0,0.050000000000000044,1.7135017309337854,1.7058153133839369,0.025621400796808302,0.85
md_cbad_dqn,809,426,78.10583021640778,80.03459215559067,27.762154184281826,50.34367592036724,1.4471468534320593,15522.51305770874,0.0,26.0,0.0,1.0,0.050000000000000044,1.77848831564188,1.7701625283807516,0.027752651716582477,0.85
md_cbad_dqn,809,427,88.3536828160286,79.91144170552494,31.218188509345055,57.135494381189346,1.5061005912721157,17392.567985534668,0.0,25.0,0.0,0.0,0.050000000000000044,1.7626682110130787,1.754655882716179,0.026707758894190192,0.85
md_cbad_dqn,809,428,86.81666480749846,79.88382364861668,29.563694916665554,57.25296965241432,1.498444245196879,16400.360557556152,0.0,26.0,0.0,0.0,0.050000000000000044,1.519426753744483,1.5114907994866371,0.02645313407992944,0.85
md_cbad_dqn,809,429,85.92232972383499,80.72578609071672,29.928791597485542,55.99353830516338,1.5216521807014942,16990.256366729736,0.0,26.0,0.0,0.0,0.050000000000000044,1.6278815977275372,1.6206397600471973,0.024139412213116884,0.85
md_cbad_dqn,809,430,75.80733972191811,80.92025291822851,28.598735094070435,47.20860462784767,1.4827456241473556,15995.815536499023,0.0,24.0,0.0,2.0,0.050000000000000044,1.3883750773966312,1.3814842104911804,0.022969539393670857,0.85
md_cbad_dqn,809,431,71.84677084684373,80.23624037519099,27.53118261694908,44.315588453412055,1.4434911459684372,15589.196338653564,0.0,23.0,0.0,1.0,0.050000000000000044,1.6062588579952717,1.5972331259399652,0.03008579625748098,0.85
md_cbad_dqn,809,432,72.26499664187432,79.79072407990695,28.818498320877552,43.44649859666824,1.4750800346955657,15912.24388885498,0.0,21.0,0.0,2.0,0.050000000000000044,1.7810254897922277,1.7720800451934338,0.029818115173839033,0.85
md_cbad_dqn,809,433,64.88957839459181,79.31975948981942,25.441011145710945,39.44856807589531,1.4056412819772959,14352.249961853027,0.0,20.0,0.0,1.0,0.050000000000000044,1.3637187760323286,1.3548556379973888,0.029543838347308338,0.85
md_cbad_dqn,809,434,93.81672962009907,79.6557136283815,31.755364194512367,62.06136520206928,1.553035725839436,17779.07893371582,0.0,28.0,0.0,0.0,0.050000000000000044,1.7077742647379637,1.6996782794594765,0.026986654556822032,0.85
md_cbad_dqn,809,435,78.2131858766079,79.6716695161164,28.46849223226309,49.74469351768494,1.4703835090622306,15706.97741317749,0.0,23.0,0.0,1.0,0.050000000000000044,1.9156268872320652,1.9076661057770252,0.026535864104516804,0.85
md_cbad_dqn,809,436,74.02047076821327,79.83169682376086,27.052903167903423,46.967567786574364,1.4516745395958424,15290.269268035889,0.0,24.0,0.0,1.0,0.050000000000000044,1.6151983607560396,1.6068310756236315,0.02789100189693272,0.85
md_cbad_dqn,809,437,67.14770578593016,78.75373230665922,25.546140648424625,41.601564690470695,1.3882419932633638,13951.211734771729,0.0,22.0,0.0,1.0,0.050000000000000044,1.8252497054636478,1.817075602710247,0.027246952755376697,0.85
md_cbad_dqn,809,438,78.31351453959942,78.26136773839593,28.54138371348381,49.772130811214446,1.4660525880753994,16217.429187774658,0.0,23.0,0.0,1.0,0.050000000000000044,1.5377019606530666,1.5282237213104963,0.03159415326081216,0.85
md_cbad_dqn,809,439,83.91216007769108,78.88614294514062,30.7256910353899,53.1864693403244,1.5291785560548306,17525.220977783203,0.0,24.0,0.0,1.0,0.050000000000000044,1.5118680968880653,1.5043281130492687,0.02513325517065823,0.85
md_cbad_dqn,809,440,89.67089436352254,79.09141906343402,30.990692920982838,58.680202358961104,1.5589632224291563,17244.249095916748,0.0,26.0,0.0,1.0,0.050000000000000044,1.446595299988985,1.4392094146460295,0.02461957512423396,0.85
md_cbad_dqn,809,441,81.10686651021243,78.87988921888174,30.29071757942438,50.81614878177643,1.5430184695869684,17424.300575256348,0.0,24.0,0.0,3.0,0.050000000000000044,1.3998737279325724,1.3920714501291513,0.026007688138633966,0.85
md_cbad_dqn,809,442,96.9860071092844,80.20041786879302,32.485953852534294,64.50005304813385,1.5904716681689024,18211.75023651123,0.0,28.0,0.0,0.0,0.050000000000000044,1.3781850598752499,1.3704907111823559,0.025647813687101007,0.85
md_cbad_dqn,809,443,103.23451868593693,81.31624648682775,33.439312882721424,69.79520627260209,1.6311867469921708,18922.45513534546,0.0,31.0,0.0,1.0,0.050000000000000044,1.6233851052820683,1.6147189438343048,0.028887223568744957,0.85
md_cbad_dqn,809,444,85.48002901077271,81.88694559186699,29.56646767258644,55.913560980558394,1.5051912367343903,16694.871479034424,0.0,27.0,0.0,1.0,0.050000000000000044,1.3901416845619678,1.3821014948189259,0.026800581254065037,0.85
md_cbad_dqn,809,445,102.75355953872204,82.9331417527795,32.99786043167114,69.75569901764393,1.5953634213656187,18620.85795211792,0.0,30.0,0.0,2.0,0.050000000000000044,1.5737347211688757,1.5650586001574993,0.028920395066961646,0.85
md_cbad_dqn,809,446,71.64924267977476,82.61031237594784,27.44921512156725,44.200027379393575,1.4230153234675527,15177.351680755615,0.0,21.0,0.0,2.0,0.050000000000000044,1.5658423192799091,1.557504802942276,0.02779171383008361,0.85
md_cbad_dqn,809,447,78.08351195603609,82.09680383294821,27.847577832639217,50.235933274030685,1.431673962622881,15600.122932434082,0.0,23.0,0.0,1.0,0.050000000000000044,1.6782013401389122,1.6702242325991392,0.026590370922349393,0.85
md_cbad_dqn,809,448,76.14424970000982,81.56318307757378,28.7750286757946,47.36922097206116,1.5022625671699643,15942.352390289307,0.0,23.0,0.0,0.0,0.050000000000000044,1.5105466898530722,1.5030964780598879,0.02483406418468803,0.85
md_cbad_dqn,809,449,77.3937987536192,81.13675652906298,27.757506258785725,49.63629204034805,1.4548411117866635,16200.169456481934,0.0,24.0,0.0,0.0,0.050000000000000044,1.7290576808154583,1.7204857505857944,0.028573035961017013,0.85
md_cbad_dqn,809,450,77.1928995192051,81.20603451892734,28.65716288983822,48.53573735952377,1.4731014827266335,16299.89726638794,0.0,24.0,0.0,2.0,0.050000000000000044,1.9948700722306967,1.986526494845748,0.027811780222691596,0.85
md_cbad_dqn,809,451,95.25144882500172,82.37626841783523,33.05199898779392,62.19945049285889,1.5947427805513144,18874.32123184204,0.0,27.0,0.0,1.0,0.050000000000000044,1.8125405721366405,1.8050591740757227,0.024938105838373303,0.85
md_cbad_dqn,809,452,100.86919949948788,83.80647856071593,33.754126124083996,67.11507326364517,1.618985884822905,19274.002616882324,0.0,29.0,0.0,0.0,0.050000000000000044,1.4849665984511375,1.4770701378583908,0.026321567711420357,0.85
md_cbad_dqn,809,453,83.34016775488854,84.72900802873076,29.837222203612328,53.502945297956465,1.4966248786076903,16449.956212997437,0.0,25.0,0.0,1.0,0.050000000000000044,1.7539724688977003,1.74488590285182,0.03028867591638118,0.85
md_cbad_dqn,809,454,81.34718094021082,84.10553059473634,30.60737929493189,50.73980191349983,1.5352905495092273,17029.886878967285,0.0,24.0,0.0,2.0,0.050000000000000044,1.5458429884165525,1.5387441329658031,0.02366286050528288,0.85
md_cbad_dqn,809,455,80.75446252673865,84.23259442724289,29.945680737495422,50.808781364560126,1.5129501335322857,17195.819889068604,0.0,24.0,0.0,1.0,0.050000000000000044,1.450563384220004,1.4425003323704004,0.026876856572926044,0.85
md_cbad_dqn,809,456,86.33734727650881,84.84843825265766,29.276542127132416,57.06080523133278,1.5182473426684737,16802.064281463623,0.0,26.0,0.0,0.0,0.050000000000000044,1.159546174108982,1.151912309229374,0.02544625534210354,0.85
md_cbad_dqn,809,457,87.17130746245384,85.84961833648384,30.3712859749794,56.80002126395702,1.5145949143916368,17104.288871765137,0.0,26.0,0.0,2.0,0.050000000000000044,1.7174661960452795,1.7088298369199038,0.028787869727239013,0.85
md_cbad_dqn,809,458,101.76351169645787,87.02211819432677,31.889607921242714,69.87390335798264,1.5843345131725073,17962.337799072266,0.0,31.0,0.0,1.0,0.050000000000000044,1.3863460626453161,1.3791215773671865,0.024081573938019574,0.85
md_cbad_dqn,809,459,87.53037117421627,87.20302874915302,29.94375466555357,57.586615934967995,1.5076103461906314,16855.434768676758,0.0,27.0,0.0,0.0,0.050000000000000044,1.858344729989767,1.8505208734422922,0.026079546194523573,0.85
md_cbad_dqn,809,460,85.8146133646369,87.01021469920873,29.241025559604168,56.57358714938164,1.5016978001222014,16644.84960746765,0.0,27.0,0.0,0.0,0.050000000000000044,1.8688552659004927,1.8614421356469393,0.024710439145565033,0.85
md_cbad_dqn,809,461,96.46692281365395,87.77821751438083,31.97605910897255,64.49086349606515,1.5813057515770197,18219.16802215576,0.0,29.0,0.0,1.0,0.050000000000000044,1.5632377620786428,1.5556988194584846,0.025129836169071496,0.85
md_cbad_dqn,809,462,88.58783039450645,87.35830867864192,29.85829994082451,58.72953113913536,1.5058977352455258,16517.87211227417,0.0,26.0,0.0,1.0,0.050000000000000044,1.7608303297311068,1.7533337622880936,0.02498854324221611,0.85
md_cbad_dqn,809,463,82.41756360679865,86.31746092468501,29.661217384040356,52.756345835328105,1.5380292534828186,17616.3197555542,0.0,23.0,0.0,3.0,0.050000000000000044,1.5353418830782175,1.5273958407342434,0.026486867805942893,0.85
md_cbad_dqn,809,464,72.19342641830444,85.65313079506159,26.28407545387745,45.90935041308403,1.402498952113092,14588.514274597168,0.0,23.0,0.0,2.0,0.050000000000000044,1.5225266460329294,1.5144035946577787,0.027076784404926002,0.85
md_cbad_dqn,809,465,85.5370816975832,84.79230690300464,32.83906218409538,52.69801908135414,1.576780659146607,18495.908962249756,0.0,23.0,0.0,1.0,0.050000000000000044,1.423927890136838,1.4171033315360546,0.022748548886738718,0.85
md_cbad_dqn,809,466,86.04467565566301,85.51207855179906,32.081447653472424,53.9632284194231,1.5704484190791845,17817.326877593994,0.0,25.0,0.0,1.0,0.050000000000000044,1.884590832516551,1.8758474960923195,0.029144449159502983,0.85
md_cbad_dqn,809,467,84.08272858858109,85.81203938342631,28.534603968262672,55.54812484383583,1.5030800122767687,16386.338752746582,0.0,26.0,0.0,1.0,0.050000000000000044,1.5114106610417366,1.5043808538466692,0.02343264955561608,0.85
md_cbad_dqn,809,468,92.9872341990471,86.65418860837819,31.441599689424038,61.54563477039337,1.560250211507082,17957.8663520813,0.0,27.0,0.0,3.0,0.050000000000000044,1.5820925515145063,1.5741600319743156,0.026441707275807858,0.85
md_cbad_dqn,809,469,90.84850482046605,87.32692391172053,31.67416289448738,59.17434147894382,1.5618622982874513,17999.505809783936,0.0,27.0,0.0,1.0,0.050000000000000044,1.468357589095831,1.4614309947937727,0.023088736343197525,0.85
md_cbad_dqn,809,470,88.60130848139525,87.89734435983004,28.28414375334978,60.31716457903385,1.4822808355093002,16035.006782531738,0.0,28.0,0.0,1.0,0.050000000000000044,1.8356018885970116,1.8271550759673119,0.02815608319360763,0.85
md_cbad_dqn,809,471,102.93336380571127,88.28144010886551,33.71279130131006,69.2205727726221,1.5834145555272698,19004.89874267578,0.0,30.0,0.0,3.0,0.050000000000000044,1.480164436623454,1.4728593546897173,0.024350282503291965,0.85
md_cbad_dqn,809,472,95.19517459720373,87.99773886375131,31.884752199053764,63.31042292714119,1.5557972453534603,18027.665599822998,0.0,30.0,0.0,0.0,0.050000000000000044,1.487256856635213,1.4781401753425598,0.03038898657541722,0.85
md_cbad_dqn,809,473,66.84942713826895,87.17320183292031,26.709577165544033,40.13985010683537,1.4138631904497743,15014.023178100586,0.0,19.0,0.0,3.0,0.050000000000000044,1.6365664843469858,1.6292774565517902,0.02429673506412655,0.85
md_cbad_dqn,809,474,84.00657211989164,87.30617139190436,30.378999441862106,53.627572536468506,1.5216088583692908,17293.073539733887,0.0,25.0,0.0,0.0,0.050000000000000044,2.0189168099313974,2.010689750313759,0.02742358308751136,0.85
md_cbad_dqn,809,475,89.67988906204701,87.75244271866978,31.407967537641525,58.271920853853224,1.5485916957259178,17731.648651123047,0.0,26.0,0.0,2.0,0.050000000000000044,1.4523392710834742,1.4444777816534042,0.026204927475191653,0.85
md_cbad_dqn,809,476,88.47747402638197,87.85944905616344,30.46562696248293,58.011847004294395,1.5130451917648315,17177.47742843628,0.0,27.0,0.0,1.0,0.050000000000000044,1.667291797697544,1.6598162427544594,0.024918507668189704,0.85
md_cbad_dqn,809,477,93.04906620830297,88.1533369934559,30.89585443586111,62.15321156382561,1.5343068884685636,17210.613986968994,0.0,28.0,0.0,1.0,0.050000000000000044,1.747269993647933,1.7385511379688978,0.02906281128525734,0.85
md_cbad_dqn,809,478,62.44299549758434,86.18731118351222,25.626024790108204,36.816970558464526,1.3888008426874876,14196.37014389038,0.0,19.0,0.0,2.0,0.050000000000000044,1.525122569873929,1.5180517211556435,0.02356947655789554,0.85
md_cbad_dqn,809,479,101.14466297626495,86.86802577361466,35.38445168733597,65.76021108031273,1.6342976726591587,20104.009593963623,0.0,30.0,0.0,0.0,0.050000000000000044,1.8107895962893963,1.8031806908547878,0.025363013381138444,0.85
md_cbad_dqn,809,480,90.70124136060477,87.11235717341306,31.047830156981945,59.6534107118845,1.5608497494831681,17877.19049835205,0.0,27.0,0.0,1.0,0.050000000000000044,1.8367692604660988,1.8283371906727552,0.02810685383155942,0.85
md_cbad_dqn,809,481,64.39257501214743,85.50863978333773,23.91657095402479,40.47600367069244,1.3533894699066877,13327.547760009766,0.0,21.0,0.0,1.0,0.050000000000000044,1.6823946703225374,1.6739098504185677,0.028282658313401043,0.85
md_cbad_dqn,809,482,81.42696223407984,85.1505963753164,31.580639220774174,49.84632204473019,1.5477298209443688,17940.06357574463,0.0,23.0,0.0,0.0,0.050000000000000044,1.2875143960118294,1.2803359422832727,0.023928190697915852,0.85
md_cbad_dqn,809,483,88.95884018391371,85.47766020417215,29.666998393833637,59.29184211790562,1.549434682354331,17239.652278900146,0.0,27.0,0.0,1.0,0.050000000000000044,1.5167440436780453,1.5082778986543417,0.028220564359799027,0.85
md_cbad_dqn,809,484,94.55852298736572,86.59591503262521,32.04346675425768,62.51505612134933,1.5674334382638335,17770.64312362671,0.0,26.0,0.0,3.0,0.050000000000000044,1.7209199015051126,1.713221576064825,0.025661057676188648,0.85
md_cbad_dqn,809,485,81.92369306832552,86.41524560116231,31.88093488663435,50.04275821149349,1.5473163481801748,17979.854328155518,0.0,23.0,0.0,1.0,0.050000000000000044,1.7907315492630005,1.7830189913511276,0.025708605302497745,0.85
md_cbad_dqn,809,486,80.28073321282864,86.1270484790206,29.53544458001852,50.7452889084816,1.5079862792044878,16548.61976623535,0.0,23.0,0.0,0.0,0.050000000000000044,1.7480639480054379,1.738905943930149,0.03052666620351374,0.85
md_cbad_dqn,809,487,72.46084273606539,85.54595418639482,26.947937853634357,45.512905180454254,1.4319065967574716,15313.66024017334,0.0,22.0,0.0,1.0,0.050000000000000044,1.4239629954099655,1.4166569449007511,0.024353470653295517,0.85
md_cbad_dqn,809,488,95.73975482583046,85.68358021773399,34.17451868951321,61.56523525714874,1.5926791308447719,19009.962968826294,0.0,29.0,0.0,0.0,0.050000000000000044,1.6734061371535063,1.6651924476027489,0.027378991595469415,0.85
md_cbad_dqn,809,489,81.38605035096407,85.21045749425889,28.208857111632824,53.177192986011505,1.454746138304472,15980.636253356934,0.0,24.0,0.0,0.0,0.050000000000000044,1.9842596091330051,1.9755805358290672,0.02893020969349891,0.85
md_cbad_dqn,809,490,81.63428726792336,84.8621064335853,28.851556718349457,52.78273056447506,1.500047605484724,16501.174209594727,0.0,26.0,0.0,1.0,0.050000000000000044,1.3313292972743511,1.3229437097907066,0.027951945434324443,0.85
md_cbad_dqn,809,491,91.20609088242054,84.27574278742074,29.816173419356346,61.38991737365723,1.5251581026241183,17129.108242034912,0.0,27.0,0.0,0.0,0.050000000000000044,2.4758935794234276,2.4686145521700382,0.024263400468043983,0.85
md_cbad_dqn,809,492,89.6465716958046,83.99831264235078,31.973469987511635,57.673101887106895,1.556538145057857,18287.994369506836,0.0,27.0,0.0,0.0,0.050000000000000044,2.1259830594062805,2.1171496734023094,0.02944456471595913,0.85
md_cbad_dqn,809,493,76.26811880618334,84.46924722574651,28.02218871563673,48.2459297478199,1.455332189798355,15621.734630584717,0.0,23.0,0.0,1.0,0.050000000000000044,1.6037180814892054,1.5954521372914314,0.027553161489777267,0.85
md_cbad_dqn,809,494,69.06562336832285,83.72219978816807,26.49327588826418,42.57234755456447,1.4056922029703856,14840.690105438232,0.0,21.0,0.0,3.0,0.050000000000000044,1.361349256709218,1.353802951052785,0.025154303526505828,0.85
md_cbad_dqn,809,495,90.11520151197911,83.74396541066469,30.036763176321983,60.07843808233738,1.4951199973002076,16584.715927124023,0.0,28.0,0.0,1.0,0.050000000000000044,1.9555253237485886,1.9481879100203514,0.024458030937239528,0.85
md_cbad_dqn,809,496,73.26089773476124,82.98313659608365,27.789710618555546,45.47118758559227,1.4463792806491256,15552.895950317383,0.0,22.0,0.0,1.0,0.050000000000000044,1.825531443580985,1.817401297390461,0.027100526203867048,0.85
md_cbad_dqn,809,497,76.88522307574749,82.17494443945587,26.800070196390152,50.08515311777592,1.4321476146578789,14975.610469818115,0.0,23.0,0.0,0.0,0.050000000000000044,1.382311213761568,1.37484647706151,0.02488248294685036,0.85
md_cbad_dqn,809,498,75.49209602922201,82.82739946603776,26.837068922817707,48.655027002096176,1.4449958316981792,15166.241249084473,0.0,24.0,0.0,1.0,0.050000000000000044,1.8824331387877464,1.8726535569876432,0.032598707475699484,0.85
md_cbad_dqn,809,499,88.38605170845986,82.1894689026475,32.52741411328316,55.85863811671734,1.5618639513850212,18059.011890411377,0.0,25.0,0.0,1.0,0.050000000000000044,1.6913344152271748,1.682330284267664,0.030013841693289578,0.85
md_cbad_dqn,809,500,76.93801200389862,81.5013074348122,27.466818146407604,49.471193730831146,1.4517797054722905,15325.512084960938,0.0,24.0,0.0,0.0,0.050000000000000044,1.641314785927534,1.6344526782631874,0.02287366840755567,0.85
md_cbad_dqn,809,501,84.70930174738169,82.51714377157391,29.366182431578636,55.34311901032925,1.4930132292211056,16235.26286315918,0.0,25.0,0.0,0.0,0.050000000000000044,1.8034239578992128,1.795220086351037,0.027346225222572684,0.85
md_cbad_dqn,809,502,78.90120909512044,82.39085611462595,27.031552150845528,51.86965655684471,1.4539711410179734,15463.151996612549,0.0,26.0,0.0,1.0,0.050000000000000044,1.2964357156306505,1.288902658969164,0.02511018724180758,0.85
md_cbad_dqn,809,503,67.0229279845953,81.29406050466001,27.40233923494816,39.62058900296688,1.4278138419613242,14937.474849700928,0.0,19.0,0.0,0.0,0.050000000000000044,1.7264352440834045,1.7186359446495771,0.025997663149610162,0.85
md_cbad_dqn,809,504,83.67065448462964,80.74966707952322,30.60558919608593,53.06506507992744,1.5479169553145766,17630.711463928223,0.0,23.0,0.0,1.0,0.050000000000000044,1.6003061067312956,1.5928261652588844,0.024933161213994026,0.85
md_cbad_dqn,809,505,81.42890895158052,80.72492787368597,30.470166265964508,50.95874258875847,1.5210094712674618,16976.807006835938,0.0,24.0,0.0,0.0,0.050000000000000044,1.570099150761962,1.5616537518799305,0.02815133228432387,0.85
md_cbad_dqn,809,506,86.6181604653597,81.04179923631251,30.345003612339497,56.27315757572651,1.5084969298914075,17042.227508544922,0.0,25.0,0.0,2.0,0.050000000000000044,1.3786076847463846,1.372068902477622,0.021795948036015034,0.85
md_cbad_dqn,809,507,69.2891702592373,80.88321561247112,26.31005445867777,42.97911559939384,1.4436157336458564,14887.86916732788,0.0,21.0,0.0,3.0,0.050000000000000044,1.700979957357049,1.6943210996687412,0.02219616883667186,0.85
md_cbad_dqn,809,508,63.77025806456804,79.284740774408,25.74953854084015,38.02071965038776,1.3785410625860095,14283.630950927734,0.0,20.0,0.0,2.0,0.050000000000000044,1.4931339491158724,1.486144145950675,0.023299273336306214,0.85
md_cbad_dqn,809,509,71.47899356037378,78.78938793487848,27.113870106637478,44.36512302160263,1.4221746576949954,15132.867050170898,0.0,22.0,0.0,2.0,0.050000000000000044,1.6055973954498768,1.596259880810976,0.031125045148655772,0.85
md_cbad_dqn,809,510,88.56814863681794,79.1360810033232,32.58410031348467,55.984047988057135,1.5692432932555676,18228.660091400146,0.0,25.0,0.0,2.0,0.050000000000000044,2.0591470059007406,2.050826281309128,0.027735757757909596,0.85
md_cbad_dqn,809,511,76.01404430866242,78.3764786746353,28.492363832890987,47.52167981266975,1.4897742103785276,16181.961418151855,0.0,24.0,0.0,2.0,0.050000000000000044,1.461582386866212,1.4539876338094473,0.02531580883078277,0.85
md_cbad_dqn,809,512,101.22885290831327,78.95559273526074,33.021197602152824,68.20765458345413,1.5661985678598285,18385.0388507843,0.0,29.0,0.0,2.0,0.050000000000000044,1.4729309529066086,1.4651089627295732,0.026073373737744987,0.85
md_cbad_dqn,809,513,89.09616377204657,79.59699498355391,29.442234307527542,59.65392918884754,1.5131622031331062,16753.951831817627,0.0,27.0,0.0,0.0,0.050000000000000044,1.7322040386497974,1.7244803942739964,0.025745507213287055,0.85
md_cbad_dqn,809,514,83.01822827756405,80.29462522901596,29.176438860595226,53.84178897738457,1.5056209051981568,16803.255779266357,0.0,26.0,0.0,0.0,0.050000000000000044,1.8978381212800741,1.889049168676138,0.02929663215763867,0.85
md_cbad_dqn,809,515,87.73047652840614,80.17538897983731,31.06365691870451,56.6668199300766,1.5195484859868884,17212.389980316162,0.0,26.0,0.0,1.0,0.050000000000000044,1.6966124437749386,1.6884750090539455,0.027124795829877257,0.85
md_cbad_dqn,809,516,65.2104653596878,79.77286736108363,26.038774073123932,39.171691361069676,1.407753081060946,14418.702388763428,0.0,20.0,0.0,4.0,0.050000000000000044,1.4641497191041708,1.4573430679738522,0.022688820608891547,0.85
md_cbad_dqn,809,517,77.93895411491394,79.82555391304196,28.18791653215885,49.75103743374348,1.4568262277171016,15859.76555633545,0.0,24.0,0.0,1.0,0.050000000000000044,1.8535015936940908,1.8465488068759441,0.0231758855516091,0.85
md_cbad_dqn,809,518,86.83848752081394,80.39287348762154,30.45216553658247,56.386321529746056,1.5648974310606718,17552.59963607788,0.0,27.0,0.0,0.0,0.050000000000000044,1.6969401556998491,1.6888957917690277,0.026814564713276923,0.85
md_cbad_dqn,809,519,72.02902073562146,79.57502193897963,28.42496257275343,43.6040581703186,1.4653116408735514,16218.869258880615,0.0,23.0,0.0,1.0,0.050000000000000044,1.7555220127105713,1.7489603646099567,0.021872079465538263,0.85
md_cbad_dqn,809,520,94.31988646835089,80.44411566220224,32.558402605354786,61.76148360967636,1.5851264065131545,18445.877529144287,0.0,27.0,0.0,0.0,0.050000000000000044,1.5354953110218048,1.5280586928129196,0.0247887319419533,0.85
md_cbad_dqn,809,521,91.77979225218296,80.79764018744231,31.98879526555538,59.790996584296224,1.5352999055758119,17769.767154693604,0.0,27.0,0.0,3.0,0.050000000000000044,1.6626977231353521,1.6556200683116913,0.023592138197273016,0.85
md_cbad_dqn,809,522,85.4646734893322,81.12581340715289,30.109896808862686,55.35477635264397,1.5427772840484977,16910.554090499878,0.0,25.0,0.0,0.0,0.050000000000000044,2.0462383031845093,2.038428034633398,0.026034203474409878,0.85
md_cbad_dqn,809,523,87.98774199932814,82.17405410788953,29.47535925358534,58.512382715940475,1.5448444075882435,17310.015621185303,0.0,26.0,0.0,2.0,0.050000000000000044,1.604892197996378,1.5966593362390995,0.027442879392765462,0.85
md_cbad_dqn,809,524,71.07492334395647,81.54426755085588,26.9959906488657,44.078932732343674,1.4516906393691897,15439.189422607422,0.0,22.0,0.0,2.0,0.050000000000000044,1.4143528416752815,1.4065990131348372,0.02584610669873655,0.85
md_cbad_dqn,809,525,96.16765861213207,82.28120503388345,33.92471405118704,62.242944568395615,1.6183724720031023,19214.1474609375,0.0,27.0,0.0,1.0,0.050000000000000044,1.4881535302847624,1.4811679646372795,0.023285199189558625,0.85
md_cbad_dqn,809,526,77.21349268555642,81.8109716448933,30.063962280750275,47.14953056871891,1.5252693491056561,16980.083209991455,0.0,23.0,0.0,1.0,0.050000000000000044,1.5679535120725632,1.5608287993818521,0.023749007610604167,0.85
md_cbad_dqn,809,527,72.58067674934864,81.97554696939886,27.16265583783388,45.41802027821541,1.4676066590473056,15612.188297271729,0.0,24.0,0.0,0.0,0.050000000000000044,1.6793549880385399,1.6709442287683487,0.028035853058099747,0.85
md_cbad_dqn,809,528,92.30400704592466,83.40223441846669,30.923375107347965,61.38063199818134,1.5570075837895274,17640.40394973755,0.0,29.0,0.0,1.0,0.050000000000000044,1.4034809190779924,1.3953680489212275,0.027042942005209625,0.85
md_cbad_dqn,809,529,78.09146287441254,83.73285788416862,28.97235982120037,49.11910297870636,1.4761499725282192,16450.371669769287,0.0,22.0,0.0,2.0,0.050000000000000044,1.9284752830863,1.9203738383948803,0.027004803763702512,0.85
md_cbad_dqn,809,530,71.78961461782455,82.89393118321897,27.486959099769592,44.30265533924103,1.4282453684136271,15384.975322723389,0.0,21.0,0.0,0.0,0.050000000000000044,2.077361848205328,2.069814369082451,0.025158255943097174,0.85
md_cbad_dqn,809,531,80.04554070979357,83.09550600327552,29.512232653796673,50.53330783247948,1.4700216753408313,16734.591651916504,0.0,23.0,0.0,3.0,0.050000000000000044,1.2338423449546099,1.2276793513447046,0.02054328704252839,0.85
md_cbad_dqn,809,532,84.50942525416613,82.25953462056818,31.04043322056532,53.468992257118224,1.5433809328824282,17599.80196762085,0.0,25.0,0.0,2.0,0.050000000000000044,1.9903423730283976,1.983351280912757,0.02330363361397758,0.85
md_cbad_dqn,809,533,75.02169271707535,81.5558110678196,27.141920022666454,47.879772612452506,1.456522815860808,15422.248970031738,0.0,24.0,0.0,1.0,0.050000000000000044,1.804892498999834,1.795757820829749,0.030448934645392,0.85
md_cbad_dqn,809,534,86.0070036366582,81.70524983577431,29.900339297950268,56.10666444301605,1.5215732110664248,16827.541046142578,0.0,27.0,0.0,1.0,0.050000000000000044,1.534794857725501,1.5264048036187887,0.027966861962340772,0.85
md_cbad_dqn,809,535,84.81487841904163,81.5594699303061,30.85918554663658,53.955693289637566,1.5165306497365236,17334.342838287354,0.0,25.0,0.0,1.0,0.050000000000000044,1.6811627596616745,1.6732930522412062,0.0262323715724051,0.85
md_cbad_dqn,809,536,76.47835111916065,82.12286421827972,28.4952652156353,47.983085590600965,1.4647027645260096,16112.875541687012,0.0,22.0,0.0,2.0,0.050000000000000044,1.7029075715690851,1.6954538524150848,0.02484577801078558,0.85
md_cbad_dqn,809,537,83.27696678191424,82.38976485162974,30.216272316873074,53.060694301128386,1.5270996885374188,16917.663944244385,0.0,24.0,0.0,2.0,0.050000000000000044,2.119148137047887,2.1102474443614483,0.029668892500922084,0.85
md_cbad_dqn,809,538,72.7462903648615,81.68515499383213,29.37764275074005,43.368647599220274,1.4807377578690648,16578.882011413574,0.0,20.0,0.0,1.0,0.050000000000000044,1.8126963451504707,1.8048189412802458,0.026258056983351707,0.85
md_cbad_dqn,809,539,85.91998848468066,82.37970338128508,30.247002758085728,55.67298532426357,1.539970749989152,17012.470867156982,0.0,25.0,0.0,1.0,0.050000000000000044,2.1271883212029934,2.1178711839020252,0.03105710633099079,0.85
md_cbad_dqn,809,540,85.83074017167091,81.95524606645108,29.25535947829485,56.57538026869297,1.501026782207191,16573.69694519043,0.0,25.0,0.0,3.0,0.050000000000000044,1.9057712703943253,1.8978381007909775,0.026443981449119747,0.85
md_cbad_dqn,809,541,79.06072649359703,81.31929277852178,29.043160393834114,50.01756665110588,1.4837862169370055,16531.454555511475,0.0,23.0,0.0,0.0,0.050000000000000044,1.5979558918625116,1.5904817003756762,0.024913920264225453,0.85
md_cbad_dqn,809,542,71.02878227829933,80.59749821797014,27.63296250998974,43.39581939578056,1.4542942447587848,15844.915626525879,0.0,23.0,0.0,0.0,0.050000000000000044,2.37904192507267,2.3718433156609535,0.02399528061505407,0.85
md_cbad_dqn,809,543,72.03973294943572,79.80009776547551,27.00339850783348,45.03633409142494,1.426722440868616,15050.093486785889,0.0,22.0,0.0,1.0,0.050000000000000044,1.9407523944973946,1.9338150564581156,0.023124394239857793,0.85
md_cbad_dqn,809,544,86.57233244925737,80.57496822074056,29.274547159671783,57.29778532683849,1.5095433425158262,16710.81640625,0.0,27.0,0.0,2.0,0.050000000000000044,1.6612542029470205,1.653521828353405,0.025774601381272078,0.85
md_cbad_dqn,809,545,76.00497105717659,79.56683384299279,28.710113897919655,47.294857040047646,1.4886690871790051,16336.148208618164,0.0,24.0,0.0,0.0,0.050000000000000044,1.94345373660326,1.9363669492304325,0.023622589884325862,0.85
md_cbad_dqn,809,546,88.66699999570847,80.13950920850039,32.374212592840195,56.292787700891495,1.5654073059558868,18317.241218566895,0.0,26.0,0.0,2.0,0.050000000000000044,1.6260779909789562,1.6175704188644886,0.02835862059146166,0.85
md_cbad_dqn,809,547,62.377295675873754,79.62934015482664,25.660247683525085,36.71704826056957,1.3869196558371186,13999.979141235352,0.0,17.0,0.0,2.0,0.050000000000000044,1.9787793345749378,1.971877796575427,0.023005140363238752,0.85
md_cbad_dqn,809,548,69.93372618556023,78.51082611180843,26.092676259577274,43.8410500228405,1.4006028771400452,14581.337539672852,0.0,22.0,0.0,1.0,0.050000000000000044,1.844664515927434,1.8373003974556923,0.0245470916852355,0.85
md_cbad_dqn,809,549,90.54989714920521,79.13374782554806,31.821753442287445,58.72814352810383,1.5334312859922647,18051.012058258057,0.0,26.0,0.0,0.0,0.050000000000000044,1.2061171755194664,1.1994781475514174,0.0221301163546741,0.85
md_cbad_dqn,809,550,62.44179281592369,78.66635673545301,25.805329225957394,36.63646401464939,1.388233169913292,14236.12444114685,0.0,18.0,0.0,0.0,0.050000000000000044,2.085293048992753,2.0778610445559025,0.024773336888756603,0.85
md_cbad_dqn,809,551,86.70795519053937,78.99947745949032,28.998771265149117,57.70918398499489,1.501838469877839,16448.75304031372,0.0,28.0,0.0,1.0,0.050000000000000044,1.4180068001151085,1.4109097458422184,0.02365687000565231,0.85
md_cbad_dqn,809,552,85.1826339289546,79.03313789322974,29.746200643479824,55.43643361330032,1.517356456257403,16771.09895324707,0.0,26.0,0.0,1.0,0.050000000000000044,1.9347662925720215,1.926851637661457,0.02638221625238657,0.85
md_cbad_dqn,809,553,73.36875243633986,78.95049087919296,28.353476472198963,45.01527618765831,1.4468680350109935,15707.69722366333,0.0,21.0,0.0,1.0,0.050000000000000044,2.184160716831684,2.1758824810385704,0.027594185317866504,0.85
md_cbad_dqn,809,554,65.26126553118229,77.91320397391917,27.558164685964584,37.70310106873512,1.4461633749306202,15287.693922042847,0.0,19.0,0.0,0.0,0.050000000000000044,1.5858240276575089,1.576319394633174,0.031682096305303276,0.85
md_cbad_dqn,809,555,82.57026414722205,77.80097326032819,29.593597076833248,52.97666704058647,1.515524827875197,16754.50078201294,0.0,25.0,0.0,3.0,0.050000000000000044,1.8410989046096802,1.8335266206413507,0.025240943767130375,0.85
md_cbad_dqn,809,556,79.13740894943476,77.93392615184189,28.23665089160204,50.90075847506523,1.5214270101860166,16586.0633354187,0.0,26.0,0.0,0.0,0.050000000000000044,1.950147533789277,1.9419988226145506,0.027162392623722553,0.85
md_cbad_dqn,809,557,86.94159107804299,78.11715736664833,29.669473312795162,57.272117444872855,1.5188792301341891,16999.07361984253,0.0,27.0,0.0,1.0,0.050000000000000044,2.32022450491786,2.3138959035277367,0.021095431060530245,0.85
md_cbad_dqn,809,558,89.6443572729826,78.96206071205438,32.12799942493439,57.51635801196098,1.557528555393219,18147.290992736816,0.0,26.0,0.0,2.0,0.050000000000000044,1.6540653966367245,1.6472460180521011,0.022731252945959568,0.85
md_cbad_dqn,809,559,88.05059526264668,79.06859105095268,30.910753555595875,57.13984184861183,1.5118661914020777,17028.702632904053,0.0,28.0,0.0,2.0,0.050000000000000044,1.6736738234758377,1.6658313758671284,0.02614152047317475,0.85
md_cbad_dqn,809,560,83.95723220705986,78.97491565272213,29.77257488667965,54.184657633304596,1.5210245978087187,16963.26650238037,0.0,25.0,0.0,0.0,0.050000000000000044,1.9346843473613262,1.9266987219452858,0.026618776959367096,0.85
md_cbad_dqn,809,561,76.62838027626276,78.85329834185542,27.884053736925125,48.74432674050331,1.4469607882201672,15973.785465240479,0.0,23.0,0.0,0.0,0.050000000000000044,1.2791968528181314,1.272704429924488,0.02164144057314843,0.85
md_cbad_dqn,809,562,83.20226722955704,79.46197258941831,28.182460479438305,55.01980638504028,1.465050095692277,15802.015365600586,0.0,25.0,0.0,2.0,0.050000000000000044,1.6844707503914833,1.6762339249253273,0.02745600580237806,0.85
md_cbad_dqn,809,563,82.54575646817685,79.98727376535535,28.870394960045815,53.67536144852638,1.5121573591604829,16625.839988708496,0.0,24.0,0.0,2.0,0.050000000000000044,1.4092417415231466,1.400823812931776,0.02805971191264689,0.85
md_cbad_dqn,809,564,97.51942256093025,80.534628270939,30.7617130279541,66.75770977139473,1.5814670342952013,17919.116020202637,0.0,29.0,0.0,1.0,0.050000000000000044,1.724940188229084,1.7163752242922783,0.028549918439239264,0.85
md_cbad_dqn,809,565,56.5781425178051,79.56328684397042,23.34762206673622,33.230520302057265,1.3469860898330808,13348.296487808228,0.0,18.0,0.0,1.0,0.050000000000000044,2.2160946670919657,2.2085222601890564,0.025241243303753436,0.85
md_cbad_dqn,809,566,81.99438011050225,79.22965584971013,30.193342566490173,51.80103706717491,1.4893405213952065,16875.650897979736,0.0,25.0,0.0,1.0,0.050000000000000044,1.9873511716723442,1.979982890188694,0.02456086769234389,0.85
md_cbad_dqn,809,567,63.95023034512997,79.30830258317293,26.162011459469795,37.788218677043915,1.4070962155237794,14442.545057296753,0.0,18.0,0.0,0.0,0.050000000000000044,1.4512618482112885,1.4433836806565523,0.0262605722527951,0.85
md_cbad_dqn,809,568,73.47147889435291,79.48519021861257,28.00250495970249,45.468974232673645,1.4788816897198558,16191.33080291748,0.0,21.0,0.0,0.0,0.050000000000000044,1.6689837388694286,1.661184173077345,0.025998521130532026,0.85
md_cbad_dqn,809,569,98.0774244517088,79.86156658373774,31.483054846525192,66.59436956048012,1.5791436797007918,17983.610595703125,0.0,29.0,0.0,1.0,0.050000000000000044,1.7315690126270056,1.7244449984282255,0.023746737162582576,0.85
md_cbad_dqn,809,570,80.92277741730213,80.78561581380666,28.521282769739628,52.40149477422237,1.4541621021926403,15823.91425704956,0.0,25.0,0.0,2.0,0.050000000000000044,1.793165773153305,1.7853221595287323,0.026145402109250426,0.85
md_cbad_dqn,809,571,73.62070303186775,80.13125320587308,28.168915282934904,45.451788210868834,1.4703154284507036,16055.298015594482,0.0,22.0,0.0,2.0,0.050000000000000044,1.7357037588953972,1.727416904643178,0.027622839785180986,0.85
md_cbad_dqn,809,572,103.00585459321738,81.02241423908622,33.14606399834156,69.8597907960415,1.6051353309303522,18846.217666625977,0.0,32.0,0.0,1.0,0.050000000000000044,1.481543906033039,1.4741069562733173,0.024789837189018726,0.85
md_cbad_dqn,809,573,80.48606751859188,81.37827999319883,29.2113131955266,51.27475434541702,1.4821868864819407,16359.091592788696,0.0,24.0,0.0,0.0,0.050000000000000044,1.6171221304684877,1.608638919889927,0.028277340345084667,0.85
md_cbad_dqn,809,574,82.19657685011626,82.22504555914553,30.062621414661407,52.13395603895187,1.5229898784309626,17178.492946624756,0.0,25.0,0.0,1.0,0.050000000000000044,1.7427468486130238,1.735894726589322,0.02284035400953144,0.85
md_cbad_dqn,809,575,85.7865719795227,82.38586095076055,31.053980723023415,54.73259174823761,1.5559069951996207,17765.659774780273,0.0,26.0,0.0,0.0,0.050000000000000044,1.6400082875043154,1.632769862189889,0.024128074175678194,0.85
md_cbad_dqn,809,576,72.49167920053006,82.05357446331531,29.109700240194798,43.38197941482067,1.4742707144469023,16429.58628463745,0.0,21.0,0.0,1.0,0.050000000000000044,2.3284405656158924,2.3213571459054947,0.023611373617313802,0.85
md_cbad_dqn,809,577,88.78369257748128,82.14567953828724,31.053542099893093,57.73014976978302,1.5293597225099802,17275.814109802246,0.0,26.0,0.0,2.0,0.050000000000000044,1.6550206057727337,1.6482680439949036,0.022508566500619054,0.85
md_cbad_dqn,809,578,81.22532262802125,81.72472780603917,28.891992814838886,52.3333294481039,1.4665807681158185,15888.736625671387,0.0,25.0,0.0,1.0,0.050000000000000044,1.5302929785102606,1.5239230133593082,0.021233252133242786,0.85
md_cbad_dqn,809,579,81.5372664257884,81.39906136419626,28.977944783866405,52.55932189524174,1.4818674325942993,16338.277500152588,0.0,25.0,0.0,2.0,0.050000000000000044,1.995259029790759,1.9878644868731499,0.02464843075722456,0.85
md_cbad_dqn,809,580,72.65850030332804,80.83412476900966,26.936489209532738,45.722011011838916,1.4218797767534852,14785.479919433594,0.0,22.0,0.0,3.0,0.050000000000000044,1.8414159528911114,1.8335228003561497,0.026310578803531826,0.85
md_cbad_dqn,809,581,76.90917322188616,80.84816441629083,28.01327646523714,48.89589727818966,1.478339777328074,16118.181980133057,0.0,23.0,0.0,1.0,0.050000000000000044,1.915288569405675,1.9081998765468597,0.02362892811652273,0.85
md_cbad_dqn,809,582,74.16797633469105,80.39644987154753,28.391749292612076,45.77622678875923,1.4602778758853674,15765.377004623413,0.0,22.0,0.0,0.0,0.050000000000000044,1.8977210391312838,1.890611281618476,0.023699181154370308,0.85
md_cbad_dqn,809,583,79.36735609918833,80.2375298530981,28.91642279177904,50.450934052467346,1.4842879893258214,16257.585899353027,0.0,23.0,0.0,1.0,0.050000000000000044,1.5891749132424593,1.5825535841286182,0.022071094368584454,0.85
md_cbad_dqn,809,584,71.95468364804984,78.95929290745408,28.431678153574467,43.52300570309162,1.4805288147181273,16253.07360458374,0.0,21.0,0.0,2.0,0.050000000000000044,1.6380442902445793,1.63011983782053,0.02641485712956637,0.85
md_cbad_dqn,809,585,68.89272228628397,79.57502189587802,26.968014292418957,41.92470805346966,1.4320698641240597,15299.963882446289,0.0,20.0,0.0,0.0,0.050000000000000044,1.784853495657444,1.7767622880637646,0.02697072015143931,0.85
md_cbad_dqn,809,586,73.90030611455441,79.17031819608063,27.324999257922173,46.57530642449856,1.4438954293727875,15358.441051483154,0.0,22.0,0.0,1.0,0.050000000000000044,1.5341766588389874,1.5251898933202028,0.029955909005366266,0.85
md_cbad_dqn,809,587,98.44634234905243,80.89512379627676,32.56036727130413,65.88597464561462,1.608344029635191,18464.499420166016,0.0,30.0,0.0,1.0,0.050000000000000044,1.5697403959929943,1.5613353997468948,0.028016609023325145,0.85
md_cbad_dqn,809,588,79.62226153463125,81.20266292829066,30.756670229136944,48.86559082865715,1.504055525176227,17245.047260284424,0.0,24.0,0.0,2.0,0.050000000000000044,2.27907376550138,2.2720050998032093,0.02356221852824092,0.85
md_cbad_dqn,809,589,87.9189750701189,80.69474045921118,29.877344965934753,58.041630521416664,1.5055382028222084,16563.158920288086,0.0,26.0,0.0,1.0,0.050000000000000044,1.8343328200280666,1.8279287796467543,0.02134677825961262,0.85
md_cbad_dqn,809,590,78.43622132390738,80.57041265454143,29.919965907931328,48.516255393624306,1.4833760736510158,16759.744132995605,0.0,22.0,0.0,2.0,0.050000000000000044,1.369106026366353,1.3598287627100945,0.03092420194298029,0.85
md_cbad_dqn,809,591,95.68119749426842,81.67343737766147,31.976676255464554,63.70452035963535,1.5517998281866312,17913.647148132324,0.0,30.0,0.0,0.0,0.050000000000000044,1.2607158925384283,1.2532198391854763,0.024986814707517624,0.85
md_cbad_dqn,809,592,79.57825817167759,80.50205755658449,31.3485102429986,48.2297483086586,1.5155301755294204,17598.975160598755,0.0,23.0,0.0,0.0,0.050000000000000044,1.8669582530856133,1.8567337077111006,0.03408187930472195,0.85
md_cbad_dqn,809,593,82.10346507430077,80.58292743436994,29.05719855427742,53.04626669883728,1.4721155678853393,15929.170364379883,0.0,26.0,0.0,1.0,0.050000000000000044,2.060867041349411,2.0525560528039932,0.027703281142748892,0.85
md_cbad_dqn,809,594,83.87811107933521,80.66700414583087,31.749016106128693,52.12909582257271,1.532758099026978,17782.51724243164,0.0,23.0,0.0,1.0,0.050000000000000044,1.3331551402807236,1.3252049814909697,0.026500551321078092,0.85
md_cbad_dqn,809,595,72.89564739614725,80.0224579166621,26.752990253269672,46.142657202482226,1.4542468199506402,15293.634563446045,0.0,22.0,0.0,4.0,0.050000000000000044,1.5997709520161152,1.59230525046587,0.02488562313374132,0.85
md_cbad_dqn,809,596,81.14923104047776,80.45533550865949,28.97696828842163,52.17226290106773,1.481682812795043,16225.546741485596,0.0,23.0,0.0,3.0,0.050000000000000044,1.6541028767824173,1.6472865734249353,0.02272097859531641,0.85
md_cbad_dqn,809,597,68.18916525095702,79.42560914233329,26.886837981641293,41.302327105402945,1.4495122181251645,15485.720081329346,0.0,20.0,0.0,1.0,0.050000000000000044,1.6282653659582138,1.6215113289654255,0.02251340530347079,0.85
md_cbad_dqn,809,598,87.69303160905838,79.74899459138513,30.627361223101616,57.06567019224167,1.5233241897076368,17397.56383895874,0.0,27.0,0.0,0.0,0.050000000000000044,1.9261599332094193,1.9179565906524658,0.02734452241566032,0.85
md_cbad_dqn,809,599,81.3494790121913,79.73960522070529,30.302919402718544,51.04655958712101,1.5125750675797462,16911.380096435547,0.0,24.0,0.0,2.0,0.050000000000000044,1.355793572962284,1.3477143682539463,0.02693065395578742,0.85
