variant,model_seed,episode,cost,rolling_cost,immediate_cost,penalty,energy_use,latency_ms,thermal_violation,energy_violation,queue_violation,contact_violation,epsilon,loss,td_loss,auxiliary_loss
contextual_bandit,806,0,253.0062798524306,253.0062798524306,46.752939343452454,206.25334059838505,2.0538767855614424,29014.21036529541,0.0,37.0,34.0,2.0,0.9954761904761905,,,
contextual_bandit,806,1,157.60182394346606,205.30405189794834,45.240144520998,112.3616794671716,1.859897555783391,26545.917308807373,0.0,33.0,22.0,2.0,0.9909523809523809,2.736140489578247,2.736140489578247,0.0
contextual_bandit,806,2,111.34507732093334,173.98439370561002,38.4672609269619,72.87781664729118,1.7182048382237554,23043.860191345215,0.0,32.0,0.0,0.0,0.9864285714285714,2.3356569707393646,2.3356569707393646,0.0
contextual_bandit,806,3,127.13774225466736,162.27273084287435,43.284062162041664,83.85368049495703,1.821722530759871,25968.854579925537,0.0,33.0,8.0,0.0,0.981904761904762,1.886946588754654,1.886946588754654,0.0
contextual_bandit,806,4,113.02614721655846,152.42341411761117,39.15070027112961,73.87544764578342,1.7226166659966111,22852.069568634033,0.0,31.0,0.0,3.0,0.9773809523809524,1.64785435795784,1.64785435795784,0.0
contextual_bandit,806,5,141.97775901467358,150.6824716004549,41.00829288363457,100.9694662949518,1.852300874888897,25151.689697265625,0.0,35.0,17.0,0.0,0.9728571428571429,1.3397287502884865,1.3397287502884865,0.0
contextual_bandit,806,6,176.036256998619,154.30444094304977,43.7542592138052,132.28199782951725,1.981083245947957,27444.35112762451,0.0,33.0,25.0,0.0,0.9683333333333334,1.1499391198158264,1.1499391198158264,0.0
contextual_bandit,806,7,148.76405137136675,153.61189224658938,38.82663545757532,109.9374158765385,1.824246778152883,23982.86792755127,0.0,36.0,20.0,2.0,0.9638095238095238,1.1136984676122665,1.1136984676122665,0.0
contextual_bandit,806,8,120.95261047780514,149.9830831611689,38.57404862344265,82.37856245040894,1.7279661605134606,22836.156158447266,0.0,34.0,0.0,1.0,0.9592857142857143,1.0296211950480938,1.0296211950480938,0.0
contextual_bandit,806,9,117.72843841311841,146.75761868636386,40.876573130488396,76.85186534223467,1.7908207280561328,24309.780109405518,0.0,31.0,9.0,1.0,0.9547619047619048,0.8594337850809097,0.8594337850809097,0.0
contextual_bandit,806,10,133.83242189645364,145.58260079637202,40.086618676781654,93.74580298125339,1.8254690701141953,24131.84079360962,0.0,34.0,14.0,0.0,0.9502380952380952,0.6707232743501663,0.6707232743501663,0.0
contextual_bandit,806,11,118.15564343333244,143.29702101611872,39.195587798953056,78.96005594730377,1.7970727104693651,23445.364517211914,0.0,32.0,0.0,0.0,0.9457142857142857,0.47276359610259533,0.47276359610259533,0.0
contextual_bandit,806,12,121.76898383180891,141.6410181557872,39.96535383164883,81.8036295829276,1.7515686079859734,23832.41986465454,0.0,35.0,9.0,0.0,0.9411904761904761,0.3036172464489937,0.3036172464489937,0.0
contextual_bandit,806,13,119.03457564860582,140.0262722624171,43.67185781151056,75.36271768808365,1.7645407812669873,24700.78854751587,0.0,31.0,0.0,1.0,0.9366666666666666,0.21618082094937563,0.21618082094937563,0.0
contextual_bandit,806,14,113.18739472329617,138.23701375980903,38.28577011078596,74.90162432193756,1.7195072369650006,22480.982110977173,0.0,30.0,0.0,1.0,0.9321428571428572,0.1630544811487198,0.1630544811487198,0.0
contextual_bandit,806,15,145.26351326402204,138.67616997882237,41.09822276234627,104.16529024835604,1.8862578449770808,25178.573490142822,0.0,33.0,20.0,0.0,0.9276190476190476,0.14009248185902834,0.14009248185902834,0.0
contextual_bandit,806,16,111.03797936439514,137.05039406032665,38.89921577274799,72.1387631893158,1.7143555898219347,22537.865257263184,0.0,30.0,0.0,0.0,0.9230952380952381,0.12661916948854923,0.12661916948854923,0.0
contextual_bandit,806,17,114.16453419625759,135.7789574012117,38.74886819720268,75.41566616296768,1.7489792862907052,23135.266326904297,0.0,31.0,0.0,0.0,0.9185714285714286,0.10613189358264208,0.10613189358264208,0.0
contextual_bandit,806,18,115.45312286913395,134.7091766363655,40.44437824189663,75.0087446719408,1.6877704532817006,22731.88970184326,0.0,33.0,0.0,0.0,0.914047619047619,0.09969532443210483,0.09969532443210483,0.0
contextual_bandit,806,19,121.18613566868933,134.0330245879817,41.769781932234764,79.41635434740218,1.8290358167141676,24575.37050628662,0.0,33.0,8.0,3.0,0.9095238095238095,0.09490446047857404,0.09490446047857404,0.0
contextual_bandit,806,20,256.23694209110454,134.19455769991538,47.16833393275738,209.06860815834713,2.04742912016809,28227.034603118896,0.0,38.0,36.0,3.0,0.905,0.09190583322197199,0.09190583322197199,0.0
contextual_bandit,806,21,119.04698123037815,132.26681556426098,40.18786659836769,78.85911494493484,1.780421876348555,24019.635013580322,0.0,32.0,0.0,1.0,0.9004761904761904,0.0908987452276051,0.0908987452276051,0.0
contextual_bandit,806,22,164.5240444249137,134.92576391946002,42.238088086247444,122.28595601084078,1.8892986830323935,25931.231071472168,0.0,34.0,18.0,2.0,0.895952380952381,0.08012972725555301,0.08012972725555301,0.0
contextual_bandit,806,23,114.81175508486703,134.30946456096999,35.25106379389763,79.5606918274112,1.7461990313604474,22052.992881774902,0.0,32.0,6.0,1.0,0.8914285714285715,0.07894453452900052,0.07894453452900052,0.0
contextual_bandit,806,24,107.23877262473107,134.02009583137863,34.25157718360424,72.98719500899315,1.6972940722480416,20771.561824798584,0.0,31.0,0.0,1.0,0.8869047619047619,0.07497288472950459,0.07497288472950459,0.0
contextual_bandit,806,25,104.48547033369542,132.14548139732972,35.77987641096115,68.70559447407723,1.6484184861183167,20809.920303344727,0.0,29.0,0.0,1.0,0.8823809523809524,0.07435740437358618,0.07435740437358618,0.0
contextual_bandit,806,26,162.76471553321622,131.48190432405957,35.65857946127653,127.10613607193972,1.8391206357628107,22904.550800323486,0.0,32.0,31.0,4.0,0.8778571428571429,0.07695042947307229,0.07695042947307229,0.0
contextual_bandit,806,27,121.83445217105253,130.13542436404387,42.91125179827213,78.92320046218734,1.764514128677547,24400.570861816406,0.0,32.0,7.0,1.0,0.8733333333333333,0.07283041649498045,0.07283041649498045,0.0
contextual_bandit,806,28,147.3488187340344,131.45523477685532,39.832030430436134,107.5167882141913,1.8214914510026574,24091.892127990723,0.0,35.0,22.0,0.0,0.8688095238095238,0.07132393145002425,0.07132393145002425,0.0
contextual_bandit,806,29,148.0720906225003,132.97241738732438,43.99950695037842,104.07258349330792,1.880708641372621,25775.666456222534,0.0,38.0,12.0,1.0,0.8642857142857143,0.0747885883320123,0.0747885883320123,0.0
contextual_bandit,806,30,200.01173105095523,136.28138284504948,45.71142618358135,154.30030486737385,1.960619829595089,27127.414741516113,0.0,42.0,44.0,0.0,0.8597619047619047,0.07229384337551892,0.07229384337551892,0.0
contextual_bandit,806,31,191.8602319306769,139.96661226991674,37.43180349469185,154.42842831677578,1.8908100547268987,23802.133018493652,0.0,36.0,34.0,0.0,0.8552380952380952,0.06825359165668488,0.06825359165668488,0.0
contextual_bandit,806,32,95.77320788800716,138.66682347272663,35.06983117759228,60.70337621867657,1.6136191077530384,20802.177885055542,0.0,28.0,0.0,1.0,0.8507142857142858,0.06974936532787979,0.06974936532787979,0.0
contextual_bandit,806,33,157.09000646114546,140.56959501335362,37.61678667366505,119.4732198917885,1.806592009961605,22854.602169036865,0.0,41.0,34.0,1.0,0.8461904761904762,0.07850909535773098,0.07850909535773098,0.0
contextual_bandit,806,34,173.26318227782912,143.57338439108025,43.0772619843483,130.18592029348082,1.8587787691503763,25506.914058685303,0.0,38.0,39.0,0.0,0.8416666666666667,0.0728574963286519,0.0728574963286519,0.0
contextual_bandit,806,35,127.50458030417319,142.68543774308782,37.05736808478832,90.44721245780345,1.8131804736331105,23109.57164001465,0.0,31.0,20.0,1.0,0.8371428571428572,0.07440049340948462,0.07440049340948462,0.0
contextual_bandit,806,36,135.14735797305707,143.89090667352087,40.05731935054064,95.0900390099466,1.849718039855361,24242.9716796875,0.0,36.0,14.0,1.0,0.8326190476190476,0.06767560541629791,0.06767560541629791,0.0
contextual_bandit,806,37,131.91663013078045,144.77851147024703,42.2749675065279,89.64166274346181,1.8132003685459495,24899.33079147339,0.0,32.0,20.0,1.0,0.8280952380952381,0.06395741831511259,0.06395741831511259,0.0
contextual_bandit,806,38,121.47291368477848,145.07950101102927,38.522515051066875,82.95039811217096,1.8139031790196896,23562.476375579834,0.0,36.0,4.0,1.0,0.8235714285714286,0.06535384245216846,0.06535384245216846,0.0
contextual_bandit,806,39,132.44174131209297,145.6422812931995,38.40223954617977,94.03950187022133,1.879724615253508,24065.216007232666,0.0,34.0,20.0,0.0,0.819047619047619,0.06437697564251721,0.06437697564251721,0.0
contextual_bandit,806,40,104.18200454115868,138.0395344157022,33.03215280175209,71.14985144138336,1.697811370715499,20307.779733657837,0.0,31.0,0.0,0.0,0.8145238095238095,0.06443499121814966,0.06443499121814966,0.0
contextual_bandit,806,41,161.65201172781607,140.1697859405741,46.12125580012798,115.53075583828111,1.8980495622381568,26751.055305480957,0.0,37.0,25.0,2.0,0.81,0.061746972147375345,0.061746972147375345,0.0
contextual_bandit,806,42,157.89611717076073,139.8383895778664,35.96783570200205,121.92828146875871,1.812441528774798,22760.997200012207,0.0,36.0,24.0,1.0,0.8054761904761905,0.05903511052019894,0.05903511052019894,0.0
contextual_bandit,806,43,136.8538358128009,140.9404936142631,35.48114439845085,101.37269145905354,1.7950894609093666,22378.484134674072,0.0,35.0,29.0,0.0,0.800952380952381,0.06282945908606052,0.06282945908606052,0.0
contextual_bandit,806,44,120.66158084571362,141.61163402531224,39.569978430867195,81.09160256385803,1.7638413282111287,23668.220081329346,0.0,33.0,0.0,1.0,0.7964285714285715,0.06101454654708505,0.06101454654708505,0.0
contextual_bandit,806,45,174.4712145646376,145.11092123685933,38.91277685761452,135.55843782623236,1.8971281303092837,24570.307792663574,0.0,36.0,19.0,0.0,0.7919047619047619,0.05496887443587184,0.05496887443587184,0.0
contextual_bandit,806,46,96.76215729266406,141.81079332483174,33.385186187922955,63.376970985531806,1.6067778337746859,19385.165908813477,0.0,28.0,0.0,1.0,0.7873809523809524,0.0496624824590981,0.0496624824590981,0.0
contextual_bandit,806,47,121.99096244620776,141.81861883858952,37.892336025834084,84.0986267183969,1.7748278556391597,23073.747478485107,0.0,33.0,14.0,1.0,0.7828571428571429,0.05183715047314763,0.05183715047314763,0.0
contextual_bandit,806,48,120.55582019984722,140.47896891188017,41.80974097549915,78.74607901573181,1.8276752727106214,24295.531467437744,0.0,33.0,0.0,3.0,0.7783333333333333,0.04719827021472156,0.04719827021472156,0.0
contextual_bandit,806,49,121.1477406612444,139.13275141381737,39.15065982937813,81.99708077226163,1.7378471698611975,23092.603973388672,0.0,31.0,13.0,0.0,0.7738095238095238,0.04914214345626533,0.04914214345626533,0.0
contextual_bandit,806,50,96.37128391861916,133.95072905720056,31.983791083097458,64.38749301433563,1.6472955727949739,19379.935207366943,0.0,26.0,0.0,1.0,0.7692857142857144,0.043644416029565036,0.043644416029565036,0.0
contextual_bandit,806,51,109.35241771638394,129.82533834648592,36.31212458014488,73.04029306173325,1.6829631365835667,21657.42449951172,0.0,31.0,0.0,1.0,0.7647619047619048,0.04063826962374151,0.04063826962374151,0.0
contextual_bandit,806,52,90.52837480604649,129.5630966923879,31.43513861298561,59.093235939741135,1.5959451980888844,19484.03843688965,0.0,26.0,0.0,1.0,0.7602380952380953,0.03666382690425962,0.03666382690425962,0.0
contextual_bandit,806,53,95.64186851680279,126.49068979517077,30.307700894773006,65.33416795730591,1.5670380052179098,18291.93383026123,0.0,28.0,0.0,1.0,0.7557142857142858,0.03548018843866885,0.03548018843866885,0.0
contextual_bandit,806,54,109.36909256279469,123.29598530941901,37.750225245952606,71.61886730194092,1.73421517200768,22523.912803649902,0.0,31.0,0.0,2.0,0.7511904761904762,0.030403421144001186,0.030403421144001186,0.0
contextual_bandit,806,55,103.1559457953031,122.0785535839755,35.53545315563679,67.62049299729418,1.7855309285223484,22566.848524093628,0.0,28.0,1.0,0.0,0.7466666666666667,0.02958302351180464,0.02958302351180464,0.0
contextual_bandit,806,56,157.14854681337354,123.17861302599133,43.06674484908581,114.08180196428775,1.8221446154639125,24538.309593200684,0.0,36.0,36.0,2.0,0.7421428571428572,0.02849267376586795,0.02849267376586795,0.0
contextual_bandit,806,57,130.27136819253312,123.09634992907897,42.16377492249012,88.10759324024072,1.8053147392347455,24500.90207672119,0.0,33.0,22.0,2.0,0.7376190476190476,0.028569204732775688,0.028569204732775688,0.0
contextual_bandit,806,58,175.81354880886136,125.81338168528312,36.61593607068062,139.19761279778533,1.8533053770661354,23453.086975097656,0.0,33.0,32.0,3.0,0.7330952380952381,0.02389753342140466,0.02389753342140466,0.0
contextual_bandit,806,59,113.42521668814199,124.86255545408555,37.288060747087,76.13715576969163,1.7203385327011347,22599.521953582764,0.0,33.0,8.0,1.0,0.7285714285714286,0.025008293334394693,0.025008293334394693,0.0
contextual_bandit,806,60,124.65718481484002,125.88631446776962,40.159519627690315,84.49766494873113,1.780870620161295,23872.697074890137,0.0,31.0,14.0,1.0,0.724047619047619,0.023467074148356915,0.023467074148356915,0.0
contextual_bandit,806,61,97.85950874686242,122.69668931872195,32.3374562561512,65.52205316126347,1.6122790155932307,19221.56039428711,0.0,27.0,0.0,2.0,0.7195238095238095,0.020706231764052063,0.020706231764052063,0.0
contextual_bandit,806,62,103.85622633773306,119.99469477707058,33.13684985041618,70.71937618929364,1.750877677462995,21233.844528198242,0.0,29.0,3.0,2.0,0.7150000000000001,0.017649668676313013,0.017649668676313013,0.0
contextual_bandit,806,63,114.27558346986771,118.8657821599239,38.44149969518185,75.83408434092999,1.780487702228129,22523.81897354126,0.0,32.0,0.0,1.0,0.7104761904761905,0.017218201712239534,0.017218201712239534,0.0
contextual_bandit,806,64,127.4948377266908,119.20744500397277,36.44879166781902,91.04604614827875,1.8037299579009414,22451.550968170166,0.0,36.0,11.0,0.0,0.7059523809523809,0.01606583473039791,0.01606583473039791,0.0
contextual_bandit,806,65,93.06254419088364,115.13701148528507,32.19798521697521,60.86455880999565,1.5641376608982682,18832.899658203125,0.0,27.0,0.0,2.0,0.7014285714285715,0.01595533755607903,0.01595533755607903,0.0
contextual_bandit,806,66,124.8722111689624,116.5425141791,42.20095856487751,82.67125333424178,1.8375529674813151,24670.764587402344,0.0,34.0,9.0,2.0,0.6969047619047619,0.01499810500536114,0.01499810500536114,0.0
contextual_bandit,806,67,111.76182360351086,116.03105723696515,39.13386894762516,72.6279541939497,1.7397514125332236,22989.85293197632,0.0,31.0,0.0,1.0,0.6923809523809523,0.014264302502851933,0.014264302502851933,0.0
contextual_bandit,806,68,140.23716212159684,117.01512433305261,40.11540311574936,100.12175909525446,1.9014389095827937,25200.62459564209,0.0,34.0,18.0,0.0,0.687857142857143,0.013892029761336744,0.013892029761336744,0.0
contextual_bandit,806,69,133.74837327381218,117.64515596368103,38.99053765833378,94.7578356005772,1.8041539415717125,23780.002235412598,0.0,36.0,15.0,2.0,0.6833333333333333,0.013402012293227017,0.013402012293227017,0.0
contextual_bandit,806,70,111.7508432149887,118.41413392849952,36.625482469797134,75.12536074519157,1.720115439966321,21870.49349975586,0.0,32.0,0.0,2.0,0.6788095238095238,0.012357571453321725,0.012357571453321725,0.0
contextual_bandit,806,71,138.93237973773722,119.89313202956717,37.42989254742861,101.50248716050626,1.81405383720994,22758.51741027832,0.0,32.0,27.0,3.0,0.6742857142857144,0.010715375683503225,0.010715375683503225,0.0
contextual_bandit,806,72,168.8445463423653,123.80894060638312,35.60829219222069,133.23625391172604,1.8319284310564399,22599.70655441284,0.0,36.0,31.0,2.0,0.6697619047619048,0.011250102834310383,0.011250102834310383,0.0
contextual_bandit,806,73,154.57633228944013,126.75566379501497,41.43977901339531,113.13655309723094,1.8596697570756078,24933.72215652466,0.0,34.0,27.0,0.0,0.6652380952380952,0.010005340882344171,0.010005340882344171,0.0
contextual_bandit,806,74,113.3256696909666,126.95349265142356,39.01834951341152,74.30732089281082,1.7331430418416858,22636.81321334839,0.0,32.0,0.0,0.0,0.6607142857142857,0.009891894645988941,0.009891894645988941,0.0
contextual_bandit,806,75,133.09847857937754,128.45061929062726,39.0564821511507,94.04199660704077,1.7947519356384873,23854.439792633057,0.0,30.0,16.0,3.0,0.6561904761904762,0.009561944345477968,0.009561944345477968,0.0
contextual_bandit,806,76,111.6189266688408,126.17413828340064,36.28960255533457,75.32932467975036,1.7499155830591917,22165.57145690918,0.0,30.0,8.0,2.0,0.6516666666666667,0.009941180236637592,0.009941180236637592,0.0
contextual_bandit,806,77,115.56415436772359,125.43877759216016,38.6533138602972,76.91084062663568,1.7817141357809305,23614.384063720703,0.0,31.0,2.0,2.0,0.6471428571428571,0.009021294448757544,0.009021294448757544,0.0
contextual_bandit,806,78,114.86367519199848,122.391283911317,38.917479023337364,75.94619685411453,1.7288029715418816,22870.404600143433,0.0,33.0,0.0,0.0,0.6426190476190476,0.008620308071840554,0.008620308071840554,0.0
contextual_bandit,806,79,128.41559012277372,123.1408025830486,38.86552155017853,89.55006916864167,1.8100276300683618,23461.795513153076,0.0,35.0,9.0,1.0,0.6380952380952382,0.00831656067748554,0.00831656067748554,0.0
contextual_bandit,806,80,126.64788860384013,123.2403377724986,35.813666224479675,90.83422230485465,1.746535625308752,21839.05891418457,0.0,32.0,16.0,2.0,0.6335714285714286,0.008694098534760997,0.008694098534760997,0.0
contextual_bandit,806,81,139.7731289270866,125.33601878150982,42.81243138760328,96.96069735321882,1.860646435059607,25262.58394241333,0.0,32.0,22.0,2.0,0.6290476190476191,0.008456340205157176,0.008456340205157176,0.0
contextual_bandit,806,82,148.36154499981302,127.56128471461382,39.68632870167494,108.67521629813805,1.880786950699985,24297.577320098877,0.0,32.0,23.0,3.0,0.6245238095238095,0.007772003300487995,0.007772003300487995,0.0
contextual_bandit,806,83,137.02850099278197,128.69893059075952,37.733705155551434,99.29479620975955,1.7761081317439675,22850.687519073486,0.0,34.0,17.0,0.0,0.62,0.007626861217431724,0.007626861217431724,0.0
contextual_bandit,806,84,112.27858456969261,127.9381179329096,37.0794627815485,75.19912065565586,1.7472194526344538,22644.107540130615,0.0,32.0,0.0,0.0,0.6154761904761905,0.007224185741506517,0.007224185741506517,0.0
contextual_bandit,806,85,146.223773275772,130.59617938715402,41.27439979463816,104.94937380150881,1.8343100920319557,24800.733894348145,0.0,34.0,20.0,0.0,0.6109523809523809,0.008067450020462275,0.008067450020462275,0.0
contextual_bandit,806,86,98.47506276071071,129.27632196674148,31.41789111495018,67.05717131793499,1.6114912340417504,18845.582920074463,0.0,30.0,0.0,2.0,0.6064285714285714,0.008221823489293456,0.008221823489293456,0.0
contextual_bandit,806,87,110.82648855253318,129.22955521419257,37.161639764904976,73.66484850450614,1.7815887928009033,22618.19556427002,0.0,31.0,11.0,2.0,0.6019047619047619,0.006786157318856567,0.006786157318856567,0.0
contextual_bandit,806,88,105.77908822894096,127.50665151955977,34.1581192612648,71.62096896767616,1.6399899926036596,20390.614707946777,0.0,31.0,0.0,1.0,0.5973809523809523,0.007662152813281864,0.007662152813281864,0.0
contextual_bandit,806,89,109.86328641472167,126.31239717660526,36.768143974244595,73.09514229146548,1.7719208411872387,22291.137409210205,0.0,30.0,9.0,2.0,0.592857142857143,0.006837820867076516,0.006837820867076516,0.0
contextual_bandit,806,90,170.32154430230693,129.24093223097117,38.526236817240715,131.79530749996735,1.862144248560071,23552.023818969727,0.0,34.0,27.0,1.0,0.5883333333333334,0.006939569691894576,0.006939569691894576,0.0
contextual_bandit,806,91,142.88264915835202,129.4384457020019,34.48922346532345,108.3934256930286,1.7273773653432727,21057.691436767578,0.0,31.0,30.0,1.0,0.5838095238095238,0.007175605394877493,0.007175605394877493,0.0
contextual_bandit,806,92,137.64712623374848,127.87857469657108,39.854016572237015,97.79310975091843,1.7673860704526305,23747.413803100586,0.0,36.0,22.0,1.0,0.5792857142857144,0.006686233886284754,0.006686233886284754,0.0
contextual_bandit,806,93,130.71693429421975,126.68560479681003,33.44184494763613,97.27508922737434,1.7303624991327524,20611.561820983887,0.0,33.0,27.0,1.0,0.5747619047619048,0.0058582227502483875,0.0058582227502483875,0.0
contextual_bandit,806,94,96.92105773836374,125.86537419917993,31.503875590860844,65.41718205809593,1.6154626309871674,19189.730270385742,0.0,28.0,0.0,2.0,0.5702380952380952,0.006678892852505669,0.006678892852505669,0.0
contextual_bandit,806,95,96.64307151734829,124.04260384607844,33.56909406930208,63.073977798223495,1.6580648487433791,20461.527416229248,0.0,27.0,0.0,2.0,0.5657142857142857,0.0068180089292582124,0.0068180089292582124,0.0
contextual_bandit,806,96,99.82699457178461,123.45300724122562,33.91270111501217,65.91429360578404,1.6709596486762166,20620.77629852295,0.0,26.0,9.0,1.0,0.5611904761904762,0.006992236274527386,0.006992236274527386,0.0
contextual_bandit,806,97,131.80537350169016,124.26506819792397,39.768899247050285,92.03647444835492,1.8119672928005457,24019.475246429443,0.0,34.0,18.0,1.0,0.5566666666666666,0.00719668589590583,0.00719668589590583,0.0
contextual_bandit,806,98,110.35210643708706,124.03948976017841,36.38949120044708,73.96261531114578,1.7194994743913412,20985.045177459717,0.0,32.0,0.0,1.0,0.5521428571428572,0.006784940313082188,0.006784940313082188,0.0
contextual_bandit,806,99,113.33320187926293,123.28537034800286,36.462180733680725,76.87102044522763,1.6971423793584108,21421.203491210938,0.0,32.0,0.0,2.0,0.5476190476190477,0.006716574571328238,0.006716574571328238,0.0
contextual_bandit,806,100,109.46838521361352,122.42639517849152,33.546361759305,75.92202345430852,1.70811737049371,20209.790977478027,0.0,34.0,0.0,1.0,0.5430952380952381,0.006524756347062066,0.006524756347062066,0.0
contextual_bandit,806,101,90.04502993822098,119.93999022904825,30.866344705224037,59.178685039281845,1.5795578956604004,18559.09602355957,0.0,27.0,0.0,1.0,0.5385714285714286,0.0056866955128498375,0.0056866955128498375,0.0
contextual_bandit,806,102,125.25901022418897,118.78486349026703,33.35724565386772,91.90176451071662,1.7575382450595498,20987.611499786377,0.0,33.0,18.0,2.0,0.5340476190476191,0.006288590928306803,0.006288590928306803,0.0
contextual_bandit,806,103,100.54054430127144,116.9604656556915,31.139943093061447,69.40060117840767,1.6170906350016594,19505.558712005615,0.0,31.0,0.0,1.0,0.5295238095238095,0.0058222286170348525,0.0058222286170348525,0.0
contextual_bandit,806,104,153.07729599686263,119.00040122704999,38.1884858161211,114.8888103446543,1.7906973278149962,23490.708988189697,0.0,34.0,29.0,1.0,0.525,0.005941315874224529,0.005941315874224529,0.0
contextual_bandit,806,105,101.86682710945607,116.78255391873422,34.00718957185745,67.85963735878468,1.710836922749877,21131.128074645996,0.0,30.0,0.0,2.0,0.5204761904761905,0.005722635090933181,0.005722635090933181,0.0
contextual_bandit,806,106,98.45944551108283,116.78177305625282,27.8649537935853,70.59449104694528,1.675401646643877,18266.388957977295,0.0,26.0,7.0,2.0,0.5159523809523809,0.005685414609615691,0.005685414609615691,0.0
contextual_bandit,806,107,115.5043746896333,117.01566736310781,36.31286268681288,79.19151160048906,1.843877979554236,23383.178155899048,0.0,29.0,7.0,2.0,0.5114285714285716,0.005402804075856693,0.005402804075856693,0.0
contextual_bandit,806,108,198.8241219040566,121.66791904686359,34.73856398463249,164.08555791942408,1.7886091424152255,21179.604152679443,0.0,36.0,42.0,1.0,0.506904761904762,0.006166780018247664,0.006166780018247664,0.0
contextual_bandit,806,109,168.79038943253002,124.614274197754,37.99690620601177,130.7934832563206,1.8266242574900389,22763.07320022583,0.0,36.0,33.0,1.0,0.5023809523809524,0.006142262907815166,0.006142262907815166,0.0
contextual_bandit,806,110,103.92422684674926,121.29440832497612,31.829950407147408,72.09427645450302,1.689335255883634,19722.58344268799,0.0,31.0,1.0,2.0,0.4978571428571429,0.005618966039037332,0.005618966039037332,0.0
contextual_bandit,806,111,100.19238190352917,119.15989496223499,31.864540353417397,68.32784178853035,1.6917147114872932,20006.150131225586,0.0,29.0,0.0,1.0,0.4933333333333334,0.005614867201074958,0.005614867201074958,0.0
contextual_bandit,806,112,205.96471369996627,122.57577433554586,38.52444536983967,167.4402683301266,1.8044072389602661,23136.39287185669,0.0,38.0,40.0,0.0,0.4888095238095238,0.005614116904325783,0.005614116904325783,0.0
contextual_bandit,806,113,148.84373004974574,123.48211412332216,40.1057603508234,108.73796966912002,1.8878983203321695,23977.562156677246,0.0,36.0,29.0,1.0,0.4842857142857143,0.005705814473913051,0.005705814473913051,0.0
contextual_bandit,806,114,95.64713652729988,123.41841806276898,28.10592931509018,67.54120754003524,1.6212163595482707,17878.626861572266,0.0,28.0,0.0,2.0,0.4797619047619047,0.005772408709162846,0.005772408709162846,0.0
contextual_bandit,806,115,94.94666744956956,123.33359785938008,32.33895528316498,62.607712240910416,1.673098661005497,19953.568817138672,0.0,26.0,9.0,4.0,0.47523809523809524,0.005972859536996111,0.005972859536996111,0.0
contextual_bandit,806,116,106.6804890657753,123.67627258407961,30.448759496212006,76.23172980798186,1.6997161181643605,19545.088005065918,0.0,31.0,5.0,1.0,0.47071428571428575,0.005868928710697219,0.005868928710697219,0.0
contextual_bandit,806,117,110.817013078928,122.6268545629415,33.536954544484615,77.28005807995797,1.635798011906445,19877.91410446167,0.0,34.0,0.0,1.0,0.46619047619047627,0.005762479122495279,0.005762479122495279,0.0
contextual_bandit,806,118,103.9526445814673,122.30688147016049,32.86890482902527,71.08373954382577,1.6488941395655274,20442.300830841064,0.0,29.0,13.0,1.0,0.46166666666666667,0.005375885564717464,0.005375885564717464,0.0
contextual_bandit,806,119,136.88793320876107,123.4846180366354,32.799175187945366,104.08875796121106,1.7228945260867476,20397.77890396118,0.0,31.0,27.0,1.0,0.4571428571428572,0.005784385924926028,0.005784385924926028,0.0
contextual_bandit,806,120,97.26463103294373,122.87443032760189,31.332734405994415,65.93189662694931,1.6394974682480097,19205.063915252686,0.0,31.0,0.0,1.0,0.4526190476190477,0.005597806652076542,0.005597806652076542,0.0
contextual_bandit,806,121,89.69794117063284,122.85707588922249,29.26932717114687,60.428614372015,1.5983235724270344,18231.671058654785,0.0,29.0,0.0,2.0,0.4480952380952381,0.006273257953580469,0.006273257953580469,0.0
contextual_bandit,806,122,104.43620644509792,121.81593570026796,34.6964101344347,69.73979561030865,1.6458115624263883,20666.516677856445,0.0,29.0,0.0,1.0,0.4435714285714286,0.005531777307623997,0.005531777307623997,0.0
contextual_bandit,806,123,116.11139570176601,122.59447827029268,35.85132087022066,80.26007421314716,1.7541402829810977,21748.779363632202,0.0,36.0,0.0,0.0,0.439047619047619,0.005268622131552547,0.005268622131552547,0.0
contextual_bandit,806,124,119.02194241197118,120.89171059104811,32.52735350281,86.49458916248092,1.7203311864286661,20245.09996032715,0.0,31.0,14.0,1.0,0.43452380952380953,0.005565575804212131,0.005565575804212131,0.0
contextual_bandit,806,125,97.78916182518006,120.68782732683432,32.54857885837555,65.2405823558569,1.6300189290195704,19626.822235107422,0.0,28.0,0.0,2.0,0.43000000000000005,0.004956936129019596,0.004956936129019596,0.0
contextual_bandit,806,126,93.47398310899734,120.43855420673006,29.553347669541836,63.92063516378403,1.5944357812404633,17777.00633239746,0.0,28.0,0.0,0.0,0.42547619047619056,0.006576337851583958,0.006576337851583958,0.0
contextual_bandit,806,127,91.54066110378992,119.24036852743787,30.23741438239813,61.30324590182792,1.6180785512551665,18606.75047302246,0.0,27.0,1.0,1.0,0.42095238095238097,0.006283724156673998,0.006283724156673998,0.0
contextual_bandit,806,128,81.53886778652668,113.37610582156135,27.046830751001835,54.49203744530678,1.5262514892965555,17033.495719909668,0.0,24.0,0.0,1.0,0.41642857142857137,0.005335737791028805,0.005335737791028805,0.0
contextual_bandit,806,129,130.8219901413027,111.47768585699998,33.97101990133524,96.85097070190346,1.788426416926086,21821.521266937256,0.0,31.0,16.0,3.0,0.4119047619047619,0.005580266340984963,0.005580266340984963,0.0
contextual_bandit,806,130,90.90852544781187,110.82690078705313,28.811365865170956,62.09715906110027,1.6010711770504713,18303.303577423096,0.0,25.0,3.0,1.0,0.4073809523809524,0.005170569173060358,0.005170569173060358,0.0
contextual_bandit,806,131,161.90682693880964,113.91262303881715,30.043794482946396,131.86303245586325,1.6878384156152606,18861.73659133911,0.0,34.0,38.0,1.0,0.4028571428571429,0.005171484692255035,0.005171484692255035,0.0
contextual_bandit,806,132,106.41635162150818,108.93520493489423,32.90218593925238,73.5141655704971,1.6702309027314186,19811.97452545166,0.0,33.0,5.0,1.0,0.39833333333333343,0.005681239897967316,0.005681239897967316,0.0
contextual_bandit,806,133,94.24130202233792,106.20508353352386,30.09438218176365,64.14692039191723,1.546807992272079,17935.492874145508,0.0,29.0,0.0,2.0,0.39380952380952383,0.005494572935276665,0.005494572935276665,0.0
contextual_bandit,806,134,110.39887896797234,106.94267065555748,34.79738527536392,75.60149370750958,1.6838378077372909,20543.7638130188,0.0,32.0,11.0,3.0,0.38928571428571423,0.0056052720319712535,0.0056052720319712535,0.0
contextual_bandit,806,135,142.94736211542423,109.34270538885023,34.08436392247677,108.86299814824393,1.734778443351388,20867.101947784424,0.0,34.0,32.0,3.0,0.38476190476190475,0.00408884507487528,0.00408884507487528,0.0
contextual_bandit,806,136,102.14437184083896,109.11589952760342,30.918713949620724,71.2256574143811,1.6788596268743277,19728.307067871094,0.0,31.0,11.0,0.0,0.38023809523809526,0.004910653049591929,0.004910653049591929,0.0
contextual_bandit,806,137,97.986418440938,108.47436979570391,34.08222870528698,63.904190093278885,1.6341668525710702,20124.76218032837,0.0,30.0,0.0,0.0,0.3757142857142858,0.005229058588156477,0.005229058588156477,0.0
contextual_bandit,806,138,104.92375732915372,108.52292543308822,29.903225101530552,75.02053219037025,1.6142939031124115,18918.20464706421,0.0,29.0,15.0,5.0,0.3711904761904763,0.005360645707696676,0.005360645707696676,0.0
contextual_bandit,806,139,112.25939172059013,107.29149835867966,36.00758454203606,76.25180714875174,1.7237973362207413,21562.160131454468,0.0,29.0,5.0,1.0,0.3666666666666667,0.004632966316421516,0.004632966316421516,0.0
contextual_bandit,806,140,96.81165534555912,107.26884957431045,29.673967272043228,67.13768832683563,1.6072409637272358,18490.583683013916,0.0,29.0,0.0,4.0,0.3621428571428572,0.005765006164438091,0.005765006164438091,0.0
contextual_bandit,806,141,112.6021140913097,108.4140582203443,34.51888257265091,78.08323104182166,1.7343242214992642,21125.905490875244,0.0,29.0,17.0,1.0,0.3576190476190476,0.005144239810761064,0.005144239810761064,0.0
contextual_bandit,806,142,126.33939762945619,109.50921777956219,33.96754274517298,92.37185479487624,1.697984223254025,20631.49655532837,0.0,36.0,30.0,0.0,0.35309523809523813,0.005019216725486331,0.005019216725486331,0.0
contextual_bandit,806,143,92.57028542459011,108.33216226570339,31.73550935089588,60.83477634191513,1.5959242163226008,18625.41130065918,0.0,28.0,0.0,1.0,0.34857142857142864,0.005144927563378587,0.005144927563378587,0.0
contextual_bandit,806,144,97.16888161369963,107.23950922578983,28.892075672745705,68.27680586644813,1.6423059087246656,18083.897918701172,0.0,27.0,12.0,4.0,0.34404761904761905,0.004237989473040216,0.004237989473040216,0.0
contextual_bandit,806,145,113.41183533792818,108.02064290142724,31.962073743343353,81.44976153498018,1.6480717090889812,19540.78568649292,0.0,31.0,17.0,1.0,0.33952380952380956,0.005156071070814505,0.005156071070814505,0.0
contextual_bandit,806,146,104.35687286669236,108.56478738931199,28.529156625270844,75.82771621161919,1.6135593485087156,17828.00901412964,0.0,31.0,20.0,3.0,0.3350000000000001,0.0047936457267496735,0.0047936457267496735,0.0
contextual_bandit,806,147,109.02125579618574,109.43881712393177,32.58416813611984,76.43708770476938,1.697163232602179,20195.34349822998,0.0,27.0,14.0,4.0,0.3304761904761905,0.005369421429350041,0.005369421429350041,0.0
contextual_bandit,806,148,106.50308098196983,110.68702778370394,34.72414155304432,71.77893965244293,1.6985410237684846,20662.988006591797,0.0,31.0,0.0,3.0,0.325952380952381,0.004594592654029839,0.004594592654029839,0.0
contextual_bandit,806,149,155.84768654747813,111.93831260401268,32.39520017802715,123.45248636945098,1.6514288745820522,19366.650367736816,0.0,35.0,44.0,1.0,0.3214285714285714,0.004180216084932908,0.004180216084932908,0.0
contextual_bandit,806,150,114.95879018359244,113.14082584080172,29.81739319115877,85.1413967391139,1.6578338779509068,18607.279529571533,0.0,33.0,20.0,3.0,0.3169047619047619,0.004689364897785708,0.004689364897785708,0.0
contextual_bandit,806,151,77.70274644494057,108.93062181610829,28.169380009174347,49.53336582481861,1.541587445884943,17097.686101913452,0.0,22.0,0.0,1.0,0.3123809523809524,0.005075805209344253,0.005075805209344253,0.0
contextual_bandit,806,152,115.82666188094012,109.40113732907989,32.34067593514919,83.48598570737238,1.7239340208470821,19843.470901489258,0.0,31.0,18.0,3.0,0.30785714285714294,0.004330702387960628,0.004330702387960628,0.0
contextual_bandit,806,153,131.6176924861155,111.26995685226878,34.32675792276859,97.29093439198354,1.733925606124103,21011.315425872803,0.0,34.0,26.0,1.0,0.30333333333333345,0.004556551721179858,0.004556551721179858,0.0
contextual_bandit,806,154,139.792689086363,112.73964735818826,32.01298700273037,107.77970220284193,1.699445745907724,19437.54065322876,0.0,35.0,46.0,1.0,0.29880952380952375,0.004786793084349483,0.004786793084349483,0.0
contextual_bandit,806,155,105.59277360141277,110.87191793248772,35.11998450756073,70.47278992831707,1.691868626512587,20651.904224395752,0.0,29.0,0.0,0.0,0.29428571428571426,0.005277690652292222,0.005277690652292222,0.0
contextual_bandit,806,156,89.23665612339974,110.22653214661575,30.743408672511578,58.49324789047241,1.627612336538732,18949.715209960938,0.0,26.0,0.0,1.0,0.2897619047619048,0.004424041813763324,0.004424041813763324,0.0
contextual_bandit,806,157,99.88041394410388,110.32123192177406,30.76952636241913,69.11088745502491,1.6306024277582765,18728.65827178955,0.0,30.0,9.0,3.0,0.2852380952380953,0.005263076760456897,0.005263076760456897,0.0
contextual_bandit,806,158,111.38332891452914,110.6442105010428,32.716082356870174,78.66724631924038,1.7029831809923053,19655.628978729248,0.0,32.0,15.0,4.0,0.2807142857142858,0.004891022312222049,0.004891022312222049,0.0
contextual_bandit,806,159,109.71110345562734,110.51679608779469,31.86707716435194,77.84402661165036,1.6843163715675473,19784.060348510742,0.0,32.0,8.0,3.0,0.2761904761904763,0.00487087391957175,0.00487087391957175,0.0
contextual_bandit,806,160,93.61082936823368,110.3567547889284,28.56672142446041,65.0441076606512,1.6076559834182262,17699.790977478027,0.0,29.0,0.0,0.0,0.2716666666666666,0.004832862061448395,0.004832862061448395,0.0
contextual_bandit,806,161,101.81174684464932,109.81723642659537,30.56475704163313,71.24698921442032,1.6246656058356166,18581.14513015747,0.0,31.0,0.0,3.0,0.2671428571428571,0.0039458281971747056,0.0039458281971747056,0.0
contextual_bandit,806,162,109.63932639074945,108.98223286466005,33.82710726559162,75.81221921456476,1.7095374818891287,20995.74131011963,0.0,31.0,14.0,2.0,0.26261904761904764,0.005521959028556012,0.005521959028556012,0.0
contextual_bandit,806,163,81.18837136924267,108.41313716189268,27.139561340212822,54.04880999922752,1.562110991217196,17222.289546966553,0.0,26.0,0.0,2.0,0.25809523809523816,0.005018766722059809,0.005018766722059809,0.0
contextual_bandit,806,164,97.47183796167374,108.42828497929138,29.229236587882042,68.24260171651841,1.61515246424824,17967.71783065796,0.0,30.0,0.0,2.0,0.25357142857142867,0.004743161545775365,0.004743161545775365,0.0
contextual_bandit,806,165,101.51801772128212,107.83359409845907,32.144439712166786,69.37357842634785,1.7086066817864776,19743.08372116089,0.0,29.0,2.0,1.0,0.24904761904761907,0.004884608570137061,0.004884608570137061,0.0
contextual_bandit,806,166,107.02678038451337,107.96708947435013,30.883649751544,76.14313085648678,1.6614848067983985,18989.64056777954,0.0,33.0,3.0,1.0,0.2445238095238096,0.004323109591496177,0.004323109591496177,0.0
contextual_bandit,806,167,108.71232808785105,107.95164308893338,31.712962985038757,76.99936462597513,1.6799074104055762,19260.307815551758,0.0,35.0,1.0,2.0,0.24,0.0048396590718766674,0.0048396590718766674,0.0
contextual_bandit,806,168,98.13324224219215,107.53315115194451,29.01561462134123,69.11762734517944,1.6151548000052571,18401.155487060547,0.0,28.0,14.0,3.0,0.2354761904761905,0.004660791557398625,0.004660791557398625,0.0
contextual_bandit,806,169,136.7397864179239,106.57775614546681,29.801397770643234,106.93838864728065,1.664457792416215,18726.47222137451,0.0,33.0,34.0,4.0,0.23095238095238102,0.0048584491887595505,0.0048584491887595505,0.0
contextual_bandit,806,170,123.87682797477385,107.02365803502587,31.44839310646057,92.42843540475508,1.7087524002417922,19766.084533691406,0.0,33.0,19.0,2.0,0.22642857142857142,0.004207496778690256,0.004207496778690256,0.0
contextual_bandit,806,171,99.64201718169183,108.12062157186342,28.626819357275963,71.01519798832862,1.6679291743785143,18593.413650512695,0.0,29.0,4.0,2.0,0.22190476190476194,0.005041088050347753,0.005041088050347753,0.0
contextual_bandit,806,172,112.45487034111169,107.952031994872,30.700402073562145,81.75446832715419,1.6406600596383214,18732.615886688232,0.0,30.0,28.0,1.0,0.21738095238095245,0.004555821040412411,0.004555821040412411,0.0
contextual_bandit,806,173,97.1500858515501,106.22865166314375,29.190701484680176,67.95938394963741,1.6338545577600598,18380.23468017578,0.0,30.0,0.0,0.0,0.21285714285714286,0.005027727544074878,0.005027727544074878,0.0
contextual_bandit,806,174,92.39160095778334,103.85859725671476,29.569361999630928,62.82223931578027,1.6508831167593598,18499.913913726807,0.0,28.0,2.0,2.0,0.20833333333333337,0.004534016246907413,0.004534016246907413,0.0
contextual_bandit,806,175,118.67302887946812,104.51261002061752,31.21382375061512,87.45920480102745,1.7336866054683924,19619.33860397339,0.0,31.0,12.0,3.0,0.20380952380952377,0.005216911144088954,0.005216911144088954,0.0
contextual_bandit,806,176,165.2366339883227,108.31260891386367,33.70295540988445,131.5336785784383,1.7204143851995468,20028.757698059082,0.0,34.0,45.0,4.0,0.1992857142857143,0.004353177697339561,0.004353177697339561,0.0
contextual_bandit,806,177,113.79115242444624,109.0081458378808,32.20194286108017,81.58920944415678,1.7066997289657593,20261.49366760254,0.0,29.0,17.0,4.0,0.1947619047619048,0.0039175167185021564,0.0039175167185021564,0.0
contextual_bandit,806,178,120.94379305179531,109.48616904474409,33.72965286672115,87.21414024467879,1.693777990527451,20418.708209991455,0.0,32.0,23.0,0.0,0.19023809523809532,0.004171663968008943,0.004171663968008943,0.0
contextual_bandit,806,179,104.6429061309755,109.23275917851149,30.022712759673595,74.62019329679612,1.6512381685897708,18656.522483825684,0.0,31.0,18.0,1.0,0.18571428571428583,0.005266171800030861,0.005266171800030861,0.0
contextual_bandit,806,180,119.55539940050848,110.52998768012526,31.89694768190384,87.65845189741854,1.7031742772087455,19840.745540618896,0.0,33.0,20.0,4.0,0.18119047619047624,0.004356803619884886,0.004356803619884886,0.0
contextual_bandit,806,181,100.90757900208793,110.48477928799716,30.17805416882038,70.72952486306987,1.6012373454868793,18006.449913024902,0.0,31.0,8.0,2.0,0.17666666666666664,0.004479936833376996,0.004479936833376996,0.0
contextual_bandit,806,182,108.91731870675842,110.44867890379764,32.71558190137148,76.20173656696836,1.6543706944212317,19417.102668762207,0.0,29.0,14.0,1.0,0.17214285714285715,0.003676818872918375,0.003676818872918375,0.0
contextual_bandit,806,183,95.95632327205652,111.18707649893831,28.152782082557678,67.80354046679253,1.6439214507117867,18021.59778213501,0.0,29.0,8.0,1.0,0.16761904761904767,0.0044091798044973984,0.0044091798044973984,0.0
contextual_bandit,806,184,129.80526945862596,112.80374807378591,30.501394122838974,99.30387542519395,1.6593562392517924,18728.496061325073,0.0,35.0,33.0,0.0,0.16309523809523818,0.004045759043947328,0.004045759043947328,0.0
contextual_bandit,806,185,102.97141467611179,112.8764179215274,32.04672811925411,70.92468676547395,1.639148230664432,19127.415843963623,0.0,30.0,5.0,2.0,0.1585714285714287,0.004955670519848354,0.004955670519848354,0.0
contextual_bandit,806,186,106.2740228016972,112.83878004238659,29.382895082235336,76.8911277045607,1.6579401306807995,18304.445697784424,0.0,32.0,27.0,1.0,0.1540476190476191,0.004432875037309714,0.004432875037309714,0.0
contextual_bandit,806,187,118.84562130934358,113.34544470346123,27.364878848195076,91.48074240154386,1.6292068818584085,17874.63087463379,0.0,30.0,31.0,1.0,0.1495238095238095,0.004007582800113596,0.004007582800113596,0.0
contextual_bandit,806,188,105.0186596389299,113.68971557329812,29.103492707014084,75.91516669349724,1.6498261829838157,18916.045070648193,0.0,32.0,12.0,1.0,0.14500000000000002,0.00489192437089514,0.00489192437089514,0.0
contextual_bandit,806,189,118.40823178388175,112.77313784159601,30.688824519515038,87.71940710045394,1.6925314841791987,18923.25510406494,0.0,35.0,28.0,2.0,0.14047619047619053,0.0047464730887440965,0.0047464730887440965,0.0
contextual_bandit,806,190,96.16608807170678,111.38760084644267,29.24392034113407,66.92216759646224,1.6481047691777349,17882.447521209717,0.0,29.0,8.0,2.0,0.13595238095238105,0.004630819879821502,0.004630819879821502,0.0
contextual_bandit,806,191,129.6571870503982,112.88835933987795,31.09438045322895,98.56280659716924,1.6451987084001303,18723.840042114258,0.0,32.0,32.0,6.0,0.13142857142857145,0.004386887536384165,0.004386887536384165,0.0
contextual_bandit,806,192,89.60830593157641,111.74603111940124,25.555328369140625,64.0529776369416,1.5485306158661842,16111.629173278809,0.0,26.0,7.0,2.0,0.12690476190476196,0.004470817279070616,0.004470817279070616,0.0
contextual_bandit,806,193,97.18459169289629,111.74775641146854,27.966009587049484,69.21858210584682,1.5999043146148324,17375.99069404602,0.0,28.0,7.0,3.0,0.12238095238095237,0.004600369109539315,0.004600369109539315,0.0
contextual_bandit,806,194,102.52081772983074,112.25421725007091,29.563888363540173,72.95692935883999,1.6436380008235574,18184.293670654297,0.0,31.0,0.0,3.0,0.11785714285714288,0.0042387149296700954,0.0042387149296700954,0.0
contextual_bandit,806,195,87.29145708084107,110.68513866013954,26.315648287534714,60.975808614492415,1.5769455349072814,16688.60920715332,0.0,27.0,0.0,1.0,0.1133333333333334,0.004265262541593984,0.004265262541593984,0.0
contextual_bandit,806,196,119.8907572837213,108.41784482490945,32.48375327885151,87.4070039601663,1.6805196506902575,19158.470306396484,0.0,34.0,23.0,3.0,0.1088095238095238,0.00479108867875766,0.00479108867875766,0.0
contextual_bandit,806,197,113.49232500193789,108.40290345378405,29.63524430990219,83.85708054302407,1.635118992999196,18413.88052368164,0.0,31.0,18.0,1.0,0.10428571428571431,0.004709694869234227,0.004709694869234227,0.0
contextual_bandit,806,198,94.23159290061258,107.06729344622492,27.34892439097166,66.88266788379217,1.5992296244949102,17415.186447143555,0.0,28.0,2.0,3.0,0.09976190476190483,0.004590700424159877,0.004590700424159877,0.0
contextual_bandit,806,199,109.53382215430722,107.3118392473915,28.272006139159203,81.26181592574105,1.6478024097159505,18064.720489501953,0.0,30.0,14.0,0.0,0.09523809523809534,0.004017191080492921,0.004017191080492921,0.0
contextual_bandit,806,200,87.79921275675296,105.72402991520373,24.649813055992126,63.14939956665039,1.5169476019218564,15512.866008758545,0.0,29.0,0.0,2.0,0.09071428571428575,0.004742849472677335,0.004742849472677335,0.0
contextual_bandit,806,201,139.25177613601542,107.6412397719001,30.84236916899681,108.40940696701861,1.6977953612804413,18738.61375808716,0.0,35.0,35.0,0.0,0.08619047619047626,0.005587078427197412,0.005587078427197412,0.0
contextual_bandit,806,202,89.80533200127894,106.68564043662613,27.170580975711346,62.6347511000734,1.5723518887534738,17151.100982666016,0.0,29.0,16.0,3.0,0.08166666666666667,0.004144195016124286,0.004144195016124286,0.0
contextual_bandit,806,203,83.34219315052033,106.05493393054931,24.820930570364,58.52126272916794,1.5118644163012505,15501.64778137207,0.0,27.0,0.0,2.0,0.07714285714285718,0.004434852176927961,0.004434852176927961,0.0
contextual_bandit,806,204,83.40731236338615,103.73503607578732,27.030900225043297,56.376411855220795,1.578241783194244,17232.601902008057,0.0,25.0,0.0,0.0,0.0726190476190477,0.004311581637011841,0.004311581637011841,0.0
contextual_bandit,806,205,67.36210212260485,101.95457044811198,24.983527585864067,42.37857441753149,1.5225306618958712,16141.565181732178,0.0,21.0,0.0,1.0,0.06809523809523821,0.004174179790425114,0.004174179790425114,0.0
contextual_bandit,806,206,110.5995062107462,102.17084461856443,29.379352740943432,81.22015340274751,1.6286864625290036,18422.241012573242,0.0,33.0,29.0,2.0,0.06357142857142861,0.0040149177366402,0.0040149177366402,0.0
contextual_bandit,806,207,92.53326052607935,100.85522657940122,27.953402251005173,64.57985811116141,1.6609619446098804,17958.823127746582,0.0,25.0,10.0,1.0,0.059047619047619015,0.003966989243053831,0.003966989243053831,0.0
contextual_bandit,806,208,97.25166341612716,100.46687676826109,27.625748619437218,69.62591500530618,1.5806239442899823,17070.44787979126,0.0,28.0,10.0,2.0,0.05452380952380953,0.004413605754962191,0.004413605754962191,0.0
contextual_bandit,806,209,87.96039095389077,98.94448472676154,26.445900544524193,61.51449002193638,1.5541137782856822,16467.748626708984,0.0,26.0,8.0,4.0,0.050000000000000044,0.003999272899818607,0.003999272899818607,0.0
contextual_bandit,806,210,128.63117678977187,100.5677391626648,31.339440777897835,97.29173607147865,1.7062223851680756,19069.150939941406,0.0,34.0,39.0,0.0,0.050000000000000044,0.004228799327393062,0.004228799327393062,0.0
contextual_bandit,806,211,190.89906416189595,103.6298330182397,35.10439495742321,155.79466920447274,1.8179257065057755,21380.213577270508,0.0,36.0,49.0,3.0,0.050000000000000044,0.004416400217451155,0.004416400217451155,0.0
contextual_bandit,806,212,111.37273512744603,104.71805447803315,29.195872984826565,82.17686204576194,1.668666834011674,18140.904315948486,0.0,32.0,16.0,2.0,0.050000000000000044,0.004385132880997844,0.004385132880997844,0.0
contextual_bandit,806,213,86.62766750023503,104.1902082684001,27.359939515590668,59.26772761211534,1.5897459732368588,17126.63413619995,0.0,24.0,5.0,3.0,0.050000000000000044,0.004693521768786013,0.004693521768786013,0.0
contextual_bandit,806,214,90.8622528020095,103.60728002200904,27.052070572972298,63.81018234824647,1.618085127323866,17262.519660949707,0.0,26.0,8.0,1.0,0.050000000000000044,0.004673698902479373,0.004673698902479373,0.0
contextual_bandit,806,215,86.71819227337838,103.5786167816359,26.711634293198586,60.0065576672554,1.5648443829268217,16459.69772720337,0.0,28.0,0.0,1.0,0.050000000000000044,0.004306094066123478,0.004306094066123478,0.0
contextual_bandit,806,216,89.46805390715599,102.05748161280765,27.435417518019676,62.032636642456055,1.5864542108029127,17309.6912689209,0.0,27.0,0.0,0.0,0.050000000000000044,0.004199024508125149,0.004199024508125149,0.0
contextual_bandit,806,217,115.6782311225388,102.1667769188377,28.40955962240696,87.26867150013186,1.5933270398527384,17469.15110015869,0.0,32.0,45.0,1.0,0.050000000000000044,0.005144481561728753,0.005144481561728753,0.0
contextual_bandit,806,218,150.59705610936703,104.98505007927542,29.029914766550064,121.56714143222392,1.5920850280672312,17180.19917678833,0.0,35.0,37.0,5.0,0.050000000000000044,0.004745990576338954,0.004745990576338954,0.0
contextual_bandit,806,219,109.12021559754761,104.96436975143743,28.306514635682106,80.81370118538291,1.5988374846056104,17176.559253692627,0.0,31.0,14.0,2.0,0.050000000000000044,0.0043590125715127215,0.0043590125715127215,0.0
contextual_bandit,806,220,91.00701870024204,105.12476004861188,26.199320673942566,64.8076981306076,1.5797865623608232,16695.177993774414,0.0,28.0,0.0,1.0,0.050000000000000044,0.004818124652956612,0.004818124652956612,0.0
contextual_bandit,806,221,97.79878427000561,103.0521104553114,27.776246421039104,70.02253784896651,1.6557668568566442,17915.238529205322,0.0,26.0,10.0,3.0,0.050000000000000044,0.004579146392643452,0.004579146392643452,0.0
contextual_bandit,806,222,106.009258258669,103.86230676818089,27.56882853806019,78.44042986962039,1.5723123764619231,16826.52121734619,0.0,30.0,24.0,3.0,0.050000000000000044,0.004378040524898097,0.004378040524898097,0.0
contextual_bandit,806,223,85.87441136976635,103.9889176791432,25.424046233296394,60.45036540469085,1.5057847248390317,16073.577110290527,0.0,27.0,1.0,3.0,0.050000000000000044,0.004673495655879378,0.004673495655879378,0.0
contextual_bandit,806,224,100.31796266622462,104.83445019428511,27.297521382570267,73.02044147736945,1.5622426057234406,16932.559619903564,0.0,31.0,15.0,1.0,0.050000000000000044,0.0040221306117018685,0.0040221306117018685,0.0
contextual_bandit,806,225,102.44977334097722,106.58883375520372,28.078435480594635,74.37133793488837,1.6156734582036734,17817.406185150146,0.0,28.0,19.0,3.0,0.050000000000000044,0.004592064360622317,0.004592064360622317,0.0
contextual_bandit,806,226,93.1246879581686,105.71509284257483,28.124605908989906,65.00008198957406,1.585748765617609,17078.979164123535,0.0,26.0,6.0,5.0,0.050000000000000044,0.005048977385740727,0.005048977385740727,0.0
contextual_bandit,806,227,102.9811687411471,106.23748825332822,27.595366835594177,75.38580209926803,1.5951495058834553,17174.055534362793,0.0,29.0,24.0,2.0,0.050000000000000044,0.004852166093769483,0.004852166093769483,0.0
contextual_bandit,806,228,90.05692097934057,105.87775113148889,28.801595970988274,61.25532555969525,1.6170477196574211,17951.837467193604,0.0,28.0,3.0,2.0,0.050000000000000044,0.005840730053023435,0.005840730053023435,0.0
contextual_bandit,806,229,103.78179040551186,106.66882110406996,31.947974927723408,71.83381587266922,1.677723958157003,19176.903121948242,0.0,31.0,0.0,2.0,0.050000000000000044,0.004403683095006272,0.004403683095006272,0.0
contextual_bandit,806,230,109.44774081725575,105.70964930544415,28.845032282173634,80.60270872879723,1.6521861432120204,18292.899211883545,0.0,32.0,15.0,4.0,0.050000000000000044,0.004933268064633012,0.004933268064633012,0.0
contextual_bandit,806,231,106.64661340192438,101.49702676744559,29.917813703417778,76.72880022004725,1.6744192745536566,18575.70330810547,0.0,33.0,4.0,2.0,0.050000000000000044,0.004601984488544986,0.004601984488544986,0.0
contextual_bandit,806,232,68.53358289003373,99.35506915557497,23.293588861823082,45.23999407291412,1.4551218869164586,14536.504043579102,0.0,21.0,0.0,1.0,0.050000000000000044,0.0041282543388661,0.0041282543388661,0.0
contextual_bandit,806,233,93.39781329184771,99.69357644515561,28.250813387334347,65.14699941277505,1.604265651665628,17771.76121520996,0.0,29.0,0.0,1.0,0.050000000000000044,0.0038872713048476726,0.0038872713048476726,0.0
contextual_bandit,806,234,100.31484825187819,100.16620621764903,27.90990725159645,72.4049410151829,1.613344993442297,17479.42164993286,0.0,30.0,18.0,2.0,0.050000000000000044,0.004289903081371449,0.004289903081371449,0.0
contextual_bandit,806,235,93.68310042353954,100.51445162515711,28.064108058810234,65.61899258824673,1.5799767458811402,17416.856101989746,0.0,31.0,1.0,1.0,0.050000000000000044,0.004714671216788702,0.004714671216788702,0.0
contextual_bandit,806,236,133.43534085026502,102.71281597231254,29.44345687329769,103.99188397696736,1.6631493447348475,18346.464221954346,0.0,34.0,40.0,1.0,0.050000000000000044,0.0038068037320044823,0.0038068037320044823,0.0
contextual_bandit,806,237,116.9742970995565,102.77761927116342,30.465092733502388,86.50920415743785,1.669057316146791,18463.341358184814,0.0,34.0,32.0,4.0,0.050000000000000044,0.0032476805499754846,0.0032476805499754846,0.0
contextual_bandit,806,238,94.83647221488935,99.98959007643955,27.386814534664154,67.44965846998676,1.5830069975927472,17240.814079284668,0.0,27.0,7.0,4.0,0.050000000000000044,0.0037219233345240355,0.0037219233345240355,0.0
contextual_bandit,806,239,102.41700048106073,99.6544293206152,27.745834410190582,74.67116584735274,1.5888616647571325,16548.684940338135,0.0,33.0,6.0,2.0,0.050000000000000044,0.0036421734985196963,0.0036421734985196963,0.0
contextual_bandit,806,240,104.54584372784404,100.33137057199531,28.18228989839554,76.36355359102993,1.634543395601213,17587.503135681152,0.0,32.0,10.0,3.0,0.050000000000000044,0.004081335253431462,0.004081335253431462,0.0
contextual_bandit,806,241,101.19076088815928,100.50096940290298,28.451781935989857,72.73897911608219,1.6111515769734979,17249.390907287598,0.0,32.0,0.0,1.0,0.050000000000000044,0.004031182252219878,0.004031182252219878,0.0
contextual_bandit,806,242,106.09692534837428,100.50535275738824,30.199735537171364,75.8971899006099,1.6631911639124155,18409.780235290527,0.0,31.0,3.0,1.0,0.050000000000000044,0.0034746478486340493,0.0034746478486340493,0.0
contextual_bandit,806,243,78.85852887630463,100.15455863271515,24.220311403274536,54.638217428326605,1.486173682846129,15077.510986328125,0.0,24.0,0.0,1.0,0.050000000000000044,0.004247247808962129,0.004247247808962129,0.0
contextual_bandit,806,244,157.38289063600894,103.00780503120436,32.451304495334625,124.93158614067428,1.6982112722471356,19242.49157333374,0.0,35.0,49.0,4.0,0.050000000000000044,0.004320770167396404,0.004320770167396404,0.0
contextual_bandit,806,245,81.84088373358856,101.97736055083493,25.473943546414375,56.36694015737186,1.5298474915325642,16084.340843200684,0.0,25.0,6.0,1.0,0.050000000000000044,0.003706521376443561,0.003706521376443561,0.0
contextual_bandit,806,246,101.44110894872982,102.393181600363,29.10092429816723,72.3401847995742,1.637590205296874,18044.425178527832,0.0,30.0,12.0,2.0,0.050000000000000044,0.004022374690975994,0.004022374690975994,0.0
contextual_bandit,806,247,142.34862623608828,104.36155447511005,30.490346372127533,111.85827986396072,1.7152842376381159,19106.82444381714,0.0,33.0,35.0,1.0,0.050000000000000044,0.0035213079827371985,0.0035213079827371985,0.0
contextual_bandit,806,248,106.82810217334898,105.20011353481047,28.68337584286928,78.1447263304797,1.5999466385692358,17605.08887863159,0.0,29.0,36.0,3.0,0.050000000000000044,0.004038509679958224,0.004038509679958224,0.0
contextual_bandit,806,249,78.81549067199231,103.9517985481345,24.243921652436256,54.5715689599514,1.4689765498042107,15025.972270965576,0.0,24.0,0.0,3.0,0.050000000000000044,0.004140616380027495,0.004140616380027495,0.0
contextual_bandit,806,250,120.5479221747343,104.50680761600843,29.317799627780914,91.23012254695338,1.6292397920042276,17763.201942443848,0.0,33.0,37.0,1.0,0.050000000000000044,0.003658544097561389,0.003658544097561389,0.0
contextual_bandit,806,251,112.05887108178564,104.7774205000015,31.865105032920837,80.19376607866712,1.6874500205740333,19185.47275543213,0.0,32.0,21.0,2.0,0.050000000000000044,0.003821663442067802,0.003821663442067802,0.0
contextual_bandit,806,252,86.51610060185195,105.6765463855924,26.962526634335518,59.55357407182455,1.5416106842458248,16931.285552978516,0.0,26.0,0.0,1.0,0.050000000000000044,0.0037057167064631358,0.0037057167064631358,0.0
contextual_bandit,806,253,113.01015629714269,106.65716353585717,31.324371203780174,81.68578521257182,1.6976353181526065,18692.51410675049,0.0,33.0,18.0,3.0,0.050000000000000044,0.004082741899765097,0.004082741899765097,0.0
contextual_bandit,806,254,125.34999898879923,107.9089210727032,30.12065250426531,95.22934676765598,1.6895638890564442,18792.725471496582,0.0,31.0,21.0,3.0,0.050000000000000044,0.00320977384399157,0.00320977384399157,0.0
contextual_bandit,806,255,90.92088222474453,107.77081016276347,26.575080305337906,64.3458021578252,1.5407038507983088,16802.916564941406,0.0,27.0,13.0,2.0,0.050000000000000044,0.004785088050994091,0.004785088050994091,0.0
contextual_bandit,806,256,92.60455892395761,105.72927106644809,28.14710856974125,64.4574505330303,1.6305724838748574,17854.41606903076,0.0,28.0,9.0,1.0,0.050000000000000044,0.0038195398374227807,0.0038195398374227807,0.0
contextual_bandit,806,257,112.40637760289772,105.50087509161514,28.44067031145096,83.96570729144678,1.5953188249841332,17563.576244354248,0.0,30.0,37.0,3.0,0.050000000000000044,0.004143852711422369,0.004143852711422369,0.0
contextual_bandit,806,258,127.61809539799216,107.13995625077027,28.73411575704813,98.88397964094403,1.6233978616073728,17753.693908691406,0.0,30.0,31.0,1.0,0.050000000000000044,0.00416955839318689,0.00416955839318689,0.0
contextual_bandit,806,259,113.65406425814061,107.70180943962427,28.818738117814064,84.83532630423932,1.5908778440207243,17450.78316116333,0.0,31.0,31.0,1.0,0.050000000000000044,0.0034260321699548513,0.0034260321699548513,0.0
contextual_bandit,806,260,98.60693083512305,107.40486379498823,29.90129366517067,68.70563721465588,1.672122960910201,18834.520553588867,0.0,27.0,15.0,1.0,0.050000000000000044,0.003611126114265062,0.003611126114265062,0.0
contextual_bandit,806,261,111.85081868749293,107.93786668495491,29.640554510056973,82.21026439350278,1.6817188076674938,18513.025024414062,0.0,33.0,23.0,1.0,0.050000000000000044,0.0042880965484073386,0.0042880965484073386,0.0
contextual_bandit,806,262,97.52016022698056,107.50902842888522,26.666441276669502,70.85371918872964,1.5805210005491972,16730.592807769775,0.0,31.0,6.0,1.0,0.050000000000000044,0.003762905704206787,0.003762905704206787,0.0
contextual_bandit,806,263,105.63219098118815,108.84771153412939,30.030661687254906,75.60152913002047,1.6193481711670756,18183.069566726685,0.0,32.0,12.0,3.0,0.050000000000000044,0.004225815639074426,0.004225815639074426,0.0
contextual_bandit,806,264,84.40820168261791,105.19897708645985,25.75188608467579,58.6563157618549,1.5036457469686866,15960.679718017578,0.0,28.0,4.0,1.0,0.050000000000000044,0.003540222387528047,0.003540222387528047,0.0
contextual_bandit,806,265,93.00067402427936,105.75696660099439,27.122144751250744,65.87852925812746,1.566686762496829,16850.05752182007,0.0,30.0,4.0,3.0,0.050000000000000044,0.005038573945057578,0.005038573945057578,0.0
contextual_bandit,806,266,110.81087824904836,106.22545506601031,27.81535477936268,82.99552311205785,1.623533177189529,17615.726264953613,0.0,29.0,26.0,2.0,0.050000000000000044,0.004985771578503773,0.004985771578503773,0.0
contextual_bandit,806,267,129.37271127323507,105.57665931786764,31.39452976733446,97.97818150590061,1.7108760373666883,19507.70311355591,0.0,31.0,31.0,1.0,0.050000000000000044,0.0038384507497539744,0.0038384507497539744,0.0
contextual_bandit,806,268,107.51068522876133,105.61078847063827,27.86207941174507,79.64860608523716,1.5916920565068722,17042.348749160767,0.0,31.0,19.0,3.0,0.050000000000000044,0.003605250167311169,0.003605250167311169,0.0
contextual_bandit,806,269,95.26138271127226,106.43308307260227,27.45331582427025,67.80806706581595,1.6022842703387141,17147.909549713135,0.0,29.0,4.0,3.0,0.050000000000000044,0.004089713096618652,0.004089713096618652,0.0
contextual_bandit,806,270,120.45476912797812,106.42842542026446,29.234670981764793,91.22009814621333,1.6171115785837173,17973.28168106079,0.0,33.0,41.0,2.0,0.050000000000000044,0.0030827182199573144,0.0030827182199573144,0.0
contextual_bandit,806,271,135.44888846996213,107.5979262896733,29.946460142731667,105.50242832723042,1.678507081232965,18575.720111846924,0.0,33.0,39.0,1.0,0.050000000000000044,0.0043451255551190116,0.0043451255551190116,0.0
contextual_bandit,806,272,99.33025508334687,108.23863401374804,27.22629015147686,72.10396470835258,1.5781163424253464,16791.406810760498,0.0,29.0,14.0,4.0,0.050000000000000044,0.003598801646148786,0.003598801646148786,0.0
contextual_bandit,806,273,80.4580825895071,106.61103032836627,24.13199757039547,56.326085093617436,1.5021648705005646,15510.499347686768,0.0,26.0,0.0,2.0,0.050000000000000044,0.0030849948670947924,0.0030849948670947924,0.0
contextual_bandit,806,274,112.56189196515845,105.97162497718423,28.733494356274605,83.82839790690707,1.627882931381464,17572.527488708496,0.0,30.0,25.0,2.0,0.050000000000000044,0.003861862867779564,0.003861862867779564,0.0
contextual_bandit,806,275,86.28883785903454,105.74002275889873,27.34295055270195,58.94588720202446,1.5444600339978933,16728.05001449585,0.0,24.0,0.0,2.0,0.050000000000000044,0.0042600804881658405,0.0042600804881658405,0.0
contextual_bandit,806,276,99.01598409584142,106.06059401749292,29.32509294897318,69.69089127352814,1.6338793700560927,18260.86887741089,0.0,30.0,6.0,4.0,0.050000000000000044,0.0037819165154360235,0.0037819165154360235,0.0
contextual_bandit,806,277,76.60895442217588,104.27072285845682,25.423862136900425,51.18509256839752,1.5098850838840008,16222.044898986816,0.0,24.0,0.0,1.0,0.050000000000000044,0.0034322936116950586,0.0034322936116950586,0.0
contextual_bandit,806,278,113.86791850993065,103.58321401405377,29.64413968473673,84.2237785122695,1.6374784717336297,18368.35248565674,0.0,33.0,30.0,2.0,0.050000000000000044,0.003798357749474235,0.003798357749474235,0.0
contextual_bandit,806,279,101.82868890691907,102.99194524649265,29.495137810707092,72.33355112601429,1.6023787017911673,17734.008659362793,0.0,30.0,23.0,3.0,0.050000000000000044,0.0033838010422186926,0.0033838010422186926,0.0
contextual_bandit,806,280,88.68624412417412,102.49591091094521,26.647611998021603,62.03863222301006,1.5446545602753758,16477.51245880127,0.0,30.0,0.0,2.0,0.050000000000000044,0.003948080207919702,0.003948080207919702,0.0
contextual_bandit,806,281,86.47725859917766,101.22723290652947,25.858222983777523,60.61903587617046,1.5542007144540548,16467.18985748291,0.0,27.0,3.0,3.0,0.050000000000000044,0.003213413743651472,0.003213413743651472,0.0
contextual_bandit,806,282,142.60222442987978,103.48133611667443,31.204319924116135,111.39790450576365,1.6979414261877537,18871.242477416992,0.0,31.0,31.0,3.0,0.050000000000000044,0.004117997435969301,0.004117997435969301,0.0
contextual_bandit,806,283,151.74475536467074,105.78696433584855,31.486200504004955,120.2585548606658,1.7160272430628538,19072.600902557373,0.0,35.0,36.0,3.0,0.050000000000000044,0.004026903712656349,0.004026903712656349,0.0
contextual_bandit,806,284,97.20332461748515,106.42672048259189,27.9299788326025,69.2733458444873,1.591273202560842,17357.780113220215,0.0,27.0,13.0,4.0,0.050000000000000044,0.002792667015455663,0.002792667015455663,0.0
contextual_bandit,806,285,81.43167344629765,105.84827045369282,25.35415732115507,56.07751659452915,1.5267569413408637,15793.697078704834,0.0,28.0,0.0,1.0,0.050000000000000044,0.0033089867647504434,0.0033089867647504434,0.0
contextual_bandit,806,286,88.806407392025,104.74804691084164,26.561755694448948,62.24465188384056,1.556258076801896,16682.183040618896,0.0,28.0,0.0,0.0,0.050000000000000044,0.003623429402068723,0.003623429402068723,0.0
contextual_bandit,806,287,120.42067349952241,104.30044502215601,31.425687804818153,88.99498545628569,1.730081127025187,18859.459358215332,0.0,36.0,24.0,1.0,0.050000000000000044,0.0036639509489759803,0.0036639509489759803,0.0
contextual_bandit,806,288,103.00054877288798,104.07493819936235,28.512712106108665,74.487836636977,1.6030429815873504,17873.177738189697,0.0,26.0,16.0,4.0,0.050000000000000044,0.0038801556947873905,0.0038801556947873905,0.0
contextual_bandit,806,289,116.328109618069,105.12827454470218,29.77041183412075,86.55769721770413,1.6616889154538512,18399.983139038086,0.0,33.0,27.0,2.0,0.050000000000000044,0.0036819170563830994,0.0036819170563830994,0.0
contextual_bandit,806,290,74.0805819183588,102.80956518422121,24.5505068898201,49.53007525205612,1.4830837240442634,15350.163848876953,0.0,22.0,0.0,1.0,0.050000000000000044,0.0033962861270993017,0.0033962861270993017,0.0
contextual_bandit,806,291,90.52063561005738,100.56315254122597,26.76539959013462,63.75523619873669,1.5561277084052563,16544.927768707275,0.0,28.0,2.0,1.0,0.050000000000000044,0.0035618172187241726,0.0035618172187241726,0.0
contextual_bandit,806,292,112.4214887937122,101.21771422674423,27.42241530865431,84.99907373837763,1.5768696889281273,16822.88949584961,0.0,33.0,24.0,4.0,0.050000000000000044,0.003084341951762326,0.003084341951762326,0.0
contextual_bandit,806,293,119.87145421315907,103.18838280792684,29.525477528572083,90.34597677399394,1.6447209361940622,17825.369804382324,0.0,33.0,35.0,1.0,0.050000000000000044,0.003013410620042123,0.003013410620042123,0.0
contextual_bandit,806,294,110.21122319973458,103.07084936965563,29.488749727606773,80.72247378505219,1.6733510382473469,18063.58917236328,0.0,34.0,15.0,2.0,0.050000000000000044,0.0030709513011970557,0.0030709513011970557,0.0
contextual_bandit,806,295,88.79983057934203,103.19639900567104,25.53354424238205,63.26628621775069,1.5202527958899736,15679.991554260254,0.0,29.0,1.0,2.0,0.050000000000000044,0.0033060514469980262,0.0033060514469980262,0.0
contextual_bandit,806,296,112.8824832149447,103.88972396162619,28.43954686820507,84.4429364808501,1.6235656943172216,17515.10334587097,0.0,33.0,33.0,2.0,0.050000000000000044,0.004258453525835648,0.004258453525835648,0.0
contextual_bandit,806,297,97.23966560242765,104.92125952063877,28.62345676869154,68.61620833454721,1.6275045843794942,17841.88995361328,0.0,30.0,6.0,3.0,0.050000000000000044,0.003974514460423961,0.003974514460423961,0.0
contextual_bandit,806,298,153.0647403724404,106.88110061376429,29.73017543554306,123.33456493689737,1.6736789923161268,18865.734882354736,0.0,32.0,42.0,0.0,0.050000000000000044,0.0032460293878102675,0.0032460293878102675,0.0
contextual_bandit,806,299,91.48923918653205,106.36412812774492,28.889263302087784,62.599975683278565,1.6318909218534827,18093.445274353027,0.0,28.0,9.0,2.0,0.050000000000000044,0.003317004317068495,0.003317004317068495,0.0
contextual_bandit,806,300,93.64686057551155,106.6121589503118,25.87513041496277,67.77172983272324,1.571705057285726,16545.583253860474,0.0,30.0,1.0,3.0,0.050000000000000044,0.0033257576869800687,0.0033257576869800687,0.0
contextual_bandit,806,301,89.72014804184437,106.77430342244512,25.711931124329567,64.00821724534035,1.555576809681952,16280.823722839355,0.0,30.0,0.0,0.0,0.050000000000000044,0.0033775253759813495,0.0033775253759813495,0.0
contextual_bandit,806,302,127.90605401630495,106.03949490176637,30.79577200859785,97.11028200770713,1.6614540703594685,18434.37183380127,0.0,32.0,42.0,1.0,0.050000000000000044,0.003412449841562193,0.003412449841562193,0.0
contextual_bandit,806,303,96.18726964780323,103.26162061592302,26.610803961753845,69.57646541782849,1.5703399293124676,16702.134061813354,0.0,31.0,8.0,2.0,0.050000000000000044,0.0033331861050100997,0.0033331861050100997,0.0
contextual_bandit,806,304,126.04078234502813,104.70349350230015,29.62731048464775,96.41347191998503,1.677434611134231,18634.1513671875,0.0,31.0,25.0,2.0,0.050000000000000044,0.002963488230307121,0.002963488230307121,0.0
contextual_bandit,806,305,82.35680795389446,104.74975022768001,23.90564765781164,58.45116014707123,1.4742705821990967,15539.602409362793,0.0,25.0,16.0,0.0,0.050000000000000044,0.003241955768316984,0.003241955768316984,0.0
contextual_bandit,806,306,118.8667684393426,106.2527682800459,30.501401767134666,88.36536670201025,1.6615493390709162,18784.868423461914,0.0,29.0,24.0,3.0,0.050000000000000044,0.0033227368840016425,0.0033227368840016425,0.0
contextual_bandit,806,307,111.02892189528443,105.78318069983399,30.014159634709358,81.0147623201797,1.6389710241928697,18311.902042388916,0.0,31.0,25.0,2.0,0.050000000000000044,0.00402222340926528,0.00402222340926528,0.0
contextual_bandit,806,308,85.03643783926964,104.88497515315308,28.06389018893242,56.972547829151154,1.5981632145121694,17392.53405380249,0.0,26.0,0.0,0.0,0.050000000000000044,0.003906154539436102,0.003906154539436102,0.0
contextual_bandit,806,309,102.32631660268689,104.18488550238396,29.65218309313059,72.6741332860389,1.634994639083743,18134.95408630371,0.0,30.0,10.0,2.0,0.050000000000000044,0.0042723203368950635,0.0042723203368950635,0.0
contextual_bandit,806,310,97.9156543739049,105.37663912516125,26.27203445136547,71.64361968412084,1.5466434536501765,16404.66941833496,0.0,29.0,25.0,1.0,0.050000000000000044,0.003298211144283414,0.003298211144283414,0.0
contextual_bandit,806,311,74.83354285359383,104.59228448733809,23.143570601940155,51.689972162246704,1.4642241466790438,14548.462497711182,0.0,25.0,0.0,0.0,0.050000000000000044,0.003126918338239193,0.003126918338239193,0.0
contextual_bandit,806,312,111.1527489992879,104.52884749761685,31.149788595736027,80.00296020238618,1.6803175453096628,18898.809356689453,0.0,33.0,13.0,2.0,0.050000000000000044,0.0034154452732764184,0.0034154452732764184,0.0
contextual_bandit,806,313,135.1652765509465,105.29353861450625,29.983838632702827,105.18143791824365,1.6447218302637339,18412.12107849121,0.0,33.0,36.0,3.0,0.050000000000000044,0.0036760529328603297,0.0036760529328603297,0.0
contextual_bandit,806,314,106.60250460028877,105.11310268453394,29.071257293224335,77.53124742627375,1.6029132371768355,17822.789169311523,0.0,32.0,27.0,0.0,0.050000000000000044,0.0029428286507027224,0.0029428286507027224,0.0
contextual_bandit,806,315,144.9170003078723,107.91896117096046,30.210993975400925,114.70600633247142,1.6607526633888483,18486.8017578125,0.0,34.0,41.0,3.0,0.050000000000000044,0.003248368826461956,0.003248368826461956,0.0
contextual_bandit,806,316,101.2187796832781,107.33577599437713,28.574694514274597,72.6440853627186,1.6240206910297275,17778.211311340332,0.0,30.0,20.0,2.0,0.050000000000000044,0.003275041832239367,0.003275041832239367,0.0
contextual_bandit,806,317,72.44927863925696,106.09625664621858,24.942547544836998,47.506731206178664,1.5350656053051353,15971.762313842773,0.0,23.0,0.0,4.0,0.050000000000000044,0.0026041648379759863,0.0026041648379759863,0.0
contextual_bandit,806,318,95.99892108943308,103.24296568206823,28.93907241523266,67.05984888281668,1.6567541044205427,18140.776052474976,0.0,30.0,2.0,4.0,0.050000000000000044,0.003578253395971842,0.003578253395971842,0.0
contextual_bandit,806,319,106.25308606798517,103.98115802614089,30.45664221048355,75.79644369358881,1.6351487385109067,18544.15874481201,0.0,29.0,15.0,3.0,0.050000000000000044,0.0033511073561385274,0.0033511073561385274,0.0
contextual_bandit,806,320,67.51019898205996,102.6743249464683,22.78201923519373,44.728179731965064,1.4586070645600557,14737.089736938477,0.0,20.0,0.0,1.0,0.050000000000000044,0.003378200257429853,0.003378200257429853,0.0
contextual_bandit,806,321,63.808539962768556,101.37874454251451,21.219958916306496,42.58858156055212,1.3905365448445082,13524.868663787842,0.0,22.0,0.0,5.0,0.050000000000000044,0.0032219093263847753,0.0032219093263847753,0.0
contextual_bandit,806,322,68.17494192123414,98.39218893776098,23.34619028866291,44.828751692175864,1.4689052645117044,14776.45425415039,0.0,23.0,0.0,2.0,0.050000000000000044,0.003180993902788032,0.003180993902788032,0.0
contextual_bandit,806,323,88.2864344121298,97.9971471759773,28.283657371997833,60.002777084835444,1.6155918184667826,17671.284803390503,0.0,27.0,4.0,2.0,0.050000000000000044,0.003585176120395772,0.003585176120395772,0.0
contextual_bandit,806,324,111.87530135986471,97.28887312671914,29.642134979367256,82.23316612717773,1.6392566440626979,18203.60520172119,0.0,30.0,18.0,2.0,0.050000000000000044,0.002855990154785104,0.002855990154785104,0.0
contextual_bandit,806,325,109.88082338180725,98.6650738981148,31.46592442691326,78.41489892509166,1.6393690640106797,18408.37286758423,0.0,31.0,29.0,4.0,0.050000000000000044,0.002640061422425788,0.002640061422425788,0.0
contextual_bandit,806,326,96.66041822313139,97.55475638730422,26.321878373622894,70.3385396855957,1.5857730032876134,17071.53504562378,0.0,28.0,21.0,2.0,0.050000000000000044,0.002738919858529698,0.002738919858529698,0.0
contextual_bandit,806,327,147.53724772331162,99.38017267870558,34.33610063791275,113.20114708539896,1.7558697611093521,19920.494037628174,0.0,37.0,48.0,2.0,0.050000000000000044,0.003258726588683203,0.003258726588683203,0.0
contextual_bandit,806,328,93.26485895722413,99.79159373460328,25.929685302078724,67.33517366259599,1.5426215808838606,16330.166721343994,0.0,31.0,3.0,3.0,0.050000000000000044,0.0032339376120944507,0.0032339376120944507,0.0
contextual_bandit,806,329,95.10679405480623,99.43061760720926,27.790235236287117,67.3165592059493,1.5897250520065427,17113.297477722168,0.0,31.0,0.0,2.0,0.050000000000000044,0.003746202310139779,0.003746202310139779,0.0
contextual_bandit,806,330,111.19117036340145,100.09439340668408,29.813841804862022,81.37732827541737,1.669747813604772,18001.59170150757,0.0,33.0,22.0,2.0,0.050000000000000044,0.0033931269717868418,0.0033931269717868418,0.0
contextual_bandit,806,331,120.30943700268742,102.36818811413876,30.635999515652657,89.67343750193594,1.6708249086514115,18456.300525665283,0.0,30.0,31.0,3.0,0.050000000000000044,0.003519999598211143,0.003519999598211143,0.0
contextual_bandit,806,332,74.54893528932409,100.53799742864058,24.930860817432404,49.61807439738588,1.5250635677948594,16159.187755584717,0.0,23.0,1.0,1.0,0.050000000000000044,0.0025932903663488105,0.0025932903663488105,0.0
contextual_bandit,806,333,69.46148998588323,97.25280810038743,23.585758455097675,45.8757320523262,1.4381077736616135,15081.826868057251,0.0,20.0,0.0,4.0,0.050000000000000044,0.0027828509046230465,0.0027828509046230465,0.0
contextual_bandit,806,334,94.48402376145522,96.64688405844575,26.91434371471405,67.56967985302607,1.5992433140054345,17054.506355285645,0.0,27.0,7.0,3.0,0.050000000000000044,0.003329620827571489,0.003329620827571489,0.0
contextual_bandit,806,335,108.93577793677912,94.84782293989107,31.39115770161152,77.54462059279547,1.6771719576790929,19093.600227355957,0.0,33.0,6.0,1.0,0.050000000000000044,0.002657985685800668,0.002657985685800668,0.0
contextual_bandit,806,336,113.6336285623619,95.46856538384527,31.143056228756905,82.49057237830846,1.6727527910843492,19030.25819015503,0.0,30.0,19.0,3.0,0.050000000000000044,0.0033108561619883403,0.0033108561619883403,0.0
contextual_bandit,806,337,163.46591080249718,100.0193969920073,32.26247926056385,131.2034315419333,1.7277152491733432,19469.38295173645,0.0,36.0,37.0,3.0,0.050000000000000044,0.0031452704570256174,0.0031452704570256174,0.0
contextual_bandit,806,338,94.3625160658296,99.93757674082711,27.85370221734047,66.5088138037856,1.5953750992193818,17223.41637802124,0.0,28.0,29.0,2.0,0.050000000000000044,0.0037978946638759226,0.0037978946638759226,0.0
contextual_bandit,806,339,113.97251065923572,100.32354797038963,31.29385957866907,82.67865171386602,1.68192423786968,18714.61781311035,0.0,30.0,17.0,3.0,0.050000000000000044,0.0035407977920840494,0.0035407977920840494,0.0
contextual_bandit,806,340,86.9310308916824,101.29458956587075,26.638875618577003,60.29215545191933,1.5521743269637227,17127.930194854736,0.0,25.0,13.0,2.0,0.050000000000000044,0.003092278915573843,0.003092278915573843,0.0
contextual_bandit,806,341,98.19123527527233,103.01372433149595,29.67264185845852,68.51859337211033,1.625788388773799,18165.886394500732,0.0,29.0,4.0,3.0,0.050000000000000044,0.0028182172754895873,0.0028182172754895873,0.0
contextual_bandit,806,342,104.04568305570263,104.80726138821937,28.77302375435829,75.27265925664088,1.6329383235424757,17890.803104400635,0.0,30.0,25.0,3.0,0.050000000000000044,0.002983840386150405,0.002983840386150405,0.0
contextual_bandit,806,343,106.9203708738033,105.73895821130304,30.496194653213024,76.42417628764548,1.6301198350265622,18585.723846435547,0.0,31.0,26.0,1.0,0.050000000000000044,0.002806070689985063,0.002806070689985063,0.0
contextual_bandit,806,344,92.30169087946415,104.76027768728302,27.07906974852085,65.22262138426304,1.5880328612402081,16802.10433959961,0.0,30.0,0.0,3.0,0.050000000000000044,0.003175728277710732,0.003175728277710732,0.0
contextual_bandit,806,345,95.39107495691762,104.03579026603852,27.971534997224808,67.41954001929746,1.590169251896441,17290.60071372986,0.0,28.0,13.0,2.0,0.050000000000000044,0.002683621016331017,0.002683621016331017,0.0
contextual_bandit,806,346,102.05981130585545,104.30575992017472,28.601708501577377,73.45810287878388,1.6484593907371163,17765.05905342102,0.0,31.0,12.0,1.0,0.050000000000000044,0.0030907792825018987,0.0030907792825018987,0.0
contextual_bandit,806,347,129.8091648680416,103.41935577741124,31.626394271850586,98.1827703279701,1.6850748052820563,19400.871978759766,0.0,32.0,22.0,2.0,0.050000000000000044,0.0025344671885250136,0.0025344671885250136,0.0
contextual_bandit,806,348,84.46676279008389,102.97945096905421,27.272344455122948,57.19441879689693,1.5691916765645146,16661.22329711914,0.0,27.0,0.0,2.0,0.050000000000000044,0.0031328759068856016,0.0031328759068856016,0.0
contextual_bandit,806,349,127.59945606297819,104.60408406946283,31.049379274249077,96.55007678872913,1.6842759996652603,18601.517543792725,0.0,33.0,33.0,1.0,0.050000000000000044,0.002863646273908671,0.002863646273908671,0.0
contextual_bandit,806,350,130.3984449165903,105.56444779712226,30.222340002655983,100.17610531626568,1.664623654447496,18262.976028442383,0.0,36.0,39.0,2.0,0.050000000000000044,0.0027779202355304733,0.0027779202355304733,0.0
contextual_bandit,806,351,81.03022132642718,103.60048701330925,27.01260159164667,54.017619049327095,1.5919568566605449,16972.03691482544,0.0,26.0,2.0,3.0,0.050000000000000044,0.0033332904713461176,0.0033332904713461176,0.0
contextual_bandit,806,352,126.457542773338,106.19591738750994,31.775112077593803,94.68243057653494,1.69902887288481,19559.358512878418,0.0,34.0,30.0,2.0,0.050000000000000044,0.0028776729450328276,0.0028776729450328276,0.0
contextual_bandit,806,353,113.64437926079242,108.40506185125541,29.838471859693527,83.80590746070357,1.647877736017108,18296.31043624878,0.0,31.0,35.0,2.0,0.050000000000000044,0.002900728373788297,0.002900728373788297,0.0
contextual_bandit,806,354,79.92820565700531,107.67727094603292,26.560626685619354,53.36757822632789,1.544665110297501,16600.698303222656,0.0,24.0,0.0,3.0,0.050000000000000044,0.0033566243582754396,0.0033566243582754396,0.0
contextual_bandit,806,355,79.58827448189258,106.20989577328858,25.595319837331772,53.992954450845716,1.5379715161398053,16234.048009872437,0.0,27.0,0.0,2.0,0.050000000000000044,0.002886776601371821,0.002886776601371821,0.0
contextual_bandit,806,356,92.14080115653161,105.13525440299706,26.61705654859543,65.5237441012967,1.512680795043707,16151.633712768555,0.0,28.0,5.0,4.0,0.050000000000000044,0.003640403134340886,0.003640403134340886,0.0
contextual_bandit,806,357,88.54268687036085,101.38909320639024,24.981086745858192,63.56159994568872,1.4899787995964289,15486.346504211426,0.0,26.0,21.0,1.0,0.050000000000000044,0.002576927508926019,0.002576927508926019,0.0
contextual_bandit,806,358,88.90357413828433,101.11614611001298,26.69141972064972,62.21215417921603,1.5625672843307257,16681.36469268799,0.0,27.0,17.0,2.0,0.050000000000000044,0.002920144339441322,0.002920144339441322,0.0
contextual_bandit,806,359,152.60378298986274,103.04770972654433,33.93814155459404,118.66564140546642,1.8331475900486112,20462.048511505127,0.0,38.0,46.0,0.0,0.050000000000000044,0.0028930627304362133,0.0028930627304362133,0.0
contextual_bandit,806,360,102.4344677582459,103.82288156987252,27.960532568395138,74.4739351004438,1.6259247865527868,17425.034313201904,0.0,33.0,11.0,2.0,0.050000000000000044,0.002724522193602752,0.002724522193602752,0.0
contextual_bandit,806,361,113.03226171129727,104.56493289167379,27.612740725278854,85.41952104562307,1.5953152338042855,17321.130374908447,0.0,31.0,29.0,0.0,0.050000000000000044,0.0024811842376948334,0.0024811842376948334,0.0
contextual_bandit,806,362,123.87043906973025,105.55617069237515,28.539982959628105,95.33045611010218,1.6223951010033488,17685.836181640625,0.0,34.0,43.0,3.0,0.050000000000000044,0.003062260766455438,0.003062260766455438,0.0
contextual_bandit,806,363,85.16309206332829,104.4683067518514,26.4463642090559,58.71672810759212,1.5650947513058782,16807.4132232666,0.0,25.0,7.0,0.0,0.050000000000000044,0.0032309059824910946,0.0032309059824910946,0.0
contextual_bandit,806,364,100.15722304183862,104.86108335997012,28.503275476396084,71.65394760269544,1.5815016571432352,17156.547607421875,0.0,32.0,8.0,4.0,0.050000000000000044,0.0032501265159226023,0.0032501265159226023,0.0
contextual_bandit,806,365,110.17018043689836,105.60003863396915,32.16242755204439,78.00775305621734,1.6898625902831554,19494.927307128906,0.0,32.0,14.0,1.0,0.050000000000000044,0.003141310728096869,0.003141310728096869,0.0
contextual_bandit,806,366,116.26725622831545,106.31041088009215,32.039374604821205,84.227881414878,1.7006102269515395,19363.74482345581,0.0,34.0,22.0,3.0,0.050000000000000044,0.0030623929924331605,0.0030623929924331605,0.0
contextual_bandit,806,367,103.2075924148412,104.98033225743215,30.959705367684364,72.24788694284871,1.659406309016049,18948.19939804077,0.0,29.0,15.0,0.0,0.050000000000000044,0.002593422163045034,0.002593422163045034,0.0
contextual_bandit,806,368,121.88712292017763,106.85135026393682,32.5730956941843,89.31402725579562,1.733703781850636,19461.431816101074,0.0,34.0,29.0,3.0,0.050000000000000044,0.002808056990033947,0.002808056990033947,0.0
contextual_bandit,806,369,119.59246041543857,106.45100048155984,31.793949484825134,87.79851093061345,1.7037087436765432,19040.68575668335,0.0,33.0,38.0,2.0,0.050000000000000044,0.002586026705102995,0.002586026705102995,0.0
contextual_bandit,806,370,88.40824112445117,104.35149029195289,26.766460053622723,61.64178063869476,1.5512438202276826,16492.654224395752,0.0,28.0,0.0,4.0,0.050000000000000044,0.002789246653264854,0.002789246653264854,0.0
contextual_bandit,806,371,94.76201227615246,105.03807983943916,25.95710129290819,68.80491090873846,1.5491028586402535,16375.526475906372,0.0,31.0,5.0,1.0,0.050000000000000044,0.0028336059258435853,0.0028336059258435853,0.0
contextual_bandit,806,372,102.05134966523937,103.81777018403423,27.940098993480206,74.11125077606731,1.6374379629269242,17981.814155578613,0.0,28.0,13.0,3.0,0.050000000000000044,0.0029743987761321478,0.0029743987761321478,0.0
contextual_bandit,806,373,80.71727387426228,102.17141491470771,25.976775340735912,54.740498846450755,1.4933597883209586,16198.255493164062,0.0,26.0,9.0,2.0,0.050000000000000044,0.002733569657721091,0.002733569657721091,0.0
contextual_bandit,806,374,85.61153361201286,102.4555813124581,24.408298075199127,61.20323510468006,1.4936340982094407,15814.498374938965,0.0,27.0,0.0,1.0,0.050000000000000044,0.0027021462374250405,0.0027021462374250405,0.0
contextual_bandit,806,375,117.56907449102091,104.35462131291449,31.44844852387905,86.12062593733954,1.6817877991124988,19474.25919342041,0.0,32.0,25.0,4.0,0.050000000000000044,0.0026670660517993383,0.0026670660517993383,0.0
contextual_bandit,806,376,155.43764711866126,107.51946361102098,33.72429992258549,121.71334719607574,1.7416667696088552,20120.888862609863,0.0,34.0,43.0,2.0,0.050000000000000044,0.002652980685525108,0.002652980685525108,0.0
contextual_bandit,806,377,118.48260738714474,109.01645963686016,31.08319653570652,87.39941068752545,1.6947405142709613,19068.495151519775,0.0,32.0,25.0,2.0,0.050000000000000044,0.002943990519270301,0.002943990519270301,0.0
contextual_bandit,806,378,102.18419618414974,109.68049073915344,28.979664877057076,73.20453108357525,1.6193702155724168,18007.70823287964,0.0,31.0,14.0,3.0,0.050000000000000044,0.0027237046815571375,0.0027237046815571375,0.0
contextual_bandit,806,379,136.55099282008516,108.87785123066456,29.234159290790558,107.31683341008528,1.6606899090111256,17812.655208587646,0.0,34.0,49.0,3.0,0.050000000000000044,0.002520331610867288,0.002520331610867288,0.0
contextual_bandit,806,380,97.82417445668011,108.64733656558629,25.63591204583645,72.18826247044832,1.5835679043084383,16599.529792785645,0.0,31.0,18.0,2.0,0.050000000000000044,0.002680681020137854,0.002680681020137854,0.0
contextual_bandit,806,381,103.81773337908409,108.18661014897562,28.40836802124977,75.40936561115406,1.598577156662941,17595.537837982178,0.0,31.0,25.0,3.0,0.050000000000000044,0.003778136393520981,0.003778136393520981,0.0
contextual_bandit,806,382,98.69045537673003,106.92761096432562,29.145286411046982,69.54516921900279,1.6385474875569344,17892.92092514038,0.0,30.0,3.0,2.0,0.050000000000000044,0.0027670944036799483,0.0027670944036799483,0.0
contextual_bandit,806,383,103.01518880600449,107.82021580145943,27.273356072604656,75.74183274830098,1.5630069449543953,16770.345123291016,0.0,32.0,22.0,3.0,0.050000000000000044,0.002710958826355636,0.002710958826355636,0.0
contextual_bandit,806,384,126.03208539449076,109.11395891909203,27.930059522390366,98.10202587210037,1.6474179234355688,17656.595348358154,0.0,33.0,40.0,3.0,0.050000000000000044,0.002380604673817288,0.002380604673817288,0.0
contextual_bandit,806,385,117.42400309428058,109.47665005196113,30.773035556077957,86.65096735938872,1.6591737670823932,18757.295333862305,0.0,31.0,22.0,2.0,0.050000000000000044,0.0025792108281166293,0.0025792108281166293,0.0
contextual_bandit,806,386,78.75831440414328,107.60120296075254,23.883762553334236,54.874551746500906,1.5423894077539444,15778.722026824951,0.0,24.0,2.0,1.0,0.050000000000000044,0.0025215508285327815,0.0025215508285327815,0.0
contextual_bandit,806,387,113.92404772365644,108.13702572619329,30.486148186028004,83.43789975369528,1.6588141042739153,18505.334217071533,0.0,32.0,19.0,4.0,0.050000000000000044,0.0028068664541933686,0.0028068664541933686,0.0
contextual_bandit,806,388,126.71721521324125,108.37853034084648,28.352362513542175,98.36485264009443,1.6189961107447743,17364.219173431396,0.0,32.0,34.0,4.0,0.050000000000000044,0.002662416169187054,0.002662416169187054,0.0
contextual_bandit,806,389,102.62626079940377,107.53022036004472,26.976485714316368,75.64977504038394,1.5858472241088748,17146.016986846924,0.0,28.0,26.0,2.0,0.050000000000000044,0.002895909048675094,0.002895909048675094,0.0
contextual_bandit,806,390,120.55839103422252,109.13772785553331,30.97393324971199,89.58445778451056,1.6840786868706346,18779.3120803833,0.0,32.0,34.0,4.0,0.050000000000000044,0.0030665933154523373,0.0030665933154523373,0.0
contextual_bandit,806,391,95.85607183409697,109.19243083343054,26.025558337569237,69.8305131985045,1.5593775352463126,16778.381088256836,0.0,32.0,5.0,1.0,0.050000000000000044,0.002593014796730131,0.002593014796730131,0.0
contextual_bandit,806,392,146.74939066813806,111.42733288357547,33.85270804911852,112.89668276803118,1.7716684760525823,20493.782901763916,0.0,34.0,42.0,3.0,0.050000000000000044,0.0023710388486506417,0.0023710388486506417,0.0
contextual_bandit,806,393,127.5530929726155,113.76912383849314,32.05245170742273,95.50064126519277,1.6859752852469683,19168.607662200928,0.0,34.0,36.0,3.0,0.050000000000000044,0.0023631496223970316,0.0023631496223970316,0.0
contextual_bandit,806,394,106.12849199361673,114.79497175757334,27.732463136315346,78.39602884240021,1.6298385802656412,17886.327228546143,0.0,30.0,16.0,2.0,0.050000000000000044,0.0026171462450292893,0.0026171462450292893,0.0
contextual_bandit,806,395,111.82882195554973,114.50795913079976,28.52268446236849,83.30613730691672,1.6226178370416164,17809.689823150635,0.0,32.0,28.0,1.0,0.050000000000000044,0.0022008619707776234,0.0022008619707776234,0.0
contextual_bandit,806,396,97.79322607699011,111.62573807871622,28.013364240527153,69.77986207488154,1.6344497120007873,18075.57307434082,0.0,30.0,5.0,1.0,0.050000000000000044,0.002508787547412794,0.002508787547412794,0.0
contextual_bandit,806,397,94.4354652417789,110.42338097144791,28.282859094440937,66.15260590891938,1.6528790444135666,18067.195121765137,0.0,31.0,6.0,1.0,0.050000000000000044,0.0023855458057369106,0.0023855458057369106,0.0
contextual_bandit,806,398,97.04345588762762,110.16634395662182,28.747838258743286,68.29561752457619,1.5909768007695675,17493.99914932251,0.0,29.0,4.0,3.0,0.050000000000000044,0.0021848597316420637,0.0021848597316420637,0.0
contextual_bandit,806,399,116.90831313208042,109.18420997222158,30.835647627711296,86.072665400061,1.6703770896419883,18637.006023406982,0.0,32.0,27.0,5.0,0.050000000000000044,0.002402415339020081,0.002402415339020081,0.0
contextual_bandit,806,400,107.3429323087523,109.66014786482518,29.19663728773594,78.14629491670823,1.6361105795949697,17995.117263793945,0.0,31.0,24.0,2.0,0.050000000000000044,0.0021393234710558318,0.0021393234710558318,0.0
contextual_bandit,806,401,87.11385245254661,108.8249538184983,28.631435588002205,58.48241665592815,1.6221461798995733,18052.651565551758,0.0,26.0,6.0,3.0,0.050000000000000044,0.0020938794114044867,0.0020938794114044867,0.0
contextual_bandit,806,402,118.48001936450657,109.81443201788713,28.546286799013615,89.93373259529528,1.6246534893289208,17965.127712249756,0.0,29.0,20.0,2.0,0.050000000000000044,0.002285877948452253,0.002285877948452253,0.0
contextual_bandit,806,403,123.30123379437843,110.82873426730582,30.4950003400445,92.80623345433393,1.6256766375154257,18326.7641620636,0.0,32.0,40.0,2.0,0.050000000000000044,0.0022350213330355473,0.0022350213330355473,0.0
contextual_bandit,806,404,96.77081962641716,109.36567097890213,29.63880967348814,67.13201034035922,1.6156968921422958,17879.427947998047,0.0,29.0,4.0,1.0,0.050000000000000044,0.0025097074612858705,0.0025097074612858705,0.0
contextual_bandit,806,405,113.07227602942598,109.14808462565944,29.131526455283165,83.94074960394511,1.6864854358136654,18426.185077667236,0.0,32.0,23.0,1.0,0.050000000000000044,0.002343963729799725,0.002343963729799725,0.0
contextual_bandit,806,406,111.45756908726756,110.78304735981564,30.904347762465477,80.55322154831948,1.652695083990693,18935.160945892334,0.0,31.0,23.0,1.0,0.050000000000000044,0.0018586048827273771,0.0018586048827273771,0.0
contextual_bandit,806,407,81.77816550582648,109.17575324892414,25.42937108129263,56.34879379868507,1.5472833309322596,16478.35129547119,0.0,24.0,0.0,2.0,0.050000000000000044,0.002275001344969496,0.002275001344969496,0.0
contextual_bandit,806,408,115.68642156555116,108.62421356653961,30.352349877357483,85.33407206072273,1.6893958989530802,19100.804641723633,0.0,31.0,19.0,2.0,0.050000000000000044,0.0023851955484133214,0.0023851955484133214,0.0
contextual_bandit,806,409,97.18823534311798,108.35231229372532,29.80361932516098,67.38461591364886,1.6527893245220184,18638.590309143066,0.0,28.0,10.0,0.0,0.050000000000000044,0.0022344392054947093,0.0022344392054947093,0.0
contextual_bandit,806,410,107.31999091086945,107.69039228755769,29.08871403336525,78.23127669869027,1.60655084438622,17730.033039093018,0.0,31.0,24.0,2.0,0.050000000000000044,0.002130049622792285,0.002130049622792285,0.0
contextual_bandit,806,411,90.73700469043791,107.43443893037474,27.179276525974274,63.55772804525433,1.5790566010400653,17306.704948425293,0.0,25.0,12.0,2.0,0.050000000000000044,0.002244449955469463,0.002244449955469463,0.0
contextual_bandit,806,412,70.49551798403263,103.62174529616945,22.623858846724033,47.87165829539299,1.4691492738202214,14828.244548797607,0.0,23.0,0.0,0.0,0.050000000000000044,0.0020956947264494374,0.0020956947264494374,0.0
contextual_bandit,806,413,117.11956621203417,103.10006895814038,29.081493854522705,88.03807244691843,1.6593403005972505,18391.92964553833,0.0,32.0,25.0,2.0,0.050000000000000044,0.0019052085881412495,0.0019052085881412495,0.0
contextual_bandit,806,414,121.40389101450612,103.86383890918486,30.743572771549225,90.66031819825342,1.6815686011686921,18645.198810577393,0.0,35.0,39.0,0.0,0.050000000000000044,0.002274051046697423,0.002274051046697423,0.0
contextual_bandit,806,415,138.13675514805942,105.17923556881036,31.988468438386917,106.14828659046323,1.709314664825797,19041.56671524048,0.0,34.0,34.0,2.0,0.050000000000000044,0.0024819066384225152,0.0024819066384225152,0.0
contextual_bandit,806,416,115.94726842916646,106.08693768641918,31.214951939880848,84.7323166084949,1.6953610507771373,18818.51643371582,0.0,31.0,19.0,2.0,0.050000000000000044,0.002226085838628933,0.002226085838628933,0.0
contextual_bandit,806,417,121.88380123165278,107.45935448591285,28.811722457408905,93.0720787742439,1.6190622169524431,17613.956382751465,0.0,34.0,40.0,3.0,0.050000000000000044,0.001995618258661125,0.001995618258661125,0.0
contextual_bandit,806,418,100.13700080278518,107.61403173167074,27.74036456644535,72.39663613203167,1.6088577406480908,17622.128086090088,0.0,31.0,18.0,2.0,0.050000000000000044,0.002091542999551166,0.002091542999551166,0.0
contextual_bandit,806,419,95.91025072879953,106.5641286115067,28.470462307333946,67.43978858537835,1.626447201706469,17746.016944885254,0.0,30.0,5.0,2.0,0.050000000000000044,0.002313612087164074,0.002313612087164074,0.0
contextual_bandit,806,420,82.49012636043263,105.32148831409071,25.533852696418762,56.95627320207787,1.5136746438220143,15910.688339233398,0.0,25.0,12.0,1.0,0.050000000000000044,0.0021028392802691087,0.0021028392802691087,0.0
contextual_bandit,806,421,107.08295873758097,106.31994362834243,29.420919477939606,77.66203934904836,1.6679756017401814,18378.265098571777,0.0,32.0,11.0,2.0,0.050000000000000044,0.0019064976513618603,0.0019064976513618603,0.0
contextual_bandit,806,422,126.2314178177805,106.70751355100613,31.61221532523632,94.61920249254418,1.714448000304401,19184.05717086792,0.0,32.0,35.0,2.0,0.050000000000000044,0.0021826531155966222,0.0021826531155966222,0.0
contextual_bandit,806,423,78.38845688849688,104.46187470571206,24.081624321639538,54.3068328499794,1.5472420556470752,16068.25664138794,0.0,24.0,0.0,3.0,0.050000000000000044,0.002087814806145616,0.002087814806145616,0.0
contextual_bandit,806,424,104.4480922968063,104.8457383392315,27.033815026283264,77.41427730032537,1.5382800521329045,16943.41773223877,0.0,26.0,35.0,2.0,0.050000000000000044,0.0019087104374193586,0.0019087104374193586,0.0
contextual_bandit,806,425,98.13937265206485,104.09909317036345,26.63394284248352,71.50542910922675,1.5604013912379742,17170.021484375,0.0,30.0,11.0,0.0,0.050000000000000044,0.002103616345266346,0.002103616345266346,0.0
contextual_bandit,806,426,85.54169183522463,102.80329930776129,26.17579811066389,59.36589341163635,1.5612638480961323,16488.967317581177,0.0,27.0,0.0,5.0,0.050000000000000044,0.001929724181536585,0.001929724181536585,0.0
contextual_bandit,806,427,107.29665932821376,104.07922399888066,32.16168458759785,75.13497474061592,1.668358240276575,19077.970703125,0.0,32.0,1.0,4.0,0.050000000000000044,0.0018965090785059147,0.0018965090785059147,0.0
contextual_bandit,806,428,160.0606316334978,106.29793450227798,34.49217589199543,125.56845574150238,1.7845878480002284,20943.98707962036,0.0,35.0,40.0,4.0,0.050000000000000044,0.0021515556145459414,0.0021515556145459414,0.0
contextual_bandit,806,429,113.74626415451159,107.12583594284767,29.781011447310448,83.96525270720113,1.6223905924707651,17845.75733947754,0.0,30.0,30.0,2.0,0.050000000000000044,0.002205290184065234,0.002205290184065234,0.0
contextual_bandit,806,430,81.95284853075901,105.85747882384217,26.395924150943756,55.55692475234429,1.5924767749384046,16856.173797607422,0.0,26.0,3.0,1.0,0.050000000000000044,0.001889494902570732,0.001889494902570732,0.0
contextual_bandit,806,431,123.73128907019854,107.50719304283018,30.781785652041435,92.94950316483737,1.670789516530931,18483.18204498291,0.0,35.0,29.0,4.0,0.050000000000000044,0.0019820266752503812,0.0019820266752503812,0.0
contextual_bandit,806,432,120.61427156265799,110.01313072176144,31.16067799925804,89.45359386142317,1.6568277655169368,18380.57772064209,0.0,34.0,21.0,1.0,0.050000000000000044,0.002078483405057341,0.002078483405057341,0.0
contextual_bandit,806,433,132.90686501183666,110.80249566175158,31.02719323337078,101.87967232980887,1.7108955290168524,18819.95100402832,0.0,36.0,35.0,4.0,0.050000000000000044,0.0016593549225945026,0.0016593549225945026,0.0
contextual_bandit,806,434,101.40398402453397,109.80250031225296,27.42120012640953,73.98278410674071,1.6027191784232855,17796.050006866455,0.0,27.0,18.0,3.0,0.050000000000000044,0.002045345419901423,0.002045345419901423,0.0
contextual_bandit,806,435,113.29479854429577,108.56040248206477,30.326915867626667,82.96788268411969,1.6563381431624293,18412.473194122314,0.0,33.0,29.0,1.0,0.050000000000000044,0.00233422242308734,0.00233422242308734,0.0
contextual_bandit,806,436,92.02103829460636,107.36409097533678,25.95460458099842,66.06643359439866,1.5536029124632478,16517.90660095215,0.0,28.0,6.0,4.0,0.050000000000000044,0.0018443888475303538,0.0018443888475303538,0.0
contextual_bandit,806,437,89.25838847863133,105.73282033768571,26.187453366816044,63.0709351788705,1.5393536696210504,16453.16068458557,0.0,28.0,15.0,1.0,0.050000000000000044,0.0021675681637134403,0.0021675681637134403,0.0
contextual_bandit,806,438,84.50215424313217,104.95107800970307,25.161201640963554,59.34095266177325,1.5429510865360498,16264.27903175354,0.0,28.0,3.0,0.0,0.050000000000000044,0.0016960108405328356,0.0016960108405328356,0.0
contextual_bandit,806,439,119.72291401027522,106.14171117377684,32.40351128578186,87.31940314172587,1.71150157507509,19546.434951782227,0.0,35.0,21.0,1.0,0.050000000000000044,0.0018787533772410825,0.0018787533772410825,0.0
contextual_bandit,806,440,103.32622601749226,107.18351615662982,27.699847042560577,75.62637888552469,1.6006412152200937,17178.59276199341,0.0,31.0,14.0,1.0,0.050000000000000044,0.002097160991979763,0.002097160991979763,0.0
contextual_bandit,806,441,84.95223361946624,106.07697990072408,26.869863092899323,58.08237036265416,1.5562441814690828,16625.644729614258,0.0,25.0,6.0,3.0,0.050000000000000044,0.0018684493406908587,0.0018684493406908587,0.0
contextual_bandit,806,442,146.50512477721858,107.090665248696,31.637739896774292,114.86738488044425,1.714729710482061,19309.03120803833,0.0,34.0,41.0,2.0,0.050000000000000044,0.001959830267878715,0.001959830267878715,0.0
contextual_bandit,806,443,140.12618018255316,110.17755141339879,29.84247849881649,110.28370168373668,1.671768850646913,18655.2894821167,0.0,34.0,47.0,3.0,0.050000000000000044,0.002018231032707263,0.002018231032707263,0.0
contextual_bandit,806,444,95.05340229306476,109.70781691321172,28.297987915575504,66.75541470531479,1.5878026215359569,17306.09966468811,0.0,29.0,8.0,5.0,0.050000000000000044,0.0020607098704203963,0.0020607098704203963,0.0
contextual_bandit,806,445,80.18960518538952,108.81032853987794,24.455899462103844,55.7337055593729,1.5189216434955597,15742.361629486084,0.0,26.0,0.0,1.0,0.050000000000000044,0.002026478214247618,0.002026478214247618,0.0
contextual_bandit,806,446,117.12452183044385,110.38947003963892,29.516976222395897,87.60754514611193,1.6339251035824418,17820.768676757812,0.0,33.0,32.0,3.0,0.050000000000000044,0.0021878745683352463,0.0021878745683352463,0.0
contextual_bandit,806,447,89.8411437274296,109.51669425959969,26.578942611813545,63.26220177126716,1.5530033018440008,16452.61973953247,0.0,28.0,9.0,0.0,0.050000000000000044,0.0017500223402748816,0.0017500223402748816,0.0
contextual_bandit,806,448,103.05046855302193,106.66618610557593,27.53855460882187,75.51191424222328,1.5818157875910401,17213.11466217041,0.0,30.0,20.0,2.0,0.050000000000000044,0.0017925370848388411,0.0017925370848388411,0.0
contextual_bandit,806,449,126.14066452554626,107.28590612412765,30.32981239259243,95.81085234157008,1.62976308260113,18305.315181732178,0.0,32.0,37.0,2.0,0.050000000000000044,0.001969946279132273,0.001969946279132273,0.0
contextual_bandit,806,450,125.10061328343582,109.44329436176152,32.696582183241844,92.4040308617754,1.7287380918860435,19947.449310302734,0.0,35.0,30.0,2.0,0.050000000000000044,0.0019578781466407236,0.0019578781466407236,0.0
contextual_bandit,806,451,104.78379294917139,108.49591955571016,27.002239607274532,77.78155316308293,1.6092743845656514,16995.211143493652,0.0,33.0,25.0,1.0,0.050000000000000044,0.0017033347430697177,0.0017033347430697177,0.0
contextual_bandit,806,452,107.53152663251626,107.84178230920307,27.65594644844532,79.87558006486168,1.6021352829411626,17345.92551803589,0.0,34.0,33.0,2.0,0.050000000000000044,0.001964439077710267,0.001964439077710267,0.0
contextual_bandit,806,453,121.43867620256259,107.26837286873936,29.871310248970985,91.56736571517304,1.6454768553376198,17982.635776519775,0.0,33.0,38.0,2.0,0.050000000000000044,0.0020599062991095707,0.0020599062991095707,0.0
contextual_bandit,806,454,118.28918943441074,108.11263313923321,29.165420442819595,89.12376899159115,1.6087956549599767,17999.26040649414,0.0,32.0,46.0,2.0,0.050000000000000044,0.002031031202932354,0.002031031202932354,0.0
contextual_bandit,806,455,107.18764403677146,107.80727541385697,29.332588873803616,77.85505513316552,1.6544077508151531,18588.34578514099,0.0,31.0,21.0,2.0,0.050000000000000044,0.0015220074565149844,0.0015220074565149844,0.0
contextual_bandit,806,456,105.55257993724159,108.48385249598876,29.647222712635994,75.90535738851835,1.696525078266859,18922.085025787354,0.0,29.0,9.0,3.0,0.050000000000000044,0.0019991052904515527,0.0019991052904515527,0.0
contextual_bandit,806,457,98.19475448409358,108.93067079626185,26.699346959590912,71.49540779272357,1.6115000257268548,16978.21625518799,0.0,30.0,4.0,4.0,0.050000000000000044,0.0016955245191638824,0.0016955245191638824,0.0
contextual_bandit,806,458,84.98815014289595,108.95497059125003,26.08928992599249,58.89886012004591,1.5583286210894585,17233.274383544922,0.0,27.0,2.0,1.0,0.050000000000000044,0.0017981529017561115,0.0017981529017561115,0.0
contextual_bandit,806,459,90.89241027492332,107.51344540448244,27.485591903328896,63.40681799906539,1.5757822282612324,16852.050720214844,0.0,28.0,1.0,2.0,0.050000000000000044,0.0019032460841117427,0.0019032460841117427,0.0
contextual_bandit,806,460,94.49336435259633,107.07180232123764,26.93066518008709,67.56269909800346,1.5565173923969269,16617.228199005127,0.0,30.0,22.0,3.0,0.050000000000000044,0.0015371258778031915,0.0015371258778031915,0.0
contextual_bandit,806,461,92.93804290847048,107.47109278568787,29.23478126525879,63.70326164321169,1.6395916333422065,18057.315814971924,0.0,29.0,7.0,1.0,0.050000000000000044,0.0016943977680057287,0.0016943977680057287,0.0
contextual_bandit,806,462,146.43791349616356,107.4677322216351,31.610911674797535,114.82700182136607,1.7053895760327578,19225.685443878174,0.0,34.0,42.0,0.0,0.050000000000000044,0.0016658141466905363,0.0016658141466905363,0.0
contextual_bandit,806,463,85.36623281492703,104.72973485325379,24.98439195752144,60.38184109582418,1.5523237008601427,16316.664627075195,0.0,26.0,3.0,2.0,0.050000000000000044,0.0018349949677940458,0.0018349949677940458,0.0
contextual_bandit,806,464,131.15326196604596,106.53472783690287,29.873869359493256,101.27939274066314,1.6326152607798576,17953.171867370605,0.0,34.0,39.0,2.0,0.050000000000000044,0.0015735597917228006,0.0015735597917228006,0.0
contextual_bandit,806,465,89.95662205339792,107.0230786803033,26.391936033964157,63.56468609393956,1.5835115117952228,16822.024477005005,0.0,28.0,11.0,2.0,0.050000000000000044,0.001821982477849815,0.001821982477849815,0.0
contextual_bandit,806,466,90.5536057562765,105.69453287659492,26.541644752025604,64.0119609744486,1.5628355583176017,16481.665477752686,0.0,29.0,14.0,3.0,0.050000000000000044,0.001452133830753155,0.001452133830753155,0.0
contextual_bandit,806,467,93.90228599089177,105.89758998976802,27.52958980202675,66.37269624846967,1.586840239353478,17396.18972015381,0.0,29.0,20.0,1.0,0.050000000000000044,0.001592132368386956,0.001592132368386956,0.0
contextual_bandit,806,468,80.14140672850169,104.75213689854202,25.579374745488167,54.56203181910075,1.5455554854124784,16543.30034637451,0.0,25.0,1.0,3.0,0.050000000000000044,0.0013843451415596064,0.0013843451415596064,0.0
contextual_bandit,806,469,63.00500966757536,101.59535415564346,21.520000852644444,41.48500835299492,1.3883002055808902,13508.192993164062,0.0,20.0,0.0,1.0,0.050000000000000044,0.0016538852214580402,0.0016538852214580402,0.0
contextual_bandit,806,470,107.22110679889074,100.70137883141624,31.766007006168365,75.45509970331541,1.6786042992025614,19118.272148132324,0.0,31.0,23.0,1.0,0.050000000000000044,0.0015665594401070848,0.0015665594401070848,0.0
contextual_bandit,806,471,88.98851858086942,99.91161511300112,28.550430104136467,60.43808829791902,1.6029423857107759,17767.435516357422,0.0,26.0,14.0,4.0,0.050000000000000044,0.0015819922373339068,0.0015819922373339068,0.0
contextual_bandit,806,472,95.84602406294627,99.32733998452262,26.769773706793785,69.07625040085597,1.6118068424984813,17431.98997116089,0.0,30.0,15.0,2.0,0.050000000000000044,0.0017764160147635266,0.0017764160147635266,0.0
contextual_bandit,806,473,91.00262481175331,97.80553741498215,26.119183644652367,64.88344121180444,1.5348117789253592,16275.68974685669,0.0,30.0,11.0,3.0,0.050000000000000044,0.00172285434382502,0.00172285434382502,0.0
contextual_bandit,806,474,90.28075990168969,96.40511593834609,27.498730055987835,62.78203011392276,1.5192221542820334,16899.23097229004,0.0,28.0,2.0,1.0,0.050000000000000044,0.001608045888133347,0.001608045888133347,0.0
contextual_bandit,806,475,112.08785512753467,96.65012649288425,28.85280780494213,83.23504732259255,1.617073598317802,17950.50775527954,0.0,28.0,29.0,1.0,0.050000000000000044,0.0017515384461148642,0.0017515384461148642,0.0
contextual_bandit,806,476,97.05353209772119,96.22517410090823,26.18263304233551,70.87089921929845,1.583734180778265,16635.644733428955,0.0,31.0,7.0,2.0,0.050000000000000044,0.001504330004536314,0.001504330004536314,0.0
contextual_bandit,806,477,116.33468708400372,97.13217073090374,30.02482783794403,86.30985942487362,1.66694943793118,18652.835083007812,0.0,32.0,25.0,0.0,0.050000000000000044,0.0016253390786005184,0.0016253390786005184,0.0
contextual_bandit,806,478,88.38727332911195,97.30212689021454,25.900686994194984,62.48658634981813,1.597921242006123,16831.095672607422,0.0,27.0,2.0,2.0,0.050000000000000044,0.001582567401783308,0.001582567401783308,0.0
contextual_bandit,806,479,102.17099846541517,97.86605629973913,26.78645345568657,75.38454526304835,1.6017897939309478,17113.94270324707,0.0,31.0,12.0,3.0,0.050000000000000044,0.0018084785624523647,0.0018084785624523647,0.0
contextual_bandit,806,480,117.24415718740238,99.00359594147942,30.92551712691784,86.31863985186828,1.6734019368886948,18466.154960632324,0.0,33.0,26.0,0.0,0.050000000000000044,0.0014818585987086408,0.0014818585987086408,0.0
contextual_bandit,806,481,74.32977054675487,98.07318232339364,24.13889578729868,50.19087491591839,1.5020303409546614,15716.395362854004,0.0,24.0,8.0,1.0,0.050000000000000044,0.0015514790829911362,0.0015514790829911362,0.0
contextual_bandit,806,482,76.8901605769992,94.59579467743544,25.981606505811214,50.90855405628681,1.5220074895769358,16442.267906188965,0.0,24.0,0.0,2.0,0.050000000000000044,0.0015023506311990786,0.0015023506311990786,0.0
contextual_bandit,806,483,117.34123782955862,96.19454492816702,30.665739998221397,86.67549793564537,1.6951680714264512,18810.49315261841,0.0,32.0,25.0,3.0,0.050000000000000044,0.0015074087496032007,0.0015074087496032007,0.0
contextual_bandit,806,484,81.3566890284419,93.7047162812868,24.547755770385265,56.80893340706825,1.5434724539518356,15987.008827209473,0.0,25.0,0.0,4.0,0.050000000000000044,0.0018116601931978948,0.0018116601931978948,0.0
contextual_bandit,806,485,96.05212853570201,94.00949160540202,29.12142303586006,66.93070552964427,1.6217908654361963,17698.730590820312,0.0,26.0,13.0,0.0,0.050000000000000044,0.0017806401338020805,0.0017806401338020805,0.0
contextual_bandit,806,486,108.2296133167083,94.89329198342361,29.943883515894413,78.28573035960741,1.6393890595063567,17990.854610443115,0.0,33.0,22.0,2.0,0.050000000000000044,0.0015280135230568703,0.0015280135230568703,0.0
contextual_bandit,806,487,108.43567386956119,95.6199613773571,29.121987357735634,79.31368637771513,1.6352721732109785,18181.8152885437,0.0,31.0,17.0,2.0,0.050000000000000044,0.0018268102176079992,0.0018268102176079992,0.0
contextual_bandit,806,488,96.4415024403678,96.4349661629504,25.911551237106323,70.52995120326148,1.5228230142965913,15912.390838623047,0.0,29.0,13.0,3.0,0.050000000000000044,0.0012359979482425842,0.0012359979482425842,0.0
contextual_bandit,806,489,102.78326535738384,98.42387894744083,29.614378824830055,73.16888645804798,1.575996103696525,17568.058017730713,0.0,33.0,14.0,1.0,0.050000000000000044,0.001565417813253589,0.001565417813253589,0.0
contextual_bandit,806,490,92.64864645243668,97.69525593011811,26.98501030355692,65.6636361712315,1.5926321558654308,16940.61838912964,0.0,30.0,11.0,3.0,0.050000000000000044,0.0014120316482149065,0.0014120316482149065,0.0
contextual_bandit,806,491,106.88317422652577,98.58998871240092,26.80126991868019,80.08190457606648,1.5815629316493869,16992.08525466919,0.0,27.0,21.0,2.0,0.050000000000000044,0.0014635006482421886,0.0014635006482421886,0.0
contextual_bandit,806,492,92.8079841192397,98.4380867152156,27.758966878056526,65.04901730078782,1.5706840371713042,17321.816619873047,0.0,24.0,20.0,2.0,0.050000000000000044,0.0016245729530055542,0.0016245729530055542,0.0
contextual_bandit,806,493,93.11328038190484,98.54361949372318,25.564549639821053,67.54873087619427,1.5505977533757687,16470.420322418213,0.0,28.0,13.0,1.0,0.050000000000000044,0.0013604139858216513,0.0013604139858216513,0.0
contextual_bandit,806,494,73.12093971073628,97.68562848417551,25.062187269330025,48.058751890063284,1.5217746514827013,15658.221965789795,0.0,23.0,0.0,2.0,0.050000000000000044,0.0018211432106909342,0.0018211432106909342,0.0
contextual_bandit,806,495,93.79885796391083,96.77117862599434,29.007134571671486,64.79172376476838,1.625113183632493,18041.234310150146,0.0,28.0,13.0,1.0,0.050000000000000044,0.0016126900191011373,0.0016126900191011373,0.0
contextual_bandit,806,496,98.55591288655714,96.84629766543611,27.325844883918762,71.23006800263836,1.632444522343576,17943.900245666504,0.0,29.0,8.0,1.0,0.050000000000000044,0.0015970043859852012,0.0015970043859852012,0.0
contextual_bandit,806,497,107.2804384980338,96.39358523613762,29.413442261517048,77.86699629612141,1.6093614306300879,17659.600303649902,0.0,30.0,34.0,1.0,0.050000000000000044,0.0015010378119768575,0.0015010378119768575,0.0
contextual_bandit,806,498,80.706726282835,96.00955788382376,25.090687721967697,55.61603829264641,1.5264961272478104,15916.508010864258,0.0,26.0,0.0,1.0,0.050000000000000044,0.001451101907150587,0.001451101907150587,0.0
contextual_bandit,806,499,101.05088652082546,95.95355228659429,28.416478544473648,72.63440788694486,1.6421108078211546,18111.410903930664,0.0,28.0,14.0,3.0,0.050000000000000044,0.0018256691473652609,0.0018256691473652609,0.0
contextual_bandit,806,500,98.85270502091247,95.03397967826979,28.771245561540127,70.08145948172407,1.621377077884972,17949.634521484375,0.0,30.0,15.0,2.0,0.050000000000000044,0.0014615083200624213,0.0014615083200624213,0.0
contextual_bandit,806,501,96.85594592077123,96.16028844697061,27.642505630850792,69.21344075185642,1.6000796891748905,17454.850242614746,0.0,26.0,16.0,2.0,0.050000000000000044,0.0014772218346479349,0.0014772218346479349,0.0
contextual_bandit,806,502,94.2112791477384,97.02634437550758,29.023614153265953,65.18766497957128,1.6217409642413259,18017.15273284912,0.0,28.0,2.0,3.0,0.050000000000000044,0.001433961013390217,0.001433961013390217,0.0
contextual_bandit,806,503,80.62296624115463,95.19043079608738,25.38038008660078,55.24258608749862,1.5474075181409717,16408.58903503418,0.0,26.0,2.0,1.0,0.050000000000000044,0.001279852778679924,0.001279852778679924,0.0
contextual_bandit,806,504,85.61539366013889,95.4033660276722,26.389980532228947,59.22541274047974,1.5462387949228287,16873.809650421143,0.0,25.0,11.0,4.0,0.050000000000000044,0.0015739066475362051,0.0015739066475362051,0.0
contextual_bandit,806,505,86.77617620742322,94.93956841125829,26.279798954725266,60.4963772675991,1.5563399568200111,16461.599102020264,0.0,27.0,2.0,2.0,0.050000000000000044,0.0012555452740343753,0.0012555452740343753,0.0
contextual_bandit,806,506,120.44513666474768,95.55034457866024,31.428487576544285,89.01664937132546,1.6632095156237483,18937.553367614746,0.0,35.0,26.0,2.0,0.050000000000000044,0.0014830715517746285,0.0014830715517746285,0.0
contextual_bandit,806,507,121.33841949119557,96.19548185974196,30.18669033050537,91.15172907128324,1.6791541399434209,18856.05770111084,0.0,32.0,31.0,2.0,0.050000000000000044,0.0014524765974783804,0.0014524765974783804,0.0
contextual_bandit,806,508,102.51430891993276,96.4991221837202,28.461136877536774,74.05317193808786,1.6091391127556562,17763.503372192383,0.0,31.0,17.0,3.0,0.050000000000000044,0.0011859295664180536,0.0011859295664180536,0.0
contextual_bandit,806,509,83.63082364578192,95.54150009814012,25.76106844842434,57.86975552518312,1.5225938437506557,16244.305889129639,0.0,25.0,2.0,2.0,0.050000000000000044,0.0013405053614405915,0.0013405053614405915,0.0
contextual_bandit,806,510,122.80231824974436,97.0491836880055,31.54527236521244,91.25704619745628,1.7073871567845345,19176.913150787354,0.0,33.0,34.0,4.0,0.050000000000000044,0.0015778333836351521,0.0015778333836351521,0.0
contextual_bandit,806,511,95.75108032325146,96.49257899284177,27.55545063316822,68.1956295559728,1.5780421551316977,17205.382583618164,0.0,30.0,15.0,4.0,0.050000000000000044,0.0012086118840670679,0.0012086118840670679,0.0
contextual_bandit,806,512,115.80886749520016,97.64262316163979,29.424640968441963,86.384226601264,1.6576978182420135,18011.6760597229,0.0,35.0,18.0,3.0,0.050000000000000044,0.0012558576454466674,0.0012558576454466674,0.0
contextual_bandit,806,513,87.17658617777015,97.34578845143307,26.192509196698666,60.98407678735639,1.596206464804709,17045.352561950684,0.0,26.0,10.0,0.0,0.050000000000000044,0.0013698496513825376,0.0013698496513825376,0.0
contextual_bandit,806,514,129.42796558717097,100.16113974525481,34.02508132904768,95.40288390049542,1.7485431507229805,20454.938018798828,0.0,33.0,25.0,1.0,0.050000000000000044,0.0012449074602045584,0.0012449074602045584,0.0
contextual_bandit,806,515,88.8735839075022,99.91487604243437,26.459862530231476,62.41372143687538,1.5529520120471716,16564.139598846436,0.0,27.0,13.0,2.0,0.050000000000000044,0.0012219077907502651,0.0012219077907502651,0.0
contextual_bandit,806,516,122.70870399741395,101.12251559797721,32.87322922050953,89.83547462789286,1.709426292218268,19369.10834121704,0.0,34.0,32.0,2.0,0.050000000000000044,0.0014668661533505656,0.0014668661533505656,0.0
contextual_bandit,806,517,113.56715901540485,101.43685162384577,29.82785077393055,83.73930831598013,1.6512840846553445,18335.655109405518,0.0,33.0,26.0,4.0,0.050000000000000044,0.0014382561166712549,0.0014382561166712549,0.0
contextual_bandit,806,518,99.77664776873398,102.39034769814072,28.110218182206154,71.66642951202203,1.6306555280461907,17655.251846313477,0.0,30.0,18.0,4.0,0.050000000000000044,0.0012849975973949768,0.0012849975973949768,0.0
contextual_bandit,806,519,105.62302153702248,102.61895444895056,29.59979797899723,76.02322372193805,1.6102797156199813,17991.773738861084,0.0,32.0,26.0,3.0,0.050000000000000044,0.0013399442868831102,0.0013399442868831102,0.0
contextual_bandit,806,520,129.64441643069807,104.15854001943983,28.166655123233795,101.47776130746428,1.5906391628086567,17373.343406677246,0.0,29.0,41.0,1.0,0.050000000000000044,0.0013029840774834156,0.0013029840774834156,0.0
contextual_bandit,806,521,93.4702955186367,103.98925749933309,27.59595636278391,65.87433898448944,1.5722306156530976,17120.361602783203,0.0,29.0,0.0,0.0,0.050000000000000044,0.0014126309615676291,0.0014126309615676291,0.0
contextual_bandit,806,522,93.9968390105253,103.97853549247247,27.74616537988186,66.25067397337017,1.6093148179352283,17883.811378479004,0.0,28.0,3.0,0.0,0.050000000000000044,0.0012008845660602674,0.0012008845660602674,0.0
contextual_bandit,806,523,107.7319879584055,105.333986578335,29.141398064792156,78.590589863811,1.6366339102387428,18213.76329421997,0.0,29.0,22.0,2.0,0.050000000000000044,0.0014076688057684805,0.0014076688057684805,0.0
contextual_bandit,806,524,100.09224045774434,106.05782891821528,28.326517656445503,71.7657228609035,1.6035691816359758,17505.705200195312,0.0,32.0,4.0,1.0,0.050000000000000044,0.0012922945352329407,0.0012922945352329407,0.0
contextual_bandit,806,525,120.15099073396935,107.72656964454256,30.76289437711239,89.38809625254883,1.6867207987233996,19102.786617279053,0.0,31.0,32.0,2.0,0.050000000000000044,0.001141066361014964,0.001141066361014964,0.0
contextual_bandit,806,526,117.93284875243656,107.60095524892702,31.834230050444603,86.09861879139892,1.7189949806779623,19671.428298950195,0.0,30.0,25.0,3.0,0.050000000000000044,0.00110207482430269,0.00110207482430269,0.0
contextual_bandit,806,527,110.32545960222872,107.05030725447868,28.61366768181324,81.71179195021777,1.6215695645660162,17523.580909729004,0.0,31.0,24.0,3.0,0.050000000000000044,0.0011503876085043885,0.0011503876085043885,0.0
contextual_bandit,806,528,91.90527877557048,106.51985574726056,25.496566213667393,66.4087125544525,1.5748277939856052,16606.04364013672,0.0,27.0,12.0,1.0,0.050000000000000044,0.0014192834132700227,0.0014192834132700227,0.0
contextual_bandit,806,529,118.52020177480121,108.26432465371151,30.88805592060089,87.63214585420032,1.6807674439623952,19025.425064086914,0.0,32.0,35.0,2.0,0.050000000000000044,0.0013416743495326955,0.0013416743495326955,0.0
contextual_bandit,806,530,112.74318963854442,107.76136822315155,31.10774753987789,81.63544215827119,1.6738297389820218,18736.05792236328,0.0,33.0,23.0,0.0,0.050000000000000044,0.0014453240655711852,0.0014453240655711852,0.0
contextual_bandit,806,531,98.1267135411644,107.8801498840472,27.353058122098446,70.77365539671419,1.613789390772581,17272.959045410156,0.0,32.0,12.0,6.0,0.050000000000000044,0.0011907372027053498,0.0011907372027053498,0.0
contextual_bandit,806,532,100.97715163295355,107.13856409093486,29.164246156811714,71.81290546124063,1.6417486164718866,18273.272575378418,0.0,29.0,17.0,2.0,0.050000000000000044,0.001260472519788891,0.001260472519788891,0.0
contextual_bandit,806,533,99.38589767335998,107.74902966571435,26.661029919981956,72.72486775337802,1.5751399202272296,16727.20359992981,0.0,30.0,5.0,1.0,0.050000000000000044,0.0012170545087428764,0.0012170545087428764,0.0
contextual_bandit,806,534,98.29117443110358,106.19219010791099,29.61260713636875,68.67856760765922,1.6601048475131392,18332.39080810547,0.0,29.0,5.0,3.0,0.050000000000000044,0.0013015509757678956,0.0013015509757678956,0.0
contextual_bandit,806,535,102.70669765430556,106.88384579525116,28.083986818790436,74.62271040338146,1.5691190585494041,17229.766567230225,0.0,31.0,24.0,0.0,0.050000000000000044,0.0016712180222384632,0.0016712180222384632,0.0
contextual_bandit,806,536,102.54602729658596,105.87571196020977,29.069669932127,73.47635730485432,1.647107033059001,18530.153984069824,0.0,28.0,19.0,1.0,0.050000000000000044,0.001720641099382192,0.001720641099382192,0.0
contextual_bandit,806,537,98.45524880895604,105.12011644988732,25.154951691627502,73.30029662559024,1.5940629336982965,16429.352310180664,0.0,31.0,9.0,3.0,0.050000000000000044,0.0012951683856954332,0.0012951683856954332,0.0
contextual_bandit,806,538,130.9829513374479,106.68043162832298,31.005612313747406,99.97733917271213,1.6086414083838463,18513.154571533203,0.0,33.0,31.0,3.0,0.050000000000000044,0.0012424921806086786,0.0012424921806086786,0.0
contextual_bandit,806,539,109.97195277047918,106.89787818999585,27.449930414557457,82.5220224453287,1.6086415369063616,17366.63571548462,0.0,31.0,37.0,0.0,0.050000000000000044,0.0013072388828732073,0.0013072388828732073,0.0
contextual_bandit,806,540,114.86116145910336,106.15871544141609,30.952393099665642,83.90876834453655,1.6608299678191543,18593.842330932617,0.0,34.0,19.0,2.0,0.050000000000000044,0.0012653553967538755,0.0012653553967538755,0.0
contextual_bandit,806,541,102.41941575571252,106.6061714532699,29.32066536694765,73.09875064208464,1.6337364949285984,18211.990978240967,0.0,31.0,10.0,1.0,0.050000000000000044,0.001234035978995962,0.001234035978995962,0.0
contextual_bandit,806,542,97.6468894698982,106.78867397623856,26.361854940652847,71.28503427592563,1.547107052989304,16472.101718902588,0.0,29.0,13.0,2.0,0.050000000000000044,0.0011462998154456727,0.0011462998154456727,0.0
contextual_bandit,806,543,141.63680697908205,108.48391492727237,32.18823832273483,109.44856859674256,1.7344513153657317,19678.584434509277,0.0,35.0,46.0,0.0,0.050000000000000044,0.0011850605660583824,0.0011850605660583824,0.0
contextual_bandit,806,544,119.10069754007466,109.43433778138888,33.41787667572498,85.68282062593111,1.7199836941435933,20003.844749450684,0.0,35.0,23.0,1.0,0.050000000000000044,0.0011117807371192612,0.0011117807371192612,0.0
contextual_bandit,806,545,104.98939323100998,108.67625790624092,28.60494914650917,76.38444383118104,1.600983320735395,17641.719425201416,0.0,31.0,31.0,1.0,0.050000000000000044,0.0014528559186146595,0.0014528559186146595,0.0
contextual_bandit,806,546,105.58052405612239,108.05864167142522,28.051366053521633,77.52915798024902,1.5803481852635741,17254.167518615723,0.0,31.0,28.0,3.0,0.050000000000000044,0.0013156849199731369,0.0013156849199731369,0.0
contextual_bandit,806,547,87.77876782219576,106.93130708242356,26.701407000422478,61.077361015488385,1.5339937517419457,16617.115440368652,0.0,27.0,2.0,3.0,0.050000000000000044,0.0010524787539907265,0.0010524787539907265,0.0
contextual_bandit,806,548,102.36066754964837,107.45407652112745,26.992591716349125,75.36807526705513,1.5888534002006054,16893.904411315918,0.0,33.0,20.0,1.0,0.050000000000000044,0.0010924077614618,0.0010924077614618,0.0
contextual_bandit,806,549,98.10334503650665,106.43323368421272,28.47179751098156,69.63154737651348,1.6352262776345015,17708.059284210205,0.0,32.0,0.0,1.0,0.050000000000000044,0.001204698175570229,0.001204698175570229,0.0
contextual_bandit,806,550,98.34413449750087,105.71328092716055,28.91246673464775,69.43166782245777,1.6208405625075102,17678.56865310669,0.0,30.0,2.0,2.0,0.050000000000000044,0.0010806912541738711,0.0010806912541738711,0.0
contextual_bandit,806,551,92.47507925854516,105.43069921302958,26.736915811896324,65.73816317842793,1.5627842554822564,16487.934844970703,0.0,29.0,12.0,2.0,0.050000000000000044,0.0010665572626749054,0.0010665572626749054,0.0
contextual_bandit,806,552,104.90937881762957,105.62731057226338,29.069293946027756,75.84008454377627,1.5991824492812157,17395.924755096436,0.0,31.0,9.0,3.0,0.050000000000000044,0.0010734548231994268,0.0010734548231994268,0.0
contextual_bandit,806,553,99.36234035628345,105.62613270640955,29.0808118134737,70.28152839379814,1.6173610342666507,17723.68524169922,0.0,31.0,16.0,1.0,0.050000000000000044,0.0012433937881723978,0.0012433937881723978,0.0
contextual_bandit,806,554,123.61856293327534,106.89250213151816,31.19688369333744,92.42167918033326,1.6954649230465293,18951.30785369873,0.0,32.0,26.0,2.0,0.050000000000000044,0.0010312802769476548,0.0010312802769476548,0.0
contextual_bandit,806,555,75.93406864978977,105.55387068129237,25.14274676889181,50.791321612677045,1.5081243850290775,16068.70747756958,0.0,25.0,1.0,1.0,0.050000000000000044,0.0009699240836198442,0.0009699240836198442,0.0
contextual_bandit,806,556,94.38546391640219,105.14584251228318,26.070075422525406,68.31538855348143,1.5942805241793394,16820.288124084473,0.0,28.0,6.0,3.0,0.050000000000000044,0.0009500953365204623,0.0009500953365204623,0.0
contextual_bandit,806,557,80.99443772751354,104.27280195821106,25.819030538201332,55.17540762144587,1.516143288463354,16168.02010345459,0.0,25.0,12.0,1.0,0.050000000000000044,0.00093697916236124,0.00093697916236124,0.0
contextual_bandit,806,558,132.04088192290317,104.32569848748383,32.11051842570305,99.93036361640942,1.7033237619325519,19330.392707824707,0.0,36.0,49.0,0.0,0.050000000000000044,0.0011049376407754607,0.0011049376407754607,0.0
contextual_bandit,806,559,89.11498070657254,103.28284988428848,28.431759528815746,60.683221185207366,1.5605020020157099,17568.68482208252,0.0,27.0,0.0,2.0,0.050000000000000044,0.0014040586502233054,0.0014040586502233054,0.0
contextual_bandit,806,560,108.35940390667032,102.95776200666683,29.7698223143816,78.58958148053,1.6696355445310473,18508.885959625244,0.0,32.0,23.0,2.0,0.050000000000000044,0.0011439806621638127,0.0011439806621638127,0.0
contextual_bandit,806,561,105.58379128265452,103.11598078301392,30.11742001771927,75.46637111592364,1.6540880491957068,18882.707790374756,0.0,28.0,18.0,4.0,0.050000000000000044,0.0011041357392969076,0.0011041357392969076,0.0
contextual_bandit,806,562,95.39065257416637,103.00316893822735,26.922542363405228,68.46811018095882,1.5701034236699343,16859.165557861328,0.0,29.0,11.0,1.0,0.050000000000000044,0.0011599572171689942,0.0011599572171689942,0.0
contextual_bandit,806,563,118.39193706064249,101.84092544230535,29.35194882750511,89.03998823313735,1.653454258106649,18044.77656173706,0.0,32.0,32.0,2.0,0.050000000000000044,0.0013505645401892252,0.0013505645401892252,0.0
contextual_bandit,806,564,95.31962638586423,100.65187188459484,27.3670948818326,67.95253157853743,1.587771032936871,16901.672687530518,0.0,29.0,8.0,4.0,0.050000000000000044,0.001223495328304125,0.001223495328304125,0.0
contextual_bandit,806,565,107.91647420438194,100.79822593326342,28.88360872119665,79.03286539377832,1.5926919421181083,17759.344718933105,0.0,31.0,24.0,2.0,0.050000000000000044,0.0010628363306750543,0.0010628363306750543,0.0
contextual_bandit,806,566,94.61652327754534,100.25002589433458,26.127015590667725,68.48950741865673,1.55163521040231,16386.807132720947,0.0,30.0,21.0,1.0,0.050000000000000044,0.0009855273383436725,0.0009855273383436725,0.0
contextual_bandit,806,567,71.11791496872902,99.41698325166125,24.54090179502964,46.57701303958893,1.5405783941969275,15555.345352172852,0.0,23.0,0.0,3.0,0.050000000000000044,0.0011241694664931856,0.0011241694664931856,0.0
contextual_bandit,806,568,109.25727614527462,99.76181368144256,29.87277476489544,79.38450166350125,1.6826202226802707,18588.953987121582,0.0,31.0,22.0,1.0,0.050000000000000044,0.0011297769924567547,0.0011297769924567547,0.0
contextual_bandit,806,569,87.48349723033182,99.23082129113381,25.992402985692024,61.49109408072704,1.5463364366441965,16242.735158920288,0.0,26.0,9.0,3.0,0.050000000000000044,0.0012504548321885522,0.0012504548321885522,0.0
contextual_bandit,806,570,159.71764209717685,102.29949667111762,34.83172346651554,124.88591863066132,1.7773541333153844,20395.33139038086,0.0,40.0,43.0,1.0,0.050000000000000044,0.0012359750726318453,0.0012359750726318453,0.0
contextual_bandit,806,571,90.79503263087075,102.21549433973388,27.08342018723488,63.711612316975994,1.5854064673185349,16848.99029159546,0.0,28.0,3.0,3.0,0.050000000000000044,0.0009917128591041546,0.0009917128591041546,0.0
contextual_bandit,806,572,122.76476095851152,103.10826344677798,30.14645205438137,92.61830890413013,1.6568992929533124,18376.820892333984,0.0,34.0,36.0,4.0,0.050000000000000044,0.0010691760435292963,0.0010691760435292963,0.0
contextual_bandit,806,573,78.3739314023943,102.05884299908352,26.37447117269039,51.99945982737257,1.583063636906445,16817.389907836914,0.0,23.0,1.0,0.0,0.050000000000000044,0.0010333758509659674,0.0010333758509659674,0.0
contextual_bandit,806,574,112.51424379119359,101.50362704197944,30.05418372899294,82.46006015160765,1.6342217260971665,18301.560501098633,0.0,32.0,26.0,5.0,0.050000000000000044,0.0010058518819278106,0.0010058518819278106,0.0
contextual_bandit,806,575,119.65974788492741,103.68991100373633,31.95011095702648,87.70963707691257,1.7168356301262975,19381.43071937561,0.0,34.0,39.0,0.0,0.050000000000000044,0.00112456554415985,0.00112456554415985,0.0
contextual_bandit,806,576,92.76580334773016,103.60892797530273,26.565821081399918,66.1999820130105,1.5509664602577686,16344.50373840332,0.0,29.0,19.0,3.0,0.050000000000000044,0.0009975426401069853,0.0009975426401069853,0.0
contextual_bandit,806,577,114.67185966270922,105.29279907206251,30.88536350429058,83.78649621802329,1.6731569347903132,18636.97749710083,0.0,33.0,29.0,1.0,0.050000000000000044,0.0010504053825570736,0.0010504053825570736,0.0
contextual_bandit,806,578,75.75881113409996,102.47869553262235,27.47257626056671,48.286234858632085,1.597838232293725,17563.399703979492,0.0,22.0,0.0,3.0,0.050000000000000044,0.0010143152576347347,0.0010143152576347347,0.0
contextual_bandit,806,579,84.25158390402794,102.23552569249512,26.11447647213936,58.13710743188858,1.544374292716384,16081.713581085205,0.0,25.0,0.0,0.0,0.050000000000000044,0.0010314636765542673,0.0010314636765542673,0.0
contextual_bandit,806,580,107.99228831308886,102.21716991281605,29.707172736525536,78.28511571067376,1.6161797912791371,17839.70866394043,0.0,33.0,21.0,0.0,0.050000000000000044,0.0008941035448515322,0.0008941035448515322,0.0
contextual_bandit,806,581,90.58968705571837,101.46746470146924,26.829784080386162,63.759903243553104,1.5834620082750916,16907.37602996826,0.0,28.0,11.0,2.0,0.050000000000000044,0.0012257381713425275,0.0012257381713425275,0.0
contextual_bandit,806,582,101.49488695554422,101.77267642053813,27.77765043079853,73.71723636083291,1.5973090659826994,17493.208911895752,0.0,31.0,20.0,2.0,0.050000000000000044,0.0011459179731900804,0.0011459179731900804,0.0
contextual_bandit,806,583,108.627279022428,101.2844435186274,28.04404027760029,80.58323857346434,1.5970744471997023,17430.604341506958,0.0,31.0,34.0,3.0,0.050000000000000044,0.0015263658060575835,0.0015263658060575835,0.0
contextual_bandit,806,584,109.18513972251993,101.97771918546019,30.043806299567223,79.14133395939452,1.6386612001806498,18358.44263458252,0.0,33.0,25.0,1.0,0.050000000000000044,0.0010910617056651972,0.0010910617056651972,0.0
contextual_bandit,806,585,115.5525509055507,102.35952302051864,30.964216984808445,84.58833378663178,1.670763206668198,18719.76491546631,0.0,33.0,25.0,4.0,0.050000000000000044,0.0012815062545996625,0.0012815062545996625,0.0
contextual_bandit,806,586,83.69743029430245,101.8135683713565,25.604503512382507,58.09292661800716,1.5720272790640593,16714.778104782104,0.0,24.0,5.0,0.0,0.050000000000000044,0.0010669811235857196,0.0010669811235857196,0.0
contextual_bandit,806,587,87.72045653471125,102.6436954496556,27.554012954235077,60.16644375929013,1.566866028122604,17114.303470611572,0.0,25.0,9.0,1.0,0.050000000000000044,0.0010129465117643122,0.0010129465117643122,0.0
contextual_bandit,806,588,92.65284380316734,101.81347383255024,27.31927525997162,65.33356902003288,1.5507604479789734,16845.598434448242,0.0,28.0,0.0,2.0,0.050000000000000044,0.0010743910752353258,0.0010743910752353258,0.0
contextual_bandit,806,589,105.68654542742647,102.72362624240498,29.81679105758667,75.86975441454328,1.6302350768819451,18555.457595825195,0.0,29.0,24.0,2.0,0.050000000000000044,0.0009648954874137416,0.0009648954874137416,0.0
contextual_bandit,806,590,100.87979851270934,99.78173406318159,27.03411863744259,73.84567975605746,1.5779999997466803,16989.174283981323,0.0,29.0,24.0,1.0,0.050000000000000044,0.000997868446575012,0.000997868446575012,0.0
contextual_bandit,806,591,106.36553740802407,100.56025930203924,27.50289709866047,78.8626400411427,1.6133977444842458,17340.138259887695,0.0,31.0,23.0,2.0,0.050000000000000044,0.0008904837450245395,0.0008904837450245395,0.0
contextual_bandit,806,592,99.79621622283715,99.41183206525552,27.676628060638905,72.11958780457037,1.586474428884685,17096.008228302002,0.0,31.0,21.0,0.0,0.050000000000000044,0.0009306915271736216,0.0009306915271736216,0.0
contextual_bandit,806,593,93.54332580240587,100.17030178525611,29.283956080675125,64.25936942370753,1.604365948587656,18047.115520477295,0.0,28.0,9.0,3.0,0.050000000000000044,0.001069539452146273,0.001069539452146273,0.0
contextual_bandit,806,594,135.5668547676293,101.32293233407789,31.03046078979969,104.53639397782963,1.6907985089346766,18701.792892456055,0.0,35.0,51.0,4.0,0.050000000000000044,0.0009967553705791943,0.0009967553705791943,0.0
contextual_bandit,806,595,105.91892353322638,100.63589111649284,29.19505136460066,76.72387229528559,1.6490738205611706,18061.4440574646,0.0,33.0,11.0,3.0,0.050000000000000044,0.00096442065841984,0.00096442065841984,0.0
contextual_bandit,806,596,101.78789867433532,101.08699588282312,28.533491656184196,73.254406451907,1.5994819272309542,17640.400604248047,0.0,28.0,18.0,1.0,0.050000000000000044,0.001016395752230892,0.001016395752230892,0.0
contextual_bandit,806,597,96.13836992801544,100.16032139608843,27.817461885511875,68.3209075656664,1.6092365747317672,17157.040084838867,0.0,29.0,4.0,3.0,0.050000000000000044,0.0012792848647222854,0.0012792848647222854,0.0
contextual_bandit,806,598,122.2146889923109,102.48311528899896,30.131132774055004,92.08355675469768,1.7012297110632062,18701.452375411987,0.0,34.0,33.0,2.0,0.050000000000000044,0.0011373990164429415,0.0011373990164429415,0.0
contextual_bandit,806,599,98.57269382216536,103.19917078490585,28.832451231777668,69.74024250098071,1.6023410093039274,17501.36926651001,0.0,29.0,27.0,1.0,0.050000000000000044,0.0010016408232331742,0.0010016408232331742,0.0
