variant,model_seed,episode,cost,rolling_cost,immediate_cost,penalty,energy_use,latency_ms,thermal_violation,energy_violation,queue_violation,contact_violation,epsilon,loss,td_loss,auxiliary_loss
contextual_bandit,814,0,126.18126167316927,126.18126167316927,41.059831604361534,85.12143012841241,1.8538875738158822,24911.744199752808,0.0,32.0,12.0,0.0,0.9954761904761905,,,
contextual_bandit,814,1,115.0489529311657,120.61510730216749,41.857169315218925,73.19178342223168,1.755554218776524,24023.556690216064,0.0,32.0,0.0,2.0,0.9909523809523809,1.4236043691635132,1.4236043691635132,0.0
contextual_bandit,814,2,98.32530103027821,113.1851718782044,36.50269541144371,61.822605365514754,1.7250503934919834,21989.045265197754,0.0,28.0,0.0,1.0,0.9864285714285714,1.183727577328682,1.183727577328682,0.0
contextual_bandit,814,3,206.01330884676895,136.39220612034552,45.01581762731075,160.9974910853477,1.9859640281647444,27045.278831481934,0.0,37.0,27.0,2.0,0.981904761904762,1.2054818607866764,1.2054818607866764,0.0
contextual_bandit,814,4,188.43465520448376,146.80069593717317,49.931068420410156,138.50358672446893,1.903903041034937,28482.04923248291,0.0,39.0,34.0,1.0,0.9773809523809524,1.3156507685780525,1.3156507685780525,0.0
contextual_bandit,814,5,113.11793005466461,141.18690162342173,38.6544079259038,74.46352182328701,1.7488754969090223,22899.47276687622,0.0,32.0,0.0,0.0,0.9728571428571429,1.2249837517738342,1.2249837517738342,0.0
contextual_bandit,814,6,106.29616650342942,136.20251089199425,35.31376722455025,70.98239926397801,1.730735206976533,21227.340606689453,0.0,31.0,0.0,1.0,0.9683333333333334,1.009994138032198,1.009994138032198,0.0
contextual_bandit,814,7,160.794888219057,139.2765580578771,45.18900842219591,115.60587982666341,1.9224277371540666,27006.96026611328,0.0,37.0,35.0,2.0,0.9638095238095238,0.9535995945334435,0.9535995945334435,0.0
contextual_bandit,814,8,149.03362123739697,140.3606761889349,36.749188646674156,112.2844326652286,1.8006578758358955,23145.95985031128,0.0,30.0,25.0,2.0,0.9592857142857143,0.8861166164278984,0.8861166164278984,0.0
contextual_bandit,814,9,115.08709259201005,137.8333178292424,34.609826132655144,80.47726671267466,1.7145506627857685,21183.210887908936,0.0,32.0,13.0,2.0,0.9547619047619048,0.7911487333476543,0.7911487333476543,0.0
contextual_bandit,814,10,112.25831623673439,135.50831768446895,37.1598314344883,75.09848459362983,1.7283727554604411,22201.82152557373,0.0,32.0,0.0,2.0,0.9502380952380952,0.6431138068437576,0.6431138068437576,0.0
contextual_bandit,814,11,100.84428741186858,132.61964849508558,34.71854253858328,66.12574524581433,1.6396617582067847,20326.077701568604,0.0,29.0,0.0,1.0,0.9457142857142857,0.4940945263952017,0.4940945263952017,0.0
contextual_bandit,814,12,116.20416045188904,131.3569186456089,41.87617652118206,74.32798418402672,1.7541608661413193,24252.94631767273,0.0,32.0,0.0,0.0,0.9411904761904761,0.3337383270263672,0.3337383270263672,0.0
contextual_bandit,814,13,114.59806699454785,130.1598578133903,43.542303904891014,71.05576235949994,1.8261880027130246,25233.376625061035,0.0,31.0,0.0,3.0,0.9366666666666666,0.23070874903351068,0.23070874903351068,0.0
contextual_bandit,814,14,163.79453135983718,132.40216938315342,42.2479792535305,121.54655200199852,1.8385488437488675,25164.168865203857,0.0,38.0,31.0,1.0,0.9321428571428572,0.18779434729367495,0.18779434729367495,0.0
contextual_bandit,814,15,108.95541532244108,130.93674725435886,37.929942548274994,71.02547264005564,1.7801670851185918,23310.76788330078,0.0,30.0,1.0,0.0,0.9276190476190476,0.1579404305666685,0.1579404305666685,0.0
contextual_bandit,814,16,104.77222234904767,129.39765755404645,34.58920143544674,70.18302057087422,1.6641112929210067,20782.31037902832,0.0,31.0,0.0,1.0,0.9230952380952381,0.13331041997298598,0.13331041997298598,0.0
contextual_bandit,814,17,102.8106411844492,127.92060108906882,34.64760972559452,68.16303142905235,1.6579150762408972,20464.260692596436,0.0,30.0,0.0,0.0,0.9185714285714286,0.12594838859513402,0.12594838859513402,0.0
contextual_bandit,814,18,120.08440060913563,127.50816948486181,40.95421305298805,79.1301866620779,1.7522339206188917,23344.688186645508,0.0,33.0,0.0,1.0,0.914047619047619,0.10567913856357336,0.10567913856357336,0.0
contextual_bandit,814,19,124.3059145512506,127.34805673818126,39.741942688822746,84.56397227966036,1.747783842496574,23313.51174545288,0.0,34.0,1.0,0.0,0.9095238095238095,0.09263671049848199,0.09263671049848199,0.0
contextual_bandit,814,20,106.8128302693367,126.37963516798963,36.78297504782677,70.02985560894012,1.6906403731554747,21639.074478149414,0.0,30.0,0.0,0.0,0.905,0.09510441776365042,0.09510441776365042,0.0
contextual_bandit,814,21,103.54489168524742,125.80443210569372,36.521595880389214,67.0232965350151,1.6734192380681634,21553.23398590088,0.0,28.0,0.0,1.0,0.9004761904761904,0.09661785885691643,0.09661785885691643,0.0
contextual_bandit,814,22,166.83846466492443,129.230090287426,44.5745058581233,122.26395914952779,1.903100112453103,26776.412788391113,0.0,37.0,26.0,0.0,0.895952380952381,0.0861835335381329,0.0861835335381329,0.0
contextual_bandit,814,23,110.50849381983281,124.45484953607922,35.9815883487463,74.52690606713296,1.7240928346291184,21774.676361083984,0.0,31.0,0.0,3.0,0.8914285714285715,0.08357484312728047,0.08357484312728047,0.0
contextual_bandit,814,24,135.0983442812712,121.78803398991859,39.363013222813606,95.73533114786458,1.8219880983233452,23767.056325912476,0.0,34.0,10.0,1.0,0.8869047619047619,0.07010595011524856,0.07010595011524856,0.0
contextual_bandit,814,25,93.72340197265149,120.81830758581793,32.459362015128136,61.26403986811638,1.5596991274505854,18943.231819152832,0.0,27.0,0.0,2.0,0.8823809523809524,0.06816461263224483,0.06816461263224483,0.0
contextual_bandit,814,26,144.46495564832105,122.7267470430625,40.335258424282074,104.12969697071925,1.8377522649243474,24563.129554748535,0.0,38.0,21.0,2.0,0.8778571428571429,0.0707213724963367,0.0707213724963367,0.0
contextual_bandit,814,27,171.90523626349065,123.2822644452842,41.80273072421551,130.1025058820018,1.9336169883608818,25653.423362731934,0.0,37.0,23.0,0.0,0.8733333333333333,0.07010439946316183,0.07010439946316183,0.0
contextual_bandit,814,28,130.1685471986896,122.33901074334884,41.13671889901161,89.03182780793966,1.820788947865367,24528.31979751587,0.0,35.0,8.0,1.0,0.8688095238095238,0.0591317352373153,0.0591317352373153,0.0
contextual_bandit,814,29,107.29198431223631,121.94925532936016,35.88632471114397,71.40566000342369,1.7132584108039737,21548.465488433838,0.0,31.0,0.0,0.0,0.8642857142857143,0.05267095030285418,0.05267095030285418,0.0
contextual_bandit,814,30,183.066742972977,125.48967666617227,45.81304122507572,137.25370149458152,1.9560779379680753,27183.11075592041,0.0,39.0,31.0,3.0,0.8597619047619047,0.04987562797032297,0.04987562797032297,0.0
contextual_bandit,814,31,124.00577463615258,126.64775102738648,36.76615810394287,87.23961644280276,1.7652621669694781,22255.786140441895,0.0,37.0,7.0,0.0,0.8552380952380952,0.0485506565310061,0.0485506565310061,0.0
contextual_bandit,814,32,126.66557938698554,127.17082197414129,41.0138404071331,85.6517389500501,1.7777344156056643,23810.709774017334,0.0,31.0,15.0,2.0,0.8507142857142858,0.04917403613217175,0.04917403613217175,0.0
contextual_bandit,814,33,110.06084151566029,126.94396070019691,34.38222208619118,75.67861844599247,1.7090517804026604,20978.225170135498,0.0,33.0,0.0,0.0,0.8461904761904762,0.04396019200794399,0.04396019200794399,0.0
contextual_bandit,814,34,117.70937685143691,124.6397029747769,41.999560818076134,75.70981551182015,1.850346613675356,25104.21725845337,0.0,32.0,9.0,0.0,0.8416666666666667,0.036628826754167676,0.036628826754167676,0.0
contextual_bandit,814,35,134.8298225476355,125.93342333603664,35.8848462253809,98.94497626264997,1.7379550505429506,21745.697227478027,0.0,35.0,25.0,0.0,0.8371428571428572,0.03955828840844333,0.03955828840844333,0.0
contextual_bandit,814,36,200.01319901901846,130.69547216953518,42.43359439820051,157.5796046357191,1.9096350399777293,25694.253772735596,0.0,35.0,34.0,1.0,0.8326190476190476,0.037910223472863436,0.037910223472863436,0.0
contextual_bandit,814,37,122.91721182087167,131.7008007013563,39.024697974324226,83.89251374223932,1.803214025683701,23546.11858177185,0.0,33.0,5.0,2.0,0.8280952380952381,0.036105764331296086,0.036105764331296086,0.0
contextual_bandit,814,38,118.07812462147287,131.60048690197317,38.74495182186365,79.33317309763244,1.8133821291849017,23873.486236572266,0.0,32.0,4.0,2.0,0.8235714285714286,0.04019655776210129,0.04019655776210129,0.0
contextual_bandit,814,39,188.401030750924,134.80524271195682,46.47806687653065,141.92296399360268,1.9524505771696568,27598.418228149414,0.0,38.0,32.0,2.0,0.819047619047619,0.0343400773126632,0.0343400773126632,0.0
contextual_bandit,814,40,163.96288350590712,137.66274537378533,42.43053764104843,121.53234586485864,1.8957117954269052,25083.20588684082,0.0,36.0,21.0,3.0,0.8145238095238095,0.0313201027456671,0.0313201027456671,0.0
contextual_bandit,814,41,215.40581935517153,143.25579175728151,43.65708630532026,171.7487330498513,1.9705810472369194,26717.905303955078,0.0,35.0,35.0,2.0,0.81,0.031571376137435436,0.031571376137435436,0.0
contextual_bandit,814,42,113.85026796460151,140.6063819222654,37.80669625103474,76.0435722053051,1.7332088937982917,22536.639709472656,0.0,33.0,0.0,2.0,0.8054761904761905,0.03141474979929626,0.03141474979929626,0.0
contextual_bandit,814,43,131.001887105816,141.63105158656455,45.940985813736916,85.06090087484655,1.8922298587858677,26993.262985229492,0.0,32.0,13.0,0.0,0.800952380952381,0.031668431125581264,0.031668431125581264,0.0
contextual_bandit,814,44,118.72714348921292,140.81249154696167,37.9842090010643,80.7429348457765,1.7822254728525877,23226.99591445923,0.0,31.0,9.0,1.0,0.7964285714285715,0.031209856853820384,0.031209856853820384,0.0
contextual_bandit,814,45,112.07365592569113,141.73000424461364,39.66250563412905,72.41115094721317,1.7568440800532699,23185.223848342896,0.0,30.0,0.0,2.0,0.7919047619047619,0.0262121285777539,0.0262121285777539,0.0
contextual_bandit,814,46,106.47282821801974,139.83039787309858,31.6129437610507,74.85988479969575,1.677937493659556,20213.669174194336,0.0,33.0,12.0,1.0,0.7873809523809524,0.02742039819713682,0.02742039819713682,0.0
contextual_bandit,814,47,116.20645881029351,137.0454590004387,33.71567375212908,82.49078536363824,1.7424187483265996,20519.77130317688,0.0,36.0,3.0,1.0,0.7828571428571429,0.024437287007458508,0.024437287007458508,0.0
contextual_bandit,814,48,120.92176781560924,136.58312003128472,41.63275457173586,79.28901363130358,1.8000515438616276,24143.123332977295,0.0,33.0,7.0,1.0,0.7783333333333333,0.024338174727745354,0.024338174727745354,0.0
contextual_bandit,814,49,160.8004490438055,139.25854326786316,40.14356949925423,120.65687969356293,1.864941855892539,24716.512870788574,0.0,36.0,33.0,0.0,0.7738095238095238,0.02418216603109613,0.02418216603109613,0.0
contextual_bandit,814,50,234.99670572759396,141.85504140559402,40.259576335549355,194.73712939204455,1.9442191598936915,25010.149005889893,0.0,36.0,36.0,1.0,0.7692857142857144,0.023274532635696232,0.023274532635696232,0.0
contextual_bandit,814,51,138.95452391315573,142.60247886944416,38.744752779603004,100.20977116335506,1.8749013282358646,24572.581119537354,0.0,34.0,22.0,0.0,0.7647619047619048,0.022402589092962444,0.022402589092962444,0.0
contextual_bandit,814,52,147.3484026547071,143.63662003283022,39.0277793854475,108.320623120248,1.8381922040134668,24036.244747161865,0.0,33.0,17.0,2.0,0.7602380952380953,0.020918106602039188,0.020918106602039188,0.0
contextual_bandit,814,53,129.18337896989445,144.59274690554193,38.133754193782806,91.04962464200119,1.7755438964813948,23218.35425567627,0.0,34.0,16.0,2.0,0.7557142857142858,0.01905358233489096,0.01905358233489096,0.0
contextual_bandit,814,54,115.51347458394685,144.48295179216743,37.59759233891964,77.91588220032372,1.7203242694959044,22424.657608032227,0.0,33.0,6.0,2.0,0.7511904761904762,0.02056063711643219,0.02056063711643219,0.0
contextual_bandit,814,55,102.42544753849506,142.8627330417104,37.74637904763222,64.6790686249733,1.6924122050404549,22210.24422454834,0.0,26.0,0.0,1.0,0.7466666666666667,0.017765607335604727,0.017765607335604727,0.0
contextual_bandit,814,56,118.31479313742916,138.77781274763095,38.79837999492884,79.51641303819224,1.7646058378741145,22969.158779144287,0.0,33.0,18.0,2.0,0.7421428571428572,0.016492912138346583,0.016492912138346583,0.0
contextual_bandit,814,57,105.1886562794447,137.8913849705596,33.544484965503216,71.64417173862458,1.6527691772207618,20347.869354248047,0.0,31.0,0.0,1.0,0.7376190476190476,0.01577307260595262,0.01577307260595262,0.0
contextual_bandit,814,58,111.80707286993865,137.57783238298288,36.396304577589035,75.4107682178438,1.7023253180086613,21826.337558746338,0.0,31.0,14.0,1.0,0.7330952380952381,0.016189895221032202,0.016189895221032202,0.0
contextual_bandit,814,59,130.38792089611542,134.67717689024246,34.63340264558792,95.7545179376031,1.7796940561383963,21701.08437728882,0.0,32.0,23.0,1.0,0.7285714285714286,0.014503114158287644,0.014503114158287644,0.0
contextual_bandit,814,60,152.04438945228557,134.08125218756138,40.29858982563019,111.74579989487626,1.845899011939764,24418.602966308594,0.0,35.0,28.0,2.0,0.724047619047619,0.014786962361540645,0.014786962361540645,0.0
contextual_bandit,814,61,106.04430061599868,128.61317625060272,37.38752722740173,68.65677285215514,1.7467299764975905,21981.470569610596,0.0,29.0,8.0,3.0,0.7195238095238095,0.01470673328731209,0.01470673328731209,0.0
contextual_bandit,814,62,149.20325107409303,130.3808254060773,44.542105071246624,104.66114621146268,1.866352491080761,26000.94790649414,0.0,34.0,18.0,1.0,0.7150000000000001,0.014265681500546634,0.014265681500546634,0.0
contextual_bandit,814,63,95.89591425657272,128.62552676361514,32.192420586943626,63.70349332690239,1.644271087832749,19561.892002105713,0.0,29.0,0.0,1.0,0.7104761904761905,0.013075417024083436,0.013075417024083436,0.0
contextual_bandit,814,64,127.18532583978495,129.04843588114377,39.85529950261116,87.33002681401096,1.8413688028231263,24155.14846420288,0.0,34.0,9.0,0.0,0.7059523809523809,0.012905239273095503,0.012905239273095503,0.0
contextual_bandit,814,65,116.40920159220695,129.26521316446957,37.168426901102066,79.24077540636063,1.7328121699392796,21962.31213951111,0.0,36.0,0.0,0.0,0.7014285714285715,0.012188423541374505,0.012188423541374505,0.0
contextual_bandit,814,66,120.76659406555274,129.97990145684622,38.853030145168304,81.9135633094368,1.8179558841511607,23850.43074798584,0.0,30.0,5.0,1.0,0.6969047619047619,0.012892026512417942,0.012892026512417942,0.0
contextual_bandit,814,67,103.99580623209476,129.36936882793628,35.16142240166664,68.83438283205032,1.740364346653223,21357.25355911255,0.0,28.0,0.0,0.0,0.6923809523809523,0.011878976016305387,0.011878976016305387,0.0
contextual_bandit,814,68,109.91438846179872,128.81899986024575,34.94078739732504,74.9736015860143,1.6869827518239617,20967.46975326538,0.0,31.0,9.0,0.0,0.687857142857143,0.011040649056667462,0.011040649056667462,0.0
contextual_bandit,814,69,137.9542487212096,127.67668984411596,39.134297385811806,98.8199514546071,1.8557727672159672,23907.44970703125,0.0,32.0,17.0,3.0,0.6833333333333333,0.011515468533616513,0.011515468533616513,0.0
contextual_bandit,814,70,179.54085419745158,124.90389726760884,41.09795279800892,138.44290139944263,1.8401081766933203,24322.720909118652,0.0,35.0,37.0,2.0,0.6788095238095238,0.010188982880208641,0.010188982880208641,0.0
contextual_bandit,814,71,177.20919124494634,126.81663063419838,40.93370784819126,136.27548339675508,1.8336518267169595,24897.820613861084,0.0,36.0,38.0,1.0,0.6742857142857144,0.010889123601373285,0.010889123601373285,0.0
contextual_bandit,814,72,118.3769070059061,125.3680558517583,43.314503982663155,75.06240326166153,1.7660456504672766,24422.989616394043,0.0,32.0,0.0,1.0,0.6697619047619048,0.010304148134309798,0.010304148134309798,0.0
contextual_bandit,814,73,99.25766691565514,123.87177024904634,35.59564058482647,63.66202574968338,1.7151328409090638,22170.265926361084,0.0,29.0,0.0,1.0,0.6652380952380952,0.010701595980208367,0.010701595980208367,0.0
contextual_bandit,814,74,144.36386462757415,125.31428975122769,39.670226991176605,104.69363765129872,1.8682673908770084,24159.183658599854,0.0,35.0,30.0,3.0,0.6607142857142857,0.00985887975548394,0.00985887975548394,0.0
contextual_bandit,814,75,116.43255200386048,126.01464497449597,40.24246998131275,76.19008212685586,1.7807898176833987,23903.25284576416,0.0,32.0,0.0,1.0,0.6561904761904762,0.010000557143939659,0.010000557143939659,0.0
contextual_bandit,814,76,101.82527999579906,125.19016931741446,34.729566603899,67.095713108778,1.62429812643677,20201.92670440674,0.0,30.0,0.0,1.0,0.6516666666666667,0.00893286513746716,0.00893286513746716,0.0
contextual_bandit,814,77,145.87274583565687,127.22437379522508,35.99959394335747,109.87315166878193,1.8201242173090577,23348.330982208252,0.0,30.0,23.0,2.0,0.6471428571428571,0.010205603786744177,0.010205603786744177,0.0
contextual_bandit,814,78,118.6136039397815,127.56470034871725,38.357446536421776,80.25615710533648,1.7846998181194067,22746.862426757812,0.0,32.0,11.0,3.0,0.6426190476190476,0.008974344236776233,0.008974344236776233,0.0
contextual_bandit,814,79,101.89671875536442,126.14014024167969,35.63933868706226,66.25737953186035,1.6545275785028934,20988.519660949707,0.0,28.0,0.0,1.0,0.6380952380952382,0.008322850539116189,0.008322850539116189,0.0
contextual_bandit,814,80,122.96460451435354,124.68615099478306,37.56789977103472,85.39670478057172,1.785309144295752,23002.876665115356,0.0,31.0,12.0,1.0,0.6335714285714286,0.00844845615210943,0.00844845615210943,0.0
contextual_bandit,814,81,115.68611942650658,125.16824193530847,36.07830810546875,79.60781085910185,1.7269544806331396,21767.859272003174,0.0,33.0,7.0,1.0,0.6290476190476191,0.008561215887311846,0.008561215887311846,0.0
contextual_bandit,814,82,146.90551616006545,125.05335518960707,38.66085782647133,108.24465839319876,1.8207349441945553,24001.35912322998,0.0,34.0,30.0,0.0,0.6245238095238095,0.008448330976534635,0.008448330976534635,0.0
contextual_bandit,814,83,107.35717657185188,125.62641830537105,32.750935949385166,74.60624063736788,1.6694581853225827,20081.27320098877,0.0,32.0,13.0,3.0,0.62,0.00781543122138828,0.00781543122138828,0.0
contextual_bandit,814,84,115.21305959769884,125.02780499326673,38.45762738585472,76.7554321522395,1.744297000579536,23043.76377105713,0.0,28.0,14.0,0.0,0.6154761904761905,0.008041199063882232,0.008041199063882232,0.0
contextual_bandit,814,85,112.696542853117,124.84217205631224,36.679721400141716,76.01682170629502,1.7257084008306265,21633.060455322266,0.0,32.0,0.0,2.0,0.6109523809523809,0.008047769631957635,0.008047769631957635,0.0
contextual_bandit,814,86,138.21918448087945,125.71480157707856,34.73559308052063,103.48359129605069,1.853851541876793,22385.748558044434,0.0,34.0,27.0,0.0,0.6064285714285714,0.007447587850037962,0.007447587850037962,0.0
contextual_bandit,814,87,118.28058713915807,126.42904062243171,35.109344854950905,83.17124215009675,1.716372617520392,21506.986587524414,0.0,30.0,23.0,1.0,0.6019047619047619,0.006834397296188399,0.006834397296188399,0.0
contextual_bandit,814,88,140.05374892596876,127.93600864564023,35.564993396401405,104.48875570838129,1.7495696460828185,21916.850158691406,0.0,35.0,23.0,1.0,0.5973809523809523,0.008932255412219092,0.008932255412219092,0.0
contextual_bandit,814,89,135.98839827556824,127.83771612335815,39.691572949290276,96.29682547528957,1.8315922925248742,24250.18878555298,0.0,37.0,22.0,3.0,0.592857142857143,0.006971474038437009,0.006971474038437009,0.0
contextual_bandit,814,90,151.08102587348927,126.41472470716003,34.46433235704899,116.6166936356496,1.7718406962230802,21858.023513793945,0.0,36.0,19.0,1.0,0.5883333333333334,0.007676070265006274,0.007676070265006274,0.0
contextual_bandit,814,91,108.2410788923502,122.96631908953024,34.12298849225044,74.11809048950673,1.6513079246506095,20172.678939819336,0.0,32.0,0.0,1.0,0.5838095238095238,0.006624483416089788,0.006624483416089788,0.0
contextual_bandit,814,92,102.3540063649416,122.16517405748202,29.12488305568695,73.22912345826626,1.6506532495841384,18637.649654388428,0.0,31.0,0.0,0.0,0.5792857142857144,0.008946626738179475,0.008946626738179475,0.0
contextual_bandit,814,93,113.38091423778312,122.87133642358842,37.95303164422512,75.42788263081088,1.7960477462038398,23169.15483856201,0.0,28.0,8.0,1.0,0.5747619047619048,0.007495376339647919,0.007495376339647919,0.0
contextual_bandit,814,94,114.98358388245106,121.40232238633227,34.645267993211746,80.33831638097763,1.7069953186437488,21149.979179382324,0.0,33.0,0.0,2.0,0.5702380952380952,0.007162841182434931,0.007162841182434931,0.0
contextual_bandit,814,95,102.9353045374155,120.72746001301002,33.95422042906284,68.98108407855034,1.6736975274980068,20533.147075653076,0.0,31.0,0.0,0.0,0.5657142857142857,0.006862405105493963,0.006862405105493963,0.0
contextual_bandit,814,96,111.77261580000672,121.22482680322041,35.46292155981064,76.30969397197516,1.7272278117015958,21543.057907104492,0.0,30.0,8.0,1.0,0.5611904761904762,0.0065038819157052785,0.0065038819157052785,0.0
contextual_bandit,814,97,107.33679479692394,119.29802925128377,28.90678672492504,78.43000831041748,1.632005381397903,17948.234439849854,0.0,28.0,21.0,3.0,0.5566666666666666,0.006240604037884623,0.006240604037884623,0.0
contextual_bandit,814,98,96.48084523685516,118.19139131613744,31.14141196012497,65.3394330085093,1.6277940850704908,19357.723472595215,0.0,29.0,3.0,0.0,0.5521428571428572,0.006463675672421232,0.006463675672421232,0.0
contextual_bandit,814,99,115.91453763431102,118.89228226008477,34.868240624666214,81.04629706924945,1.7385034477338195,21295.365520477295,0.0,29.0,15.0,3.0,0.5476190476190477,0.007030184962786734,0.007030184962786734,0.0
contextual_bandit,814,100,106.31559353470803,118.05983171110248,31.871716812253,74.44387736320496,1.6344229904934764,19153.691902160645,0.0,34.0,0.0,1.0,0.5430952380952381,0.006146628496935591,0.006146628496935591,0.0
contextual_bandit,814,101,105.33387860655785,117.54221967010506,34.984658032655716,70.34922114014626,1.6660501966252923,20899.74493408203,0.0,32.0,0.0,0.0,0.5385714285714286,0.00605860844370909,0.00605860844370909,0.0
contextual_bandit,814,102,87.60435436666012,114.57716158043479,28.595382183790207,59.00897270441055,1.5318300602957606,17664.772201538086,0.0,25.0,0.0,0.0,0.5340476190476191,0.006651852338109165,0.006651852338109165,0.0
contextual_bandit,814,103,100.07382490861885,114.21299399727316,34.69971352815628,65.37411094832889,1.7090885359793901,21042.5874710083,0.0,29.0,2.0,1.0,0.5295238095238095,0.0058327605947852135,0.0058327605947852135,0.0
contextual_bandit,814,104,122.18488708459785,114.5615853716181,35.03130416572094,87.15358333610942,1.7805251646786928,21529.569343566895,0.0,35.0,9.0,2.0,0.525,0.0059446897357702255,0.0059446897357702255,0.0
contextual_bandit,814,105,130.72847840551617,115.46318214923804,36.793262392282486,93.93521616224528,1.7810029676184058,22259.390644073486,0.0,34.0,21.0,1.0,0.5204761904761905,0.006396027747541666,0.006396027747541666,0.0
contextual_bandit,814,106,147.0273026877015,115.90358805957915,38.212799832224846,108.81450288527901,1.7959086494520307,22970.983028411865,0.0,36.0,29.0,2.0,0.5159523809523809,0.006690928552416153,0.006690928552416153,0.0
contextual_bandit,814,107,172.87605172886236,118.6333612890644,36.61551162600517,136.26054010285722,1.8001207914203405,22155.19976043701,0.0,38.0,38.0,0.0,0.5114285714285716,0.007389682359644212,0.007389682359644212,0.0
contextual_bandit,814,108,87.00565412044526,115.98095654878821,30.826328858733177,56.17932533621788,1.5483377669006586,19018.11845779419,0.0,27.0,0.0,1.0,0.506904761904762,0.006022162866429426,0.006022162866429426,0.0
contextual_bandit,814,109,128.9901693378047,115.63104510190001,35.57296647876501,93.41720311235947,1.7481703786179423,21683.251762390137,0.0,33.0,23.0,0.0,0.5023809523809524,0.005996889725793153,0.005996889725793153,0.0
contextual_bandit,814,110,143.0453674764013,115.22926218204562,34.41800180822611,108.62736569797752,1.7605695817619562,21672.67903137207,0.0,34.0,30.0,0.0,0.4978571428571429,0.006208382284967229,0.006208382284967229,0.0
contextual_bandit,814,111,101.27153813733987,114.8807851442951,31.921831347048283,69.34970646246603,1.6375669417902827,19666.42618560791,0.0,30.0,14.0,1.0,0.4933333333333334,0.005758422979852185,0.005758422979852185,0.0
contextual_bandit,814,112,116.49860421080707,115.58801503658837,35.57858246564865,80.92002159614681,1.7722439505159855,21679.024883270264,0.0,33.0,2.0,0.0,0.4888095238095238,0.005707490548957139,0.005707490548957139,0.0
contextual_bandit,814,113,109.4986221547111,115.39390043243478,34.48016372323036,75.01845835697492,1.6801311913877726,20531.73867034912,0.0,33.0,8.0,1.0,0.4842857142857143,0.006182441080454737,0.006182441080454737,0.0
contextual_bandit,814,114,108.5158952921629,115.07051600292034,35.317776784300804,73.19811818003654,1.670287499204278,20689.20612335205,0.0,32.0,0.0,0.0,0.4797619047619047,0.005420768284238875,0.005420768284238875,0.0
contextual_bandit,814,115,117.88929691638258,115.81821562186872,33.90007068961859,83.98922617460993,1.697973839007318,21184.80919265747,0.0,31.0,20.0,1.0,0.47523809523809524,0.004837469328776933,0.004837469328776933,0.0
contextual_bandit,814,116,108.26020724311026,115.6425951940239,33.79995195567608,74.46025520547778,1.6871704505756497,20644.526725769043,0.0,32.0,14.0,1.0,0.47071428571428575,0.005963523377431557,0.005963523377431557,0.0
contextual_bandit,814,117,160.84791281596088,118.31815109497578,39.57752884924412,121.27038386240862,1.8378019267693162,23750.333305358887,0.0,36.0,34.0,0.0,0.46619047619047627,0.004890991403954104,0.004890991403954104,0.0
contextual_bandit,814,118,104.3779088512063,118.71300427569331,35.08231823146343,69.29559014290571,1.6704123681411147,20868.624320983887,0.0,30.0,0.0,2.0,0.46166666666666667,0.005330874089850113,0.005330874089850113,0.0
contextual_bandit,814,119,81.76652064323426,117.00560342613949,26.12075800448656,55.6457622885704,1.5489696552976966,16427.145092010498,0.0,25.0,0.0,2.0,0.4571428571428572,0.005457116523757577,0.005457116523757577,0.0
contextual_bandit,814,120,110.64164517223836,117.22190600801598,36.33842417597771,74.3032203257084,1.7278439663350582,21712.58637237549,0.0,32.0,0.0,2.0,0.4526190476190477,0.004593904479406774,0.004593904479406774,0.0
contextual_bandit,814,121,135.0135286508067,118.70588851022842,37.541466161608696,97.4720626084073,1.8089155787602067,22553.582847595215,0.0,34.0,16.0,2.0,0.4480952380952381,0.004431903915246949,0.004431903915246949,0.0
contextual_bandit,814,122,107.38031484324637,119.69468653405772,32.34468087553978,75.0356340720147,1.6464264718815684,19591.55146408081,0.0,32.0,1.0,1.0,0.4435714285714286,0.00560253590811044,0.00560253590811044,0.0
contextual_bandit,814,123,105.14991097897291,119.94849083757542,35.165538780391216,69.98437215387821,1.7019893862307072,21160.501350402832,0.0,31.0,0.0,0.0,0.439047619047619,0.005145366449141875,0.005145366449141875,0.0
contextual_bandit,814,124,107.07266315419355,119.1928796410552,33.22260142862797,73.85006160635629,1.6460370356217027,19533.32135772705,0.0,32.0,1.0,1.0,0.43452380952380953,0.005432264762930572,0.005432264762930572,0.0
contextual_bandit,814,125,124.5118927165831,118.88205035660856,33.17675502598286,91.33513769060022,1.7274445686489344,20638.21323776245,0.0,32.0,30.0,0.0,0.43000000000000005,0.005123614755575545,0.005123614755575545,0.0
contextual_bandit,814,126,140.19691255346524,118.54053084989675,38.26454617083073,101.93236678496584,1.8456524070352316,23332.855533599854,0.0,35.0,26.0,0.0,0.42547619047619056,0.005124115647049621,0.005124115647049621,0.0
contextual_bandit,814,127,102.56043718225186,115.02475012256623,32.03699581325054,70.52344142860595,1.6506350729614496,19651.00945663452,0.0,30.0,10.0,1.0,0.42095238095238097,0.0060992210055701435,0.0060992210055701435,0.0
contextual_bandit,814,128,128.97904039206713,117.12341943614732,36.22910329699516,92.74993708017085,1.7501838048920035,21678.15461730957,0.0,35.0,26.0,1.0,0.41642857142857137,0.004783244454301894,0.004783244454301894,0.0
contextual_bandit,814,129,169.4194971007406,119.14488582429411,41.242691323161125,128.17680571797484,1.8490901663899422,24355.078853607178,0.0,35.0,29.0,5.0,0.4119047619047619,0.004852476311498322,0.004852476311498322,0.0
contextual_bandit,814,130,125.54305885497403,118.26977039322273,34.921859323978424,90.62119915846658,1.7403654037043452,20983.973205566406,0.0,34.0,21.0,2.0,0.4073809523809524,0.004551744175842032,0.004551744175842032,0.0
contextual_bandit,814,131,101.68711595893996,118.29054928430276,34.39811074733734,67.28900504768984,1.6296674273908138,21088.596813201904,0.0,27.0,6.0,1.0,0.4028571428571429,0.004041086431243457,0.004041086431243457,0.0
contextual_bandit,814,132,89.87974979877472,116.95960656370114,30.935710176825523,58.944039502739905,1.5474882051348686,18139.48664855957,0.0,27.0,0.0,1.0,0.39833333333333343,0.004516718166996725,0.004516718166996725,0.0
contextual_bandit,814,133,116.83532950488602,117.32644193120989,32.730680763721466,84.10464848784478,1.6837512832134962,20433.95705795288,0.0,30.0,19.0,2.0,0.39380952380952383,0.005176549966563471,0.005176549966563471,0.0
contextual_bandit,814,134,117.7979599356685,117.79054516338518,33.76280929893255,84.0351507708464,1.7388424724340439,20637.186416625977,0.0,35.0,9.0,0.0,0.38928571428571423,0.004567536379909143,0.004567536379909143,0.0
contextual_bandit,814,135,101.64754745372491,116.97845769025233,29.975161775946617,71.67238527544694,1.6753027234226465,18707.98303604126,0.0,31.0,5.0,1.0,0.38476190476190475,0.0041266242624260485,0.0041266242624260485,0.0
contextual_bandit,814,136,95.72834760844708,116.35186470851913,29.653098292648792,66.07524897307158,1.5946780843660235,18305.447101593018,0.0,27.0,0.0,2.0,0.38023809523809526,0.005810916976770386,0.005810916976770386,0.0
contextual_bandit,814,137,132.01186078389705,114.91006210691596,39.51604478061199,92.49581653972687,1.8187654614448547,23803.887203216553,0.0,35.0,12.0,3.0,0.3757142857142858,0.004776310874149203,0.004776310874149203,0.0
contextual_bandit,814,138,97.07372882962227,114.54485310583672,29.28212209790945,67.79160644114017,1.570257087238133,17632.521774291992,0.0,31.0,0.0,1.0,0.3711904761904763,0.004431394161656499,0.004431394161656499,0.0
contextual_bandit,814,139,94.31138151884079,115.17209614961708,32.09698422253132,62.214396834373474,1.58031836617738,19152.21432876587,0.0,27.0,0.0,0.0,0.3666666666666667,0.004149471351411194,0.004149471351411194,0.0
contextual_bandit,814,140,91.55928921971095,114.21797835199068,28.056425988674164,63.50286384198441,1.6086669443175197,17868.658535003662,0.0,29.0,8.0,3.0,0.3621428571428572,0.004449279513210058,0.004449279513210058,0.0
contextual_bandit,814,141,103.4519332125783,112.63989858007929,31.093681521713734,72.3582518696785,1.6547954147681594,19056.29564666748,0.0,31.0,0.0,0.0,0.3576190476190476,0.004853816863032989,0.004853816863032989,0.0
contextual_bandit,814,142,88.30346475541592,111.68605607568774,28.32145193219185,59.982013404369354,1.5976878060027957,17788.353057861328,0.0,28.0,0.0,0.0,0.35309523809523813,0.004171211287030019,0.004171211287030019,0.0
contextual_bandit,814,143,101.94779348471499,111.52595020097485,32.05395196378231,69.89384174445009,1.6900627883151174,19651.339950561523,0.0,29.0,5.0,2.0,0.34857142857142864,0.004063241969561204,0.004063241969561204,0.0
contextual_bandit,814,144,161.67867968752566,114.25625102764145,39.8723833411932,121.80629643573944,1.874209187924862,24318.388317108154,0.0,35.0,26.0,1.0,0.34404761904761905,0.005432512451079674,0.005432512451079674,0.0
contextual_bandit,814,145,159.90833799327518,116.02607329147608,38.025113835930824,121.88322424675133,1.8703967547044158,23479.46340560913,0.0,35.0,29.0,2.0,0.33952380952380956,0.0038429632113547996,0.0038429632113547996,0.0
contextual_bandit,814,146,105.2869153075543,114.28057342918052,31.99755821377039,73.28935685536533,1.6599128162488341,19394.841747283936,0.0,29.0,12.0,4.0,0.3350000000000001,0.005266824489808641,0.005266824489808641,0.0
contextual_bandit,814,147,95.00478513538837,113.90279082683735,31.928978443145752,63.07580615580082,1.6254568034783006,19169.914833068848,0.0,28.0,0.0,1.0,0.3304761904761905,0.004060990351717919,0.004060990351717919,0.0
contextual_bandit,814,148,96.64028123833465,112.28585286915072,30.625859521329403,66.01442206718254,1.6395570244640112,18849.53938293457,0.0,28.0,3.0,5.0,0.325952380952381,0.004397899072500877,0.004397899072500877,0.0
contextual_bandit,814,149,111.22424780896127,109.37609040456175,34.11632326245308,77.10792477002555,1.6983825797215104,20667.401943206787,0.0,29.0,15.0,1.0,0.3214285714285714,0.004323152534198016,0.004323152534198016,0.0
contextual_bandit,814,150,121.8001159443813,109.18894325903209,35.400156661868095,86.39995922290856,1.7645121105015278,21341.899864196777,0.0,33.0,13.0,1.0,0.3169047619047619,0.004129624110646546,0.004129624110646546,0.0
contextual_bandit,814,151,102.90933370155804,109.25005414616301,33.47142697870731,69.4379060373973,1.6957120401784778,20729.372192382812,0.0,28.0,7.0,0.0,0.3123809523809524,0.004522290750173852,0.004522290750173852,0.0
contextual_bandit,814,152,104.34844125729092,109.97348871908885,27.742349721491337,76.60609141659029,1.5929903220385313,17180.251152038574,0.0,31.0,14.0,3.0,0.30785714285714294,0.004100659643881954,0.004100659643881954,0.0
contextual_bandit,814,153,99.16847120944328,109.09014580431669,31.88588958978653,67.2825813067324,1.6895856941118836,19908.921325683594,0.0,29.0,13.0,4.0,0.30333333333333345,0.004999355223844759,0.004999355223844759,0.0
contextual_bandit,814,154,125.13806425865305,109.45715102046593,34.07282906770706,91.06523516114365,1.7216999232769012,20043.002243041992,0.0,36.0,26.0,3.0,0.29880952380952375,0.005352920270524919,0.005352920270524919,0.0
contextual_bandit,814,155,113.84623343336719,110.06708531944803,32.37655384093523,81.46967949557443,1.692820600233972,19647.400749206543,0.0,34.0,8.0,2.0,0.29428571428571426,0.004274042381439358,0.004274042381439358,0.0
contextual_bandit,814,156,118.10763148122513,111.18604951308696,35.482721745967865,82.62490945213523,1.7354273432865739,21120.23769378662,0.0,35.0,11.0,3.0,0.2897619047619048,0.004711804125690833,0.004711804125690833,0.0
contextual_bandit,814,157,114.88071547353104,110.32949224756862,29.618229143321514,85.26248636001185,1.629173332825303,18681.75942993164,0.0,31.0,25.0,2.0,0.2852380952380953,0.004040836050990038,0.004040836050990038,0.0
contextual_bandit,814,158,125.05416715173803,111.72851416367442,31.366137355566025,93.68802994518363,1.7025861162692308,19169.709743499756,0.0,32.0,25.0,3.0,0.2807142857142858,0.004340957515523769,0.004340957515523769,0.0
contextual_bandit,814,159,96.53878223896027,111.83988419968038,32.04781560599804,64.49096716940403,1.592722361907363,19620.938549041748,0.0,29.0,0.0,1.0,0.2761904761904763,0.004948813890223391,0.004948813890223391,0.0
contextual_bandit,814,160,90.74122997830054,111.79898123760987,29.429169572889805,61.31205987641951,1.6130902413278818,18757.101432800293,0.0,26.0,1.0,3.0,0.2716666666666666,0.004223640076816082,0.004223640076816082,0.0
contextual_bandit,814,161,122.39333643144846,112.74605139855339,35.25677241384983,87.13656464344743,1.746059963479638,20910.901653289795,0.0,31.0,19.0,3.0,0.2671428571428571,0.003988285199739039,0.003988285199739039,0.0
contextual_bandit,814,162,102.17543246882835,113.43964978422397,33.79173716157675,68.3836956052748,1.7214054055511951,20720.15675354004,0.0,30.0,3.0,1.0,0.26261904761904764,0.003770220704609528,0.003770220704609528,0.0
contextual_bandit,814,163,97.71632350981236,113.22807628547885,31.15733002126217,66.55899381637573,1.5978363268077374,18760.94206237793,0.0,28.0,0.0,1.0,0.25809523809523816,0.003302869401522912,0.003302869401522912,0.0
contextual_bandit,814,164,167.74053026142565,113.53116881417388,34.33991402387619,133.40061623754943,1.859136582352221,21590.58425140381,0.0,32.0,30.0,3.0,0.25357142857142867,0.004413875809404999,0.004413875809404999,0.0
contextual_bandit,814,165,90.95482802540064,110.08349331578015,30.894833393394947,60.059994453191756,1.6137643186375499,19063.26596069336,0.0,26.0,0.0,2.0,0.24904761904761907,0.0037575015157926828,0.0037575015157926828,0.0
contextual_bandit,814,166,88.55112179517747,109.24670364016131,26.51471695303917,62.036405408382414,1.5725491279736161,16799.178031921387,0.0,28.0,0.0,2.0,0.2445238095238096,0.005267556443868671,0.005267556443868671,0.0
contextual_bandit,814,167,127.72580714708315,110.88275474074605,33.227800741791725,94.4980064201926,1.706704841926694,20381.970008850098,0.0,31.0,28.0,3.0,0.24,0.005051800857472699,0.005051800857472699,0.0
contextual_bandit,814,168,106.74349059555773,111.38791520860721,28.170573249459267,78.57291697356946,1.5706854816526175,17298.73936843872,0.0,29.0,20.0,4.0,0.2354761904761905,0.0038040255967644043,0.0038040255967644043,0.0
contextual_bandit,814,169,102.50242882740577,110.95182425952942,30.188738003373146,72.31369082403262,1.6551660411059856,18464.39347076416,0.0,31.0,9.0,1.0,0.23095238095238102,0.004804584707017057,0.004804584707017057,0.0
contextual_bandit,814,170,103.1917347080561,110.02140519771315,33.73180019855499,69.45993443499529,1.7133180228993297,20966.38052368164,0.0,28.0,4.0,3.0,0.22642857142857142,0.00376753973250743,0.00376753973250743,0.0
contextual_bandit,814,171,118.25353451326868,110.78861523829869,36.333331026136875,81.92020389691373,1.7129095066338778,21712.790462493896,0.0,34.0,2.0,3.0,0.22190476190476194,0.004243242554366589,0.004243242554366589,0.0
contextual_bandit,814,172,83.3268881380558,109.73753758233693,26.56670019030571,56.7601882904768,1.5552933746948838,16799.322875976562,0.0,27.0,0.0,2.0,0.21738095238095245,0.0032188996265176684,0.0032188996265176684,0.0
contextual_bandit,814,173,103.44488354292604,109.95135819901108,31.203062996268272,72.24182079997752,1.6579716121777892,18852.83905029297,0.0,30.0,11.0,2.0,0.21285714285714286,0.0038176658272277564,0.0038176658272277564,0.0
contextual_bandit,814,174,105.63375629186314,108.97614280067157,28.253206811845303,77.380549725887,1.611564926803112,17739.865341186523,0.0,34.0,7.0,3.0,0.20833333333333337,0.004790530671016313,0.004790530671016313,0.0
contextual_bandit,814,175,92.8913915092748,107.92840070446695,26.637386806309223,66.25400476257022,1.5534911109134555,17048.29305267334,0.0,30.0,16.0,1.0,0.20380952380952377,0.0032948871521512046,0.0032948871521512046,0.0
contextual_bandit,814,176,157.9851898390313,109.92227862235725,33.87551914155483,124.10967069747645,1.7658004919067025,20453.327110290527,0.0,35.0,43.0,3.0,0.1992857142857143,0.0039947064651641995,0.0039947064651641995,0.0
contextual_bandit,814,177,97.53552350861587,109.05501902411152,29.17162947356701,68.36389349860707,1.6468191090971231,18094.89462661743,0.0,28.0,1.0,0.0,0.1947619047619048,0.0041985761490650475,0.0041985761490650475,0.0
contextual_bandit,814,178,114.08660585810016,108.50664095942962,30.76902813464403,83.31757770855496,1.6399969458580017,18834.059001922607,0.0,32.0,33.0,6.0,0.19023809523809532,0.004825698721106164,0.004825698721106164,0.0
contextual_bandit,814,179,100.97442070376873,108.72842288267005,30.38682284206152,70.58759859186411,1.642369231209159,18665.638513565063,0.0,30.0,3.0,3.0,0.18571428571428583,0.005110385318403132,0.005110385318403132,0.0
contextual_bandit,814,180,108.57812306563986,109.620267537037,30.04822628200054,78.52989700715673,1.6243558079004288,18476.748388290405,0.0,32.0,22.0,2.0,0.18119047619047624,0.004808980229427107,0.004808980229427107,0.0
contextual_bandit,814,181,109.12691202755843,108.9569463168425,28.017306685447693,81.10960538681422,1.6248424928635359,17744.06329345703,0.0,33.0,24.0,3.0,0.17666666666666664,0.0035464410175336525,0.0035464410175336525,0.0
contextual_bandit,814,182,88.37106838822365,108.26672811281226,27.7759380787611,60.59513038396835,1.5994238434359431,17936.44899368286,0.0,25.0,0.0,1.0,0.17214285714285715,0.0043857433629455045,0.0043857433629455045,0.0
contextual_bandit,814,183,140.90981579100594,110.42640272687194,33.00763402879238,107.90218176221356,1.7583048976957798,20415.883140563965,0.0,38.0,37.0,2.0,0.16761904761904767,0.004419877732289024,0.004419877732289024,0.0
contextual_bandit,814,184,108.81372708557633,107.48006256807946,30.566195122897625,78.24753194777756,1.6994384219869971,19011.32950592041,0.0,31.0,19.0,1.0,0.16309523809523818,0.0040147860563592985,0.0040147860563592985,0.0
contextual_bandit,814,185,83.36505828201771,107.10057408091033,24.038386918604374,59.32667154967785,1.4937643986195326,15465.236961364746,0.0,26.0,0.0,2.0,0.1585714285714287,0.0043807837791973725,0.0043807837791973725,0.0
contextual_bandit,814,186,92.59424596475928,107.30273028938943,28.045009210705757,64.54923688816397,1.6241474403068423,17954.570350646973,0.0,29.0,7.0,2.0,0.1540476190476191,0.0037968479737173766,0.0037968479737173766,0.0
contextual_bandit,814,187,113.5439443014581,106.59363714710817,33.045958548784256,80.49798588678429,1.7105615213513374,20258.696411132812,0.0,32.0,7.0,3.0,0.1495238095238095,0.003971844882471487,0.003971844882471487,0.0
contextual_bandit,814,188,129.4589568835833,107.72941046150945,34.48076015710831,94.97819657746341,1.7589924028143287,20904.889762878418,0.0,33.0,27.0,2.0,0.14500000000000002,0.004722081052022986,0.004722081052022986,0.0
contextual_bandit,814,189,97.33071185759917,107.47082461301912,27.121624134480953,70.20908792428389,1.5458492618054152,16441.74924468994,0.0,31.0,9.0,3.0,0.14047619047619053,0.0043168538104509935,0.0043168538104509935,0.0
contextual_bandit,814,190,94.35005392035976,107.02874057363431,31.527985885739326,62.82206797501577,1.6696087326854467,19319.14793395996,0.0,29.0,1.0,3.0,0.13595238095238105,0.003990115394117311,0.003990115394117311,0.0
contextual_bandit,814,191,134.430620641808,107.83759488006126,35.10447508096695,99.32614559064338,1.7897398956120014,21107.570667266846,0.0,36.0,37.0,4.0,0.13142857142857145,0.00408429121307563,0.00408429121307563,0.0
contextual_bandit,814,192,97.33461216929535,108.53798108162326,28.678074672818184,68.65653760078531,1.6083233784884214,18064.82208633423,0.0,26.0,17.0,0.0,0.12690476190476196,0.0037597644404741004,0.0037597644404741004,0.0
contextual_bandit,814,193,99.50096638447215,108.34078522370055,29.250011943280697,70.25095467961003,1.628929840400815,18096.858432769775,0.0,30.0,10.0,2.0,0.12238095238095237,0.0036711979046231136,0.0036711979046231136,0.0
contextual_bandit,814,194,117.35137255935285,108.92666603707505,30.625072181224823,86.72630036322684,1.6321908636018634,18547.588245391846,0.0,35.0,19.0,1.0,0.11785714285714288,0.004491338098887354,0.004491338098887354,0.0
contextual_bandit,814,195,71.24733377397061,107.84446315030982,25.383482947945595,45.86385072171688,1.5338042611256242,16351.3616065979,0.0,22.0,0.0,2.0,0.1133333333333334,0.00341704158927314,0.00341704158927314,0.0
contextual_bandit,814,196,99.26104878366176,104.90825609754135,30.99702127277851,68.2640278685111,1.677239771001041,18939.844120025635,0.0,30.0,8.0,0.0,0.1088095238095238,0.004129338376515079,0.004129338376515079,0.0
contextual_bandit,814,197,83.55708629786969,104.20933423700406,24.872532665729523,58.68455375134945,1.518406574614346,15872.4895362854,0.0,26.0,0.0,2.0,0.10428571428571431,0.0037870859232498333,0.0037870859232498333,0.0
contextual_bandit,814,198,97.95257337496109,103.4026326128471,30.40964588522911,67.54292713210411,1.6383377900347114,18809.414947509766,0.0,28.0,16.0,2.0,0.09976190476190483,0.0035084838600596413,0.0035084838600596413,0.0
contextual_bandit,814,199,124.42327549952044,104.57507535263468,31.077924877405167,93.34535062211528,1.6855069221928716,19288.859245300293,0.0,33.0,35.0,3.0,0.09523809523809534,0.0032301243336405605,0.0032301243336405605,0.0
contextual_bandit,814,200,95.09362274385235,103.90085033654529,26.41181092709303,68.68181160069248,1.5676804827526212,16920.568952560425,0.0,28.0,16.0,0.0,0.09071428571428575,0.0039011727640172467,0.0039011727640172467,0.0
contextual_bandit,814,201,116.30873151551421,104.2599413109431,29.001372300088406,87.3073593048328,1.6446815254166722,17776.070541381836,0.0,32.0,28.0,0.0,0.08619047619047626,0.0038104812265373766,0.0038104812265373766,0.0
contextual_bandit,814,202,90.93263131044404,104.38801945705411,27.308068424463272,63.624563124399366,1.6198052419349551,17304.884286880493,0.0,25.0,14.0,3.0,0.08166666666666667,0.003371826183865778,0.003371826183865778,0.0
contextual_bandit,814,203,94.50197237336717,102.06762728617217,29.324193596839905,65.1777788361319,1.6070213792845607,17964.80989074707,0.0,27.0,19.0,3.0,0.07714285714285718,0.004152921123022679,0.004152921123022679,0.0
contextual_bandit,814,204,99.22527143649755,101.58820450371823,28.351078242063522,70.8741933285445,1.6107093142345548,17630.654747009277,0.0,30.0,10.0,0.0,0.0726190476190477,0.004110607114853337,0.004110607114853337,0.0
contextual_bandit,814,205,99.39843158493305,102.38987316886399,28.612050771713257,70.78638100693489,1.6398834297433496,17757.413358688354,0.0,30.0,2.0,1.0,0.06809523809523821,0.004136828370974399,0.004136828370974399,0.0
contextual_bandit,814,206,86.26662725359202,102.07349223330563,27.190685234963894,59.0759425252676,1.5906070936471224,17327.063053131104,0.0,25.0,0.0,4.0,0.06357142857142861,0.004802234776434489,0.004802234776434489,0.0
contextual_bandit,814,207,109.73861202734224,101.88322561959984,30.03518033027649,79.70343163746112,1.6906898999586701,18668.470390319824,0.0,30.0,18.0,2.0,0.059047619047619015,0.003723157395143062,0.003723157395143062,0.0
contextual_bandit,814,208,114.88293097662053,101.1544243242517,29.523491233587265,85.35943977283559,1.6804636623710394,18857.913986206055,0.0,32.0,34.0,1.0,0.05452380952380953,0.003777530771913007,0.003777530771913007,0.0
contextual_bandit,814,209,96.09439461438585,101.09260846209105,28.40311563014984,67.69127917795109,1.605877841822803,17753.50831604004,0.0,31.0,22.0,0.0,0.050000000000000044,0.0039051940402714536,0.0039051940402714536,0.0
contextual_bandit,814,210,141.18054696959695,103.4341331145529,34.46237362921238,106.71817392152985,1.7691334430128336,20861.470211029053,0.0,36.0,22.0,3.0,0.050000000000000044,0.00427401160413865,0.00427401160413865,0.0
contextual_bandit,814,211,120.67338059781031,102.74627111235301,31.477164685726166,89.19621585247947,1.7192380828782916,19459.57060623169,0.0,34.0,23.0,1.0,0.050000000000000044,0.004438266812940128,0.004438266812940128,0.0
contextual_bandit,814,212,92.20461931014815,102.48977146939565,25.98901279270649,66.21560639823235,1.576274937018752,16485.31251144409,0.0,28.0,12.0,4.0,0.050000000000000044,0.003990509052528068,0.003990509052528068,0.0
contextual_bandit,814,213,89.08572760605787,101.96900953047495,26.293651908636093,62.79207559311365,1.5855826949700713,16652.847888946533,0.0,30.0,8.0,1.0,0.050000000000000044,0.003616019952460192,0.003616019952460192,0.0
contextual_bandit,814,214,95.14412633047768,100.85864721903118,27.627275854349136,67.5168504910297,1.5903126914054155,17113.8042678833,0.0,29.0,6.0,2.0,0.050000000000000044,0.003805648928391747,0.003805648928391747,0.0
contextual_bandit,814,215,102.46053625313118,102.41930734298921,28.93070288002491,73.52983338800743,1.6503351693972945,18219.493019104004,0.0,30.0,7.0,2.0,0.050000000000000044,0.0033296774490736425,0.0033296774490736425,0.0
contextual_bandit,814,216,87.61192004680633,101.83685090614644,26.42362742125988,61.18829246163368,1.5840952200815082,16689.708505630493,0.0,26.0,0.0,3.0,0.050000000000000044,0.003920873918104917,0.003920873918104917,0.0
contextual_bandit,814,217,68.76213936507702,101.09710355950679,23.905699208378792,44.85644054412842,1.5258652521297336,15723.82723236084,0.0,21.0,0.0,0.0,0.050000000000000044,0.005189171322854236,0.005189171322854236,0.0
contextual_bandit,814,218,72.85121580958366,99.84203568123793,21.916675120592117,50.93454051017761,1.4475104976445436,14665.195838928223,0.0,26.0,0.0,1.0,0.050000000000000044,0.004165308288065717,0.004165308288065717,0.0
contextual_bandit,814,219,95.63645976363989,98.4026948944439,28.273721426725388,67.36273870944355,1.5958858206868172,17422.61873626709,0.0,29.0,12.0,1.0,0.050000000000000044,0.004352072806796059,0.004352072806796059,0.0
contextual_bandit,814,220,95.17667883187532,98.40684769884504,28.474217243492603,66.70246170759201,1.5743172857910395,17613.463514328003,0.0,28.0,0.0,4.0,0.050000000000000044,0.004163437377428636,0.004163437377428636,0.0
contextual_bandit,814,221,99.23812092093857,97.55331716911626,27.775425791740417,71.46269492058192,1.5998474471271038,17270.985118865967,0.0,25.0,15.0,4.0,0.050000000000000044,0.003455547550402116,0.003455547550402116,0.0
contextual_bandit,814,222,91.68228007256985,97.59079960722256,26.043467938899994,65.63881191015244,1.5449775969609618,16064.05785369873,0.0,29.0,0.0,1.0,0.050000000000000044,0.0046561138005927205,0.0046561138005927205,0.0
contextual_bandit,814,223,112.85491931222026,98.50844695416522,28.512344986200333,84.34257431111875,1.6308765290305018,17667.624996185303,0.0,32.0,25.0,3.0,0.050000000000000044,0.0034269436800968833,0.0034269436800968833,0.0
contextual_bandit,814,224,109.92166949353928,99.0432668570173,27.97480721771717,81.94686220131629,1.6086230808869004,17429.81308555603,0.0,29.0,19.0,2.0,0.050000000000000044,0.004092917326488532,0.004092917326488532,0.0
contextual_bandit,814,225,105.93974779969099,99.3703326677552,28.777992635965347,77.16175498491171,1.6417956268414855,17993.735816955566,0.0,28.0,15.0,2.0,0.050000000000000044,0.003433959762332961,0.003433959762332961,0.0
contextual_bandit,814,226,148.60015211433966,102.48700891079258,31.11655706167221,117.48359505266747,1.7066265270113945,19438.180429458618,0.0,35.0,44.0,1.0,0.050000000000000044,0.0037938120658509433,0.0037938120658509433,0.0
contextual_bandit,814,227,93.71758517609905,101.6859575682304,26.223398730158806,67.4941863118298,1.6106352489441633,16716.01910018921,0.0,31.0,5.0,2.0,0.050000000000000044,0.00472659437218681,0.00472659437218681,0.0
contextual_bandit,814,228,87.04721032977105,100.29417153588795,26.5359698086977,60.51124029755592,1.5278667658567429,16575.265800476074,0.0,26.0,0.0,1.0,0.050000000000000044,0.0048888191231526434,0.0048888191231526434,0.0
contextual_bandit,814,229,152.4737252245187,103.1131380663946,32.12427720427513,120.3494480798482,1.7394568603485823,19578.429374694824,0.0,36.0,49.0,3.0,0.050000000000000044,0.004052630210935604,0.004052630210935604,0.0
contextual_bandit,814,230,81.56193148493767,100.13220729216162,26.612187042832375,54.94974412918091,1.500721875578165,16657.053413391113,0.0,25.0,0.0,1.0,0.050000000000000044,0.0034042802290059626,0.0034042802290059626,0.0
contextual_bandit,814,231,115.61948236141536,99.87951238034188,29.98027215898037,85.63921018753383,1.6416739327833056,18237.252670288086,0.0,32.0,25.0,2.0,0.050000000000000044,0.0037434042460517958,0.0037434042460517958,0.0
contextual_bandit,814,232,116.93908249031955,101.11623553935044,30.37075164914131,86.56833088588175,1.6373301120474935,18164.919185638428,0.0,34.0,24.0,4.0,0.050000000000000044,0.0036099924036534503,0.0036099924036534503,0.0
contextual_bandit,814,233,117.54657552386635,102.53927793524088,30.078395068645477,87.46818057443016,1.65829483512789,18452.69976043701,0.0,33.0,35.0,3.0,0.050000000000000044,0.004219323236611672,0.004219323236611672,0.0
contextual_bandit,814,234,98.50941519220952,102.70754237832746,26.40015245974064,72.10926252385259,1.5869060810655355,16814.94407272339,0.0,32.0,19.0,2.0,0.050000000000000044,0.004455418573343195,0.004455418573343195,0.0
contextual_bandit,814,235,104.56842024738111,102.81293657803994,27.960522636771202,76.60789740199365,1.5902405539527535,17427.432622909546,0.0,31.0,17.0,3.0,0.050000000000000044,0.0037416883060359396,0.0037416883060359396,0.0
contextual_bandit,814,236,88.94173336774111,102.8794272440867,24.48662630468607,64.455107152462,1.5417539607733488,15763.085201263428,0.0,29.0,0.0,1.0,0.050000000000000044,0.004168919738731347,0.004168919738731347,0.0
contextual_bandit,814,237,111.50086968113773,105.01636375988971,30.83160437643528,80.66926564742914,1.6639710403978825,18492.148834228516,0.0,33.0,23.0,1.0,0.050000000000000044,0.004189674349618144,0.004189674349618144,0.0
contextual_bandit,814,238,105.55166113181642,106.65138602600136,28.22798316180706,77.32367814882328,1.6133870454505086,17574.930778503418,0.0,29.0,18.0,4.0,0.050000000000000044,0.004008775096735917,0.004008775096735917,0.0
contextual_bandit,814,239,103.50632202439834,107.04487913903931,28.99451617896557,74.51180614345598,1.6432162960991263,17772.680549621582,0.0,32.0,8.0,3.0,0.050000000000000044,0.003843625381705351,0.003843625381705351,0.0
contextual_bandit,814,240,117.96802243628704,108.18444631925988,30.882689371705055,87.08533327319827,1.6658479003235698,18417.57064819336,0.0,33.0,24.0,6.0,0.050000000000000044,0.004221344817779027,0.004221344817779027,0.0
contextual_bandit,814,241,93.73611398557068,107.90934597249148,27.19623973965645,66.53987417140844,1.6060853088274598,17304.18883895874,0.0,27.0,9.0,1.0,0.050000000000000044,0.0030763955583097413,0.0030763955583097413,0.0
contextual_bandit,814,242,100.1610254747601,108.33328324260101,27.643473118543625,72.51755214760021,1.6094947895035148,17374.98682785034,0.0,31.0,13.0,2.0,0.050000000000000044,0.004573915044602472,0.004573915044602472,0.0
contextual_bandit,814,243,110.08783639824233,108.19492909690211,30.4474538564682,79.64038230335554,1.6467150831595063,18403.89222717285,0.0,31.0,23.0,1.0,0.050000000000000044,0.0037674386985599995,0.0037674386985599995,0.0
contextual_bandit,814,244,115.48868663534198,108.47327995399223,30.523207016289234,84.96547985747135,1.6563078397884965,18977.031406402588,0.0,31.0,26.0,1.0,0.050000000000000044,0.004228239631629549,0.004228239631629549,0.0
contextual_bandit,814,245,89.70463099111794,107.66152411356359,27.569830998778343,62.134799873130305,1.5904227746650577,17127.064613342285,0.0,29.0,1.0,1.0,0.050000000000000044,0.004236162538290955,0.004236162538290955,0.0
contextual_bandit,814,246,98.539889651315,105.15851099041235,29.030663311481476,69.50922639943818,1.630903179757297,18414.69965362549,0.0,27.0,10.0,3.0,0.050000000000000044,0.004029576783068478,0.004029576783068478,0.0
contextual_bandit,814,247,98.80799841020072,105.41303165211744,26.631352491676807,72.1766459632274,1.6194390235468745,17410.0133934021,0.0,26.0,18.0,3.0,0.050000000000000044,0.0036343693427625112,0.0036343693427625112,0.0
contextual_bandit,814,248,86.73517714738846,105.39742999299831,25.131002381443977,61.60417481064796,1.5228973980993032,16247.683006286621,0.0,27.0,0.0,2.0,0.050000000000000044,0.004373010582639836,0.004373010582639836,0.0
contextual_bandit,814,249,93.02811574892843,102.42514951921878,26.423855498433113,66.60425965444887,1.5347829638049006,16310.712329864502,0.0,30.0,1.0,1.0,0.050000000000000044,0.004027386792586185,0.004027386792586185,0.0
contextual_bandit,814,250,87.68172932121752,102.73113941103279,26.082517609000206,61.59921198043822,1.61015307251364,17341.860710144043,0.0,28.0,10.0,0.0,0.050000000000000044,0.0030871109265717678,0.0030871109265717678,0.0
contextual_bandit,814,251,116.3979393203351,102.77006225897875,29.09706874191761,87.30087048901055,1.637596059590578,17898.05927658081,0.0,32.0,35.0,2.0,0.050000000000000044,0.0028928376923431642,0.0028928376923431642,0.0
contextual_bandit,814,252,112.35587857148035,102.54090206303681,28.796482011675835,83.5593964852987,1.6151937479153275,17677.111907958984,0.0,35.0,26.0,1.0,0.050000000000000044,0.004243839590344578,0.004243839590344578,0.0
contextual_bandit,814,253,117.07960678112609,102.5175536258998,30.85503399372101,86.22457281720742,1.6719523956999183,18727.864892959595,0.0,31.0,30.0,0.0,0.050000000000000044,0.0036657738528447226,0.0036657738528447226,0.0
contextual_bandit,814,254,108.98339195939502,103.04125246425909,30.17189708352089,78.81149495037994,1.6359620755538344,18154.121879577637,0.0,32.0,21.0,2.0,0.050000000000000044,0.0036909256159560755,0.0036909256159560755,0.0
contextual_bandit,814,255,126.76131060638501,104.15089698220928,30.433384090662003,96.32792651572301,1.664131348952651,18380.215976715088,0.0,36.0,38.0,2.0,0.050000000000000044,0.0045148102508392185,0.0045148102508392185,0.0
contextual_bandit,814,256,96.06322861611844,104.50697174462815,28.13685828447342,67.92637022733689,1.5828707125037909,17324.632148742676,0.0,31.0,0.0,2.0,0.050000000000000044,0.004806957032997161,0.004806957032997161,0.0
contextual_bandit,814,257,92.35349138826132,103.54960282998431,27.18580401688814,65.16768714785576,1.5803159913048148,17098.338077545166,0.0,28.0,0.0,1.0,0.050000000000000044,0.003102026617852971,0.003102026617852971,0.0
contextual_bandit,814,258,106.05529718702105,103.57478463274454,29.905147910118103,76.15014945571686,1.6466239178553224,18431.088611602783,0.0,30.0,20.0,3.0,0.050000000000000044,0.0029435621108859777,0.0029435621108859777,0.0
contextual_bandit,814,259,114.60655942744621,104.12979650289694,32.51587048172951,82.09068882650743,1.7216016128659248,19706.38913345337,0.0,34.0,26.0,1.0,0.050000000000000044,0.003713697282364592,0.003713697282364592,0.0
contextual_bandit,814,260,110.73925826722491,103.76835829444383,31.00799958407879,79.73125860864029,1.6782757695764303,18979.177001953125,0.0,32.0,17.0,3.0,0.050000000000000044,0.004185142737696879,0.004185142737696879,0.0
contextual_bandit,814,261,102.45863788891495,104.20448448961103,28.73447385430336,73.72416419852438,1.61179743334651,17624.04341506958,0.0,29.0,18.0,3.0,0.050000000000000044,0.003197037229256239,0.003197037229256239,0.0
contextual_bandit,814,262,108.79305596674152,104.63608601421011,28.93157859146595,79.86147780740924,1.626873318105936,17683.207626342773,0.0,36.0,10.0,2.0,0.050000000000000044,0.003749054594663903,0.003749054594663903,0.0
contextual_bandit,814,263,98.94367675183004,104.0788780318895,27.801645189523697,71.14203133878893,1.6111996388062835,17605.111892700195,0.0,30.0,19.0,3.0,0.050000000000000044,0.003439912194153294,0.003439912194153294,0.0
contextual_bandit,814,264,101.77588238110108,103.39323781917744,27.72383500635624,74.05204733004138,1.609646542929113,17608.139225006104,0.0,28.0,18.0,3.0,0.050000000000000044,0.0033680414635455236,0.0033680414635455236,0.0
contextual_bandit,814,265,112.75521441450884,104.545766990347,30.825806513428688,81.92940790108013,1.6939310636371374,19007.67936706543,0.0,33.0,19.0,0.0,0.050000000000000044,0.0038080889207776636,0.0038080889207776636,0.0
contextual_bandit,814,266,88.15091804478362,104.02631841002044,28.279887557029724,59.87103066656784,1.5925116641446948,17964.680835723877,0.0,26.0,6.0,0.0,0.050000000000000044,0.0039590179367223755,0.0039590179367223755,0.0
contextual_bandit,814,267,85.4793278247118,103.35988488074597,27.867921113967896,57.611406695842746,1.5801632516086102,17095.234455108643,0.0,26.0,0.0,4.0,0.050000000000000044,0.003728429554030299,0.003728429554030299,0.0
contextual_bandit,814,268,91.47193918550578,103.59672298265184,26.388052478432655,65.08388685608475,1.5781492814421654,16509.586669921875,0.0,27.0,15.0,4.0,0.050000000000000044,0.0027409633839852177,0.0027409633839852177,0.0
contextual_bandit,814,269,137.9195891422782,105.84129665231933,33.31605579704046,104.60353334523772,1.7194197187200189,19571.72177505493,0.0,34.0,40.0,1.0,0.050000000000000044,0.0036463314609136432,0.0036463314609136432,0.0
contextual_bandit,814,270,107.36051193265207,106.82523578289108,29.04884335398674,78.31166763989218,1.6461902661249042,18353.628929138184,0.0,32.0,11.0,3.0,0.050000000000000044,0.0033539217911311425,0.0033539217911311425,0.0
contextual_bandit,814,271,101.62300199098482,106.08648891642356,31.246830463409424,70.37617155737772,1.656942181289196,18934.131191253662,0.0,33.0,8.0,1.0,0.050000000000000044,0.004358795878943056,0.004358795878943056,0.0
contextual_bandit,814,272,102.07452111819512,105.5724210437593,27.508290708065033,74.56623015681035,1.581701428629458,16838.671955108643,0.0,34.0,3.0,2.0,0.050000000000000044,0.003541238824254833,0.003541238824254833,0.0
contextual_bandit,814,273,118.4238645523453,105.63963393232025,31.024068623781204,87.39979543682577,1.6605916237458587,18580.966567993164,0.0,33.0,33.0,1.0,0.050000000000000044,0.0034060621255775914,0.0034060621255775914,0.0
contextual_bandit,814,274,130.04021126007672,106.69247489735434,33.59319989383221,96.4470114854538,1.7303789230063558,20313.75754547119,0.0,33.0,29.0,1.0,0.050000000000000044,0.002907216032326687,0.002907216032326687,0.0
contextual_bandit,814,275,92.06041136421135,104.95742993524566,27.346214547753334,64.71419668234756,1.60596118029207,17429.871925354004,0.0,28.0,8.0,3.0,0.050000000000000044,0.0029333379061426967,0.0029333379061426967,0.0
contextual_bandit,814,276,114.79439662273933,105.89398833557671,31.73570777475834,83.05868875857402,1.6919810315594077,19388.824920654297,0.0,32.0,31.0,2.0,0.050000000000000044,0.0031341465073637664,0.0031341465073637664,0.0
contextual_bandit,814,277,144.0805543630201,108.48034148431464,35.17453280091286,108.90602156210724,1.762067835777998,21158.2811126709,0.0,34.0,42.0,1.0,0.050000000000000044,0.0034395135880913585,0.0034395135880913585,0.0
contextual_bandit,814,278,108.60817551575889,108.60798540075152,31.39732801914215,77.2108474370121,1.7181039592251182,19178.382026672363,0.0,29.0,13.0,3.0,0.050000000000000044,0.0029348876923904754,0.0029348876923904754,0.0
contextual_bandit,814,279,79.26070816756362,106.84069283775743,24.458504855632782,54.80220332683201,1.509963852353394,15542.685735702515,0.0,24.0,2.0,3.0,0.050000000000000044,0.0028855304772150703,0.0028855304772150703,0.0
contextual_bandit,814,280,134.38981207482337,108.02322052813733,30.42286603152752,103.96694604329586,1.6888359319418669,18434.41416168213,0.0,34.0,39.0,3.0,0.050000000000000044,0.003919043760106433,0.003919043760106433,0.0
contextual_bandit,814,281,96.63767983267954,107.73217262532557,28.33476833254099,68.30291203658034,1.630708808079362,17934.445251464844,0.0,29.0,5.0,1.0,0.050000000000000044,0.004660468301153742,0.004660468301153742,0.0
contextual_bandit,814,282,122.16872792695062,108.40095622333601,31.161489114165306,91.00723920021554,1.6753563862293959,18824.85959625244,0.0,35.0,28.0,4.0,0.050000000000000044,0.0035255571274319664,0.0035255571274319664,0.0
contextual_bandit,814,283,66.25101882517338,106.76632332700319,23.315195500850677,42.935823413729665,1.444409185089171,14776.783191680908,0.0,22.0,0.0,3.0,0.050000000000000044,0.002817261527525261,0.002817261527525261,0.0
contextual_bandit,814,284,128.1095490301205,108.08300665945414,31.65229792892933,96.45725105648768,1.7557414416223764,19601.48131942749,0.0,37.0,29.0,3.0,0.050000000000000044,0.0031715151853859425,0.0031715151853859425,0.0
contextual_bandit,814,285,93.34646375132628,107.11256912629501,27.593141913414,65.75332137597628,1.578371719457209,17095.65180206299,0.0,30.0,1.0,1.0,0.050000000000000044,0.0036735989633598365,0.0036735989633598365,0.0
contextual_bandit,814,286,82.92511339279527,106.85127889369559,25.14738207310438,57.777731349493195,1.5873507494106889,16546.818767547607,0.0,27.0,3.0,1.0,0.050000000000000044,0.004168554885836784,0.004168554885836784,0.0
contextual_bandit,814,287,117.45902684120885,108.45026384452046,29.46643829345703,87.99258869676345,1.6712493486702442,18273.788597106934,0.0,31.0,28.0,2.0,0.050000000000000044,0.0034828127245418727,0.0034828127245418727,0.0
contextual_bandit,814,288,112.01626402844188,109.47748008666728,30.75498253107071,81.26128134835956,1.6355887884274125,18648.693927764893,0.0,30.0,18.0,2.0,0.050000000000000044,0.0039228286914294586,0.0039228286914294586,0.0
contextual_bandit,814,289,79.6171896163861,106.56236011037265,24.23881034553051,55.37837939006488,1.5195438591763377,15496.214080810547,0.0,24.0,1.0,4.0,0.050000000000000044,0.003101510308624711,0.003101510308624711,0.0
contextual_bandit,814,290,102.11153012068975,106.29991101977453,28.750802621245384,73.36072736533393,1.645943695679307,17737.11808013916,0.0,32.0,10.0,3.0,0.050000000000000044,0.0032375403825426474,0.0032375403825426474,0.0
contextual_bandit,814,291,90.16672558794289,105.72709719962245,27.33036944270134,62.83635556409626,1.632740467786789,17716.020029067993,0.0,26.0,4.0,2.0,0.050000000000000044,0.0042990833026124164,0.0042990833026124164,0.0
contextual_bandit,814,292,88.90789014644373,105.0687656510349,26.735931359231472,62.171958340177426,1.564487000927329,16691.50860595703,0.0,27.0,1.0,2.0,0.050000000000000044,0.003126349940430373,0.003126349940430373,0.0
contextual_bandit,814,293,70.19058529436589,102.65710168813591,23.134554140269756,47.05603098273277,1.4628071952611208,14905.50082397461,0.0,25.0,0.0,3.0,0.050000000000000044,0.0035602095449576154,0.0035602095449576154,0.0
contextual_bandit,814,294,103.94287967884075,101.3522351090741,28.960655994713306,74.9822234457089,1.595378610305488,17608.964878082275,0.0,30.0,27.0,1.0,0.050000000000000044,0.003469001399935223,0.003469001399935223,0.0
contextual_bandit,814,295,105.61634179090554,102.03003163040881,31.02589303255081,74.59044869875005,1.6535431640222669,19157.866470336914,0.0,31.0,11.0,1.0,0.050000000000000044,0.0038620076593360864,0.0038620076593360864,0.0
contextual_bandit,814,296,111.66706069412601,101.87366483397815,28.698797583580017,82.96826281252274,1.5906063001602888,17229.20399093628,0.0,33.0,38.0,2.0,0.050000000000000044,0.0035020134891965427,0.0035020134891965427,0.0
contextual_bandit,814,297,65.43138053566217,97.94120614261024,23.440606720745564,41.990772905945775,1.4600094947963953,15061.85525894165,0.0,19.0,0.0,2.0,0.050000000000000044,0.0038525815325556323,0.0038525815325556323,0.0
contextual_bandit,814,298,101.49797096094542,97.58569591486958,30.197152704000473,71.30081824204379,1.6709898859262466,18789.362419128418,0.0,29.0,16.0,1.0,0.050000000000000044,0.0039903193901409395,0.0039903193901409395,0.0
contextual_bandit,814,299,98.88997562013682,98.56715928749823,28.842335164546967,70.04764030657822,1.637949462980032,17825.96223449707,0.0,29.0,15.0,2.0,0.050000000000000044,0.0034720416588243097,0.0034720416588243097,0.0
contextual_bandit,814,300,103.20958826051444,97.00814809678278,28.30248126387596,74.90710728721113,1.6086744545027614,17221.632537841797,0.0,34.0,11.0,2.0,0.050000000000000044,0.0037698235973948613,0.0037698235973948613,0.0
contextual_bandit,814,301,100.16163806024032,97.18434600816083,26.480554811656475,73.68108320388038,1.5680599752813578,16924.35058403015,0.0,28.0,26.0,3.0,0.050000000000000044,0.003496779012493789,0.003496779012493789,0.0
contextual_bandit,814,302,108.49160691723877,96.50048995767524,29.481477200984955,79.01012976095728,1.6518131215125322,18233.927158355713,0.0,29.0,19.0,2.0,0.050000000000000044,0.003155810249154456,0.003155810249154456,0.0
contextual_bandit,814,303,122.99221353260606,99.33754969304688,31.902009151875973,91.09020424661966,1.6634049760177732,19129.538566589355,0.0,35.0,32.0,1.0,0.050000000000000044,0.004206270823488012,0.004206270823488012,0.0
contextual_bandit,814,304,134.34496351065417,99.64932041707357,30.776316612958908,103.56864692749755,1.6908145435154438,18667.761806488037,0.0,34.0,35.0,2.0,0.050000000000000044,0.00379567856725771,0.00379567856725771,0.0
contextual_bandit,814,305,91.19114398445896,99.5415544287302,26.399456039071083,64.79168746855072,1.5398778626695275,16246.724098205566,0.0,29.0,3.0,2.0,0.050000000000000044,0.0034100195625796914,0.0034100195625796914,0.0
contextual_bandit,814,306,144.7113670636181,102.63086711227132,30.922199949622154,113.78916711399593,1.6688740169629455,18520.12910079956,0.0,33.0,50.0,3.0,0.050000000000000044,0.0032816393140819855,0.0032816393140819855,0.0
contextual_bandit,814,307,81.5618635427302,100.83600894734741,24.676693506538868,56.885169723266934,1.5666442634537816,16485.47639465332,0.0,24.0,3.0,3.0,0.050000000000000044,0.003555023213266395,0.003555023213266395,0.0
contextual_bandit,814,308,98.81318071315064,100.17585478158284,29.51781275868416,69.29536770114673,1.6594647439196706,18267.37508392334,0.0,29.0,7.0,0.0,0.050000000000000044,0.0038984662387520075,0.0038984662387520075,0.0
contextual_bandit,814,309,84.55605150054562,100.42279787579082,26.20821487903595,58.34783684502709,1.611761948093772,17212.718147277832,0.0,25.0,6.0,1.0,0.050000000000000044,0.0031927853560773656,0.0031927853560773656,0.0
contextual_bandit,814,310,108.13540220983732,100.7239914802482,28.014306753873825,80.1210956049751,1.5882249167189002,17740.880210876465,0.0,32.0,29.0,2.0,0.050000000000000044,0.0037563101504929364,0.0037563101504929364,0.0
contextual_bandit,814,311,118.58917950296505,102.1451141759993,31.007053151726723,87.58212635123833,1.6853923192247748,18664.877979278564,0.0,31.0,21.0,4.0,0.050000000000000044,0.003540509096637834,0.003540509096637834,0.0
contextual_bandit,814,312,101.61618939469861,102.78052913841205,29.480042040348053,72.13614696692036,1.6267239432781935,18045.229499816895,0.0,32.0,6.0,3.0,0.050000000000000044,0.003920880044461228,0.003920880044461228,0.0
contextual_bandit,814,313,117.7400604513807,105.15800289626277,28.10735797137022,89.63270219688842,1.6482611540704966,18027.038116455078,0.0,31.0,23.0,3.0,0.050000000000000044,0.003192531490640249,0.003192531490640249,0.0
contextual_bandit,814,314,98.02752475229302,104.8622351499354,29.392030492424965,68.6354937383274,1.647503879852593,18243.504859924316,0.0,28.0,16.0,1.0,0.050000000000000044,0.002928968970081769,0.002928968970081769,0.0
contextual_bandit,814,315,102.15482803120366,104.6891594619503,28.034893095493317,74.11993512942547,1.6037471452727914,17594.09003829956,0.0,33.0,13.0,0.0,0.050000000000000044,0.0033138587314169854,0.0033138587314169854,0.0
contextual_bandit,814,316,96.03284301054823,103.9074485777714,29.434460915625095,66.59838257921086,1.6718216706067324,18344.045360565186,0.0,30.0,4.0,3.0,0.050000000000000044,0.002746323218161706,0.002746323218161706,0.0
contextual_bandit,814,317,99.03326637900138,105.58754286993837,29.039178743958473,69.99408793306611,1.6324402149766684,18042.34188079834,0.0,29.0,10.0,2.0,0.050000000000000044,0.00278390397579642,0.00278390397579642,0.0
contextual_bandit,814,318,107.10791733286439,105.86804018853431,28.16274945437908,78.94516781888068,1.6001477595418692,17165.443767547607,0.0,33.0,22.0,3.0,0.050000000000000044,0.0025708508328534663,0.0025708508328534663,0.0
contextual_bandit,814,319,88.82078190257263,105.3645805026561,25.555669613182545,63.26511228939008,1.5379126453772187,16501.857997894287,0.0,29.0,3.0,1.0,0.050000000000000044,0.002244583738502115,0.002244583738502115,0.0
contextual_bandit,814,320,92.00878357749173,104.80454026850498,28.52489645779133,63.48388720910737,1.596510672941804,17450.7449760437,0.0,29.0,3.0,2.0,0.050000000000000044,0.003055425258935429,0.003055425258935429,0.0
contextual_bandit,814,321,93.4247841590763,104.4676975734468,27.307879775762558,66.11690418959864,1.5891724042594433,16945.472438812256,0.0,28.0,3.0,1.0,0.050000000000000044,0.0030220502158044837,0.0030220502158044837,0.0
contextual_bandit,814,322,110.55797802637136,104.57101612890342,30.71101349592209,79.84696461985624,1.6528553711250424,18730.648811340332,0.0,30.0,32.0,1.0,0.050000000000000044,0.003778465797950048,0.003778465797950048,0.0
contextual_bandit,814,323,93.63189538306553,103.1030002214264,27.536257952451706,66.09563746041617,1.5922835068777204,17614.797676086426,0.0,27.0,18.0,1.0,0.050000000000000044,0.002878451232390944,0.002878451232390944,0.0
contextual_bandit,814,324,91.8237341726254,100.97693875452494,28.02876402437687,63.794970207853154,1.6318657472729683,17556.050296783447,0.0,28.0,8.0,1.0,0.050000000000000044,0.0033880584232974797,0.0033880584232974797,0.0
contextual_bandit,814,325,97.21567973305822,101.2781655419549,27.672978296875954,69.54270148088574,1.5819250913336873,16868.232307434082,0.0,31.0,4.0,4.0,0.050000000000000044,0.0030263219159678556,0.0030263219159678556,0.0
contextual_bandit,814,326,141.39245546763092,101.11221996215555,33.02047364413738,108.37198188309817,1.7597989607602358,20146.767875671387,0.0,35.0,49.0,4.0,0.050000000000000044,0.004035705394926481,0.004035705394926481,0.0
contextual_bandit,814,327,111.01648922736354,102.5849512463872,28.714852526783943,82.30163667077727,1.6760072968900204,18168.705764770508,0.0,32.0,14.0,2.0,0.050000000000000044,0.0036258905311115086,0.0036258905311115086,0.0
contextual_bandit,814,328,114.35637965593713,103.36211119352654,31.64098672568798,82.71539270673175,1.7032987214624882,19291.128608703613,0.0,34.0,26.0,2.0,0.050000000000000044,0.0028226084541529417,0.0028226084541529417,0.0
contextual_bandit,814,329,91.91543447836372,103.73008034241745,26.11445301771164,65.80098135634397,1.5733734304085374,16966.021278381348,0.0,28.0,12.0,1.0,0.050000000000000044,0.0036016130761709064,0.0036016130761709064,0.0
contextual_bandit,814,330,88.40270245533861,102.7434453546925,24.92764003574848,63.47506182354366,1.5771478656679392,16390.25464630127,0.0,27.0,4.0,1.0,0.050000000000000044,0.0027508455314091407,0.0027508455314091407,0.0
contextual_bandit,814,331,100.62999339338373,101.84548604921345,28.578313529491425,72.05167974468301,1.6176899317651987,18006.126308441162,0.0,28.0,13.0,3.0,0.050000000000000044,0.0023780986666679382,0.0023780986666679382,0.0
contextual_bandit,814,332,121.1493346207046,102.82214331051375,29.83728328347206,91.3120513372325,1.6376424180343747,18150.836402893066,0.0,32.0,39.0,1.0,0.050000000000000044,0.0025411597453057766,0.0025411597453057766,0.0
contextual_bandit,814,333,81.91910947029932,101.03109576145968,26.25681573152542,55.662293828180864,1.5558894136920571,16750.460445404053,0.0,25.0,7.0,2.0,0.050000000000000044,0.002873913152143359,0.002873913152143359,0.0
contextual_bandit,814,334,139.61251304802585,103.11034517624633,32.69673104584217,106.91578200218366,1.70858474355191,20026.252250671387,0.0,32.0,36.0,1.0,0.050000000000000044,0.0035792514245258644,0.0035792514245258644,0.0
contextual_bandit,814,335,86.93105818690434,102.34915668403134,26.013930335640907,60.917127910868075,1.5761736948043108,16627.585372924805,0.0,29.0,2.0,1.0,0.050000000000000044,0.002564804526627995,0.002564804526627995,0.0
contextual_bandit,814,336,97.29001647861855,102.41201535743485,27.41434496641159,69.8756718102302,1.5953290620818734,17303.675945281982,0.0,29.0,12.0,3.0,0.050000000000000044,0.002897733917052392,0.002897733917052392,0.0
contextual_bandit,814,337,90.94200718909121,102.00745239793935,25.72908439487219,65.21292280912019,1.5327832847833633,16371.997295379639,0.0,27.0,8.0,4.0,0.050000000000000044,0.0028558337871800177,0.0028558337871800177,0.0
contextual_bandit,814,338,87.4274236620171,101.02342771439699,25.06920498609543,62.35821881003212,1.5291645722463727,15940.742286682129,0.0,25.0,7.0,3.0,0.050000000000000044,0.003694905317388475,0.003694905317388475,0.0
contextual_bandit,814,339,98.80741327422025,101.52275928297937,28.212309792637825,70.59510352628594,1.6653560092672706,18122.46562576294,0.0,26.0,15.0,1.0,0.050000000000000044,0.0035336653745616786,0.0035336653745616786,0.0
contextual_bandit,814,340,104.95153791887364,102.16989700004846,28.31069353222847,76.64084414822659,1.6083786441013217,17264.75323867798,0.0,34.0,15.0,1.0,0.050000000000000044,0.00338161346007837,0.00338161346007837,0.0
contextual_bandit,814,341,114.58609448666547,103.22796251642792,31.75216841697693,82.83392623360132,1.6930932812392712,19354.611778259277,0.0,31.0,28.0,3.0,0.050000000000000044,0.0025860317546175793,0.0025860317546175793,0.0
contextual_bandit,814,342,98.57711651508868,102.62891944086377,29.905002281069756,68.6721142042166,1.6006569312885404,18268.001163482666,0.0,28.0,24.0,2.0,0.050000000000000044,0.0026480127999093384,0.0026480127999093384,0.0
contextual_bandit,814,343,111.24839023453055,103.50974418343704,31.385243520140648,79.86314728063402,1.7016580142080784,19091.896181106567,0.0,34.0,11.0,0.0,0.050000000000000044,0.003740807354915887,0.003740807354915887,0.0
contextual_bandit,814,344,109.153564984226,104.37623572401705,30.180593095719814,78.97297215672707,1.624658215790987,18331.720413208008,0.0,31.0,27.0,3.0,0.050000000000000044,0.002718413350521587,0.002718413350521587,0.0
contextual_bandit,814,345,91.80062841594147,104.10548315816122,26.80844996124506,64.99217890173126,1.5827724179252982,17009.553577423096,0.0,28.0,1.0,2.0,0.050000000000000044,0.002756142923317384,0.002756142923317384,0.0
contextual_bandit,814,346,74.58921602070332,100.76532118581484,23.93074394762516,50.65847198367119,1.4836487472057343,15087.715152740479,0.0,23.0,0.0,3.0,0.050000000000000044,0.0021466432663146406,0.0021466432663146406,0.0
contextual_bandit,814,347,85.28665192246996,99.47882932057017,26.14425504207611,59.142396776085725,1.5408576233312488,16419.218662261963,0.0,26.0,7.0,1.0,0.050000000000000044,0.0026473521575098857,0.0026473521575098857,0.0
contextual_bandit,814,348,89.79614578958827,98.25081762725273,25.864322274923325,63.931823738182345,1.5408018827438354,16446.204135894775,0.0,28.0,4.0,1.0,0.050000000000000044,0.0029033273458480835,0.0029033273458480835,0.0
contextual_bandit,814,349,101.56177506714741,98.73313465669192,28.28108125925064,73.28069380789677,1.5999011704698205,17225.88994026184,0.0,27.0,26.0,3.0,0.050000000000000044,0.0033536854025442153,0.0033536854025442153,0.0
contextual_bandit,814,350,121.84122520517556,100.40506079418375,30.33325456082821,91.5079707337543,1.7057865988463163,18721.35052871704,0.0,36.0,28.0,3.0,0.050000000000000044,0.0033279094932368025,0.0033279094932368025,0.0
contextual_bandit,814,351,124.5871639309798,101.60291932106358,30.82015372812748,93.76701024755582,1.6758913602679968,18717.834350585938,0.0,34.0,30.0,4.0,0.050000000000000044,0.003384114141226746,0.003384114141226746,0.0
contextual_bandit,814,352,111.58618898677592,101.12476203936714,29.028904885053635,82.55728426563503,1.634254351258278,18130.092182159424,0.0,33.0,27.0,1.0,0.050000000000000044,0.0029098055310896598,0.0029098055310896598,0.0
contextual_bandit,814,353,121.14416751238126,103.08601494147122,31.01479636132717,90.12937112125176,1.6786842700093985,18902.553352355957,0.0,30.0,41.0,1.0,0.050000000000000044,0.0028793068122467957,0.0028793068122467957,0.0
contextual_bandit,814,354,111.33467287409871,101.67212293277487,29.195189997553825,82.13948269773095,1.6481809662654996,18083.297039031982,0.0,34.0,17.0,0.0,0.050000000000000044,0.0026465476694284007,0.0026465476694284007,0.0
contextual_bandit,814,355,91.3449328881228,101.89281666783579,26.19608975201845,65.1488433000171,1.5782211003825068,16780.048622131348,0.0,28.0,5.0,2.0,0.050000000000000044,0.0031626833442714997,0.0031626833442714997,0.0
contextual_bandit,814,356,131.39103172070983,103.59786742994035,28.650621213018894,102.74041050769095,1.5912013044580817,17398.52746963501,0.0,33.0,42.0,3.0,0.050000000000000044,0.002714812711928971,0.002714812711928971,0.0
contextual_bandit,814,357,105.54054497696166,104.32779431933389,29.656321674585342,75.88422330237631,1.6639207443222404,18350.071208953857,0.0,31.0,20.0,1.0,0.050000000000000044,0.0024691035214345902,0.0024691035214345902,0.0
contextual_bandit,814,358,91.65575338167022,104.53921080531654,25.213166400790215,66.44258663815332,1.5511340415105224,16304.196342468262,0.0,27.0,11.0,2.0,0.050000000000000044,0.0026418636480229907,0.0026418636480229907,0.0
contextual_bandit,814,359,98.0170335629551,104.49969181975328,28.091614298522472,69.92541921227857,1.6364154983311892,17704.2841796875,0.0,30.0,8.0,2.0,0.050000000000000044,0.0033011034029186703,0.0033011034029186703,0.0
contextual_bandit,814,360,81.302800193429,103.31725493348104,24.900535374879837,56.40226501226425,1.4919933136552572,15777.414752960205,0.0,26.0,0.0,2.0,0.050000000000000044,0.002443023484374862,0.002443023484374862,0.0
contextual_bandit,814,361,105.90282219535608,102.88309131891558,30.155617758631706,75.74720406419536,1.6577024199068546,18543.255256652832,0.0,32.0,18.0,1.0,0.050000000000000044,0.002613007243780885,0.002613007243780885,0.0
contextual_bandit,814,362,105.609507276616,103.23471085699194,29.279813289642334,76.32969389756666,1.6486824499443173,18459.943130493164,0.0,28.0,20.0,1.0,0.050000000000000044,0.0029006118420511484,0.0029006118420511484,0.0
contextual_bandit,814,363,100.3901578015699,102.69179923534391,28.602451279759407,71.78770658141514,1.645339303649962,17964.482097625732,0.0,30.0,7.0,2.0,0.050000000000000044,0.002966691659821663,0.002966691659821663,0.0
contextual_bandit,814,364,120.21151908224643,103.24469694024492,31.261949136853218,88.94957000499788,1.6289926143363118,18604.795154571533,0.0,32.0,39.0,0.0,0.050000000000000044,0.004071531424415298,0.004071531424415298,0.0
contextual_bandit,814,365,90.98533900082111,103.2039324694889,28.204757690429688,62.78058144450188,1.5818842202425003,17335.84970855713,0.0,28.0,0.0,3.0,0.050000000000000044,0.002158857496397104,0.002158857496397104,0.0
contextual_bandit,814,366,94.63272210646403,104.20610777377695,27.5054312646389,67.127290737517,1.537662229500711,16820.016540527344,0.0,29.0,16.0,2.0,0.050000000000000044,0.002875805577787105,0.002875805577787105,0.0
contextual_bandit,814,367,100.97420031320961,104.99048519331393,26.023236617445946,74.95096369576366,1.5479499129578471,16327.10438156128,0.0,31.0,19.0,3.0,0.050000000000000044,0.0022315778260235675,0.0022315778260235675,0.0
contextual_bandit,814,368,95.6067862830026,105.28101721798467,26.533295929431915,69.0734903088672,1.583598560653627,16783.26022720337,0.0,31.0,7.0,3.0,0.050000000000000044,0.0027649062903947197,0.0027649062903947197,0.0
contextual_bandit,814,369,85.54123525365462,104.47999022731001,26.57291454821825,58.968320727788104,1.555940198712051,16705.127151489258,0.0,28.0,11.0,0.0,0.050000000000000044,0.0026367444152128883,0.0026367444152128883,0.0
contextual_bandit,814,370,112.52615487189914,104.0142367106462,30.2644185423851,82.2617361507001,1.6576386261731386,18409.162887573242,0.0,32.0,23.0,3.0,0.050000000000000044,0.002594606557977386,0.002594606557977386,0.0
contextual_bandit,814,371,84.51779676097142,102.01076835214576,26.29741920530796,58.22037767487273,1.5549790570512414,16884.607307434082,0.0,25.0,5.0,2.0,0.050000000000000044,0.0035645746102090925,0.0035645746102090925,0.0
contextual_bandit,814,372,84.79529413274463,100.6712236094442,26.65431247651577,58.140981671130035,1.5712323654443026,16961.96266555786,0.0,27.0,5.0,1.0,0.050000000000000044,0.0029993058560648933,0.0029993058560648933,0.0
contextual_bandit,814,373,100.28413862198393,99.62822216492432,27.49330699443817,72.79083189576664,1.577596907503903,16880.736797332764,0.0,30.0,17.0,3.0,0.050000000000000044,0.0033999458828475326,0.0033999458828475326,0.0
contextual_bandit,814,374,83.58906508556477,98.24094177549763,26.974454507231712,56.6146109061586,1.567857638001442,16811.473400115967,0.0,24.0,3.0,2.0,0.050000000000000044,0.0027790729218395427,0.0027790729218395427,0.0
contextual_bandit,814,375,93.06410564284471,98.32690041323373,25.476685240864754,67.58742037217763,1.5514895785599947,16303.835689544678,0.0,30.0,9.0,1.0,0.050000000000000044,0.0025240565082640387,0.0025240565082640387,0.0
contextual_bandit,814,376,88.47354175068479,96.18102591473247,24.835172653198242,63.63836868025402,1.5344168562442064,15704.68176651001,0.0,30.0,4.0,0.0,0.050000000000000044,0.0027936490296269767,0.0027936490296269767,0.0
contextual_bandit,814,377,92.68595801257153,95.53829656651297,27.759987965226173,64.92596936189194,1.630644166842103,17689.12376022339,0.0,27.0,2.0,3.0,0.050000000000000044,0.002398292192083318,0.002398292192083318,0.0
contextual_bandit,814,378,97.23781734236522,95.81739976454772,27.086684465408325,70.15113324948595,1.6029232358559966,17316.500244140625,0.0,29.0,16.0,1.0,0.050000000000000044,0.0029626722098328173,0.0029626722098328173,0.0
contextual_bandit,814,379,94.03962624684002,95.61852939874197,26.695397175848484,67.34422880277063,1.573925825767219,16365.896781921387,0.0,30.0,11.0,0.0,0.050000000000000044,0.002155655311071314,0.002155655311071314,0.0
contextual_bandit,814,380,103.50427511453609,96.72860314479733,29.72477112710476,73.77950397253016,1.6239549284800887,18157.970233917236,0.0,28.0,17.0,2.0,0.050000000000000044,0.003239501776988618,0.003239501776988618,0.0
contextual_bandit,814,381,111.63014648503119,97.01496935928108,29.961154609918594,81.66899166649635,1.6567454114556313,18470.04595565796,0.0,33.0,29.0,0.0,0.050000000000000044,0.002371899965510238,0.002371899965510238,0.0
contextual_bandit,814,382,139.1050058692125,98.6897442889109,32.41347500681877,106.6915308623937,1.7110962541773915,19506.60817527771,0.0,35.0,45.0,3.0,0.050000000000000044,0.0026316677685827017,0.0026316677685827017,0.0
contextual_bandit,814,383,90.33237181007863,98.18685498933635,28.937524892389774,61.39484625458717,1.5901070777326822,17855.056510925293,0.0,28.0,0.0,3.0,0.050000000000000044,0.0020977959502488375,0.0020977959502488375,0.0
contextual_bandit,814,384,83.80905239241784,96.36673165484493,25.289343059062958,58.51970928865139,1.576335054822266,16409.342987060547,0.0,24.0,2.0,5.0,0.050000000000000044,0.00287122797453776,0.00287122797453776,0.0
contextual_bandit,814,385,78.69996955394745,95.75246318250124,24.98572476953268,53.714245119690894,1.5205743927508593,15707.828290939331,0.0,25.0,0.0,1.0,0.050000000000000044,0.0031957154133124277,0.0031957154133124277,0.0
contextual_bandit,814,386,98.0492237837158,95.92328826636384,25.953924000263214,72.09529953013285,1.5338495029136539,16037.388164520264,0.0,33.0,16.0,2.0,0.050000000000000044,0.002823423084919341,0.002823423084919341,0.0
contextual_bandit,814,387,89.82834084761132,95.36599529308393,27.397241838276386,62.43109926265466,1.6152807418256998,17426.4370803833,0.0,27.0,1.0,2.0,0.050000000000000044,0.0030611785914516076,0.0030611785914516076,0.0
contextual_bandit,814,388,106.59710537336683,95.91551124760213,30.054179899394512,76.54292563788509,1.6519618080928922,18594.044763565063,0.0,31.0,19.0,0.0,0.050000000000000044,0.00261694029904902,0.00261694029904902,0.0
contextual_bandit,814,389,115.8997246195661,97.43343571589769,31.381080649793148,84.51864382076135,1.6754218684509397,19041.334476470947,0.0,31.0,28.0,4.0,0.050000000000000044,0.002344546388485469,0.002344546388485469,0.0
contextual_bandit,814,390,116.94640942303315,97.6544484434544,33.55191273987293,83.39449663845672,1.7199746649712324,20093.564971923828,0.0,33.0,31.0,2.0,0.050000000000000044,0.0025374118122272193,0.0025374118122272193,0.0
contextual_bandit,814,391,89.01539608295634,97.87932840955364,25.757445968687534,63.25795018877463,1.5640754653140903,16799.799282073975,0.0,28.0,7.0,1.0,0.050000000000000044,0.0027927793125854805,0.0027927793125854805,0.0
contextual_bandit,814,392,118.19028644215052,99.54907802502393,30.23068578541279,87.95960076104588,1.663542996160686,18515.93980407715,0.0,35.0,29.0,0.0,0.050000000000000044,0.0021038006561866496,0.0021038006561866496,0.0
contextual_bandit,814,393,78.84471164643764,98.47710667624662,24.452915340662003,54.39179652929306,1.5302899945527315,16060.171421051025,0.0,24.0,0.0,2.0,0.050000000000000044,0.0020645123404392507,0.0020645123404392507,0.0
contextual_bandit,814,394,127.70618377973292,100.68296261095506,30.003876328468323,97.7023074512646,1.6731624398380518,18520.278701782227,0.0,34.0,35.0,1.0,0.050000000000000044,0.002846721385139972,0.002846721385139972,0.0
contextual_bandit,814,395,127.8445658013174,102.42198561887867,32.427478432655334,95.41708704083652,1.7489675860852003,20097.150592803955,0.0,33.0,21.0,2.0,0.050000000000000044,0.0024267856279038824,0.0024267856279038824,0.0
contextual_bandit,814,396,102.86527002054339,103.1415720323716,28.402998328208923,74.46227139431123,1.6022917553782463,17392.2574634552,0.0,31.0,13.0,3.0,0.050000000000000044,0.002023373104748316,0.002023373104748316,0.0
contextual_bandit,814,397,102.24095877631315,103.61932207055868,28.31748405098915,73.92347475512634,1.6405814997851849,17808.92660522461,0.0,31.0,9.0,2.0,0.050000000000000044,0.002545918629039079,0.002545918629039079,0.0
contextual_bandit,814,398,85.16199843809657,103.01553112534525,28.35205914825201,56.80993899182135,1.5551171535626054,17292.963928222656,0.0,25.0,2.0,5.0,0.050000000000000044,0.0026337865128880367,0.0026337865128880367,0.0
contextual_bandit,814,399,117.8509367344628,104.20609664972639,29.10566921532154,88.74526754894357,1.6363167306408286,18170.516242980957,0.0,32.0,29.0,3.0,0.050000000000000044,0.0024559395533287898,0.0024559395533287898,0.0
contextual_bandit,814,400,111.03765963758269,104.5827658758787,31.174982368946075,79.86267698551453,1.7119015445932746,19798.73781967163,0.0,34.0,14.0,0.0,0.050000000000000044,0.002089593639539089,0.002089593639539089,0.0
contextual_bandit,814,401,87.17297040733301,103.3599070719938,27.362111806869507,59.81085864516698,1.5518960962072015,16694.47731399536,0.0,27.0,11.0,1.0,0.050000000000000044,0.002158059214707464,0.002158059214707464,0.0
contextual_bandit,814,402,100.42476646891635,101.425895101979,29.078694134950638,71.34607208809655,1.6319501446560025,17774.945344924927,0.0,31.0,7.0,4.0,0.050000000000000044,0.0031394195757457055,0.0031394195757457055,0.0
contextual_bandit,814,403,95.01445614501611,101.65999931872587,29.52733314037323,65.48712246820108,1.6697776447981596,18531.197631835938,0.0,28.0,6.0,3.0,0.050000000000000044,0.002524092393286992,0.002524092393286992,0.0
contextual_bandit,814,404,123.2501602079312,103.63205470950152,31.518750250339508,91.73141004699868,1.64837740175426,18476.51251602173,0.0,34.0,43.0,2.0,0.050000000000000044,0.0023341326086665504,0.0023341326086665504,0.0
contextual_bandit,814,405,100.16068532441287,104.70509049802482,28.682977467775345,71.47770793114333,1.6067106174305081,17449.79320526123,0.0,32.0,4.0,4.0,0.050000000000000044,0.0024063795499387197,0.0024063795499387197,0.0
contextual_bandit,814,406,89.66982158871379,104.28612038827471,26.35221030563116,63.31761104466405,1.5739821279421449,16584.930683135986,0.0,28.0,1.0,5.0,0.050000000000000044,0.002653580035257619,0.002653580035257619,0.0
contextual_bandit,814,407,97.45051226637723,104.667228959213,29.081073239445686,68.36943908653619,1.6473945109173656,18198.760650634766,0.0,26.0,11.0,3.0,0.050000000000000044,0.00311899450753117,0.00311899450753117,0.0
contextual_bandit,814,408,88.66162405772829,103.7704548934311,26.700673207640648,61.960950760680674,1.5721181547269225,16601.650875091553,0.0,26.0,8.0,2.0,0.050000000000000044,0.0029808199396939017,0.0029808199396939017,0.0
contextual_bandit,814,409,82.2557283484029,102.08825507987292,24.16258927434683,58.09313888034096,1.4886005939915776,15480.373958587646,0.0,25.0,15.0,2.0,0.050000000000000044,0.0024889471715141553,0.0024889471715141553,0.0
contextual_bandit,814,410,128.3821652706395,102.66004287225323,29.336719170212746,99.04544589181047,1.630497146397829,17810.55447769165,0.0,33.0,38.0,3.0,0.050000000000000044,0.0025232559128198773,0.0025232559128198773,0.0
contextual_bandit,814,411,107.3088866784443,103.57471740202763,28.837514877319336,78.47137235246791,1.6201396360993385,17737.119983673096,0.0,34.0,9.0,3.0,0.050000000000000044,0.0023519523165305145,0.0023519523165305145,0.0
contextual_bandit,814,412,122.41057850997902,103.78573200541905,32.40555161982775,90.00502694975589,1.6901578586548567,19514.143997192383,0.0,33.0,36.0,2.0,0.050000000000000044,0.0028503330031526275,0.0028503330031526275,0.0
contextual_bandit,814,413,108.32887709767786,105.25994027798106,29.02648014575243,79.30239716054169,1.6209386810660362,17699.882766723633,0.0,31.0,30.0,2.0,0.050000000000000044,0.00276576001488138,0.00276576001488138,0.0
contextual_bandit,814,414,106.25764166769413,104.18751317237914,28.99740171432495,77.26023992356686,1.6124953366816044,17754.197052001953,0.0,31.0,22.0,2.0,0.050000000000000044,0.002649247042427305,0.002649247042427305,0.0
contextual_bandit,814,415,106.00264535480238,103.09541715005336,30.078821197152138,75.92382460468507,1.6457426063716412,18146.021659851074,0.0,33.0,7.0,3.0,0.050000000000000044,0.001904278171423357,0.001904278171423357,0.0
contextual_bandit,814,416,117.53886107626302,103.82909670283934,30.777704253792763,86.76115697148187,1.6719230469316244,18830.006786346436,0.0,33.0,29.0,1.0,0.050000000000000044,0.001986496485187672,0.001986496485187672,0.0
contextual_bandit,814,417,83.463075786829,102.89020255336513,27.070109143853188,56.39296680688858,1.602614551782608,17454.244750976562,0.0,25.0,0.0,0.0,0.050000000000000044,0.0030426379380514845,0.0030426379380514845,0.0
contextual_bandit,814,418,101.27210353428345,103.69570780817449,28.146572694182396,73.12553060168247,1.629051486030221,17790.389190673828,0.0,30.0,16.0,2.0,0.050000000000000044,0.002555453378590755,0.002555453378590755,0.0
contextual_bandit,814,419,106.10355493444433,103.10833871817356,29.09857428073883,77.00498062390318,1.6039792858064175,17593.64854812622,0.0,33.0,23.0,1.0,0.050000000000000044,0.002042352978605777,0.002042352978605777,0.0
contextual_bandit,814,420,119.45779815953604,103.52934564427123,31.313661746680737,88.14413641285532,1.6701073413714767,19062.34490585327,0.0,31.0,35.0,1.0,0.050000000000000044,0.002293569275934715,0.002293569275934715,0.0
contextual_bandit,814,421,101.2150267053888,104.23144845917402,28.67861943691969,72.53640720886446,1.5839481707662344,17356.045364379883,0.0,29.0,25.0,1.0,0.050000000000000044,0.0021098286670167,0.0021098286670167,0.0
contextual_bandit,814,422,107.61626712613234,104.59102349203481,27.591558441519737,80.02470889322883,1.5827786484733224,16873.81788635254,0.0,31.0,25.0,6.0,0.050000000000000044,0.002610077877761796,0.002610077877761796,0.0
contextual_bandit,814,423,93.36881648103676,104.50874150883585,28.628368198871613,64.74044890801392,1.6289726896211505,18068.621299743652,0.0,27.0,1.0,2.0,0.050000000000000044,0.002658141005667858,0.002658141005667858,0.0
contextual_bandit,814,424,156.59574416531805,106.17602070670519,34.52594964206219,122.0697944636512,1.7848891820758581,20580.865783691406,0.0,39.0,48.0,1.0,0.050000000000000044,0.002225198069936596,0.002225198069936596,0.0
contextual_bandit,814,425,106.66987795404857,106.50148033818698,30.05236953496933,76.61750874690479,1.629086741246283,18229.283639907837,0.0,32.0,17.0,2.0,0.050000000000000044,0.0025013501290231943,0.0025013501290231943,0.0
contextual_bandit,814,426,110.00750050404575,107.51836428395359,29.368665598332882,80.63883456298615,1.6105173751711845,17589.45654296875,0.0,33.0,22.0,4.0,0.050000000000000044,0.0018392080273770262,0.0018392080273770262,0.0
contextual_bandit,814,427,101.4864734179618,107.72016234153281,28.91013304889202,72.57634057768603,1.5860857386142015,17480.03316116333,0.0,31.0,26.0,1.0,0.050000000000000044,0.0022046028752811253,0.0022046028752811253,0.0
contextual_bandit,814,428,108.4463556453462,108.70939892091369,29.19895263016224,79.24740285127119,1.6349149495363235,18123.079971313477,0.0,33.0,17.0,3.0,0.050000000000000044,0.002321051695616916,0.002321051695616916,0.0
contextual_bandit,814,429,112.34766232010512,110.21399561949882,29.721951484680176,82.62571040329124,1.677636574022472,18981.771942138672,0.0,31.0,15.0,3.0,0.050000000000000044,0.002210251914220862,0.002210251914220862,0.0
contextual_bandit,814,430,100.97154969723114,108.84346484082839,26.776634871959686,74.19491448254473,1.6104160249233246,17006.125453948975,0.0,30.0,15.0,1.0,0.050000000000000044,0.0025259329195250757,0.0025259329195250757,0.0
contextual_bandit,814,431,85.21199051170338,107.73862003249135,25.930963300168514,59.281027062523236,1.5157555947080255,16151.47350692749,0.0,28.0,12.0,0.0,0.050000000000000044,0.0022874115020385943,0.0022874115020385943,0.0
contextual_bandit,814,432,96.98096641717336,106.46713942785107,26.519541434943676,70.46142472890995,1.5452135633677244,16655.257972717285,0.0,31.0,6.0,0.0,0.050000000000000044,0.002239584173366893,0.002239584173366893,0.0
contextual_bandit,814,433,98.560059933387,105.97869856963652,28.427545070648193,70.1325151309597,1.661307130008936,18063.40797805786,0.0,31.0,9.0,2.0,0.050000000000000044,0.002471645268087741,0.002471645268087741,0.0
contextual_bandit,814,434,104.2317681067052,105.87740489158709,28.368834391236305,75.86293334293987,1.6022729156538844,17519.215705871582,0.0,30.0,15.0,2.0,0.050000000000000044,0.002183625547331758,0.002183625547331758,0.0
contextual_bandit,814,435,90.37031729787743,105.09578848874085,25.918299704790115,64.452017563285,1.5420936848968267,16338.400207519531,0.0,29.0,5.0,0.0,0.050000000000000044,0.0027010564226657152,0.0027010564226657152,0.0
contextual_bandit,814,436,149.17860887373496,106.67777587861444,34.84257793426514,114.3360309394698,1.7280580000951886,20279.56569290161,0.0,36.0,44.0,2.0,0.050000000000000044,0.0023808240912330803,0.0023808240912330803,0.0
contextual_bandit,814,437,132.73186426794385,109.14121530267016,31.995239973068237,100.73662459289883,1.6752275498583913,19072.914554595947,0.0,36.0,36.0,2.0,0.050000000000000044,0.002299255589605309,0.002299255589605309,0.0
contextual_bandit,814,438,84.80137692751208,108.3176789723316,25.07531277835369,59.72606440247813,1.5258221896365285,16041.254737854004,0.0,28.0,1.0,1.0,0.050000000000000044,0.0021258110209601,0.0021258110209601,0.0
contextual_bandit,814,439,103.13548758795207,108.16927560500699,28.061937853693962,75.07354943623486,1.6078758742660284,17643.335052490234,0.0,32.0,18.0,0.0,0.050000000000000044,0.0019252851234341506,0.0019252851234341506,0.0
contextual_bandit,814,440,73.65237318421465,105.87900435624093,23.685075260698795,49.9672972529636,1.4826944330707192,15504.271087646484,0.0,23.0,2.0,2.0,0.050000000000000044,0.002103735074342694,0.002103735074342694,0.0
contextual_bandit,814,441,84.8543311872885,105.06096958033591,25.253439128398895,59.60089173106404,1.4740376733243465,15601.585453033447,0.0,25.0,21.0,3.0,0.050000000000000044,0.002487816753273364,0.002487816753273364,0.0
contextual_bandit,814,442,94.57396615450808,104.4088545317547,27.233722791075706,67.34024352734512,1.5736455833539367,16863.492626190186,0.0,32.0,9.0,1.0,0.050000000000000044,0.001813925126043614,0.001813925126043614,0.0
contextual_bandit,814,443,106.23519178694696,105.05217329705019,30.509284496307373,75.72590746945355,1.6345918718725443,18039.0913066864,0.0,31.0,22.0,2.0,0.050000000000000044,0.0021246488831820898,0.0021246488831820898,0.0
contextual_bandit,814,444,101.86488760022262,102.31563046879542,28.794564604759216,73.07032287625408,1.6071695806458592,18125.04563140869,0.0,29.0,22.0,2.0,0.050000000000000044,0.0021984384875395335,0.0021984384875395335,0.0
contextual_bandit,814,445,105.03153519087314,102.23371333063666,28.488745272159576,76.54278971009731,1.588564096018672,17577.36719894409,0.0,32.0,18.0,3.0,0.050000000000000044,0.001982666006369982,0.001982666006369982,0.0
contextual_bandit,814,446,105.01580153490247,101.98412838217949,29.400168657302856,75.61563316072167,1.6387977320700884,18148.00124359131,0.0,35.0,14.0,3.0,0.050000000000000044,0.0021177291419007815,0.0021177291419007815,0.0
contextual_bandit,814,447,104.9304145331124,102.15632543793703,26.519204169511795,78.41121029654538,1.5624486692249775,16668.920528411865,0.0,32.0,17.0,2.0,0.050000000000000044,0.003335060566314496,0.003335060566314496,0.0
contextual_bandit,814,448,106.72858161630244,102.07043673648482,28.62071332335472,78.10786832275002,1.5934183513745666,17374.393138885498,0.0,30.0,30.0,1.0,0.050000000000000044,0.0018890923565777484,0.0018890923565777484,0.0
contextual_bandit,814,449,120.73499320261696,102.48980328061043,29.654241800308228,91.08075132780293,1.638055051676929,17921.650714874268,0.0,33.0,29.0,2.0,0.050000000000000044,0.0019576339655031916,0.0019576339655031916,0.0
contextual_bandit,814,450,93.26136449490284,102.10429402049402,27.37851218879223,65.88285284255241,1.5713140238076448,16945.06830596924,0.0,28.0,14.0,2.0,0.050000000000000044,0.002280656284710858,0.002280656284710858,0.0
contextual_bandit,814,451,99.8891961991787,102.83815430486777,28.64927464723587,71.23992204368115,1.606913105584681,17594.45329093933,0.0,30.0,0.0,4.0,0.050000000000000044,0.0021809976824442856,0.0021809976824442856,0.0
contextual_bandit,814,452,106.5450961220646,103.31636079011234,29.272288963198662,77.27280715886594,1.6431765034794807,17729.97714614868,0.0,32.0,14.0,2.0,0.050000000000000044,0.002012626478972379,0.002012626478972379,0.0
contextual_bandit,814,453,97.98974612588873,103.28784509973744,27.955101422965527,70.03464418883314,1.5824247188866138,16890.152614593506,0.0,30.0,18.0,2.0,0.050000000000000044,0.002148561707144836,0.002148561707144836,0.0
contextual_bandit,814,454,85.3030739214589,102.34141039047515,26.624923080205917,58.67815060283439,1.5428377389907837,16644.601623535156,0.0,26.0,6.0,1.0,0.050000000000000044,0.002313871147634927,0.002313871147634927,0.0
contextual_bandit,814,455,101.17127736498347,102.88145839383044,27.770634815096855,73.40064272870055,1.6025683898478746,17185.53275680542,0.0,30.0,14.0,2.0,0.050000000000000044,0.0020143357032793574,0.0020143357032793574,0.0
contextual_bandit,814,456,107.93529261455795,100.81929258087158,29.342169731855392,78.59312306151651,1.6530661415308714,17915.161422729492,0.0,31.0,32.0,3.0,0.050000000000000044,0.0017583075823495165,0.0017583075823495165,0.0
contextual_bandit,814,457,98.4456304955532,99.10498089225203,29.279107868671417,69.16652265668411,1.6074473978951573,17709.29271697998,0.0,29.0,13.0,5.0,0.050000000000000044,0.0022454371210187674,0.0022454371210187674,0.0
contextual_bandit,814,458,128.0805786719371,101.26894097947329,34.30303408205509,93.77754456007969,1.7197007555514574,19862.536487579346,0.0,33.0,39.0,3.0,0.050000000000000044,0.0023489285449613817,0.0023489285449613817,0.0
contextual_bandit,814,459,77.74884644150734,99.99960892215105,25.250500947237015,52.498345762491226,1.5082293432205915,15900.600925445557,0.0,24.0,0.0,0.0,0.050000000000000044,0.001957575252163224,0.001957575252163224,0.0
contextual_bandit,814,460,82.85336191621244,100.45965835875093,27.532788425683975,55.320573296813365,1.6345083378255367,17973.75585746765,0.0,22.0,2.0,2.0,0.050000000000000044,0.0020598644732672255,0.0020598644732672255,0.0
contextual_bandit,814,461,93.7712513978233,100.90550436927768,27.611204892396927,66.16004659483335,1.5535428952425718,16907.709844589233,0.0,27.0,15.0,2.0,0.050000000000000044,0.002117803320288658,0.002117803320288658,0.0
contextual_bandit,814,462,97.05621052020116,101.02961658756234,26.21588122099638,70.8403292470507,1.5566510120406747,16417.848361968994,0.0,32.0,18.0,3.0,0.050000000000000044,0.0017981846249313094,0.0017981846249313094,0.0
contextual_bandit,814,463,87.30931426272299,100.08332271135114,25.760385796427727,61.54892860040571,1.5411206437274814,16245.052303314209,0.0,27.0,9.0,2.0,0.050000000000000044,0.0021319591396604665,0.0021319591396604665,0.0
contextual_bandit,814,464,110.79838098988152,100.52999738083409,28.323640391230583,82.47474044963933,1.6163985906168818,17593.022756576538,0.0,31.0,30.0,5.0,0.050000000000000044,0.001815840689232573,0.001815840689232573,0.0
contextual_bandit,814,465,108.7306223535959,100.71495173897021,30.488773696124554,78.2418485978667,1.6670886212959886,18303.820190429688,0.0,33.0,30.0,2.0,0.050000000000000044,0.001881643634987995,0.001881643634987995,0.0
contextual_bandit,814,466,96.94259183032187,100.31129125374119,26.816149435937405,70.12644265515479,1.584022430703044,16769.593116760254,0.0,29.0,12.0,1.0,0.050000000000000044,0.002347348847251851,0.002347348847251851,0.0
contextual_bandit,814,467,110.91296004246881,100.610418529209,30.243239030241966,80.66972107183149,1.6515833288431168,18652.549882888794,0.0,29.0,33.0,2.0,0.050000000000000044,0.0016029354774218518,0.0016029354774218518,0.0
contextual_bandit,814,468,99.78532752328327,100.26325582455806,29.31624821573496,70.46907930009776,1.6096018245443702,17990.06675338745,0.0,29.0,13.0,1.0,0.050000000000000044,0.001598131246282719,0.001598131246282719,0.0
contextual_bandit,814,469,94.55188826331658,98.95410057759304,26.645861357450485,67.90602692076729,1.6094251656904817,17018.67498779297,0.0,28.0,13.0,3.0,0.050000000000000044,0.0016861967887962237,0.0016861967887962237,0.0
contextual_bandit,814,470,87.26320642621003,98.6541926741584,26.130616053938866,61.13259021580897,1.5367139177396894,16356.27025604248,0.0,27.0,1.0,3.0,0.050000000000000044,0.0015818015417607967,0.0015818015417607967,0.0
contextual_bandit,814,471,99.66110671714533,98.64278820005673,29.156519442796707,70.5045869018196,1.628858169540763,17696.497276306152,0.0,29.0,14.0,3.0,0.050000000000000044,0.0014800594253756572,0.0014800594253756572,0.0
contextual_bandit,814,472,108.6370060971025,98.74738369880862,28.195757620036602,80.44124783631597,1.5983589058741927,17364.530612945557,0.0,34.0,19.0,3.0,0.050000000000000044,0.0021252238075248897,0.0021252238075248897,0.0
contextual_bandit,814,473,98.69197333254205,98.78249505914128,28.41419529914856,70.27777794398654,1.5989532805979252,17513.61496734619,0.0,31.0,8.0,2.0,0.050000000000000044,0.0017437428832636215,0.0017437428832636215,0.0
contextual_bandit,814,474,101.20647761951986,99.57766524404433,29.50363027304411,71.7028473315746,1.6253453148528934,18667.004810333252,0.0,27.0,10.0,3.0,0.050000000000000044,0.0016870990584720857,0.0016870990584720857,0.0
contextual_bandit,814,475,86.66752206454468,98.8524774790224,27.20363911241293,59.46388256470157,1.5568766994401813,16894.75058746338,0.0,26.0,14.0,1.0,0.050000000000000044,0.0019337910925969481,0.0019337910925969481,0.0
contextual_bandit,814,476,116.64583762824117,99.28800472970656,31.92129947245121,84.72453766405164,1.6764731099829078,18998.60598373413,0.0,35.0,12.0,4.0,0.050000000000000044,0.0020492665316851344,0.0020492665316851344,0.0
contextual_bandit,814,477,103.57853241502632,99.54464982568021,30.552119337022305,73.026412705475,1.654490938410163,18626.975074768066,0.0,30.0,13.0,4.0,0.050000000000000044,0.0019556160041247495,0.0019556160041247495,0.0
contextual_bandit,814,478,95.95105406543816,97.93817359535527,27.845130994915962,68.10592347285356,1.6089532496407628,17348.605030059814,0.0,29.0,9.0,2.0,0.050000000000000044,0.001835552819102304,0.001835552819102304,0.0
contextual_bandit,814,479,87.07192919853094,98.40432773320644,26.1595321893692,60.91239684524897,1.5652543464675546,16552.48773956299,0.0,27.0,8.0,1.0,0.050000000000000044,0.0014026916032889858,0.0014026916032889858,0.0
contextual_bandit,814,480,84.93772126092902,98.50854570044228,24.933342412114143,60.004378252768426,1.5295591782778502,16163.688137054443,0.0,29.0,2.0,0.0,0.050000000000000044,0.0015860012026678305,0.0015860012026678305,0.0
contextual_bandit,814,481,90.62205997393062,98.35108612924765,27.433251187205315,63.18880889103342,1.6213788678869605,17449.74774169922,0.0,25.0,11.0,1.0,0.050000000000000044,0.0018559684613137506,0.0018559684613137506,0.0
contextual_bandit,814,482,87.44287715004398,97.87041946073978,26.99196994304657,60.45090675996257,1.575487095862627,16898.81887435913,0.0,28.0,2.0,0.0,0.050000000000000044,0.0012974018573004287,0.0012974018573004287,0.0
contextual_bandit,814,483,98.83599323907505,98.44675340955739,28.255682915449142,70.58031047263754,1.6164603363722563,17517.78744506836,0.0,31.0,19.0,0.0,0.050000000000000044,0.002070786722470075,0.002070786722470075,0.0
contextual_bandit,814,484,91.12258238124303,97.46296347912548,25.700166411697865,65.42241617816143,1.4867396224290133,16055.816514968872,0.0,29.0,11.0,0.0,0.050000000000000044,0.0017355209129163995,0.0017355209129163995,0.0
contextual_bandit,814,485,94.78940288431643,96.7659025056615,25.63253604620695,69.156867024374,1.5665241731330752,16696.87499809265,0.0,29.0,6.0,1.0,0.050000000000000044,0.0017289210809394717,0.0017289210809394717,0.0
contextual_bandit,814,486,70.71120095402003,95.4543329618464,22.902042604982853,47.809158065915106,1.4764232141897082,14740.092601776123,0.0,23.0,0.0,3.0,0.050000000000000044,0.0018304721670574509,0.0018304721670574509,0.0
contextual_bandit,814,487,95.46944967101872,94.6821574432739,27.907684668898582,67.56176510642827,1.5539935156702995,16761.105716705322,0.0,30.0,9.0,3.0,0.050000000000000044,0.0017596787511138245,0.0017596787511138245,0.0
contextual_bandit,814,488,111.6505265088872,95.27541739255409,30.530724599957466,81.11980199833668,1.6424774825572968,18217.949047088623,0.0,32.0,24.0,2.0,0.050000000000000044,0.0022525763051817194,0.0022525763051817194,0.0
contextual_bandit,814,489,85.5465671825762,94.82515133851707,23.61836740374565,61.928200315272356,1.5153906717896461,15551.76152420044,0.0,30.0,2.0,0.0,0.050000000000000044,0.0019167890714015812,0.0019167890714015812,0.0
contextual_bandit,814,490,90.88247105578776,95.00611456999596,25.951722532510757,64.93074847857352,1.5481552947312593,16467.423442840576,0.0,28.0,11.0,1.0,0.050000000000000044,0.0018470258364686742,0.0018470258364686742,0.0
contextual_bandit,814,491,103.94710929219669,95.22041469874851,29.344731882214546,74.60237794642396,1.63188421074301,18178.936359405518,0.0,28.0,18.0,1.0,0.050000000000000044,0.0018497424462111667,0.0018497424462111667,0.0
contextual_bandit,814,492,93.77476627845914,94.47730270781635,27.52124111354351,66.2535252245203,1.5691957706585526,17290.39516067505,0.0,29.0,24.0,2.0,0.050000000000000044,0.0015988006562110968,0.0015988006562110968,0.0
contextual_bandit,814,493,100.38479549849555,94.56194381611404,27.121111758053303,73.26368342751786,1.5989679414778948,16943.10019302368,0.0,31.0,1.0,3.0,0.050000000000000044,0.0015338756347773597,0.0015338756347773597,0.0
contextual_bandit,814,494,127.16414765468967,95.85982731787252,30.83600927889347,96.32813837579616,1.6498690163716674,18887.162715911865,0.0,31.0,42.0,0.0,0.050000000000000044,0.0018354103922320064,0.0018354103922320064,0.0
contextual_bandit,814,495,108.39549891962399,96.94622616062648,29.05769455432892,79.3378043503939,1.620132489129901,17729.250190734863,0.0,31.0,26.0,1.0,0.050000000000000044,0.0016020995244616643,0.0016020995244616643,0.0
contextual_bandit,814,496,103.27079327843522,96.27747394313619,31.8899143114686,71.38087878815267,1.707441751845181,19335.78614616394,0.0,30.0,10.0,1.0,0.050000000000000044,0.0019575131373130716,0.0019575131373130716,0.0
contextual_bandit,814,497,111.53509952663782,96.67530229871677,30.548885345458984,80.98621434509158,1.655354936607182,18551.313507080078,0.0,34.0,14.0,1.0,0.050000000000000044,0.001858918749348959,0.001858918749348959,0.0
contextual_bandit,814,498,99.92296286882154,96.87389773888593,28.89533808082342,71.02762498171322,1.603107881732285,17700.535850524902,0.0,31.0,9.0,0.0,0.050000000000000044,0.0016845823774929158,0.0016845823774929158,0.0
contextual_bandit,814,499,110.97411194392748,98.06900687615575,30.449123710393906,80.52498830803937,1.6817873567342758,18632.75266647339,0.0,33.0,16.0,1.0,0.050000000000000044,0.001476501605793601,0.001476501605793601,0.0
contextual_bandit,814,500,93.64610010424029,98.50442581832132,29.10092930495739,64.54517069497476,1.5919191157445312,17662.485511779785,0.0,28.0,8.0,3.0,0.050000000000000044,0.0018817064628819935,0.0018817064628819935,0.0
contextual_bandit,814,501,112.75376516766842,99.6110110780082,30.834384508430958,81.91938107646996,1.6815007366240025,18344.360792160034,0.0,34.0,24.0,2.0,0.050000000000000044,0.0017996521928580478,0.0017996521928580478,0.0
contextual_bandit,814,502,107.13027596518802,100.59538101876542,28.5981807410717,78.53209516451167,1.6263989638537169,17804.289573669434,0.0,33.0,15.0,1.0,0.050000000000000044,0.0016537069386686198,0.0016537069386686198,0.0
contextual_bandit,814,503,104.15738684961421,100.86145069929236,28.739257484674454,75.41812945434674,1.6302575338631868,17844.37940597534,0.0,29.0,18.0,4.0,0.050000000000000044,0.001877723047073232,0.001877723047073232,0.0
contextual_bandit,814,504,109.56194946641196,101.78341905355083,28.826942563056946,80.73500685865156,1.6174533227458596,17427.07769393921,0.0,30.0,30.0,2.0,0.050000000000000044,0.001731182881485438,0.001731182881485438,0.0
contextual_bandit,814,505,113.70355698657859,102.72912675866391,30.118437469005585,83.58511947286954,1.6604767516255379,18392.289520263672,0.0,34.0,31.0,1.0,0.050000000000000044,0.0013946120561740827,0.0013946120561740827,0.0
contextual_bandit,814,506,127.24650239078396,105.55589183050213,31.86534260958433,95.3811596768915,1.673971625044942,18853.686752319336,0.0,34.0,39.0,1.0,0.050000000000000044,0.001285383947106311,0.001285383947106311,0.0
contextual_bandit,814,507,94.73595949337094,105.51921732161972,28.624455094337463,66.11150426492301,1.6096291691064835,17839.577518463135,0.0,26.0,20.0,0.0,0.050000000000000044,0.0014201946905814111,0.0014201946905814111,0.0
contextual_bandit,814,508,118.33010160362905,105.85319607635684,29.75143565237522,88.5786658022422,1.6363752456381917,18140.968605041504,0.0,33.0,39.0,2.0,0.050000000000000044,0.0015093549918674398,0.0015093549918674398,0.0
contextual_bandit,814,509,124.55847353020556,107.80379139373831,35.07067355513573,89.48779993036635,1.7473610453307629,20435.075622558594,0.0,33.0,38.0,2.0,0.050000000000000044,0.001763134241627995,0.001763134241627995,0.0
contextual_bandit,814,510,95.83115609296895,108.05122564559736,27.701305329799652,68.1298509568844,1.5852883895859122,17029.62351989746,0.0,30.0,8.0,2.0,0.050000000000000044,0.0019948444751207717,0.0019948444751207717,0.0
contextual_bandit,814,511,115.56656461990234,108.63219841198263,30.16517949104309,85.40138533747553,1.6721794679760933,18554.78541946411,0.0,33.0,29.0,1.0,0.050000000000000044,0.0018339980160817504,0.0018339980160817504,0.0
contextual_bandit,814,512,96.95301982329545,108.79111108922446,28.421709716320038,68.53130985365566,1.6072041662409902,17576.03211593628,0.0,30.0,18.0,0.0,0.050000000000000044,0.0015630878224328626,0.0015630878224328626,0.0
contextual_bandit,814,513,93.86966933057111,108.46535478082822,27.97633980959654,65.89332974449198,1.6090189889073372,17738.81320953369,0.0,26.0,12.0,2.0,0.050000000000000044,0.0016780767000454944,0.0016780767000454944,0.0
contextual_bandit,814,514,117.91642674049065,108.00296873511827,32.996026284992695,84.92040094723627,1.7498249104246497,19822.15320968628,0.0,35.0,23.0,0.0,0.050000000000000044,0.0012002011717413552,0.0012002011717413552,0.0
contextual_bandit,814,515,63.432824686169624,105.75483502344555,22.427882596850395,41.004942253232,1.4660352766513824,14750.352848052979,0.0,21.0,0.0,1.0,0.050000000000000044,0.0014408335446205456,0.0014408335446205456,0.0
contextual_bandit,814,516,83.81242075386037,104.7819163972168,26.852196753025055,56.960224373364326,1.5521900989115238,16874.08299636841,0.0,27.0,10.0,2.0,0.050000000000000044,0.0011007746688846964,0.0011007746688846964,0.0
contextual_bandit,814,517,110.41636492963764,104.7259796673668,31.950713887810707,78.46565087791417,1.726193705573678,19422.956745147705,0.0,31.0,17.0,0.0,0.050000000000000044,0.0015341220496338792,0.0015341220496338792,0.0
contextual_bandit,814,518,93.6947938771878,104.41457121778512,25.42227117717266,68.27252252120118,1.579031472094357,16454.704010009766,0.0,28.0,17.0,2.0,0.050000000000000044,0.0014127251924946904,0.0014127251924946904,0.0
contextual_bandit,814,519,105.65010326874034,104.14837078402574,31.230941459536552,74.41916185390727,1.6577718751505017,18797.707221984863,0.0,29.0,20.0,4.0,0.050000000000000044,0.001621347117179539,0.001621347117179539,0.0
contextual_bandit,814,520,96.63748302157617,104.29793992989255,28.88843332976103,67.74905017610288,1.5924041979014874,17214.18067932129,0.0,30.0,16.0,2.0,0.050000000000000044,0.0014268969825934619,0.0014268969825934619,0.0
contextual_bandit,814,521,106.25107233180117,103.97280528809918,29.431460358202457,76.81961225672077,1.6329538971185684,18013.878910064697,0.0,30.0,20.0,1.0,0.050000000000000044,0.0014430471092055086,0.0014430471092055086,0.0
contextual_bandit,814,522,107.64100883987973,103.99834193183378,29.687091998755932,77.95391692308019,1.602694682776928,18359.37961578369,0.0,31.0,23.0,0.0,0.050000000000000044,0.0015091770474100485,0.0015091770474100485,0.0
contextual_bandit,814,523,81.68895399846646,102.87492028927639,24.076561622321606,57.61239234634253,1.5121669881045818,15564.003623962402,0.0,26.0,2.0,1.0,0.050000000000000044,0.0017377026269969065,0.0017377026269969065,0.0
contextual_bandit,814,524,123.73338668469185,103.58349215019041,30.51832190155983,93.21506542388195,1.6603732826188207,18186.320766448975,0.0,36.0,33.0,1.0,0.050000000000000044,0.0014984182380430866,0.0014984182380430866,0.0
contextual_bandit,814,525,98.76713658229087,102.836671129976,26.947877392172813,71.81925920501921,1.5987090663984418,17325.935180664062,0.0,29.0,17.0,3.0,0.050000000000000044,0.0013107642262184527,0.0013107642262184527,0.0
contextual_bandit,814,526,94.58081566551769,101.20338679371271,28.232282042503357,66.34853296736324,1.56060946919024,16947.36891555786,0.0,28.0,6.0,4.0,0.050000000000000044,0.001644811902224319,0.001644811902224319,0.0
contextual_bandit,814,527,94.91197099766354,101.21218736892732,27.51761929690838,67.39435196897607,1.5703303581103683,16703.70523071289,0.0,29.0,12.0,1.0,0.050000000000000044,0.001307343969529029,0.001307343969529029,0.0
contextual_bandit,814,528,92.0278616546013,99.89707537147594,27.133662402629852,64.89419898375053,1.5792138138785958,16994.506916046143,0.0,27.0,15.0,1.0,0.050000000000000044,0.0011464570052339695,0.0011464570052339695,0.0
contextual_bandit,814,529,97.4479370359614,98.54154854676372,28.753592252731323,68.69434429149176,1.5982428379356861,17322.4575881958,0.0,30.0,12.0,5.0,0.050000000000000044,0.0015159322101681028,0.0015159322101681028,0.0
contextual_bandit,814,530,115.96411280944994,99.54819638258776,31.132207937538624,84.83190496876885,1.6678050681948662,18478.590801239014,0.0,33.0,25.0,2.0,0.050000000000000044,0.0012204250888316892,0.0012204250888316892,0.0
contextual_bandit,814,531,71.88898563683033,97.36431743343418,22.945779718458652,48.94320600032806,1.470361857675016,14619.20975112915,0.0,22.0,0.0,2.0,0.050000000000000044,0.001346549888694426,0.001346549888694426,0.0
contextual_bandit,814,532,93.83935340850957,97.20863411269488,26.670507818460464,67.16884627550255,1.5809750957414508,16933.200540542603,0.0,31.0,21.0,2.0,0.050000000000000044,0.0015431141728186049,0.0015431141728186049,0.0
contextual_bandit,814,533,107.24307321637866,97.87730430698527,28.10361184179783,79.13946135967966,1.6278941743075848,17315.40968322754,0.0,29.0,18.0,3.0,0.050000000000000044,0.001828525542805437,0.001828525542805437,0.0
contextual_bandit,814,534,132.8428842899939,98.62362718446042,33.603408962488174,99.2394752082964,1.7892554989084601,20771.103481292725,0.0,37.0,37.0,2.0,0.050000000000000044,0.0018720014522841666,0.0018720014522841666,0.0
contextual_bandit,814,535,94.19228236369125,100.16160006833651,27.515348441898823,66.6769333555483,1.568742098286748,16764.378757476807,0.0,29.0,13.0,2.0,0.050000000000000044,0.0014082054476602934,0.0014082054476602934,0.0
contextual_bandit,814,536,130.36269367334995,102.48911371431097,29.285217866301537,101.07747586665309,1.6342900348827243,17872.103839874268,0.0,37.0,44.0,1.0,0.050000000000000044,0.0015244172500388231,0.0015244172500388231,0.0
contextual_bandit,814,537,123.31999648319099,103.13429529198864,29.903673961758614,93.41632250653122,1.6719217309728265,18446.59231185913,0.0,33.0,30.0,1.0,0.050000000000000044,0.0014109882031334564,0.0014109882031334564,0.0
contextual_bandit,814,538,103.84872087085525,103.64199164167204,28.804392755031586,75.04432799661437,1.601974873803556,17753.31142807007,0.0,32.0,15.0,5.0,0.050000000000000044,0.001525879677501507,0.001525879677501507,0.0
contextual_bandit,814,539,89.96195118870473,102.85758403767025,28.074570029973984,61.887381143829586,1.624965127557516,17620.097171783447,0.0,28.0,9.0,4.0,0.050000000000000044,0.0014918316264811438,0.0014918316264811438,0.0
contextual_bandit,814,540,114.3628972779748,103.74385475049016,31.591541208326817,82.77135612925262,1.678608481772244,19170.582489013672,0.0,32.0,29.0,1.0,0.050000000000000044,0.0014766702806809917,0.0014766702806809917,0.0
contextual_bandit,814,541,89.99277419354354,102.93093984357729,25.50471694022417,64.48805747683679,1.5072264457121491,15839.46464920044,0.0,31.0,14.0,1.0,0.050000000000000044,0.001285874157474609,0.001285874157474609,0.0
contextual_bandit,814,542,82.96961636858643,101.69737022001262,23.50960597395897,59.4600101115054,1.5030280677601695,15425.980995178223,0.0,25.0,9.0,0.0,0.050000000000000044,0.0015069587425386999,0.0015069587425386999,0.0
contextual_bandit,814,543,107.89582644211231,103.0077138421949,30.801498353481293,77.09432820784029,1.670992486178875,19152.68421936035,0.0,32.0,12.0,3.0,0.050000000000000044,0.0013198350243328605,0.0013198350243328605,0.0
contextual_bandit,814,544,112.90363281397492,102.46622614865908,31.110683783888817,81.7929487618652,1.6526951594278216,18576.819053649902,0.0,33.0,19.0,2.0,0.050000000000000044,0.0014611199949285947,0.0014611199949285947,0.0
contextual_bandit,814,545,82.06592469008623,101.63116555404885,27.080765590071678,54.985159055311094,1.5961534408852458,17120.114850997925,0.0,25.0,7.0,1.0,0.050000000000000044,0.0012819900730391964,0.0012819900730391964,0.0
contextual_bandit,814,546,108.07958864994865,102.30610420327038,30.315095841884613,77.76449221201759,1.6309241857379675,17991.69757080078,0.0,32.0,28.0,1.0,0.050000000000000044,0.0013966497717774473,0.0013966497717774473,0.0
contextual_bandit,814,547,126.81994313690784,103.90150281023259,33.572404995560646,93.24753788802745,1.7150842575356364,19848.555393218994,0.0,35.0,39.0,5.0,0.050000000000000044,0.0013273079675855115,0.0013273079675855115,0.0
contextual_bandit,814,548,101.83824875877141,104.39202216544109,27.697438411414623,74.1408103920603,1.6023726928979158,17179.750156402588,0.0,31.0,15.0,1.0,0.050000000000000044,0.0010441499071021099,0.0010441499071021099,0.0
contextual_bandit,814,549,104.92826038592806,104.76603833293943,29.165201045572758,75.76305947446576,1.6642212448641658,18295.425201416016,0.0,31.0,12.0,0.0,0.050000000000000044,0.0009777005761861801,0.0009777005761861801,0.0
contextual_bandit,814,550,115.61852996676215,104.74875919080505,31.000477954745293,84.61805233984241,1.6536569418385625,18827.240684509277,0.0,33.0,32.0,1.0,0.050000000000000044,0.0010269814993080217,0.0010269814993080217,0.0
contextual_bandit,814,551,79.17288094162942,105.112953956045,23.932582266628742,55.24029898047447,1.5321270590648055,15713.518257141113,0.0,27.0,0.0,2.0,0.050000000000000044,0.0016835656861076131,0.0016835656861076131,0.0
contextual_bandit,814,552,104.35869150575816,105.63892086090746,29.40127322077751,74.95741816577136,1.6538719730451703,18237.30154800415,0.0,31.0,21.0,2.0,0.050000000000000044,0.0019267439711256884,0.0019267439711256884,0.0
contextual_bandit,814,553,101.14891794098529,105.33421309713779,27.025375828146935,74.12354203833254,1.5891596246510744,16953.208488464355,0.0,31.0,22.0,0.0,0.050000000000000044,0.00141347516910173,0.00141347516910173,0.0
contextual_bandit,814,554,100.39084301524029,103.71161103340008,28.3404945358634,72.05034822605715,1.602643477730453,17271.5146484375,0.0,31.0,8.0,2.0,0.050000000000000044,0.0012909097713418305,0.0012909097713418305,0.0
contextual_bandit,814,555,118.69500298603404,104.9367470645172,34.37789523601532,84.31710785432685,1.7136185299605131,20325.51792907715,0.0,34.0,25.0,1.0,0.050000000000000044,0.0013081190736556891,0.0013081190736556891,0.0
contextual_bandit,814,556,125.45647091241943,104.69143592647069,31.661902576684952,93.79456779929268,1.7017446774989367,18819.95166015625,0.0,35.0,33.0,4.0,0.050000000000000044,0.0014622528178733774,0.0014622528178733774,0.0
contextual_bandit,814,557,107.83976344653375,103.91742427463785,28.669390931725502,79.17037269362217,1.5855256654322147,17431.054885864258,0.0,30.0,35.0,3.0,0.050000000000000044,0.0012064194670529105,0.0012064194670529105,0.0
contextual_bandit,814,558,93.79519121163644,103.4147477916769,26.312943264842033,67.48224752956189,1.5464934539049864,16501.606285095215,0.0,29.0,17.0,1.0,0.050000000000000044,0.0014033581137482543,0.0014033581137482543,0.0
contextual_bandit,814,559,95.92572904019259,103.71293668425128,26.97217020392418,68.95355894057653,1.5511021604761481,16700.7294921875,0.0,30.0,14.0,0.0,0.050000000000000044,0.0010253842920064926,0.0010253842920064926,0.0
contextual_bandit,814,560,114.7218891353923,103.73088627712215,31.430370308458805,83.29151882693353,1.6845298511907458,18889.594299316406,0.0,32.0,31.0,2.0,0.050000000000000044,0.0012543986485979985,0.0012543986485979985,0.0
contextual_bandit,814,561,117.83594960685238,105.1230450477876,28.828413799405098,89.00753574784268,1.6167395683005452,17785.309867858887,0.0,30.0,38.0,2.0,0.050000000000000044,0.001300656695093494,0.001300656695093494,0.0
contextual_bandit,814,562,93.97923653549242,105.67352605613291,27.069336384534836,66.90990047878313,1.5662864223122597,16904.035051345825,0.0,29.0,17.0,2.0,0.050000000000000044,0.001501238344644662,0.001501238344644662,0.0
contextual_bandit,814,563,98.37827066710922,105.19764826738273,27.39106308668852,70.98720737180446,1.6008938513696194,17136.52489089966,0.0,30.0,7.0,2.0,0.050000000000000044,0.0013634623355756048,0.0013634623355756048,0.0
contextual_bandit,814,564,91.47817914391777,104.12637558387989,29.510613337159157,61.967565881264456,1.6190049657598138,18185.792221069336,0.0,27.0,8.0,2.0,0.050000000000000044,0.0012630335331778042,0.0012630335331778042,0.0
contextual_bandit,814,565,84.81913920527309,104.26403630963924,25.33995809406042,59.479181439038214,1.6306156674399972,17129.296989440918,0.0,26.0,3.0,4.0,0.050000000000000044,0.0011212091376364697,0.0011212091376364697,0.0
contextual_bandit,814,566,87.20637103319169,103.22037542880139,25.782840996980667,61.42352997660637,1.5445048874244094,16447.691345214844,0.0,26.0,0.0,3.0,0.050000000000000044,0.0009725278869154863,0.0009725278869154863,0.0
contextual_bandit,814,567,111.1111775910082,102.43493715150642,28.365108348429203,82.74606924257904,1.578111539594829,17140.398712158203,0.0,31.0,42.0,3.0,0.050000000000000044,0.001142884215369122,0.001142884215369122,0.0
contextual_bandit,814,568,99.54400294884223,102.32022486100996,28.232027485966682,71.31197577579997,1.5824810601770878,17498.647804260254,0.0,31.0,10.0,2.0,0.050000000000000044,0.00142440232593799,0.00142440232593799,0.0
contextual_bandit,814,569,67.09892537670119,100.42875811054861,24.04410306364298,43.054822253453565,1.5509917344897985,16120.424192428589,0.0,21.0,2.0,0.0,0.050000000000000044,0.000991935419733636,0.000991935419733636,0.0
contextual_bandit,814,570,97.22094480396758,99.50887885240887,26.846785351634026,70.37415961624633,1.5865729562938213,16766.272430419922,0.0,33.0,7.0,2.0,0.050000000000000044,0.0012110297320759855,0.0012110297320759855,0.0
contextual_bandit,814,571,115.28682340453604,101.3145759755542,30.917691752314568,84.36913163732032,1.6802392154932022,18800.802124023438,0.0,34.0,24.0,2.0,0.050000000000000044,0.0013428918573481496,0.0013428918573481496,0.0
contextual_bandit,814,572,91.35248386460877,100.66426559349672,27.993983671069145,63.3585003574524,1.575338271446526,17170.685386657715,0.0,28.0,14.0,2.0,0.050000000000000044,0.0016174456795852166,0.0016174456795852166,0.0
contextual_bandit,814,573,73.68263557553291,99.29095147522412,24.78426444530487,48.898370802402496,1.491942678578198,15509.342475891113,0.0,24.0,0.0,1.0,0.050000000000000044,0.0014542512835760135,0.0014542512835760135,0.0
contextual_bandit,814,574,102.06185604350568,99.3745021266374,30.00856326520443,72.05329313592912,1.6189351007342339,17992.938415527344,0.0,31.0,18.0,4.0,0.050000000000000044,0.0010845810538739897,0.0010845810538739897,0.0
contextual_bandit,814,575,84.99840898105948,97.68967242638867,25.487425833940506,59.510982819293446,1.5208811704069376,16167.94467163086,0.0,27.0,7.0,3.0,0.050000000000000044,0.001460083971323911,0.001460083971323911,0.0
contextual_bandit,814,576,102.52221676582325,96.54295971905886,30.05283133685589,72.46938532465923,1.6323555959388614,18207.691932678223,0.0,30.0,19.0,0.0,0.050000000000000044,0.001271666056709364,0.001271666056709364,0.0
contextual_bandit,814,577,115.80831897235153,96.94138749534974,30.40506338328123,85.40325574553249,1.6586261047050357,18451.41817855835,0.0,33.0,18.0,2.0,0.050000000000000044,0.0010217816288786707,0.0010217816288786707,0.0
contextual_bandit,814,578,115.10632298777819,98.00694408415683,32.90657623112202,82.19974648843527,1.7307225055992603,19827.60775756836,0.0,32.0,19.0,1.0,0.050000000000000044,0.0012006003053102177,0.0012006003053102177,0.0
contextual_bandit,814,579,97.29817059340401,98.07556616181739,29.242160111665726,68.05601013901156,1.5886732712388039,17916.00694656372,0.0,28.0,20.0,3.0,0.050000000000000044,0.0015473152343474794,0.0015473152343474794,0.0
contextual_bandit,814,580,99.13201741019601,97.29607257555759,27.149202093482018,71.98281519750473,1.6081915013492107,17149.315551757812,0.0,30.0,19.0,3.0,0.050000000000000044,0.0011287770939816255,0.0011287770939816255,0.0
contextual_bandit,814,581,102.232253091897,96.51588774980982,30.767108768224716,71.46514417466068,1.6056641777977347,18490.390701293945,0.0,30.0,28.0,2.0,0.050000000000000044,0.0012868875310232397,0.0012868875310232397,0.0
contextual_bandit,814,582,108.24906724357152,97.22937928521377,31.83622606098652,76.41284136139893,1.6788889905437827,19484.62094116211,0.0,30.0,14.0,2.0,0.050000000000000044,0.001378258803015342,0.001378258803015342,0.0
contextual_bandit,814,583,101.40408028792294,97.38066976625446,30.63838793337345,70.76569199692162,1.6450315611436963,18589.301860809326,0.0,29.0,13.0,2.0,0.050000000000000044,0.0009338103118352592,0.0009338103118352592,0.0
contextual_bandit,814,584,122.611346882171,98.93732815316712,33.77698105573654,88.83436581153332,1.700025949627161,19586.05411529541,0.0,30.0,32.0,2.0,0.050000000000000044,0.001028031900204951,0.001028031900204951,0.0
contextual_bandit,814,585,104.63039855736744,99.92789112077183,28.7754280641675,75.85497041869414,1.6152213299646974,17785.549032211304,0.0,30.0,12.0,3.0,0.050000000000000044,0.0011545157940417994,0.0011545157940417994,0.0
contextual_bandit,814,586,96.13443136866938,100.37429413754572,27.108568109571934,69.02586403395782,1.5967890191823244,16840.75202178955,0.0,29.0,7.0,1.0,0.050000000000000044,0.0014327422904898413,0.0014327422904898413,0.0
contextual_bandit,814,587,132.68071779009605,101.4527711475001,33.69327001273632,98.98744771775509,1.7287791445851326,19976.394304275513,0.0,36.0,47.0,2.0,0.050000000000000044,0.0012575500659295358,0.0012575500659295358,0.0
contextual_bandit,814,588,76.19746729135514,100.28544436462576,24.27758379280567,51.91988370716572,1.5257766526192427,15393.581844329834,0.0,25.0,0.0,2.0,0.050000000000000044,0.0011909462737094145,0.0011909462737094145,0.0
contextual_bandit,814,589,133.58732032363577,103.60986411197248,31.503250524401665,102.08406962042012,1.6912719057872891,18843.69068145752,0.0,36.0,46.0,1.0,0.050000000000000044,0.001158809260232374,0.001158809260232374,0.0
contextual_bandit,814,590,109.44480035909226,104.22105688972871,32.31722840666771,77.12757180341292,1.6859753718599677,19240.134647369385,0.0,30.0,21.0,1.0,0.050000000000000044,0.0015180386508291122,0.0015180386508291122,0.0
contextual_bandit,814,591,113.78262813156162,104.14584712608,31.632815293967724,82.14981277798923,1.674951359629631,19319.14942550659,0.0,32.0,22.0,3.0,0.050000000000000044,0.001194840111566009,0.001194840111566009,0.0
contextual_bandit,814,592,113.56112722285923,105.25627929399252,29.64803783595562,83.91308934220012,1.6485643852502108,17887.24171447754,0.0,35.0,16.0,2.0,0.050000000000000044,0.0012294821317482274,0.0012294821317482274,0.0
contextual_bandit,814,593,94.52691257148982,106.29849314379037,27.11458434909582,67.41232843101025,1.6607990702614188,17390.90849494934,0.0,29.0,0.0,1.0,0.050000000000000044,0.0010957322156173177,0.0010957322156173177,0.0
contextual_bandit,814,594,112.15221220041761,106.80301095163597,28.575245931744576,83.57696650709161,1.6194859156385064,17655.65510559082,0.0,34.0,25.0,2.0,0.050000000000000044,0.001186176616101875,0.001186176616101875,0.0
contextual_bandit,814,595,93.29352182650517,107.21776659390825,26.604394242167473,66.68912774825047,1.553951614536345,16619.778240203857,0.0,28.0,14.0,0.0,0.050000000000000044,0.00088877376219898,0.00088877376219898,0.0
contextual_bandit,814,596,107.66262005139262,107.47478675818672,29.82005789130926,77.84256212283046,1.6348864696919918,18360.13084411621,0.0,32.0,22.0,4.0,0.050000000000000044,0.001203102834551828,0.001203102834551828,0.0
contextual_bandit,814,597,106.67213878805524,107.0179777489719,29.488300435245037,77.18383823360091,1.6539901914075017,18524.878242492676,0.0,30.0,15.0,1.0,0.050000000000000044,0.0012313659226492746,0.0012313659226492746,0.0
contextual_bandit,814,598,116.05527527299533,107.06542536323278,31.552686594426632,84.50258914050468,1.6637595715001225,19254.019611358643,0.0,34.0,27.0,0.0,0.050000000000000044,0.0012123264459660277,0.0012123264459660277,0.0
contextual_bandit,814,599,74.80570618688259,105.94080214290668,26.31974996626377,48.485956339828114,1.5323286540806293,16758.03448867798,0.0,23.0,1.0,1.0,0.050000000000000044,0.00107711695090984,0.00107711695090984,0.0
