variant,model_seed,episode,cost,rolling_cost,immediate_cost,penalty,energy_use,latency_ms,thermal_violation,energy_violation,queue_violation,contact_violation,epsilon,loss,td_loss,auxiliary_loss
double_dqn,805,0,120.1244014441967,120.1244014441967,40.925450786948204,79.19895105957985,1.7645161869004369,23859.224697113037,0.0,33.0,0.0,2.0,0.9954761904761905,,,
double_dqn,805,1,127.54999519724643,123.83719832072157,46.6602603495121,80.88973505635057,1.865505313500762,27121.14468383789,0.0,33.0,7.0,1.0,0.9909523809523809,1.4334907531738281,1.4334907531738281,0.0
double_dqn,805,2,146.3186748786063,131.33102384001646,41.30833934247494,105.0103353275151,1.8590146135538816,24856.742782592773,0.0,32.0,24.0,1.0,0.9864285714285714,1.2985216677188873,1.2985216677188873,0.0
double_dqn,805,3,136.59872036436457,132.6479479711035,40.22616494446993,96.37255527833358,1.8283877680078149,23971.26774597168,0.0,39.0,6.0,1.0,0.981904761904762,1.3989711627364159,1.3989711627364159,0.0
double_dqn,805,4,120.81837918758393,130.28203421439957,41.86701908707619,78.95136045813561,1.7848889846354723,24577.325328826904,0.0,33.0,0.0,1.0,0.9773809523809524,1.2789567932486534,1.2789567932486534,0.0
double_dqn,805,5,104.88454467058182,126.04911929042994,37.39133985340595,67.49320438504219,1.7218130556866527,22168.62830734253,0.0,29.0,0.0,0.0,0.9728571428571429,1.0640484318137169,1.0640484318137169,0.0
double_dqn,805,6,135.84245454667982,127.44816718417994,46.62140019237995,89.22105472682888,1.859851193614304,26912.14008331299,0.0,33.0,17.0,4.0,0.9683333333333334,0.8286705389618874,0.8286705389618874,0.0
double_dqn,805,7,128.91618044710003,127.63166884204496,41.7982344776392,87.11794537341434,1.823153373785317,24656.307907104492,0.0,37.0,14.0,0.0,0.9638095238095238,0.8331050761044025,0.8331050761044025,0.0
double_dqn,805,8,139.90268516920327,128.9951151006181,41.917267709970474,97.98541713140726,1.792824967764318,24834.343658447266,0.0,33.0,16.0,1.0,0.9592857142857143,0.8792706802487373,0.8792706802487373,0.0
double_dqn,805,9,147.98191587088814,130.8937951776451,43.05036659538746,104.93154948411697,1.8957933820784092,25733.922359466553,0.0,34.0,27.0,0.0,0.9547619047619048,0.7296059131622314,0.7296059131622314,0.0
double_dqn,805,10,122.24458414673805,130.10750326574447,44.865919411182404,77.3786652123928,1.8223055442795157,25368.99836730957,0.0,32.0,1.0,0.0,0.9502380952380952,0.6211022920906544,0.6211022920906544,0.0
double_dqn,805,11,114.41083893924952,128.7994479052032,39.851343400776386,74.55949458479881,1.7826184816658497,23541.902141571045,0.0,31.0,0.0,0.0,0.9457142857142857,0.5074634179472923,0.5074634179472923,0.0
double_dqn,805,12,200.1964704711731,134.29152656412398,39.96103663742542,160.23543383374766,1.8037829557433724,23836.655975341797,0.0,37.0,41.0,2.0,0.9411904761904761,0.4090530704706907,0.4090530704706907,0.0
double_dqn,805,13,107.4627842605114,132.37518782815167,37.53728771209717,69.92549666762352,1.7111499309539795,22279.121799468994,0.0,32.0,0.0,1.0,0.9366666666666666,0.3458589185029268,0.3458589185029268,0.0
double_dqn,805,14,167.12837255847984,134.69206681017354,46.98573084175587,120.14264167202049,1.9563914788886905,28072.683170318604,0.0,35.0,30.0,1.0,0.9321428571428572,0.2777196243405342,0.2777196243405342,0.0
double_dqn,805,15,150.37834483379294,135.67245918664975,46.16119557619095,104.21714940661359,1.9170703738927841,27726.4789352417,0.0,31.0,20.0,1.0,0.9276190476190476,0.5877076489850879,0.5877076489850879,0.0
double_dqn,805,16,107.6484257131815,134.0239866293869,39.47600057721138,68.17242483794689,1.7133222855627537,22916.97003173828,0.0,30.0,0.0,2.0,0.9230952380952381,0.6588983405381441,0.6588983405381441,0.0
double_dqn,805,17,162.6256310689442,135.61296687602896,40.14803136885166,122.47759967029018,1.839320668950677,24455.665618896484,0.0,34.0,21.0,1.0,0.9185714285714286,0.4369167163968086,0.4369167163968086,0.0
double_dqn,805,18,159.37398345846796,136.86354669615736,39.83559162914753,119.53839173991345,1.9402952874079347,25281.890335083008,0.0,35.0,15.0,0.0,0.914047619047619,0.33441937528550625,0.33441937528550625,0.0
double_dqn,805,19,134.25091517360653,136.73291512002982,38.64992709457874,95.60098778100455,1.859913581982255,23735.141777038574,0.0,32.0,10.0,3.0,0.9095238095238095,0.31090932339429855,0.31090932339429855,0.0
double_dqn,805,20,128.02970016348578,137.12818005599428,40.135670349001884,87.89402945685603,1.7924004402011633,23640.563228607178,0.0,36.0,11.0,3.0,0.905,0.2893438125029206,0.2893438125029206,0.0
double_dqn,805,21,110.17516255032548,136.25943842364822,37.98318196833134,72.19197980713376,1.7285168701782823,22640.92133331299,0.0,31.0,5.0,0.0,0.9004761904761904,0.2704658107832074,0.2704658107832074,0.0
double_dqn,805,22,118.46302960217,134.86665615982642,40.68024164438248,77.7827877342701,1.717061092145741,23201.21590423584,0.0,32.0,0.0,1.0,0.895952380952381,0.25928205996751785,0.25928205996751785,0.0
double_dqn,805,23,128.22590344293528,134.44801531375495,44.482390239834785,83.74351296468191,1.840291803702712,25890.37115097046,0.0,32.0,8.0,1.0,0.8914285714285715,0.6299160653725266,0.6299160653725266,0.0
double_dqn,805,24,149.17049092373696,135.86562090056262,44.11675772070885,105.05373326263272,1.8725307919085026,26212.216579437256,0.0,36.0,18.0,0.0,0.8869047619047619,0.5643621813505888,0.5643621813505888,0.0
double_dqn,805,25,116.34883597493172,136.43883546578007,38.78264281153679,77.56619334220886,1.747036443091929,22882.015342712402,0.0,33.0,0.0,1.0,0.8823809523809524,0.4295219946652651,0.4295219946652651,0.0
double_dqn,805,26,106.86888739466667,134.99015710817943,37.69173455238342,69.17715354263783,1.6823143819347024,21637.317317962646,0.0,29.0,0.0,0.0,0.8778571428571429,0.3965286388993263,0.3965286388993263,0.0
double_dqn,805,27,110.82983315885068,134.08583974376694,37.708438627421856,73.12139382362366,1.7064181976020336,21869.36968421936,0.0,31.0,0.0,2.0,0.8733333333333333,0.33505831100046635,0.33505831100046635,0.0
double_dqn,805,28,112.2403414696455,132.70272255878905,39.51144224405289,72.72889938950539,1.7533509451895952,23030.798126220703,0.0,30.0,0.0,1.0,0.8688095238095238,0.30882461182773113,0.30882461182773113,0.0
double_dqn,805,29,123.88369991779328,131.49781176113433,40.66267678141594,83.2210231512785,1.7769307419657707,23762.599159240723,0.0,35.0,0.0,1.0,0.8642857142857143,0.30973986256867647,0.30973986256867647,0.0
double_dqn,805,30,110.74404072761536,130.9227845901782,39.460578471422195,71.28346280753613,1.7317847181111574,22369.71706390381,0.0,30.0,0.0,1.0,0.8597619047619047,0.29560295958071947,0.29560295958071947,0.0
double_dqn,805,31,109.3069981187582,130.66759254915362,35.728718765079975,73.57827931642532,1.6673551173880696,21178.589042663574,0.0,32.0,0.0,1.0,0.8552380952380952,0.7588033881038427,0.7588033881038427,0.0
double_dqn,805,32,110.56986593604088,126.18626232239703,41.0657075047493,69.50415849089623,1.687993654049933,22762.72632598877,0.0,30.0,0.0,3.0,0.8507142857142858,0.5929744970053434,0.5929744970053434,0.0
double_dqn,805,33,107.18310698866844,126.17227845880487,38.001681596040726,69.18142539262772,1.7201834553852677,22013.772903442383,0.0,29.0,0.0,0.0,0.8461904761904762,0.42897421680390835,0.42897421680390835,0.0
double_dqn,805,34,128.34239100895948,124.23297938132885,41.136674128472805,87.20571637384721,1.8239087285473943,24538.098342895508,0.0,35.0,8.0,2.0,0.8416666666666667,0.41861905716359615,0.41861905716359615,0.0
double_dqn,805,35,124.73733617095124,122.95092894818674,38.32893097400665,86.40840512243878,1.7739321812987328,22685.97487258911,0.0,35.0,4.0,0.0,0.8371428571428572,0.4454012718051672,0.4454012718051672,0.0
double_dqn,805,36,118.64436853528022,123.5007260892917,40.025498285889626,78.61886956393718,1.7359479572623968,22955.671062469482,0.0,33.0,0.0,4.0,0.8326190476190476,0.3819959368556738,0.3819959368556738,0.0
double_dqn,805,37,111.49197843074799,120.94404345738187,38.21712242811918,73.27485654652119,1.776815920136869,22916.07550048828,0.0,30.0,0.0,1.0,0.8280952380952381,0.3751272177323699,0.3751272177323699,0.0
double_dqn,805,38,117.83247944116593,118.8669682565168,40.375242710113525,77.45723679065705,1.7757834503427148,23181.322513580322,0.0,33.0,0.0,1.0,0.8235714285714286,0.3459750050678849,0.3459750050678849,0.0
double_dqn,805,39,126.63665357232094,118.4862551764525,42.04350408911705,84.59314915537834,1.7650392558425665,24024.966438293457,0.0,36.0,0.0,0.0,0.819047619047619,0.7546135373413563,0.7546135373413563,0.0
double_dqn,805,40,111.75238078832626,117.67238920769452,41.86507548391819,69.88730561733246,1.6986590595915914,23426.84613418579,0.0,31.0,0.0,0.0,0.8145238095238095,0.5639448221772909,0.5639448221772909,0.0
double_dqn,805,41,95.77871243059636,116.9525667017081,36.002782329916954,59.7759299069643,1.6277997447177768,20800.305492401123,0.0,26.0,0.0,1.0,0.81,0.4369774851948023,0.4369774851948023,0.0
double_dqn,805,42,113.2082039564848,116.68982541942383,39.41561405360699,73.7925900220871,1.7499287845566869,22653.627506256104,0.0,31.0,0.0,0.0,0.8054761904761905,0.45609287824481726,0.45609287824481726,0.0
double_dqn,805,43,108.9549585133791,115.726278172946,37.237315848469734,71.71764253079891,1.670414269901812,21447.21834564209,0.0,31.0,0.0,0.0,0.800952380952381,0.43000647239387035,0.43000647239387035,0.0
double_dqn,805,44,108.35475135147571,113.68549119433297,40.46759323775768,67.88715844154358,1.7313682604581118,23138.26781463623,0.0,29.0,0.0,2.0,0.7964285714285715,0.379586948081851,0.379586948081851,0.0
double_dqn,805,45,115.35004404187202,113.63555159767995,42.424659594893456,72.92538397014141,1.7791244741529226,24145.258712768555,0.0,30.0,0.0,2.0,0.7919047619047619,0.39164481312036514,0.39164481312036514,0.0
double_dqn,805,46,116.84677735716105,114.13444609580468,41.304573595523834,75.54220396280289,1.7274001818150282,23500.309272766113,0.0,31.0,0.0,0.0,0.7873809523809524,0.5143125308677554,0.5143125308677554,0.0
double_dqn,805,47,101.32164071500301,113.65903647361229,34.69980053603649,66.62184040248394,1.5817415220662951,19703.727180480957,0.0,30.0,0.0,1.0,0.7828571428571429,0.779107827693224,0.779107827693224,0.0
double_dqn,805,48,108.77873815000058,113.48595630763005,37.908447727561,70.87028982639313,1.6969894198700786,22047.165199279785,0.0,29.0,0.0,2.0,0.7783333333333333,0.5560756176710129,0.5560756176710129,0.0
double_dqn,805,49,102.21980155259371,112.40276138937006,36.84219314157963,65.37760829925537,1.6384220104664564,21309.352100372314,0.0,29.0,0.0,0.0,0.7738095238095238,0.4660577345639467,0.4660577345639467,0.0
double_dqn,805,50,106.3941693097353,112.18526781847606,35.4728614538908,70.92130752801896,1.7174010649323463,21441.648372650146,0.0,31.0,0.0,1.0,0.7692857142857144,0.4640726149082184,0.4640726149082184,0.0
double_dqn,805,51,109.4363222271204,112.19173402389417,39.19103852659464,70.24528247117996,1.7334402343258262,22498.377073287964,0.0,30.0,0.0,0.0,0.7647619047619048,0.5245624743402004,0.5245624743402004,0.0
double_dqn,805,52,103.25654243826867,111.82606784900557,36.15234453231096,67.10419830083848,1.6643245238810778,20924.14693069458,0.0,30.0,0.0,1.0,0.7602380952380953,0.4736302252858877,0.4736302252858877,0.0
double_dqn,805,53,96.64334648251534,111.29907982369791,32.86691524833441,63.776431345939635,1.666734422557056,20173.009243011475,0.0,28.0,0.0,1.0,0.7557142857142858,0.48246632888913155,0.48246632888913155,0.0
double_dqn,805,54,113.74118568003178,110.56901955725152,39.49190120398998,74.24928483366966,1.8015347784385085,23351.79630279541,0.0,32.0,0.0,0.0,0.7511904761904762,0.7141252364963293,0.7141252364963293,0.0
double_dqn,805,55,122.77114460778432,110.47070997909319,38.88445317745209,83.88669148993688,1.858410150744021,23636.975290298462,0.0,33.0,4.0,0.0,0.7466666666666667,0.6265974901616573,0.6265974901616573,0.0
double_dqn,805,56,128.62633262376897,110.96980818351763,39.274022310972214,89.35231028299444,1.8251337157562375,23315.40752029419,0.0,36.0,19.0,1.0,0.7421428571428572,0.5706370491534472,0.5706370491534472,0.0
double_dqn,805,57,114.02194102108479,111.09630631303446,38.003691002726555,76.01825046539307,1.7030241843312979,22126.699058532715,0.0,32.0,0.0,0.0,0.7376190476190476,0.5781116709113121,0.5781116709113121,0.0
double_dqn,805,58,108.50049485266209,110.62970708360926,37.531957015395164,70.96853876113892,1.762092001736164,22290.383083343506,0.0,29.0,0.0,1.0,0.7330952380952381,0.6483717113733292,0.6483717113733292,0.0
double_dqn,805,59,110.51397431641817,109.82357312081413,36.78013867884874,73.73383536934853,1.6832270734012127,21161.105583190918,0.0,33.0,0.0,0.0,0.7285714285714286,0.532989289611578,0.532989289611578,0.0
double_dqn,805,60,96.24558933973313,109.04823354838447,34.28831825405359,61.95727143585682,1.6980161601677537,20483.741775512695,0.0,28.0,0.0,2.0,0.724047619047619,0.5239072050899267,0.5239072050899267,0.0
double_dqn,805,61,115.05941253900528,110.01226855380492,40.05351386964321,75.00589820742607,1.7743235109373927,23396.517448425293,0.0,34.0,0.0,0.0,0.7195238095238095,0.5673482213169336,0.5673482213169336,0.0
double_dqn,805,62,108.06479194657717,109.75509795330954,35.81017918884754,72.25461286203776,1.8209148934111,22663.48340988159,0.0,29.0,3.0,0.0,0.7150000000000001,0.6989551298320293,0.6989551298320293,0.0
double_dqn,805,63,110.16337352991104,109.81551870413614,36.14531657099724,74.01805692911148,1.650075868703425,20351.878295898438,0.0,32.0,0.0,1.0,0.7104761904761905,0.7145154401659966,0.7145154401659966,0.0
double_dqn,805,64,106.00409109890461,109.69798569150757,36.817170187830925,69.18692111968994,1.6930913170799613,21513.936405181885,0.0,31.0,0.0,1.0,0.7059523809523809,0.6473601590842009,0.6473601590842009,0.0
double_dqn,805,65,97.28610100746155,108.79478853978705,35.73735199123621,61.548748859763144,1.6017131069675088,20001.34434890747,0.0,28.0,0.0,2.0,0.7014285714285715,0.598119274713099,0.598119274713099,0.0
double_dqn,805,66,108.39517280459404,108.3722083121587,33.51646940410137,74.87870313227177,1.6828180784359574,19964.467517852783,0.0,33.0,0.0,0.0,0.6969047619047619,0.698159497231245,0.698159497231245,0.0
double_dqn,805,67,115.24152930974961,109.06820274189604,38.0883964151144,77.15313349068165,1.7514991592615843,22360.376419067383,0.0,32.0,0.0,1.0,0.6923809523809523,0.5261961594223976,0.5261961594223976,0.0
double_dqn,805,68,93.54556443691254,108.30654405624163,32.98341202735901,60.562152126431464,1.6215865416452289,19092.524040222168,0.0,28.0,0.0,1.0,0.687857142857143,0.5906806197017431,0.5906806197017431,0.0
double_dqn,805,69,113.29668510705233,108.86038823396457,41.3331745788455,71.96351021528244,1.765908402390778,23429.701068878174,0.0,30.0,0.0,1.0,0.6833333333333333,0.5731791295111179,0.5731791295111179,0.0
double_dqn,805,70,109.72218582183123,109.02678905956937,38.44129394739866,71.28089227676392,1.7615092415362597,22455.721408843994,0.0,29.0,0.0,1.0,0.6788095238095238,0.8337568771094084,0.8337568771094084,0.0
double_dqn,805,71,103.78005485236645,108.74397569083166,38.724893257021904,65.05516171455383,1.6720107616856694,22156.51661682129,0.0,28.0,0.0,1.0,0.6742857142857144,0.6815688610076904,0.6815688610076904,0.0
double_dqn,805,72,117.63802736997604,109.46304993741703,38.710161581635475,78.92786592245102,1.7303039021790028,22556.598636627197,0.0,33.0,0.0,0.0,0.6697619047619048,0.6048717740923166,0.6048717740923166,0.0
double_dqn,805,73,108.86006417870522,110.07388582222652,37.123498529195786,71.73656523227692,1.7248971164226532,22042.12742614746,0.0,32.0,0.0,1.0,0.6652380952380952,0.6040689628571272,0.6040689628571272,0.0
double_dqn,805,74,112.06807955354452,109.99023051590216,39.87148807197809,72.1965918391943,1.6708518089726567,22443.13161087036,0.0,31.0,0.0,1.0,0.6607142857142857,0.6524083651602268,0.6524083651602268,0.0
double_dqn,805,75,120.47685129344464,109.87551585018517,40.92902997136116,79.54782075583935,1.7998949214816093,23358.34939956665,0.0,34.0,0.0,3.0,0.6561904761904762,0.6093104612082243,0.6093104612082243,0.0
double_dqn,805,76,96.92156318724156,108.29027737835881,35.7164968252182,61.20506537854671,1.5950467716902494,20003.1469039917,0.0,27.0,0.0,1.0,0.6516666666666667,0.5895631853491068,0.5895631853491068,0.0
double_dqn,805,77,101.44451460242271,107.66140605742571,39.54789437353611,61.89661991596222,1.7129645440727472,22586.085334777832,0.0,26.0,0.0,0.0,0.6471428571428571,0.5622794255614281,0.5622794255614281,0.0
double_dqn,805,78,98.06753627955914,107.13975812877057,31.582841396331787,66.48469503223896,1.5670639798045158,18337.87456893921,0.0,30.0,0.0,0.0,0.6426190476190476,0.8797539919614792,0.8797539919614792,0.0
double_dqn,805,79,97.26369035393,106.47724393064614,34.87028555572033,62.39340464174747,1.5796158527955413,19463.807678222656,0.0,29.0,0.0,1.0,0.6380952380952382,0.8331680353730917,0.8331680353730917,0.0
double_dqn,805,80,124.61605980247259,107.89576745378312,42.53089801222086,82.08516183495522,1.787085985764861,24453.035232543945,0.0,33.0,0.0,1.0,0.6335714285714286,0.7175919860601425,0.7175919860601425,0.0
double_dqn,805,81,104.45664321780205,107.36562898772294,39.00826033949852,65.44838359355927,1.7331555932760239,22234.930618286133,0.0,28.0,0.0,1.0,0.6290476190476191,0.6189840100705624,0.6189840100705624,0.0
double_dqn,805,82,99.78437173366547,106.95160797707737,35.71540490537882,64.06896738708019,1.6356967091560364,20600.75144958496,0.0,28.0,0.0,0.0,0.6245238095238095,0.6685980595648289,0.6685980595648289,0.0
double_dqn,805,83,117.00221933424473,107.29355026729407,40.67806860804558,76.32415127754211,1.76179875805974,23133.25616836548,0.0,32.0,0.0,0.0,0.62,0.5448216907680035,0.5448216907680035,0.0
double_dqn,805,84,98.64475672841073,106.92558354876935,35.37112034857273,63.273635709285735,1.6397368414327502,19865.99925994873,0.0,28.0,0.0,1.0,0.6154761904761905,0.7015040442347527,0.7015040442347527,0.0
double_dqn,805,85,120.62571269273758,108.09256413303316,37.74690963327885,82.87880301475525,1.6739139929413795,21259.655948638916,0.0,33.0,0.0,1.0,0.6109523809523809,0.7124303504824638,0.7124303504824638,0.0
double_dqn,805,86,94.41510493308306,107.3935607394576,35.677772127091885,58.73733326792717,1.6011645551770926,20146.94984436035,0.0,25.0,0.0,1.0,0.6064285714285714,1.0011068899184465,1.0011068899184465,0.0
double_dqn,805,87,117.08239688873292,107.48560411840678,38.321884125471115,78.76051270365716,1.734163362532854,21472.746948242188,0.0,35.0,0.0,3.0,0.6019047619047619,0.945380587130785,0.945380587130785,0.0
double_dqn,805,88,106.00013364851475,108.10833257898689,36.54434569180012,69.45578773319721,1.6691173613071442,20854.456512451172,0.0,31.0,0.0,0.0,0.5973809523809523,0.6503133606165648,0.6503133606165648,0.0
double_dqn,805,89,100.23688007891178,107.45534232757987,35.350473403930664,64.88640677928925,1.7396127376705408,21462.572311401367,0.0,28.0,0.0,0.0,0.592857142857143,0.7372927367687225,0.7372927367687225,0.0
double_dqn,805,90,87.77299659103156,106.35788286603989,30.64540282636881,57.12759352624416,1.6004553884267807,18353.337228775024,0.0,27.0,0.0,1.0,0.5883333333333334,0.6526900827884674,0.6526900827884674,0.0
double_dqn,805,91,120.28085942566395,107.18292309470476,41.3244903087616,78.95636928081512,1.749654121696949,23308.325260162354,0.0,33.0,0.0,0.0,0.5838095238095238,0.6264927368611097,0.6264927368611097,0.0
double_dqn,805,92,115.74332585334778,107.08818801887335,40.921117417514324,74.82220842838288,1.8059889627620578,23291.783910751343,0.0,32.0,0.0,1.0,0.5792857142857144,0.6023762244731188,0.6023762244731188,0.0
double_dqn,805,93,111.53665317595005,107.22201746873559,38.90895035862923,72.62770284712315,1.6974384412169456,21890.042514801025,0.0,33.0,0.0,1.0,0.5747619047619048,0.8509654141962528,0.8509654141962528,0.0
double_dqn,805,94,110.70870201289654,107.15404859170319,39.22710724174976,71.48159515857697,1.6795545341446996,21707.60322189331,0.0,29.0,0.0,1.0,0.5702380952380952,0.8662270754575729,0.8662270754575729,0.0
double_dqn,805,95,103.87073879688978,106.32374296687544,34.65421777963638,69.21652162075043,1.6573847867548466,20442.327337265015,0.0,30.0,0.0,1.0,0.5657142857142857,0.758976524695754,0.758976524695754,0.0
double_dqn,805,96,108.09815902262926,106.88257275864483,39.91884694248438,68.17931261658669,1.7564445892348886,22574.996376037598,0.0,28.0,0.0,0.0,0.5611904761904762,0.70010279212147,0.70010279212147,0.0
double_dqn,805,97,111.86057696640492,107.40337587684394,38.116374380886555,73.74420229494572,1.7261013770475984,22411.192346572876,0.0,33.0,0.0,1.0,0.5566666666666666,0.7529633454978466,0.7529633454978466,0.0
double_dqn,805,98,102.04017449915409,107.60200778782368,36.996024273335934,65.04415030777454,1.6763468524441123,20828.67377090454,0.0,30.0,0.0,0.0,0.5521428571428572,0.8701883181929588,0.8701883181929588,0.0
double_dqn,805,99,104.84122477471828,107.9808845088631,37.133858039975166,67.7073671668768,1.7087799161672592,21333.340015411377,0.0,31.0,0.0,1.0,0.5476190476190477,0.809523431584239,0.809523431584239,0.0
double_dqn,805,100,99.58217480778694,106.72919025912881,38.116951048374176,61.46522346138954,1.6619063252583146,21311.4312210083,0.0,27.0,0.0,1.0,0.5430952380952381,0.6859466917812824,0.6859466917812824,0.0
double_dqn,805,101,111.72876675575972,107.0927964360267,42.652068726718426,69.07669799923897,1.7340443395078182,23773.41407775879,0.0,29.0,0.0,1.0,0.5385714285714286,0.8336963318288326,0.8336963318288326,0.0
double_dqn,805,102,97.80359281599522,106.99375749014318,36.1990577429533,61.60453571379185,1.6332963285967708,20405.930068969727,0.0,26.0,0.0,1.0,0.5340476190476191,0.8365976419299841,0.8365976419299841,0.0
double_dqn,805,103,115.17170523107052,106.90223178498448,41.89379330724478,73.27791145443916,1.7626751055940986,23561.47029876709,0.0,31.0,0.0,0.0,0.5295238095238095,0.6930534802377224,0.6930534802377224,0.0
double_dqn,805,104,102.5506681650877,107.09752735681832,33.00517413020134,69.54549419879913,1.6369105307385325,19192.746284484863,0.0,29.0,0.0,0.0,0.525,0.7094632461667061,0.7094632461667061,0.0
double_dqn,805,105,99.3472041785717,106.03360193111003,34.02945335954428,65.31775091588497,1.6219634069129825,19471.49384689331,0.0,28.0,0.0,0.0,0.5204761904761905,0.6176902242004871,0.6176902242004871,0.0
double_dqn,805,106,100.67315996438265,106.346504682675,37.53260400146246,63.14055548608303,1.6420925678685308,21176.23080444336,0.0,29.0,0.0,0.0,0.5159523809523809,0.7484407965093851,0.7484407965093851,0.0
double_dqn,805,107,94.76152883023023,105.23046127974987,32.34755388647318,62.4139752715826,1.5867535350844264,18440.573162078857,0.0,28.0,0.0,3.0,0.5114285714285716,0.810451740399003,0.810451740399003,0.0
double_dqn,805,108,90.58342175334693,104.45962568499147,32.56715118139982,58.016270795464514,1.577971558086574,18404.716773986816,0.0,26.0,0.0,2.0,0.506904761904762,0.6382083743810654,0.6382083743810654,0.0
double_dqn,805,109,101.84225711226463,104.53989453665913,35.00171817839146,66.84053833782673,1.6000133259221911,19956.11947631836,0.0,29.0,0.0,0.0,0.5023809523809524,0.9227059278637171,0.9227059278637171,0.0
double_dqn,805,110,94.86839939653873,104.89466467693447,34.14960264414549,60.71879677474499,1.549308555200696,19028.115058898926,0.0,27.0,0.0,0.0,0.4978571428571429,0.9546780120581388,0.9546780120581388,0.0
double_dqn,805,111,107.671405762434,104.26419199377298,33.379365026950836,74.29204100370407,1.6158134154975414,18854.229084014893,0.0,32.0,0.0,1.0,0.4933333333333334,0.9965695776045322,0.9965695776045322,0.0
double_dqn,805,112,99.94414832592011,103.47423311740161,37.13787768781185,62.80627059340477,1.5902026426047087,20116.667308807373,0.0,29.0,0.0,1.0,0.4888095238095238,0.8059601746499538,0.8059601746499538,0.0
double_dqn,805,113,114.3432712957263,103.61456402339043,36.19197542220354,78.15129575431347,1.6662757582962513,20294.22575378418,0.0,34.0,0.0,3.0,0.4842857142857143,0.8190841153264046,0.8190841153264046,0.0
double_dqn,805,114,99.27380182743073,103.04281901411711,35.72090892493725,63.55289267897606,1.650446966290474,20162.5079536438,0.0,27.0,0.0,2.0,0.4797619047619047,0.7298212796449661,0.7298212796449661,0.0
double_dqn,805,115,100.88532404601574,102.89354827657344,35.155561447143555,65.72976264357567,1.6137959538027644,20013.632846832275,0.0,29.0,0.0,1.0,0.47523809523809524,0.7264951895922422,0.7264951895922422,0.0
double_dqn,805,116,114.55252845734358,103.21626674830914,37.103286646306515,77.44924176633359,1.7228386225178838,21024.86713027954,0.0,32.0,0.0,2.0,0.47071428571428575,0.9197838604450226,0.9197838604450226,0.0
double_dqn,805,117,99.6068044602871,102.60357812300326,35.281370520591736,64.32543379068375,1.6773251639679074,20160.416942596436,0.0,28.0,0.0,2.0,0.46619047619047627,0.9661562852561474,0.9661562852561474,0.0
double_dqn,805,118,87.93333707004786,101.89823625154794,32.31215908378363,55.62117791175842,1.5622352007776499,18355.760946273804,0.0,26.0,0.0,1.0,0.46166666666666667,0.8443061579018831,0.8443061579018831,0.0
double_dqn,805,119,99.11108854711055,101.61172944016755,35.11216662079096,63.998921650648114,1.6177326431497931,19672.743785858154,0.0,28.0,0.0,2.0,0.4571428571428572,0.8699262477457523,0.8699262477457523,0.0
double_dqn,805,120,101.58941810578108,101.71209160506724,36.29955694824457,65.28986038267612,1.6622251570224762,20847.299573898315,0.0,27.0,0.0,1.0,0.4526190476190477,0.7426129542291164,0.7426129542291164,0.0
double_dqn,805,121,96.69174261540175,100.96024039804936,33.46334045380354,63.228402042388915,1.612997068092227,18794.210571289062,0.0,28.0,0.0,2.0,0.4480952380952381,0.8647641949355602,0.8647641949355602,0.0
double_dqn,805,122,86.7167620882392,100.40589886166156,31.397506214678288,55.319255977869034,1.5495095336809754,17666.6570186615,0.0,27.0,0.0,0.0,0.4435714285714286,0.7475056443363428,0.7475056443363428,0.0
double_dqn,805,123,104.40318565070629,99.86747288264334,38.050241589546204,66.35294410586357,1.6734838131815195,21145.701141357422,0.0,28.0,0.0,0.0,0.439047619047619,0.826795132830739,0.826795132830739,0.0
double_dqn,805,124,95.44290376603604,99.51208466269077,33.75603464990854,61.68686863183975,1.6448504868894815,19355.087078094482,0.0,28.0,0.0,1.0,0.43452380952380953,0.7687097545713186,0.7687097545713186,0.0
double_dqn,805,125,89.72845629900694,99.03114726871253,31.04036445915699,58.6880917429924,1.5667169941589236,17640.743976593018,0.0,26.0,0.0,2.0,0.43000000000000005,0.8451686128973961,0.8451686128973961,0.0
double_dqn,805,126,91.9222618803382,98.5936023645103,32.39263989776373,59.52962158024311,1.5840507028624415,18215.088928222656,0.0,26.0,0.0,2.0,0.42547619047619056,0.8507348895072937,0.8507348895072937,0.0
double_dqn,805,127,88.81624960899353,98.29633840344846,31.140779547393322,57.67546959221363,1.518936751410365,17054.610374450684,0.0,27.0,0.0,0.0,0.42095238095238097,0.9385644271969795,0.9385644271969795,0.0
double_dqn,805,128,108.88280083239079,99.21130735740067,35.84752415120602,73.03527687489986,1.7168081849813461,20780.656818389893,0.0,32.0,0.0,1.0,0.41642857142857137,0.8534946385771036,0.8534946385771036,0.0
double_dqn,805,129,112.97614069283009,99.76800153642894,39.932959385216236,73.04318171739578,1.7309987666085362,22398.85083770752,0.0,30.0,0.0,1.0,0.4119047619047619,0.9994296003133059,0.9994296003133059,0.0
double_dqn,805,130,110.73016343414784,100.56108973830939,36.75254262983799,73.97762055099011,1.712028879672289,20536.183429718018,0.0,33.0,0.0,1.0,0.4073809523809524,0.8576426450163126,0.8576426450163126,0.0
double_dqn,805,131,98.98698085546494,100.12686849296094,35.47738152742386,63.50959953665733,1.613204543478787,19892.81774520874,0.0,28.0,0.0,0.0,0.4028571428571429,0.8548263758420944,0.8548263758420944,0.0
double_dqn,805,132,108.7224265486002,100.56578240409495,37.98883295059204,70.73359274864197,1.7282816795632243,21527.90089035034,0.0,30.0,0.0,1.0,0.39833333333333343,0.954534251242876,0.954534251242876,0.0
double_dqn,805,133,104.23648888766766,100.06044328369201,39.68228544294834,64.5542036086321,1.716973640024662,22303.47271347046,0.0,28.0,0.0,1.0,0.39380952380952383,0.7724571563303471,0.7724571563303471,0.0
double_dqn,805,134,104.6788964420557,100.33069801442325,35.864562548696995,68.81433425843716,1.7113776616752148,20632.311519622803,0.0,30.0,0.0,1.0,0.38928571428571423,0.6948639880865812,0.6948639880865812,0.0
double_dqn,805,135,88.72087800502777,99.72247571237385,31.334856614470482,57.38602142035961,1.519832887686789,17303.517066955566,0.0,27.0,0.0,0.0,0.38476190476190475,0.947655575349927,0.947655575349927,0.0
double_dqn,805,136,89.18525099754333,98.45411183938384,33.11643222719431,56.068819016218185,1.5916526122018695,18852.238216400146,0.0,25.0,0.0,1.0,0.38023809523809526,0.9780656639486551,0.9780656639486551,0.0
double_dqn,805,137,115.01258923262358,99.22440107800067,37.45500572770834,77.5575839817524,1.7608032282441854,21792.17250061035,0.0,33.0,0.0,2.0,0.3757142857142858,0.9078752975910902,0.9078752975910902,0.0
double_dqn,805,138,97.80574164539576,99.71802130676807,35.75484425574541,62.05089746415615,1.651597274467349,20097.231636047363,0.0,27.0,0.0,1.0,0.3711904761904763,1.0011687129735947,1.0011687129735947,0.0
double_dqn,805,139,108.29189965426922,100.177061862126,36.94209462404251,71.34980537295341,1.6626149509102106,20657.354888916016,0.0,30.0,0.0,2.0,0.3666666666666667,0.8210460245609283,0.8210460245609283,0.0
double_dqn,805,140,89.89120097458363,99.59215100556614,33.86676870286465,56.024432465434074,1.5632021268829703,18886.012664794922,0.0,26.0,0.0,0.0,0.3621428571428572,0.8593382015824318,0.8593382015824318,0.0
double_dqn,805,141,100.83621951937675,99.79937485076486,34.40537630021572,66.43084269762039,1.659736754372716,19614.39426803589,0.0,30.0,0.0,1.0,0.3576190476190476,0.9942629262804985,0.9942629262804985,0.0
double_dqn,805,142,101.72962538152933,100.55001801542937,35.100415885448456,66.62920938432217,1.6151929972693324,19803.394081115723,0.0,31.0,0.0,0.0,0.35309523809523813,1.071322936564684,1.071322936564684,0.0
double_dqn,805,143,103.65804507732392,100.51276098676026,34.90103932470083,68.75700605809689,1.6543429903686047,19978.53134536743,0.0,31.0,0.0,2.0,0.34857142857142864,0.7654172834008932,0.7654172834008932,0.0
double_dqn,805,144,86.35043004155159,100.05813730053605,32.285603910684586,54.06482583284378,1.5676474394276738,18412.13581085205,0.0,25.0,0.0,1.0,0.34404761904761905,0.7769365143030882,0.7769365143030882,0.0
double_dqn,805,145,82.0099075883627,99.67220986500384,32.27650962769985,49.733399003744125,1.5469513414427638,17837.979120254517,0.0,23.0,0.0,1.0,0.33952380952380956,0.8963325880467892,0.8963325880467892,0.0
double_dqn,805,146,90.372938208282,99.59474368140101,34.46330004185438,55.90963792800903,1.5888670831918716,19167.6131439209,0.0,26.0,0.0,1.0,0.3350000000000001,0.880336070433259,0.880336070433259,0.0
double_dqn,805,147,91.16987370848656,99.71242488637567,34.70757092535496,56.46230247020721,1.5999575210735202,19407.477687835693,0.0,25.0,0.0,2.0,0.3304761904761905,0.9571647681295872,0.9571647681295872,0.0
double_dqn,805,148,95.81000359356403,99.05878502443434,33.6086722612381,62.20133148133755,1.5754927033558488,18916.30109024048,0.0,27.0,0.0,0.0,0.325952380952381,0.9841890931129456,0.9841890931129456,0.0
double_dqn,805,149,89.50947000086308,97.88545148983599,32.84539593756199,56.66407358646393,1.5876133255660534,18345.905834197998,0.0,25.0,0.0,0.0,0.3214285714285714,0.8837745133787394,0.8837745133787394,0.0
double_dqn,805,150,90.89876735210419,96.8938816857338,34.60304869711399,56.2957184612751,1.5800346080213785,19130.514190673828,0.0,26.0,0.0,0.0,0.3169047619047619,0.7955674231052399,0.7955674231052399,0.0
double_dqn,805,151,99.34576312601567,96.91182079926133,34.19645134359598,65.14931199848652,1.6225682608783245,19284.967113494873,0.0,30.0,0.0,2.0,0.3123809523809524,1.1404190100729465,1.1404190100729465,0.0
double_dqn,805,152,97.80164955556393,96.36578194960951,34.53876286000013,63.26288691163063,1.5974768828600645,19041.625862121582,0.0,27.0,0.0,1.0,0.30785714285714294,1.126242458820343,1.126242458820343,0.0
double_dqn,805,153,100.12153632938862,96.16003432169558,35.31919127702713,64.8023452758789,1.6453042151406407,19853.886302947998,0.0,28.0,0.0,0.0,0.30333333333333345,0.8495955001562834,0.8495955001562834,0.0
double_dqn,805,154,87.98653456568718,95.32541622787714,29.799352884292603,58.18718156218529,1.5192309096455574,16686.91188812256,0.0,26.0,0.0,0.0,0.29880952380952375,0.8825169559568167,0.8825169559568167,0.0
double_dqn,805,155,98.9815317094326,95.83844891309738,35.0220043361187,63.959527745842934,1.6520273871719837,19672.693071365356,0.0,28.0,0.0,1.0,0.29428571428571426,0.7413502410054207,0.7413502410054207,0.0
double_dqn,805,156,91.30976393818855,95.94467456012964,34.04896795004606,57.26079621911049,1.5843821475282311,18704.27808380127,0.0,26.0,0.0,1.0,0.2897619047619048,1.2193718142807484,1.2193718142807484,0.0
double_dqn,805,157,100.21456099450589,95.20477314822377,33.55085397511721,66.66370753347874,1.6378510585054755,19035.726036071777,0.0,29.0,0.0,2.0,0.2852380952380953,1.1126836016774178,1.1126836016774178,0.0
double_dqn,805,158,99.68157170712948,95.29856465131044,35.36518484354019,64.31638671457767,1.61226967535913,19859.262561798096,0.0,29.0,0.0,0.0,0.2807142857142858,0.9811408519744873,0.9811408519744873,0.0
double_dqn,805,159,98.9231987670064,94.8301296069473,32.005962051451206,66.91723719239235,1.5952901998534799,18016.319217681885,0.0,30.0,0.0,0.0,0.2761904761904763,0.9116854444146156,0.9116854444146156,0.0
double_dqn,805,160,101.28603211939335,95.39987116418779,34.545935451984406,66.74009666740895,1.614945100620389,19023.832469940186,0.0,30.0,0.0,3.0,0.2716666666666666,0.9448704663664103,0.9448704663664103,0.0
double_dqn,805,161,105.89786265790462,95.65295332111418,35.913079649209976,69.98478288948536,1.7101177461445332,20607.471717834473,0.0,31.0,0.0,0.0,0.2671428571428571,0.9431315585970879,0.9431315585970879,0.0
double_dqn,805,162,106.91370209306479,95.91215715669095,35.158999763429165,71.75470265746117,1.690295249223709,20235.790241241455,0.0,30.0,0.0,1.0,0.26261904761904764,1.2400970235466957,1.2400970235466957,0.0
double_dqn,805,163,98.7421963825822,95.66636472195387,34.42206270247698,64.3201339185238,1.6199031500145793,19525.82195663452,0.0,28.0,0.0,2.0,0.25809523809523816,1.0191149711608887,1.0191149711608887,0.0
double_dqn,805,164,91.20253094434739,95.90896976709367,35.06289531290531,56.13963543772697,1.6228184197098017,19738.941082000732,0.0,27.0,0.0,2.0,0.25357142857142867,1.2861573547124863,1.2861573547124863,0.0
double_dqn,805,165,104.77278955429793,97.04711386539043,35.38365887850523,69.38913016915322,1.6908254902809858,20203.718557357788,0.0,31.0,0.0,1.0,0.24904761904761907,1.1513383239507675,1.1513383239507675,0.0
double_dqn,805,166,84.65445277094841,96.76118959352375,31.7131450176239,52.94130802154541,1.5334825599566102,17710.57875442505,0.0,26.0,0.0,0.0,0.2445238095238096,0.848198227584362,0.848198227584362,0.0
double_dqn,805,167,87.5169420093298,96.5785430085659,32.474944435060024,55.04199782013893,1.5533000761643052,17897.009254455566,0.0,26.0,0.0,1.0,0.24,0.9892870057374239,0.9892870057374239,0.0
double_dqn,805,168,108.46385723352432,97.21123569056392,38.67047591507435,69.79338127374649,1.714156549423933,21372.720100402832,0.0,30.0,0.0,2.0,0.2354761904761905,1.0855851136147976,1.0855851136147976,0.0
double_dqn,805,169,108.10202967524529,98.14086367428304,36.978893116116524,71.1231362760067,1.624607882462442,20538.52159500122,0.0,32.0,0.0,1.0,0.23095238095238102,1.0641472898423672,1.0641472898423672,0.0
double_dqn,805,170,95.91671224236488,98.39176091879607,35.445898562669754,60.47081388831138,1.600462500937283,19109.453945159912,0.0,27.0,0.0,3.0,0.22642857142857142,0.8069963753223419,0.8069963753223419,0.0
double_dqn,805,171,100.07192821055651,98.4280691730231,37.03459379822016,63.037334740161896,1.6333613246679306,20448.50740814209,0.0,28.0,0.0,0.0,0.22190476190476194,1.1515735685825348,1.1515735685825348,0.0
double_dqn,805,172,96.08432541042566,98.34220296576619,33.82251534610987,62.26181001961231,1.6231173407286406,19209.75018310547,0.0,27.0,0.0,0.0,0.21738095238095245,1.1829191371798515,1.1829191371798515,0.0
double_dqn,805,173,91.44204331338406,97.90822831496597,33.22925437986851,58.21278946995735,1.5868247151374817,18318.3623046875,0.0,26.0,0.0,4.0,0.21285714285714286,1.2728936970233917,1.2728936970233917,0.0
double_dqn,805,174,87.84111915081739,97.90095754422248,32.76894614845514,55.07217338979244,1.576358457095921,18147.309768676758,0.0,25.0,0.0,2.0,0.20833333333333337,1.21793482452631,1.21793482452631,0.0
double_dqn,805,175,82.31578255444765,97.06767008647323,28.371908843517303,53.94387374818325,1.547165360301733,16331.099609375,0.0,25.0,0.0,1.0,0.20380952380952377,1.1872912012040615,1.1872912012040615,0.0
double_dqn,805,176,73.69437417387962,96.18690059825778,29.53101646155119,44.16335751116276,1.474486941471696,16080.549798965454,0.0,23.0,0.0,0.0,0.1992857142857143,1.0897877123206854,1.0897877123206854,0.0
double_dqn,805,177,75.22418975830078,94.93738203644753,29.894373580813408,45.32981623709202,1.5169552005827427,16776.80561065674,0.0,20.0,0.0,0.0,0.1947619047619048,0.8438340220600367,0.8438340220600367,0.0
double_dqn,805,178,92.32856299728155,94.56973160095512,31.735341168940067,60.593221783638,1.5577475922182202,17956.291652679443,0.0,29.0,0.0,0.0,0.19023809523809532,1.0810145288705826,1.0810145288705826,0.0
double_dqn,805,179,107.53604389727116,95.00037385746836,38.3732618317008,69.16278159618378,1.7322826404124498,21737.02465057373,0.0,30.0,0.0,0.0,0.18571428571428583,0.9799163658171892,0.9799163658171892,0.0
double_dqn,805,180,84.23984549939632,94.14806452646852,31.31538899242878,52.92445659637451,1.5660776840522885,17616.725746154785,0.0,24.0,0.0,0.0,0.18119047619047624,1.126394523307681,1.126394523307681,0.0
double_dqn,805,181,82.8042089432478,92.99338184073568,31.426523424685,51.37768552601337,1.5495416317135096,17646.963611602783,0.0,23.0,0.0,1.0,0.17666666666666664,1.1787998992949724,1.1787998992949724,0.0
double_dqn,805,182,94.39884173870087,92.36763882301749,34.06212340295315,60.33671826124191,1.5732191735878587,18846.4688911438,0.0,27.0,0.0,0.0,0.17214285714285715,0.9831106215715408,0.9831106215715408,0.0
double_dqn,805,183,92.48462641239166,92.05476032450795,32.4103866443038,60.07423985004425,1.5833884896710515,18075.854749679565,0.0,27.0,0.0,1.0,0.16761904761904767,1.1215914972126484,1.1215914972126484,0.0
double_dqn,805,184,97.05980387330055,92.34762397095562,33.39029545336962,63.669507801532745,1.5874075023457408,18601.124271392822,0.0,28.0,0.0,0.0,0.16309523809523818,1.219266101717949,1.219266101717949,0.0
double_dqn,805,185,76.40325916707516,90.92914745159449,28.921033553779125,47.48222544193268,1.4682156629860401,15393.569198608398,0.0,23.0,0.0,2.0,0.1585714285714287,0.915108609944582,0.915108609944582,0.0
double_dqn,805,186,104.9512682557106,91.9439882258326,35.017780654132366,69.9334876537323,1.6369537906721234,19611.381992340088,0.0,32.0,0.0,1.0,0.1540476190476191,1.1462533492594957,1.1462533492594957,0.0
double_dqn,805,187,102.2863136023283,92.68245680548253,33.47462161630392,68.81169241070748,1.5893776156008244,18466.337537765503,0.0,30.0,0.0,1.0,0.1495238095238095,1.2780377231538296,1.2780377231538296,0.0
double_dqn,805,188,105.10449156165123,92.51448852188886,34.49975986778736,70.60473135113716,1.663201242685318,19452.776626586914,0.0,30.0,0.0,0.0,0.14500000000000002,1.1018025409430265,1.1018025409430265,0.0
double_dqn,805,189,98.29525201022625,92.02414963863791,32.96811328083277,65.32713876664639,1.6080276994034648,18818.878147125244,0.0,29.0,0.0,0.0,0.14047619047619053,1.0829345360398293,1.0829345360398293,0.0
double_dqn,805,190,76.28255614787341,91.04244183391333,29.630860395729542,46.65169625878334,1.5151315061375499,16402.892107009888,0.0,22.0,0.0,2.0,0.13595238095238105,1.2399698738008738,1.2399698738008738,0.0
double_dqn,805,191,86.17477034032345,90.34758394040168,30.836009211838245,55.33876143395901,1.489955486729741,16516.151638031006,0.0,26.0,0.0,0.0,0.13142857142857145,1.2383688185364008,1.2383688185364008,0.0
double_dqn,805,192,90.2543882727623,90.05608708351852,34.60467905551195,55.64970888197422,1.5640734117478132,18572.665367126465,0.0,25.0,0.0,0.0,0.12690476190476196,1.1122555043548346,1.1122555043548346,0.0
double_dqn,805,193,87.94020530581474,89.88099518314004,30.692417085170746,57.24778853356838,1.5933729764074087,17356.56151199341,0.0,27.0,0.0,0.0,0.12238095238095237,1.1381749548017979,1.1381749548017979,0.0
double_dqn,805,194,97.37511371076107,90.35769491113722,32.124647065997124,65.25046676397324,1.5500558968633413,17686.32862854004,0.0,29.0,0.0,1.0,0.11785714285714288,0.9985570125281811,0.9985570125281811,0.0
double_dqn,805,195,95.44135469198227,91.01397351801396,32.458927035331726,62.98242737352848,1.5934305787086487,18138.39165878296,0.0,29.0,0.0,0.0,0.1133333333333334,1.4396231546998024,1.4396231546998024,0.0
double_dqn,805,196,89.44500877857209,91.80150524824857,31.069176003336906,58.37583259642124,1.5730524500831962,17358.777980804443,0.0,25.0,0.0,1.0,0.1088095238095238,1.1348915603011847,1.1348915603011847,0.0
double_dqn,805,197,93.66445693671703,92.72351860716938,34.72629435360432,58.93816286623478,1.5758704235777259,18685.229888916016,0.0,26.0,0.0,5.0,0.10428571428571431,1.3564260080456734,1.3564260080456734,0.0
double_dqn,805,198,97.90067003667355,93.00212395913898,34.24943038076162,63.65123921632767,1.62177041079849,19146.88931274414,0.0,29.0,0.0,0.0,0.09976190476190483,1.266116939485073,1.266116939485073,0.0
double_dqn,805,199,83.08596692234278,91.77962011039257,29.847393862903118,53.2385733127594,1.5192115930840373,16866.027751922607,0.0,24.0,0.0,0.0,0.09523809523809534,1.1766123808920383,1.1766123808920383,0.0
double_dqn,805,200,92.80129332840443,92.20769250184297,33.18280433118343,59.61848874390125,1.5834211083129048,18067.125429153442,0.0,27.0,0.0,1.0,0.09071428571428575,0.8226496074348688,0.8226496074348688,0.0
double_dqn,805,201,93.16640594005585,92.72580235168338,32.56304977834225,60.60335620641708,1.5852009262889624,18177.553630828857,0.0,26.0,0.0,1.0,0.08619047619047626,1.2887570317834616,1.2887570317834616,0.0
double_dqn,805,202,98.58473739922047,92.93509713470937,30.93707064539194,67.6476668804884,1.5871057212352753,17509.59698867798,0.0,31.0,0.0,2.0,0.08166666666666667,1.2560959551483393,1.2560959551483393,0.0
double_dqn,805,203,94.58704627305269,93.04021812774242,32.446803741157055,62.14024242758751,1.5567562729120255,17627.23003768921,0.0,28.0,0.0,0.0,0.07714285714285718,1.0328429955989122,1.0328429955989122,0.0
double_dqn,805,204,85.08900993317366,92.44167843073608,31.024138748645782,54.06487116217613,1.53402806725353,17156.28980255127,0.0,24.0,0.0,0.0,0.0726190476190477,1.075163934379816,1.075163934379816,0.0
double_dqn,805,205,72.5884075254202,92.25093584865333,28.805897876620293,43.78250954449177,1.4734635837376118,15662.586791992188,0.0,21.0,0.0,1.0,0.06809523809523821,1.2895705234259367,1.2895705234259367,0.0
double_dqn,805,206,91.50970813035966,91.57885784238577,31.576293751597404,59.9334138572216,1.573148393072188,17487.610092163086,0.0,27.0,0.0,2.0,0.06357142857142861,0.9204384554177523,0.9204384554177523,0.0
double_dqn,805,207,93.61123665422201,91.14510399498047,32.9849541708827,60.62628358602524,1.583906770683825,18004.486068725586,0.0,28.0,0.0,2.0,0.059047619047619015,1.176841150969267,1.176841150969267,0.0
double_dqn,805,208,85.92785778045655,90.18627230592074,29.52726349979639,56.400594079494475,1.5003777910023928,16062.627891540527,0.0,26.0,0.0,1.0,0.05452380952380953,1.1837570909410715,1.1837570909410715,0.0
double_dqn,805,209,85.83125168085098,89.56307228945197,30.813398838043213,55.01785272359848,1.555099980905652,17130.77476501465,0.0,24.0,0.0,1.0,0.050000000000000044,1.277323193848133,1.277323193848133,0.0
double_dqn,805,210,100.5929114073515,90.77859005242587,33.55194403231144,67.04096764326096,1.6515628350898623,18868.452743530273,0.0,29.0,0.0,0.0,0.050000000000000044,1.1825489029288292,1.1825489029288292,0.0
double_dqn,805,211,84.14581152051687,90.67714211143553,31.769862912595272,52.375949025154114,1.5573291340842843,17480.105339050293,0.0,25.0,0.0,0.0,0.050000000000000044,1.4083887599408627,1.4083887599408627,0.0
double_dqn,805,212,90.81577527672053,90.70521146163345,30.476728342473507,60.33904702365398,1.5218349024653435,16571.163890838623,0.0,27.0,0.0,2.0,0.050000000000000044,1.255169091746211,1.255169091746211,0.0
double_dqn,805,213,94.01905837059022,91.00915411487223,31.876027710735798,62.143030846118926,1.5875458484515548,17753.325342178345,0.0,29.0,0.0,1.0,0.050000000000000044,1.256904074922204,1.256904074922204,0.0
double_dqn,805,214,70.77916146814823,89.67935650274158,27.768668621778488,43.01049208641052,1.4091248754411936,14421.04223060608,0.0,22.0,0.0,0.0,0.050000000000000044,1.2040373459458351,1.2040373459458351,0.0
double_dqn,805,215,100.11689765006304,89.91313365064562,32.856212206184864,67.2606853544712,1.633986092172563,18487.650415420532,0.0,30.0,0.0,0.0,0.050000000000000044,1.3328385017812252,1.3328385017812252,0.0
double_dqn,805,216,88.21567296236753,89.85166685983539,30.89009427279234,57.325578451156616,1.5245862482115626,16926.057647705078,0.0,27.0,0.0,0.0,0.050000000000000044,1.4071072470396757,1.4071072470396757,0.0
double_dqn,805,217,67.1895717471838,88.52792260035874,26.86757504940033,40.32199721932411,1.4406224200502038,14582.919738769531,0.0,21.0,0.0,2.0,0.050000000000000044,1.2778901737183332,1.2778901737183332,0.0
double_dqn,805,218,94.0722191259265,88.33650005482139,31.65466345101595,62.417555809020996,1.5614013988524675,17247.435052871704,0.0,27.0,0.0,0.0,0.050000000000000044,1.4340213499963284,1.4340213499963284,0.0
double_dqn,805,219,78.01106729507447,88.08275507345797,28.728074096143246,49.28299323618412,1.4906436502933502,15877.993013381958,0.0,24.0,0.0,1.0,0.050000000000000044,1.2258908431977034,1.2258908431977034,0.0
double_dqn,805,220,88.63137685507536,87.87425924979152,32.00032106786966,56.63105554878712,1.5668854443356395,17558.530502319336,0.0,27.0,0.0,1.0,0.050000000000000044,1.272224111482501,1.272224111482501,0.0
double_dqn,805,221,87.92140041291714,87.61200897343458,31.54412689805031,56.377273842692375,1.5506313955411315,17276.60636138916,0.0,26.0,0.0,0.0,0.050000000000000044,1.2251901272684336,1.2251901272684336,0.0
double_dqn,805,222,86.0070314347744,86.98312367521228,30.402744315564632,55.604287007451056,1.5183973768725991,16578.688467025757,0.0,26.0,0.0,1.0,0.050000000000000044,1.0502872038632631,1.0502872038632631,0.0
double_dqn,805,223,85.23697262257338,86.51561999268831,29.78071890026331,55.45625340938568,1.5200376445427537,16422.325550079346,0.0,26.0,0.0,0.0,0.050000000000000044,1.3060298897325993,1.3060298897325993,0.0
double_dqn,805,224,98.57942689955235,87.19014084100725,32.79161939769983,65.78780724108219,1.5914375400170684,17940.184326171875,0.0,31.0,0.0,0.0,0.050000000000000044,1.2896966133266687,1.2896966133266687,0.0
double_dqn,805,225,102.81739427149296,88.70159017831088,35.02048225700855,67.79691170156002,1.6398752992972732,19362.53883743286,0.0,30.0,0.0,0.0,0.050000000000000044,1.1276671402156353,1.1276671402156353,0.0
double_dqn,805,226,91.93230700492859,88.72272012203932,32.35620993375778,59.57609698176384,1.5754861934110522,17850.703174591064,0.0,27.0,0.0,1.0,0.050000000000000044,1.4773083366453648,1.4773083366453648,0.0
double_dqn,805,227,83.92073754370213,88.23819516651334,30.921204149723053,52.999532827734946,1.5373856937512755,17220.984733581543,0.0,25.0,0.0,1.0,0.050000000000000044,1.2828185558319092,1.2828185558319092,0.0
double_dqn,805,228,99.3186060488224,88.90773257993162,34.53934417665005,64.77926126122475,1.6543725626543164,19190.731700897217,0.0,28.0,0.0,2.0,0.050000000000000044,1.2530052848160267,1.2530052848160267,0.0
double_dqn,805,229,98.84973172843456,89.5586565823108,33.99316733330488,64.8565644621849,1.6241733497008681,18791.22314453125,0.0,30.0,0.0,1.0,0.050000000000000044,1.2551282607018948,1.2551282607018948,0.0
double_dqn,805,230,94.30942609310151,89.24448231659831,34.35805055499077,59.951375329494475,1.6262196935713291,19199.514038085938,0.0,26.0,0.0,1.0,0.050000000000000044,1.344143234193325,1.344143234193325,0.0
double_dqn,805,231,93.7846202403307,89.726422752589,31.778064966201782,62.006555289030075,1.541517366655171,17251.196605682373,0.0,28.0,0.0,0.0,0.050000000000000044,1.2364173084497452,1.2364173084497452,0.0
double_dqn,805,232,92.63673077523708,89.81747052751481,31.116849079728127,61.51988208293915,1.5617813607677817,17146.949058532715,0.0,28.0,0.0,0.0,0.050000000000000044,1.653308019042015,1.653308019042015,0.0
double_dqn,805,233,86.63661179095507,89.44834819853307,30.51196474581957,56.12464741766453,1.5190497543662786,16753.47133255005,0.0,24.0,0.0,2.0,0.050000000000000044,1.3473252560943365,1.3473252560943365,0.0
double_dqn,805,234,95.5204119682312,90.68541072353722,33.73001787811518,61.79039379954338,1.5793817350640893,18552.64773750305,0.0,27.0,0.0,0.0,0.050000000000000044,1.4798806309700012,1.4798806309700012,0.0
double_dqn,805,235,92.59245946258307,90.3091888141632,32.643258810043335,59.94920042157173,1.606614756397903,18102.01189994812,0.0,26.0,0.0,0.0,0.050000000000000044,1.466335540637374,1.466335540637374,0.0
double_dqn,805,236,82.78735210001469,90.03777277104557,28.995089203119278,53.79226225614548,1.4999540662392974,15733.72310256958,0.0,24.0,0.0,1.0,0.050000000000000044,1.27158815972507,1.27158815972507,0.0
double_dqn,805,237,92.17105634510517,91.28684700094163,32.56206004321575,59.60899639129639,1.5952618448063731,18009.531700134277,0.0,28.0,0.0,0.0,0.050000000000000044,1.4257650077342987,1.4257650077342987,0.0
double_dqn,805,238,92.14778174459934,91.19062513187528,33.38566602766514,58.762115344405174,1.5657470813021064,17830.648906707764,0.0,26.0,0.0,1.0,0.050000000000000044,0.855091230943799,0.855091230943799,0.0
double_dqn,805,239,92.26477591693401,91.90331056296824,30.501034826040268,61.763741195201874,1.551723500713706,17133.065143585205,0.0,28.0,0.0,0.0,0.050000000000000044,1.3502742853015661,1.3502742853015661,0.0
double_dqn,805,240,72.03424173742533,91.07345380708576,28.43745570629835,43.59678550958633,1.4701967798173428,15306.212909698486,0.0,23.0,0.0,1.0,0.050000000000000044,1.2926132567226887,1.2926132567226887,0.0
double_dqn,805,241,86.60090131461621,91.0074288521707,29.23881384730339,57.36208722889423,1.5355115309357643,16362.770217895508,0.0,26.0,0.0,2.0,0.050000000000000044,1.2764101214706898,1.2764101214706898,0.0
double_dqn,805,242,111.80491056442261,92.29732280865312,34.654859244823456,77.15005066394806,1.6675183409824967,19353.712238311768,0.0,32.0,0.0,2.0,0.050000000000000044,1.2575040683150291,1.2575040683150291,0.0
double_dqn,805,243,83.43948888033628,92.20744862154126,30.17174655944109,53.26774260401726,1.5323549779132009,16664.67882156372,0.0,24.0,0.0,0.0,0.050000000000000044,1.2650005780160427,1.2650005780160427,0.0
double_dqn,805,244,103.27565560638905,92.4422600568831,31.501916751265526,71.77373881042004,1.5728030567988753,17473.451988220215,0.0,31.0,0.0,2.0,0.050000000000000044,1.0311807319521904,1.0311807319521904,0.0
double_dqn,805,245,84.4355132073164,91.52316600367428,31.29189097881317,53.14362240731716,1.5352296801283956,17079.506858825684,0.0,24.0,0.0,1.0,0.050000000000000044,1.1956487074494362,1.1956487074494362,0.0
double_dqn,805,246,99.95664610266685,91.9243829585612,34.01702480018139,65.93962134718895,1.6299797520041466,19057.083198547363,0.0,28.0,0.0,3.0,0.050000000000000044,1.1641901545226574,1.1641901545226574,0.0
double_dqn,805,247,94.82444907724857,92.46956853523851,33.90199997276068,60.922449082136154,1.6209904458373785,19073.96037864685,0.0,28.0,0.0,0.0,0.050000000000000044,1.0982629973441362,1.0982629973441362,0.0
double_dqn,805,248,86.57410933077335,91.83234369933606,31.494204506278038,55.07990458607674,1.5479123480618,17343.198070526123,0.0,25.0,0.0,1.0,0.050000000000000044,1.360593769699335,1.360593769699335,0.0
double_dqn,805,249,91.62613953649998,91.47116408973933,31.156144678592682,60.46999506652355,1.554812328889966,17014.15111541748,0.0,28.0,0.0,0.0,0.050000000000000044,1.2780049853026867,1.2780049853026867,0.0
double_dqn,805,250,88.66373441517354,91.18887950584293,32.79638762772083,55.86734681725502,1.6037182491272688,18241.905555725098,0.0,25.0,0.0,1.0,0.050000000000000044,1.5286934040486813,1.5286934040486813,0.0
double_dqn,805,251,103.38558852076531,91.66892791986467,34.957971058785915,68.42761772274972,1.6574174081906676,19478.9481010437,0.0,30.0,0.0,2.0,0.050000000000000044,1.1144316047430038,1.1144316047430038,0.0
double_dqn,805,252,109.3404478430748,92.50411377325655,35.294711358845234,74.0457361638546,1.7088484521955252,19982.644561767578,0.0,32.0,0.0,0.0,0.050000000000000044,1.758832462131977,1.758832462131977,0.0
double_dqn,805,253,90.65074694901705,92.70482053115965,32.57976555079222,58.07098151743412,1.5798721080645919,18060.464031219482,0.0,26.0,0.0,1.0,0.050000000000000044,1.528720423579216,1.528720423579216,0.0
double_dqn,805,254,76.91895609349012,91.77474773742259,30.153491728007793,46.76546424627304,1.5188721725717187,16538.340036392212,0.0,24.0,0.0,0.0,0.050000000000000044,1.2819738052785397,1.2819738052785397,0.0
double_dqn,805,255,96.47168742418289,91.96870913550256,33.7180982530117,62.75358914136886,1.6064068619161844,18561.08219909668,0.0,27.0,0.0,3.0,0.050000000000000044,1.1058433651924133,1.1058433651924133,0.0
double_dqn,805,256,92.22832083255052,92.44075757212936,31.48138601332903,60.74693517684936,1.546672540716827,17173.740074157715,0.0,26.0,0.0,3.0,0.050000000000000044,1.438220975920558,1.438220975920558,0.0
double_dqn,805,257,89.73225887864828,92.31881769880651,32.196766056120396,57.5354927778244,1.578082900494337,17633.51138305664,0.0,27.0,0.0,0.0,0.050000000000000044,1.27572987601161,1.27572987601161,0.0
double_dqn,805,258,92.98624883592129,92.3607410533726,34.44191740453243,58.544330939650536,1.6162289688363671,18806.039138793945,0.0,26.0,0.0,0.0,0.050000000000000044,1.2196025140583515,1.2196025140583515,0.0
double_dqn,805,259,85.31631281971931,92.01331789851189,28.937553644180298,56.378759160637856,1.4983308967202902,15936.594772338867,0.0,27.0,0.0,0.0,0.050000000000000044,1.4871757999062538,1.4871757999062538,0.0
double_dqn,805,260,84.82965894937516,92.6530887591094,31.560504749417305,53.269154810905455,1.5428400626406074,17392.624214172363,0.0,24.0,0.0,1.0,0.050000000000000044,1.319448746740818,1.319448746740818,0.0
double_dqn,805,261,78.7013092264533,92.25810915470124,29.318008817732334,49.383300721645355,1.4939794121310115,15965.372980117798,0.0,23.0,0.0,0.0,0.050000000000000044,1.645272994413972,1.645272994413972,0.0
double_dqn,805,262,92.125387185812,91.2741329857707,32.06178617477417,60.06360111534595,1.5750297009944916,17841.441928863525,0.0,26.0,0.0,1.0,0.050000000000000044,1.45858783274889,1.45858783274889,0.0
double_dqn,805,263,88.07857166379691,91.50608712494375,32.866892121732235,55.2116799890995,1.5840419037267566,18245.451694488525,0.0,24.0,0.0,1.0,0.050000000000000044,1.2769270427525043,1.2769270427525043,0.0
double_dqn,805,264,101.6173935085535,91.42317402005196,35.06533086299896,66.55206301808357,1.6464873617514968,19248.01474761963,0.0,30.0,0.0,0.0,0.050000000000000044,1.252819448709488,1.252819448709488,0.0
double_dqn,805,265,92.89040165394545,91.84591844238342,33.510917507112026,59.37948441505432,1.6144453221932054,18555.765533447266,0.0,26.0,0.0,0.0,0.050000000000000044,1.4293599855154753,1.4293599855154753,0.0
double_dqn,805,266,88.95683597028255,91.2959279357642,33.44054847955704,55.51628789305687,1.5836951918900013,18132.75431060791,0.0,24.0,0.0,0.0,0.050000000000000044,1.1636272221803665,1.1636272221803665,0.0
double_dqn,805,267,87.19987815022469,90.914699389413,32.36979986727238,54.83007832765579,1.5540287774056196,17601.701328277588,0.0,25.0,0.0,1.0,0.050000000000000044,1.4141332730650902,1.4141332730650902,0.0
double_dqn,805,268,88.91803229600191,91.03189553767443,31.39893700927496,57.51909486949444,1.5683396328240633,17413.60617828369,0.0,26.0,0.0,0.0,0.050000000000000044,1.43889513425529,1.43889513425529,0.0
double_dqn,805,269,84.8662690371275,90.69390201270582,29.73981834203005,55.12645070254803,1.5082642007619143,16305.57699584961,0.0,26.0,0.0,1.0,0.050000000000000044,1.3631970658898354,1.3631970658898354,0.0
double_dqn,805,270,88.54547929316759,90.6879892566055,32.256366707384586,56.28911157250404,1.5837960680946708,18040.39672088623,0.0,25.0,0.0,2.0,0.050000000000000044,1.0219492129981518,1.0219492129981518,0.0
double_dqn,805,271,92.03840418308974,90.12063003972173,32.08046067506075,59.95794350802898,1.5732072787359357,17848.876846313477,0.0,28.0,0.0,1.0,0.050000000000000044,1.5062451548874378,1.5062451548874378,0.0
double_dqn,805,272,86.80641526728868,88.99392841093241,30.505191512405872,56.301223665475845,1.5434071207419038,16990.531017303467,0.0,25.0,0.0,0.0,0.050000000000000044,1.520605769008398,1.520605769008398,0.0
double_dqn,805,273,96.70473317205906,89.29662772208454,32.323818147182465,64.38091524839402,1.5452834786847234,17397.645721435547,0.0,30.0,0.0,1.0,0.050000000000000044,1.4190484061837196,1.4190484061837196,0.0
double_dqn,805,274,101.54340035617352,90.52784993521871,34.65900355577469,66.88439660668374,1.6233204063028097,19122.388914108276,0.0,29.0,0.0,1.0,0.050000000000000044,1.3532918486744165,1.3532918486744165,0.0
double_dqn,805,275,106.25776437819005,91.01715378291905,36.47753728926182,69.78022714853287,1.713498940691352,20425.357402801514,0.0,30.0,0.0,2.0,0.050000000000000044,1.3624777644872665,1.3624777644872665,0.0
double_dqn,805,276,85.58089312314988,90.68478239744903,32.17537435889244,53.40551830232143,1.562187540344894,17626.286102294922,0.0,23.0,0.0,1.0,0.050000000000000044,1.2262513525784016,1.2262513525784016,0.0
double_dqn,805,277,86.4094799309969,90.51864345006645,30.70474936068058,55.704730078577995,1.5404637642204762,17180.725204467773,0.0,26.0,0.0,0.0,0.050000000000000044,1.4628014378249645,1.4628014378249645,0.0
double_dqn,805,278,89.55236504971981,90.34694926075638,30.762672156095505,58.789692640304565,1.55868336930871,17145.720294952393,0.0,26.0,0.0,0.0,0.050000000000000044,1.3379281423985958,1.3379281423985958,0.0
double_dqn,805,279,79.20339034497738,90.04130313701928,28.688759572803974,50.51463070511818,1.4975701672956347,15735.36434173584,0.0,25.0,0.0,0.0,0.050000000000000044,1.2553987614810467,1.2553987614810467,0.0
double_dqn,805,280,87.35371401309968,90.1675058902055,31.796236097812653,55.55747746825218,1.5326496632769704,17522.3168964386,0.0,24.0,0.0,1.0,0.050000000000000044,0.9745571743696928,0.9745571743696928,0.0
double_dqn,805,281,97.3026921838522,91.09757503807546,33.25551746040583,64.04717522263527,1.5990146482363343,18459.596187591553,0.0,27.0,0.0,1.0,0.050000000000000044,1.2122657485306263,1.2122657485306263,0.0
double_dqn,805,282,90.651222088933,91.02386678323151,31.88584090024233,58.76538082361221,1.5617034183815122,17570.969512939453,0.0,26.0,0.0,1.0,0.050000000000000044,1.5949213448911905,1.5949213448911905,0.0
double_dqn,805,283,86.91742965579033,90.96580968283118,32.05114859342575,54.866281032562256,1.5204102713614702,17054.257400512695,0.0,25.0,0.0,0.0,0.050000000000000044,1.2430830243974924,1.2430830243974924,0.0
double_dqn,805,284,103.61461819708347,91.06567091725768,35.60370969772339,68.01090902090073,1.6349403699859977,19554.53719329834,0.0,30.0,0.0,0.0,0.050000000000000044,1.6845294181257486,1.6845294181257486,0.0
double_dqn,805,285,88.47953759878874,90.84512771449984,31.173787847161293,57.30574905872345,1.583927690051496,17785.09517288208,0.0,26.0,0.0,0.0,0.050000000000000044,1.7529918029904366,1.7529918029904366,0.0
double_dqn,805,286,105.47499614357949,91.67103572316469,35.368137538433075,70.1068582624197,1.6626051804050803,19852.32390975952,0.0,32.0,0.0,1.0,0.050000000000000044,1.5771876703947783,1.5771876703947783,0.0
double_dqn,805,287,87.630027577281,91.6925431945175,33.85558742284775,53.774440348148346,1.57616494782269,18371.03221511841,0.0,24.0,0.0,0.0,0.050000000000000044,1.5506801269948483,1.5506801269948483,0.0
double_dqn,805,288,103.35799804627895,92.41454148203135,32.64789978414774,70.7100979566574,1.620573447085917,18308.046131134033,0.0,31.0,0.0,2.0,0.050000000000000044,1.5450727976858616,1.5450727976858616,0.0
double_dqn,805,289,99.38686183094978,93.14057112172246,35.26944686472416,64.11741498112679,1.6168366828933358,19226.37600326538,0.0,30.0,0.0,0.0,0.050000000000000044,1.1012874674052,1.1012874674052,0.0
double_dqn,805,290,78.41552985608578,92.63407364986838,29.152557224035263,49.262972170114516,1.4726294074207544,15527.951358795166,0.0,23.0,0.0,1.0,0.050000000000000044,1.2161086481064558,1.2161086481064558,0.0
double_dqn,805,291,91.81206429749727,92.62275665558874,32.77877403050661,59.03329084813595,1.5887284092605114,18062.99582862854,0.0,27.0,0.0,1.0,0.050000000000000044,1.263454906642437,1.263454906642437,0.0
double_dqn,805,292,95.91750885546207,93.07831133499742,34.00866702198982,61.90884193778038,1.6038742074742913,18625.650371551514,0.0,27.0,0.0,0.0,0.050000000000000044,1.4208796918392181,1.4208796918392181,0.0
double_dqn,805,293,78.57773548364639,92.17196145057679,31.60683973133564,46.970895916223526,1.5449727540835738,17424.544631958008,0.0,23.0,0.0,0.0,0.050000000000000044,1.5336168576031923,1.5336168576031923,0.0
double_dqn,805,294,91.38171237111092,91.66387705132367,32.61720731854439,58.76450460553169,1.5864792745560408,18171.17259979248,0.0,26.0,0.0,1.0,0.050000000000000044,1.025637874379754,1.025637874379754,0.0
double_dqn,805,295,101.84800240397453,91.44338895261288,35.03086672723293,66.81713609397411,1.6712972139939666,19340.881298065186,0.0,29.0,0.0,1.0,0.050000000000000044,1.4708755351603031,1.4708755351603031,0.0
double_dqn,805,296,95.43992015719414,91.9363403043151,34.74348559975624,60.69643522799015,1.6365131409838796,19011.991340637207,0.0,28.0,0.0,0.0,0.050000000000000044,1.6984299514442682,1.6984299514442682,0.0
double_dqn,805,297,78.43854744136334,91.53779367983341,28.440511964261532,49.998035275936125,1.4525961270555854,15075.690185546875,0.0,23.0,0.0,1.0,0.050000000000000044,1.5581879653036594,1.5581879653036594,0.0
double_dqn,805,298,88.4266394019127,91.48150739744307,32.75318866968155,55.673451074957846,1.582387221045792,18082.37825012207,0.0,26.0,0.0,2.0,0.050000000000000044,1.344714606180787,1.344714606180787,0.0
double_dqn,805,299,95.23619759976864,92.28314776018263,31.635351203382015,63.60084616541862,1.5427608685567975,17374.26654434204,0.0,29.0,0.0,1.0,0.050000000000000044,1.584221912547946,1.584221912547946,0.0
double_dqn,805,300,91.82612299919128,92.50676820948722,32.786434173583984,59.03968870639801,1.5596982697024941,17916.144523620605,0.0,27.0,0.0,0.0,0.050000000000000044,1.5384932029992342,1.5384932029992342,0.0
double_dqn,805,301,98.23674318939447,92.55347075976432,34.802768029272556,63.433974370360374,1.63558301422745,19282.292739868164,0.0,28.0,0.0,0.0,0.050000000000000044,0.9846897106617689,0.9846897106617689,0.0
double_dqn,805,302,74.75221347808838,91.75852032922208,27.975277177989483,46.776936173439026,1.4673272734507918,15588.228343963623,0.0,21.0,0.0,0.0,0.050000000000000044,1.352980762720108,1.352980762720108,0.0
double_dqn,805,303,80.55614612996578,91.44045615293086,27.9904008731246,52.565745294094086,1.4781840275973082,15333.486352920532,0.0,23.0,0.0,0.0,0.050000000000000044,1.1430564392358065,1.1430564392358065,0.0
double_dqn,805,304,96.49866441637278,91.08465846389532,33.59141369909048,62.90725156664848,1.59530780185014,18528.840129852295,0.0,29.0,0.0,0.0,0.050000000000000044,1.719778859987855,1.719778859987855,0.0
double_dqn,805,305,78.84117695838214,90.60274043187499,29.341645412147045,49.49953173995018,1.4835428074002266,15532.590999603271,0.0,24.0,0.0,2.0,0.050000000000000044,1.3810418453067541,1.3810418453067541,0.0
double_dqn,805,306,86.6765411734581,89.66281768336893,33.764438048005104,52.912103378772734,1.5913702491670847,18500.681922912598,0.0,24.0,0.0,1.0,0.050000000000000044,1.495876856148243,1.495876856148243,0.0
double_dqn,805,307,78.94383328408003,89.2285079687089,29.861982934176922,49.08185026049614,1.509996677748859,16480.633977890015,0.0,24.0,0.0,0.0,0.050000000000000044,1.3826932683587074,1.3826932683587074,0.0
double_dqn,805,308,92.53878956437111,88.6875475446135,33.07171854376793,59.46707102060318,1.6257145209237933,18794.94194793701,0.0,28.0,0.0,1.0,0.050000000000000044,1.4785086587071419,1.4785086587071419,0.0
double_dqn,805,309,97.9634610414505,88.61637750513853,31.706994518637657,66.25646650791168,1.567067801952362,17642.11086654663,0.0,29.0,0.0,0.0,0.050000000000000044,1.24317411147058,1.24317411147058,0.0
double_dqn,805,310,84.9393162727356,88.94256682597101,31.969019159674644,52.97029745578766,1.5506836380809546,17406.54467010498,0.0,24.0,0.0,1.0,0.050000000000000044,1.4893252290785313,1.4893252290785313,0.0
double_dqn,805,311,90.3493436947465,88.86943079583348,34.09609513729811,56.25324784219265,1.6171690868213773,18896.61923599243,0.0,26.0,0.0,0.0,0.050000000000000044,1.8342191278934479,1.8342191278934479,0.0
double_dqn,805,312,101.81880662739277,89.16449568443002,33.467269949615,68.35153738558293,1.6122476672753692,18660.732440948486,0.0,30.0,0.0,2.0,0.050000000000000044,1.4625004064291716,1.4625004064291716,0.0
double_dqn,805,313,94.42252311110497,89.95673506580295,35.17590702325106,59.24661688506603,1.6228737020865083,19271.766597747803,0.0,28.0,0.0,0.0,0.050000000000000044,1.4171914532780647,1.4171914532780647,0.0
double_dqn,805,314,87.93317438066006,89.7843081662804,31.42311091721058,56.510063210129736,1.5451239012181759,17198.718879699707,0.0,26.0,0.0,1.0,0.050000000000000044,1.314399529248476,1.314399529248476,0.0
double_dqn,805,315,78.93064681068063,88.63844038661571,30.45867931470275,48.47196714580059,1.5119288703426719,16679.183975219727,0.0,24.0,0.0,0.0,0.050000000000000044,1.6154450550675392,1.6154450550675392,0.0
double_dqn,805,316,93.41568143069745,88.53722845029088,31.75508112460375,61.66060001552105,1.5866879997774959,17641.1722946167,0.0,28.0,0.0,1.0,0.050000000000000044,1.3705268036574125,1.3705268036574125,0.0
double_dqn,805,317,92.18141873180866,89.22437201481314,30.43116383999586,61.750254422426224,1.5689117377623916,17209.16501235962,0.0,27.0,0.0,0.0,0.050000000000000044,1.546142853796482,1.546142853796482,0.0
double_dqn,805,318,92.7816251218319,89.44212130080909,31.520844869315624,61.260780051350594,1.5851263739168644,17835.18642425537,0.0,29.0,0.0,1.0,0.050000000000000044,1.5241895280778408,1.5241895280778408,0.0
double_dqn,805,319,85.07835329324007,88.93422908548266,30.259969525039196,54.81838355958462,1.5597600536420941,16937.260513305664,0.0,27.0,0.0,0.0,0.050000000000000044,1.4732395950704813,1.4732395950704813,0.0
double_dqn,805,320,101.180827826718,89.401964326859,33.57105182856321,67.6097761024629,1.8399759996682405,21719.076305389404,0.0,27.0,4.0,2.0,0.050000000000000044,1.5772822964936495,1.5772822964936495,0.0
double_dqn,805,321,95.82816096544266,89.28153521566142,31.54425275325775,64.28390855491162,1.6093823863193393,17710.930625915527,0.0,29.0,0.0,3.0,0.050000000000000044,1.4960263706743717,1.4960263706743717,0.0
double_dqn,805,322,86.41534159332514,89.86469162142325,31.64062598347664,54.77471545338631,1.5693203369155526,17776.87739944458,0.0,24.0,0.0,0.0,0.050000000000000044,1.551547758281231,1.551547758281231,0.0
double_dqn,805,323,89.79358963668346,90.32656379675913,31.679233893752098,58.11435630917549,1.5793469166383147,17533.583513259888,0.0,26.0,0.0,0.0,0.050000000000000044,1.2716352697461843,1.2716352697461843,0.0
double_dqn,805,324,97.56741431504489,90.38000129169274,30.405325636267662,67.16208889484406,1.535900877788663,16541.244567871094,0.0,29.0,0.0,1.0,0.050000000000000044,1.3939889408648014,1.3939889408648014,0.0
double_dqn,805,325,80.70203872770071,90.47304438015867,31.151482857763767,49.55055594444275,1.5382651602849364,16824.459533691406,0.0,23.0,0.0,0.0,0.050000000000000044,1.348275039345026,1.348275039345026,0.0
double_dqn,805,326,87.36184144765139,90.50730939386833,30.122606709599495,57.239234775304794,1.5365914786234498,16798.990058898926,0.0,26.0,0.0,0.0,0.050000000000000044,1.498115686699748,1.498115686699748,0.0
double_dqn,805,327,97.71850544214249,91.44604300177146,32.89279069006443,64.82571493089199,1.5900909882038832,18228.0874710083,0.0,29.0,0.0,0.0,0.050000000000000044,1.3393327798694372,1.3393327798694372,0.0
double_dqn,805,328,95.02202023565769,91.57020453533578,33.89282459765673,61.12919540703297,1.6154657574370503,18648.138429641724,0.0,28.0,0.0,0.0,0.050000000000000044,2.144187595695257,2.144187595695257,0.0
double_dqn,805,329,77.77241775542498,90.56065237103451,29.003546603024006,48.76887131631374,1.4738922072574496,15723.147430419922,0.0,22.0,0.0,1.0,0.050000000000000044,1.6670464109629393,1.6670464109629393,0.0
double_dqn,805,330,94.57717296481133,91.04254520563829,32.0530836135149,62.52408927679062,1.5580061441287398,17187.260654449463,0.0,28.0,0.0,0.0,0.050000000000000044,1.2606862373650074,1.2606862373650074,0.0
double_dqn,805,331,88.84979469478131,90.96756775564003,30.166186682879925,58.68360825777054,1.5241688033565879,16480.878330230713,0.0,26.0,0.0,1.0,0.050000000000000044,1.6528591327369213,1.6528591327369213,0.0
double_dqn,805,332,77.97870387136936,89.77556261783886,29.16268464922905,48.81601919233799,1.582690104842186,17242.900638580322,0.0,25.0,0.0,1.0,0.050000000000000044,1.4394341632723808,1.4394341632723808,0.0
double_dqn,805,333,88.55071997642517,89.48197246110487,30.982131987810135,57.56858791410923,1.529570747166872,17046.029247283936,0.0,27.0,0.0,0.0,0.050000000000000044,1.4984271004796028,1.4984271004796028,0.0
double_dqn,805,334,92.5634879410267,89.7134881391232,32.95847010612488,59.60501834154129,1.578176125884056,18309.823482513428,0.0,26.0,0.0,1.0,0.050000000000000044,1.464053338393569,1.464053338393569,0.0
double_dqn,805,335,84.31755255311728,89.98283342624504,28.54385318607092,55.77369993329048,1.5699332067742944,16684.88384628296,0.0,25.0,0.0,2.0,0.050000000000000044,1.3571559377014637,1.3571559377014637,0.0
double_dqn,805,336,86.41935481131077,89.6330170952757,30.199839517474174,56.21951524913311,1.5387613233178854,16739.225038528442,0.0,25.0,0.0,0.0,0.050000000000000044,1.4049358069896698,1.4049358069896698,0.0
double_dqn,805,337,99.1887663692236,89.98338447714646,34.33835327625275,64.85041327178479,1.6180331772193313,18847.03757095337,0.0,30.0,0.0,1.0,0.050000000000000044,1.3484340216964483,1.3484340216964483,0.0
double_dqn,805,338,85.67089053988457,89.62784774804909,29.703003339469433,55.96788772940636,1.5187542801722884,16271.157279968262,0.0,27.0,0.0,0.0,0.050000000000000044,1.3637896366417408,1.3637896366417408,0.0
double_dqn,805,339,107.18878864645959,90.73336951571007,34.933531895279884,72.25525672137738,1.6478845570236444,19205.508323669434,0.0,31.0,0.0,1.0,0.050000000000000044,1.4024854432791471,1.4024854432791471,0.0
double_dqn,805,340,80.63317523151636,89.70598688594998,31.124294690787792,49.50888006389141,1.5129237920045853,16683.57780456543,0.0,24.0,0.0,1.0,0.050000000000000044,1.6107819508761168,1.6107819508761168,0.0
double_dqn,805,341,82.35204573720694,89.0321811245382,31.122934244573116,51.22911152243614,1.5301980366930366,17047.397994995117,0.0,24.0,0.0,0.0,0.050000000000000044,1.4219563324004412,1.4219563324004412,0.0
double_dqn,805,342,77.00519566386939,88.56167382806541,30.723566509783268,46.281628826260565,1.4927991880103946,16325.947399139404,0.0,22.0,0.0,1.0,0.050000000000000044,1.6275687012821436,1.6275687012821436,0.0
double_dqn,805,343,105.80272855609655,89.36213077403606,34.84041743725538,70.9623114168644,1.6464457428082824,19326.93406677246,0.0,31.0,0.0,0.0,0.050000000000000044,1.3655237033963203,1.3655237033963203,0.0
double_dqn,805,344,81.00370168685913,88.53394514262678,31.275958940386772,49.727742448449135,1.5264676427468657,17038.39066696167,0.0,23.0,0.0,0.0,0.050000000000000044,1.8528180122375488,1.8528180122375488,0.0
double_dqn,805,345,85.37451563030481,88.76756898775697,30.39025194197893,54.98426339030266,1.5326560866087675,16937.83953475952,0.0,25.0,0.0,1.0,0.050000000000000044,1.7201350405812263,1.7201350405812263,0.0
double_dqn,805,346,101.8085952937603,89.48990668006243,34.152910739183426,67.65568482279778,1.6368206534534693,18977.751163482666,0.0,30.0,0.0,1.0,0.050000000000000044,1.3159443624317646,1.3159443624317646,0.0
double_dqn,805,347,89.37050783634186,89.0725067997724,31.746842682361603,57.62366530299187,1.5806959923356771,17487.396392822266,0.0,26.0,0.0,0.0,0.050000000000000044,1.5883986726403236,1.5883986726403236,0.0
double_dqn,805,348,94.77294263243675,89.06005291961135,32.46335734426975,62.30958515405655,1.5691443933174014,17831.06167602539,0.0,27.0,0.0,0.0,0.050000000000000044,1.5687802955508232,1.5687802955508232,0.0
double_dqn,805,349,73.39366801083088,88.84111543238164,28.3524748980999,45.04119321703911,1.4826326724141836,15931.500539779663,0.0,22.0,0.0,1.0,0.050000000000000044,1.6152716055512428,1.6152716055512428,0.0
double_dqn,805,350,94.71298840641975,88.84790620446206,33.18505139648914,61.52793689072132,1.5882681030780077,18266.933879852295,0.0,28.0,0.0,0.0,0.050000000000000044,1.7186269313097,1.7186269313097,0.0
double_dqn,805,351,90.21399748325348,88.91611634388566,32.231552705168724,57.98244473338127,1.5841792663559318,18090.39274597168,0.0,27.0,0.0,1.0,0.050000000000000044,1.9175815656781197,1.9175815656781197,0.0
double_dqn,805,352,99.72863000631332,90.00361265063286,35.10090132057667,64.62772837281227,1.6232102839276195,19166.22036743164,0.0,28.0,0.0,1.0,0.050000000000000044,1.6369593534618616,1.6369593534618616,0.0
double_dqn,805,353,90.93228722661733,90.12269101314247,32.12039263546467,58.81189415156841,1.560425111092627,17696.409217834473,0.0,26.0,0.0,2.0,0.050000000000000044,1.4177731052041054,1.4177731052041054,0.0
double_dqn,805,354,75.22333010286093,89.25568312123417,29.12458496540785,46.0987451672554,1.4944019261747599,15896.152172088623,0.0,21.0,0.0,0.0,0.050000000000000044,1.8311017863452435,1.8311017863452435,0.0
double_dqn,805,355,106.4614592641592,90.36287845678626,33.58245024830103,72.87900903820992,1.6369618996977806,18985.460342407227,0.0,32.0,0.0,0.0,0.050000000000000044,1.3197810873389244,1.3197810873389244,0.0
double_dqn,805,356,85.2602353990078,90.30492248617112,30.785003326833248,54.47523269057274,1.5312702842056751,16975.5512008667,0.0,25.0,0.0,0.0,0.050000000000000044,1.2506832741200924,1.2506832741200924,0.0
double_dqn,805,357,93.6629945486784,90.02863389514387,33.38194493949413,60.28104987740517,1.5701342960819602,18473.628562927246,0.0,26.0,0.0,1.0,0.050000000000000044,1.6552486941218376,1.6552486941218376,0.0
double_dqn,805,358,85.34596267342567,90.01238750182092,30.434872023761272,54.911090686917305,1.517144895158708,16648.69427871704,0.0,25.0,0.0,0.0,0.050000000000000044,1.9086208529770374,1.9086208529770374,0.0
double_dqn,805,359,70.47872399538755,88.17688426926732,29.40827489644289,41.070449113845825,1.4617054322734475,15920.401460647583,0.0,20.0,0.0,0.0,0.050000000000000044,1.6749474667012691,1.6749474667012691,0.0
double_dqn,805,360,94.3086675554514,88.86065888546406,32.817138105630875,61.491529166698456,1.5747328093275428,17907.2799949646,0.0,28.0,0.0,1.0,0.050000000000000044,1.6337644197046757,1.6337644197046757,0.0
double_dqn,805,361,81.15312428027391,88.80071281261742,29.772586785256863,51.38053733110428,1.4955717846751213,16301.457447052002,0.0,23.0,0.0,0.0,0.050000000000000044,1.4412359166890383,1.4412359166890383,0.0
double_dqn,805,362,88.6440776154399,89.38265691019595,34.17780561000109,54.466271513700484,1.589101841673255,18730.316772460938,0.0,27.0,0.0,1.0,0.050000000000000044,1.1610686890780926,1.1610686890780926,0.0
double_dqn,805,363,95.1862937822938,88.85183517150583,30.655259005725384,64.53103491067887,1.5782876191660762,17464.9566116333,0.0,28.0,0.0,2.0,0.050000000000000044,1.7684223279356956,1.7684223279356956,0.0
double_dqn,805,364,101.93575493395329,89.89843783386053,35.371236860752106,66.5645180284977,1.6354141347110271,19840.361402511597,0.0,28.0,0.0,1.0,0.050000000000000044,1.3609801176935434,1.3609801176935434,0.0
double_dqn,805,365,95.5211985051632,90.40577197760345,33.980586275458336,61.54061214029789,1.6185887912288308,18607.11305618286,0.0,29.0,0.0,1.0,0.050000000000000044,1.5062492564320564,1.5062492564320564,0.0
double_dqn,805,366,88.41932992606604,89.73630870921873,29.722184114158154,58.69714609502994,1.6637981561943889,18610.761365890503,0.0,25.0,1.0,2.0,0.050000000000000044,1.5686280075460672,1.5686280075460672,0.0
double_dqn,805,367,83.98213610053062,89.46689012242817,29.155145153403282,54.826990872621536,1.5130236158147454,16390.354740142822,0.0,26.0,0.0,0.0,0.050000000000000044,1.7849975172430277,1.7849975172430277,0.0
double_dqn,805,368,96.0490702688694,89.53069650424979,31.46215581893921,64.58691456913948,1.5354252941906452,17131.78960418701,0.0,29.0,0.0,0.0,0.050000000000000044,1.1200884766876698,1.1200884766876698,0.0
double_dqn,805,369,100.00513043999672,90.86126962570809,33.78834044188261,66.2167896181345,1.6120341327041388,18333.883197784424,0.0,30.0,0.0,0.0,0.050000000000000044,1.6245381720364094,1.6245381720364094,0.0
double_dqn,805,370,104.16679649055004,91.3339600299146,33.009782299399376,71.15701386332512,1.610997622832656,18518.81312561035,0.0,31.0,0.0,0.0,0.050000000000000044,1.2394770234823227,1.2394770234823227,0.0
double_dqn,805,371,87.93990890085698,91.22025560079479,30.873758748173714,57.06615055501461,1.555229265242815,17198.624320983887,0.0,26.0,0.0,1.0,0.050000000000000044,1.580317735671997,1.580317735671997,0.0
double_dqn,805,372,94.63539862632751,90.96559403179549,30.909784823656082,63.72561450302601,1.550598919391632,16853.88120651245,0.0,28.0,0.0,0.0,0.050000000000000044,1.5493511483073235,1.5493511483073235,0.0
double_dqn,805,373,100.6152246594429,91.44974090343676,35.12367384880781,65.49155060946941,1.6410651067271829,19340.362106323242,0.0,28.0,0.0,0.0,0.050000000000000044,1.2806053180247545,1.2806053180247545,0.0
double_dqn,805,374,99.30347912013531,92.65374835430048,34.40817855298519,64.8953001499176,1.6344812558963895,19323.052543640137,0.0,29.0,0.0,0.0,0.050000000000000044,1.5485941246151924,1.5485941246151924,0.0
double_dqn,805,375,82.68700290471315,91.46502553632817,29.097459614276886,53.58954295516014,1.493139079771936,15849.924995422363,0.0,26.0,0.0,0.0,0.050000000000000044,1.8476056270301342,1.8476056270301342,0.0
double_dqn,805,376,82.72484142482281,91.33825583761893,29.273122020065784,53.45171935260296,1.492497757077217,15714.519802093506,0.0,25.0,0.0,2.0,0.050000000000000044,1.5151520855724812,1.5151520855724812,0.0
double_dqn,805,377,93.18211772292852,91.31421199633144,32.85768834501505,60.324429124593735,1.5716838520020247,18038.98695755005,0.0,28.0,0.0,0.0,0.050000000000000044,1.8518485687673092,1.8518485687673092,0.0
double_dqn,805,378,87.51341362595558,91.42258454395792,31.561046674847603,55.9523667871952,1.5354688223451376,17025.611055374146,0.0,25.0,0.0,3.0,0.050000000000000044,1.736638007685542,1.736638007685542,0.0
double_dqn,805,379,84.34198696911335,92.11574769264422,29.01594452559948,55.32604168355465,1.5599237363785505,17101.466831207275,0.0,25.0,0.0,1.0,0.050000000000000044,1.9145469758659601,1.9145469758659601,0.0
double_dqn,805,380,93.20384516716004,92.06050657322966,30.746083810925484,62.45776120722294,1.6397726032882929,18019.825218200684,0.0,27.0,0.0,2.0,0.050000000000000044,2.093866765499115,2.093866765499115,0.0
double_dqn,805,381,81.57203358411789,92.08145203842186,28.546149365603924,53.025884091854095,1.4973846124485135,15731.46534538269,0.0,24.0,0.0,0.0,0.050000000000000044,1.3310492802411318,1.3310492802411318,0.0
double_dqn,805,382,91.42100732028484,92.22029852366411,34.0818197876215,57.33918711543083,1.7672255793586373,20381.308917999268,0.0,25.0,0.0,1.0,0.050000000000000044,1.658842884004116,1.658842884004116,0.0
double_dqn,805,383,93.54406541138887,92.13818710511886,31.80025228857994,61.74381232559681,1.5458113821223378,17275.1475982666,0.0,27.0,0.0,3.0,0.050000000000000044,1.7458334006369114,1.7458334006369114,0.0
double_dqn,805,384,94.7129467740655,91.77704669712446,32.90581051260233,61.807135665416716,1.6019219486042857,18246.295040130615,0.0,28.0,0.0,1.0,0.050000000000000044,1.542259730398655,1.542259730398655,0.0
double_dqn,805,385,96.50853077471257,91.82641331060194,33.75052219629288,62.75800893604755,1.6248704539611936,19030.81404685974,0.0,27.0,0.0,1.0,0.050000000000000044,1.6702610589563847,1.6702610589563847,0.0
double_dqn,805,386,94.36039435118437,92.12346653185786,32.74749745428562,61.612896740436554,1.5797827197238803,17866.379791259766,0.0,28.0,0.0,0.0,0.050000000000000044,1.2056847102940083,1.2056847102940083,0.0
double_dqn,805,387,75.474219442904,91.69807069897654,30.246609419584274,45.22760986685753,1.5017191590741277,16630.402408599854,0.0,22.0,0.0,1.0,0.050000000000000044,1.5341050941497087,1.5341050941497087,0.0
double_dqn,805,388,84.54564872384071,91.1228996217251,31.826832503080368,52.71881639957428,1.541069071739912,17224.326148986816,0.0,24.0,0.0,0.0,0.050000000000000044,1.7341030854731798,1.7341030854731798,0.0
double_dqn,805,389,94.45377984046937,90.84533209174872,32.334223344922066,62.119556257128714,1.5911427438259125,17764.788654327393,0.0,28.0,0.0,1.0,0.050000000000000044,1.6174361519515514,1.6174361519515514,0.0
double_dqn,805,390,85.11756207793951,89.89287037111819,29.99179269373417,55.12576887011528,1.5107041308656335,16295.54640007019,0.0,25.0,0.0,0.0,0.050000000000000044,1.4680412076413631,1.4680412076413631,0.0
double_dqn,805,391,93.91846527159214,90.19179818965496,33.09238112717867,60.82608425617218,1.5929970433935523,18162.30841445923,0.0,27.0,0.0,0.0,0.050000000000000044,1.8766200318932533,1.8766200318932533,0.0
double_dqn,805,392,93.26090570688248,90.1230735436827,31.971941739320755,61.28896445930004,1.6247909674420953,18267.72218322754,0.0,29.0,0.0,2.0,0.050000000000000044,1.8915296904742718,1.8915296904742718,0.0
double_dqn,805,393,72.87838207185268,88.73623141430319,28.288605079054832,44.58977697789669,1.4685371378436685,15330.182411193848,0.0,22.0,0.0,1.0,0.050000000000000044,1.7129748724400997,1.7129748724400997,0.0
double_dqn,805,394,84.92960910499096,88.01753791354597,31.36431646347046,53.56529287993908,1.5625886023044586,17174.80234146118,0.0,25.0,0.0,1.0,0.050000000000000044,1.5695819165557623,1.5695819165557623,0.0
double_dqn,805,395,86.40482376515865,88.20342895656825,30.331712424755096,56.07311162352562,1.582007696852088,17358.429759979248,0.0,26.0,0.0,2.0,0.050000000000000044,1.4293089751154184,1.4293089751154184,0.0
double_dqn,805,396,81.17303159087896,88.12583846487105,29.26767884939909,51.90535297989845,1.5051931962370872,16360.257148742676,0.0,23.0,0.0,0.0,0.050000000000000044,2.013399848714471,2.013399848714471,0.0
double_dqn,805,397,81.60258994996548,87.5468620762229,29.142268776893616,52.46032105386257,1.498480168171227,15946.08402633667,0.0,25.0,0.0,2.0,0.050000000000000044,1.483927182853222,1.483927182853222,0.0
double_dqn,805,398,90.83202657103539,87.7127927234769,33.085748344659805,57.74627837538719,1.6147276666015387,18697.766439437866,0.0,27.0,0.0,0.0,0.050000000000000044,1.6206357348710299,1.6206357348710299,0.0
double_dqn,805,399,107.8336279630661,88.88737477317453,35.96735728532076,71.86627072989941,1.6727853892371058,20075.591386795044,0.0,31.0,0.0,2.0,0.050000000000000044,1.6851588152348995,1.6851588152348995,0.0
double_dqn,805,400,105.86738210916519,89.52055162027479,34.932487949728966,70.93489430844784,1.6783438818529248,19762.54524230957,0.0,32.0,0.0,0.0,0.050000000000000044,1.55484252050519,1.55484252050519,0.0
double_dqn,805,401,80.66961827278138,89.47543085470797,28.765997484326363,51.90362077355385,1.4740702537819743,15652.550769805908,0.0,26.0,0.0,1.0,0.050000000000000044,1.8076044283807278,1.8076044283807278,0.0
double_dqn,805,402,89.03678167164325,89.35621957227588,31.86484518647194,57.171936991810796,1.581984437070787,17739.985134124756,0.0,26.0,0.0,2.0,0.050000000000000044,1.4242352396249771,1.4242352396249771,0.0
double_dqn,805,403,84.0526336312294,88.88164798326791,29.178168788552284,54.87446491718292,1.510206412523985,16145.073961257935,0.0,24.0,0.0,3.0,0.050000000000000044,1.8057129569351673,1.8057129569351673,0.0
double_dqn,805,404,96.2979605793953,88.96089867353439,33.77880883216858,62.519151359796524,1.6012156764045358,18393.95352935791,0.0,28.0,0.0,0.0,0.050000000000000044,1.4288843348622322,1.4288843348622322,0.0
double_dqn,805,405,98.43805295228958,89.05737478241323,33.72547356784344,64.7125793248415,1.6226069629192352,18624.349933624268,0.0,29.0,0.0,0.0,0.050000000000000044,1.4707858562469482,1.4707858562469482,0.0
double_dqn,805,406,91.53462051600218,88.91608609065413,32.11241415143013,59.422206431627274,1.5661751525476575,17501.74691772461,0.0,26.0,0.0,1.0,0.050000000000000044,1.6741904392838478,1.6741904392838478,0.0
double_dqn,805,407,101.4815243780613,90.216451337412,33.74898746609688,67.73253659904003,1.6301568923518062,18870.754081726074,0.0,29.0,0.0,2.0,0.050000000000000044,1.62434415332973,1.62434415332973,0.0
double_dqn,805,408,89.54460509121418,90.46639915578068,31.665936395525932,57.87866859138012,1.5873216474428773,17817.965923309326,0.0,26.0,0.0,0.0,0.050000000000000044,2.0441470369696617,2.0441470369696617,0.0
double_dqn,805,409,109.25378605127335,91.20639946632089,35.36075723916292,73.89302873015404,1.6438079345971346,19504.59377670288,0.0,33.0,0.0,1.0,0.050000000000000044,1.700622770935297,1.700622770935297,0.0
double_dqn,805,410,81.83473891168833,91.04225830800831,27.738931462168694,54.095807337760924,1.534736631438136,16128.942348480225,0.0,25.0,0.0,2.0,0.050000000000000044,1.4695770647376776,1.4695770647376776,0.0
double_dqn,805,411,90.69146729260683,90.88090840905906,30.107750423252583,60.583716720342636,1.528859625570476,16378.331802368164,0.0,26.0,0.0,2.0,0.050000000000000044,1.9542111027985811,1.9542111027985811,0.0
double_dqn,805,412,80.5640904456377,90.24606764599682,30.193537041544914,50.37055380642414,1.5238586831837893,16571.824321746826,0.0,25.0,0.0,2.0,0.050000000000000044,1.4851942379027605,1.4851942379027605,0.0
double_dqn,805,413,106.8283754080534,91.94356731280686,33.12523949146271,73.70313622951508,1.6087527945637703,18314.094131469727,0.0,32.0,0.0,1.0,0.050000000000000044,1.662021666765213,1.662021666765213,0.0
double_dqn,805,414,84.71273832023144,91.93272377356887,28.76975354552269,55.94298514723778,1.5010994570329785,15845.38278579712,0.0,26.0,0.0,1.0,0.050000000000000044,1.84867587313056,1.84867587313056,0.0
double_dqn,805,415,81.69868506491184,91.69741683855652,29.276017248630524,52.42266803979874,1.4840701501816511,15974.419940948486,0.0,26.0,0.0,1.0,0.050000000000000044,1.7031847462058067,1.7031847462058067,0.0
double_dqn,805,416,79.04655829817057,91.59109317392111,30.597550816833973,48.44900745153427,1.5574847869575024,17243.890926361084,0.0,21.0,0.0,0.0,0.050000000000000044,1.2917700111865997,1.2917700111865997,0.0
double_dqn,805,417,95.08218832612037,92.26507309272884,31.7250284999609,63.357160317897794,1.675922067835927,19044.983783721924,0.0,27.0,0.0,2.0,0.050000000000000044,1.6346589103341103,1.6346589103341103,0.0
double_dqn,805,418,85.0896276384592,91.97795314610003,28.55205751210451,56.537570267915726,1.494531468488276,15662.579551696777,0.0,27.0,0.0,0.0,0.050000000000000044,1.8595672827214003,1.8595672827214003,0.0
double_dqn,805,419,94.96707579493523,91.33462553769348,32.51135776937008,62.45571808516979,1.5578425619751215,17423.424201965332,0.0,29.0,0.0,0.0,0.050000000000000044,1.5870621837675571,1.5870621837675571,0.0
double_dqn,805,420,97.25025859624148,90.90376936204731,33.47552704066038,63.77473174929619,1.6267861034721136,19052.439086914062,0.0,28.0,0.0,1.0,0.050000000000000044,1.452252184972167,1.452252184972167,0.0
double_dqn,805,421,94.39794095158577,91.59018549598753,32.699359603226185,61.69858143031597,1.6509841540828347,19033.756187438965,0.0,27.0,0.0,3.0,0.050000000000000044,1.6526134610176086,1.6526134610176086,0.0
double_dqn,805,422,105.70316286399968,92.42350455560538,35.24597509205341,70.45718729510912,1.7990964502096176,21392.00677871704,0.0,29.0,2.0,0.0,0.050000000000000044,1.7416988387703896,1.7416988387703896,0.0
double_dqn,805,423,83.8895311653614,92.41534943231196,30.075577415525913,53.81395398080349,1.5160437235608697,16658.554233551025,0.0,26.0,0.0,2.0,0.050000000000000044,1.5790316760540009,1.5790316760540009,0.0
double_dqn,805,424,85.21159192919731,91.86103099980207,30.047403439879417,55.164188504219055,1.5088816061615944,16402.458694458008,0.0,25.0,0.0,1.0,0.050000000000000044,1.2940600644797087,1.2940600644797087,0.0
double_dqn,805,425,78.09466491639614,90.8438615980074,28.490023896098137,49.60464096069336,1.4688165299594402,15469.071783065796,0.0,24.0,0.0,1.0,0.050000000000000044,1.7055655121803284,1.7055655121803284,0.0
double_dqn,805,426,85.03359185904264,90.51881016515941,30.99426817148924,54.03932335972786,1.545377865433693,17071.824501037598,0.0,25.0,0.0,0.0,0.050000000000000044,1.672282526269555,1.672282526269555,0.0
double_dqn,805,427,95.82006914317608,90.23573740341514,34.28537333011627,61.53469563424587,1.6099319718778133,18878.511165618896,0.0,28.0,0.0,1.0,0.050000000000000044,1.9076240323483944,1.9076240323483944,0.0
double_dqn,805,428,99.36391509324312,90.7267029035166,33.024189464747906,66.33972570300102,1.6216557333245873,18628.38398551941,0.0,29.0,0.0,0.0,0.050000000000000044,1.301469961181283,1.301469961181283,0.0
double_dqn,805,429,73.14054139107466,88.92104067050667,27.989243037998676,45.15129802525043,1.4678078619763255,15148.333045959473,0.0,22.0,0.0,1.0,0.050000000000000044,1.6908125281333923,1.6908125281333923,0.0
double_dqn,805,430,90.53297082334757,89.35595226608963,31.930134423077106,58.60283623635769,1.582213256508112,17840.2147026062,0.0,28.0,0.0,0.0,0.050000000000000044,1.7037695422768593,1.7037695422768593,0.0
double_dqn,805,431,94.96841106563807,89.56979945474119,32.01644051074982,62.95197004079819,1.5699542397633195,17742.562210083008,0.0,28.0,0.0,0.0,0.050000000000000044,2.259938318282366,2.259938318282366,0.0
double_dqn,805,432,99.98148714900017,90.54066928990932,35.55896523594856,64.42252209186555,1.6040963772684336,19287.093338012695,0.0,28.0,0.0,1.0,0.050000000000000044,1.9550693109631538,1.9550693109631538,0.0
double_dqn,805,433,101.51784884333611,90.27514296167345,33.31091161817312,68.20693762004376,1.5969363879412413,18144.943336486816,0.0,29.0,0.0,2.0,0.050000000000000044,1.8094513285905123,1.8094513285905123,0.0
double_dqn,805,434,75.1118874564767,89.79510041848572,29.539712250232697,45.57217536270618,1.4877994675189257,15940.315837860107,0.0,22.0,0.0,1.0,0.050000000000000044,2.1781075447797775,2.1781075447797775,0.0
double_dqn,805,435,96.9914788082242,90.55974010565134,33.90668497234583,63.084793984889984,1.575729169882834,18473.573043823242,0.0,28.0,0.0,1.0,0.050000000000000044,1.7824979200959206,1.7824979200959206,0.0
double_dqn,805,436,91.3879677131772,91.17681057640166,32.24917992204428,59.13878816366196,1.557536548934877,17488.383449554443,0.0,28.0,0.0,0.0,0.050000000000000044,1.7774047050625086,1.7774047050625086,0.0
double_dqn,805,437,94.59849824160338,91.15262607217582,33.853133983910084,60.745363691449164,1.5990112237632275,18843.002281188965,0.0,26.0,0.0,2.0,0.050000000000000044,1.4314730651676655,1.4314730651676655,0.0
double_dqn,805,438,77.93136315047741,90.79471284777672,29.230276875197887,48.701086193323135,1.4856560938060284,15927.646900177002,0.0,23.0,0.0,0.0,0.050000000000000044,1.5575079191476107,1.5575079191476107,0.0
double_dqn,805,439,86.4719510242343,90.36995660924167,28.44060067087412,58.031349861621855,1.5425342163071036,16382.488746643066,0.0,25.0,0.0,2.0,0.050000000000000044,2.036354150623083,2.036354150623083,0.0
double_dqn,805,440,93.31537010520697,90.17321218468996,31.51378647238016,61.80158372223377,1.6219706451520324,17995.386322021484,0.0,28.0,0.0,0.0,0.050000000000000044,1.547954147681594,1.547954147681594,0.0
double_dqn,805,441,82.471162378788,89.57687325605006,29.778424307703972,52.69273781776428,1.5541383335366845,16912.13828277588,0.0,24.0,0.0,0.0,0.050000000000000044,1.8356901295483112,1.8356901295483112,0.0
double_dqn,805,442,87.95872950553894,88.68965158812702,30.295909717679024,57.66281981766224,1.5117378244176507,16495.18148803711,0.0,27.0,0.0,0.0,0.050000000000000044,1.7220849264413118,1.7220849264413118,0.0
double_dqn,805,443,94.52150315791368,89.22125018775463,32.68931243568659,61.832190841436386,1.727597693912685,20028.62269592285,0.0,27.0,0.0,0.0,0.050000000000000044,1.8195875883102417,1.8195875883102417,0.0
double_dqn,805,444,84.34281861931086,89.17781152226033,30.50736563652754,53.83545317649841,1.5191480685025454,16644.801504135132,0.0,25.0,0.0,1.0,0.050000000000000044,1.5209494773298502,1.5209494773298502,0.0
double_dqn,805,445,89.31762512922288,89.73895953290166,30.67255938053131,58.64506568908691,1.588689655996859,17438.725551605225,0.0,25.0,0.0,1.0,0.050000000000000044,1.9008307345211506,1.9008307345211506,0.0
double_dqn,805,446,91.9606971681118,90.08531479835513,30.829860478639603,61.13083761334419,1.568837315775454,17162.163974761963,0.0,27.0,0.0,1.0,0.050000000000000044,1.799850920215249,1.799850920215249,0.0
double_dqn,805,447,83.40490616112947,89.46455664925278,30.49078156799078,52.91412436962128,1.5356800807639956,16937.733848571777,0.0,25.0,0.0,0.0,0.050000000000000044,1.9019637983292341,1.9019637983292341,0.0
double_dqn,805,448,89.21843782812357,88.95728278599681,31.70756909996271,57.510868310928345,1.5513769490644336,17390.920906066895,0.0,26.0,0.0,1.0,0.050000000000000044,1.7641522623598576,1.7641522623598576,0.0
double_dqn,805,449,80.28205379247666,89.31435840606692,27.570297971367836,52.71175544857979,1.5125093134120107,15713.838264465332,0.0,23.0,0.0,1.0,0.050000000000000044,1.4826832357794046,1.4826832357794046,0.0
double_dqn,805,450,81.6617895886302,88.87079934433103,30.59123844653368,51.07055148482323,1.4899631133303046,16366.75322341919,0.0,24.0,0.0,0.0,0.050000000000000044,1.8741834610700607,1.8741834610700607,0.0
double_dqn,805,451,94.70669119209052,88.85771335065365,33.649585358798504,61.05710616111755,1.575264846906066,18285.70308303833,0.0,26.0,0.0,1.0,0.050000000000000044,2.119734138250351,2.119734138250351,0.0
double_dqn,805,452,75.54615727066994,87.63594685673715,28.899213403463364,46.64694379270077,1.516268570907414,16304.736228942871,0.0,23.0,0.0,2.0,0.050000000000000044,1.386305009946227,1.386305009946227,0.0
double_dqn,805,453,94.02217662334442,87.26116324573756,33.56072287261486,60.4614537358284,1.603047002106905,18572.060039520264,0.0,28.0,0.0,0.0,0.050000000000000044,1.6468373239040375,1.6468373239040375,0.0
double_dqn,805,454,89.61594884842634,87.98636631533505,28.648363165557384,60.96758532524109,1.6072943862527609,17482.599784851074,0.0,27.0,0.0,2.0,0.050000000000000044,1.9742501564323902,1.9742501564323902,0.0
double_dqn,805,455,85.76844253391027,87.42521450161934,30.677816599607468,55.090626299381256,1.5754012912511826,17391.608100891113,0.0,25.0,0.0,0.0,0.050000000000000044,1.674151113256812,1.674151113256812,0.0
double_dqn,805,456,91.1761794090271,87.41462508641185,31.4547521173954,59.72142744064331,1.5235041230916977,16984.372871398926,0.0,27.0,0.0,0.0,0.050000000000000044,1.9856454730033875,1.9856454730033875,0.0
double_dqn,805,457,90.70675538480282,87.22003794357181,32.04359230399132,58.66316333413124,1.6510154027491808,18720.55210876465,0.0,25.0,0.0,0.0,0.050000000000000044,1.7595174126327038,1.7595174126327038,0.0
double_dqn,805,458,63.045645006000996,86.47575203634798,27.7556746378541,35.28997062146664,1.4360575042665005,14782.01569366455,0.0,17.0,0.0,0.0,0.050000000000000044,2.3350039049983025,2.3350039049983025,0.0
double_dqn,805,459,79.14043116569519,86.10917604342103,28.548554599285126,50.591876074671745,1.4897199338302016,15735.252685546875,0.0,24.0,0.0,1.0,0.050000000000000044,2.146752929314971,2.146752929314971,0.0
double_dqn,805,460,91.76220639944077,86.03151785813273,33.35340981185436,58.4087967813015,1.5711885932832956,18208.490356445312,0.0,26.0,0.0,1.0,0.050000000000000044,1.4158308133482933,1.4158308133482933,0.0
double_dqn,805,461,68.77569057792425,85.34674426808954,26.50012293457985,42.275567919015884,1.416723744943738,14206.501964569092,0.0,21.0,0.0,2.0,0.050000000000000044,1.555680437013507,1.555680437013507,0.0
double_dqn,805,462,91.66714735329151,85.53216516047716,34.13222940266132,57.534918799996376,1.632888081483543,19076.623916625977,0.0,25.0,0.0,0.0,0.050000000000000044,1.5832619965076447,1.5832619965076447,0.0
double_dqn,805,463,94.0575359761715,85.50896680139006,32.29080879688263,61.76672790944576,1.5959586510434747,18095.255056381226,0.0,28.0,0.0,0.0,0.050000000000000044,1.4188513047993183,1.4188513047993183,0.0
double_dqn,805,464,84.55062353610992,85.51935704723,33.06973510980606,51.48088803887367,1.5787007613107562,18295.049167633057,0.0,25.0,0.0,0.0,0.050000000000000044,1.6878358330577612,1.6878358330577612,0.0
double_dqn,805,465,91.71833185106516,85.63939238332212,30.06303332746029,61.655298203229904,1.5232976730912924,16440.00033569336,0.0,28.0,0.0,0.0,0.050000000000000044,1.82863062992692,1.82863062992692,0.0
double_dqn,805,466,98.1968550157274,85.95120027570289,32.31012599170208,65.8867289495195,1.769882625900209,20752.357795715332,0.0,27.0,5.0,0.0,0.050000000000000044,1.6309262998402119,1.6309262998402119,0.0
double_dqn,805,467,101.38947612047195,86.85042877367002,33.70405078679323,67.68542566895485,1.5982361659407616,18490.04189682007,0.0,30.0,0.0,0.0,0.050000000000000044,2.0281751975417137,2.0281751975417137,0.0
double_dqn,805,468,100.23235301673412,87.40112453310056,32.32916833460331,67.90318509936333,1.644012295641005,18573.715129852295,0.0,30.0,0.0,0.0,0.050000000000000044,2.1848182901740074,2.1848182901740074,0.0
double_dqn,805,469,83.90836766511202,87.58244022673232,28.54086046665907,55.3675071388483,1.5101528791710734,16158.699115753174,0.0,25.0,0.0,2.0,0.050000000000000044,1.573877539485693,1.573877539485693,0.0
double_dqn,805,470,84.11049571782351,87.704875533192,28.489701844751835,55.62079429030418,1.5453886957839131,16571.71481704712,0.0,25.0,0.0,1.0,0.050000000000000044,1.6597699504345655,1.6597699504345655,0.0
double_dqn,805,471,97.72597294449807,87.85583962081236,29.716695189476013,68.00927742719651,1.5439691245555878,16480.51051712036,0.0,31.0,0.0,3.0,0.050000000000000044,1.5098570734262466,1.5098570734262466,0.0
double_dqn,805,472,96.40361622720957,88.89871256863935,33.3344708904624,63.06914559006691,1.662441447377205,19185.192972183228,0.0,27.0,0.0,2.0,0.050000000000000044,1.6559463758021593,1.6559463758021593,0.0
double_dqn,805,473,89.4604208022356,88.67062477758391,31.793074399232864,57.66734689474106,1.5390552124008536,17278.401821136475,0.0,26.0,0.0,2.0,0.050000000000000044,1.5096282018348575,1.5096282018348575,0.0
double_dqn,805,474,100.56873276233674,89.21826397327943,33.060691721737385,67.50804095864297,1.6159543003886938,18633.700412750244,0.0,29.0,0.0,1.0,0.050000000000000044,1.7453209348022938,1.7453209348022938,0.0
double_dqn,805,475,85.86190798133612,89.22293724565073,30.600465513765812,55.26144261658192,1.528586690314114,16623.124546051025,0.0,25.0,0.0,0.0,0.050000000000000044,1.8888897113502026,1.8888897113502026,0.0
double_dqn,805,476,78.5558554828167,88.5919210493402,30.956548646092415,47.59930667281151,1.535249232314527,17133.88974380493,0.0,23.0,0.0,1.0,0.050000000000000044,1.8014995101839304,1.8014995101839304,0.0
double_dqn,805,477,80.76066171377897,88.09461636578901,28.27359437197447,52.48706677556038,1.5328467935323715,16294.167957305908,0.0,25.0,0.0,2.0,0.050000000000000044,1.8757762089371681,1.8757762089371681,0.0
double_dqn,805,478,86.78776381909847,89.28172230644387,31.188824243843555,55.598939180374146,1.56510822288692,17372.43867111206,0.0,25.0,0.0,2.0,0.050000000000000044,1.7230720538645983,1.7230720538645983,0.0
double_dqn,805,479,79.48217153549194,89.29880932493373,29.840723395347595,49.64144831895828,1.490848763845861,16051.274742126465,0.0,24.0,0.0,0.0,0.050000000000000044,1.7775397095829248,1.7775397095829248,0.0
double_dqn,805,480,88.6362545222044,89.14251173107189,29.545793190598488,59.09046151041984,1.6451391531154513,18323.589237213135,0.0,26.0,0.0,3.0,0.050000000000000044,1.7854500114917755,1.7854500114917755,0.0
double_dqn,805,481,85.02237059175968,89.95484573176365,31.04071733355522,53.98165290057659,1.5528960544615984,17258.966707229614,0.0,27.0,0.0,1.0,0.050000000000000044,1.4655271843075752,1.4655271843075752,0.0
double_dqn,805,482,84.85638951808214,89.61430784000319,31.2862680926919,53.57012130618095,1.5561900390312076,17225.901679992676,0.0,24.0,0.0,3.0,0.050000000000000044,2.0298361349850893,2.0298361349850893,0.0
double_dqn,805,483,62.909978196024895,88.05692995099587,24.7118756249547,38.19810226559639,1.403125360608101,13495.83092880249,0.0,21.0,0.0,0.0,0.050000000000000044,1.4531584102660418,1.4531584102660418,0.0
double_dqn,805,484,89.03005796670914,88.28090167252583,29.19750066101551,59.832557395100594,1.6803971454501152,18275.03253173828,0.0,27.0,0.0,1.0,0.050000000000000044,1.7992663532495499,1.7992663532495499,0.0
double_dqn,805,485,78.51995368301868,87.6209827641235,27.47085379809141,51.04910007119179,1.5074193784967065,15997.8744430542,0.0,23.0,0.0,0.0,0.050000000000000044,2.1924702040851116,2.1924702040851116,0.0
double_dqn,805,486,91.01532808691263,87.26190641768277,31.337621085345745,59.677706986665726,1.5627756025642157,17379.4868850708,0.0,27.0,0.0,1.0,0.050000000000000044,2.1581790819764137,2.1581790819764137,0.0
double_dqn,805,487,85.96990539878607,86.49092788159848,30.404638350009918,55.56526671350002,1.5434552123770118,16844.64248275757,0.0,26.0,0.0,0.0,0.050000000000000044,1.4657882191240788,1.4657882191240788,0.0
double_dqn,805,488,84.45596493929625,85.70210847772658,29.21422105282545,55.24174384176731,1.519449613057077,16415.177349090576,0.0,26.0,0.0,1.0,0.050000000000000044,2.010785637423396,2.010785637423396,0.0
double_dqn,805,489,84.99365229904652,85.75637270942332,28.941290020942688,56.052362844347954,1.5569727653637528,16674.23258972168,0.0,25.0,0.0,0.0,0.050000000000000044,1.7606021128594875,1.7606021128594875,0.0
double_dqn,805,490,86.15363668799401,85.85852975793185,30.24053282290697,55.91310436427593,1.5173098212108016,16451.53596496582,0.0,25.0,0.0,1.0,0.050000000000000044,1.6145674251019955,1.6145674251019955,0.0
double_dqn,805,491,80.66995736956596,85.00572897918524,28.10975143313408,52.56020626425743,1.5748283537104726,17117.689819335938,0.0,26.0,0.0,3.0,0.050000000000000044,1.5319030061364174,1.5319030061364174,0.0
double_dqn,805,492,77.34013233482838,84.05255478456618,27.100929588079453,50.23920267224312,1.4567084927111864,14947.907566070557,0.0,24.0,0.0,1.0,0.050000000000000044,1.5424270574003458,1.5424270574003458,0.0
double_dqn,805,493,89.50516722798348,84.05479210585358,30.07023774087429,59.43493014276028,1.5713270138949156,17435.191036224365,0.0,24.0,0.0,4.0,0.050000000000000044,1.808154009282589,1.808154009282589,0.0
double_dqn,805,494,92.57281614094973,83.65499627478422,27.817194119095802,64.7556222975254,1.5166447758674622,15701.592901229858,0.0,28.0,0.0,0.0,0.050000000000000044,1.948775302618742,1.948775302618742,0.0
double_dqn,805,495,96.13501323759556,84.16865153759719,30.74749545753002,65.3875177949667,1.6126913512125611,17672.671573638916,0.0,30.0,0.0,1.0,0.050000000000000044,1.9219292234629393,1.9219292234629393,0.0
double_dqn,805,496,106.81380496323109,85.58154901161791,34.505312755703926,72.30849187970162,1.688093607313931,19740.98743057251,0.0,32.0,0.0,1.0,0.050000000000000044,2.216020565479994,2.216020565479994,0.0
double_dqn,805,497,107.46301181912422,86.91666651688516,36.45699851214886,71.00601326227188,1.6408871999010444,19712.144241333008,0.0,30.0,0.0,2.0,0.050000000000000044,1.5476975236088037,1.5476975236088037,0.0
double_dqn,805,498,89.74935626387597,87.06474613912404,30.781196489930153,58.968159252405165,1.5585532877594233,17074.437549591064,0.0,27.0,0.0,1.0,0.050000000000000044,1.9507600739598274,1.9507600739598274,0.0
double_dqn,805,499,74.85767979323865,86.83352155201138,29.238331101834774,45.61934872865677,1.4823382683098316,15976.279975891113,0.0,23.0,0.0,1.0,0.050000000000000044,1.613299312070012,1.613299312070012,0.0
double_dqn,805,500,105.93503334373236,87.69846049308777,34.59892379492521,71.33610963821411,1.688734533265233,20043.37788772583,0.0,30.0,0.0,0.0,0.050000000000000044,2.1210194155573845,2.1210194155573845,0.0
double_dqn,805,501,95.05071520805359,88.19987772390247,30.75000624358654,64.3007085621357,1.5753142544999719,17553.803215026855,0.0,29.0,0.0,0.0,0.050000000000000044,1.912290420383215,1.912290420383215,0.0
double_dqn,805,502,94.95380491018295,88.70474849350751,31.71669279783964,63.237112268805504,1.6202591620385647,17922.740684509277,0.0,30.0,0.0,0.0,0.050000000000000044,1.372778706252575,1.372778706252575,0.0
double_dqn,805,503,101.3339104950428,90.62594510845841,34.2081119120121,67.12579818069935,1.6978433690965176,19946.311054229736,0.0,30.0,0.0,0.0,0.050000000000000044,1.5680228900164366,1.5680228900164366,0.0
double_dqn,805,504,77.81187632679939,90.06503602646292,26.680555000901222,51.131321012973785,1.4715325189754367,15069.262073516846,0.0,23.0,0.0,0.0,0.050000000000000044,1.585177579894662,1.585177579894662,0.0
double_dqn,805,505,89.5226312726736,90.61516990594566,29.14731688797474,60.37531465291977,1.5444290656596422,16840.508741378784,0.0,26.0,0.0,1.0,0.050000000000000044,1.5341920349746943,1.5341920349746943,0.0
double_dqn,805,506,100.4458256393671,91.08669478356839,35.4883563965559,64.95746921300888,1.5998267447575927,19361.21014404297,0.0,28.0,0.0,2.0,0.050000000000000044,2.008341383188963,2.008341383188963,0.0
double_dqn,805,507,79.25609370470048,90.75100419886411,28.698395259678364,50.5576991379261,1.5688442280516028,16631.69690322876,0.0,24.0,0.0,2.0,0.050000000000000044,1.6937272548675537,1.6937272548675537,0.0
double_dqn,805,508,87.6676284223795,90.91158737301826,30.743335619568825,56.92429266870022,1.5466384356841445,17010.174152374268,0.0,26.0,0.0,0.0,0.050000000000000044,1.4431117586791515,1.4431117586791515,0.0
double_dqn,805,509,73.08186378329992,90.31599794723094,27.452692173421383,45.62917172908783,1.4404004411771894,14821.172451019287,0.0,21.0,0.0,0.0,0.050000000000000044,1.3554733488708735,1.3554733488708735,0.0
double_dqn,805,510,78.92823647707701,89.95472793668509,28.519428066909313,50.40880839526653,1.4850770588964224,15917.907161712646,0.0,24.0,0.0,0.0,0.050000000000000044,1.8190345913171768,1.8190345913171768,0.0
double_dqn,805,511,93.17079022526741,90.57976957947017,30.433670341968536,62.73711961507797,1.6014999356120825,17440.75914001465,0.0,27.0,0.0,3.0,0.050000000000000044,1.6820909436792135,1.6820909436792135,0.0
double_dqn,805,512,84.57671138644218,90.94159853205085,30.972817838191986,53.603893637657166,1.5205076225101948,17123.16513442993,0.0,26.0,0.0,0.0,0.050000000000000044,1.6778160594403744,1.6778160594403744,0.0
double_dqn,805,513,93.16035002470016,91.12435767188668,31.49777179956436,61.662578240036964,1.5539705390110612,17356.72291946411,0.0,28.0,0.0,0.0,0.050000000000000044,1.7613311223685741,1.7613311223685741,0.0
double_dqn,805,514,98.82241623848677,91.43683767676353,33.61641088873148,65.20600560307503,1.6415641298517585,18796.33084487915,0.0,29.0,0.0,1.0,0.050000000000000044,1.4068874847143888,1.4068874847143888,0.0
double_dqn,805,515,87.6570585668087,91.0129399432242,32.38383376598358,55.27322483062744,1.585720170289278,17978.833671569824,0.0,24.0,0.0,0.0,0.050000000000000044,1.4288570880889893,1.4288570880889893,0.0
double_dqn,805,516,107.6486783772707,91.05468361392617,31.17234829068184,76.47633010149002,1.611596572212875,17626.217456817627,0.0,33.0,0.0,0.0,0.050000000000000044,1.7223807461559772,1.7223807461559772,0.0
double_dqn,805,517,88.50866463780403,90.10696625486017,31.437866494059563,57.07079806923866,1.5878612343221903,18255.583545684814,0.0,26.0,0.0,0.0,0.050000000000000044,1.5038101766258478,1.5038101766258478,0.0
double_dqn,805,518,79.42214616388083,89.5906057498604,30.121232502162457,49.3009138405323,1.4853976853191853,16200.18822479248,0.0,23.0,0.0,1.0,0.050000000000000044,2.119928415864706,2.119928415864706,0.0
double_dqn,805,519,84.55500067770481,90.07547179408371,27.81325154006481,56.741748332977295,1.4807978058233857,15565.636074066162,0.0,26.0,0.0,0.0,0.050000000000000044,1.3288309257477522,1.3288309257477522,0.0
double_dqn,805,520,96.96917944401503,89.62717909909784,34.34917355328798,62.62000623345375,1.666687410324812,20156.974868774414,0.0,26.0,0.0,0.0,0.050000000000000044,1.5971905589103699,1.5971905589103699,0.0
double_dqn,805,521,93.63476246595383,89.55638146199286,33.90396998822689,59.73079198598862,1.6333402562886477,19245.294204711914,0.0,26.0,0.0,0.0,0.050000000000000044,1.713471820577979,1.713471820577979,0.0
double_dqn,805,522,85.40074566751719,89.07872849985957,31.057101756334305,54.34364411234856,1.5581699879840016,17794.375827789307,0.0,25.0,0.0,0.0,0.050000000000000044,1.4637942519038916,1.4637942519038916,0.0
double_dqn,805,523,101.8524896642452,89.10465745831969,31.273764044046402,70.57872541158252,1.7970034293830395,20469.49489593506,0.0,27.0,9.0,0.0,0.050000000000000044,1.6347419209778309,1.6347419209778309,0.0
double_dqn,805,524,105.7137338384986,90.49975033390466,34.59534188359976,71.11839186549187,1.6835291413590312,19478.68383026123,0.0,30.0,0.0,2.0,0.050000000000000044,1.681940471753478,1.681940471753478,0.0
double_dqn,805,525,98.5471855700016,90.95097804877106,32.89856036007404,65.6486251950264,1.5940231531858444,18129.85050201416,0.0,29.0,0.0,0.0,0.050000000000000044,1.607669584453106,1.607669584453106,0.0
double_dqn,805,526,74.08052003383636,89.63271276849453,27.91125663369894,46.16926334798336,1.4833178240805864,15303.451705932617,0.0,24.0,0.0,0.0,0.050000000000000044,1.7144104167819023,1.7144104167819023,0.0
double_dqn,805,527,110.91269424557686,91.21554279553834,33.5530451387167,77.3596501648426,1.6510504074394703,19088.60837173462,0.0,33.0,0.0,0.0,0.050000000000000044,1.669814420863986,1.669814420863986,0.0
double_dqn,805,528,81.91723005473614,90.92802287715617,28.352789968252182,53.56443990767002,1.5699064200744033,16889.731811523438,0.0,24.0,0.0,1.0,0.050000000000000044,1.6994290612637997,1.6994290612637997,0.0
double_dqn,805,529,83.95019719749689,91.47143954786601,29.190841056406498,54.7593554854393,1.5333406208083034,16319.720069885254,0.0,25.0,0.0,1.0,0.050000000000000044,1.6884323507547379,1.6884323507547379,0.0
double_dqn,805,530,87.84327480196953,91.91719146411064,31.229906871914864,56.6133678406477,1.5877000885084271,17452.216846466064,0.0,26.0,0.0,1.0,0.050000000000000044,1.5902651902288198,1.5902651902288198,0.0
double_dqn,805,531,101.76242628246546,92.34677326697054,33.218302853405476,68.5441234216094,1.601336918771267,18444.982820510864,0.0,30.0,0.0,2.0,0.050000000000000044,1.4691871721297503,1.4691871721297503,0.0
double_dqn,805,532,73.21011437475681,91.77844341638628,28.147071853280067,45.063042268157005,1.4895088411867619,16050.273336410522,0.0,22.0,0.0,1.0,0.050000000000000044,1.0541084930300713,1.0541084930300713,0.0
double_dqn,805,533,110.06633286178112,92.62374255824031,33.817230224609375,76.24910259246826,1.7085444601252675,20050.949377059937,0.0,35.0,0.0,0.0,0.050000000000000044,2.285119106993079,2.285119106993079,0.0
double_dqn,805,534,84.14277605116368,91.88976054887418,29.74614231288433,54.39663318693638,1.5247097192332149,16589.167167663574,0.0,26.0,0.0,2.0,0.050000000000000044,1.8126985132694244,1.8126985132694244,0.0
double_dqn,805,535,94.87797463685274,92.25080635237637,31.18300710618496,63.69496786594391,1.5640778616070747,17350.682621002197,0.0,28.0,0.0,0.0,0.050000000000000044,1.356476278975606,1.356476278975606,0.0
double_dqn,805,536,98.44717084616423,91.79073097582105,34.11407244205475,64.33309844136238,1.6056800484657288,19048.686347961426,0.0,30.0,0.0,1.0,0.050000000000000044,2.0856386348605156,2.0856386348605156,0.0
double_dqn,805,537,88.84120427817106,91.8073579578394,32.389343194663525,56.451861679553986,1.5657374132424593,17808.719394683838,0.0,26.0,0.0,0.0,0.050000000000000044,1.7655225861817598,1.7655225861817598,0.0
double_dqn,805,538,80.47109224796296,91.85980526204351,28.181660696864128,52.289431580901145,1.5771336555480957,16837.767261505127,0.0,22.0,0.0,1.0,0.050000000000000044,1.666762750595808,1.666762750595808,0.0
double_dqn,805,539,110.347669506073,93.14943870346193,37.18439345061779,73.1632761001587,1.719251785427332,20999.65351486206,0.0,31.0,0.0,1.0,0.050000000000000044,2.18570776283741,2.18570776283741,0.0
double_dqn,805,540,73.44699347168208,91.97332940484527,28.111487962305546,45.33550561368465,1.4610620513558388,15386.734731674194,0.0,21.0,0.0,3.0,0.050000000000000044,1.7080983575433493,1.7080983575433493,0.0
double_dqn,805,541,93.3413046002388,91.95865651155952,30.042237870395184,63.29906690120697,1.5869063902646303,17473.314964294434,0.0,27.0,0.0,1.0,0.050000000000000044,1.6225927360355854,1.6225927360355854,0.0
double_dqn,805,542,90.37852574139833,92.20754551525359,31.174764551222324,59.20376102626324,1.6023022644221783,18329.764896392822,0.0,26.0,0.0,3.0,0.050000000000000044,1.726240836083889,1.726240836083889,0.0
double_dqn,805,543,100.39092528820038,92.13446729645133,32.91919216513634,67.47173318266869,1.6099958196282387,18761.182189941406,0.0,29.0,0.0,1.0,0.050000000000000044,1.7821649629622698,1.7821649629622698,0.0
double_dqn,805,544,95.55165948718786,91.6263635788858,31.746141016483307,63.80551815032959,1.6444316217675805,18676.142417907715,0.0,28.0,0.0,3.0,0.050000000000000044,1.2902331575751305,1.2902331575751305,0.0
double_dqn,805,545,101.49337817132474,91.77367320895196,33.76402544975281,67.7293536901474,1.6721333544701338,19409.45244216919,0.0,29.0,0.0,1.0,0.050000000000000044,1.5130195431411266,1.5130195431411266,0.0
double_dqn,805,546,108.17259574830533,93.47827699467541,33.62406674027443,74.54852821826935,1.676884583197534,19358.53239440918,0.0,31.0,0.0,3.0,0.050000000000000044,1.9830989576876163,1.9830989576876163,0.0
double_dqn,805,547,66.12138176709414,91.23871137075128,27.506856836378574,38.614525109529495,1.4636790929362178,15367.89453125,0.0,20.0,0.0,0.0,0.050000000000000044,1.6359571926295757,1.6359571926295757,0.0
double_dqn,805,548,82.36598435938359,91.26114908598365,27.908287197351456,54.45769723653793,1.4705287395045161,15442.120851516724,0.0,25.0,0.0,1.0,0.050000000000000044,2.0393985845148563,2.0393985845148563,0.0
double_dqn,805,549,92.96484270989895,91.71188136160374,29.544134974479675,63.42070724368095,1.5513770962134004,16612.97622871399,0.0,26.0,0.0,6.0,0.050000000000000044,1.191934298723936,1.191934298723936,0.0
double_dqn,805,550,111.39829840660096,92.88963254183531,35.91302824020386,75.48526980876923,1.694709101691842,20010.607189178467,0.0,32.0,0.0,1.0,0.050000000000000044,1.7358446847647429,1.7358446847647429,0.0
double_dqn,805,551,83.8500645160675,91.99401445351542,28.1016486287117,55.74841547012329,1.4843514682725072,15674.210952758789,0.0,26.0,0.0,0.0,0.050000000000000044,1.778306856751442,1.778306856751442,0.0
double_dqn,805,552,74.59300415217876,92.06315894238652,26.507575199007988,48.08542890846729,1.464555368758738,15188.195196151733,0.0,24.0,0.0,1.0,0.050000000000000044,1.265787873417139,1.265787873417139,0.0
double_dqn,805,553,93.81411954760551,91.25054827667773,31.00180894136429,62.81231039762497,1.551422712393105,17280.06601715088,0.0,28.0,0.0,0.0,0.050000000000000044,1.628008496016264,1.628008496016264,0.0
double_dqn,805,554,75.89441981166601,90.83813046470286,27.843685768544674,48.05073398351669,1.530554017983377,16681.653106689453,0.0,24.0,0.0,1.0,0.050000000000000044,2.5027566328644753,2.5027566328644753,0.0
double_dqn,805,555,95.26333358585835,90.85739841215312,31.03680282831192,64.22653074264527,1.5571203669533134,17210.27157974243,0.0,27.0,0.0,6.0,0.050000000000000044,2.0318301636725664,2.0318301636725664,0.0
double_dqn,805,556,81.03970173150302,89.98702495642007,27.758659161627293,53.281042554974555,1.4948686230927706,15800.481384277344,0.0,24.0,0.0,1.0,0.050000000000000044,2.2237066850066185,2.2237066850066185,0.0
double_dqn,805,557,85.56661670655012,89.82329557783902,29.021615527570248,56.54500173032284,1.5574963884428144,16710.550205230713,0.0,27.0,0.0,1.0,0.050000000000000044,2.232490222901106,2.232490222901106,0.0
double_dqn,805,558,92.36651805937291,90.41806686840953,33.156467750668526,59.210050323605536,1.592656590975821,18324.364631652832,0.0,27.0,0.0,1.0,0.050000000000000044,1.4418844524770975,1.4418844524770975,0.0
double_dqn,805,559,97.32484742552042,89.7669257643819,31.485386662185192,65.83946095705032,1.5726479589939117,17325.598014831543,0.0,30.0,0.0,2.0,0.050000000000000044,1.6839313618838787,1.6839313618838787,0.0
double_dqn,805,560,93.78732063025237,90.7839421223104,29.19291254878044,64.5944082826376,1.5253519006073475,16485.728160858154,0.0,29.0,0.0,1.0,0.050000000000000044,1.8061585631221533,1.8061585631221533,0.0
double_dqn,805,561,91.82751402258873,90.7082525934279,29.270636841654778,62.5568767786026,1.6034748461097479,17298.157360076904,0.0,30.0,0.0,1.0,0.050000000000000044,1.9562792293727398,1.9562792293727398,0.0
double_dqn,805,562,97.23202882111073,91.05092774741352,34.83868885785341,62.39333998560905,1.6492825420573354,19947.037757873535,0.0,28.0,0.0,1.0,0.050000000000000044,1.7464907374233007,1.7464907374233007,0.0
double_dqn,805,563,88.82002790272236,90.47238287813963,30.033473908901215,58.786553502082825,1.6064287750050426,17983.657375335693,0.0,26.0,0.0,2.0,0.050000000000000044,1.5088299792259932,1.5088299792259932,0.0
double_dqn,805,564,94.9605957210064,90.44282968983055,34.30552685260773,60.65506891310215,1.6153059741482139,19343.99620437622,0.0,28.0,0.0,1.0,0.050000000000000044,1.899607541039586,1.899607541039586,0.0
double_dqn,805,565,101.00896393507719,90.41860897801817,33.84017477184534,67.16878892481327,1.6077849511057138,18930.222522735596,0.0,29.0,0.0,2.0,0.050000000000000044,2.0603080354630947,2.0603080354630947,0.0
double_dqn,805,566,81.53094455748797,89.0865264184773,29.937686897814274,51.59325768947601,1.4967316463589668,16580.260608673096,0.0,23.0,0.0,3.0,0.050000000000000044,1.8145205527544022,1.8145205527544022,0.0
double_dqn,805,567,89.47372555732727,90.25414360798896,29.197676569223404,60.2760491669178,1.4904025429859757,16308.431716918945,0.0,26.0,0.0,0.0,0.050000000000000044,1.832892643287778,1.832892643287778,0.0
double_dqn,805,568,86.36893664300442,90.45429122217,28.894748017191887,57.47418862581253,1.5429105730727315,16959.600910186768,0.0,25.0,0.0,0.0,0.050000000000000044,1.6663731895387173,1.6663731895387173,0.0
double_dqn,805,569,60.26883617043495,88.81949089519681,25.36046475172043,34.90837164223194,1.409320430830121,14450.641689300537,0.0,19.0,0.0,1.0,0.050000000000000044,1.9177910163998604,1.9177910163998604,0.0
double_dqn,805,570,83.11408620625734,87.40528028517961,26.97791565209627,56.13617030084133,1.4861564552411437,15493.853366851807,0.0,24.0,0.0,2.0,0.050000000000000044,1.7843014225363731,1.7843014225363731,0.0
double_dqn,805,571,83.24156181514263,87.37485515013337,28.680077366530895,54.56148451566696,1.491524520330131,16259.623571395874,0.0,25.0,0.0,1.0,0.050000000000000044,1.719848282635212,1.719848282635212,0.0
double_dqn,805,572,86.84397861510516,87.9874038732797,28.21201393008232,58.63196458816528,1.4749323520809412,15635.647720336914,0.0,26.0,0.0,1.0,0.050000000000000044,1.588690735399723,1.588690735399723,0.0
double_dqn,805,573,102.30425574630499,88.41191068321467,33.39884386956692,68.9054117500782,1.644474932923913,18974.2347946167,0.0,30.0,0.0,0.0,0.050000000000000044,1.463527237996459,1.463527237996459,0.0
double_dqn,805,574,120.23073792755604,90.62872658900918,39.08609373122454,81.14464429318905,1.7611720403656363,21567.914184570312,0.0,34.0,0.0,3.0,0.050000000000000044,1.8351302612572908,1.8351302612572908,0.0
double_dqn,805,575,89.69254599660636,90.35018720954658,32.120357520878315,57.57218822240829,1.6146003659814596,18270.967498779297,0.0,27.0,0.0,2.0,0.050000000000000044,1.2926364410668612,1.2926364410668612,0.0
double_dqn,805,576,92.85204620063305,90.94080443300308,29.18186128139496,63.670184993743895,1.542468199506402,16959.61810684204,0.0,28.0,0.0,1.0,0.050000000000000044,1.719771882519126,1.719771882519126,0.0
double_dqn,805,577,101.0947907269001,91.71721313402057,34.41884255409241,66.67594864964485,1.6887882594019175,19968.663791656494,0.0,30.0,0.0,0.0,0.050000000000000044,1.8917828164994717,1.8917828164994717,0.0
double_dqn,805,578,91.18122866004705,91.65794866405429,30.102224580943584,61.079004153609276,1.646946370601654,18227.677536010742,0.0,29.0,0.0,2.0,0.050000000000000044,1.8226729985326529,1.8226729985326529,0.0
double_dqn,805,579,88.8723212480545,91.23532235518098,30.93904611468315,57.93327583372593,1.5423330627381802,17631.085968017578,0.0,27.0,0.0,0.0,0.050000000000000044,1.6320274453610182,1.6320274453610182,0.0
double_dqn,805,580,83.85395101606846,90.7386538744718,27.52703608572483,56.326914677023886,1.5631485702469945,16535.651611328125,0.0,26.0,0.0,2.0,0.050000000000000044,1.8786206264048815,1.8786206264048815,0.0
double_dqn,805,581,85.43791408836842,90.41917387776077,28.821700371801853,56.61621341109276,1.5072491392493248,16100.679870605469,0.0,25.0,0.0,0.0,0.050000000000000044,1.5998602844774723,1.5998602844774723,0.0
double_dqn,805,582,84.82060550451278,89.79860271193087,29.574427664279938,55.246177840232846,1.550637723878026,16725.604850769043,0.0,24.0,0.0,2.0,0.050000000000000044,1.4503090232610703,1.4503090232610703,0.0
double_dqn,805,583,97.28821016848087,90.2220118252188,31.434240400791168,65.85396955907345,1.5920747555792332,17591.8155670166,0.0,30.0,0.0,0.0,0.050000000000000044,2.0329303592443466,2.0329303592443466,0.0
double_dqn,805,584,90.62742011994123,90.00535304516553,30.949942000210285,59.67747785151005,1.5793042369186878,17758.81226348877,0.0,27.0,0.0,1.0,0.050000000000000044,1.6548914536833763,1.6548914536833763,0.0
double_dqn,805,585,84.2276346758008,89.1662865822017,28.76766913384199,55.45996576547623,1.5495617566630244,16681.79605102539,0.0,26.0,0.0,0.0,0.050000000000000044,2.1046545188874006,2.1046545188874006,0.0
double_dqn,805,586,91.72484109699727,89.67598140917718,32.785410448908806,58.939430797100066,1.6373666021972895,19353.77721786499,0.0,25.0,0.0,1.0,0.050000000000000044,1.8389438204467297,1.8389438204467297,0.0
double_dqn,805,587,96.7776318192482,90.04117672227324,31.607843905687332,65.16978760063648,1.6321234470233321,18299.815460205078,0.0,28.0,0.0,1.0,0.050000000000000044,1.6476736906915903,1.6476736906915903,0.0
double_dqn,805,588,86.95201122015715,90.07033045113087,30.489604525268078,56.462406873703,1.6341007864102721,18057.700233459473,0.0,23.0,0.0,0.0,0.050000000000000044,1.5682983007282019,1.5682983007282019,0.0
double_dqn,805,589,74.47618968039751,90.780698126629,26.595054283738136,47.88113531470299,1.5262047527357936,16000.647285461426,0.0,23.0,0.0,1.0,0.050000000000000044,1.7612636554986238,1.7612636554986238,0.0
double_dqn,805,590,91.44652926921844,91.19732027977706,31.970705687999725,59.47582373023033,1.5847019329667091,17958.069019317627,0.0,26.0,0.0,0.0,0.050000000000000044,2.082357492297888,2.082357492297888,0.0
double_dqn,805,591,94.87126517295837,91.77880544766784,31.177550062537193,63.69371484220028,1.659004452638328,18397.200569152832,0.0,29.0,0.0,1.0,0.050000000000000044,1.9907373283058405,1.9907373283058405,0.0
double_dqn,805,592,82.04695072770119,91.53895405329764,29.82490559667349,52.22204498946667,1.554800353012979,17387.54554748535,0.0,24.0,0.0,1.0,0.050000000000000044,1.5354036930948496,1.5354036930948496,0.0
double_dqn,805,593,75.77168955206871,90.21232574358581,26.295738369226456,49.47595128715038,1.4584332229569554,15177.825313568115,0.0,23.0,0.0,2.0,0.050000000000000044,1.7848179377615452,1.7848179377615452,0.0
double_dqn,805,594,100.13938548564911,89.20775812149049,33.01677606999874,67.12260938584805,1.6685235630720854,19636.404190063477,0.0,29.0,0.0,3.0,0.050000000000000044,1.480570551007986,1.480570551007986,0.0
double_dqn,805,595,93.79798568189145,89.41303010575474,31.643496602773666,62.15448943674564,1.6644551120698452,18729.372749328613,0.0,28.0,0.0,2.0,0.050000000000000044,1.3205308560281992,1.3205308560281992,0.0
double_dqn,805,596,107.65006296336651,90.1529309438914,33.88279082626104,73.76727229356766,1.6865919195115566,19613.65444946289,0.0,31.0,0.0,1.0,0.050000000000000044,1.7425925061106682,1.7425925061106682,0.0
double_dqn,805,597,96.57326516509056,89.92685466580095,31.89060987532139,64.68265567719936,1.6440345346927643,18983.033203125,0.0,29.0,0.0,2.0,0.050000000000000044,2.3523436300456524,2.3523436300456524,0.0
double_dqn,805,598,106.01112221181393,90.66834934338928,33.69930672645569,72.31181462109089,1.6763431513682008,19261.114238739014,0.0,31.0,0.0,0.0,0.050000000000000044,1.783479068428278,1.783479068428278,0.0
double_dqn,805,599,84.62485928237439,90.45597624510528,30.14007593691349,54.48478334546089,1.5051488066092134,16566.466817855835,0.0,25.0,0.0,1.0,0.050000000000000044,2.011476367712021,2.011476367712021,0.0
