variant,model_seed,episode,cost,rolling_cost,immediate_cost,penalty,energy_use,latency_ms,thermal_violation,energy_violation,queue_violation,contact_violation,epsilon,loss,td_loss,auxiliary_loss
double_dqn,800,0,94.0885107010603,94.0885107010603,32.5539718195796,61.53453911244869,1.5966471321880817,19501.27227783203,0.0,27.0,0.0,1.0,0.9954761904761905,,,
double_dqn,800,1,127.3944122032567,110.7414614521585,38.73012048006058,88.66429117185316,1.8135206894949079,23540.49028778076,0.0,33.0,7.0,1.0,0.9909523809523809,1.2439789772033691,1.2439789772033691,0.0
double_dqn,800,2,135.99080929555495,119.15791073329065,42.28894439339638,93.70186490215858,1.8254870530217886,25071.6439743042,0.0,34.0,11.0,1.0,0.9864285714285714,1.124730460345745,1.124730460345745,0.0
double_dqn,800,3,197.12242056135764,138.6490381903074,45.69337148964405,151.42904902701005,1.9816556554287672,27487.231861114502,0.0,38.0,26.0,3.0,0.981904761904762,1.198697816580534,1.198697816580534,0.0
double_dqn,800,4,126.37339404446512,136.19390936113896,42.05064341425896,84.3227516881886,1.8334336811676621,24512.450286865234,0.0,36.0,4.0,2.0,0.9773809523809524,1.3105492442846298,1.3105492442846298,0.0
double_dqn,800,5,124.640843886137,134.26839844863864,41.682585686445236,82.95825806558132,1.7404389306902885,23549.853023529053,0.0,34.0,0.0,2.0,0.9728571428571429,1.0595094226300716,1.0595094226300716,0.0
double_dqn,800,6,113.00601023644217,131.23091441832486,41.363688476383686,71.64232155144222,1.7997732469812036,24615.936614990234,0.0,28.0,7.0,1.0,0.9683333333333334,0.8773850053548813,0.8773850053548813,0.0
double_dqn,800,7,106.306675106287,128.1153845043201,35.27392089366913,71.03275460004807,1.7122670263051987,21751.319847106934,0.0,30.0,0.0,0.0,0.9638095238095238,0.868357103317976,0.868357103317976,0.0
double_dqn,800,8,126.5548864454031,127.9419958311071,45.79896692931652,80.75591917335987,1.78752910066396,25585.06314086914,0.0,34.0,0.0,0.0,0.9592857142857143,0.8766162507236004,0.8766162507236004,0.0
double_dqn,800,9,106.36005502939224,125.78380175093562,36.60700502991676,69.75304937362671,1.6610061405226588,21195.733402252197,0.0,30.0,0.0,0.0,0.9547619047619048,0.6607297696173191,0.6607297696173191,0.0
double_dqn,800,10,168.3891341028662,129.6570137829293,43.70087996125221,124.68825426082331,1.8465299969539046,25724.374938964844,0.0,36.0,25.0,1.0,0.9502380952380952,0.5027101766318083,0.5027101766318083,0.0
double_dqn,800,11,110.20924859791994,128.03636668417852,35.54038693010807,74.66886154860258,1.6978493183851242,21238.86501312256,0.0,31.0,0.0,2.0,0.9457142857142857,0.4216933213174343,0.4216933213174343,0.0
double_dqn,800,12,103.66674553602934,126.1617804420132,37.744524113833904,65.9222207069397,1.6737524839118123,22512.776077270508,0.0,27.0,0.0,1.0,0.9411904761904761,0.31078785471618176,0.31078785471618176,0.0
double_dqn,800,13,120.49240297079086,125.75682490835446,40.94164726138115,79.55075532197952,1.7679599514231086,23874.64670562744,0.0,33.0,0.0,0.0,0.9366666666666666,0.24866892863065004,0.24866892863065004,0.0
double_dqn,800,14,102.73947849869728,124.22233514771065,38.125855430960655,64.61362375319004,1.7548798508942127,22875.34655380249,0.0,28.0,0.0,1.0,0.9321428571428572,0.21224341914057732,0.21224341914057732,0.0
double_dqn,800,15,157.3364846074996,126.29196948894747,42.51957134902477,114.8169131243644,1.8758363369852304,25326.69361114502,0.0,35.0,27.0,1.0,0.9276190476190476,0.5339215025305748,0.5339215025305748,0.0
double_dqn,800,16,128.09681319031307,126.3981367654984,41.2764503210783,86.82036175164768,1.8106597382575274,24501.520835876465,0.0,36.0,3.0,1.0,0.9230952380952381,0.5772243309766054,0.5772243309766054,0.0
double_dqn,800,17,111.45326128005982,125.56786590519626,39.454117715358734,71.99914413094521,1.7528589516878128,23099.42590713501,0.0,30.0,0.0,2.0,0.9185714285714286,0.3329336643218994,0.3329336643218994,0.0
double_dqn,800,18,123.25441689019364,125.44610543072244,44.335659727454185,78.9187572223441,1.7856672499328852,25553.918659210205,0.0,31.0,12.0,0.0,0.914047619047619,0.26764264702796936,0.26764264702796936,0.0
double_dqn,800,19,144.3356478541249,126.39058255189256,43.79765622317791,100.53799136272607,1.933949826285243,26761.846801757812,0.0,35.0,12.0,1.0,0.9095238095238095,0.26403771340847015,0.26403771340847015,0.0
double_dqn,800,20,103.03717296719552,126.83801566519931,35.39349792897701,67.64367518723012,1.6127920057624578,20629.323276519775,0.0,30.0,0.0,2.0,0.905,0.22402099519968033,0.22402099519968033,0.0
double_dqn,800,21,131.98842472098417,127.06771629108569,38.11577254533768,93.87265201173372,1.7618055772036314,23042.02196121216,0.0,33.0,16.0,1.0,0.9004761904761904,0.24213591124862432,0.24213591124862432,0.0
double_dqn,800,22,112.31644365426152,125.88399800902103,38.923225082457066,73.39321869101374,1.7582495445385575,23403.840705871582,0.0,31.0,4.0,1.0,0.895952380952381,0.19751725299283862,0.19751725299283862,0.0
double_dqn,800,23,124.52225167067826,122.25398956448706,43.55479434877634,80.96745710583511,1.8210569312795997,25122.64617919922,0.0,34.0,8.0,1.0,0.8914285714285715,0.5804072273895144,0.5804072273895144,0.0
double_dqn,800,24,131.5413078150022,122.51238525301389,42.416917368769646,89.12439095287203,1.8088594246655703,24784.471843719482,0.0,37.0,1.0,0.0,0.8869047619047619,0.5283777005970478,0.5283777005970478,0.0
double_dqn,800,25,97.55577246844769,121.15813168212942,34.40979194641113,63.14598037302494,1.608436199836433,20163.037700653076,0.0,28.0,0.0,0.0,0.8823809523809524,0.35852483194321394,0.35852483194321394,0.0
double_dqn,800,26,121.26458701491356,121.571060521053,42.56531096994877,78.6992759257555,1.7627364061772823,24544.68641281128,0.0,33.0,0.0,0.0,0.8778571428571429,0.3125756159424782,0.3125756159424782,0.0
double_dqn,800,27,128.35611750953473,122.67353264121539,38.79416985809803,89.56194727890765,1.8611968252807856,23988.68078804016,0.0,33.0,9.0,1.0,0.8733333333333333,0.29198801703751087,0.29198801703751087,0.0
double_dqn,800,28,117.50606364011765,122.22109150095112,40.490867003798485,77.01519668102264,1.7816590052098036,23840.494956970215,0.0,34.0,0.0,0.0,0.8688095238095238,0.2906613489612937,0.2906613489612937,0.0
double_dqn,800,29,132.57436590198841,123.53180704458093,39.952840715646744,92.62152470950451,1.8915047105401754,24499.130195617676,0.0,35.0,8.0,1.0,0.8642857142857143,0.2991703748703003,0.2991703748703003,0.0
double_dqn,800,30,132.54729839770124,121.73971525932268,40.547951608896255,91.99934671429918,1.830743895843625,24154.478755950928,0.0,37.0,13.0,0.0,0.8597619047619047,0.341269351541996,0.341269351541996,0.0
double_dqn,800,31,110.79417692124844,121.7689616754891,37.534954100847244,73.25922213494778,1.7525624120607972,22086.015691757202,0.0,32.0,0.0,2.0,0.8552380952380952,0.646056049503386,0.646056049503386,0.0
double_dqn,800,32,109.49137032032013,122.06019291470363,36.650225542485714,72.8411448597908,1.7252046186476946,21978.79335784912,0.0,32.0,0.0,1.0,0.8507142857142858,0.48843870125710964,0.48843870125710964,0.0
double_dqn,800,33,118.9722600877285,121.98418577055051,40.668267130851746,78.30399319529533,1.7174253705888987,22976.07410812378,0.0,32.0,0.0,0.0,0.8461904761904762,0.4097151644527912,0.4097151644527912,0.0
double_dqn,800,34,101.84893274307251,121.93965848276927,37.424601554870605,64.42433068156242,1.708838639780879,21759.15181159973,0.0,29.0,0.0,0.0,0.8416666666666667,0.35260879807174206,0.35260879807174206,0.0
double_dqn,800,35,175.91761637830768,122.86871507130968,46.670510187745094,129.24710614585905,1.9492799583822489,27530.695472717285,0.0,36.0,28.0,0.0,0.8371428571428572,0.3536787163466215,0.3536787163466215,0.0
double_dqn,800,36,119.90200974941254,122.45897489926465,37.26505346596241,82.6369561046362,1.7248819936066866,22017.00922012329,0.0,36.0,0.0,1.0,0.8326190476190476,0.2690034443512559,0.2690034443512559,0.0
double_dqn,800,37,95.35377663373947,121.65400066694863,33.976621717214584,61.37715420126915,1.6015369538217783,19829.827587127686,0.0,27.0,0.0,1.0,0.8280952380952381,0.2739550517871976,0.2739550517871976,0.0
double_dqn,800,38,125.22678107924571,121.75261887640127,39.344344183802605,85.8824372828733,1.8546265745535493,23672.199283599854,0.0,34.0,2.0,2.0,0.8235714285714286,0.31921046413481236,0.31921046413481236,0.0
double_dqn,800,39,116.28011445999145,120.34984220669457,41.54229338467121,74.73782107532024,1.780212352052331,24192.551124572754,0.0,31.0,0.0,2.0,0.819047619047619,0.7674819324165583,0.7674819324165583,0.0
double_dqn,800,40,125.6722080051899,121.48159395859432,43.21521572768688,82.45699253082276,1.8200393551960588,25137.51487350464,0.0,34.0,0.0,1.0,0.8145238095238095,0.5630247984081507,0.5630247984081507,0.0
double_dqn,800,41,131.60266445577145,121.46230594533365,40.51836974918842,91.08429525792599,1.8148262035101652,23571.297393798828,0.0,38.0,0.0,0.0,0.81,0.4201919287443161,0.4201919287443161,0.0
double_dqn,800,42,114.56079971492291,121.57452374836673,39.18819049745798,75.37260843515396,1.7154182204976678,22476.803073883057,0.0,33.0,0.0,3.0,0.8054761904761905,0.4113712012767792,0.4113712012767792,0.0
double_dqn,800,43,116.00485325059404,121.1486538273625,36.97344737499952,79.03140562227473,1.8699219897389412,23113.274822235107,0.0,30.0,11.0,2.0,0.800952380952381,0.4624737584963441,0.4624737584963441,0.0
double_dqn,800,44,98.7126110419631,119.50721898871055,35.55741719156504,63.15519371628761,1.6442710449919105,20585.024015426636,0.0,27.0,0.0,1.0,0.7964285714285715,0.4166215630248189,0.4166215630248189,0.0
double_dqn,800,45,108.57327987253666,120.05809435891499,38.61390824615955,69.95937177538872,1.747623734176159,22912.220951080322,0.0,30.0,0.0,2.0,0.7919047619047619,0.41366386134177446,0.41366386134177446,0.0
double_dqn,800,46,117.6164737790823,119.87568869712345,40.8604304343462,76.75604298710823,1.7756300317123532,23823.452003479004,0.0,33.0,0.0,0.0,0.7873809523809524,0.5397122912108898,0.5397122912108898,0.0
double_dqn,800,47,101.05372451245785,118.51056904726961,36.48855583369732,64.56516852974892,1.624951277859509,20981.656692504883,0.0,28.0,0.0,1.0,0.7828571428571429,0.71632288582623,0.71632288582623,0.0
double_dqn,800,48,123.14294117689133,118.79241292410829,41.92206430435181,81.22087721526623,1.7693325029686093,23618.05153656006,0.0,35.0,0.0,0.0,0.7783333333333333,0.5144813768565655,0.5144813768565655,0.0
double_dqn,800,49,123.95708794030685,118.3615490260242,42.139597311615944,81.81749030086536,1.8782263826578856,25233.7508392334,0.0,34.0,12.0,0.0,0.7738095238095238,0.43252657540142536,0.43252657540142536,0.0
double_dqn,800,50,97.94011137783528,116.63118967503092,39.41652248799801,58.52358830869198,1.7051668362691998,22448.530780792236,0.0,26.0,0.0,1.0,0.7692857142857144,0.4547295393422246,0.4547295393422246,0.0
double_dqn,800,51,112.16500167548656,116.69973091274282,40.534436881542206,71.63056476414204,1.7635879553854465,23474.053634643555,0.0,31.0,0.0,0.0,0.7647619047619048,0.4909143662080169,0.4909143662080169,0.0
double_dqn,800,52,120.41422714293003,117.2458737538733,41.222770899534225,79.19145533442497,1.759080589748919,23669.56956100464,0.0,34.0,0.0,0.0,0.7602380952380953,0.5086103808134794,0.5086103808134794,0.0
double_dqn,800,53,120.40317081809044,117.31741929039143,43.11662548780441,77.286545419693,1.7984898770228028,24745.46319961548,0.0,33.0,0.0,2.0,0.7557142857142858,0.39743363391608,0.39743363391608,0.0
double_dqn,800,54,107.6325159072876,117.60659844860217,34.943399250507355,72.68911696970463,1.7129360772669315,20683.023571014404,0.0,33.0,0.0,0.0,0.7511904761904762,0.66825813613832,0.66825813613832,0.0
double_dqn,800,55,126.15466068983078,115.11845066417831,40.796800926327705,85.35786012113094,1.7645942298695445,22931.906955718994,0.0,36.0,0.0,2.0,0.7466666666666667,0.6725521869957447,0.6725521869957447,0.0
double_dqn,800,56,117.43136669695377,114.9949185115554,41.87300582230091,75.55836144089699,1.7735074758529663,24226.114490509033,0.0,32.0,0.0,0.0,0.7421428571428572,0.5115788616240025,0.5115788616240025,0.0
double_dqn,800,57,107.67966974675656,115.61121316720623,36.17181019484997,71.50785946249962,1.6345380740240216,20234.13038253784,0.0,31.0,0.0,2.0,0.7376190476190476,0.5842551505193114,0.5842551505193114,0.0
double_dqn,800,58,96.24813756346703,114.16228099141729,31.977876737713814,64.27026090025902,1.717993350699544,19726.158493041992,0.0,29.0,0.0,1.0,0.7330952380952381,0.48212086968123913,0.48212086968123913,0.0
double_dqn,800,59,115.86368528306484,114.14145953257098,38.832049295306206,77.03163591325283,1.7403131183236837,22453.521167755127,0.0,33.0,0.0,2.0,0.7285714285714286,0.50342439673841,0.50342439673841,0.0
double_dqn,800,60,91.21757817268372,112.41872804094567,32.38719965517521,58.83037918806076,1.6348225437104702,19441.366020202637,0.0,26.0,0.0,1.0,0.724047619047619,0.592967564240098,0.592967564240098,0.0
double_dqn,800,61,91.16639246940613,110.39691444162739,35.154037334024906,56.012355187535285,1.658806067891419,20387.044897079468,0.0,25.0,0.0,2.0,0.7195238095238095,0.46697750594466925,0.46697750594466925,0.0
double_dqn,800,62,187.6155774531024,114.04965332853638,41.184455931186676,146.43112170072962,1.9630016759037971,24830.4172706604,0.0,39.0,34.0,3.0,0.7150000000000001,0.7574427556246519,0.7574427556246519,0.0
double_dqn,800,63,112.39984513819218,113.8694029229163,40.50252301990986,71.89732180535793,1.7250237492844462,22751.222917556763,0.0,31.0,0.0,1.0,0.7104761904761905,0.67007358931005,0.67007358931005,0.0
double_dqn,800,64,114.95242414772511,114.68139357820439,43.330665081739426,71.6217592895031,1.8250387534499168,24769.17078781128,0.0,31.0,0.0,1.0,0.7059523809523809,0.662016024813056,0.662016024813056,0.0
double_dqn,800,65,125.5596728116274,115.5307132251589,42.67428337037563,82.88538944125176,1.8599972175434232,25019.632148742676,0.0,35.0,0.0,1.0,0.7014285714285715,0.6061248676851392,0.6061248676851392,0.0
double_dqn,800,66,119.79001595377922,115.63939033389377,39.961698055267334,79.82831825613975,1.7524564070627093,23109.321323394775,0.0,33.0,0.0,2.0,0.6969047619047619,0.47343293111771345,0.47343293111771345,0.0
double_dqn,800,67,98.62342391163111,115.51787530385243,35.991779662668705,62.631644159555435,1.6638780198991299,20708.549949645996,0.0,29.0,0.0,1.0,0.6923809523809523,0.5001793075352907,0.5001793075352907,0.0
double_dqn,800,68,115.06436931341887,115.1139467106788,38.67910993844271,76.38525980710983,1.7830678997561336,22562.025705337524,0.0,31.0,0.0,0.0,0.687857142857143,0.6389257740229368,0.6389257740229368,0.0
double_dqn,800,69,105.70349645614624,114.20126713647078,34.54966574162245,71.15383014082909,1.7785395560786128,21405.241584777832,0.0,32.0,0.0,0.0,0.6833333333333333,0.497755984775722,0.497755984775722,0.0
double_dqn,800,70,117.84030597805977,115.19627686648201,41.2853227108717,76.5549832969904,1.8221821710467339,23766.245918273926,0.0,32.0,0.0,1.0,0.6788095238095238,0.879852038808167,0.879852038808167,0.0
double_dqn,800,71,84.4997215807438,113.81301286174487,31.225466683506966,53.274255061149596,1.5095274280756712,17426.74305343628,0.0,24.0,0.0,1.0,0.6742857142857144,0.6102221384644508,0.6102221384644508,0.0
double_dqn,800,72,110.89309940636159,113.33695647491645,37.63796313107014,73.25513591766358,1.697609594091773,21468.68983078003,0.0,31.0,0.0,3.0,0.6697619047619048,0.5485798520967364,0.5485798520967364,0.0
double_dqn,800,73,108.85864517092705,112.75973019255828,35.59936113655567,73.25928366184235,1.6663494296371937,20631.5392036438,0.0,32.0,0.0,1.0,0.6652380952380952,0.6599209178239107,0.6599209178239107,0.0
double_dqn,800,74,98.61791227757931,112.30900001107287,34.10093407332897,64.51697811484337,1.600408143363893,19272.175338745117,0.0,28.0,0.0,0.0,0.6607142857142857,0.736237658187747,0.736237658187747,0.0
double_dqn,800,75,104.78777718544006,111.24065583585332,37.47344075888395,67.31433689594269,1.6971105067059398,21538.95866394043,0.0,30.0,0.0,1.0,0.6561904761904762,0.5343109276145697,0.5343109276145697,0.0
double_dqn,800,76,114.22456585615873,111.08031579381357,39.47685334831476,74.74771204590797,1.7260067025199533,22146.04393196106,0.0,33.0,0.0,0.0,0.6516666666666667,0.6203814037144184,0.6203814037144184,0.0
double_dqn,800,77,112.84663564860821,111.33866408890614,38.40594609081745,74.44068991541863,1.7255400018766522,21832.24924850464,0.0,32.0,0.0,1.0,0.6471428571428571,0.5816946942359209,0.5816946942359209,0.0
double_dqn,800,78,120.21000784881625,112.5367576031736,42.508542984724045,77.7014645213655,1.8322013979777694,24481.961456298828,0.0,33.0,3.0,0.0,0.6426190476190476,0.8655467517673969,0.8655467517673969,0.0
double_dqn,800,79,115.17188301235437,112.50216748963808,37.57679995149374,77.59508296400308,1.6947906566783786,21320.38472366333,0.0,33.0,0.0,2.0,0.6380952380952382,0.7906283736228943,0.7906283736228943,0.0
double_dqn,800,80,111.15867368876934,113.49922226544236,35.50058760493994,75.65808606147766,1.7083748346194625,20793.036163330078,0.0,32.0,0.0,1.0,0.6335714285714286,0.639941330999136,0.639941330999136,0.0
double_dqn,800,81,107.89167232811451,114.33548625837777,35.938666835427284,71.95300537347794,1.7316592773422599,21200.663291931152,0.0,31.0,0.0,0.0,0.6290476190476191,0.6738280169665813,0.6738280169665813,0.0
double_dqn,800,82,101.46614339351655,110.0280145553985,36.86856823414564,64.59757513701916,1.66154202260077,21044.10361099243,0.0,27.0,0.0,1.0,0.6245238095238095,0.6331388875842094,0.6331388875842094,0.0
double_dqn,800,83,91.94718700647354,109.00538164881254,32.89652882516384,59.05065783858299,1.5676260013133287,18873.418975830078,0.0,27.0,0.0,0.0,0.62,0.6605122350156307,0.6605122350156307,0.0
double_dqn,800,84,107.00105831027031,108.60781335693983,36.58710892498493,70.41395002603531,1.6519329426810145,20486.541553497314,0.0,31.0,0.0,0.0,0.6154761904761905,0.45295289158821106,0.45295289158821106,0.0
double_dqn,800,85,112.29452936351299,107.9445561845341,35.19226334989071,77.10226553678513,1.7249549673870206,20926.164993286133,0.0,33.0,0.0,2.0,0.6109523809523809,0.7552536129951477,0.7552536129951477,0.0
double_dqn,800,86,122.74943290650845,108.09252703217055,41.69838324189186,81.05104976892471,1.8084114268422127,23679.04900741577,0.0,34.0,0.0,0.0,0.6064285714285714,0.9671999178826809,0.9671999178826809,0.0
double_dqn,800,87,122.57052472233772,109.28988207270588,40.54556380212307,82.02496086061001,1.7630300922319293,22595.663707733154,0.0,36.0,0.0,0.0,0.6019047619047619,0.6982235629111528,0.6982235629111528,0.0
double_dqn,800,88,103.26817951351404,108.70007258271065,39.86847799271345,63.39970202744007,1.6613727798685431,22191.397789001465,0.0,28.0,0.0,0.0,0.5973809523809523,0.6991969347000122,0.6991969347000122,0.0
double_dqn,800,89,107.08271808326245,108.76903366406646,36.92838054895401,70.15433737039567,1.6262274263426661,20793.51647567749,0.0,32.0,0.0,1.0,0.592857142857143,0.7108131963759661,0.7108131963759661,0.0
double_dqn,800,90,123.36168039739132,109.04510238503303,39.7518514841795,83.60982921123505,1.7722807480022311,22674.54792022705,0.0,35.0,0.0,1.0,0.5883333333333334,0.5889727175235748,0.5889727175235748,0.0
double_dqn,800,91,104.31089373081923,110.0356609925368,37.395265109837055,66.91562866568566,1.7645015511661768,22276.896438598633,0.0,28.0,0.0,1.0,0.5838095238095238,0.7198202069848776,0.7198202069848776,0.0
double_dqn,800,92,92.12138046324253,109.09707504538088,32.842262119054794,59.279119193553925,1.5880153495818377,18987.86534500122,0.0,25.0,0.0,0.0,0.5792857142857144,0.6056576352566481,0.6056576352566481,0.0
double_dqn,800,93,100.56571891903877,108.68242873278643,34.040976613759995,66.52474200725555,1.6167306788265705,19498.66581916809,0.0,28.0,0.0,0.0,0.5747619047619048,0.7941216584295034,0.7941216584295034,0.0
double_dqn,800,94,117.09965942203999,109.60651609000948,39.41279987990856,77.6868597060442,1.7962559359148145,22784.215671539307,0.0,33.0,0.0,2.0,0.5702380952380952,0.9171505011618137,0.9171505011618137,0.0
double_dqn,800,95,94.26099816858769,109.08017713916686,34.60459427535534,59.656404042243956,1.621387635357678,20129.900077819824,0.0,27.0,0.0,1.0,0.5657142857142857,0.8611296601593494,0.8611296601593494,0.0
double_dqn,800,96,108.27633382529021,108.78276553762343,33.804847583174706,74.47148598879576,1.7151725310832262,20031.745429992676,0.0,32.0,0.0,1.0,0.5611904761904762,0.7007708996534348,0.7007708996534348,0.0
double_dqn,800,97,102.12040243446828,108.24645387691643,35.77344650030136,66.34695657491685,1.7406394751742482,21151.452896118164,0.0,28.0,0.0,2.0,0.5566666666666666,0.7165127862244844,0.7165127862244844,0.0
double_dqn,800,98,95.05169359594584,106.98853816427291,34.7342628762126,60.31743040680885,1.6270665964111686,20125.38743209839,0.0,29.0,0.0,1.0,0.5521428571428572,0.7388007678091526,0.7388007678091526,0.0
double_dqn,800,99,101.08079563081264,106.28398379519584,37.66890649497509,63.4118896573782,1.6487518511712551,21223.257762908936,0.0,27.0,0.0,0.0,0.5476190476190477,0.8349395990371704,0.8349395990371704,0.0
double_dqn,800,100,102.97734511643648,105.87491736657918,35.78013590723276,67.19720923900604,1.6688913637772202,20506.36236190796,0.0,27.0,0.0,0.0,0.5430952380952381,0.7690853681415319,0.7690853681415319,0.0
double_dqn,800,101,124.03344964981079,106.68200623266398,41.04936991631985,82.98407983779907,1.8018264099955559,23238.43003845215,0.0,36.0,0.0,0.0,0.5385714285714286,0.7557754069566727,0.7557754069566727,0.0
double_dqn,800,102,105.72947707176209,106.89517291657626,34.76563401520252,70.96384322047234,1.620638939552009,19535.824600219727,0.0,30.0,0.0,1.0,0.5340476190476191,0.6422902215272188,0.6422902215272188,0.0
double_dqn,800,103,119.34339026510716,108.26498307950794,38.64405386149883,80.69933661222458,1.7752264644950628,22056.148593902588,0.0,34.0,0.0,1.0,0.5295238095238095,0.689470924437046,0.689470924437046,0.0
double_dqn,800,104,91.30306512117386,107.48008342005315,32.262937784194946,59.040127247571945,1.5482776192948222,18032.475330352783,0.0,27.0,0.0,1.0,0.525,0.8010264337062836,0.8010264337062836,0.0
double_dqn,800,105,105.73877198398114,107.15229555107653,33.25638575851917,72.48238625526429,1.6361395912244916,19470.320222854614,0.0,29.0,0.0,2.0,0.5204761904761905,0.7486631590873003,0.7486631590873003,0.0
double_dqn,800,106,97.59727544486523,105.89468767799437,32.9689195305109,64.62835588455201,1.6202091639861465,19105.288860321045,0.0,29.0,0.0,1.0,0.5159523809523809,0.8025387991219759,0.8025387991219759,0.0
double_dqn,800,107,108.72634068131447,105.20247847594321,36.3288439810276,72.39749735593796,1.694853937253356,20967.330877304077,0.0,31.0,0.0,0.0,0.5114285714285716,0.7243096679449081,0.7243096679449081,0.0
double_dqn,800,108,97.9169301122427,104.93491600587966,35.08123342692852,62.83569646179676,1.6581037966534495,20353.67950439453,0.0,26.0,0.0,2.0,0.506904761904762,0.8231040704995394,0.8231040704995394,0.0
double_dqn,800,109,88.81468640416861,104.02151442192493,33.2000368013978,55.614650005102156,1.5907574789598584,18901.311305999756,0.0,25.0,0.0,1.0,0.5023809523809524,0.9881382305175066,0.9881382305175066,0.0
double_dqn,800,110,99.98226701617241,102.85254375286402,35.64124235510826,64.3410247206688,1.6409619422629476,20184.081958770752,0.0,29.0,0.0,1.0,0.4978571428571429,0.8830414712429047,0.8830414712429047,0.0
double_dqn,800,111,120.93495156764985,103.68374664470555,40.77144901454449,80.16350171864033,1.8150220196694136,23993.24415206909,0.0,33.0,0.0,2.0,0.4933333333333334,0.6776877231895924,0.6776877231895924,0.0
double_dqn,800,112,131.9783980101347,105.67659752205016,42.30860231816769,89.66979578137398,1.8302148329094052,24067.85112762451,0.0,37.0,0.0,0.0,0.4888095238095238,0.7645045723766088,0.7645045723766088,0.0
double_dqn,800,113,98.44140853732824,105.57038200296464,33.013234190642834,65.4281738102436,1.6483918400481343,19443.784244537354,0.0,28.0,0.0,0.0,0.4842857142857143,0.7594345230609179,0.7594345230609179,0.0
double_dqn,800,114,110.9503819435835,105.26291812904181,37.637575440108776,73.31280664503575,1.6777416551485658,20968.93897628784,0.0,32.0,0.0,1.0,0.4797619047619047,0.8425598070025444,0.8425598070025444,0.0
double_dqn,800,115,102.91920976340771,105.6958287087828,34.39207752048969,68.52713195979595,1.67503247782588,19768.995086669922,0.0,29.0,0.0,1.0,0.47523809523809524,0.7812901325523853,0.7812901325523853,0.0
double_dqn,800,116,101.81172259896994,105.37259814746679,34.257620848715305,67.55410166084766,1.5951916053891182,19354.165660858154,0.0,30.0,0.0,1.0,0.47071428571428575,0.785304943099618,0.785304943099618,0.0
double_dqn,800,117,110.88089194893837,105.81062262319028,37.01876985281706,73.86212158203125,1.646180464886129,20352.81449317932,0.0,32.0,0.0,2.0,0.46619047619047627,1.0084188263863325,1.0084188263863325,0.0
double_dqn,800,118,93.49519119560719,105.73279750317336,36.23405450582504,57.261136615276335,1.6153011871501803,20243.112045288086,0.0,26.0,0.0,2.0,0.46166666666666667,0.9813367519527674,0.9813367519527674,0.0
double_dqn,800,119,96.75931863486767,105.5167236533761,33.99020031094551,62.76911839842796,1.665426280349493,19651.144481658936,0.0,27.0,0.0,0.0,0.4571428571428572,0.8561155013740063,0.8561155013740063,0.0
double_dqn,800,120,101.28687079250813,105.43219993717969,35.48168455064297,65.805185765028,1.6307584159076214,19999.090713500977,0.0,29.0,0.0,0.0,0.4526190476190477,1.0579296927899122,1.0579296927899122,0.0
double_dqn,800,121,80.58723460137844,103.25988918475807,30.093522667884827,50.493712186813354,1.500798729248345,16810.46106338501,0.0,23.0,0.0,0.0,0.4480952380952381,0.7642060555517673,0.7642060555517673,0.0
double_dqn,800,122,85.54545112997293,102.2506878876686,30.569045789539814,54.97640526592731,1.5284754009917378,17657.416046142578,0.0,24.0,0.0,3.0,0.4435714285714286,0.7250424958765507,0.7250424958765507,0.0
double_dqn,800,123,107.4294427588582,101.65499051235616,36.87894685566425,70.55049587339163,1.6764574032276869,20693.34439086914,0.0,32.0,0.0,2.0,0.439047619047619,0.8719728700816631,0.8719728700816631,0.0
double_dqn,800,124,100.945575684309,102.13711604051291,33.209857404232025,67.73571866750717,1.6013686805963516,19214.980461120605,0.0,29.0,0.0,1.0,0.43452380952380953,0.8890924546867609,0.8890924546867609,0.0
double_dqn,800,125,108.74803085029126,102.28757898382842,35.146150067448616,73.60188057422639,1.7483801608905196,20974.696041107178,0.0,31.0,0.0,2.0,0.43000000000000005,1.0567824933677912,1.0567824933677912,0.0
double_dqn,800,126,101.4458703994751,102.48000873155893,34.49222569912672,66.95364540815353,1.6404253216460347,19694.950187683105,0.0,30.0,0.0,0.0,0.42547619047619056,1.0275345873087645,1.0275345873087645,0.0
double_dqn,800,127,95.20966877937317,101.80417513646186,31.11611945927143,64.09354936480523,1.5953443245962262,18400.083904266357,0.0,28.0,0.0,1.0,0.42095238095238097,1.0480764787644148,1.0480764787644148,0.0
double_dqn,800,128,120.49099746346474,102.93287850402297,41.60471302270889,78.88628451526165,1.7929589739069343,23513.915119171143,0.0,34.0,0.0,0.0,0.41642857142857137,0.8612249623984098,0.8612249623984098,0.0
double_dqn,800,129,91.49231861531734,103.06676011458039,31.758335918188095,59.73398271203041,1.6039017019793391,18125.17364883423,0.0,26.0,0.0,1.0,0.4119047619047619,1.08824054710567,1.08824054710567,0.0
double_dqn,800,130,120.18772438168526,104.07703298285603,37.40501865744591,82.78270500898361,1.713393890298903,21121.371349334717,0.0,33.0,0.0,0.0,0.4073809523809524,0.9151582550257444,0.9151582550257444,0.0
double_dqn,800,131,85.50508719831706,102.30553976438941,30.36157963424921,55.14350705742836,1.5818243874236941,18033.097820281982,0.0,25.0,0.0,1.0,0.4028571428571429,0.9941153600811958,0.9941153600811958,0.0
double_dqn,800,132,91.28145875036716,100.27069280140103,32.021500788629055,59.259958148002625,1.5607181759551167,18249.147735595703,0.0,26.0,0.0,2.0,0.39833333333333343,0.9824987500905991,0.9824987500905991,0.0
double_dqn,800,133,96.58659997582436,100.17795237332582,32.31883142888546,64.26776874065399,1.5950005212798715,18992.096448898315,0.0,27.0,0.0,0.0,0.39380952380952383,1.0782892927527428,1.0782892927527428,0.0
double_dqn,800,134,102.67834506332875,99.7643505293131,37.96129985898733,64.71704610586167,1.6748009901493788,21092.352436065674,0.0,28.0,0.0,1.0,0.38928571428571423,0.9405381213873625,0.9405381213873625,0.0
double_dqn,800,135,95.28809493780136,99.38279478803278,33.93625416606665,61.35184037685394,1.5887951329350471,19047.243869781494,0.0,27.0,0.0,1.0,0.38476190476190475,0.7996179983019829,0.7996179983019829,0.0
double_dqn,800,136,108.091821372509,99.69679972670973,34.33354300260544,73.75827795267105,1.6967144077643752,19753.543975830078,0.0,32.0,0.0,0.0,0.38023809523809526,1.1206522174179554,1.1206522174179554,0.0
double_dqn,800,137,90.46037247180939,98.67577375285327,31.504263393580914,58.95610918998718,1.565444496460259,18146.1217918396,0.0,27.0,0.0,1.0,0.3757142857142858,1.0357948988676071,1.0357948988676071,0.0
double_dqn,800,138,106.11086072027683,99.30655722908676,33.99875548481941,72.11210507154465,1.6997624104842544,19958.687828063965,0.0,31.0,0.0,1.0,0.3711904761904763,1.022136777639389,1.022136777639389,0.0
double_dqn,800,139,86.73561466634274,98.80537203066052,31.670965999364853,55.0646486222744,1.5591395515948534,17987.129650115967,0.0,25.0,0.0,1.0,0.3666666666666667,1.0210902262479067,1.0210902262479067,0.0
double_dqn,800,140,114.9484132528305,99.48844915367664,32.073633179068565,82.8747798204422,1.6312146317213774,18654.611030578613,0.0,36.0,0.0,0.0,0.3621428571428572,1.060611005872488,1.060611005872488,0.0
double_dqn,800,141,91.19789773970842,100.01898231059313,33.36241188645363,57.835485607385635,1.549382297322154,18859.308959960938,0.0,25.0,0.0,1.0,0.3576190476190476,0.9839974455535412,0.9839974455535412,0.0
double_dqn,800,142,86.16029885411263,100.04972469680011,31.702311769127846,54.45798683166504,1.5348331974819303,17716.37675857544,0.0,27.0,0.0,0.0,0.35309523809523813,0.8529223762452602,0.8529223762452602,0.0
double_dqn,800,143,103.27717705965043,99.84211141183974,31.385371915996075,71.89180518090726,1.581591342575848,17681.918506622314,0.0,33.0,0.0,1.0,0.34857142857142864,0.8941206876188517,0.8941206876188517,0.0
double_dqn,800,144,95.45069873332977,99.56736756429078,34.03760002553463,61.41309842467308,1.613509819842875,19515.43896484375,0.0,27.0,0.0,1.0,0.34404761904761905,0.9384640194475651,0.9384640194475651,0.0
double_dqn,800,145,98.82346370220185,99.0711392068863,35.68246291577816,63.141000935435294,1.600736167281866,19977.82192993164,0.0,28.0,0.0,1.0,0.33952380952380956,1.095507500693202,1.095507500693202,0.0
double_dqn,800,146,90.39192942678929,98.51844215825201,29.508648917078972,60.88327961564064,1.5399315282702446,16996.98429107666,0.0,27.0,0.0,2.0,0.3350000000000001,0.9686004593968391,0.9686004593968391,0.0
double_dqn,800,147,107.56632506847382,99.13627497270704,35.282688088715076,72.28363752365112,1.6395981144160032,20337.507404327393,0.0,31.0,0.0,0.0,0.3304761904761905,0.9094892963767052,0.9094892963767052,0.0
double_dqn,800,148,95.79166658222675,97.90130842864514,32.92705410718918,62.86461244523525,1.5619810512289405,18263.202354431152,0.0,28.0,0.0,1.0,0.325952380952381,1.1667270995676517,1.1667270995676517,0.0
double_dqn,800,149,97.23555145561696,98.18847007066013,34.38639955222607,62.849152052402495,1.6145285479724407,19309.454973220825,0.0,27.0,0.0,1.0,0.3214285714285714,1.304709304124117,1.304709304124117,0.0
double_dqn,800,150,95.3522278368473,96.94669524341823,34.49557463824749,60.856653302907944,1.6022833660244942,19284.265182495117,0.0,27.0,0.0,0.0,0.3169047619047619,1.1601539198309183,1.1601539198309183,0.0
double_dqn,800,151,82.62514954805374,96.80269836090505,30.106730565428734,52.51841877400875,1.5190477147698402,17120.110759735107,0.0,26.0,0.0,0.0,0.3123809523809524,0.9765840973705053,0.9765840973705053,0.0
double_dqn,800,152,86.5733827367425,96.56729456022383,32.050726778805256,54.52265583872795,1.5483434945344925,18121.506896972656,0.0,23.0,0.0,1.0,0.30785714285714294,0.9089439176023006,0.9089439176023006,0.0
double_dqn,800,153,85.77878658473492,96.02690389066936,30.714694648981094,55.064091831445694,1.5374999046325684,17313.424835205078,0.0,26.0,0.0,2.0,0.30333333333333345,0.9517997428774834,0.9517997428774834,0.0
double_dqn,800,154,83.88183197677135,95.08707823634148,32.61556188762188,51.266269627213475,1.535656894557178,18317.973442077637,0.0,23.0,0.0,2.0,0.29880952380952375,1.2349866218864918,1.2349866218864918,0.0
double_dqn,800,155,104.23082655668259,95.53421481728554,36.63226480782032,67.59856134653091,1.670626761391759,20772.75341796875,0.0,29.0,0.0,1.0,0.29428571428571426,1.0498701632022858,1.0498701632022858,0.0
double_dqn,800,156,96.52823273837566,94.95603538557887,32.85778060555458,63.670451909303665,1.6373964240774512,18761.874965667725,0.0,28.0,0.0,1.0,0.2897619047619048,1.0319171436131,1.0319171436131,0.0
double_dqn,800,157,89.94580343365669,94.93030693367123,32.06932055950165,57.87648329138756,1.5537824742496014,17941.823276519775,0.0,27.0,0.0,2.0,0.2852380952380953,1.2543300203979015,1.2543300203979015,0.0
double_dqn,800,158,106.33268491327763,94.94139814332128,34.683482237160206,71.64920243024827,1.6389265302568674,20038.396244049072,0.0,31.0,0.0,1.0,0.2807142857142858,1.0933854021131992,1.0933854021131992,0.0
double_dqn,800,159,85.6079468369484,94.88501475185157,29.895639568567276,55.7123070448637,1.5479409014806151,17263.660968780518,0.0,25.0,0.0,1.0,0.2761904761904763,1.012631030753255,1.012631030753255,0.0
double_dqn,800,160,116.2159073650837,94.94838945746423,39.890351831912994,76.32555523514748,1.775511727668345,22832.48593521118,0.0,32.0,0.0,0.0,0.2716666666666666,1.1168079487979412,1.1168079487979412,0.0
double_dqn,800,161,107.72518549859524,95.77475384540857,32.123092383146286,75.60209330916405,1.618140660226345,18667.094856262207,0.0,32.0,0.0,1.0,0.2671428571428571,1.1290141977369785,1.1290141977369785,0.0
double_dqn,800,162,104.36230972409248,96.68485438890755,34.66648855805397,69.69582062959671,1.6565130362287164,19840.969623565674,0.0,30.0,0.0,1.0,0.26261904761904764,1.0920006167143583,1.0920006167143583,0.0
double_dqn,800,163,105.65950424969196,96.80397074840963,32.7914984151721,72.86800611019135,1.55078056268394,18188.95599746704,0.0,33.0,0.0,0.0,0.25809523809523816,1.0554932337254286,1.0554932337254286,0.0
double_dqn,800,164,86.06684595346451,96.33477810941636,32.570718087255955,53.49612803757191,1.5340368812903762,18159.701099395752,0.0,25.0,0.0,0.0,0.25357142857142867,1.1327314972877502,1.1327314972877502,0.0
double_dqn,800,165,91.14232214689255,95.9507210316509,33.253899693489075,57.88842167854309,1.5926839094609022,18570.764099121094,0.0,26.0,0.0,1.0,0.24904761904761907,1.0893140845000744,1.0893140845000744,0.0
double_dqn,800,166,86.54410776793956,95.75832994870842,31.030108213424683,55.513999345898625,1.5443541035056114,17563.455812454224,0.0,25.0,0.0,2.0,0.2445238095238096,1.0509204883128405,1.0509204883128405,0.0
double_dqn,800,167,102.22861553132535,95.491444471851,34.640308029949665,67.58830728530884,1.6265307813882828,19791.383213043213,0.0,29.0,0.0,1.0,0.24,1.2106339782476425,1.2106339782476425,0.0
double_dqn,800,168,99.05763165056706,95.65474272526802,33.040857680141926,66.01677387356759,1.634830303490162,18956.45629119873,0.0,30.0,0.0,1.0,0.2354761904761905,1.0934118870645761,1.0934118870645761,0.0
double_dqn,800,169,103.15254483520985,95.95059239424766,33.8207293599844,69.33181559443474,1.6304371412843466,19301.508960723877,0.0,30.0,0.0,2.0,0.23095238095238102,1.1000231057405472,1.1000231057405472,0.0
double_dqn,800,170,101.82330037653446,96.27414602123203,34.42870271205902,67.39459800720215,1.6394237438216805,19425.72434616089,0.0,30.0,0.0,0.0,0.22642857142857142,1.070167439058423,1.070167439058423,0.0
double_dqn,800,171,85.70453942716122,96.42811551518739,30.146842285990715,55.55769754350185,1.498785617761314,16712.64903640747,0.0,27.0,0.0,1.0,0.22190476190476194,0.9856604877859354,0.9856604877859354,0.0
double_dqn,800,172,75.37560737878084,95.8682267472893,28.43134530633688,46.944261997938156,1.4869482386857271,16029.424446105957,0.0,24.0,0.0,0.0,0.21738095238095245,0.9704469628632069,0.9704469628632069,0.0
double_dqn,800,173,90.84925672411919,96.12175025425852,31.684873312711716,59.16438287496567,1.5594531521201134,17909.59324645996,0.0,26.0,0.0,0.0,0.21285714285714286,1.0486025530844927,1.0486025530844927,0.0
double_dqn,800,174,75.92180921882391,95.72374911636115,27.67247462272644,48.24933476746082,1.4708147440105677,15841.893672943115,0.0,23.0,0.0,1.0,0.20833333333333337,1.1355388015508652,1.1355388015508652,0.0
double_dqn,800,175,90.40312018990517,95.03236379802226,32.32428157329559,58.078838646411896,1.5622653057798743,18009.094192504883,0.0,26.0,0.0,0.0,0.20380952380952377,1.1086627077311277,1.1086627077311277,0.0
double_dqn,800,176,86.11228184401989,94.51156625330448,31.26621627062559,54.8460656106472,1.5116061475127935,17792.525924682617,0.0,24.0,0.0,0.0,0.1992857142857143,1.1414609178900719,1.1414609178900719,0.0
double_dqn,800,177,86.50383330881596,94.33946774706244,30.382616713643074,56.12121607363224,1.5366985341534019,17433.67879486084,0.0,26.0,0.0,0.0,0.1947619047619048,1.113532081246376,1.113532081246376,0.0
double_dqn,800,178,84.61758942902088,93.25371297284961,28.320412665605545,56.29717656970024,1.5159230949357152,16748.1085395813,0.0,26.0,0.0,0.0,0.19023809523809532,1.0325177684426308,1.0325177684426308,0.0
double_dqn,800,179,83.44653376340867,93.14564231917264,28.400200821459293,55.04633324742317,1.488305453211069,16232.015531539917,0.0,26.0,0.0,1.0,0.18571428571428583,1.198456421494484,1.198456421494484,0.0
double_dqn,800,180,100.7494270592928,92.37231830388308,31.65561008453369,69.09381718337536,1.5727350795641541,18192.915954589844,0.0,31.0,0.0,2.0,0.18119047619047624,1.098384078592062,1.098384078592062,0.0
double_dqn,800,181,81.13796790838242,91.04295742437245,29.002580523490906,52.1353872358799,1.466158352792263,15963.091884613037,0.0,23.0,0.0,1.0,0.17666666666666664,1.1404672302305698,1.1404672302305698,0.0
double_dqn,800,182,77.40806332230568,89.69524510428312,29.050999715924263,48.35706330835819,1.4887270219624043,16480.69158554077,0.0,23.0,0.0,0.0,0.17214285714285715,0.8706974368542433,0.8706974368542433,0.0
double_dqn,800,183,91.45080144703388,88.9848099641502,31.342622995376587,60.108178198337555,1.5703279664739966,18159.234210968018,0.0,28.0,0.0,1.0,0.16761904761904767,1.302694408223033,1.302694408223033,0.0
double_dqn,800,184,81.91666367053986,88.77730085000397,27.047950714826584,54.86871243417263,1.4922767616808414,15468.917198181152,0.0,25.0,0.0,1.0,0.16309523809523818,1.0989240016788244,1.0989240016788244,0.0
double_dqn,800,185,114.36685132980347,89.9385273091495,36.90351860225201,77.46333266794682,1.7080944003537297,20997.8692779541,0.0,34.0,0.0,1.0,0.1585714285714287,1.141147170215845,1.141147170215845,0.0
double_dqn,800,186,89.3858517125249,90.0806145063788,31.14238430559635,58.24346714615822,1.4867259245365858,17155.757122039795,0.0,27.0,0.0,1.0,0.1540476190476191,1.0300700441002846,1.0300700441002846,0.0
double_dqn,800,187,78.21823566555977,88.88009551309051,26.561898976564407,51.65633689761162,1.484090656042099,15655.336238861084,0.0,25.0,0.0,1.0,0.1495238095238095,1.3239730596542358,1.3239730596542358,0.0
double_dqn,800,188,105.53970131576061,89.20419899635019,33.974900886416435,71.56480016112327,1.6671060482040048,19587.58989715576,0.0,30.0,0.0,2.0,0.14500000000000002,1.1809654161334038,1.1809654161334038,0.0
double_dqn,800,189,84.34619947522879,88.26388172835112,30.298791743814945,54.047407895326614,1.5587276555597782,17654.3445892334,0.0,27.0,0.0,0.0,0.14047619047619053,1.123857919126749,1.123857919126749,0.0
double_dqn,800,190,91.43397577106953,87.74441549807787,31.43579526245594,59.99818095564842,1.5543003771454096,18074.070724487305,0.0,27.0,0.0,1.0,0.13595238095238105,1.3435420859605074,1.3435420859605074,0.0
double_dqn,800,191,93.36471637636423,88.12742434553802,30.907984159886837,62.45673230588436,1.5757951801642776,17914.11266708374,0.0,29.0,0.0,3.0,0.13142857142857145,1.125926872715354,1.125926872715354,0.0
double_dqn,800,192,87.01746273040771,88.70951711311935,30.620740920305252,56.39672137796879,1.5733986664563417,17540.704467773438,0.0,27.0,0.0,0.0,0.12690476190476196,1.2138719782233238,1.2138719782233238,0.0
double_dqn,800,193,83.24410173594951,88.32925936371088,27.803346306085587,55.44075556397438,1.4920361461117864,15854.300548553467,0.0,25.0,0.0,2.0,0.12238095238095237,1.1309211812913418,1.1309211812913418,0.0
double_dqn,800,194,78.88627281934023,88.47748254373668,29.389078177511692,49.4971944630146,1.4602448539808393,16129.32887840271,0.0,22.0,0.0,1.0,0.11785714285714288,1.3392897509038448,1.3392897509038448,0.0
double_dqn,800,195,84.86853287369013,88.20075317792595,30.467534698545933,54.40099811553955,1.5613224133849144,17763.114948272705,0.0,26.0,0.0,1.0,0.1133333333333334,1.1538066491484642,1.1538066491484642,0.0
double_dqn,800,196,86.19107383489609,88.20469277746976,31.669439047574997,54.52163448929787,1.5668890019878745,18476.47602081299,0.0,24.0,0.0,1.0,0.1088095238095238,1.2869677599519491,1.2869677599519491,0.0
double_dqn,800,197,77.8271079748869,87.77085651077331,28.233934812247753,49.593172469735144,1.4616394639015198,15860.816310882568,0.0,25.0,0.0,1.0,0.10428571428571431,1.2873495481908321,1.2873495481908321,0.0
double_dqn,800,198,85.37460096180439,87.80870708741249,28.70194547623396,56.67265583574772,1.5192709090188146,16468.600410461426,0.0,28.0,0.0,0.0,0.09976190476190483,1.1332480031996965,1.1332480031996965,0.0
double_dqn,800,199,105.34190122783184,88.90347546063364,31.65690017491579,73.68500012159348,1.6012694239616394,18070.621879577637,0.0,33.0,0.0,1.0,0.09523809523809534,1.331082720309496,1.331082720309496,0.0
double_dqn,800,200,90.55020339787006,88.3935142775625,32.26968230307102,58.28052073717117,1.594951475970447,18251.500114440918,0.0,25.0,0.0,1.0,0.09071428571428575,1.2569540608674288,1.2569540608674288,0.0
double_dqn,800,201,76.46633281558752,88.15993252292276,26.710227876901627,49.75610464811325,1.4377853451296687,15528.195449829102,0.0,23.0,0.0,0.0,0.08619047619047626,1.0184432324022055,1.0184432324022055,0.0
double_dqn,800,202,81.1261145323515,88.34583508342504,31.502057164907455,49.624057576060295,1.5780608765780926,18205.270919799805,0.0,24.0,0.0,0.0,0.08166666666666667,1.13142086006701,1.13142086006701,0.0
double_dqn,800,203,77.48816095888614,87.64770305901766,29.891743808984756,47.596417298913,1.52415088750422,17373.835411071777,0.0,20.0,0.0,4.0,0.07714285714285718,1.2439563572406769,1.2439563572406769,0.0
double_dqn,800,204,71.82029275000096,87.14288451299072,26.35429038107395,45.466002368927,1.4275905657559633,14486.164556503296,0.0,22.0,0.0,1.0,0.0726190476190477,0.9674831721931696,0.9674831721931696,0.0
double_dqn,800,205,83.48696608990431,85.59889025099577,28.941524542868137,54.5454419195652,1.5273290518671274,16851.70288848877,0.0,26.0,0.0,3.0,0.06809523809523821,0.9184205830097198,0.9184205830097198,0.0
double_dqn,800,206,85.3814789146185,85.39867161110044,30.356014594435692,55.02546399235725,1.519057079218328,16876.173208236694,0.0,24.0,0.0,1.0,0.06357142857142861,1.5008774287998676,1.5008774287998676,0.0
double_dqn,800,207,86.14570773690939,85.79504521466792,29.46746087819338,56.67824672460556,1.503520597703755,16672.858322143555,0.0,27.0,0.0,2.0,0.059047619047619015,1.2642237301915884,1.2642237301915884,0.0
double_dqn,800,208,65.69943215698004,83.8030317567289,26.1286446377635,39.57078793644905,1.3986260807141662,14539.68671798706,0.0,19.0,0.0,0.0,0.05452380952380953,1.2759457491338253,1.2759457491338253,0.0
double_dqn,800,209,75.2479192391038,83.34811774492265,27.875992886722088,47.37192726135254,1.4397475244477391,15688.978702545166,0.0,22.0,0.0,1.0,0.050000000000000044,1.2169797215610743,1.2169797215610743,0.0
double_dqn,800,210,73.95909823477268,82.47437386810779,27.341758497059345,46.61733902990818,1.4707342395558953,15549.030094146729,0.0,23.0,0.0,0.0,0.050000000000000044,1.1658888906240463,1.1658888906240463,0.0
double_dqn,800,211,93.10873088985682,82.46157459378243,33.02178289741278,60.08694803714752,1.5939354710280895,18398.894033432007,0.0,26.0,0.0,1.0,0.050000000000000044,1.2465062960982323,1.2465062960982323,0.0
double_dqn,800,212,82.98042926341296,82.2597229204327,28.14368264377117,54.83674640357494,1.4779136283323169,15845.463743209839,0.0,25.0,0.0,1.0,0.050000000000000044,1.2220091558992863,1.2220091558992863,0.0
double_dqn,800,213,82.17213033139706,82.20612435020507,28.26207686215639,53.910053953528404,1.4924694942310452,16085.995719909668,0.0,25.0,0.0,0.0,0.050000000000000044,1.0467839688062668,1.0467839688062668,0.0
double_dqn,800,214,65.64943599104882,81.5442825087905,24.65881273150444,40.990622931718825,1.3785648802295327,13811.832290649414,0.0,21.0,0.0,1.0,0.050000000000000044,0.8970818370580673,0.8970818370580673,0.0
double_dqn,800,215,86.41175463795662,81.62144359700383,30.411799415946007,55.9999548047781,1.5446442868560553,16976.453685760498,0.0,27.0,0.0,1.0,0.050000000000000044,1.0884982850402594,1.0884982850402594,0.0
double_dqn,800,216,70.46758991628886,80.83526940107348,25.92755112797022,44.54003862440586,1.4231828870251775,14860.365535736084,0.0,24.0,0.0,2.0,0.050000000000000044,1.2852069661021233,1.2852069661021233,0.0
double_dqn,800,217,89.81027040779591,81.43442752271892,30.307751089334488,59.50251912474632,1.5441844910383224,17270.321800231934,0.0,27.0,0.0,2.0,0.050000000000000044,1.133020842447877,1.133020842447877,0.0
double_dqn,800,218,75.62926107198,80.9471605282277,27.99413812160492,47.635122689604756,1.4534432739019394,15652.636123657227,0.0,22.0,0.0,2.0,0.050000000000000044,1.2452373784035444,1.2452373784035444,0.0
double_dqn,800,219,86.43864400684834,80.00199766717853,29.930412605404854,56.508231684565544,1.5486292438581586,17085.989101409912,0.0,26.0,0.0,0.0,0.050000000000000044,1.0081324744969606,1.0081324744969606,0.0
double_dqn,800,220,95.78726500719786,80.26385074764491,33.79546523839235,61.991799634695056,1.6223656395450234,19295.919231414795,0.0,27.0,0.0,5.0,0.050000000000000044,1.0748644396662712,1.0748644396662712,0.0
double_dqn,800,221,75.12960160672665,80.19701418720187,28.296926751732826,46.832675302028655,1.485404740087688,16295.169345855713,0.0,23.0,0.0,1.0,0.050000000000000044,1.2256855554878712,1.2256855554878712,0.0
double_dqn,800,222,91.37403606623411,80.70941026389599,31.39582459628582,59.97821179032326,1.5797285810112953,18043.976135253906,0.0,27.0,0.0,0.0,0.050000000000000044,1.0999317560344934,1.0999317560344934,0.0
double_dqn,800,223,84.13070510327816,81.0415374711156,28.975695855915546,55.155008763074875,1.5127640515565872,16459.320280075073,0.0,26.0,0.0,0.0,0.050000000000000044,1.3791199587285519,1.3791199587285519,0.0
double_dqn,800,224,77.98407141268254,81.3497264042497,27.53693997859955,50.44713155329227,1.4455424500629306,15249.324172973633,0.0,24.0,0.0,1.0,0.050000000000000044,0.9485735855996609,0.9485735855996609,0.0
double_dqn,800,225,85.64080671966076,81.4574184357375,33.18358724564314,52.457219287753105,1.6003626268357038,18835.892307281494,0.0,24.0,0.0,0.0,0.050000000000000044,1.1448433455079794,1.1448433455079794,0.0
double_dqn,800,226,88.56746614128352,81.61671779707076,30.629719868302345,57.937746518850325,1.5316328834742308,17125.968906402588,0.0,28.0,0.0,1.0,0.050000000000000044,1.3731388561427593,1.3731388561427593,0.0
double_dqn,800,227,69.8497716486454,80.80192099265756,25.32649077475071,44.523281157016754,1.3842721786350012,14118.612613677979,0.0,22.0,0.0,0.0,0.050000000000000044,1.2414394151419401,1.2414394151419401,0.0
double_dqn,800,228,80.72215169221163,81.55305696941913,28.838669292628765,51.88348250389099,1.5032720072194934,16906.848484039307,0.0,25.0,0.0,3.0,0.050000000000000044,1.1689614560455084,1.1689614560455084,0.0
double_dqn,800,229,83.62929650843144,81.97212583288551,30.18845199048519,53.44084433913231,1.5238297246396542,16971.888999938965,0.0,24.0,0.0,3.0,0.050000000000000044,1.1711709592491388,1.1711709592491388,0.0
double_dqn,800,230,82.35509078204632,82.3919254602492,29.419217593967915,52.93587318062782,1.509524472989142,16275.397510528564,0.0,27.0,0.0,0.0,0.050000000000000044,1.2352572213858366,1.2352572213858366,0.0
double_dqn,800,231,83.6767900288105,81.92032841719688,29.533671386539936,54.14311906695366,1.5114072002470493,17068.422790527344,0.0,25.0,0.0,1.0,0.050000000000000044,1.07976645976305,1.07976645976305,0.0
double_dqn,800,232,64.46217925399542,80.994415916726,26.144069872796535,38.31810976862907,1.396523468196392,14744.181911468506,0.0,18.0,0.0,2.0,0.050000000000000044,1.2364203017205,1.2364203017205,0.0
double_dqn,800,233,87.18355345129967,81.24498707272113,30.396122686564922,56.787431144714354,1.53336479421705,16882.675971984863,0.0,26.0,0.0,2.0,0.050000000000000044,1.1463363021612167,1.1463363021612167,0.0
double_dqn,800,234,98.77824404984713,82.90142747566105,33.524399146437645,65.25384447127581,1.6350174080580473,18879.681453704834,0.0,29.0,0.0,1.0,0.050000000000000044,1.468596326187253,1.468596326187253,0.0
double_dqn,800,235,92.25922437906266,83.19380096271635,31.700159303843975,60.55906588733196,1.5390140367671847,17799.344924926758,0.0,27.0,0.0,1.0,0.050000000000000044,1.3940007984638214,1.3940007984638214,0.0
double_dqn,800,236,80.75923886299134,83.70838341005148,28.118509709835052,52.640729093551634,1.4458466386422515,15476.531463623047,0.0,24.0,0.0,1.0,0.050000000000000044,1.2849283646792173,1.2849283646792173,0.0
double_dqn,800,237,76.06457520276308,83.02109864979984,28.715574346482754,47.34900130331516,1.4732918217778206,16229.73896408081,0.0,23.0,0.0,0.0,0.050000000000000044,1.4372229520231485,1.4372229520231485,0.0
double_dqn,800,238,91.03217627108097,83.79124440975488,33.306865483522415,57.72531056404114,1.6164850173518062,19024.253818511963,0.0,25.0,0.0,0.0,0.050000000000000044,1.2652968931943178,1.2652968931943178,0.0
double_dqn,800,239,79.2133701235056,83.42998071558775,28.08153608441353,51.131834322214125,1.4749633958563209,15920.062158584595,0.0,25.0,0.0,1.0,0.050000000000000044,1.3903747387230396,1.3903747387230396,0.0
double_dqn,800,240,63.74957928359508,81.8280964294076,25.524253398180008,38.22532554268837,1.4117530239745975,14612.206604003906,0.0,19.0,0.0,2.0,0.050000000000000044,1.2610178235918283,1.2610178235918283,0.0
double_dqn,800,241,73.36032521724701,81.73963260993362,25.751600965857506,47.60872399806976,1.3875018153339624,14365.302284240723,0.0,22.0,0.0,0.0,0.050000000000000044,1.4002425968647003,1.4002425968647003,0.0
double_dqn,800,242,69.4238743931055,80.64212452627719,26.813646882772446,42.61022797226906,1.45371413230896,15329.005355834961,0.0,22.0,0.0,1.0,0.050000000000000044,1.2260875403881073,1.2260875403881073,0.0
double_dqn,800,243,85.21960819661618,80.69656968094408,31.975150287151337,53.24445807337761,1.5519883893430233,17693.705070495605,0.0,24.0,0.0,3.0,0.050000000000000044,1.1953703984618187,1.1953703984618187,0.0
double_dqn,800,244,80.24493613094091,80.809612916857,28.49131517112255,51.753620624542236,1.5245325015857816,16522.905033111572,0.0,24.0,0.0,0.0,0.050000000000000044,1.2452748659998178,1.2452748659998178,0.0
double_dqn,800,245,87.1772520929575,80.88643518552185,30.385788902640343,56.79146301150322,1.496622759848833,16913.873371124268,0.0,25.0,0.0,1.0,0.050000000000000044,1.3473739046603441,1.3473739046603441,0.0
double_dqn,800,246,91.38976910710335,81.02755033381284,32.67808640003204,58.71168267726898,1.595534493215382,18502.466068267822,0.0,26.0,0.0,0.0,0.050000000000000044,1.106944102793932,1.106944102793932,0.0
double_dqn,800,247,87.61950788646936,81.91603714570404,30.96769092977047,56.65181690454483,1.5678646117448807,17651.412132263184,0.0,24.0,0.0,0.0,0.050000000000000044,1.2228047382086515,1.2228047382086515,0.0
double_dqn,800,248,79.71445264667273,81.8656521934271,30.275019757449627,49.43943241238594,1.5244043562561274,17515.39330291748,0.0,24.0,0.0,0.0,0.050000000000000044,1.3074929863214493,1.3074929863214493,0.0
double_dqn,800,249,78.95458937436342,81.63191683672369,28.641227774322033,50.31336119771004,1.5197289669886231,16863.711952209473,0.0,23.0,0.0,1.0,0.050000000000000044,1.2341419197618961,1.2341419197618961,0.0
double_dqn,800,250,85.95204125344753,81.81176436029375,32.18435092270374,53.76769000291824,1.542618633247912,18126.45697402954,0.0,25.0,0.0,0.0,0.050000000000000044,1.2333848979324102,1.2333848979324102,0.0
double_dqn,800,251,71.62718003988266,81.20928386084736,28.205044627189636,43.42213547229767,1.482097546570003,16372.422798156738,0.0,22.0,0.0,0.0,0.050000000000000044,1.1463349107652903,1.1463349107652903,0.0
double_dqn,800,252,87.01984491944313,82.33716714411973,30.781331107020378,56.238513737916946,1.5339091615751386,17422.83846282959,0.0,25.0,0.0,0.0,0.050000000000000044,1.3912522606551647,1.3912522606551647,0.0
double_dqn,800,253,84.17998345196247,82.18698864415288,30.210643753409386,53.96933989226818,1.5303719621151686,17073.248657226562,0.0,26.0,0.0,1.0,0.050000000000000044,1.4485363438725471,1.4485363438725471,0.0
double_dqn,800,254,72.13075862824917,80.85461437307299,28.064088508486748,44.06666988134384,1.4698093514889479,15741.838626861572,0.0,23.0,0.0,1.0,0.050000000000000044,1.2612024322152138,1.2612024322152138,0.0
double_dqn,800,255,92.21593953669071,80.8524501309544,30.54942624270916,61.66651311516762,1.5427960557863116,17817.765644073486,0.0,27.0,0.0,1.0,0.050000000000000044,1.5348555259406567,1.5348555259406567,0.0
double_dqn,800,256,71.69855464398861,80.39941592000426,26.72561075538397,44.97294365763664,1.4095891173928976,15039.019523620605,0.0,22.0,0.0,1.0,0.050000000000000044,1.1975440979003906,1.1975440979003906,0.0
double_dqn,800,257,76.48566977977752,80.42047064885497,29.44527491927147,47.04039432406425,1.5041493410244584,16301.280014038086,0.0,22.0,0.0,2.0,0.050000000000000044,1.3623966425657272,1.3623966425657272,0.0
double_dqn,800,258,96.14732977151871,80.67622832387687,31.910374969244003,64.2369547277689,1.570608022622764,18073.428760528564,0.0,30.0,0.0,1.0,0.050000000000000044,1.2249036878347397,1.2249036878347397,0.0
double_dqn,800,259,103.55103677809238,81.8931116566062,33.736182540655136,69.81485460996628,1.6061455346643925,19160.970504760742,0.0,30.0,0.0,2.0,0.050000000000000044,1.4576748963445425,1.4576748963445425,0.0
double_dqn,800,260,67.44479776471853,82.07787258066236,26.106730803847313,41.33806701302528,1.4112934935837984,14462.208320617676,0.0,21.0,0.0,2.0,0.050000000000000044,0.9368103221058846,0.9368103221058846,0.0
double_dqn,800,261,93.97518754899502,83.10861569724977,31.462803944945335,62.512383544445036,1.5627126265317202,18096.859336853027,0.0,27.0,0.0,2.0,0.050000000000000044,0.9454056937247515,0.9454056937247515,0.0
double_dqn,800,262,97.81500534117222,84.52817224465312,32.76537434756756,65.04963123202324,1.5863068765029311,18397.47039794922,0.0,29.0,0.0,2.0,0.050000000000000044,1.2137402463704348,1.2137402463704348,0.0
double_dqn,800,263,58.57955697923899,83.19616968378426,26.187285840511322,32.392270997166634,1.4007440265268087,14906.815189361572,0.0,18.0,0.0,1.0,0.050000000000000044,1.4654971286654472,1.4654971286654472,0.0
double_dqn,800,264,86.45844090878964,83.50684492267669,31.097238793969154,55.36120189130306,1.554101388901472,18091.23106765747,0.0,25.0,0.0,1.0,0.050000000000000044,1.483200341463089,1.483200341463089,0.0
double_dqn,800,265,67.43366913795471,82.51966577492655,24.730486176908016,42.703182879090306,1.4008762128651142,14020.543838500977,0.0,22.0,0.0,3.0,0.050000000000000044,1.4703932236880064,1.4703932236880064,0.0
double_dqn,800,266,85.19952576756478,82.21015360794962,29.548643559217453,55.650882029533385,1.533279575407505,17058.317054748535,0.0,25.0,0.0,1.0,0.050000000000000044,1.399020817130804,1.399020817130804,0.0
double_dqn,800,267,86.91108475923538,82.17473245158791,29.64835485816002,57.262729841470716,1.5180960185825825,16763.753479003906,0.0,25.0,0.0,3.0,0.050000000000000044,1.165344601497054,1.165344601497054,0.0
double_dqn,800,268,85.94085392355919,82.48605251543225,31.27837038040161,54.662483498454094,1.5917580025270581,17792.528747558594,0.0,25.0,0.0,0.0,0.050000000000000044,1.2681481689214706,1.2681481689214706,0.0
double_dqn,800,269,95.91237442493438,83.3339417679608,31.588718831539154,64.323655757308,1.56320540048182,17666.5280418396,0.0,29.0,0.0,2.0,0.050000000000000044,1.5508371368050575,1.5508371368050575,0.0
double_dqn,800,270,81.0398059040308,83.08833000048995,29.140402801334858,51.899403154850006,1.4875880032777786,16448.314277648926,0.0,25.0,0.0,0.0,0.050000000000000044,1.2541705686599016,1.2541705686599016,0.0
double_dqn,800,271,62.75509947538376,82.64472597226501,24.93638015538454,37.81871968507767,1.3856024388223886,14599.459354400635,0.0,18.0,0.0,0.0,0.050000000000000044,1.4911385457962751,1.4911385457962751,0.0
double_dqn,800,272,83.72170079052448,82.47981876581908,30.01905484497547,53.70264526009559,1.517550959251821,17237.31695175171,0.0,25.0,0.0,3.0,0.050000000000000044,1.237884622067213,1.237884622067213,0.0
double_dqn,800,273,93.35845513045788,82.93874234974383,33.01226548850536,60.346190029382704,1.5645935256034136,18721.271324157715,0.0,26.0,0.0,2.0,0.050000000000000044,1.6190821789205074,1.6190821789205074,0.0
double_dqn,800,274,96.25928937792779,84.14516888722778,32.70341236889362,63.5558763384819,1.6224106587469578,18793.9215965271,0.0,27.0,0.0,1.0,0.050000000000000044,1.45187583938241,1.45187583938241,0.0
double_dqn,800,275,76.80505538731813,83.37462467975914,28.497459083795547,48.30759620666504,1.4702704278752208,16604.85113143921,0.0,22.0,0.0,1.0,0.050000000000000044,1.0790306460112333,1.0790306460112333,0.0
double_dqn,800,276,92.4748396128416,84.4134389282018,31.265427350997925,61.20941200852394,1.5357338264584541,17778.61350631714,0.0,28.0,0.0,0.0,0.050000000000000044,1.5902501326054335,1.5902501326054335,0.0
double_dqn,800,277,82.06126580387354,84.69221872940659,29.852190352976322,52.20907539129257,1.5075643733143806,17050.055728912354,0.0,23.0,0.0,1.0,0.050000000000000044,1.5203406289219856,1.5203406289219856,0.0
double_dqn,800,278,80.40271936506034,83.90498820908368,26.905565924942493,53.49715323150158,1.4404271421954036,15224.888807296753,0.0,26.0,0.0,1.0,0.050000000000000044,1.445624727755785,1.445624727755785,0.0
double_dqn,800,279,87.045061647892,83.07968945257366,30.282176345586777,56.762885600328445,1.5161038981750607,17061.023433685303,0.0,26.0,0.0,0.0,0.050000000000000044,1.517437219619751,1.517437219619751,0.0
double_dqn,800,280,86.6149483114481,84.03819697991014,32.13950616121292,54.475442388653754,1.574460081756115,18612.672325134277,0.0,26.0,0.0,1.0,0.050000000000000044,1.159476414322853,1.159476414322853,0.0
double_dqn,800,281,74.96952686756849,83.08791394583882,26.889955051243305,48.07957163751125,1.441252521239221,15696.573108673096,0.0,23.0,0.0,2.0,0.050000000000000044,1.3043176867067814,1.3043176867067814,0.0
double_dqn,800,282,78.21269275993109,82.10779831677675,27.55844173580408,50.654250621795654,1.4760214379057288,15973.882919311523,0.0,24.0,0.0,1.0,0.050000000000000044,1.5725558083504438,1.5725558083504438,0.0
double_dqn,800,283,71.5381950289011,82.75573021925986,27.717968493700027,43.82022640109062,1.4525682125240564,15452.361511230469,0.0,22.0,0.0,1.0,0.050000000000000044,1.138769133016467,1.138769133016467,0.0
double_dqn,800,284,87.92424138784409,82.82902024321258,30.04152213037014,57.882719391584395,1.523859559558332,17090.37268257141,0.0,27.0,0.0,1.0,0.050000000000000044,1.2376373745501041,1.2376373745501041,0.0
double_dqn,800,285,91.58867137879133,84.03677035525442,31.40109094977379,60.18758021295071,1.5742684295400977,18004.34966659546,0.0,28.0,0.0,0.0,0.050000000000000044,1.254367558285594,1.254367558285594,0.0
double_dqn,800,286,87.31147089898586,84.14236761182546,32.42129835486412,54.89017363190651,1.5640315171331167,18173.927520751953,0.0,26.0,0.0,2.0,0.050000000000000044,1.3994320668280125,1.3994320668280125,0.0
double_dqn,800,287,91.66990529000759,84.38030863836408,30.73930998146534,60.930595487356186,1.5267860302701592,17147.789192199707,0.0,27.0,0.0,0.0,0.050000000000000044,1.389204252511263,1.389204252511263,0.0
double_dqn,800,288,81.00714656859637,84.13362327061594,28.41529682278633,52.59184988737106,1.5104123493656516,16698.408042907715,0.0,25.0,0.0,2.0,0.050000000000000044,1.3923698253929615,1.3923698253929615,0.0
double_dqn,800,289,78.50803628861904,83.26340636380016,29.648599728941917,48.85943703651428,1.4864495294168591,16423.116539001465,0.0,23.0,0.0,2.0,0.050000000000000044,1.2587587162852287,1.2587587162852287,0.0
double_dqn,800,290,95.6973897665739,83.99628555692732,30.882941350340843,64.81444817781448,1.546330594457686,17896.8684425354,0.0,28.0,0.0,1.0,0.050000000000000044,1.5388034172356129,1.5388034172356129,0.0
double_dqn,800,291,103.36958168447018,86.02700966738163,33.46608731150627,69.90349388122559,1.5922328857704997,18700.805828094482,0.0,30.0,0.0,1.0,0.050000000000000044,1.187232656404376,1.187232656404376,0.0
double_dqn,800,292,65.79248511940241,85.13054888382554,25.76672238856554,40.02576298415661,1.3885374506935477,14135.818286895752,0.0,22.0,0.0,1.0,0.050000000000000044,1.4899480063468218,1.4899480063468218,0.0
double_dqn,800,293,86.74695174396038,84.79997371450067,30.093349784612656,56.653601333498955,1.5408514020964503,17425.48637008667,0.0,26.0,0.0,0.0,0.050000000000000044,1.3346820548176765,1.3346820548176765,0.0
double_dqn,800,294,96.146253490448,84.79432192012669,30.720203652977943,65.42604997158051,1.5647606570273638,17351.224140167236,0.0,31.0,0.0,1.0,0.050000000000000044,1.4653205685317516,1.4653205685317516,0.0
double_dqn,800,295,80.48957642167807,84.97854797184468,29.80641484260559,50.6831616461277,1.5196007983759046,17145.367351531982,0.0,24.0,0.0,0.0,0.050000000000000044,1.569342590868473,1.569342590868473,0.0
double_dqn,800,296,70.70048821270466,83.88983040183783,27.191777110099792,43.50871166884899,1.4271865068003535,14989.333782196045,0.0,22.0,0.0,2.0,0.050000000000000044,1.4529971536248922,1.4529971536248922,0.0
double_dqn,800,297,82.64300490617752,83.91891735695302,29.427212208509445,53.21579274237156,1.5106172384694219,16684.18564605713,0.0,24.0,0.0,4.0,0.050000000000000044,1.4812963604927063,1.4812963604927063,0.0
double_dqn,800,298,77.76126244962215,83.78684451118112,29.02014345675707,48.74111949205398,1.4819986820220947,16573.745265960693,0.0,22.0,0.0,2.0,0.050000000000000044,1.6198716759681702,1.6198716759681702,0.0
double_dqn,800,299,73.05025262534619,83.08710406005383,27.624449148774147,45.42580378949642,1.4476754739880562,15679.934734344482,0.0,23.0,0.0,1.0,0.050000000000000044,1.2676618322730064,1.2676618322730064,0.0
double_dqn,800,300,81.38430298119783,82.82557179354133,29.59625232219696,51.78805077075958,1.5369158508256078,16996.579460144043,0.0,24.0,0.0,0.0,0.050000000000000044,1.373002115637064,1.373002115637064,0.0
double_dqn,800,301,100.36409130096436,84.09530001521111,33.190178245306015,67.17391317486764,1.593851669691503,18677.856994628906,0.0,30.0,0.0,2.0,0.050000000000000044,1.3890470266342163,1.3890470266342163,0.0
double_dqn,800,302,79.91659216582775,84.18049498550594,27.751353412866592,52.165238454937935,1.468123009428382,16242.504207611084,0.0,26.0,0.0,0.0,0.050000000000000044,1.2857027780264616,1.2857027780264616,0.0
double_dqn,800,303,84.04219034463168,84.80569475129248,28.97484454512596,55.067344883084296,1.4683993980288506,16080.168100357056,0.0,26.0,0.0,2.0,0.050000000000000044,1.555856879800558,1.555856879800558,0.0
double_dqn,800,304,71.9377393424511,84.00636964902283,28.34182357788086,43.59591595828533,1.4743079170584679,16167.29801940918,0.0,22.0,0.0,0.0,0.050000000000000044,1.5012181736528873,1.5012181736528873,0.0
double_dqn,800,305,71.31890975683928,82.99288156792522,26.72281499952078,44.59609496593475,1.4423710945993662,15567.479698181152,0.0,22.0,0.0,0.0,0.050000000000000044,1.251043250784278,1.251043250784278,0.0
double_dqn,800,306,92.24693346768618,83.23965469636023,30.827673487365246,61.41925925016403,1.571859042160213,18157.457569122314,0.0,26.0,0.0,1.0,0.050000000000000044,1.1423375718295574,1.1423375718295574,0.0
double_dqn,800,307,75.4130514934659,82.42681200653314,27.891620598733425,47.52143061161041,1.4560433020815253,15674.213418960571,0.0,23.0,0.0,0.0,0.050000000000000044,1.0424523763358593,1.0424523763358593,0.0
double_dqn,800,308,93.87846524417401,83.07037794031203,31.184939563274384,62.693525636196135,1.5657154731452465,17937.993560791016,0.0,28.0,0.0,1.0,0.050000000000000044,1.2124440148472786,1.2124440148472786,0.0
double_dqn,800,309,91.76908919215202,83.73343058548868,29.621301494538784,62.14778779447079,1.4975745594128966,16897.045433044434,0.0,29.0,0.0,0.0,0.050000000000000044,1.563150804489851,1.563150804489851,0.0
double_dqn,800,310,74.80195742994547,82.68865896865728,28.001519046723843,46.800438621640204,1.4547280929982662,16025.519905090332,0.0,23.0,0.0,2.0,0.050000000000000044,1.7846550643444061,1.7846550643444061,0.0
double_dqn,800,311,71.17162107080222,81.07876093797388,27.08021643012762,44.091404595971106,1.4382153013721108,15525.100818634033,0.0,22.0,0.0,2.0,0.050000000000000044,1.4679737836122513,1.4679737836122513,0.0
double_dqn,800,312,89.61276161670685,82.26977476283909,31.755439214408398,57.857322722673416,1.5576246930286288,18079.29672241211,0.0,27.0,0.0,0.0,0.050000000000000044,1.3491018880158663,1.3491018880158663,0.0
double_dqn,800,313,83.40676533430815,82.10276544235647,31.16928357630968,52.23748180270195,1.5119296927005053,17047.0693359375,0.0,25.0,0.0,0.0,0.050000000000000044,1.623805085197091,1.623805085197091,0.0
double_dqn,800,314,75.95619310438633,81.0932624230534,26.847745060920715,49.10844835639,1.4456385746598244,15560.851718902588,0.0,23.0,0.0,2.0,0.050000000000000044,1.3896504323929548,1.3896504323929548,0.0
double_dqn,800,315,93.1541368752718,81.72649044573308,32.22858028113842,60.92555666863918,1.5689102932810783,17996.548984527588,0.0,26.0,0.0,2.0,0.050000000000000044,1.2439764980226755,1.2439764980226755,0.0
double_dqn,800,316,91.05798790603876,82.74436543039978,32.184535436332226,58.87345293164253,1.5953040262684226,18611.14716720581,0.0,26.0,0.0,1.0,0.050000000000000044,1.3724839184433222,1.3724839184433222,0.0
double_dqn,800,317,73.20750067532063,82.27259021885695,27.150347776710987,46.05715306997299,1.4473520470783114,15573.798831939697,0.0,22.0,0.0,2.0,0.050000000000000044,1.4840642735362053,1.4840642735362053,0.0
double_dqn,800,318,85.69953003078699,82.66950359791518,32.37511042505503,53.32441947162151,1.574572291225195,18798.361080169678,0.0,22.0,0.0,3.0,0.050000000000000044,1.5666378550231457,1.5666378550231457,0.0
double_dqn,800,319,82.91786909103394,83.16288442119956,28.627727940678596,54.29014149308205,1.4698480097576976,15687.554250717163,0.0,25.0,0.0,0.0,0.050000000000000044,1.2373690195381641,1.2373690195381641,0.0
double_dqn,800,320,79.12915523350239,83.05012703381479,28.256131075322628,50.873024091124535,1.5127152614295483,16597.82244491577,0.0,24.0,0.0,2.0,0.050000000000000044,1.393961749970913,1.393961749970913,0.0
double_dqn,800,321,86.29312513023615,82.34657872527838,30.83950061351061,55.45362448692322,1.5472889812663198,17359.45224380493,0.0,26.0,0.0,0.0,0.050000000000000044,1.2061741203069687,1.2061741203069687,0.0
double_dqn,800,322,76.49225966632366,82.17536210030318,29.90484891831875,46.58741082251072,1.5220631370320916,16759.661056518555,0.0,23.0,0.0,1.0,0.050000000000000044,1.310639999806881,1.310639999806881,0.0
double_dqn,800,323,81.66491778194904,82.05649847216905,27.54259704053402,54.122320502996445,1.46545381937176,16017.544822692871,0.0,25.0,0.0,0.0,0.050000000000000044,1.2607590947300196,1.2607590947300196,0.0
double_dqn,800,324,88.82753665149212,82.9009883376211,31.099882051348686,57.72765474915504,1.5600005881860852,17739.826774597168,0.0,25.0,0.0,1.0,0.050000000000000044,1.632377875968814,1.632377875968814,0.0
double_dqn,800,325,83.26076205819845,83.49808095268907,29.198654241859913,54.062107533216476,1.5379518140107393,17024.176918029785,0.0,26.0,0.0,2.0,0.050000000000000044,1.3023813758045435,1.3023813758045435,0.0
double_dqn,800,326,81.28315375745296,82.94989196717741,27.670690789818764,53.61246341466904,1.4809222901239991,15550.244937896729,0.0,26.0,0.0,0.0,0.050000000000000044,1.5482177790254354,1.5482177790254354,0.0
double_dqn,800,327,89.66710549592972,83.6625946673006,29.71731522679329,59.94978949427605,1.5145936766639352,17472.33777999878,0.0,25.0,0.0,1.0,0.050000000000000044,1.5673923902213573,1.5673923902213573,0.0
double_dqn,800,328,98.9937708824873,83.91835994921624,33.357389859855175,65.6363807618618,1.6086619682610035,19204.668437957764,0.0,29.0,0.0,0.0,0.050000000000000044,1.4242208413779736,1.4242208413779736,0.0
double_dqn,800,329,80.38375860750675,83.34909341998399,28.78710299730301,51.59665574431419,1.498811611905694,16726.944454193115,0.0,24.0,0.0,2.0,0.050000000000000044,1.3515037335455418,1.3515037335455418,0.0
double_dqn,800,330,91.95816813409328,84.20690395519138,31.223133839666843,60.735034078359604,1.5626025646924973,17780.154537200928,0.0,27.0,0.0,2.0,0.050000000000000044,1.4147243741899729,1.4147243741899729,0.0
double_dqn,800,331,83.81412258148194,84.83902903072536,29.922143042087555,53.89197940528393,1.555441346950829,17891.25715827942,0.0,26.0,0.0,1.0,0.050000000000000044,1.5788059514015913,1.5788059514015913,0.0
double_dqn,800,332,69.36061508357525,83.82642170406879,26.05830419808626,43.30231072157621,1.4325410053133965,15207.3310546875,0.0,22.0,0.0,3.0,0.050000000000000044,1.4670905694365501,1.4670905694365501,0.0
double_dqn,800,333,80.91565695405006,83.7018662850559,29.31355408579111,51.602103143930435,1.5099421376362443,16828.692642211914,0.0,25.0,0.0,2.0,0.050000000000000044,1.707100749015808,1.707100749015808,0.0
double_dqn,800,334,82.32521721720695,84.02031749069691,29.646760061383247,52.67845757305622,1.5228983331471682,16689.768562316895,0.0,23.0,0.0,0.0,0.050000000000000044,1.5376206822693348,1.5376206822693348,0.0
double_dqn,800,335,77.75762435942889,83.25049186490477,28.712572373449802,49.04505246281624,1.5046819085255265,16371.746341705322,0.0,24.0,0.0,1.0,0.050000000000000044,1.4390619862824678,1.4390619862824678,0.0
double_dqn,800,336,87.04971687495708,83.05007831335068,30.191209234297276,56.858506977558136,1.5034627206623554,16549.916469573975,0.0,25.0,0.0,0.0,0.050000000000000044,1.7928149029612541,1.7928149029612541,0.0
double_dqn,800,337,75.40310908854008,83.15985873401166,27.716661244630814,47.68644806742668,1.4640431953594089,15710.67936706543,0.0,22.0,0.0,1.0,0.050000000000000044,1.4371944535523653,1.4371944535523653,0.0
double_dqn,800,338,72.20631046742201,82.48519775584342,26.527683667838573,45.678626814484595,1.4497393425554037,15653.6553440094,0.0,22.0,0.0,1.0,0.050000000000000044,1.3811244443058968,1.3811244443058968,0.0
double_dqn,800,339,77.5818752348423,82.21839806303383,28.825022533535957,48.75685292482376,1.4886647462844849,16352.971035003662,0.0,23.0,0.0,1.0,0.050000000000000044,1.5716724265366793,1.5716724265366793,0.0
double_dqn,800,340,67.85915438830853,81.65489802077414,26.820503048598766,41.038651555776596,1.412840603850782,15102.908725738525,0.0,20.0,0.0,0.0,0.050000000000000044,1.5031327977776527,1.5031327977776527,0.0
double_dqn,800,341,89.38697482049466,81.80959050528706,33.37312823534012,56.01384715139866,1.5814980454742908,18683.643882751465,0.0,24.0,0.0,1.0,0.050000000000000044,1.3513054326176643,1.3513054326176643,0.0
double_dqn,800,342,99.6450494080782,82.9672299923748,35.12658554315567,64.51846377551556,1.6227602818980813,19825.902320861816,0.0,29.0,0.0,2.0,0.050000000000000044,1.5532446317374706,1.5532446317374706,0.0
double_dqn,800,343,73.00081399083138,82.5340248028189,27.699434369802475,45.30137957632542,1.4347315160557628,15357.712844848633,0.0,22.0,0.0,0.0,0.050000000000000044,1.4725487567484379,1.4725487567484379,0.0
double_dqn,800,344,74.31629065573216,81.80846250303091,27.547694072127342,46.76859694123268,1.4775782646611333,15951.801895141602,0.0,22.0,0.0,2.0,0.050000000000000044,1.9563573114573956,1.9563573114573956,0.0
double_dqn,800,345,73.6667954325676,81.32876417174937,27.278316602110863,46.38847851753235,1.4657062962651253,15919.714687347412,0.0,23.0,0.0,2.0,0.050000000000000044,1.4670824836939573,1.4670824836939573,0.0
double_dqn,800,346,84.9352920293808,81.51137108534576,29.302253872156143,55.63303809762001,1.488662731833756,16277.787006378174,0.0,27.0,0.0,1.0,0.050000000000000044,1.4054660387337208,1.4054660387337208,0.0
double_dqn,800,347,70.642522290349,80.56014192506673,27.510734759271145,43.13178730010986,1.4325973885133862,15854.780166625977,0.0,21.0,0.0,0.0,0.050000000000000044,1.5175419859588146,1.5175419859588146,0.0
double_dqn,800,348,83.48089447617531,79.78449810475112,30.379325091838837,53.101569294929504,1.5443344181403518,17678.173988342285,0.0,26.0,0.0,1.0,0.050000000000000044,1.5150948837399483,1.5150948837399483,0.0
double_dqn,800,349,65.84759559482336,79.05768995411695,26.946407862007618,38.90118765830994,1.4124694587662816,15193.193061828613,0.0,20.0,0.0,0.0,0.050000000000000044,1.6477166302502155,1.6477166302502155,0.0
double_dqn,800,350,77.5082436144352,78.33519372813404,29.72444646805525,47.783797258138655,1.5261623729020357,17082.70245742798,0.0,23.0,0.0,2.0,0.050000000000000044,1.599462404847145,1.599462404847145,0.0
double_dqn,800,351,88.75644620656968,78.58230990938844,29.488056376576424,59.26838982999325,1.4970694463700056,16588.205924987793,0.0,27.0,0.0,1.0,0.050000000000000044,1.407996330410242,1.407996330410242,0.0
double_dqn,800,352,102.87356171011925,80.25795724071563,33.87916862219572,68.99439299106598,1.5935748182237148,19152.22011947632,0.0,30.0,0.0,1.0,0.050000000000000044,1.7397215068340302,1.7397215068340302,0.0
double_dqn,800,353,70.24710939228535,79.7245298626274,29.353087067604065,40.89402260780334,1.5095174480229616,16776.408535003662,0.0,19.0,0.0,1.0,0.050000000000000044,1.2151580732315779,1.2151580732315779,0.0
double_dqn,800,354,94.13885970413685,80.31521198697389,31.66517385840416,62.47368597984314,1.5798421176150441,18306.534309387207,0.0,27.0,0.0,0.0,0.050000000000000044,1.7664975579828024,1.7664975579828024,0.0
double_dqn,800,355,91.18876844644547,80.98676919132473,32.77839820086956,58.41037040948868,1.5967501141130924,18738.576202392578,0.0,27.0,0.0,1.0,0.050000000000000044,1.0483013149350882,1.0483013149350882,0.0
double_dqn,800,356,74.02765268236399,80.33566598169507,28.38446944952011,45.64318353831768,1.4602389577776194,16248.024471282959,0.0,21.0,0.0,1.0,0.050000000000000044,1.1938193831592798,1.1938193831592798,0.0
double_dqn,800,357,77.58344954997301,80.44468300476672,27.93047646433115,49.652973130345345,1.4574653431773186,15655.799716949463,0.0,24.0,0.0,0.0,0.050000000000000044,1.5540752932429314,1.5540752932429314,0.0
double_dqn,800,358,82.10490650683641,80.93961280673743,29.88588012009859,52.21902622282505,1.5110027426853776,17152.828174591064,0.0,24.0,0.0,0.0,0.050000000000000044,1.2159791272133589,1.2159791272133589,0.0
double_dqn,800,359,72.93255357593299,80.70714672379196,27.406452365219593,45.52610098719597,1.4082931773737073,15197.343994140625,0.0,22.0,0.0,1.0,0.050000000000000044,1.9443130884319544,1.9443130884319544,0.0
double_dqn,800,360,82.49114097803832,81.43874605327846,29.073778547346592,53.41736183464527,1.4917804505676031,16652.858268737793,0.0,25.0,0.0,2.0,0.050000000000000044,1.4880803786218166,1.4880803786218166,0.0
double_dqn,800,361,85.01990653574467,81.22039263904097,30.13214834779501,54.88775786757469,1.5089979097247124,17010.752326965332,0.0,24.0,0.0,2.0,0.050000000000000044,1.3229400180280209,1.3229400180280209,0.0
double_dqn,800,362,93.71749543547631,80.92401494041087,32.310089252889156,61.40740545988083,1.5910135582089424,18570.152629852295,0.0,28.0,0.0,3.0,0.050000000000000044,1.3907000087201595,1.3907000087201595,0.0
double_dqn,800,363,77.18845799714327,81.13339714072647,29.335914604365826,47.852543318271636,1.492806606926024,16593.45726776123,0.0,24.0,0.0,1.0,0.050000000000000044,1.6420868374407291,1.6420868374407291,0.0
double_dqn,800,364,76.54830278009176,81.24499774694445,28.45747270435095,48.09083007574081,1.4652006905525923,15810.947769165039,0.0,22.0,0.0,2.0,0.050000000000000044,1.774646706879139,1.774646706879139,0.0
double_dqn,800,365,89.958510376513,82.0595834941417,30.245143361389637,59.71336688101292,1.5650863526389003,18096.46647644043,0.0,26.0,0.0,1.0,0.050000000000000044,1.6785563956946135,1.6785563956946135,0.0
double_dqn,800,366,78.956528916955,81.7606453385204,28.920508816838264,50.03602001070976,1.528499785810709,16521.12405014038,0.0,22.0,0.0,1.0,0.050000000000000044,1.3365063033998013,1.3365063033998013,0.0
double_dqn,800,367,72.81208012402058,81.869123230204,27.849149852991104,44.96293027102947,1.4685389548540115,15992.7253074646,0.0,22.0,0.0,1.0,0.050000000000000044,1.6511464081704617,1.6511464081704617,0.0
double_dqn,800,368,70.96120420098305,81.24313871644438,27.431367799639702,43.529836878180504,1.4254787927493453,15289.675687789917,0.0,21.0,0.0,1.0,0.050000000000000044,1.6578067652881145,1.6578067652881145,0.0
double_dqn,800,369,88.786849334836,82.39010140344502,30.83374235033989,57.95310693979263,1.5289174327626824,17301.387134552002,0.0,27.0,0.0,0.0,0.050000000000000044,1.6583669483661652,1.6583669483661652,0.0
double_dqn,800,370,88.66867500543594,82.94812297299504,30.540837794542313,58.12783734500408,1.5234811175614595,17228.0491065979,0.0,26.0,0.0,1.0,0.050000000000000044,1.3479744717478752,1.3479744717478752,0.0
double_dqn,800,371,80.68612141162157,82.54460673324763,27.111558973789215,53.574562072753906,1.4499811045825481,15663.2753200531,0.0,26.0,0.0,0.0,0.050000000000000044,1.5724738575518131,1.5724738575518131,0.0
double_dqn,800,372,86.62144492566586,81.73200089402498,29.62011654675007,57.00132805109024,1.475926804356277,16956.906143188477,0.0,25.0,0.0,1.0,0.050000000000000044,1.6647906601428986,1.6647906601428986,0.0
double_dqn,800,373,99.84207113087177,83.2117489809543,32.82121369242668,67.02085809409618,1.5947353998199105,19371.34001159668,0.0,32.0,0.0,0.0,0.050000000000000044,2.122600607573986,2.122600607573986,0.0
double_dqn,800,374,68.34168977290392,81.92189048439265,26.54413180798292,41.79755760729313,1.4136612555012107,15149.10372543335,0.0,20.0,0.0,0.0,0.050000000000000044,1.5411417335271835,1.5411417335271835,0.0
double_dqn,800,375,82.91045153141022,81.50797463864089,30.355354234576225,52.55509801208973,1.5173353776335716,16723.58688735962,0.0,26.0,0.0,0.0,0.050000000000000044,1.3735562916845083,1.3735562916845083,0.0
double_dqn,800,376,84.78170949220657,82.04567747913302,30.353427946567535,54.428281754255295,1.5445658722892404,17140.915634155273,0.0,25.0,0.0,2.0,0.050000000000000044,1.3883532602339983,1.3883532602339983,0.0
double_dqn,800,377,78.36615315079689,82.08481265917422,27.54237736016512,50.82377544045448,1.4556410368531942,15855.832675933838,0.0,24.0,0.0,1.0,0.050000000000000044,1.4363626539707184,1.4363626539707184,0.0
double_dqn,800,378,81.69855449795723,82.06449505873026,27.375436514616013,54.32311813235283,1.4539045887067914,15393.083698272705,0.0,24.0,0.0,3.0,0.050000000000000044,1.6875242553651333,1.6875242553651333,0.0
double_dqn,800,379,89.58850673884153,82.89729271687568,31.489010326564312,58.099496114253995,1.5459337728098035,17805.59108352661,0.0,25.0,0.0,3.0,0.050000000000000044,1.3095352072268724,1.3095352072268724,0.0
double_dqn,800,380,83.61506676077843,82.95348900601269,30.020230993628502,53.59483575224876,1.5148421069607139,17038.24624633789,0.0,25.0,0.0,1.0,0.050000000000000044,1.8559507690370083,1.8559507690370083,0.0
double_dqn,800,381,85.11623595058919,82.95830547675492,29.617933049798012,55.498302990198134,1.5334384804591537,17399.3685836792,0.0,25.0,0.0,1.0,0.050000000000000044,1.5160069055855274,1.5160069055855274,0.0
double_dqn,800,382,88.95424404740334,82.72014290735126,29.27134459465742,59.682899475097656,1.5262288888916373,16964.91953277588,0.0,26.0,0.0,2.0,0.050000000000000044,1.471818258985877,1.471818258985877,0.0
double_dqn,800,383,67.81334698200226,82.25138735659422,26.569805942475796,41.24354104697704,1.4283156236633658,15319.504837036133,0.0,22.0,0.0,2.0,0.050000000000000044,1.6788691282272339,1.6788691282272339,0.0
double_dqn,800,384,83.39232231676579,82.59358833342792,31.084525510668755,52.30779680609703,1.5562312314286828,18188.362182617188,0.0,25.0,0.0,0.0,0.050000000000000044,1.7066040188074112,1.7066040188074112,0.0
double_dqn,800,385,76.8601096123457,81.93866829521953,29.254759795963764,47.60534989833832,1.50372751429677,16510.408752441406,0.0,25.0,0.0,1.0,0.050000000000000044,1.7190417237579823,1.7190417237579823,0.0
double_dqn,800,386,86.53080825656653,82.31738226220011,30.160971455276012,56.3698366522789,1.5088857021182775,16616.73627471924,0.0,25.0,0.0,1.0,0.050000000000000044,1.39099483191967,1.39099483191967,0.0
double_dqn,800,387,53.73349789828062,81.36345315091312,22.83873960375786,30.894758033752442,1.330284078605473,13484.163745880127,0.0,18.0,0.0,2.0,0.050000000000000044,1.424548789858818,1.424548789858818,0.0
double_dqn,800,388,70.2127133011818,81.32602860592307,26.76553838700056,43.44717517495155,1.4409579886123538,15290.956230163574,0.0,20.0,0.0,0.0,0.050000000000000044,1.7923896946012974,1.7923896946012974,0.0
double_dqn,800,389,86.9773509055376,81.23555368445814,31.086089864373207,55.891261234879494,1.5361287826672196,17282.096099853516,0.0,25.0,0.0,0.0,0.050000000000000044,2.0388677306473255,2.0388677306473255,0.0
double_dqn,800,390,84.36815957725048,81.02052791304887,30.44689355045557,53.92126615345478,1.5340392794460058,17261.604934692383,0.0,26.0,0.0,2.0,0.050000000000000044,1.728699792176485,1.728699792176485,0.0
double_dqn,800,391,97.03554960340261,81.83799932263791,32.479251861572266,64.5562979131937,1.5670495023950934,18749.10445022583,0.0,29.0,0.0,2.0,0.050000000000000044,1.6227474100887775,1.6227474100887775,0.0
double_dqn,800,392,99.3938299715519,82.47661857493222,32.81269237399101,66.58113771677017,1.5923816757276654,18673.440727233887,0.0,30.0,0.0,0.0,0.050000000000000044,1.6004083901643753,1.6004083901643753,0.0
double_dqn,800,393,90.21319605410099,81.99517482109368,31.133336283266544,59.07985992729664,1.5457795225083828,17885.809425354004,0.0,27.0,0.0,1.0,0.050000000000000044,1.454825658351183,1.454825658351183,0.0
double_dqn,800,394,78.50089249759912,82.50313495732844,27.312280148267746,51.18861249089241,1.4503341428935528,15165.139217376709,0.0,25.0,0.0,2.0,0.050000000000000044,1.4137676432728767,1.4137676432728767,0.0
double_dqn,800,395,80.30120182037354,82.37267247177661,27.160743817687035,53.14045777916908,1.471909061074257,16101.506958007812,0.0,25.0,0.0,4.0,0.050000000000000044,1.5261861477047205,1.5261861477047205,0.0
double_dqn,800,396,95.45984198153019,82.90657909624278,31.255849614739418,64.20399245619774,1.6105822557583451,18150.630813598633,0.0,28.0,0.0,2.0,0.050000000000000044,2.267509713768959,2.267509713768959,0.0
double_dqn,800,397,90.72462985813618,83.52450293160976,32.11411674320698,58.61051290631294,1.5784644894301891,18515.673389434814,0.0,27.0,0.0,1.0,0.050000000000000044,1.7347456812858582,1.7347456812858582,0.0
double_dqn,800,398,89.76980267465115,83.92806534044445,31.81443676352501,57.95536556839943,1.555894661694765,18063.843620300293,0.0,25.0,0.0,1.0,0.050000000000000044,1.0461219232529402,1.0461219232529402,0.0
double_dqn,800,399,81.74022930264474,83.53565146863461,29.290281787514687,52.44994760453701,1.507379837334156,16167.31301498413,0.0,26.0,0.0,2.0,0.050000000000000044,1.6099979504942894,1.6099979504942894,0.0
double_dqn,800,400,86.0582837253809,83.65781231686474,28.32224427163601,57.73603951334953,1.4875053213909268,16069.48977470398,0.0,27.0,0.0,2.0,0.050000000000000044,1.3228750452399254,1.3228750452399254,0.0
double_dqn,800,401,80.26522118747235,83.4152615787089,28.868071377277374,51.39714983999729,1.4911970794200897,16574.866302490234,0.0,24.0,0.0,1.0,0.050000000000000044,1.5203746650367975,1.5203746650367975,0.0
double_dqn,800,402,85.88849126696587,83.26197393968702,30.553777307271957,55.33471445143223,1.532225701957941,17204.790630340576,0.0,26.0,0.0,1.0,0.050000000000000044,1.513997694477439,1.513997694477439,0.0
double_dqn,800,403,54.018285766243935,82.57222087889912,23.629612177610397,30.388673275709152,1.3502396196126938,13524.078136444092,0.0,18.0,0.0,1.0,0.050000000000000044,1.5871586129069328,1.5871586129069328,0.0
double_dqn,800,404,95.13448718190193,83.15932912215592,30.425338976085186,64.70914822816849,1.536114091053605,17227.964374542236,0.0,29.0,0.0,0.0,0.050000000000000044,1.929185125976801,1.929185125976801,0.0
double_dqn,800,405,72.71710310280324,82.9521787966788,27.004223309457302,45.71287971884012,1.4621434090659022,15392.550912857056,0.0,21.0,0.0,1.0,0.050000000000000044,1.2822670545428991,1.2822670545428991,0.0
double_dqn,800,406,79.9812661409378,82.62470169089735,28.014791071414948,51.96647447347641,1.4995898371562362,16203.461360931396,0.0,25.0,0.0,0.0,0.050000000000000044,1.5209152586758137,1.5209152586758137,0.0
double_dqn,800,407,91.62749607861042,84.51940159991383,30.92303641140461,60.70445936918259,1.5792351607233286,18074.004402160645,0.0,29.0,0.0,0.0,0.050000000000000044,1.4146154541522264,1.4146154541522264,0.0
double_dqn,800,408,109.31895785033703,86.4747138273716,35.60143604129553,73.71752160787582,1.652598762884736,19657.140520095825,0.0,32.0,0.0,1.0,0.050000000000000044,1.841963728889823,1.841963728889823,0.0
double_dqn,800,409,77.0787079051137,85.97978167735042,28.233442686498165,48.84526512920856,1.4789740731939673,16299.64945602417,0.0,24.0,0.0,2.0,0.050000000000000044,1.6173612009733915,1.6173612009733915,0.0
double_dqn,800,410,83.21533285081387,85.92214034102858,28.725589156150818,54.48974347114563,1.5150912357494235,16807.051391601562,0.0,25.0,0.0,0.0,0.050000000000000044,1.833079844713211,1.833079844713211,0.0
double_dqn,800,411,101.36931912600994,86.13882881715895,33.736695535480976,67.63262356817722,1.6577482111752033,19045.78112411499,0.0,31.0,0.0,0.0,0.050000000000000044,1.4199363328516483,1.4199363328516483,0.0
double_dqn,800,412,76.44654800146819,84.99146471865477,29.001486390829086,47.445061126351355,1.5044461144134402,16995.759870529175,0.0,22.0,0.0,2.0,0.050000000000000044,1.631960490718484,1.631960490718484,0.0
double_dqn,800,413,96.32634626328945,85.2971222291142,31.23493617773056,65.09141011536121,1.544804654084146,17655.378732681274,0.0,29.0,0.0,1.0,0.050000000000000044,1.5421626064926386,1.5421626064926386,0.0
double_dqn,800,414,57.792005854845044,84.26167789697647,24.832580864429474,32.95942499041557,1.3537978325039148,13374.35841178894,0.0,18.0,0.0,2.0,0.050000000000000044,2.119997024536133,2.119997024536133,0.0
double_dqn,800,415,74.25198747366667,83.95921717964114,28.071529246866703,46.18045822679996,1.4717371044680476,16166.983360290527,0.0,23.0,0.0,2.0,0.050000000000000044,1.9987113252282143,1.9987113252282143,0.0
double_dqn,800,416,96.38716751784087,84.00558345645666,31.867658138275146,64.519510191679,1.5707887271419168,18057.312614440918,0.0,29.0,0.0,4.0,0.050000000000000044,1.2616539783775806,1.2616539783775806,0.0
double_dqn,800,417,90.2362797036767,83.9811659487337,32.84357696771622,57.39270308613777,1.5652061281725764,18624.56071472168,0.0,26.0,0.0,0.0,0.050000000000000044,1.8757210448384285,1.8757210448384285,0.0
double_dqn,800,418,77.81371159851551,83.38336139492691,27.89499731361866,49.91871437430382,1.4848725218325853,16256.197998046875,0.0,23.0,0.0,0.0,0.050000000000000044,1.7050761803984642,1.7050761803984642,0.0
double_dqn,800,419,68.63818518221379,82.72825918890535,27.405785456299782,41.2323991894722,1.4238466741517186,15551.842456817627,0.0,19.0,0.0,2.0,0.050000000000000044,1.103113355115056,1.103113355115056,0.0
double_dqn,800,420,89.72901741415262,82.91179587334395,30.556675888597965,59.17234152555466,1.5484521826729178,17591.52634048462,0.0,26.0,0.0,0.0,0.050000000000000044,1.7037493288516998,1.7037493288516998,0.0
double_dqn,800,421,85.07464055716991,83.15226684182883,31.205337464809418,53.86930297315121,1.5717719346284866,17930.968711853027,0.0,26.0,0.0,0.0,0.050000000000000044,1.7257783152163029,1.7257783152163029,0.0
double_dqn,800,422,87.9748696193099,83.25658575944603,30.76964047551155,57.20522965043783,1.5199863631278276,17132.505947113037,0.0,26.0,0.0,2.0,0.050000000000000044,1.45643918402493,1.45643918402493,0.0
double_dqn,800,423,91.43996327668428,85.12766963496804,29.570341356098652,61.86962165236473,1.52580869756639,16733.71111679077,0.0,28.0,0.0,2.0,0.050000000000000044,1.933935485780239,1.933935485780239,0.0
double_dqn,800,424,82.43817912042141,84.49285423189401,30.701556891202927,51.73662216961384,1.550558678805828,17847.979667663574,0.0,25.0,0.0,1.0,0.050000000000000044,1.2714235465973616,1.2714235465973616,0.0
double_dqn,800,425,78.40541017055511,84.7772695852816,29.58319342136383,48.82221682369709,1.5111484983935952,16793.029708862305,0.0,26.0,0.0,2.0,0.050000000000000044,1.3055640049278736,1.3055640049278736,0.0
double_dqn,800,426,85.08479165285826,85.03244586087763,30.180784851312637,54.9040062725544,1.5233377432450652,17267.75798034668,0.0,26.0,0.0,1.0,0.050000000000000044,1.5047027505934238,1.5047027505934238,0.0
double_dqn,800,427,79.65717052668333,84.43392958328127,27.54609390348196,52.1110762655735,1.4491235837340355,15905.113883972168,0.0,23.0,0.0,0.0,0.050000000000000044,1.4443236906081438,1.4443236906081438,0.0
double_dqn,800,428,69.55223485827446,82.44559343367816,26.59897229075432,42.953262478113174,1.4243777617812157,14924.457836151123,0.0,21.0,0.0,0.0,0.050000000000000044,1.593294970691204,1.593294970691204,0.0
double_dqn,800,429,98.13825752735139,83.49857091479004,34.806588128209114,63.331669145822524,1.6080286521464586,19426.925731658936,0.0,28.0,0.0,1.0,0.050000000000000044,2.141689218580723,2.141689218580723,0.0
double_dqn,800,430,91.63444249331951,83.91952639691533,30.500269189476967,61.13417303562164,1.5152427796274424,17132.558040618896,0.0,28.0,0.0,0.0,0.050000000000000044,1.8322949409484863,1.8322949409484863,0.0
double_dqn,800,431,67.19377928227186,82.2107494047284,27.040410466492176,40.153368696570396,1.443422676064074,15611.499206542969,0.0,20.0,0.0,1.0,0.050000000000000044,1.6288107112050056,1.6288107112050056,0.0
double_dqn,800,432,82.29920861274005,82.50338243529202,30.434974513947964,51.864233860373496,1.5155982412397861,16926.492238998413,0.0,25.0,0.0,3.0,0.050000000000000044,2.021584141999483,2.021584141999483,0.0
double_dqn,800,433,80.52094028145075,81.71311213620007,29.182308472692966,51.33863188326359,1.5063459621742368,16671.232444763184,0.0,24.0,0.0,1.0,0.050000000000000044,2.0248143672943115,2.0248143672943115,0.0
double_dqn,800,434,79.65501840114594,82.80626276351512,27.579442501068115,52.07557582557202,1.4488833071663976,15883.944484710693,0.0,25.0,0.0,4.0,0.050000000000000044,1.5017357803881168,1.5017357803881168,0.0
double_dqn,800,435,57.615365201234816,81.97443164989353,23.235699594020844,34.379665756225585,1.3511865632608533,13410.08464050293,0.0,19.0,0.0,1.0,0.050000000000000044,1.5467192381620407,1.5467192381620407,0.0
double_dqn,800,436,69.48465071618557,80.62930580981077,27.367136724293232,42.117513939738274,1.4539074636995792,15312.036602020264,0.0,22.0,0.0,1.0,0.050000000000000044,1.513479283079505,1.513479283079505,0.0
double_dqn,800,437,56.218802618980405,78.92843195557595,23.70636637508869,32.51243560314178,1.3571167290210724,13802.415580749512,0.0,19.0,0.0,2.0,0.050000000000000044,1.5902569610625505,1.5902569610625505,0.0
double_dqn,800,438,71.33384995907545,78.60443887360394,28.026334576308727,43.3075150847435,1.4967655632644892,16152.526275634766,0.0,21.0,0.0,1.0,0.050000000000000044,1.490527318790555,1.490527318790555,0.0
double_dqn,800,439,67.59826979339122,78.5524431041628,27.36859119683504,40.22967866361141,1.3960324749350548,14882.318801879883,0.0,20.0,0.0,2.0,0.050000000000000044,1.9641068894416094,1.9641068894416094,0.0
double_dqn,800,440,59.382041208446026,77.03509429387748,23.945138454437256,35.43690252304077,1.358155663125217,13394.21224784851,0.0,19.0,0.0,0.0,0.050000000000000044,1.51801566965878,1.51801566965878,0.0
double_dqn,800,441,72.3869686126709,76.40071069665252,28.773320838809013,43.6136479228735,1.4963880507275462,16615.29398727417,0.0,22.0,0.0,1.0,0.050000000000000044,1.479965167120099,1.479965167120099,0.0
double_dqn,800,442,86.66877782344818,76.33540610685944,31.74094184488058,54.927835777401924,1.5740973576903343,18074.653301239014,0.0,26.0,0.0,1.0,0.050000000000000044,1.86637844145298,1.86637844145298,0.0
double_dqn,800,443,64.2979134991765,74.97830361798405,25.950543470680714,38.34737002849579,1.4213509783148766,14834.343536376953,0.0,21.0,0.0,0.0,0.050000000000000044,2.0573449209332466,2.0573449209332466,0.0
double_dqn,800,444,79.70253881067038,74.8415216024965,28.25826269388199,51.44427606463432,1.4730817405506968,15926.32432937622,0.0,24.0,0.0,0.0,0.050000000000000044,1.8973253592848778,1.8973253592848778,0.0
double_dqn,800,445,76.12442952692508,74.727472570315,27.953984394669533,48.170444938540456,1.4567663241177797,16050.427268981934,0.0,22.0,0.0,2.0,0.050000000000000044,1.4112605936825275,1.4112605936825275,0.0
double_dqn,800,446,72.95981323719025,74.1212236495316,27.35425966978073,45.605553686618805,1.4545733565464616,15677.527256011963,0.0,22.0,0.0,0.0,0.050000000000000044,1.4115444496273994,1.4115444496273994,0.0
double_dqn,800,447,76.12887279838324,73.9448087631166,29.45229598134756,46.676576466858386,1.5099656851962209,16906.728660583496,0.0,22.0,0.0,3.0,0.050000000000000044,1.9767116457223892,1.9767116457223892,0.0
double_dqn,800,448,74.10253699272872,74.17232386983932,26.9784993827343,47.12403809428215,1.4181631105020642,14777.394096374512,0.0,23.0,0.0,1.0,0.050000000000000044,1.5525411702692509,1.5525411702692509,0.0
double_dqn,800,449,81.02905921638012,73.31686395429077,30.15293051302433,50.876129150390625,1.547670528292656,17539.3692779541,0.0,23.0,0.0,1.0,0.050000000000000044,1.6730014979839325,1.6730014979839325,0.0
double_dqn,800,450,89.87080255150795,73.22868195720018,30.908494263887405,58.96230852603912,1.5432652831077576,18141.95565032959,0.0,26.0,0.0,1.0,0.050000000000000044,1.8443816490471363,1.8443816490471363,0.0
double_dqn,800,451,79.03659515082836,73.820822750628,27.43687753379345,51.59971758723259,1.4915332281962037,16513.795810699463,0.0,25.0,0.0,0.0,0.050000000000000044,2.00312870927155,2.00312870927155,0.0
double_dqn,800,452,71.10004414618015,73.2608645273,27.552574791014194,43.54746916890144,1.4637989746406674,16162.484916687012,0.0,20.0,0.0,0.0,0.050000000000000044,1.6226663328707218,1.6226663328707218,0.0
double_dqn,800,453,89.79196965694427,73.72441599607467,31.029748365283012,58.76222105324268,1.5438260324299335,17614.083965301514,0.0,28.0,0.0,1.0,0.050000000000000044,1.9066045731306076,1.9066045731306076,0.0
double_dqn,800,454,86.03627377152444,74.0434787645936,28.379565082490444,57.656708562374114,1.486488051712513,16248.663455963135,0.0,26.0,0.0,1.0,0.050000000000000044,1.796385370194912,1.796385370194912,0.0
double_dqn,800,455,81.89222451299429,75.25732173018157,29.056932494044304,52.835291877388954,1.508571032434702,16846.74826812744,0.0,25.0,0.0,1.0,0.050000000000000044,1.7390764262527227,1.7390764262527227,0.0
double_dqn,800,456,89.53175703436136,76.25967704609037,31.474863551557064,58.05689351260662,1.6007190849632025,18474.95980834961,0.0,27.0,0.0,0.0,0.050000000000000044,1.8344028554856777,1.8344028554856777,0.0
double_dqn,800,457,79.43231622278691,77.4203527262807,29.4695662856102,49.962750220298766,1.5099052237346768,16623.959560394287,0.0,25.0,0.0,1.0,0.050000000000000044,1.2784111462533474,1.2784111462533474,0.0
double_dqn,800,458,75.97978133112193,77.65264929488303,28.926207847893238,47.05357372164726,1.4940808769315481,16747.556900024414,0.0,23.0,0.0,3.0,0.050000000000000044,1.9124356973916292,1.9124356973916292,0.0
double_dqn,800,459,82.29833390116691,78.3876525002718,28.637397073209286,53.660936418175694,1.5029919315129519,16239.546955108643,0.0,25.0,0.0,2.0,0.050000000000000044,1.4920325875282288,1.4920325875282288,0.0
double_dqn,800,460,66.51214897632599,78.7441578886658,28.26886473596096,38.243284434080124,1.4618017105385661,16140.88639831543,0.0,19.0,0.0,1.0,0.050000000000000044,1.6779258493334055,1.6779258493334055,0.0
double_dqn,800,461,83.43202254474163,79.29641058526934,31.139418721199036,52.292603972554204,1.5436356496065855,17689.052268981934,0.0,25.0,0.0,3.0,0.050000000000000044,1.8266657199710608,1.8266657199710608,0.0
double_dqn,800,462,71.92019288539886,78.55898133836686,27.380120128393173,44.54007251858711,1.4936256473883986,16432.96746444702,0.0,23.0,0.0,2.0,0.050000000000000044,1.6054854113608599,1.6054854113608599,0.0
double_dqn,800,463,82.04395124316216,79.44628322556613,27.898966372013092,54.144985020160675,1.5166307790204883,16539.55991744995,0.0,27.0,0.0,0.0,0.050000000000000044,1.493490755558014,1.493490755558014,0.0
double_dqn,800,464,71.77605905383825,79.04995923772454,28.389678187668324,43.386381059885025,1.4749220134690404,16291.892711639404,0.0,23.0,0.0,0.0,0.050000000000000044,1.3424208033829927,1.3424208033829927,0.0
double_dqn,800,465,90.00984022915364,79.74422977283596,31.143763720989227,58.866076254844664,1.5488869212567806,17855.33692932129,0.0,26.0,0.0,3.0,0.050000000000000044,1.9597407523542643,1.9597407523542643,0.0
double_dqn,800,466,73.32294587045908,79.76238640449942,27.969487495720387,45.35345785319805,1.501815378665924,16852.633834838867,0.0,23.0,0.0,0.0,0.050000000000000044,1.8595747910439968,1.8595747910439968,0.0
double_dqn,800,467,94.61778285652399,80.68683190740646,32.937657967209816,61.680125038325784,1.5661399951204658,18104.431825637817,0.0,28.0,0.0,2.0,0.050000000000000044,1.9055386669933796,1.9055386669933796,0.0
double_dqn,800,468,83.19740354418755,81.1415752349794,32.415276274085045,50.78212725520134,1.5725745921954513,18115.954132080078,0.0,23.0,0.0,2.0,0.050000000000000044,1.207838997244835,1.207838997244835,0.0
double_dqn,800,469,85.16496840119362,81.34837069422007,29.830237463116646,55.33473080396652,1.5274755926802754,17417.087600708008,0.0,26.0,0.0,0.0,0.050000000000000044,1.345603883266449,1.345603883266449,0.0
double_dqn,800,470,85.44287500530481,81.12697431690991,29.14305881410837,56.29981601238251,1.5615044124424458,17632.055320739746,0.0,27.0,0.0,1.0,0.050000000000000044,1.8479970395565033,1.8479970395565033,0.0
double_dqn,800,471,71.08387039601803,80.7293380791694,27.041040033102036,44.04282981157303,1.4243455929681659,15313.04560470581,0.0,22.0,0.0,0.0,0.050000000000000044,1.775274433195591,1.775274433195591,0.0
double_dqn,800,472,78.82915439605713,81.11579359166325,28.293034724891186,50.536119470000266,1.4801051244139671,16396.790103912354,0.0,23.0,0.0,1.0,0.050000000000000044,1.5116328820586205,1.5116328820586205,0.0
double_dqn,800,473,86.11935819089413,80.93216301836074,31.213007107377052,54.90635069608688,1.571246037259698,18011.48154449463,0.0,25.0,0.0,1.0,0.050000000000000044,2.0847854651510715,2.0847854651510715,0.0
double_dqn,800,474,80.36727437376976,80.64871304847301,29.412154346704483,50.95512014627457,1.4793777875602245,16411.89005279541,0.0,24.0,0.0,2.0,0.050000000000000044,1.6668093372136354,1.6668093372136354,0.0
double_dqn,800,475,76.11492397636175,80.35984802164138,28.177457623183727,47.93746608495712,1.4789953166618943,16162.917398452759,0.0,22.0,0.0,1.0,0.050000000000000044,1.78864729963243,1.78864729963243,0.0
double_dqn,800,476,85.08100746572018,80.13731054320932,29.29852096736431,55.78248679637909,1.522087057121098,17089.53346633911,0.0,25.0,0.0,3.0,0.050000000000000044,1.8753571584820747,1.8753571584820747,0.0
double_dqn,800,477,81.25421486198903,80.22840547516942,29.705398380756378,51.54881633222103,1.517125311307609,16884.467864990234,0.0,25.0,0.0,2.0,0.050000000000000044,1.8263954631984234,1.8263954631984234,0.0
double_dqn,800,478,89.52412412464619,80.90562261484565,30.923702836036682,58.6004214823246,1.5885109351947904,18110.57290649414,0.0,27.0,0.0,1.0,0.050000000000000044,1.7607938684523106,1.7607938684523106,0.0
double_dqn,800,479,93.14801519513131,81.44810667954387,31.182169646024704,61.9658458173275,1.5689322454854846,17400.606678009033,0.0,28.0,0.0,1.0,0.050000000000000044,1.5428821854293346,1.5428821854293346,0.0
double_dqn,800,480,75.38609733432531,81.89180409744384,28.300617538392544,47.085478976368904,1.4800498355180025,16336.171882629395,0.0,23.0,0.0,0.0,0.050000000000000044,1.4709533117711544,1.4709533117711544,0.0
double_dqn,800,481,99.93751739263534,82.7170788398385,31.712206706404686,68.22531095445156,1.5900922501459718,18130.840745925903,0.0,29.0,0.0,2.0,0.050000000000000044,1.3248356580734253,1.3248356580734253,0.0
double_dqn,800,482,93.16956907510757,83.77954764932394,31.386589616537094,61.78297923505306,1.5829704087227583,18109.58811187744,0.0,27.0,0.0,1.0,0.050000000000000044,1.6186471357941628,1.6186471357941628,0.0
double_dqn,800,483,90.6099293678999,84.20784655556082,32.863910138607025,57.746018871665,1.6119112130254507,19069.61376953125,0.0,26.0,0.0,0.0,0.050000000000000044,1.6012630760669708,1.6012630760669708,0.0
double_dqn,800,484,79.41219552755356,84.58965337924658,29.39679166674614,50.0154041737318,1.4887783452868462,16864.503345489502,0.0,23.0,0.0,4.0,0.050000000000000044,1.7412819359451532,1.7412819359451532,0.0
double_dqn,800,485,88.5588726490736,84.5171050002426,28.770787820219994,59.788084679841994,1.5083471164107323,16694.17845916748,0.0,27.0,0.0,3.0,0.050000000000000044,1.2134118266403675,1.2134118266403675,0.0
double_dqn,800,486,73.04496435374021,84.50320592440666,27.728212289512157,45.316751706600186,1.4887129878625274,16436.870044708252,0.0,21.0,0.0,2.0,0.050000000000000044,1.7399183325469494,1.7399183325469494,0.0
double_dqn,800,487,89.05839375406504,84.22523646928371,30.759159214794636,58.299234598875046,1.5584112321957946,17962.506015777588,0.0,26.0,0.0,1.0,0.050000000000000044,1.5812446270138025,1.5812446270138025,0.0
double_dqn,800,488,83.86980275213719,84.25885642968117,32.254639118909836,51.615163484215735,1.5780337918549776,18684.893230438232,0.0,24.0,0.0,2.0,0.050000000000000044,1.6405667085200548,1.6405667085200548,0.0
double_dqn,800,489,79.30268817543984,83.9657424183935,28.407753095030785,50.89493470042944,1.4813224039971828,16417.60008621216,0.0,24.0,0.0,2.0,0.050000000000000044,2.021618362516165,2.021618362516165,0.0
double_dqn,800,490,98.0116652712226,84.5941819316894,32.785549215972424,65.22611602544785,1.6443793838843703,19444.738609313965,0.0,29.0,0.0,3.0,0.050000000000000044,1.969198264181614,1.969198264181614,0.0
double_dqn,800,491,89.4594756886363,85.51296219632032,31.940800368785858,57.518675327301025,1.569055525586009,18131.531059265137,0.0,25.0,0.0,2.0,0.050000000000000044,1.4931577797979116,1.4931577797979116,0.0
double_dqn,800,492,81.7878452539444,85.66089673921466,29.821964040398598,51.96588158607483,1.503748044371605,16838.966926574707,0.0,24.0,0.0,0.0,0.050000000000000044,2.1354188695549965,2.1354188695549965,0.0
double_dqn,800,493,67.4668168142438,84.72826967038216,26.610502690076828,40.856314146518706,1.4350206712260842,15176.688735961914,0.0,22.0,0.0,1.0,0.050000000000000044,1.5469260774552822,1.5469260774552822,0.0
double_dqn,800,494,82.7734169304371,84.84857679821553,29.30247563123703,53.4709413588047,1.4841056363657117,16686.23118019104,0.0,24.0,0.0,2.0,0.050000000000000044,1.4218614790588617,1.4218614790588617,0.0
double_dqn,800,495,97.25053135454655,85.90535716712478,32.04941575974226,65.20111573636532,1.580783381126821,18155.63217163086,0.0,29.0,0.0,3.0,0.050000000000000044,1.4954445362091064,1.4954445362091064,0.0
double_dqn,800,496,81.30135174244643,85.71637438096107,28.292433865368366,53.00891780257225,1.4982564076781273,16497.007595062256,0.0,24.0,0.0,1.0,0.050000000000000044,2.1024533938616514,2.1024533938616514,0.0
double_dqn,800,497,72.47253295183182,85.27729028545323,26.974645480513573,45.497886979579924,1.4480801420286298,15563.608165740967,0.0,22.0,0.0,1.0,0.050000000000000044,1.835176670923829,1.835176670923829,0.0
double_dqn,800,498,78.14068314433098,84.70811823643746,28.98810052126646,49.15258252620697,1.4968749405816197,16835.651988983154,0.0,22.0,0.0,0.0,0.050000000000000044,1.6658833548426628,1.6658833548426628,0.0
double_dqn,800,499,75.45762794017791,83.82359887368979,28.419642746448517,47.03798450827598,1.4625384686514735,16226.515316009521,0.0,23.0,0.0,2.0,0.050000000000000044,1.5710601191967726,1.5710601191967726,0.0
double_dqn,800,500,87.17605151981115,84.41309658296407,32.491087064146996,54.684964060783386,1.5771029638126493,18679.041709899902,0.0,25.0,0.0,1.0,0.050000000000000044,1.9470828957855701,1.9470828957855701,0.0
double_dqn,800,501,80.31127952039242,83.43178468935193,29.057598777115345,51.253681153059006,1.5200609480962157,17036.46382522583,0.0,23.0,0.0,2.0,0.050000000000000044,1.2368859015405178,1.2368859015405178,0.0
double_dqn,800,502,88.09402729570866,83.17800760038197,30.64064449071884,57.4533828496933,1.5213861986994743,17249.93564224243,0.0,26.0,0.0,0.0,0.050000000000000044,1.9475811868906021,1.9475811868906021,0.0
double_dqn,800,503,74.68285281956196,82.38165377296508,27.23559883236885,47.44725416600704,1.46055662445724,15648.424942016602,0.0,23.0,0.0,2.0,0.050000000000000044,2.0121838711202145,2.0121838711202145,0.0
double_dqn,800,504,88.85421884357929,82.85375493876636,31.30898253619671,57.5452362626791,1.5615053325891495,18179.135066986084,0.0,25.0,0.0,3.0,0.050000000000000044,1.8783106245100498,1.8783106245100498,0.0
double_dqn,800,505,67.92356203496456,81.82198940806092,26.150136731565,41.773425087332726,1.4216029243543744,14773.780124664307,0.0,22.0,0.0,1.0,0.050000000000000044,1.91495556011796,1.91495556011796,0.0
double_dqn,800,506,85.21448363363743,82.43046537205576,28.946515031158924,56.26796838641167,1.495161110535264,16755.59200668335,0.0,25.0,0.0,0.0,0.050000000000000044,1.9444723892956972,1.9444723892956972,0.0
double_dqn,800,507,80.49794489890337,82.00244292929769,30.498366571962833,49.99957776069641,1.5816935859620571,18219.57861328125,0.0,24.0,0.0,3.0,0.050000000000000044,1.5631571132689714,1.5631571132689714,0.0
double_dqn,800,508,89.84162529706956,82.30103405654431,31.135521233081818,58.70610419809818,1.571716601960361,18023.51350402832,0.0,27.0,0.0,2.0,0.050000000000000044,1.777463138103485,1.777463138103485,0.0
double_dqn,800,509,84.96073938161135,82.58393661685288,32.3579373434186,52.60280182957649,1.5689437501132488,18193.00844192505,0.0,24.0,0.0,0.0,0.050000000000000044,2.105058651417494,2.105058651417494,0.0
double_dqn,800,510,90.61758576333523,82.21423264145851,32.08775667846203,58.52982920408249,1.6090201530605555,18673.893871307373,0.0,28.0,0.0,1.0,0.050000000000000044,1.5023840013891459,1.5023840013891459,0.0
double_dqn,800,511,77.8969934374094,81.63610852889718,27.60152131319046,50.295471706986426,1.469108209013939,15624.266906738281,0.0,24.0,0.0,1.0,0.050000000000000044,1.782288994640112,1.782288994640112,0.0
double_dqn,800,512,86.52518936991692,81.8729757346958,30.279995396733284,56.24519416689873,1.5954171679913998,18171.495849609375,0.0,26.0,0.0,0.0,0.050000000000000044,1.7094091605395079,1.7094091605395079,0.0
double_dqn,800,513,87.13510505259038,82.85639014661314,28.555659793317318,58.57944578826427,1.460294920951128,16090.48044204712,0.0,27.0,0.0,1.0,0.050000000000000044,1.823835862800479,1.823835862800479,0.0
double_dqn,800,514,68.11830826848745,82.12363471351566,26.64266250282526,41.47564618289471,1.3998978547751904,14528.767807006836,0.0,21.0,0.0,0.0,0.050000000000000044,1.5038292184472084,1.5038292184472084,0.0
double_dqn,800,515,83.6642581537366,81.44432105347515,28.68884440511465,54.97541328668594,1.521597908809781,17006.814670562744,0.0,26.0,0.0,3.0,0.050000000000000044,1.6884610056877136,1.6884610056877136,0.0
double_dqn,800,516,85.83327820897102,81.67091737680138,28.78267379105091,57.05060440301895,1.4907168224453926,16386.473377227783,0.0,25.0,0.0,1.0,0.050000000000000044,1.4218966290354729,1.4218966290354729,0.0
double_dqn,800,517,88.99423739314079,82.49700259886683,29.343055948615074,59.65118162333965,1.5593471368774772,17764.277759552002,0.0,26.0,0.0,1.0,0.050000000000000044,1.851429020985961,1.851429020985961,0.0
double_dqn,800,518,83.44854852557182,82.76239586792887,29.459360226988792,53.98918814957142,1.5096823489293456,17108.92636871338,0.0,25.0,0.0,0.0,0.050000000000000044,1.5320421028882265,1.5320421028882265,0.0
double_dqn,800,519,75.76525011062623,82.77777697645129,29.140380188822746,46.62487010061741,1.4600771553814411,16674.002285003662,0.0,23.0,0.0,1.0,0.050000000000000044,1.6371675916016102,1.6371675916016102,0.0
double_dqn,800,520,85.61365857720375,82.69965732932091,28.85494066774845,56.75871789455414,1.5272175818681717,16553.473602294922,0.0,26.0,0.0,0.0,0.050000000000000044,1.8564998470246792,1.8564998470246792,0.0
double_dqn,800,521,86.07246946692467,82.98771682664753,31.05014757066965,55.02232199311256,1.5221505807712674,17820.904808044434,0.0,24.0,0.0,1.0,0.050000000000000044,1.7108050435781479,1.7108050435781479,0.0
double_dqn,800,522,76.32741753757,82.3993863387406,28.352330699563026,47.975087106227875,1.491573971696198,16502.36784362793,0.0,22.0,0.0,2.0,0.050000000000000044,1.7437958735972643,1.7437958735972643,0.0
double_dqn,800,523,99.24491934478283,83.62748966500165,33.1006395816803,66.14427986741066,1.6496612885966897,19565.25040435791,0.0,28.0,0.0,0.0,0.050000000000000044,1.9409000761806965,1.9409000761806965,0.0
double_dqn,800,524,80.79155555665493,83.22435650065542,28.357670478522778,52.43388492166996,1.4691458866000175,16096.990699768066,0.0,24.0,0.0,6.0,0.050000000000000044,2.2312968876212835,2.2312968876212835,0.0
double_dqn,800,525,85.40873313099146,84.09861505545676,30.211993120610714,55.19673971235752,1.505574275739491,17123.338176727295,0.0,25.0,0.0,1.0,0.050000000000000044,2.0503632556647062,2.0503632556647062,0.0
double_dqn,800,526,74.42501050233841,83.55914139889181,28.576398357748985,45.84861236810684,1.4976913509890437,16330.806190490723,0.0,22.0,0.0,1.0,0.050000000000000044,1.8281732145696878,1.8281732145696878,0.0
double_dqn,800,527,78.43981539607049,83.45623492375017,28.41531103104353,50.024504417181014,1.4691501846536994,16183.85509109497,0.0,22.0,0.0,2.0,0.050000000000000044,1.7729194890707731,1.7729194890707731,0.0
double_dqn,800,528,80.17724359184504,82.97301583848895,29.986385516822338,50.19085797071457,1.4923524130135775,16582.87420654297,0.0,24.0,0.0,1.0,0.050000000000000044,1.5092760808765888,1.5092760808765888,0.0
double_dqn,800,529,81.6277454957366,82.80636614419521,27.2770112529397,54.35073412358761,1.4517813986167312,15576.535831451416,0.0,24.0,0.0,2.0,0.050000000000000044,2.116249032318592,2.116249032318592,0.0
double_dqn,800,530,73.57221086472273,81.9540973992646,27.734058491885662,45.83815226852894,1.498331656679511,16137.895835876465,0.0,23.0,0.0,1.0,0.050000000000000044,1.5317424777895212,1.5317424777895212,0.0
double_dqn,800,531,80.65729674100876,82.09211256444456,27.442224346101284,53.21507274508476,1.4846228947862983,16359.883308410645,0.0,23.0,0.0,4.0,0.050000000000000044,1.6215905230492353,1.6215905230492353,0.0
double_dqn,800,532,67.28841261565685,81.13027372673155,24.304773472249508,42.983638912439346,1.405105596408248,14211.790544509888,0.0,22.0,0.0,0.0,0.050000000000000044,1.5708954818546772,1.5708954818546772,0.0
double_dqn,800,533,84.42285141348839,80.99466104477645,30.795071706175804,53.627779722213745,1.5494912331923842,17709.511238098145,0.0,26.0,0.0,1.0,0.050000000000000044,1.5436198860406876,1.5436198860406876,0.0
double_dqn,800,534,96.70140251815319,82.42381575725973,34.77089475095272,61.93050752878189,1.610924986191094,19464.58012008667,0.0,28.0,0.0,3.0,0.050000000000000044,1.896009972319007,1.896009972319007,0.0
double_dqn,800,535,75.43414938598872,82.01231031887234,27.455035373568535,47.97911379635334,1.434844121336937,15715.61574935913,0.0,23.0,0.0,1.0,0.050000000000000044,2.0223970636725426,2.0223970636725426,0.0
double_dqn,800,536,88.6488568276167,82.15308924980462,30.29929032176733,58.34956642389297,1.5371383130550385,17179.565635681152,0.0,27.0,0.0,3.0,0.050000000000000044,1.823404397815466,1.823404397815466,0.0
double_dqn,800,537,72.14458688348532,81.31060672432184,27.115970723330975,45.0286161005497,1.4325850186869502,15913.113361358643,0.0,21.0,0.0,0.0,0.050000000000000044,1.7073639258742332,1.7073639258742332,0.0
double_dqn,800,538,97.44933674633504,82.01064613536002,34.14301858097315,63.30631803870201,1.6032595997676253,18699.450897216797,0.0,28.0,0.0,1.0,0.050000000000000044,1.4049114473164082,1.4049114473164082,0.0
double_dqn,800,539,73.84644849002362,81.9147060543299,28.6175567060709,45.228892186284064,1.4802548801526427,16129.593238830566,0.0,22.0,0.0,1.0,0.050000000000000044,1.6381597965955734,1.6381597965955734,0.0
double_dqn,800,540,95.06859662532807,82.38745295673611,32.90710686147213,62.16148983836174,1.6010911986231804,19008.64125442505,0.0,27.0,0.0,3.0,0.050000000000000044,1.7649862468242645,1.7649862468242645,0.0
double_dqn,800,541,75.58963716924191,81.86331134185198,27.351023361086845,48.23861355483532,1.4601155323907733,15659.97476196289,0.0,23.0,0.0,2.0,0.050000000000000044,1.7522865496575832,1.7522865496575832,0.0
double_dqn,800,542,80.91012108325958,82.09244651913646,30.637084648013115,50.273036912083626,1.5446276078000665,17572.110054016113,0.0,24.0,0.0,0.0,0.050000000000000044,1.9550393633544445,1.9550393633544445,0.0
double_dqn,800,543,88.5623433828354,81.55831772103907,29.87106002867222,58.69128327965736,1.549413986504078,17562.3550491333,0.0,26.0,0.0,2.0,0.050000000000000044,1.6562883984297514,1.6562883984297514,0.0
double_dqn,800,544,78.08964236825705,81.42322206161919,27.341730654239655,50.747911512851715,1.4738635877147317,15761.30677986145,0.0,22.0,0.0,1.0,0.050000000000000044,1.6873527634888887,1.6873527634888887,0.0
double_dqn,800,545,80.02089234441519,81.15383002229036,28.093991711735725,51.92690072953701,1.4690250735729933,16089.468811035156,0.0,25.0,0.0,1.0,0.050000000000000044,1.8043343126773834,1.8043343126773834,0.0
double_dqn,800,546,76.9096239745617,81.27806069590153,29.607736974954605,47.30188692510128,1.4988182932138443,16905.15716934204,0.0,21.0,0.0,1.0,0.050000000000000044,2.102154292166233,2.102154292166233,0.0
double_dqn,800,547,84.23154735863208,81.56764729402961,30.42175382375717,53.809793177247045,1.5700481068342924,18178.993591308594,0.0,26.0,0.0,3.0,0.050000000000000044,1.6379858534783125,1.6379858534783125,0.0
double_dqn,800,548,74.01285659521818,81.25942794419826,27.560575537383556,46.4522810280323,1.499255740083754,16117.271297454834,0.0,22.0,0.0,3.0,0.050000000000000044,1.546900425106287,1.546900425106287,0.0
double_dqn,800,549,68.99484908878803,80.62778312385083,25.796089194715023,43.19876027405262,1.4124915907159448,14776.993780136108,0.0,21.0,0.0,2.0,0.050000000000000044,1.9617077484726906,1.9617077484726906,0.0
double_dqn,800,550,79.10471610724926,80.90440838597715,29.12279585003853,49.98192070424557,1.5028000557795167,16679.386463165283,0.0,23.0,0.0,0.0,0.050000000000000044,2.090940861031413,2.090940861031413,0.0
double_dqn,800,551,69.06403172165156,80.3247451350093,27.983024336397648,41.08100723624229,1.4524422092363238,15833.764610290527,0.0,19.0,0.0,1.0,0.050000000000000044,1.9033952876925468,1.9033952876925468,0.0
double_dqn,800,552,94.17523231506348,81.66908611997964,31.298590660095215,62.87664226591587,1.5613138396292925,17547.549961090088,0.0,28.0,0.0,1.0,0.050000000000000044,1.7599193416535854,1.7599193416535854,0.0
double_dqn,800,553,78.35657571256161,81.36577233493328,27.403509497642517,50.953066140413284,1.4779629334807396,16015.724830627441,0.0,24.0,0.0,2.0,0.050000000000000044,2.0090982001274824,2.0090982001274824,0.0
double_dqn,800,554,71.06106145083905,80.08375528156759,25.579977743327618,45.48108329772949,1.3876723563298583,14687.796363830566,0.0,21.0,0.0,1.0,0.050000000000000044,2.160121511667967,2.160121511667967,0.0
double_dqn,800,555,79.20923093855382,80.27250935919585,29.2683202624321,49.94091100394726,1.5137702096253633,17069.985359191895,0.0,22.0,0.0,3.0,0.050000000000000044,1.330560265108943,1.330560265108943,0.0
double_dqn,800,556,67.06146356463432,79.19313969604673,26.21657459437847,40.844889625906944,1.4393234699964523,15381.07795715332,0.0,22.0,0.0,1.0,0.050000000000000044,2.268422806635499,2.268422806635499,0.0
double_dqn,800,557,91.4446130618453,80.15814100496473,31.970470167696476,59.47414217889309,1.566617631353438,18456.412490844727,0.0,27.0,0.0,1.0,0.050000000000000044,1.7838465366512537,1.7838465366512537,0.0
double_dqn,800,558,100.01719058454037,80.28653369687498,32.788869738578796,67.2283211812377,1.5768406046554446,18577.559383392334,0.0,29.0,0.0,2.0,0.050000000000000044,2.0998127795755863,2.0998127795755863,0.0
double_dqn,800,559,64.0386787518859,79.7961452099681,24.69011450558901,39.34856409728527,1.3707352373749018,14231.395385742188,0.0,20.0,0.0,1.0,0.050000000000000044,1.920613206923008,1.920613206923008,0.0
double_dqn,800,560,74.99821026027203,78.7926258917153,26.06482683122158,48.93338296711445,1.416183229535818,15230.453311920166,0.0,24.0,0.0,1.0,0.050000000000000044,2.0705088656395674,2.0705088656395674,0.0
double_dqn,800,561,82.9552708953619,79.16090757802131,27.816780298948288,55.1384901791811,1.5004911255091429,16109.769157409668,0.0,25.0,0.0,3.0,0.050000000000000044,1.7705417964607477,1.7705417964607477,0.0
double_dqn,800,562,79.621964225173,79.09649973511698,28.20189169049263,51.42007280290127,1.4588366858661175,15767.896297454834,0.0,25.0,0.0,1.0,0.050000000000000044,1.9874174743890762,1.9874174743890762,0.0
double_dqn,800,563,90.62816307097674,79.19979071952405,30.799088306725025,59.829074719548224,1.5797514719888568,18048.505207061768,0.0,26.0,0.0,4.0,0.050000000000000044,1.8524554129689932,1.8524554129689932,0.0
double_dqn,800,564,77.97454138845205,79.1940356705338,29.26700223982334,48.70753899216652,1.5146294320002198,17025.600513458252,0.0,24.0,0.0,0.0,0.050000000000000044,1.591985559090972,1.591985559090972,0.0
double_dqn,800,565,83.59497311860324,79.37273970924319,30.20307295769453,53.391900488734244,1.5634106695652008,17678.566688537598,0.0,24.0,0.0,1.0,0.050000000000000044,1.4826363120228052,1.4826363120228052,0.0
double_dqn,800,566,90.83158368170261,80.06883769460025,31.989671900868416,58.8419121235609,1.5770342806354165,18036.61307144165,0.0,26.0,0.0,2.0,0.050000000000000044,1.8801664877682924,1.8801664877682924,0.0
double_dqn,800,567,99.27350568175316,80.8209356107563,31.777163222432137,67.49634259343148,1.597023063339293,18292.065937042236,0.0,29.0,0.0,3.0,0.050000000000000044,2.215257689356804,2.215257689356804,0.0
double_dqn,800,568,88.50855109095573,81.54572033554317,29.566739335656166,58.941811844706535,1.5922458050772548,17916.541576385498,0.0,27.0,0.0,0.0,0.050000000000000044,1.8478476889431477,1.8478476889431477,0.0
double_dqn,800,569,76.87879935652018,81.93991784892977,27.922346703708172,48.9564521163702,1.436396785080433,15248.208576202393,0.0,24.0,0.0,2.0,0.050000000000000044,1.7008236106485128,1.7008236106485128,0.0
double_dqn,800,570,83.7576911225915,82.17256659969689,29.430417649447918,54.32727366685867,1.511362018994987,17038.612098693848,0.0,24.0,0.0,2.0,0.050000000000000044,1.8853973541408777,1.8853973541408777,0.0
double_dqn,800,571,90.46142418682575,83.24243622295559,30.383286476135254,60.07813733816147,1.5665932223200798,17747.857704162598,0.0,27.0,0.0,1.0,0.050000000000000044,1.9502375908195972,1.9502375908195972,0.0
double_dqn,800,572,69.4600749462843,82.00667835451664,28.061087667942047,41.39898690581322,1.4840899035334587,15852.240238189697,0.0,22.0,0.0,0.0,0.050000000000000044,1.8744454365223646,1.8744454365223646,0.0
double_dqn,800,573,66.85343278348446,81.43152120806278,25.48512990772724,41.3683034569025,1.437050685286522,15073.608291625977,0.0,21.0,0.0,1.0,0.050000000000000044,1.8721712864935398,1.8721712864935398,0.0
double_dqn,800,574,94.470185983181,82.60197743467987,31.765613794326782,62.70457236766815,1.5550898974761367,17906.12338256836,0.0,29.0,0.0,2.0,0.050000000000000044,1.791387988254428,1.791387988254428,0.0
double_dqn,800,575,67.59293629527092,82.02116270251572,25.85840880870819,41.73452776968479,1.3997636642307043,14454.908824920654,0.0,21.0,0.0,2.0,0.050000000000000044,1.4215698055922985,1.4215698055922985,0.0
double_dqn,800,576,87.8048528969288,83.05833216913045,28.967293724417686,58.83755969405174,1.4958325484767556,16796.14877319336,0.0,29.0,0.0,1.0,0.050000000000000044,1.5246525779366493,1.5246525779366493,0.0
double_dqn,800,577,88.06554266065359,82.88937864907086,31.024332530796528,57.04120981693268,1.5649011442437768,17658.961463928223,0.0,25.0,0.0,0.0,0.050000000000000044,1.7166176792234182,1.7166176792234182,0.0
double_dqn,800,578,74.9396755039692,81.63550289504231,26.54637937247753,48.39329559504986,1.4341807253658772,15008.747131347656,0.0,22.0,0.0,1.0,0.050000000000000044,1.7195139322429895,1.7195139322429895,0.0
double_dqn,800,579,81.57019551247359,82.51207873307169,28.204421155154705,53.36577441692352,1.512274487875402,16505.19846725464,0.0,26.0,0.0,1.0,0.050000000000000044,1.740813359618187,1.740813359618187,0.0
double_dqn,800,580,91.02144488692284,83.31324046440423,28.78527043759823,62.236174911260605,1.5486218808218837,17209.29061126709,0.0,27.0,0.0,0.0,0.050000000000000044,1.598663816228509,1.598663816228509,0.0
double_dqn,800,581,78.49852097928525,83.0904029686004,29.161611065268517,49.336909824609755,1.4693217305466533,16716.373180389404,0.0,23.0,0.0,1.0,0.050000000000000044,1.6426167488098145,1.6426167488098145,0.0
double_dqn,800,582,66.34179475307465,82.42639449499549,25.52633899450302,40.81545510292053,1.4349147928878665,15026.107418060303,0.0,20.0,0.0,2.0,0.050000000000000044,1.9866757728159428,1.9866757728159428,0.0
double_dqn,800,583,92.64821619838476,82.52739715136588,34.04605305939913,58.60216288566589,1.6572991395369172,19665.939296722412,0.0,27.0,0.0,3.0,0.050000000000000044,1.6653736010193825,1.6653736010193825,0.0
double_dqn,800,584,82.73280237019063,82.76531020045282,29.590059354901314,53.14274271726608,1.5183208221569657,16940.06007385254,0.0,23.0,0.0,2.0,0.050000000000000044,1.7063394095748663,1.7063394095748663,0.0
double_dqn,800,585,76.7960933238268,82.42536621071399,27.536372423171997,49.259720557928084,1.4780882420018315,16096.307430267334,0.0,24.0,0.0,1.0,0.050000000000000044,1.6671074256300926,1.6671074256300926,0.0
double_dqn,800,586,70.93353536128998,81.43046379469337,26.756810009479523,44.17672570943832,1.4539336245507002,15851.85135269165,0.0,20.0,0.0,1.0,0.050000000000000044,1.7732805870473385,1.7732805870473385,0.0
double_dqn,800,587,90.16998984813691,80.97528800301255,30.326216354966164,59.84377300143242,1.5213889265432954,16905.563117980957,0.0,27.0,0.0,2.0,0.050000000000000044,2.0417784992605448,2.0417784992605448,0.0
double_dqn,800,588,87.00236232727767,80.89997856482864,31.92155499011278,55.08080684542656,1.5710024740546942,18553.397090911865,0.0,26.0,0.0,1.0,0.050000000000000044,1.4896461851894855,1.4896461851894855,0.0
double_dqn,800,589,84.22720970213413,81.26739908210934,28.198873564600945,56.02833580970764,1.5107912262901664,16422.503452301025,0.0,26.0,0.0,2.0,0.050000000000000044,1.595171820372343,1.595171820372343,0.0
double_dqn,800,590,77.4083186686039,80.94993045940996,27.911106914281845,49.49721136689186,1.4923669407144189,16455.802951812744,0.0,24.0,0.0,1.0,0.050000000000000044,1.7608928717672825,1.7608928717672825,0.0
double_dqn,800,591,108.72873871773481,81.86329618595542,34.26172298938036,74.4670158624649,1.6424491833895445,19479.65826034546,0.0,31.0,0.0,1.0,0.050000000000000044,1.9515666887164116,1.9515666887164116,0.0
double_dqn,800,592,81.89415981769562,82.48500042952598,28.82875397056341,53.065405362844466,1.4907072121277452,16372.980018615723,0.0,24.0,0.0,2.0,0.050000000000000044,1.8200299851596355,1.8200299851596355,0.0
double_dqn,800,593,69.74782394766808,82.62971998773517,26.806109324097633,42.9417146384716,1.4472779678180814,15231.952758789062,0.0,20.0,0.0,1.0,0.050000000000000044,1.8174610808491707,1.8174610808491707,0.0
double_dqn,800,594,69.31831912845374,81.3721266449988,26.27959943562746,43.03871993124485,1.44218223169446,15486.33623123169,0.0,21.0,0.0,3.0,0.050000000000000044,1.5679666474461555,1.5679666474461555,0.0
double_dqn,800,595,80.89141711741686,82.03705068610611,30.375572867691517,50.51584421992302,1.5052279587835073,17195.4900932312,0.0,23.0,0.0,1.0,0.050000000000000044,2.378152620047331,2.378152620047331,0.0
double_dqn,800,596,74.53587721288204,81.37360190190377,29.504593059420586,45.031283885240555,1.4502419596537948,16016.040603637695,0.0,21.0,0.0,0.0,0.050000000000000044,1.3416998647153378,1.3416998647153378,0.0
double_dqn,800,597,69.25737732797862,80.43319363527003,26.437976993620396,42.8194001853466,1.4429970681667328,15308.575435638428,0.0,22.0,0.0,3.0,0.050000000000000044,1.8407177329063416,1.8407177329063416,0.0
double_dqn,800,598,78.16173307597637,80.59429651387038,27.828240543603897,50.33349269628525,1.49126754142344,16219.138641357422,0.0,24.0,0.0,1.0,0.050000000000000044,1.8919590264558792,1.8919590264558792,0.0
double_dqn,800,599,69.6371039390564,79.99764193519951,27.65107387304306,41.98602999150753,1.4423106499016285,15894.130783081055,0.0,21.0,0.0,1.0,0.050000000000000044,1.5959191918373108,1.5959191918373108,0.0
