variant,model_seed,episode,cost,rolling_cost,immediate_cost,penalty,energy_use,latency_ms,thermal_violation,energy_violation,queue_violation,contact_violation,epsilon,loss,td_loss,auxiliary_loss
md_fullq_dqn,807,0,141.5614713352323,141.5614713352323,47.09886854887009,94.4626031290889,1.8704627184197307,26825.96270751953,0.0,34.0,15.0,1.0,0.9954761904761905,,,
md_fullq_dqn,807,1,128.9148674339056,135.23816938456895,45.71079793572426,83.20406927466392,1.7676079804077744,25512.526851654053,0.0,34.0,0.0,3.0,0.9909523809523809,2.126253843307495,1.6486141681671143,1.5921320915222168
md_fullq_dqn,807,2,127.8750349908834,132.78379125334044,43.69775006920099,84.17728466091208,1.781608147546649,25159.47531890869,0.0,34.0,10.0,2.0,0.9864285714285714,1.9018663838505745,1.4718729555606842,1.4333112984895706
md_fullq_dqn,807,3,139.32596560938785,134.4193348423523,44.62565968930721,94.700305860476,1.8407939970493317,25527.788654327393,0.0,35.0,16.0,1.0,0.981904761904762,1.8094411864876747,1.3990244716405869,1.3680556863546371
md_fullq_dqn,807,4,120.23423133362225,131.5823141406063,39.73631235957146,80.49791889954498,1.8533523436635733,24138.542449951172,0.0,32.0,5.0,3.0,0.9773809523809524,1.5953816771507263,1.2295839563012123,1.2193256989121437
md_fullq_dqn,807,5,109.09104825556278,127.83376982643237,38.23678030073643,70.8542672097683,1.6936836689710617,22451.556774139404,0.0,30.0,0.0,1.0,0.9728571428571429,1.2888900339603424,0.991559699177742,0.9911010898649693
md_fullq_dqn,807,6,168.1659686941321,133.59551252181805,43.35614378750324,124.80982490662882,1.905047650448978,25953.097610473633,0.0,37.0,32.0,2.0,0.9683333333333334,1.0904699005186558,0.8385870344936848,0.8396095186471939
md_fullq_dqn,807,7,167.09987188242008,137.78355744189327,40.86014226078987,126.2397300537639,1.8680084608495235,25394.56472015381,0.0,36.0,21.0,2.0,0.9638095238095238,1.1720797568559647,0.9003009721636772,0.9059292413294315
md_fullq_dqn,807,8,169.16476363920756,141.27035813048374,47.52078312635422,121.64398106419635,1.9198836646974087,27520.015926361084,0.0,36.0,27.0,0.0,0.9592857142857143,1.2794632986187935,0.9814584888517857,0.9933493062853813
md_fullq_dqn,807,9,125.21978286539024,139.6653006039744,41.55854173749685,83.6612405169458,1.7732515670359135,24277.1556930542,0.0,34.0,6.0,0.0,0.9547619047619048,1.0749522186815739,0.8254608623683453,0.8316378444433212
md_fullq_dqn,807,10,125.28242504698498,138.3577664624299,41.77881942689419,83.50360556048612,1.8172805132344365,24432.943546295166,0.0,34.0,11.0,2.0,0.9502380952380952,0.8895931541919708,0.6836786717176437,0.6863816007971764
md_fullq_dqn,807,11,128.965819054842,137.57510417846427,44.64158368110657,84.32423519492149,1.8368540666997433,25531.30227279663,0.0,35.0,1.0,2.0,0.9457142857142857,0.6879337057471275,0.5270523298531771,0.5362712424248457
md_fullq_dqn,807,12,124.16594065925912,136.54363006160233,41.156579837203026,83.00936047932937,1.8151698559522629,24708.876987457275,0.0,33.0,9.0,0.0,0.9411904761904761,0.48342524841427803,0.372005682438612,0.3713985439389944
md_fullq_dqn,807,13,153.97386641038676,137.78864694365836,44.189223408699036,109.78464297188539,1.8876752192154527,26703.57674407959,0.0,33.0,18.0,2.0,0.9366666666666666,0.37773872911930084,0.29048921912908554,0.2908316869288683
md_fullq_dqn,807,14,126.5452621787261,137.03908795932955,39.21218132972717,87.33308058077803,1.806681609712541,24264.55655670166,0.0,36.0,10.0,1.0,0.9321428571428572,0.33496593683958054,0.25739961862564087,0.2585543766617775
md_fullq_dqn,807,15,200.14870260405073,140.9834388746246,43.13907717168331,157.00962564098367,2.039771226234734,27429.14436340332,0.0,35.0,30.0,1.0,0.9276190476190476,0.777332553640008,0.5972623713314533,0.6002339143306017
md_fullq_dqn,807,16,173.91760246171205,142.92074261504152,43.94223830103874,129.97536433948721,1.930974692106247,26467.90668106079,0.0,33.0,26.0,4.0,0.9230952380952381,0.8827455453574657,0.6788328289985657,0.6797090042382479
md_fullq_dqn,807,17,149.82977026133685,143.30457748428014,40.103590458631516,109.72617990701343,1.835261938162148,24721.122077941895,0.0,31.0,18.0,0.0,0.9185714285714286,0.589254030957818,0.45268362760543823,0.45523466542363167
md_fullq_dqn,807,18,140.19647904381966,143.14099335583487,38.80706849694252,101.3894105170748,1.880261312238872,24804.08684539795,0.0,31.0,17.0,0.0,0.914047619047619,0.4695996157824993,0.3614555988460779,0.3604800458997488
md_fullq_dqn,807,19,153.8781448762456,143.6778509318554,46.252970933914185,107.62517373371519,1.9079478243365884,26921.311283111572,0.0,36.0,16.0,0.0,0.9095238095238095,0.3702289052307606,0.28500284254550934,0.2840868541970849
md_fullq_dqn,807,20,114.9938073605299,142.3494677331203,39.161791771650314,75.83201560378075,1.737238211557269,22698.404369354248,0.0,33.0,0.0,0.0,0.905,0.36725652031600475,0.2824815195053816,0.28258333541452885
md_fullq_dqn,807,21,111.94894394776576,141.5011715588133,37.70710305869579,74.24184036752932,1.770517854951322,22667.731204986572,0.0,31.0,3.0,0.0,0.9004761904761904,0.32743607647717,0.25292017962783575,0.2483863066881895
md_fullq_dqn,807,22,123.72642316669226,141.29374096760372,43.49273531883955,80.23368799686432,1.777916332706809,25106.16965484619,0.0,33.0,0.0,0.0,0.895952380952381,0.27794707007706165,0.21382933855056763,0.2137257605791092
md_fullq_dqn,807,23,161.98884428464837,142.42688490136672,39.79528245329857,122.19356174194287,1.8239876898005605,24600.72622680664,0.0,35.0,27.0,2.0,0.8914285714285715,0.9306300971657038,0.7177016222849488,0.7097615385428071
md_fullq_dqn,807,24,109.1941287877049,141.87487977407088,35.55575095117092,73.63837835807462,1.7451095888391137,21645.834743499756,0.0,30.0,5.0,2.0,0.8869047619047619,0.8178394883871078,0.6288455314934254,0.6299798339605331
md_fullq_dqn,807,25,104.74273372888565,141.657464047737,37.24887524545193,67.49385855793953,1.694681386463344,21225.08966064453,0.0,30.0,0.0,4.0,0.8823809523809524,0.5122168157249689,0.39308286271989346,0.3971131555736065
md_fullq_dqn,807,26,131.64869901792673,139.83160056392674,42.04275408387184,89.605945038363,1.8345547122880816,24946.77147293091,0.0,34.0,12.0,1.0,0.8778571428571429,0.4563180226832628,0.3513195887207985,0.34999475348740816
md_fullq_dqn,807,27,119.97357576318018,137.47528575796474,36.4067167788744,83.56685859687559,1.7411523722112179,21694.189907073975,0.0,36.0,6.0,1.0,0.8733333333333333,0.39941410440951586,0.3065947266295552,0.3093979163095355
md_fullq_dqn,807,28,129.33900267837635,135.48399770992322,44.847543597221375,84.49145906625382,1.83162313234061,26404.684003829956,0.0,33.0,6.0,0.0,0.8688095238095238,0.34611852187663317,0.2652528816834092,0.26955212000757456
md_fullq_dqn,807,29,109.24490050971508,134.68525359213945,37.939663887023926,71.30523693561554,1.807848178781569,23559.950302124023,0.0,29.0,0.0,2.0,0.8642857142857143,0.39179021306335926,0.30149624962359667,0.3009798573330045
md_fullq_dqn,807,30,143.57433096170914,135.59984888787568,44.72438994050026,98.8499410510112,1.902324072085321,26860.044067382812,0.0,33.0,10.0,1.0,0.8597619047619047,0.3622599570080638,0.2788546597585082,0.27801765128970146
md_fullq_dqn,807,31,133.1729243066673,135.81020415046694,43.05504468083382,90.11787995365904,1.8336417358368635,25747.778228759766,0.0,34.0,10.0,0.0,0.8552380952380952,1.046100802719593,0.8044742681086063,0.8054217640310526
md_fullq_dqn,807,32,107.81748444736004,134.99278133987198,39.03161680698395,68.78586769998074,1.7671587970107794,23411.505653381348,0.0,30.0,0.0,2.0,0.8507142857142858,0.6830719970166683,0.5255714692175388,0.5250017195940018
md_fullq_dqn,807,33,108.72349818050861,132.73026292837807,39.17036880552769,69.55312971770763,1.7535052681341767,22722.8973236084,0.0,30.0,0.0,1.0,0.8461904761904762,0.578286973759532,0.4440294485539198,0.44752505980432034
md_fullq_dqn,807,34,106.7001632988453,131.73800798438407,38.551943361759186,68.14821990728379,1.7491266066208482,23084.263664245605,0.0,30.0,0.0,1.0,0.8416666666666667,0.5956650916486979,0.4573728907853365,0.46097398176789284
md_fullq_dqn,807,35,114.77874660491943,127.46951018442746,40.68698966503143,74.09175735712051,1.7307047061622143,23156.123584747314,0.0,32.0,0.0,0.0,0.8371428571428572,0.5169912315905094,0.39744125213474035,0.39849992375820875
md_fullq_dqn,807,36,109.78758516907692,124.26300931979571,41.65031827241182,68.13726648688316,1.7882176749408245,23924.08193206787,0.0,30.0,0.0,1.0,0.8326190476190476,0.49326710030436516,0.37919975724071264,0.38022445142269135
md_fullq_dqn,807,37,113.82643373310566,122.46284249338414,38.833388954401016,74.9930449128151,1.7031339565292,21956.31632232666,0.0,32.0,0.0,1.0,0.8280952380952381,0.4433839740231633,0.3414774239063263,0.33968848176300526
md_fullq_dqn,807,38,100.51976229995489,120.4790066561909,36.94948846846819,63.57027351856232,1.6232833750545979,21134.153114318848,0.0,28.0,0.0,0.0,0.8235714285714286,0.42561010271310806,0.3267534598708153,0.3295221542939544
md_fullq_dqn,807,39,122.6897666156292,118.91958774316008,41.76625433564186,80.92351289093494,1.8327886536717415,24544.08721923828,0.0,33.0,0.0,0.0,0.819047619047619,1.1865047290921211,0.9120646677911282,0.914800152182579
md_fullq_dqn,807,40,90.6243819013238,117.70111647019978,33.68724561482668,56.93713649511337,1.598819175735116,19438.152534484863,0.0,25.0,0.0,1.0,0.8145238095238095,0.6735181957483292,0.5168209485709667,0.5223241075873375
md_fullq_dqn,807,41,113.07316814363003,117.757327679993,39.26451872289181,73.80864977836609,1.7614489858970046,22996.97548675537,0.0,31.0,0.0,0.0,0.81,0.666271161288023,0.5111798960715532,0.5169708672910929
md_fullq_dqn,807,42,158.8913410025616,119.51557357178646,40.08745789527893,118.80388298807343,1.8664489528164268,24284.996124267578,0.0,34.0,24.0,1.0,0.8054761904761905,0.5814745146781206,0.4457133859395981,0.45253708958625793
md_fullq_dqn,807,43,119.80343813598157,117.40630326435314,43.154827788472176,76.6486106902361,1.7415746385231614,23937.13339996338,0.0,34.0,0.0,1.0,0.800952380952381,0.6140607446432114,0.4715602081269026,0.47500178031623363
md_fullq_dqn,807,44,111.68248906731606,117.53072127833369,38.40350288152695,73.27898660302162,1.7535228114575148,22538.22110748291,0.0,33.0,0.0,0.0,0.7964285714285715,0.5857010614126921,0.4479408161714673,0.45920081064105034
md_fullq_dqn,807,45,116.03625294566154,118.09539723917246,40.29449152946472,75.74176141619682,1.7382600028067827,22999.964361190796,0.0,33.0,0.0,0.0,0.7919047619047619,0.5719092488288879,0.4389747064560652,0.4431150956079364
md_fullq_dqn,807,46,115.8817932009697,117.30705194832463,40.869957730174065,75.01183539628983,1.7000193540006876,22502.568851470947,0.0,31.0,0.0,0.0,0.7873809523809524,0.6719045005738735,0.5168711030855775,0.5167779708281159
md_fullq_dqn,807,47,117.56868149489165,117.18680723491018,41.6727984175086,75.89588266015053,1.8180744107812643,24181.22219467163,0.0,33.0,0.0,1.0,0.7828571428571429,0.9216443039476871,0.7082630302757025,0.711270909756422
md_fullq_dqn,807,48,108.43893818557262,116.14180401027002,38.64844995737076,69.79048839211464,1.7235920308157802,22564.870365142822,0.0,29.0,0.0,3.0,0.7783333333333333,0.6694485209882259,0.5140673108398914,0.5179373789578676
md_fullq_dqn,807,49,112.8589242041111,116.3225051949898,38.68415006250143,74.17477429807187,1.6881099650636315,21635.73600769043,0.0,33.0,0.0,2.0,0.7738095238095238,0.6022900082170963,0.46198197826743126,0.4676934201270342
md_fullq_dqn,807,50,104.70560885965824,114.37906908988728,35.56134121119976,69.14426670968533,1.6991910841315985,21163.818088531494,0.0,30.0,0.0,0.0,0.7692857142857144,0.5924298334866762,0.45510606840252876,0.4577458668500185
md_fullq_dqn,807,51,136.63910019397736,114.55237788425276,47.579122856259346,89.05997709929943,1.9109961679205298,27041.676136016846,0.0,37.0,0.0,0.0,0.7647619047619048,0.6157541777938604,0.47205423563718796,0.4789997925981879
md_fullq_dqn,807,52,115.43632442787286,114.93331988327841,38.04901850223541,77.38730656638737,1.8284902116283774,23192.665019989014,0.0,31.0,13.0,1.0,0.7602380952380953,0.5985233578830957,0.45952477771788836,0.46332860086113214
md_fullq_dqn,807,53,121.74555510282516,115.58442272939423,41.06614065170288,80.67941477894783,1.771273429505527,23791.39594268799,0.0,35.0,0.0,0.0,0.7557142857142858,0.5596168972551823,0.4298158586025238,0.4326701033860445
md_fullq_dqn,807,54,105.10420233905316,115.50462468140464,36.830366015434265,68.27383708357812,1.652940790168941,20874.365234375,0.0,29.0,0.0,1.0,0.7511904761904762,0.8932665605098009,0.6869431883096695,0.6877446006983519
md_fullq_dqn,807,55,112.09566862881184,115.37047078259926,36.71839390695095,75.3772746026516,1.6909258598461747,21078.030406951904,0.0,32.0,0.0,1.0,0.7466666666666667,0.9474216811358929,0.7279068697243929,0.7317159790545702
md_fullq_dqn,807,56,107.19390647113323,115.24078684770207,39.508989691734314,67.68491697311401,1.7374561978504062,22981.9190864563,0.0,30.0,0.0,1.0,0.7421428571428572,0.8346380367875099,0.6404787097126245,0.6471977364271879
md_fullq_dqn,807,57,117.53491851091385,115.42621108659247,42.11197464168072,75.42294433116913,1.7298953542485833,23362.340660095215,0.0,33.0,0.0,1.0,0.7376190476190476,0.795162757858634,0.6122569367289543,0.6096860487014055
md_fullq_dqn,807,58,114.43249313533306,116.1218476283614,40.127722173929214,74.30477121472359,1.7097852863371372,22851.8042678833,0.0,31.0,0.0,0.0,0.7330952380952381,0.8055955767631531,0.6172649161890149,0.6277688546106219
md_fullq_dqn,807,59,138.43804872771526,116.90926173396569,43.61823672056198,94.8198120667579,1.8858800511807203,25497.98012161255,0.0,36.0,13.0,1.0,0.7285714285714286,0.5866085719317198,0.45051077380776405,0.4536593062803149
md_fullq_dqn,807,60,116.06199472546578,118.1811423751728,39.79733797907829,76.26465644836426,1.7460085228085518,22781.47996902466,0.0,32.0,0.0,1.0,0.724047619047619,0.6586992777884007,0.5058898665010929,0.5093647018074989
md_fullq_dqn,807,61,104.29680759757757,117.74232434787018,38.43751511722803,65.85929228663444,1.703688269481063,22260.50249862671,0.0,28.0,0.0,2.0,0.7195238095238095,0.6612473856657743,0.5071418918669224,0.5136849768459797
md_fullq_dqn,807,62,130.04875426808385,116.3001950111463,38.969920828938484,91.07883317092447,1.8312530117109418,23210.693523406982,0.0,36.0,11.0,1.0,0.7150000000000001,0.9925250075757504,0.7616756623610854,0.7694978350773454
md_fullq_dqn,807,63,114.81387404501439,116.05071680659793,40.8986277282238,73.91524625718594,1.7529085548594594,23033.152179718018,0.0,32.0,0.0,1.0,0.7104761904761905,0.9588054306805134,0.737069496884942,0.7391197308897972
md_fullq_dqn,807,64,115.72380765676499,116.25278273607037,40.851569786667824,74.87223711013795,1.7412359854206443,23451.42407989502,0.0,32.0,0.0,1.0,0.7059523809523809,0.7796713970601559,0.5991946663707495,0.6015890706330538
md_fullq_dqn,807,65,113.7526669740677,116.13860343749067,39.55360643565655,74.19906016588212,1.8209272529929876,23897.655937194824,0.0,32.0,0.0,2.0,0.7014285714285715,0.784588847309351,0.6001672428101301,0.6147386711090803
md_fullq_dqn,807,66,122.47863924503326,116.46844573969386,43.213103011250496,79.26553606987,1.8267463697120547,24817.450817108154,0.0,32.0,0.0,0.0,0.6969047619047619,0.9495240598917007,0.7292611505836248,0.7342096641659737
md_fullq_dqn,807,67,103.42423488199711,115.76122340904912,36.001323238015175,67.42291152477264,1.6721788784489036,21013.814044952393,0.0,29.0,0.0,0.0,0.6923809523809523,0.8426707237958908,0.6466009505093098,0.6535658780485392
md_fullq_dqn,807,68,107.77572283893824,115.7280626417174,38.68374990671873,69.09197302162647,1.6872568475082517,21808.41011238098,0.0,29.0,0.0,0.0,0.687857142857143,0.8162893485277891,0.6256791986525059,0.6353671383112669
md_fullq_dqn,807,69,131.06530726224582,116.63838179462414,42.68187800049782,88.38342960447473,1.842060612514615,24834.85040283203,0.0,37.0,9.0,0.0,0.6833333333333333,0.7910745590925217,0.6063831746578217,0.6156379599124193
md_fullq_dqn,807,70,101.60834195613862,116.48351844944816,35.84138214588165,65.76696004867554,1.6257798988372087,20409.774536132812,0.0,31.0,0.0,1.0,0.6788095238095238,1.3219218365848064,1.0157943218946457,1.020424995571375
md_fullq_dqn,807,71,116.43882998228074,115.47350493886333,40.479854732751846,75.95897527933121,1.8198564946651459,23747.712524414062,0.0,33.0,0.0,2.0,0.6742857142857144,0.9212228860706091,0.7076772414147854,0.7118187490850687
md_fullq_dqn,807,72,100.20332197993994,114.71185481646668,36.729645647108555,63.47367679476738,1.5972734242677689,20569.222457885742,0.0,27.0,0.0,2.0,0.6697619047619048,0.7815224584192038,0.599861778318882,0.6055355928838253
md_fullq_dqn,807,73,111.06901121139526,114.1780276218952,39.63652937114239,71.43248182535172,1.682872485369444,22016.07920074463,0.0,31.0,0.0,2.0,0.6652380952380952,0.8196662738919258,0.6287446413189173,0.6364054381847382
md_fullq_dqn,807,74,108.56206409931183,114.35092070990814,37.274895176291466,71.2871686398983,1.715652191080153,21448.86980819702,0.0,32.0,0.0,2.0,0.6607142857142857,0.7358241491019726,0.561902604997158,0.5797384288161993
md_fullq_dqn,807,75,109.71088537871837,114.23168154740347,36.11064060032368,73.60024400353431,1.7058026306331158,21293.861782073975,0.0,30.0,0.0,2.0,0.6561904761904762,0.918949706479907,0.7046254575252533,0.7144141606986523
md_fullq_dqn,807,76,131.34150243160508,115.43906134542706,41.31698548793793,90.02451730129502,1.886924723163247,25014.51944732666,0.0,36.0,10.0,1.0,0.6516666666666667,0.7914897100999951,0.6060131471604109,0.6182551505044103
md_fullq_dqn,807,77,110.1452086955309,115.06957585465788,36.93081599473953,73.21439208984376,1.688429736532271,21264.15880203247,0.0,33.0,0.0,1.0,0.6471428571428571,0.6909335814416409,0.5287088630720973,0.540749036706984
md_fullq_dqn,807,78,112.06231313943863,114.95106685486319,37.43418973684311,74.62812326848507,1.6661857143044472,21103.370376586914,0.0,32.0,0.0,0.0,0.6426190476190476,1.1856329273432493,0.9127223063260317,0.9097020216286182
md_fullq_dqn,807,79,104.99474273920059,113.27890155543744,35.40298895537853,69.59175361990928,1.61185834556818,19961.259979248047,0.0,30.0,0.0,2.0,0.6380952380952382,0.8264978043735027,0.6313400994986296,0.6505256574600935
md_fullq_dqn,807,80,94.94932170212269,112.2232679042703,35.75394506752491,59.19537673890591,1.6200394676998258,20271.441131591797,0.0,27.0,0.0,0.0,0.6335714285714286,0.974394891411066,0.7481270041316748,0.7542262580245733
md_fullq_dqn,807,81,103.74337112307549,112.19559608054517,39.865904808044434,63.87746656835079,1.7102539772167802,22751.677322387695,0.0,27.0,0.0,1.0,0.6290476190476191,0.784413892775774,0.5997025799006224,0.6157043594866991
md_fullq_dqn,807,82,113.68841595947742,111.37757916511484,40.12496389448643,73.56345239281654,1.752629142254591,22551.01845932007,0.0,31.0,0.0,0.0,0.6245238095238095,0.9179688021540642,0.7053541131317616,0.7087156251072884
md_fullq_dqn,807,83,95.32884462922812,110.40332769432555,34.88296649605036,60.44587807357311,1.6046251598745584,19770.683834075928,0.0,27.0,0.0,0.0,0.62,0.9791800379753113,0.753011628985405,0.7538946885615587
md_fullq_dqn,807,84,110.12076766192914,110.12317569458375,36.0413009300828,74.07946720123292,1.666260582394898,20770.26096343994,0.0,32.0,0.0,1.0,0.6154761904761905,0.9195610471069813,0.7049069032073021,0.7155137695372105
md_fullq_dqn,807,85,104.21193263828755,109.64613897779475,35.654116570949554,68.55781570971013,1.657659674063325,20596.14877319336,0.0,32.0,0.0,2.0,0.6109523809523809,1.049740208312869,0.8042089957743883,0.8184373117983341
md_fullq_dqn,807,86,106.8111027121544,108.8627621511508,36.10698488354683,70.70411806702614,1.6566459946334362,20829.611797332764,0.0,31.0,0.0,1.0,0.6064285714285714,1.08236700668931,0.8323911428451538,0.8332528471946716
md_fullq_dqn,807,87,124.99696464836597,109.94139863946926,39.4006237834692,85.59634113311768,1.75694927200675,22734.16618347168,0.0,35.0,0.0,0.0,0.6019047619047619,0.9369471799582243,0.7177279926836491,0.7307305671274662
md_fullq_dqn,807,88,98.10537162423134,109.4578810787339,37.00059987604618,61.10477228462696,1.6575147425755858,21358.604133605957,0.0,28.0,0.0,0.0,0.5973809523809523,1.11963265016675,0.8601939361542463,0.8647956941276789
md_fullq_dqn,807,89,96.42468334138394,107.72584988269082,35.308759689331055,61.11592429280281,1.60756666213274,20296.330055236816,0.0,28.0,0.0,1.0,0.592857142857143,0.9701636619865894,0.7428543660789728,0.7576976120471954
md_fullq_dqn,807,90,114.49601939320564,108.37023375454416,36.220147378742695,78.27587208151817,1.736956468783319,21269.0053024292,0.0,34.0,0.0,0.0,0.5883333333333334,0.8799302447587252,0.6745081432163715,0.6847402937710285
md_fullq_dqn,807,91,119.88723204433919,108.54265385764708,39.34978114068508,80.53745124638081,1.7871997179463506,22859.189109802246,0.0,34.0,0.0,1.0,0.5838095238095238,0.9547285828739405,0.7319937497377396,0.7424494232982397
md_fullq_dqn,807,92,114.36523054540157,109.25074928592016,38.476694360375404,75.88853630423546,1.7020049737766385,21687.9510345459,0.0,33.0,0.0,0.0,0.5792857142857144,0.989867651835084,0.7564853187650442,0.7779411133378744
md_fullq_dqn,807,93,106.4293164908886,109.01876454989483,37.184470638632774,69.2448463588953,1.6897585587576032,21001.91730117798,0.0,30.0,0.0,0.0,0.5747619047619048,1.2049504444003105,0.9232775885611773,0.938909450545907
md_fullq_dqn,807,94,110.96027928739787,109.13867530929913,38.76475761830807,72.19552177339793,1.6939747342839837,21841.56460571289,0.0,30.0,0.0,2.0,0.5702380952380952,1.0642983876168728,0.8170696627348661,0.8240957073867321
md_fullq_dqn,807,95,109.26887549459934,109.11657481509317,38.899000734090805,70.36987438797951,1.7583537008613348,23099.654262542725,0.0,29.0,0.0,0.0,0.5657142857142857,0.9782381076365709,0.7483646273612976,0.7662448864430189
md_fullq_dqn,807,96,103.32057232856751,107.71552830994128,34.080757051706314,69.23981614112854,1.5909038968384266,19364.259815216064,0.0,31.0,0.0,4.0,0.5611904761904762,0.8702428247779608,0.6655178759247065,0.6824164614081383
md_fullq_dqn,807,97,130.16923688352108,108.7167297193408,40.78584098815918,89.38339537382126,1.81851707957685,23633.199333190918,0.0,37.0,0.0,0.0,0.5566666666666666,1.062197718769312,0.8123442567884922,0.8328448683023453
md_fullq_dqn,807,98,94.23088888823986,107.82515850678087,33.46503755450249,60.76585125923157,1.5913506774231791,19089.6835231781,0.0,28.0,0.0,2.0,0.5521428571428572,0.9932401701807976,0.7623040489852428,0.7697870247066021
md_fullq_dqn,807,99,90.29095266759396,107.08996900320054,33.62695460021496,56.66399824619293,1.534439992159605,18475.8025970459,0.0,26.0,0.0,0.0,0.5476190476190477,1.0547485295683146,0.80565663613379,0.830306289717555
md_fullq_dqn,807,100,124.23325989544392,108.5541659128666,42.11549324542284,82.11776676177979,1.7589505473151803,23506.910484313965,0.0,35.0,0.0,1.0,0.5430952380952381,0.9349533934146166,0.7137185111641884,0.7374495677649975
md_fullq_dqn,807,101,122.00145818293095,109.46707026585936,38.399460807442665,83.60199773311615,1.8128794115036726,22634.931602478027,0.0,36.0,0.0,0.0,0.5385714285714286,1.198706742376089,0.9172782953828573,0.9380947891622782
md_fullq_dqn,807,102,119.32588452100754,109.74894369393587,40.68874114751816,78.63714422285557,1.7612857539206743,23354.073097229004,0.0,33.0,0.0,0.0,0.5340476190476191,1.1881009750068188,0.912988942116499,0.9170401133596897
md_fullq_dqn,807,103,125.37644934654236,111.25132392980159,40.02853198349476,85.34791764616966,1.7782273404300213,22500.72320175171,0.0,35.0,0.0,2.0,0.5295238095238095,1.1517426557838917,0.8804027512669563,0.9044663235545158
md_fullq_dqn,807,104,101.45611185878515,110.81809113964441,35.343026116490364,66.11308533996343,1.6253240955993533,20045.717864990234,0.0,29.0,0.0,2.0,0.525,1.1676637660712004,0.8905642721801996,0.9236649759113789
md_fullq_dqn,807,105,94.32000178098679,110.32349459677934,31.639644794166088,62.68035738170147,1.5871889228001237,18194.142124176025,0.0,28.0,0.0,0.0,0.5204761904761905,1.0682731103152037,0.8176183700561523,0.8355157840996981
md_fullq_dqn,807,106,104.07290658652782,110.18658479049802,35.95003471523523,68.12287165522575,1.7160970699042082,20707.988931655884,0.0,29.0,0.0,2.0,0.5159523809523809,1.010396895930171,0.7756412979215384,0.78251863270998
md_fullq_dqn,807,107,108.22977702468634,109.34822540931404,37.41839478164911,70.8113829433918,1.6853697840124369,21038.33257293701,0.0,31.0,0.0,2.0,0.5114285714285716,1.1052234284579754,0.8468538504093885,0.8612318783998489
md_fullq_dqn,807,108,120.00423972308636,110.44316881425678,40.049910828471184,79.95432868599892,1.7587096318602562,22769.86194419861,0.0,34.0,0.0,0.0,0.506904761904762,1.061045227572322,0.8110131099820137,0.8334403485059738
md_fullq_dqn,807,109,93.73412704020738,110.30864099919795,35.041823737323284,58.692302751541135,1.6060046972706914,19911.70435142517,0.0,26.0,0.0,2.0,0.5023809523809524,1.381086852401495,1.0596463903784752,1.0714681521058083
md_fullq_dqn,807,110,102.33335422873498,109.70050774097444,32.62637412548065,69.70698052048684,1.6422064593061805,19190.133178710938,0.0,29.0,0.0,1.0,0.4978571428571429,1.3323157150298357,1.0184270944446325,1.0462954118847847
md_fullq_dqn,807,111,110.21695020198823,109.21699364885687,37.94827742874622,72.26867249011994,1.753302057273686,22051.989082336426,0.0,32.0,0.0,1.0,0.4933333333333334,1.053542599081993,0.8021345417946577,0.8380268141627312
md_fullq_dqn,807,112,107.6975460499525,108.88360942408443,35.72220481932163,71.97534121572971,1.678815540857613,20513.86075592041,0.0,30.0,0.0,0.0,0.4888095238095238,1.1130437180399895,0.8549477029591799,0.8603199888020754
md_fullq_dqn,807,113,104.80605162680149,108.80244618088008,37.240801617503166,67.56524945795536,1.7280583195388317,21562.88367843628,0.0,29.0,0.0,1.0,0.4842857142857143,1.2932211011648178,0.9899978917092085,1.010744022205472
md_fullq_dqn,807,114,127.88376858234406,109.64862064562737,40.84401033818722,87.03975843787194,1.8621619613841176,23792.254539489746,0.0,34.0,0.0,2.0,0.4797619047619047,1.1447530686855316,0.8753188066184521,0.8981142453849316
md_fullq_dqn,807,115,118.31211989521981,110.1007828656584,37.613328874111176,80.69879090189934,1.70469028968364,21234.635791778564,0.0,34.0,0.0,1.0,0.47523809523809524,1.034657733514905,0.7901128679513931,0.8151495456695557
md_fullq_dqn,807,116,109.02099848538637,110.38580417349935,40.02229767292738,68.99870166182518,1.7413177778944373,22557.256072998047,0.0,29.0,0.0,2.0,0.47071428571428575,1.2230955194681883,0.9368108827620745,0.9542820863425732
md_fullq_dqn,807,117,106.93717020154,109.22420083940031,34.653883174061775,72.28328659534455,1.6806626841425896,20186.395824432373,0.0,31.0,0.0,1.0,0.46619047619047627,1.3323920741677284,1.0186244063079357,1.0458921864628792
md_fullq_dqn,807,118,110.701315715909,110.04772218078377,37.33173184841871,73.3695839047432,1.7223342349752784,21391.699146270752,0.0,31.0,0.0,1.0,0.46166666666666667,1.1498429886996746,0.8831585291773081,0.8889481406658888
md_fullq_dqn,807,119,95.4501651674509,110.30568280577658,32.62870138883591,62.82146440446377,1.568048845976591,18206.043842315674,0.0,28.0,0.0,1.0,0.4571428571428572,1.078161969780922,0.8257771600037813,0.8412826806306839
md_fullq_dqn,807,120,103.81820759177208,109.28493019059302,36.99401956051588,66.82418748736382,1.6547182723879814,21206.209648132324,0.0,29.0,0.0,0.0,0.4526190476190477,1.3578486032783985,1.0381110180169344,1.0657918825745583
md_fullq_dqn,807,121,114.06335401535034,108.88802498221398,38.38652139902115,75.67683255672455,1.7435951987281442,22036.789134979248,0.0,31.0,0.0,0.0,0.4480952380952381,0.9161582794040442,0.70116669498384,0.716638594865799
md_fullq_dqn,807,122,103.42149850130082,108.09280568122865,32.93598695844412,70.4855117738247,1.606118330731988,19055.279581069946,0.0,29.0,0.0,1.0,0.4435714285714286,1.2155613843351603,0.9286010172218084,0.9565344993025064
md_fullq_dqn,807,123,102.60046414136886,106.95400642096998,36.55653166770935,66.04393214583396,1.6369337821379304,19609.681133270264,0.0,28.0,0.0,4.0,0.439047619047619,1.625039454549551,1.2437381073832512,1.2710044421255589
md_fullq_dqn,807,124,105.65080996155739,107.16374132610858,33.87502712011337,71.7757829606533,1.6698544584214687,19937.08270263672,0.0,30.0,0.0,2.0,0.43452380952380953,1.2328157741576433,0.940387949347496,0.9747593477368355
md_fullq_dqn,807,125,98.63705679178238,107.37959407664837,34.3910613656044,64.24599590301514,1.6774693606421351,20026.27174758911,0.0,29.0,0.0,2.0,0.43000000000000005,1.403233341872692,1.074646256864071,1.0952903032302856
md_fullq_dqn,807,126,101.06661479324103,107.22927948698403,35.69910328090191,65.36751204133034,1.6487638000398874,20427.51372909546,0.0,28.0,0.0,1.0,0.42547619047619056,1.511815495789051,1.1603492461144924,1.171554148197174
md_fullq_dqn,807,127,113.0763272613287,107.47160699881613,37.09384199976921,75.98248523175717,1.7196540059521794,21001.479530334473,0.0,32.0,0.0,5.0,0.42095238095238097,1.1327661108225584,0.8671162333339453,0.885499557480216
md_fullq_dqn,807,128,104.82599779367447,106.71269490234553,35.60512566566467,69.22087236642838,1.7063416773453355,20530.091331481934,0.0,30.0,0.0,2.0,0.41642857142857137,1.0277758538722992,0.786907410249114,0.8028947580605745
md_fullq_dqn,807,129,92.11945904791355,106.63196150273086,34.090111419558525,58.02934753894806,1.6132647236809134,19138.446689605713,0.0,26.0,0.0,0.0,0.4119047619047619,1.1761201433837414,0.8984502870589495,0.9255661871284246
md_fullq_dqn,807,130,105.61332549154758,106.79596006587148,34.65448608994484,70.95883949100971,1.6722522350028157,20080.70867729187,0.0,31.0,0.0,0.0,0.4073809523809524,1.16388338804245,0.891020892187953,0.9095416329801083
md_fullq_dqn,807,131,88.26594631522894,105.69840987153353,30.700619973242283,57.565326356887816,1.5533224241808057,17354.287899017334,0.0,26.0,0.0,1.0,0.4028571428571429,1.2773002237081528,0.9784534946084023,0.9961557537317276
md_fullq_dqn,807,132,131.6004843711853,106.89355678759516,42.90669673681259,88.69378778338432,1.849974311888218,24559.42008972168,0.0,37.0,0.0,0.0,0.39833333333333343,1.2994921449571848,0.9952395539730787,1.0141752641648054
md_fullq_dqn,807,133,85.00250240564347,105.90337932653726,29.938232831656933,55.06426938027143,1.5550964931026101,17288.973712921143,0.0,24.0,0.0,1.0,0.39380952380952383,1.342141356319189,1.029445830732584,1.0423183739185333
md_fullq_dqn,807,134,106.51165564358234,104.83477367959918,35.405570939183235,71.10608422756195,1.6918894918635488,20424.54668045044,0.0,31.0,0.0,1.0,0.38928571428571423,1.293155014514923,0.9892121329903603,1.0131428763270378
md_fullq_dqn,807,135,117.8549634218216,104.81191585592926,37.34838119149208,80.50658169388771,1.721004044637084,21070.96460723877,0.0,35.0,0.0,0.0,0.38476190476190475,1.1397799104452133,0.8719028197228909,0.8929235935211182
md_fullq_dqn,807,136,84.02093847095966,103.56191285520792,30.868717201054096,53.15222069621086,1.5428303563967347,17854.103380203247,0.0,25.0,0.0,0.0,0.38023809523809526,1.2459189407527447,0.9522655960172415,0.9788444861769676
md_fullq_dqn,807,137,88.32379928529262,102.63124430939556,31.898327693343163,56.42547144293785,1.6016536550596356,18732.79833984375,0.0,26.0,0.0,2.0,0.3757142857142858,1.1786768659949303,0.9003976173698902,0.9275974463671446
md_fullq_dqn,807,138,104.73478981852531,102.33291801452637,35.38913283497095,69.34565758705139,1.6496986486017704,20286.311710357666,0.0,30.0,0.0,0.0,0.3711904761904763,1.042603649199009,0.7971557453274727,0.8181596547365189
md_fullq_dqn,807,139,89.87150608152152,102.0539850602299,32.41005916148424,57.46144672632217,1.563938974402845,18066.073043823242,0.0,27.0,0.0,1.0,0.3666666666666667,1.1915541626513004,0.9105128459632397,0.936804385855794
md_fullq_dqn,807,140,87.93940975666047,101.26004516847432,33.775327160954475,54.16408287882805,1.6372137693688273,19435.919452667236,0.0,26.0,0.0,1.0,0.3621428571428572,1.5273828245699406,1.1675303801894188,1.1995081342756748
md_fullq_dqn,807,141,81.74356307834387,99.644055621624,30.600589886307716,51.14297303557396,1.521470695734024,17097.14275741577,0.0,24.0,0.0,0.0,0.3576190476190476,1.4299499243497849,1.0948993153870106,1.1168353222310543
md_fullq_dqn,807,142,113.18042039871216,100.13200171649457,37.22855703532696,75.9518640935421,1.711191681213677,20948.125896453857,0.0,33.0,0.0,0.0,0.35309523809523813,1.634276159107685,1.2509316466748714,1.2778149582445621
md_fullq_dqn,807,143,105.25347467660904,100.26465224325658,35.29531266540289,69.95816151201726,1.6936219483613968,20495.916954040527,0.0,31.0,0.0,1.0,0.34857142857142864,0.9771604165434837,0.7456397637724876,0.7717354781925678
md_fullq_dqn,807,144,100.29544256329537,99.99688387334348,35.33192463964224,64.96351796090603,1.6652982467785478,19863.86407852173,0.0,28.0,0.0,3.0,0.34404761904761905,1.14715164154768,0.8760183025151491,0.9037778116762638
md_fullq_dqn,807,145,104.65902564823628,100.29798231616618,33.04188906401396,71.61713635325432,1.641437653452158,18847.689823150635,0.0,30.0,0.0,2.0,0.33952380952380956,1.043747054412961,0.795435756444931,0.8277042955160141
md_fullq_dqn,807,146,117.15680865943432,101.10249200947584,38.27080049365759,78.88600763678551,1.7306981403380632,21492.98041152954,0.0,34.0,0.0,0.0,0.3350000000000001,1.4179659485816956,1.0875280424952507,1.1014596000313759
md_fullq_dqn,807,147,98.95097286254168,100.39622428953649,35.955552354454994,62.99542027711868,1.5883359806612134,19756.139862060547,0.0,27.0,0.0,0.0,0.3304761904761905,1.4820614382624626,1.136156253516674,1.1530171874910593
md_fullq_dqn,807,148,110.8241400063038,100.69613140016796,36.36256045848131,74.46157948076726,1.6589950509369373,20014.085906982422,0.0,32.0,0.0,3.0,0.325952380952381,1.3492593001574278,1.0310230255126953,1.06078758276999
md_fullq_dqn,807,149,98.12842185795307,100.99657954066993,35.88854207098484,62.23987956345081,1.6669607842341065,20467.424629211426,0.0,28.0,0.0,0.0,0.3214285714285714,1.2918690741062164,0.9847677331417799,1.0236710906028748
md_fullq_dqn,807,150,105.44526267945767,100.98817640006544,36.214997470378876,69.23026531338692,1.6398278344422579,20261.84535217285,0.0,32.0,0.0,2.0,0.3169047619047619,1.2644640989601612,0.9676640648394823,0.9893333800137043
md_fullq_dqn,807,151,98.72526662051678,101.51114241532983,33.351781859993935,65.37348425388336,1.6136639108881354,18756.769538879395,0.0,28.0,0.0,0.0,0.3123809523809524,1.4444935750216246,1.1043266095221043,1.1338898800313473
md_fullq_dqn,807,152,100.45991770327092,99.95411408193411,34.62841187417507,65.83150606751443,1.647754093632102,19670.644495010376,0.0,28.0,0.0,1.0,0.30785714285714294,1.399265069514513,1.0688434727489948,1.101405330002308
md_fullq_dqn,807,153,85.37377981841564,99.97267795257271,30.75092852860689,54.622851341962814,1.5295878499746323,17524.682941436768,0.0,25.0,0.0,2.0,0.30333333333333345,1.003528192639351,0.7651739865541458,0.7945140264928341
md_fullq_dqn,807,154,114.0939291715622,100.35179162897171,36.55113582313061,77.54279324412346,1.675506280735135,20552.208309173584,0.0,33.0,0.0,0.0,0.29880952380952375,0.9522112458944321,0.7255989331752062,0.7553743291646242
md_fullq_dqn,807,155,111.84121752679349,100.0511043342203,34.98203566670418,76.85918188989163,1.6494752364233136,19533.075965881348,0.0,33.0,0.0,1.0,0.29428571428571426,1.093665985390544,0.833508038893342,0.867193141952157
md_fullq_dqn,807,156,89.25473170876504,100.31279399611057,31.675521418452263,57.57920982837677,1.5480054402723908,17733.111110687256,0.0,26.0,0.0,1.0,0.2897619047619048,1.5616788230836391,1.1941090021282434,1.2252326756715775
md_fullq_dqn,807,157,95.0039151698351,100.6467997903377,32.01128590852022,62.992629238963126,1.550955685786903,17927.334232330322,0.0,27.0,0.0,2.0,0.2852380952380953,1.256765779107809,0.9605844989418983,0.9872708916664124
md_fullq_dqn,807,158,91.7943466603756,99.99977763243021,31.75189809501171,60.04244817793369,1.5700743161141872,18216.53595352173,0.0,27.0,0.0,0.0,0.2807142857142858,1.1869490519165993,0.9047989211976528,0.9405003748834133
md_fullq_dqn,807,159,97.02172397077084,100.35728852689267,32.97323550283909,64.04848900437355,1.5948785096406937,18758.77938079834,0.0,29.0,0.0,0.0,0.2761904761904763,1.4185607992112637,1.0862154979258776,1.1078176200389862
md_fullq_dqn,807,160,106.31324492394924,101.2759802852571,34.46838865429163,71.84485636651516,1.6459862710908055,19284.16777420044,0.0,31.0,0.0,1.0,0.2716666666666666,1.4161714874207973,1.0835674665868282,1.1086800899356604
md_fullq_dqn,807,161,110.92897018790245,102.73525064073503,36.059884428977966,74.8690853714943,1.6890569301322103,20578.580184936523,0.0,32.0,0.0,0.0,0.2671428571428571,1.3558384831994772,1.0365647543221712,1.0642457250505686
md_fullq_dqn,807,162,89.10725569725037,101.53159240566194,32.71677449345589,56.39048084616661,1.5606153970584273,18454.986129760742,0.0,26.0,0.0,0.0,0.26261904761904764,1.5300019942224026,1.1696109995245934,1.201303232461214
md_fullq_dqn,807,163,113.28526263833047,101.93318180374801,36.554721131920815,76.7305411785841,1.6713567934930325,20242.71005821228,0.0,33.0,0.0,1.0,0.25809523809523816,1.3328439816832542,1.0167383402585983,1.0536853857338428
md_fullq_dqn,807,164,99.99802254140377,101.91831080265345,37.606567308306694,62.39145556092262,1.6909513855352998,21266.287380218506,0.0,27.0,0.0,0.0,0.25357142857142867,1.4220179952681065,1.0887118019163609,1.111020591109991
md_fullq_dqn,807,165,103.72745490074158,101.87173226527871,35.26029887795448,68.46715560555458,1.6711576115339994,20312.092922210693,0.0,29.0,0.0,0.0,0.24904761904761907,1.4894885700196028,1.1401233579963446,1.164550667628646
md_fullq_dqn,807,166,89.25573826730252,100.47667874567212,32.92122136801481,56.33451738357544,1.565071051940322,18104.105312347412,0.0,25.0,0.0,1.0,0.2445238095238096,1.388115305453539,1.0592071637511253,1.0963603965938091
md_fullq_dqn,807,167,95.09155690670013,100.28370794788005,33.757938861846924,61.33361753821373,1.6581869507208467,19596.475791931152,0.0,27.0,0.0,0.0,0.24,1.3394042439758778,1.0240774638950825,1.0510891694575548
md_fullq_dqn,807,168,94.89491064846516,99.4872464799881,32.69279162585735,62.202119290828705,1.5863443883135915,18269.75806427002,0.0,29.0,0.0,0.0,0.2354761904761905,1.4672641940414906,1.1205871477723122,1.1555901523679495
md_fullq_dqn,807,169,80.21815715283155,98.59173324473203,29.770373605191708,50.4477837562561,1.5212946850806475,16692.085859298706,0.0,22.0,0.0,2.0,0.23095238095238102,1.318026851862669,1.0102188531309366,1.0260265730321407
md_fullq_dqn,807,170,95.65232928097248,98.10208657480777,32.14867128431797,63.50365746021271,1.5983244851231575,18404.739543914795,0.0,27.0,0.0,1.0,0.22642857142857142,1.2547893300652504,0.9550241939723492,0.9992170948535204
md_fullq_dqn,807,171,95.90958388149738,97.9613024378568,33.59375733882189,62.31582623720169,1.5845829481258988,18891.644830703735,0.0,27.0,0.0,0.0,0.22190476190476194,1.4173729214817286,1.0841756016016006,1.1106576342135668
md_fullq_dqn,807,172,106.8291489571333,98.27976400054992,36.88542838394642,69.94372031986714,1.746098174713552,21039.570796966553,0.0,30.0,0.0,1.0,0.21738095238095245,1.4936832413077354,1.1423989869654179,1.1709474511444569
md_fullq_dqn,807,173,95.47904559224844,98.78502728924157,35.10863483697176,60.3704105168581,1.6560776690021157,19735.71113204956,0.0,27.0,0.0,0.0,0.21285714285714286,1.5222750566899776,1.1623984910547733,1.1995885372161865
md_fullq_dqn,807,174,98.11374273151159,97.98601796723902,31.752704612910748,66.36103802919388,1.5923706479370594,17875.06639099121,0.0,29.0,0.0,0.0,0.20833333333333337,1.3547204434871674,1.034452822059393,1.0675586517900229
md_fullq_dqn,807,175,105.54786122143268,97.67135015197098,35.00707705318928,70.54078379571438,1.7077697468921542,20248.689197540283,0.0,30.0,0.0,2.0,0.20380952380952377,1.1927696783095598,0.9093471597880125,0.9447416327893734
md_fullq_dqn,807,176,95.97866501808167,98.00754681743682,34.6673324406147,61.31133219003677,1.663175469264388,19763.824989318848,0.0,29.0,0.0,1.0,0.1992857142857143,1.3173060901463032,1.0056468024849892,1.0388642251491547
md_fullq_dqn,807,177,87.1843748986721,97.61656980387866,31.004285268485546,56.180090084671974,1.5306156612932682,17052.62525177002,0.0,26.0,0.0,0.0,0.1947619047619048,1.4384978637099266,1.0998139530420303,1.1289463378489017
md_fullq_dqn,807,178,100.72914783060551,98.06330986239017,34.277538433671,66.45160945653916,1.6368822548538446,19263.182874679565,0.0,30.0,0.0,1.0,0.19023809523809532,1.504374723881483,1.1497776731848717,1.1819901540875435
md_fullq_dqn,807,179,92.010587438941,97.81275303579869,33.5633295699954,58.44725827872753,1.6055022310465574,18940.984489440918,0.0,28.0,0.0,0.0,0.18571428571428583,1.5618012845516205,1.1936640068888664,1.2271242439746857
md_fullq_dqn,807,180,80.76292469352484,96.53523702427745,29.182414576411247,51.58051009476185,1.4867453277111053,16027.181484222412,0.0,24.0,0.0,0.0,0.18119047619047624,1.665447909384966,1.274917434900999,1.301768220961094
md_fullq_dqn,807,181,101.31482470184565,96.05452974997462,33.131272576749325,68.1835513651371,1.6143291145563126,18654.408485412598,0.0,29.0,0.0,2.0,0.17666666666666664,1.4834615476429462,1.134737616404891,1.1624130364507437
md_fullq_dqn,807,182,90.9040235504508,96.14436814263465,32.215356670320034,58.68866668641567,1.5838936353102326,18105.814987182617,0.0,27.0,0.0,0.0,0.17214285714285715,1.1956361345946789,0.9110789224505424,0.9485240131616592
md_fullq_dqn,807,183,78.40359518676996,94.40028477005662,28.79337663203478,49.61021846532822,1.4825776079669595,15854.93968963623,0.0,24.0,0.0,1.0,0.16761904761904767,1.6585117504000664,1.27206071279943,1.2881701476871967
md_fullq_dqn,807,184,90.30882873535157,93.915825079754,31.42730949819088,58.881519401073454,1.5614374680444598,17717.997005462646,0.0,26.0,0.0,2.0,0.16309523809523818,1.229765959084034,0.9395646825432777,0.9673375152051449
md_fullq_dqn,807,185,84.97025473564864,92.97796507149937,29.90464396774769,55.06561089456081,1.5417529297992587,16737.74453353882,0.0,27.0,0.0,1.0,0.1585714285714287,1.5609612595289946,1.1901840958744287,1.2359237987548113
md_fullq_dqn,807,186,97.95599546432496,93.41297793135048,34.54180997610092,63.414185816049574,1.6329005137085915,19453.275421142578,0.0,28.0,0.0,1.0,0.1540476190476191,1.0525238774716854,0.8020802196115255,0.8348121959716082
md_fullq_dqn,807,187,85.7876496464014,92.94778256833555,32.87916624546051,52.908483266830444,1.5843197656795382,18355.8094997406,0.0,24.0,0.0,0.0,0.1495238095238095,1.6790844053030014,1.2846639566123486,1.314734824001789
md_fullq_dqn,807,188,103.41728042811155,93.37390105731785,34.352401696145535,69.06487879157066,1.6490839254111052,19339.285415649414,0.0,30.0,0.0,2.0,0.14500000000000002,1.6999057531356812,1.300911296159029,1.3299814872443676
md_fullq_dqn,807,189,82.01517754197121,93.46375207677485,29.359955847263336,52.65522159039974,1.5093465996906161,16334.502939224243,0.0,25.0,0.0,1.0,0.14047619047619053,1.6028621830046177,1.2264016419649124,1.2548684440553188
md_fullq_dqn,807,190,97.00380417704582,93.5313258215785,33.799350902438164,63.204453483223915,1.599473719485104,18915.94926071167,0.0,28.0,0.0,0.0,0.13595238095238105,1.6830200925469398,1.2891338504850864,1.312954105436802
md_fullq_dqn,807,191,94.8080693513155,93.4762500950694,31.388404846191406,63.4196648478508,1.5508746588602662,17116.587272644043,0.0,27.0,0.0,4.0,0.13142857142857145,1.565710335969925,1.1960148252546787,1.2323183119297028
md_fullq_dqn,807,192,109.29512942731381,93.59954911857844,36.85488732159138,72.44024258255959,1.687193002551794,20748.221878051758,0.0,32.0,0.0,2.0,0.12690476190476196,1.2559006363153458,0.9586444888263941,0.9908537436276674
md_fullq_dqn,807,193,106.45113532543182,94.1481536052376,37.312702268362045,69.13843298256397,1.7205150965601206,20823.197715759277,0.0,30.0,0.0,3.0,0.12238095238095237,1.5537334717810154,1.1907824091613293,1.2098369039595127
md_fullq_dqn,807,194,84.87780232280492,93.48635658480227,30.703971572220325,54.17383089959621,1.5501036942005157,16953.08487701416,0.0,24.0,0.0,2.0,0.11785714285714288,1.4446125254034996,1.10117675550282,1.1447859331965446
md_fullq_dqn,807,195,93.92556192874909,92.90524162016808,32.241719499230385,61.68384181857109,1.5865249363705516,17935.818153381348,0.0,28.0,0.0,1.0,0.1133333333333334,1.5181264504790306,1.1602783389389515,1.1928270272910595
md_fullq_dqn,807,196,91.51572535187006,92.68209463685751,33.01526344567537,58.50046145915985,1.6115157380700111,18817.437686920166,0.0,27.0,0.0,0.0,0.1088095238095238,1.7441884391009808,1.3361114580184221,1.3602565862238407
md_fullq_dqn,807,197,96.21646213531494,93.13369899868965,34.23977640271187,61.97668558359146,1.6505971672013402,19695.979877471924,0.0,26.0,0.0,1.0,0.10428571428571431,1.5876460447907448,1.212257906794548,1.251293696463108
md_fullq_dqn,807,198,90.05572120398283,92.60002766735852,31.901719853281975,58.154001134634015,1.5629516541957855,17729.201080322266,0.0,26.0,0.0,2.0,0.09976190476190483,1.3327242471277714,1.0172959249466658,1.0514277033507824
md_fullq_dqn,807,199,80.76029045134783,92.03751281797886,30.47500466555357,50.285285860300064,1.5024184491485357,16492.683460235596,0.0,23.0,0.0,0.0,0.09523809523809534,1.6756923012435436,1.2791040074080229,1.3219608385115862
md_fullq_dqn,807,200,84.96835565567017,92.24778436608612,30.0455811470747,54.92277507483959,1.5308353481814265,16703.24352645874,0.0,25.0,0.0,0.0,0.09071428571428575,1.5951515585184097,1.2201832477003336,1.2498943284153938
md_fullq_dqn,807,201,84.39680824428797,91.40188354320824,31.713324449956417,52.68348400294781,1.5620722118765116,17817.96298599243,0.0,24.0,0.0,0.0,0.08619047619047626,1.4200745820999146,1.0816864110529423,1.1279605887830257
md_fullq_dqn,807,202,85.06902370154857,91.11013355076312,31.05858713388443,54.01043668687343,1.531149061396718,16889.207916259766,0.0,24.0,0.0,2.0,0.08166666666666667,1.644261360168457,1.2590261977165937,1.2841171193867922
md_fullq_dqn,807,203,92.60005874931812,91.81995672889053,32.727083668112755,59.872975304722786,1.5878833923488855,18173.981510162354,0.0,27.0,0.0,0.0,0.07714285714285718,1.8129975348711014,1.3854711912572384,1.4250877611339092
md_fullq_dqn,807,204,96.75598876178265,92.14231473021209,31.32967584580183,65.42631362378597,1.54342070966959,17293.228658676147,0.0,29.0,0.0,2.0,0.0726190476190477,1.4351726286113262,1.0953951831907034,1.132591499015689
md_fullq_dqn,807,205,83.9040792286396,92.08900595486165,29.42605061084032,54.47802920639515,1.5247706715017557,16585.63702774048,0.0,26.0,0.0,0.0,0.06809523809523821,1.9392598420381546,1.4813917465507984,1.5262269861996174
md_fullq_dqn,807,206,86.01948673576116,91.49218051843346,30.001429952681065,56.01805694699287,1.510957395657897,16489.779872894287,0.0,25.0,0.0,2.0,0.06357142857142861,1.307480875402689,0.9959630537778139,1.0383927058428526
md_fullq_dqn,807,207,66.97154558449984,90.55137531533838,27.119476906955242,39.8520692139864,1.4370026839897037,14841.080535888672,0.0,19.0,0.0,0.0,0.059047619047619015,1.604624155908823,1.2293899189680815,1.250780712813139
md_fullq_dqn,807,208,84.66641508340835,89.6138320481032,30.24198404699564,54.4244308501482,1.5189489619806409,16702.67120742798,0.0,25.0,0.0,3.0,0.05452380952380953,1.2437386885285378,0.9454450998455286,0.9943119566887617
md_fullq_dqn,807,209,101.40667742490768,90.58340704225004,33.476746283471584,67.92993098497391,1.5970223303884268,18357.23302078247,0.0,29.0,0.0,0.0,0.050000000000000044,1.5445734895765781,1.1781935915350914,1.2212662994861603
md_fullq_dqn,807,210,80.59407173991204,89.76292042039334,28.828630305826664,51.765441530942915,1.5034508043900132,16159.95514678955,0.0,24.0,0.0,1.0,0.050000000000000044,1.4909668006002903,1.1414507180452347,1.1650535352528095
md_fullq_dqn,807,211,96.57925045639277,89.85147947564722,31.47593629360199,65.10331439375878,1.584413473494351,17809.848682403564,0.0,28.0,0.0,2.0,0.050000000000000044,1.800294280052185,1.3755155950784683,1.4159288555383682
md_fullq_dqn,807,212,86.3933810979128,88.70639205917718,30.32880049943924,56.06458091139793,1.4976635817438364,16461.123863220215,0.0,26.0,0.0,1.0,0.050000000000000044,1.8390236608684063,1.402523372322321,1.4550009407103062
md_fullq_dqn,807,213,80.30338407456875,87.39900449663403,28.933410100638866,51.3699739664793,1.5087570436298847,16196.047691345215,0.0,24.0,0.0,1.0,0.050000000000000044,1.5071001201868057,1.1513073649257421,1.185975756496191
md_fullq_dqn,807,214,74.95502600073814,86.90286568053068,26.95335966348648,48.00166654586792,1.4331664741039276,14823.198778152466,0.0,23.0,0.0,0.0,0.050000000000000044,1.4448237866163254,1.1027504168450832,1.1402445398271084
md_fullq_dqn,807,215,85.09481905400753,86.4613285367936,30.43324264138937,54.66157686710358,1.545609924942255,16922.20851135254,0.0,24.0,0.0,0.0,0.050000000000000044,1.693533033132553,1.2937840148806572,1.3324966877698898
md_fullq_dqn,807,216,90.40216042846441,86.40565029062331,30.665984869003296,59.736175537109375,1.5383638329803944,16940.493228912354,0.0,28.0,0.0,0.0,0.050000000000000044,1.4191008396446705,1.0824842285364866,1.1220553033053875
md_fullq_dqn,807,217,74.57811647802592,85.32373300775888,27.077571786940098,47.50054449737072,1.446686345152557,15004.898488998413,0.0,23.0,0.0,2.0,0.050000000000000044,1.5426865592598915,1.1775931101292372,1.2169780880212784
md_fullq_dqn,807,218,84.35361989587545,85.03862794235349,31.483880765736103,52.86973927915096,1.556420081295073,17450.879997253418,0.0,26.0,0.0,0.0,0.050000000000000044,1.5211123786866665,1.159902684390545,1.2040322832763195
md_fullq_dqn,807,219,68.69276664555073,84.43525175206364,28.431334644556046,40.26143201589584,1.47844969201833,15464.442123413086,0.0,20.0,0.0,1.0,0.050000000000000044,1.7626114711165428,1.348765105009079,1.3794878162443638
md_fullq_dqn,807,220,70.82517843693495,83.72809289112688,27.18477877229452,43.64039959013462,1.4394930070266128,14669.061054229736,0.0,23.0,0.0,2.0,0.050000000000000044,1.8085104376077652,1.3821196593344212,1.4213026128709316
md_fullq_dqn,807,221,82.39292265474796,83.62789861164988,28.890446163713932,53.50247637927532,1.4823987390846014,15891.283683776855,0.0,25.0,0.0,1.0,0.050000000000000044,1.8004656434059143,1.3750171586871147,1.4181616120040417
md_fullq_dqn,807,222,78.25547572225332,83.28722121268511,28.62446380406618,49.631011709570885,1.4691168451681733,15720.83254623413,0.0,24.0,0.0,0.0,0.050000000000000044,1.8257807902991772,1.3978272303938866,1.426511786878109
md_fullq_dqn,807,223,83.04338170737029,82.80938736058772,31.242567770183086,51.800814011693,1.5412453087046742,17110.17458343506,0.0,24.0,0.0,1.0,0.050000000000000044,1.7852206155657768,1.3665058612823486,1.3957157991826534
md_fullq_dqn,807,224,77.68229976296425,81.8557029106468,27.952390529215336,49.72990871965885,1.4510197592899203,15352.11552810669,0.0,24.0,0.0,0.0,0.050000000000000044,1.6141611076891422,1.2332685217261314,1.2696419060230255
md_fullq_dqn,807,225,76.50249280184508,81.48562358930708,30.038878060877323,46.463614562153815,1.4915780341252685,16610.20663833618,0.0,21.0,0.0,1.0,0.050000000000000044,1.559139970690012,1.1906913556158543,1.2281619906425476
md_fullq_dqn,807,226,73.83012702316046,80.87615560367705,29.70820450782776,44.12192261219025,1.4926624400541186,16578.937837600708,0.0,21.0,0.0,0.0,0.050000000000000044,1.8524246774613857,1.4165314584970474,1.4529771879315376
md_fullq_dqn,807,227,93.5474007204175,82.20494836047293,33.36724887043238,60.18015110492706,1.5817698035389185,18476.498615264893,0.0,27.0,0.0,0.0,0.050000000000000044,1.6725133955478668,1.2774323336780071,1.3169368375092745
md_fullq_dqn,807,228,83.81829479336739,82.16254234597088,30.599614448845387,53.21867999434471,1.5445701004937291,17163.096656799316,0.0,25.0,0.0,0.0,0.050000000000000044,1.7109378688037395,1.3091226816177368,1.3393839485943317
md_fullq_dqn,807,229,77.82024854719639,80.9832209020853,29.26604101061821,48.5542072981596,1.5037036230787635,16186.788108825684,0.0,22.0,0.0,2.0,0.050000000000000044,1.1504228692501783,0.8761580195277929,0.9142161328345537
md_fullq_dqn,807,230,94.41339693516493,81.67418716184795,34.311091639101505,60.102305728197095,1.6321097360923886,19076.86220550537,0.0,26.0,0.0,2.0,0.050000000000000044,1.455198973417282,1.1121216733008623,1.1435909401625395
md_fullq_dqn,807,231,87.58346489965916,81.22439788401127,31.671990141272545,55.9114743411541,1.5512945726513863,17465.011054992676,0.0,26.0,0.0,2.0,0.050000000000000044,1.4164210837334394,1.0790554359555244,1.1245521064847708
md_fullq_dqn,807,232,77.3936557918787,80.77441161870956,28.18082108348608,49.21283479034901,1.4635375263169408,15553.497657775879,0.0,25.0,0.0,1.0,0.050000000000000044,1.473465446382761,1.1244532465934753,1.1633740216493607
md_fullq_dqn,807,233,77.49492264688016,80.63398854732515,28.061809577047825,49.433112972974776,1.463623307645321,15059.332431793213,0.0,24.0,0.0,1.0,0.050000000000000044,1.4300610572099686,1.0898687299340963,1.1339743435382843
md_fullq_dqn,807,234,90.5999752908945,81.41623601183296,32.330300986766815,58.26967425942421,1.6021478651091456,18339.347984313965,0.0,27.0,0.0,3.0,0.050000000000000044,1.9099490009248257,1.463016089051962,1.489776398986578
md_fullq_dqn,807,235,106.1055018901825,82.4667701536417,34.23967020213604,71.86583206057549,1.6147039011120796,19159.83696746826,0.0,31.0,0.0,0.0,0.050000000000000044,1.4874041229486465,1.136444017291069,1.1698669660836458
md_fullq_dqn,807,236,90.24672037512065,82.45899815097452,31.682452864944935,58.56426736116409,1.56629007589072,17492.572792053223,0.0,26.0,0.0,2.0,0.050000000000000044,1.8331789262592793,1.4008856043219566,1.4409777224063873
md_fullq_dqn,807,237,101.1568271458149,83.78793368436398,32.916700944304466,68.24012642502785,1.6245992612093687,19081.96689605713,0.0,30.0,0.0,1.0,0.050000000000000044,1.3451082464307547,1.026384798809886,1.062411481514573
md_fullq_dqn,807,238,79.32150100469589,83.53632773980499,28.88782626390457,50.43367500901222,1.5109146907925606,15920.479698181152,0.0,24.0,0.0,2.0,0.050000000000000044,1.761954601854086,1.3450534753501415,1.3896703943610191
md_fullq_dqn,807,239,76.75040508806705,83.9392096619308,28.71148421615362,48.03892105817795,1.4864020189270377,15919.70417022705,0.0,22.0,0.0,0.0,0.050000000000000044,1.9764940738677979,1.511001231148839,1.5516427624970675
md_fullq_dqn,807,240,98.7726564630866,85.33658356323839,30.606098115444183,68.1665577441454,1.557215565815568,17397.529289245605,0.0,29.0,0.0,1.0,0.050000000000000044,1.571958864107728,1.1989378593862057,1.2434032782912254
md_fullq_dqn,807,241,85.3463424757123,85.48425455428661,30.471604607999325,54.874738255143164,1.5302675422281027,17290.24269104004,0.0,26.0,0.0,2.0,0.050000000000000044,1.7940675467252731,1.372811594977975,1.404186500236392
md_fullq_dqn,807,242,73.63555958271027,85.25325874730945,28.00302278995514,45.63253688216209,1.4565688977017999,15335.703224182129,0.0,22.0,0.0,1.0,0.050000000000000044,1.6402565389871597,1.2529399152845144,1.2910554334521294
md_fullq_dqn,807,243,85.62387513518334,85.38228341870011,31.026920288801193,54.59695448875427,1.5341080306097865,16948.487617492676,0.0,25.0,0.0,1.0,0.050000000000000044,1.546735156327486,1.182751588523388,1.2132784686982632
md_fullq_dqn,807,244,94.1881089001894,86.20757387556137,32.22038409858942,61.96772458553314,1.5801914921030402,18364.904960632324,0.0,30.0,0.0,1.0,0.050000000000000044,1.2143075298517942,0.9235537685453892,0.9691791702061892
md_fullq_dqn,807,245,101.33537043631077,87.44921775728466,33.7843139693141,67.5510561466217,1.6340331761166453,19409.275411605835,0.0,28.0,0.0,1.0,0.050000000000000044,1.817265372723341,1.3900051265954971,1.4242008253932
md_fullq_dqn,807,246,82.86051947772503,87.90073738001288,30.661596342921257,52.19892338812351,1.5327797075733542,17177.717388153076,0.0,24.0,0.0,2.0,0.050000000000000044,1.607602097094059,1.226337268948555,1.2708827517926693
md_fullq_dqn,807,247,89.50741584897041,87.69873813644053,31.773366831243038,57.734048682451245,1.5287935379892588,17387.67584991455,0.0,26.0,0.0,2.0,0.050000000000000044,1.6684795506298542,1.2753722704946995,1.3103574998676777
md_fullq_dqn,807,248,74.60118801146746,87.23788279734552,29.499327935278416,45.10186058282852,1.5133425882086158,16408.385650634766,0.0,22.0,0.0,0.0,0.050000000000000044,1.638825949281454,1.2510438486933708,1.2926068734377623
md_fullq_dqn,807,249,80.20765607059002,87.3572531735152,30.979841731488705,49.22781425714493,1.5113457851111889,16868.013641357422,0.0,22.0,0.0,0.0,0.050000000000000044,1.4993815086781979,1.1439475063234568,1.1847799625247717
md_fullq_dqn,807,250,104.53371947407723,87.86326930046081,34.14357487857342,70.39014465510846,1.6138842534273863,18681.235111236572,0.0,31.0,0.0,1.0,0.050000000000000044,1.9015609547495842,1.452698014676571,1.496209755539894
md_fullq_dqn,807,251,81.92871707081795,87.58053190901877,30.00041875988245,51.92829822897911,1.5237878812476993,16725.99126434326,0.0,24.0,0.0,1.0,0.050000000000000044,1.5801446214318275,1.2071932964026928,1.2431710287928581
md_fullq_dqn,807,252,74.88184276223183,87.45494125753643,29.100638762116432,45.781204372644424,1.4876300562173128,16234.272647857666,0.0,22.0,0.0,0.0,0.050000000000000044,1.408460021018982,1.0740330405533314,1.1147565580904484
md_fullq_dqn,807,253,91.78724593669176,88.169557422027,31.254202596843243,60.53304263949394,1.5456752479076385,17143.5053024292,0.0,27.0,0.0,0.0,0.050000000000000044,1.7530842553824186,1.3407110273838043,1.3745773248374462
md_fullq_dqn,807,254,90.29152902364731,88.15413510866465,32.27624603360891,58.015283384919165,1.5899883676320314,18193.16862487793,0.0,26.0,0.0,1.0,0.050000000000000044,1.4846569802612066,1.1338250320404768,1.1694397907704115
md_fullq_dqn,807,255,87.15760557055474,87.20674029268325,28.673726990818977,58.48387920558453,1.4790823440998793,15919.082077026367,0.0,26.0,0.0,3.0,0.050000000000000044,1.5677947457879782,1.1990123726427555,1.2292745672166348
md_fullq_dqn,807,256,77.1547779366374,86.5521431707591,29.024905048310757,48.12987297773361,1.5501026520505548,16855.52811050415,0.0,23.0,0.0,1.0,0.050000000000000044,1.4406792931258678,1.0986058451235294,1.14024474658072
md_fullq_dqn,807,257,86.3969636052847,85.81414999373258,32.393337935209274,54.00362583398819,1.5452867820858955,17691.52370071411,0.0,25.0,0.0,2.0,0.050000000000000044,1.4857779014855623,1.1358398403972387,1.1664601936936378
md_fullq_dqn,807,258,75.92146492749453,85.64414818987251,28.390097834169865,47.53136721253395,1.4641985399648547,15493.441688537598,0.0,23.0,0.0,0.0,0.050000000000000044,1.6651201341301203,1.2728835567831993,1.307455213740468
md_fullq_dqn,807,259,67.83861845731735,85.19855885833502,26.90288220345974,40.935736149549484,1.445853328332305,15688.490158081055,0.0,20.0,0.0,1.0,0.050000000000000044,1.9263959974050522,1.4744058102369308,1.5066339410841465
md_fullq_dqn,807,260,79.33205507695675,84.22652878902854,29.29477432370186,50.03728048503399,1.4674284858629107,16078.419658660889,0.0,24.0,0.0,1.0,0.050000000000000044,2.003231178969145,1.5301499143242836,1.5769374929368496
md_fullq_dqn,807,261,75.42087564617395,83.73025544755161,28.37787402421236,47.04300186038017,1.4803805677220225,15910.489570617676,0.0,25.0,0.0,2.0,0.050000000000000044,1.6422028504312038,1.2547067571431398,1.2916536163538694
md_fullq_dqn,807,262,79.77560088187457,84.03725751250983,29.24945719540119,50.526143276691435,1.5031143873929977,16293.660766601562,0.0,24.0,0.0,1.0,0.050000000000000044,1.6373172290623188,1.2516962960362434,1.2854030542075634
md_fullq_dqn,807,263,77.98014782071114,83.65507114678623,29.79136274755001,48.18878458142281,1.5102500887587667,16632.826656341553,0.0,23.0,0.0,3.0,0.050000000000000044,1.2362904623150826,0.9428716376423836,0.9780626744031906
md_fullq_dqn,807,264,81.57344602048397,83.02433800280095,28.25142204016447,53.32202449440956,1.445626411587,15486.095329284668,0.0,25.0,0.0,2.0,0.050000000000000044,1.4954399596899748,1.141082527115941,1.1811913847923279
md_fullq_dqn,807,265,59.689489813148974,80.94204397164286,24.79185188561678,34.89763761460781,1.3876402042806149,14030.267700195312,0.0,19.0,0.0,1.0,0.050000000000000044,1.7595568895339966,1.3427731320261955,1.3892791122198105
md_fullq_dqn,807,266,80.31653680056334,80.81484483778478,31.656234055757523,48.66030318439007,1.5053377021104097,17258.637031555176,0.0,24.0,0.0,1.0,0.050000000000000044,1.958780013024807,1.499168362468481,1.5320388153195381
md_fullq_dqn,807,267,95.58103866875172,81.11852597877385,31.57530891150236,64.00572967529297,1.564470679499209,17617.335235595703,0.0,29.0,0.0,0.0,0.050000000000000044,1.7395023368299007,1.3293635845184326,1.3671291582286358
md_fullq_dqn,807,268,79.40339387953281,81.35863627217711,27.751030206680298,51.65236359834671,1.491515526548028,15629.174438476562,0.0,24.0,0.0,0.0,0.050000000000000044,1.4450166020542383,1.101456955075264,1.1451988499611616
md_fullq_dqn,807,269,78.58794184327125,81.27765056081117,28.902606338262558,49.68533532619476,1.4895522464066744,16080.068393707275,0.0,24.0,0.0,2.0,0.050000000000000044,1.654935758560896,1.2636569440364838,1.304262686520815
md_fullq_dqn,807,270,79.14983198046684,80.00845618613064,29.851802945137024,49.29802893102169,1.5000361325219274,16674.600357055664,0.0,22.0,0.0,0.0,0.050000000000000044,1.6481478735804558,1.2577596940100193,1.3012939393520355
md_fullq_dqn,807,271,93.72906666994095,80.59847366608679,33.24679244309664,60.48227435350418,1.597817369736731,18818.441020965576,0.0,28.0,0.0,0.0,0.050000000000000044,1.5094689317047596,1.1513792090117931,1.1936323139816523
md_fullq_dqn,807,272,78.73611437678338,80.79118724681437,28.883218228816986,49.85289658010006,1.4857625113800168,16005.47131729126,0.0,24.0,0.0,1.0,0.050000000000000044,1.9610371924936771,1.4992137905210257,1.5394112635403872
md_fullq_dqn,807,273,99.33295097351075,81.16847249865533,33.73346783220768,65.59948349893094,1.622577146627009,18959.385292053223,0.0,29.0,0.0,2.0,0.050000000000000044,1.7874542586505413,1.364721605554223,1.4091087989509106
md_fullq_dqn,807,274,91.3521073833108,81.22150141663852,31.258206121623516,60.0939014852047,1.5572130335494876,17593.41693496704,0.0,27.0,0.0,3.0,0.050000000000000044,1.7511686347424984,1.336173165589571,1.3833182267844677
md_fullq_dqn,807,275,81.77083810567856,80.9521630433947,29.990497171878815,51.78034091889858,1.535977365449071,16813.307258605957,0.0,25.0,0.0,1.0,0.050000000000000044,1.4918781369924545,1.1382815465331078,1.178655231371522
md_fullq_dqn,807,276,77.40782568901777,80.9648154310137,26.919274799525738,50.48855153024196,1.4430195894092321,15097.164554595947,0.0,23.0,0.0,2.0,0.050000000000000044,1.4689800515770912,1.1211890578269958,1.1593032404780388
md_fullq_dqn,807,277,90.70506580621004,81.18022054105998,30.262241192162037,60.44282425642014,1.5142280049622059,17033.078414916992,0.0,27.0,0.0,3.0,0.050000000000000044,1.3887203559279442,1.060313319787383,1.094690065830946
md_fullq_dqn,807,278,85.0374566167593,81.63602012552322,30.886551454663277,54.15090550482273,1.5405527744442225,17270.95690536499,0.0,26.0,0.0,1.0,0.050000000000000044,1.8871899731457233,1.4409838803112507,1.4873536322265863
md_fullq_dqn,807,279,78.5996418595314,82.17407129563392,29.95194837450981,48.64769345521927,1.51871566940099,17198.747188568115,0.0,24.0,0.0,1.0,0.050000000000000044,1.6569855492562056,1.266363563016057,1.302073186263442
md_fullq_dqn,807,280,68.29683773368598,81.6223104284704,27.818237759172916,40.47859990745783,1.4464532686397433,15406.378433227539,0.0,20.0,0.0,2.0,0.050000000000000044,1.7314789481461048,1.3248448502272367,1.3554469756782055
md_fullq_dqn,807,281,72.72273624092341,81.48740345820787,28.55096995085478,44.17176612615585,1.4719658279791474,15992.054080963135,0.0,20.0,0.0,1.0,0.050000000000000044,1.9206741005182266,1.4685425646603107,1.507105141878128
md_fullq_dqn,807,282,82.7698612511158,81.63711647666992,29.06307853013277,53.70678283274174,1.473900237120688,16101.356071472168,0.0,27.0,0.0,0.0,0.050000000000000044,1.5310571901500225,1.1687547080218792,1.2076748963445425
md_fullq_dqn,807,283,77.08487309515476,81.5923527403921,29.209319055080414,47.875553980469704,1.4840679476037621,16201.778095245361,0.0,24.0,0.0,1.0,0.050000000000000044,1.6503695119172335,1.2608328107744455,1.298455586656928
md_fullq_dqn,807,284,96.48120070397854,82.33774047456683,33.88887679576874,62.59232356548309,1.6075241761282086,19194.709045410156,0.0,27.0,0.0,3.0,0.050000000000000044,1.9359973818063736,1.478734191507101,1.5242105275392532
md_fullq_dqn,807,285,84.24267999827862,83.56539998382331,29.168255850672722,55.07442416250706,1.5092531917616725,16222.824592590332,0.0,26.0,0.0,0.0,0.050000000000000044,1.6886018216609955,1.2911097221076488,1.3249735534191132
md_fullq_dqn,807,286,85.18740529865026,83.80894340872766,31.40985132753849,53.777554507553575,1.5422147046774626,17395.931743621826,0.0,25.0,0.0,2.0,0.050000000000000044,1.6002103704959154,1.222138274461031,1.2602402623742819
md_fullq_dqn,807,287,94.46357963979244,83.75307045727968,31.348890960216522,63.114688873291016,1.556431076489389,17531.052417755127,0.0,29.0,0.0,0.0,0.050000000000000044,1.999410979449749,1.5282690450549126,1.5704729780554771
md_fullq_dqn,807,288,65.50964396446943,83.05838296152652,26.961197800934315,38.548446238040924,1.430994987487793,14875.283693313599,0.0,20.0,0.0,1.0,0.050000000000000044,1.740778498351574,1.3292367532849312,1.3718057535588741
md_fullq_dqn,807,289,80.26549252420664,83.14226049557328,27.999156698584557,52.26633617579937,1.4522185465320945,15327.945178985596,0.0,24.0,0.0,2.0,0.050000000000000044,1.931708913296461,1.4798345267772675,1.506247889250517
md_fullq_dqn,807,290,96.99261673688889,84.0343997333944,32.028223901987076,64.96439282000065,1.5863705957308412,17821.18318748474,0.0,29.0,0.0,1.0,0.050000000000000044,1.9330444503575563,1.478537566959858,1.515022937208414
md_fullq_dqn,807,291,80.46727110743522,83.3713099552691,29.048785164952278,51.418486061692235,1.4828569451346993,16112.322395324707,0.0,22.0,0.0,2.0,0.050000000000000044,1.7619895599782467,1.3472782224416733,1.3823710903525352
md_fullq_dqn,807,292,85.07694422453642,83.68835144765676,30.29950287938118,54.77744187414646,1.5050904154777527,16772.239124298096,0.0,26.0,0.0,1.0,0.050000000000000044,1.9708145931363106,1.5067620538175106,1.5468416586518288
md_fullq_dqn,807,293,83.8090117096901,82.91215448446573,30.83342483639717,52.97558769285679,1.536002597771585,17306.66210746765,0.0,24.0,0.0,5.0,0.050000000000000044,1.7906082645058632,1.368505697697401,1.4070085063576698
md_fullq_dqn,807,294,89.1213622480631,82.80061722770333,30.771271288394928,58.350091183185576,1.5404475666582584,17209.358726501465,0.0,26.0,0.0,1.0,0.050000000000000044,1.681087190285325,1.2844445742666721,1.3221420086920261
md_fullq_dqn,807,295,88.67375864982606,83.14576325491072,32.22086137533188,56.45289727449417,1.566593237221241,18238.494453430176,0.0,27.0,0.0,1.0,0.050000000000000044,2.25563757494092,1.7287174127995968,1.7564005069434643
md_fullq_dqn,807,296,86.82239606380463,83.61649177365007,30.41410119831562,56.40829519331455,1.555692463181913,17444.532829284668,0.0,26.0,0.0,1.0,0.050000000000000044,1.9024567566812038,1.4552683532238007,1.4906279891729355
md_fullq_dqn,807,297,84.58765065073968,83.31062101587656,28.913080409169197,55.67457039058208,1.4761178195476532,16185.959121704102,0.0,27.0,0.0,1.0,0.050000000000000044,1.3830209374427795,1.0536106564104557,1.0980342496186495
md_fullq_dqn,807,298,77.84645263403654,82.9510708167404,27.933708012104034,49.91274442076683,1.4546969393268228,15418.096138000488,0.0,25.0,0.0,2.0,0.050000000000000044,1.8989267498254776,1.4495983757078648,1.4977613147348166
md_fullq_dqn,807,299,89.96261053085327,83.51921925030649,30.523950204253197,59.438660490512845,1.547486450523138,16987.310272216797,0.0,25.0,0.0,2.0,0.050000000000000044,1.4917470552027225,1.1386042051017284,1.1771426759660244
md_fullq_dqn,807,300,84.33266835808755,84.32101078152657,30.358387365937233,53.97428139448166,1.490462964400649,16874.57208633423,0.0,25.0,0.0,2.0,0.050000000000000044,1.3828406725078821,1.056442579254508,1.0879935957491398
md_fullq_dqn,807,301,81.72791238129139,84.77126958854497,28.161125518381596,53.56678666174412,1.4393469272181392,15891.849252700806,0.0,27.0,0.0,0.0,0.050000000000000044,1.7435077093541622,1.3317955378443003,1.3723738491535187
md_fullq_dqn,807,302,71.13247821629048,84.18940043680371,27.82881774008274,43.30366080403328,1.4529317589476705,15373.825298309326,0.0,21.0,0.0,1.0,0.050000000000000044,1.6643256433308125,1.2730006705969572,1.3044165838509798
md_fullq_dqn,807,303,74.54922000467778,84.06261778227986,28.522182323038578,46.027037212252615,1.4771062564104795,15932.666515350342,0.0,23.0,0.0,1.0,0.050000000000000044,1.4747932329773903,1.123944653198123,1.1694952510297298
md_fullq_dqn,807,304,92.71287617087364,83.87420155562461,30.687277242541313,62.02559918165207,1.5537942573428154,17211.58279800415,0.0,28.0,0.0,0.0,0.050000000000000044,1.987037530168891,1.5215547047555447,1.551609331741929
md_fullq_dqn,807,305,91.19547275602818,84.22184119351209,31.57242165505886,59.623051011562346,1.568348822183907,18385.64641571045,0.0,27.0,0.0,2.0,0.050000000000000044,1.8932092189788818,1.4465255253016949,1.4889455512166023
md_fullq_dqn,807,306,77.94709981381894,83.85982591927053,29.028868481516838,48.91823104918003,1.504745738580823,16568.360496520996,0.0,23.0,0.0,1.0,0.050000000000000044,1.5999190993607044,1.2197565957903862,1.26720823161304
md_fullq_dqn,807,307,61.33781085312366,82.20353747993708,25.436287365853786,35.90152350962162,1.3676539212465286,14105.958629608154,0.0,19.0,0.0,1.0,0.050000000000000044,1.9720036573708057,1.5087020676583052,1.5443385671824217
md_fullq_dqn,807,308,62.13360556364059,82.03473555989565,24.004258677363396,38.129346841573714,1.349210544489324,13137.173788070679,0.0,21.0,0.0,1.0,0.050000000000000044,1.647343710064888,1.2600178606808186,1.291086133569479
md_fullq_dqn,807,309,76.37278588265181,81.84010022781791,29.856523789465427,46.51626209318638,1.5150063121691346,16853.930866241455,0.0,22.0,0.0,1.0,0.050000000000000044,1.9634643867611885,1.4998360611498356,1.5454277619719505
md_fullq_dqn,807,310,84.5442885324359,81.21768381759526,28.58155518770218,55.96273333728313,1.505589161068201,16163.198696136475,0.0,27.0,0.0,2.0,0.050000000000000044,1.8090456631034613,1.381575770676136,1.4248996172100306
md_fullq_dqn,807,311,64.32720068991185,80.41068029671911,27.084178671240807,37.24302146732807,1.408641217276454,14894.000511169434,0.0,21.0,0.0,1.0,0.050000000000000044,2.0415588077157736,1.5622686967253685,1.5976336859166622
md_fullq_dqn,807,312,67.29274565875531,79.52147036843004,26.488953068852425,40.80379284322262,1.4185379911214113,14644.948402404785,0.0,19.0,0.0,1.0,0.050000000000000044,2.1225560158491135,1.6223366968333721,1.6673976369202137
md_fullq_dqn,807,313,81.25110043138265,79.39357480451466,29.83284667879343,51.41825370788574,1.497114421799779,16735.944885253906,0.0,22.0,0.0,2.0,0.050000000000000044,2.063524428755045,1.5797404441982508,1.6126132160425186
md_fullq_dqn,807,314,80.78508844971657,78.97676111459734,28.774516217410564,52.010572254657745,1.4522370090708137,15461.37612915039,0.0,24.0,0.0,0.0,0.050000000000000044,1.5757742337882519,1.2032686211168766,1.2416853252798319
md_fullq_dqn,807,315,93.32512944936752,79.2093296545744,31.65028177201748,61.67484778165817,1.5667550088837743,17891.615608215332,0.0,30.0,0.0,0.0,0.050000000000000044,1.8718022480607033,1.4307072721421719,1.4703164771199226
md_fullq_dqn,807,316,78.10057480633259,78.77323859170079,30.151336193084717,47.94923870265484,1.5161478081718087,17047.00559425354,0.0,24.0,0.0,0.0,0.050000000000000044,1.7154086045920849,1.3086806535720825,1.355759771540761
md_fullq_dqn,807,317,88.33272914588451,78.96049251645805,32.3194225654006,56.013306215405464,1.5576545689255,17984.044258117676,0.0,26.0,0.0,0.0,0.050000000000000044,1.9865658059716225,1.5186828691512346,1.5596097465604544
md_fullq_dqn,807,318,93.44352160394192,79.7403459649533,32.69411662220955,60.7494051605463,1.562374509871006,18252.495811462402,0.0,29.0,0.0,0.0,0.050000000000000044,2.2303795516490936,1.7068384401500225,1.7451369501650333
md_fullq_dqn,807,319,83.66553446054459,79.42549216143789,29.57127197831869,54.09426219165325,1.5286958804354072,16778.15647315979,0.0,27.0,0.0,1.0,0.050000000000000044,1.992516614496708,1.5229988619685173,1.565059069544077
md_fullq_dqn,807,320,79.50485346019268,79.18410141654314,28.42624395340681,51.07860906720161,1.463875805027783,15478.494075775146,0.0,22.0,0.0,2.0,0.050000000000000044,1.9591760784387589,1.50119517929852,1.5266029722988605
md_fullq_dqn,807,321,93.95718881487846,79.7955652382225,32.50224107503891,61.45494796335697,1.5650996398180723,17896.302669525146,0.0,27.0,0.0,0.0,0.050000000000000044,1.4737912192940712,1.1241639163345098,1.165424294769764
md_fullq_dqn,807,322,89.01865240335465,80.6898739475757,30.557030215859413,58.461622500419615,1.5237391255795956,17048.857929229736,0.0,27.0,0.0,2.0,0.050000000000000044,1.9313569702208042,1.4765625800937414,1.5159811954945326
md_fullq_dqn,807,323,78.0001827955246,80.86242208711803,27.643835470080376,50.35634723603725,1.445271029137075,15503.737590789795,0.0,23.0,0.0,2.0,0.050000000000000044,1.6986475102603436,1.2977314293384552,1.3363869115710258
md_fullq_dqn,807,324,73.63003681600094,79.9082801193744,26.99864263832569,46.63139387965202,1.4304065825417638,15100.946380615234,0.0,22.0,0.0,1.0,0.050000000000000044,1.6962841115891933,1.296395756304264,1.3329610843211412
md_fullq_dqn,807,325,99.5279256939888,80.32490276627244,33.367672093212605,66.16025317609311,1.5937795527279377,18871.02534866333,0.0,29.0,0.0,2.0,0.050000000000000044,1.4935105666518211,1.140391118824482,1.1770647820085287
md_fullq_dqn,807,326,89.08766712397338,80.88193113178016,30.97368361055851,58.11398381888866,1.5081087248399854,16938.583003997803,0.0,26.0,0.0,1.0,0.050000000000000044,1.9494580887258053,1.4890900552272797,1.5345600433647633
md_fullq_dqn,807,327,82.5507697686553,81.94257907755674,30.02445539087057,52.52631449699402,1.5179193057119846,16970.35673904419,0.0,23.0,0.0,0.0,0.050000000000000044,2.3863907903432846,1.8272554092109203,1.8637844286859035
md_fullq_dqn,807,328,85.27666267156602,83.099731932953,30.030472077429295,55.24619089961052,1.50484087318182,16972.271881103516,0.0,24.0,0.0,2.0,0.050000000000000044,1.9190175980329514,1.4671251773834229,1.5063079595565796
md_fullq_dqn,807,329,76.04108306765556,83.08314679220321,28.86165264248848,47.179430440068245,1.4694171957671642,16349.506462097168,0.0,23.0,0.0,1.0,0.050000000000000044,2.0358672346919775,1.556700225919485,1.5972233209758997
md_fullq_dqn,807,330,79.82650915533304,82.84725782334806,30.01141083985567,49.81509864330292,1.5482139103114605,17615.5234375,0.0,25.0,0.0,1.0,0.050000000000000044,2.2812973130494356,1.7440999243408442,1.7906580120325089
md_fullq_dqn,807,331,76.21914235502481,83.44185490660371,26.764767944812775,49.454373732209206,1.419328567571938,14975.82551574707,0.0,26.0,0.0,0.0,0.050000000000000044,1.7393384706228971,1.3300928231328726,1.3641521073877811
md_fullq_dqn,807,332,68.00714061707258,83.47757465451956,26.7803738117218,41.22676667869091,1.4283471005037427,15131.625171661377,0.0,21.0,0.0,3.0,0.050000000000000044,2.0386185944080353,1.5563952885568142,1.6074109561741352
md_fullq_dqn,807,333,86.32507298886776,83.7312732823938,29.36968284845352,56.955390840768814,1.5129918428137898,16523.2188911438,0.0,25.0,0.0,1.0,0.050000000000000044,1.8486309722065926,1.4112938232719898,1.4577904138714075
md_fullq_dqn,807,334,80.40241310149432,83.7121395149827,28.901453003287315,51.50096029937267,1.507416507229209,16566.335906982422,0.0,26.0,0.0,2.0,0.050000000000000044,2.075562749058008,1.5861009154468775,1.6315393429249525
md_fullq_dqn,807,335,77.54450684040785,82.92310838453473,29.141616605222225,48.40289002656937,1.4898750903084874,16166.59646987915,0.0,23.0,0.0,0.0,0.050000000000000044,1.692899089306593,1.2913192585110664,1.3385994210839272
md_fullq_dqn,807,336,85.26824434101582,83.28149186126889,29.93621187657118,55.332032054662704,1.4978269087150693,16415.208599090576,0.0,27.0,0.0,0.0,0.050000000000000044,2.3988201059401035,1.8351027611643076,1.8790577463805676
md_fullq_dqn,807,337,77.58275924026967,82.74399336598815,29.05951777100563,48.52324139475822,1.4836353603750467,15892.715812683105,0.0,23.0,0.0,1.0,0.050000000000000044,1.8123025260865688,1.3860720004886389,1.4207683391869068
md_fullq_dqn,807,338,100.65913463383913,83.10477401748301,34.95828969031572,65.70084482431412,1.6176559189334512,19308.247692108154,0.0,30.0,0.0,1.0,0.050000000000000044,2.3608285784721375,1.8049062341451645,1.853074437007308
md_fullq_dqn,807,339,71.05866362899542,82.47443047590555,27.641873501241207,43.41678988933563,1.4414855688810349,15407.870723724365,0.0,22.0,0.0,0.0,0.050000000000000044,1.8821377642452717,1.437206231057644,1.483105069026351
md_fullq_dqn,807,340,85.65200200676918,82.78178790323436,31.71357500553131,53.93842701613903,1.5644164429977536,17885.82399368286,0.0,25.0,0.0,2.0,0.050000000000000044,1.570167738944292,1.2002215906977654,1.2331537883728743
md_fullq_dqn,807,341,92.97294595837593,82.73257576040923,32.072979524731636,60.8999665081501,1.547503954730928,18090.02582550049,0.0,27.0,0.0,0.0,0.050000000000000044,2.1680234223604202,1.657754011452198,1.7008979339152575
md_fullq_dqn,807,342,80.15977104753256,82.28963169261813,29.86322456598282,50.2965461909771,1.5204184325411916,16948.54768562317,0.0,25.0,0.0,2.0,0.050000000000000044,2.0423519238829613,1.560181312263012,1.6072353273630142
md_fullq_dqn,807,343,95.24649495780469,83.15194730073213,32.58626554906368,62.66022869348526,1.5649453746154904,17910.89599609375,0.0,27.0,0.0,2.0,0.050000000000000044,2.3400536701083183,1.7908775322139263,1.830587225034833
md_fullq_dqn,807,344,80.10983371883631,83.47593714587393,30.20658354461193,49.90325025618076,1.5508276615291834,17241.961963653564,0.0,23.0,0.0,1.0,0.050000000000000044,1.9138973876833916,1.4634541384875774,1.5014774426817894
md_fullq_dqn,807,345,64.18937632590533,81.70900967746975,26.683156974613667,37.506219112873076,1.4010503450408578,14947.135093688965,0.0,18.0,0.0,1.0,0.050000000000000044,2.2986525781452656,1.7592501025646925,1.7980081010609865
md_fullq_dqn,807,346,78.36164482086897,81.17270856231453,28.506995178759098,49.854648822546004,1.4495004890486598,15634.322813034058,0.0,23.0,0.0,2.0,0.050000000000000044,2.3457195200026035,1.7957046292722225,1.8333828039467335
md_fullq_dqn,807,347,95.0753064751625,81.7989353976399,33.17601124942303,61.89929527044296,1.641171340830624,18974.167289733887,0.0,27.0,0.0,0.0,0.050000000000000044,1.7070487290620804,1.302328435704112,1.3490675948560238
md_fullq_dqn,807,348,87.84378573447466,81.92729155078533,33.16757436841726,54.67621039748192,1.5891684517264366,18843.533279418945,0.0,26.0,0.0,1.0,0.050000000000000044,1.766058661043644,1.3500791117548943,1.3865984603762627
md_fullq_dqn,807,349,93.5090891122818,82.80069185301662,31.843625634908676,61.665464490652084,1.5737387854605913,17825.902797698975,0.0,28.0,0.0,1.0,0.050000000000000044,1.7090803384780884,1.3039288613945246,1.3505048304796219
md_fullq_dqn,807,350,70.0067093372345,82.3097018621117,27.949459195137024,42.057249918580055,1.4492243491113186,15511.692514419556,0.0,22.0,0.0,1.0,0.050000000000000044,1.8320362009108067,1.400641730055213,1.4379815589636564
md_fullq_dqn,807,351,96.99863534569741,83.34867651164532,36.416898876428604,60.58173617124557,1.648831239901483,20178.32399749756,0.0,27.0,0.0,1.0,0.050000000000000044,2.1490196976810694,1.6421073842793703,1.6897076964378357
md_fullq_dqn,807,352,80.48991442471743,83.97281520202758,30.75737639516592,49.73253816366196,1.5167750529944897,17417.725887298584,0.0,23.0,0.0,2.0,0.050000000000000044,1.9738304018974304,1.5092542171478271,1.5485871862620115
md_fullq_dqn,807,353,96.17203613519669,84.46516335934402,31.496006838977337,64.67602951228619,1.572920298203826,17886.14950942993,0.0,30.0,0.0,3.0,0.050000000000000044,2.305873788893223,1.76516605168581,1.8023589737713337
md_fullq_dqn,807,354,87.71818810105324,84.83095210932197,32.090215280652046,55.627972745895384,1.55262122862041,17757.68662261963,0.0,25.0,0.0,2.0,0.050000000000000044,2.049443803727627,1.567885383963585,1.6051946990191936
md_fullq_dqn,807,355,78.54183452576399,84.88081849358977,27.74787276238203,50.79396149516106,1.479407660663128,16027.92375946045,0.0,25.0,0.0,0.0,0.050000000000000044,2.47262080013752,1.8922922015190125,1.9344285726547241
md_fullq_dqn,807,356,76.16443374454975,84.42562796376647,28.149426870048046,48.015007209777835,1.463572297245264,15749.233337402344,0.0,22.0,0.0,3.0,0.050000000000000044,2.1465726047754288,1.6437357030808926,1.676122970879078
md_fullq_dqn,807,357,80.56859172284604,84.57491958789528,29.65434178709984,50.914250710606574,1.5406929701566696,17050.79940032959,0.0,22.0,0.0,2.0,0.050000000000000044,1.8741902858018875,1.4310703296214342,1.477066446095705
md_fullq_dqn,807,358,84.4918885231018,83.76655728235842,30.608440935611725,53.88344696164131,1.5168100986629725,17036.733573913574,0.0,24.0,0.0,0.0,0.050000000000000044,2.0334259159862995,1.5539442617446184,1.598272118717432
md_fullq_dqn,807,359,75.96151454746723,84.011699828282,29.186278462409973,46.775235652923584,1.4792694877833128,16520.09685897827,0.0,24.0,0.0,0.0,0.050000000000000044,2.0468388125300407,1.5679431483149529,1.5963188726454973
md_fullq_dqn,807,360,93.81202061772346,84.41970075882972,31.663010329008102,62.1490100055933,1.5536453342065215,17891.284061431885,0.0,30.0,0.0,2.0,0.050000000000000044,2.4230973310768604,1.8545737620443106,1.8950784727931023
md_fullq_dqn,807,361,89.39511379599571,84.2408091507107,31.90674115717411,57.48837327957153,1.5740175684913993,18530.471565246582,0.0,26.0,0.0,0.0,0.050000000000000044,2.175380226224661,1.662408834323287,1.7099045272916555
md_fullq_dqn,807,362,85.48214370757341,84.50692778371275,29.779714234173298,55.70242950320244,1.5023789322003722,16891.853595733643,0.0,25.0,0.0,2.0,0.050000000000000044,1.8155952394008636,1.3874816223978996,1.4270453620702028
md_fullq_dqn,807,363,87.45621189624072,84.11741363063456,30.188363164663315,57.267848247289656,1.5037411833181977,16734.248710632324,0.0,25.0,0.0,1.0,0.050000000000000044,1.6763305589556694,1.2801933754235506,1.3204572908580303
md_fullq_dqn,807,364,92.75031654685736,84.74943777203562,30.854984164237976,61.8953321069479,1.5445555467158556,17427.041847229004,0.0,27.0,0.0,2.0,0.050000000000000044,1.977832080796361,1.5106563549488783,1.557252312079072
md_fullq_dqn,807,365,73.74672724455596,85.22730531796815,28.97445309907198,44.772274458408354,1.4748613135889173,16623.585510253906,0.0,23.0,0.0,1.0,0.050000000000000044,1.4521615095436573,1.1070173252373934,1.1504805833101273
md_fullq_dqn,807,366,72.41115506738424,84.92978083029391,28.06722266227007,44.34393268823624,1.4403527360409498,15621.547500610352,0.0,23.0,0.0,1.0,0.050000000000000044,1.8514032736420631,1.414569303393364,1.4561131410300732
md_fullq_dqn,807,367,67.20648350715638,83.53633968189361,27.359573855996132,39.84690926373005,1.4460815377533436,15500.956176757812,0.0,20.0,0.0,1.0,0.050000000000000044,2.295765608549118,1.7576569877564907,1.7936952710151672
md_fullq_dqn,807,368,76.1146911919117,82.94988495476545,28.90318187326193,47.211509549617766,1.4695621486753225,16085.802143096924,0.0,23.0,0.0,2.0,0.050000000000000044,1.9078460559248924,1.4573166780173779,1.5017645098268986
md_fullq_dqn,807,369,89.18400472402573,82.73363073535265,31.753434844315052,57.430569261312485,1.5824827319011092,18111.920459747314,0.0,28.0,0.0,1.0,0.050000000000000044,1.861145205795765,1.4226942751556635,1.461503081023693
md_fullq_dqn,807,370,61.149718734622,82.29078120522202,26.02622812986374,35.123491305112836,1.4222575314342976,14682.898733139038,0.0,17.0,0.0,2.0,0.050000000000000044,1.970508862286806,1.5052432715892792,1.5508852452039719
md_fullq_dqn,807,371,97.03763087838888,82.29273098185658,33.003499664366245,64.03413175046444,1.6130088800564408,18797.129726409912,0.0,28.0,0.0,0.0,0.050000000000000044,1.6821043863892555,1.2853740472346544,1.3224344309419394
md_fullq_dqn,807,372,96.39191181957722,83.08783085159958,33.72104322910309,62.670868486166,1.6077528139576316,19040.056480407715,0.0,27.0,0.0,2.0,0.050000000000000044,1.7653229739516973,1.3491917792707682,1.387103958055377
md_fullq_dqn,807,373,78.68738197535276,82.21359814360737,29.75944785028696,48.92793428897858,1.5096878604963422,16601.098209381104,0.0,24.0,0.0,1.0,0.050000000000000044,1.938409697264433,1.4807795640081167,1.5254337973892689
md_fullq_dqn,807,374,83.09287425875664,81.98233245149255,30.45100400596857,52.641870468854904,1.5170147381722927,17131.44899749756,0.0,26.0,0.0,0.0,0.050000000000000044,1.923086740076542,1.4673032853752375,1.519278110936284
md_fullq_dqn,807,375,75.50279651731253,81.83038055106998,27.49904079735279,48.00375589132309,1.436244965530932,15586.703582763672,0.0,23.0,0.0,2.0,0.050000000000000044,2.3995929956436157,1.837893096730113,1.8723329529166222
md_fullq_dqn,807,376,77.06197215765715,81.87525747172535,28.5965935587883,48.465378457307814,1.4953179750591516,16004.102111816406,0.0,22.0,0.0,1.0,0.050000000000000044,2.4353418052196503,1.865969404578209,1.8979078847914934
md_fullq_dqn,807,377,88.53546034693719,82.27360090292991,31.442589730024338,57.09287070631981,1.548238300718367,17690.61886405945,0.0,24.0,0.0,3.0,0.050000000000000044,2.4851506762206554,1.9007196370512247,1.94810339063406
md_fullq_dqn,807,378,101.71768038868905,83.1348904962093,33.67792847752571,68.03975225389004,1.603983880020678,18667.58194732666,0.0,30.0,0.0,1.0,0.050000000000000044,2.033471316099167,1.555221565067768,1.5941658280789852
md_fullq_dqn,807,379,61.22784323245287,82.39820693045856,25.829833030700684,35.398010432720184,1.4039337243884802,14231.377944946289,0.0,19.0,0.0,0.0,0.050000000000000044,2.1345857977867126,1.6313595175743103,1.6774208191782236
md_fullq_dqn,807,380,78.53048281371593,81.63413004025817,29.50650154799223,49.02398160099983,1.4842839166522026,16408.786727905273,0.0,24.0,0.0,0.0,0.050000000000000044,2.3309020027518272,1.7838879562914371,1.823380060493946
md_fullq_dqn,807,381,82.53569171577692,81.29115893624723,29.00879120081663,53.52690018713474,1.4961952548474073,16165.533596038818,0.0,26.0,0.0,0.0,0.050000000000000044,1.923698903992772,1.470594897866249,1.5103467181324959
md_fullq_dqn,807,382,76.70089555680752,80.85209652870894,27.745019659399986,48.95587562918663,1.4565962320193648,15557.246046066284,0.0,26.0,0.0,1.0,0.050000000000000044,2.1409492045640945,1.6371127925813198,1.6794546842575073
md_fullq_dqn,807,383,100.05949779748917,81.48226082377137,33.628113240003586,66.43138422966004,1.6115175150334835,18974.132209777832,0.0,30.0,0.0,1.0,0.050000000000000044,2.041766956448555,1.56085797958076,1.603029916062951
md_fullq_dqn,807,384,70.02514510601759,80.34600225172937,29.120509289205074,40.90463587641716,1.4570282138884068,16030.320835113525,0.0,20.0,0.0,0.0,0.050000000000000044,1.6194641403853893,1.2348652854561806,1.2819961626082659
md_fullq_dqn,807,385,86.23003240674734,80.97016750983894,29.669871397316456,56.56016130745411,1.512982458807528,17151.66152191162,0.0,25.0,0.0,1.0,0.050000000000000044,1.9745782278478146,1.5107605960220098,1.5460586976259947
md_fullq_dqn,807,386,74.77953543514013,81.08858652822673,28.500828571617603,46.27870652079582,1.463322026655078,16079.814014434814,0.0,23.0,0.0,0.0,0.050000000000000044,2.081167371943593,1.5937720108777285,1.6246511470526457
md_fullq_dqn,807,387,94.23787175863981,82.4401559408009,30.750417925417423,63.48745372891426,1.541445193812251,17541.18235206604,0.0,30.0,0.0,0.0,0.050000000000000044,1.7132979780435562,1.3097459450364113,1.3451734352856874
md_fullq_dqn,807,388,83.53183790445328,82.81101327642799,30.237249463796616,53.29458845555782,1.5467297844588757,17214.63429260254,0.0,25.0,0.0,3.0,0.050000000000000044,2.0437227487564087,1.5637058652937412,1.6000561825931072
md_fullq_dqn,807,389,80.28027941286564,82.36582701086999,29.650015003979206,50.630264580249786,1.5002500405535102,16626.125156402588,0.0,23.0,0.0,0.0,0.050000000000000044,2.08207268640399,1.5920428670942783,1.63343271240592
md_fullq_dqn,807,390,72.52799394130707,82.93474077120425,27.83270275592804,44.69529133439064,1.4531156560406089,15427.723201751709,0.0,22.0,0.0,2.0,0.050000000000000044,2.0173452123999596,1.5420896336436272,1.5841851904988289
md_fullq_dqn,807,391,83.86283378601074,82.27600091658533,28.07837826758623,55.78445527255535,1.44115508813411,15390.249700546265,0.0,25.0,0.0,2.0,0.050000000000000044,2.0772254168987274,1.5900425091385841,1.6239429861307144
md_fullq_dqn,807,392,74.71407856792212,81.19210925400259,27.358620584011078,47.355457469820976,1.4537864420562983,15449.130977630615,0.0,22.0,0.0,0.0,0.050000000000000044,2.225448355078697,1.7027582898736,1.7423001490533352
md_fullq_dqn,807,393,86.16219002008438,81.56584965623915,29.734933257102966,56.42725695669651,1.5273285619914532,16728.968425750732,0.0,26.0,0.0,1.0,0.050000000000000044,2.5688289031386375,1.9678777307271957,2.0031705126166344
md_fullq_dqn,807,394,78.29823292940856,81.32611758977175,28.01025953888893,50.287974113225935,1.4512371532619,15642.158857345581,0.0,22.0,0.0,1.0,0.050000000000000044,1.774861503392458,1.3574266098439693,1.391449484974146
md_fullq_dqn,807,395,58.995137341320515,80.50073463097215,24.95009407401085,34.04504315555096,1.3862050212919712,13964.824909210205,0.0,19.0,0.0,0.0,0.050000000000000044,1.6776893995702267,1.2824802305549383,1.3173639196902514
md_fullq_dqn,807,396,75.05468788146973,80.40037041716279,28.065067194402218,46.989620918035506,1.4778354354202747,15966.81318473816,0.0,23.0,0.0,1.0,0.050000000000000044,2.07877990975976,1.5908897332847118,1.626300511881709
md_fullq_dqn,807,397,70.99807081669569,79.5235009406507,27.371569760143757,43.626501235365865,1.439233393408358,15282.987432479858,0.0,23.0,0.0,2.0,0.050000000000000044,2.3667380549013615,1.812083762139082,1.848847633227706
md_fullq_dqn,807,398,83.38538452386857,78.60688614740968,30.121922224760056,53.263462686538695,1.5366161055862904,17498.55577468872,0.0,23.0,0.0,1.0,0.050000000000000044,2.425211511552334,1.8578999638557434,1.891038365662098
md_fullq_dqn,807,399,88.408172377944,79.96590260468425,31.737316988408566,56.67085556089878,1.530673272907734,17889.765663146973,0.0,27.0,0.0,1.0,0.050000000000000044,2.4852490089833736,1.9014169164001942,1.9461069721728563
md_fullq_dqn,807,400,61.01474952250719,79.09011594012381,25.636423274874687,35.37832603156566,1.3767700605094433,13903.516807556152,0.0,19.0,0.0,4.0,0.050000000000000044,2.5689914636313915,1.967206485569477,2.0059498213231564
md_fullq_dqn,807,401,69.98236405402422,78.46244955703617,24.835754714906216,45.14660916030407,1.4003556184470654,14622.095125198364,0.0,22.0,0.0,3.0,0.050000000000000044,1.8656655736267567,1.42616306245327,1.4650082420557737
md_fullq_dqn,807,402,86.38842280209064,78.94682591930032,30.809207782149315,55.5792149156332,1.5423221718519926,17451.219528198242,0.0,26.0,0.0,0.0,0.050000000000000044,1.9857112355530262,1.5175945907831192,1.560388669371605
md_fullq_dqn,807,403,80.0109735801816,77.94439970843493,28.45616675168276,51.5548071116209,1.4861131394281983,16287.545963287354,0.0,23.0,0.0,1.0,0.050000000000000044,2.2955822832882404,1.7562453001737595,1.7977898847311735
md_fullq_dqn,807,404,71.36618282049895,78.01145159415901,27.327843867242336,44.03833867013454,1.456849867478013,15613.3911819458,0.0,21.0,0.0,3.0,0.050000000000000044,1.8113803006708622,1.382847236469388,1.4284434672445059
md_fullq_dqn,807,405,65.48441106081009,76.97417052686214,27.23167582601309,38.25273510813713,1.4314720267429948,15353.014644622803,0.0,20.0,0.0,1.0,0.050000000000000044,2.3170700669288635,1.7728415504097939,1.8140949830412865
md_fullq_dqn,807,406,95.82732550054789,78.02656003013254,32.158677734434605,63.66864773631096,1.5977571392431855,18564.325889587402,0.0,29.0,0.0,0.0,0.050000000000000044,2.3769872337579727,1.8209948688745499,1.8533077239990234
md_fullq_dqn,807,407,60.13994714170694,76.32166379928589,24.680392988026142,35.45955390036106,1.3606869904324412,13709.655323028564,0.0,18.0,0.0,2.0,0.050000000000000044,2.050401296466589,1.565856585279107,1.615148939192295
md_fullq_dqn,807,408,74.68134365230799,75.87913908667862,28.5034606680274,46.177882969379425,1.483851890079677,16164.652248382568,0.0,24.0,0.0,0.0,0.050000000000000044,2.428957510739565,1.8582533672451973,1.9023470748215914
md_fullq_dqn,807,409,89.04016058146954,76.31713314510881,30.857850670814514,58.18230953812599,1.5423421617597342,17465.85608291626,0.0,28.0,0.0,2.0,0.050000000000000044,1.9358170293271542,1.478472001850605,1.5244833081960678
md_fullq_dqn,807,410,77.39681821763516,76.56057435892522,28.9395764619112,48.45724183022976,1.5146412085741758,16498.991611480713,0.0,22.0,0.0,3.0,0.050000000000000044,2.1947877071797848,1.6805625837296247,1.7140836864709854
md_fullq_dqn,807,411,92.90129399448634,77.012497369349,32.44006805866957,60.46122601032257,1.5912646306678653,18505.253204345703,0.0,26.0,0.0,2.0,0.050000000000000044,1.8123491667211056,1.3839947320520878,1.4278480410575867
md_fullq_dqn,807,412,86.62175916433334,77.60788139916957,30.385722309350967,56.23603691458702,1.5238373801112175,17024.303855895996,0.0,27.0,0.0,3.0,0.050000000000000044,2.0583741441369057,1.5743400640785694,1.6134467534720898
md_fullq_dqn,807,413,79.55281686931849,77.27741274163128,29.072811879217625,50.480005317926405,1.4982714243233204,16399.875801086426,0.0,22.0,0.0,1.0,0.050000000000000044,2.3769448921084404,1.8178696669638157,1.8635840378701687
md_fullq_dqn,807,414,94.26710186898708,78.0758561886102,31.898821234703064,62.36828055977821,1.561679294332862,18199.340244293213,0.0,28.0,0.0,1.0,0.050000000000000044,2.2840289808809757,1.7483516931533813,1.7855909503996372
md_fullq_dqn,807,415,76.27280040979386,78.93973934203387,28.26250647753477,48.010293850302695,1.4583178190514445,15819.014827728271,0.0,24.0,0.0,1.0,0.050000000000000044,2.1450116485357285,1.6413220260292292,1.6789652351289988
md_fullq_dqn,807,416,81.6941968202591,79.27171478897336,28.570279449224472,53.123917654156685,1.4863883331418037,16062.838605880737,0.0,25.0,0.0,0.0,0.050000000000000044,2.2362566143274307,1.7108301222324371,1.751421619206667
md_fullq_dqn,807,417,80.50340147316456,79.74698132179678,30.322846189141273,50.1805555075407,1.537739783525467,17193.967475891113,0.0,25.0,0.0,0.0,0.050000000000000044,1.93031320348382,1.4763600900769234,1.5131769869476557
md_fullq_dqn,807,418,69.14263923615218,79.03484405741096,28.398297615349293,40.74434156119823,1.474649197421968,15956.429943084717,0.0,20.0,0.0,2.0,0.050000000000000044,1.938850125297904,1.4812931921333075,1.5251897536218166
md_fullq_dqn,807,419,71.86453220397235,78.20766204871238,27.527563393115997,44.33696853518486,1.4367265021428466,15457.612392425537,0.0,22.0,0.0,1.0,0.050000000000000044,1.6415351890027523,1.2541052978485823,1.2914329748600721
md_fullq_dqn,807,420,90.24354091286659,79.66910161823034,30.58399324864149,59.65954773128033,1.5158791411668062,16854.664882659912,0.0,27.0,0.0,0.0,0.050000000000000044,2.172803934663534,1.6616645976901054,1.7037977203726768
md_fullq_dqn,807,421,60.79557811617851,79.20976232133808,26.370886504650116,34.42469131350517,1.3947199508547783,14073.484901428223,0.0,18.0,0.0,1.0,0.050000000000000044,2.130776561796665,1.6291957832872868,1.671935923397541
md_fullq_dqn,807,422,92.46236281096935,79.513459321782,32.06005418300629,60.402308985590935,1.5719569129869342,18375.205810546875,0.0,27.0,0.0,0.0,0.050000000000000044,1.9138109162449837,1.462451446801424,1.5045315437018871
md_fullq_dqn,807,423,92.08454569578171,80.11713792756201,32.912026695907116,59.17251866459846,1.5825665518641472,18916.52353286743,0.0,27.0,0.0,1.0,0.050000000000000044,1.8019655961543322,1.3781559877097607,1.4126985743641853
md_fullq_dqn,807,424,78.08200857192278,80.4529292151332,28.269124269485474,49.81288428008556,1.4695265041664243,16341.462608337402,0.0,25.0,0.0,1.0,0.050000000000000044,2.4064457528293133,1.8413328547030687,1.883709667250514
md_fullq_dqn,807,425,95.02157222628594,81.929787273407,33.11070530116558,61.91086711883545,1.59829758759588,18999.9239692688,0.0,27.0,0.0,1.0,0.050000000000000044,2.230763804167509,1.7068252190947533,1.7464617919176817
md_fullq_dqn,807,426,82.1258410513401,81.24471305094661,29.6980891674757,52.427751675248146,1.5094764288514853,16426.434635162354,0.0,25.0,0.0,0.0,0.050000000000000044,2.091434471309185,1.5993729550391436,1.6402049697935581
md_fullq_dqn,807,427,88.41245077550411,82.65833823263647,29.55479410290718,58.857656598091125,1.5188662679865956,16796.106452941895,0.0,27.0,0.0,0.0,0.050000000000000044,2.0642258636653423,1.5782627761363983,1.61987691745162
md_fullq_dqn,807,428,75.23191572725773,82.68586683638395,26.32647282630205,48.90544255077839,1.429855976253748,15186.056034088135,0.0,24.0,0.0,1.0,0.050000000000000044,2.179320288822055,1.6677759401500225,1.7051477376371622
md_fullq_dqn,807,429,90.10181453824043,82.73894953422248,31.454553119838238,58.647261530160904,1.5881772004067898,18189.85637664795,0.0,27.0,0.0,1.0,0.050000000000000044,2.2081384398043156,1.6899595074355602,1.7272630631923676
md_fullq_dqn,807,430,89.35034503340721,83.3366258750111,30.684139788150787,58.666204917430875,1.5320300366729498,17302.481575012207,0.0,27.0,0.0,2.0,0.050000000000000044,1.9797640815377235,1.5127233117818832,1.5568024665117264
md_fullq_dqn,807,431,94.052748657763,83.39419860817492,34.17667195945978,59.87607705593109,1.625063038431108,19625.64513015747,0.0,26.0,0.0,3.0,0.050000000000000044,2.148000093176961,1.6444866862148046,1.678378051146865
md_fullq_dqn,807,432,83.15225396305323,83.22072334811091,28.78344515711069,54.36880838871002,1.4570453949272633,15961.005031585693,0.0,24.0,0.0,1.0,0.050000000000000044,2.368814580142498,1.8123815450817347,1.8547766469419003
md_fullq_dqn,807,433,82.80564154833556,83.38336458206177,30.372229851782322,52.43341110050678,1.535177799873054,17401.201065063477,0.0,23.0,0.0,1.0,0.050000000000000044,1.9988819025456905,1.527067283168435,1.572715261951089
md_fullq_dqn,807,434,73.72583457827568,82.3563012175262,26.241221502423286,47.484613090753555,1.4483830081298947,15086.906032562256,0.0,22.0,0.0,1.0,0.050000000000000044,2.1776158213615417,1.6665958128869534,1.703400008380413
md_fullq_dqn,807,435,69.0087746232748,81.99309992820025,27.502576373517513,41.506198182702065,1.4501940896734595,15290.856908798218,0.0,22.0,0.0,0.0,0.050000000000000044,2.111109748482704,1.614842563867569,1.6542239338159561
md_fullq_dqn,807,436,77.38526539504528,81.77765335693957,28.443921230733395,48.9413436204195,1.4658261984586716,15762.199657440186,0.0,22.0,0.0,0.0,0.050000000000000044,2.1591599322855473,1.6514325086027384,1.6924247667193413
md_fullq_dqn,807,437,85.3041886985302,82.01769271820784,31.283841893076897,54.020347222685814,1.5400097165256739,17801.457061767578,0.0,26.0,0.0,0.0,0.050000000000000044,2.0662745535373688,1.5820834748446941,1.6139701753854752
md_fullq_dqn,807,438,108.12526622414589,83.96682406760752,35.9210799112916,72.20418700575829,1.6629598876461387,20131.032051086426,0.0,32.0,0.0,0.0,0.050000000000000044,2.2816453352570534,1.7459790371358395,1.785554300993681
md_fullq_dqn,807,439,91.66386214792729,84.95679056480529,29.869759276509285,61.794103080034255,1.5166895845904946,16870.619884490967,0.0,27.0,0.0,2.0,0.050000000000000044,1.785625547170639,1.365468392148614,1.40052374266088
md_fullq_dqn,807,440,79.57940281182528,84.4235836597532,26.15024945139885,53.42915336787701,1.4379026414826512,15103.237117767334,0.0,27.0,0.0,0.0,0.050000000000000044,2.6691291332244873,2.042555483058095,2.088578786700964
md_fullq_dqn,807,441,89.55119736790657,85.86136462233961,31.636984646320343,57.914212363958356,1.559541086666286,17951.86856842041,0.0,27.0,0.0,2.0,0.050000000000000044,2.209898956120014,1.6921875588595867,1.7257046215236187
md_fullq_dqn,807,442,83.78837139904499,85.42766505174339,29.123462110757828,54.66490960121155,1.479669975116849,16150.319957733154,0.0,25.0,0.0,1.0,0.050000000000000044,2.100109688937664,1.6074731089174747,1.642121920362115
md_fullq_dqn,807,443,71.36847942695022,84.39186173830181,28.411063607782125,42.957415625452995,1.432320225983858,15707.161443710327,0.0,22.0,0.0,1.0,0.050000000000000044,1.9625470153987408,1.5019441395998,1.5353429540991783
md_fullq_dqn,807,444,72.84020189344884,84.12977140437812,27.145089581608772,45.69511235654354,1.4388819513842463,15286.180912017822,0.0,23.0,0.0,2.0,0.050000000000000044,2.3853413611650467,1.8259246088564396,1.86472237855196
md_fullq_dqn,807,445,75.91782365739346,83.1745839759335,27.460355527698994,48.45746797323227,1.4274745155125856,15207.679012298584,0.0,25.0,0.0,1.0,0.050000000000000044,1.9226173907518387,1.4681602381169796,1.5148570984601974
md_fullq_dqn,807,446,81.30346024781466,83.13346493575722,30.81229852885008,50.4911620169878,1.551892302930355,17529.826555252075,0.0,24.0,0.0,0.0,0.050000000000000044,3.1090291179716587,2.3823190331459045,2.4223668575286865
md_fullq_dqn,807,447,81.67052811384201,82.79636880267412,29.453131519258022,52.217396795749664,1.5191417122259736,17146.48825454712,0.0,23.0,0.0,0.0,0.050000000000000044,2.3791119903326035,1.8222648203372955,1.856157124042511
md_fullq_dqn,807,448,60.10574372410774,82.04006020251661,24.865235336124897,35.24050876796245,1.3738761497661471,13991.430980682373,0.0,18.0,0.0,2.0,0.050000000000000044,2.0847082622349262,1.5944355502724648,1.634242346510291
md_fullq_dqn,807,449,87.0369659140706,81.88681777130813,30.46896480768919,56.56800124049187,1.5210359683260322,17484.095211029053,0.0,27.0,0.0,0.0,0.050000000000000044,2.171213500201702,1.6616917308419943,1.6984057500958443
md_fullq_dqn,807,450,85.52620411068202,81.69561072517186,31.58583114296198,53.94037271440029,1.526407509110868,17445.705213546753,0.0,25.0,0.0,2.0,0.050000000000000044,2.091239646077156,1.5996442139148712,1.6386514157056808
md_fullq_dqn,807,451,81.09257058054209,81.04760182131082,27.42020619660616,53.67236426472664,1.4638001006096601,15980.390018463135,0.0,25.0,0.0,1.0,0.050000000000000044,1.9934766814112663,1.5248799417167902,1.561989076435566
md_fullq_dqn,807,452,64.01008073985577,80.09049316015094,25.55656687915325,38.453514233231544,1.3753846446052194,14020.724113464355,0.0,21.0,0.0,0.0,0.050000000000000044,2.389703433960676,1.8303079959005117,1.8646513298153877
md_fullq_dqn,807,453,79.07539084702731,79.90398062508555,29.75703025609255,49.3183609187603,1.512624048627913,16812.92282485962,0.0,24.0,0.0,2.0,0.050000000000000044,2.2612161077558994,1.7298541888594627,1.7712063677608967
md_fullq_dqn,807,454,84.40977737605571,80.43817776497454,28.441051959991455,55.96872529685497,1.4865395575761795,16187.347351074219,0.0,26.0,0.0,2.0,0.050000000000000044,1.9066786915063858,1.4579724539071321,1.495687298476696
md_fullq_dqn,807,455,73.9935470610857,80.68741638686508,27.874055087566376,46.11949245035648,1.4730725279077888,15945.191638946533,0.0,23.0,0.0,1.0,0.050000000000000044,2.0568839088082314,1.5738624185323715,1.6100714653730392
md_fullq_dqn,807,456,81.80887848287821,80.90859704125674,29.95973650366068,51.84914166629314,1.5171173317357898,17047.599742889404,0.0,24.0,0.0,2.0,0.050000000000000044,2.444530613720417,1.871939167380333,1.9086381308734417
md_fullq_dqn,807,457,65.21748481839896,79.90426184725018,26.812292523682117,38.40519250333309,1.4251698665320873,15133.316120147705,0.0,19.0,0.0,1.0,0.050000000000000044,2.1722025014460087,1.661867942661047,1.7011151872575283
md_fullq_dqn,807,458,87.91216042637825,78.89360655736179,33.35223272442818,54.55992725491524,1.5701697617769241,18717.293041229248,0.0,24.0,0.0,1.0,0.050000000000000044,1.9634816646575928,1.5028256084769964,1.535520140081644
md_fullq_dqn,807,459,65.42323709428311,77.58157530467959,26.3791406750679,39.044096329808234,1.451481212861836,15724.538291931152,0.0,19.0,0.0,1.0,0.050000000000000044,1.7057056948542595,1.3033245671540499,1.341270400211215
md_fullq_dqn,807,460,61.314290788769725,76.6683197035268,25.039241917431355,36.275048685073855,1.3734920909628272,13878.527572631836,0.0,18.0,0.0,4.0,0.050000000000000044,1.8688116502016783,1.4291166737675667,1.4656498655676842
md_fullq_dqn,807,461,75.99784261882306,75.99065196607263,27.844817347824574,48.15302445888519,1.450201092287898,15593.869661331177,0.0,24.0,0.0,3.0,0.050000000000000044,2.0003210715949535,1.5302488468587399,1.5669073704630136
md_fullq_dqn,807,462,83.14679434895515,75.95857311356814,29.77308562397957,53.3737088739872,1.5083567947149277,17018.000854492188,0.0,24.0,0.0,0.0,0.050000000000000044,2.1424403712153435,1.6398522518575191,1.6752936597913504
md_fullq_dqn,807,463,79.6702428907156,76.3736612867564,28.611288592219353,51.05895417928696,1.4689807882532477,16224.430019378662,0.0,26.0,0.0,0.0,0.050000000000000044,2.574289631098509,1.9730673842132092,2.004074040800333
md_fullq_dqn,807,464,95.77665790468454,77.5204840873182,32.80357217788696,62.97308546602726,1.5801085317507386,18478.49962234497,0.0,27.0,0.0,3.0,0.050000000000000044,2.177397508174181,1.6679527182132006,1.6981491893529892
md_fullq_dqn,807,465,68.73692152947187,77.1614389809221,26.800122015178204,41.936799961328504,1.3928483938798308,15096.935096740723,0.0,22.0,0.0,3.0,0.050000000000000044,2.1202764958143234,1.6220400035381317,1.6607882864773273
md_fullq_dqn,807,466,81.64487911760807,77.17850992441177,30.593090742826462,51.051788717508316,1.5427620839327574,17660.101524353027,0.0,25.0,0.0,2.0,0.050000000000000044,2.3208958730101585,1.776332851499319,1.8152099084109068
md_fullq_dqn,807,467,81.14037209749222,77.15200212359429,31.945773243904114,49.194598868489265,1.5513866525143385,17467.92423248291,0.0,23.0,0.0,2.0,0.050000000000000044,2.011248230934143,1.537671685218811,1.5785884764045477
md_fullq_dqn,807,468,89.8016609698534,78.63679798588157,30.684384360909462,59.11727696657181,1.5664210999384522,17645.50852584839,0.0,27.0,0.0,2.0,0.050000000000000044,2.3207739368081093,1.7740578725934029,1.8223866894841194
md_fullq_dqn,807,469,65.1107201948762,77.54048569992185,26.415516190230846,38.69520318508148,1.4292849795892835,14751.416885375977,0.0,20.0,0.0,1.0,0.050000000000000044,2.495729759335518,1.913763117045164,1.9398888126015663
md_fullq_dqn,807,470,78.54011259377003,77.19118112407625,29.20257817208767,49.33753445148468,1.5090590864419937,16955.997703552246,0.0,24.0,0.0,2.0,0.050000000000000044,1.690667213872075,1.2947957217693329,1.31957165338099
md_fullq_dqn,807,471,72.99743002653122,76.78642409637571,27.87404727190733,45.12338230013847,1.4497019844129682,15883.96322631836,0.0,21.0,0.0,0.0,0.050000000000000044,1.8996083550155163,1.453750368207693,1.4861931819468737
md_fullq_dqn,807,472,74.82102565467358,77.3269713421166,27.270364440977573,47.550661474466324,1.4479713942855597,15371.916645050049,0.0,23.0,0.0,1.0,0.050000000000000044,2.024370525032282,1.5498032663017511,1.5818908028304577
md_fullq_dqn,807,473,94.4670790284872,78.09655575118958,30.889098346233368,63.5779805034399,1.5451247906312346,17814.49635696411,0.0,28.0,0.0,1.0,0.050000000000000044,2.473345525562763,1.8944459930062294,1.9296650923788548
md_fullq_dqn,807,474,69.86346718370915,77.36924024157227,27.815817832946777,42.04764970839024,1.463408950716257,15655.59941482544,0.0,21.0,0.0,3.0,0.050000000000000044,2.190129403024912,1.6748317535966635,1.7176587209105492
md_fullq_dqn,807,475,87.35378263890743,78.03725202046334,31.29476721584797,56.05901591479778,1.5039960211142898,17363.06492614746,0.0,27.0,0.0,0.0,0.050000000000000044,1.9171072728931904,1.465851666405797,1.5041852984577417
md_fullq_dqn,807,476,74.49520279616118,77.67156823612751,27.68463921546936,46.81056363284588,1.456234104000032,15415.616010665894,0.0,22.0,0.0,1.0,0.050000000000000044,2.547241773456335,1.9541037678718567,1.9771267045289278
md_fullq_dqn,807,477,70.82202627658845,77.95179530903698,27.76061925292015,43.061407113075255,1.4528955947607756,15660.989582061768,0.0,22.0,0.0,3.0,0.050000000000000044,2.045746024698019,1.5627216678112745,1.6100811548531055
md_fullq_dqn,807,478,76.44661179333926,77.37851787738504,29.095712311565876,47.350899362564085,1.4769609654322267,15941.528589248657,0.0,22.0,0.0,1.0,0.050000000000000044,2.6739538311958313,2.0467863492667675,2.0905582681298256
md_fullq_dqn,807,479,73.693567712605,77.79203440830113,27.55937621742487,46.134191510081294,1.458101817406714,15707.117084503174,0.0,21.0,0.0,3.0,0.050000000000000044,2.062177177518606,1.5792857110500336,1.6096380669623613
md_fullq_dqn,807,480,81.51390461325646,78.80201509952546,29.068015582859516,52.445889320969584,1.484339129179716,16055.833236694336,0.0,24.0,0.0,3.0,0.050000000000000044,2.1451271269470453,1.64170459844172,1.678074924275279
md_fullq_dqn,807,481,67.25423323512078,78.36483463034035,26.4233750551939,40.830858224630354,1.4325880017131567,15235.536865234375,0.0,20.0,0.0,1.0,0.050000000000000044,2.1383314449340105,1.6360172871500254,1.67438043653965
md_fullq_dqn,807,482,72.89913910776377,77.85245186828078,27.917870447039604,44.98126813173294,1.4656127411872149,15464.96474647522,0.0,22.0,0.0,1.0,0.050000000000000044,2.0698759220540524,1.5821606051176786,1.6257177498191595
md_fullq_dqn,807,483,77.75301426649094,77.75659043706955,25.923424474895,51.829590022563934,1.4409202057868242,14848.270961761475,0.0,25.0,0.0,1.0,0.050000000000000044,2.2529002893716097,1.724645348265767,1.7608498223125935
md_fullq_dqn,807,484,70.25334510505199,76.48042479708792,27.40216365456581,42.85118115246296,1.4530524024739861,15501.80604171753,0.0,22.0,0.0,2.0,0.050000000000000044,1.9161083027720451,1.4641552213579416,1.506510278210044
md_fullq_dqn,807,485,88.61960458308458,77.47455894976854,30.02891280502081,58.59069150984287,1.4971881313249469,16836.737743377686,0.0,26.0,0.0,2.0,0.050000000000000044,2.149986568838358,1.6453406251966953,1.682153020054102
md_fullq_dqn,807,486,71.3442920178175,76.95952959477901,26.38541539758444,44.95887600183487,1.4278701534494758,15213.573650360107,0.0,22.0,0.0,2.0,0.050000000000000044,2.2435904033482075,1.7183951623737812,1.7506506443023682
md_fullq_dqn,807,487,83.66745033860207,77.0858835068345,30.371897265315056,53.29555344581604,1.5057215988636017,17199.698272705078,0.0,25.0,0.0,0.0,0.050000000000000044,2.3490076772868633,1.7976265717297792,1.8379368968307972
md_fullq_dqn,807,488,79.35609833151102,76.56360537491739,27.382578037679195,51.973521023988724,1.457337317056954,15626.681011199951,0.0,25.0,0.0,1.0,0.050000000000000044,2.4862387478351593,1.9027323201298714,1.945021390914917
md_fullq_dqn,807,489,80.74419514089823,77.34527912221849,28.847473084926605,51.89672194421291,1.490554311312735,16157.530458450317,0.0,24.0,0.0,1.0,0.050000000000000044,1.6517081428319216,1.2627838142216206,1.2964143641293049
md_fullq_dqn,807,490,83.02733687609434,77.5696403363347,28.4837429523468,54.543593886494634,1.4646239932626486,15924.778369903564,0.0,25.0,0.0,3.0,0.050000000000000044,2.2674913965165615,1.737084848806262,1.7680217511951923
md_fullq_dqn,807,491,69.23324344307184,77.38143100716174,26.563774555921555,42.66946893930435,1.4306856244802475,15090.421878814697,0.0,22.0,0.0,1.0,0.050000000000000044,2.699393317103386,2.0689617469906807,2.1014384739100933
md_fullq_dqn,807,492,72.35734613239765,77.25824703104794,26.82846250385046,45.52888321876526,1.4366261269897223,15306.11368560791,0.0,23.0,0.0,1.0,0.050000000000000044,1.8986744079738855,1.4520266614854336,1.4888257924467325
md_fullq_dqn,807,493,75.50589525699615,76.31018784247338,26.218015540391207,49.28787982463837,1.4311701292172074,15132.114364624023,0.0,23.0,0.0,0.0,0.050000000000000044,2.3583819195628166,1.804719291627407,1.8455420415848494
md_fullq_dqn,807,494,70.56486977934837,76.34525797225534,26.066133245825768,44.49873625040054,1.4285655915737152,14518.148529052734,0.0,21.0,0.0,3.0,0.050000000000000044,1.812951559200883,1.3863973636180162,1.421847190707922
md_fullq_dqn,807,495,84.24506758451462,76.1898222195357,29.279068879783154,54.96599828004837,1.5302145378664136,17101.104526519775,0.0,25.0,0.0,2.0,0.050000000000000044,2.708382695913315,2.07301452383399,2.117893800139427
md_fullq_dqn,807,496,72.79094614982606,76.10460938721896,26.78611009567976,46.00483635962009,1.4374033929780126,15218.284049987793,0.0,23.0,0.0,1.0,0.050000000000000044,2.2298700995743275,1.7064690291881561,1.7446701265871525
md_fullq_dqn,807,497,86.51333897560835,76.88917502216995,29.805999524891376,56.70733940601349,1.505219066515565,17037.545253753662,0.0,25.0,0.0,1.0,0.050000000000000044,2.66155918687582,2.0377845987677574,2.079248545691371
md_fullq_dqn,807,498,80.25024611502886,77.07935673825443,28.040011756122112,52.21023389697075,1.4729867335408926,15926.310134887695,0.0,25.0,0.0,3.0,0.050000000000000044,1.8978102318942547,1.4518792238086462,1.4864366576075554
md_fullq_dqn,807,499,89.50770761966706,77.87006373360754,31.009981989860535,58.49772625565529,1.573271555826068,17899.25856399536,0.0,27.0,0.0,1.0,0.050000000000000044,2.3230106346309185,1.779884109273553,1.8104217629879713
md_fullq_dqn,807,500,91.76182553321124,78.38245977960528,32.133536122739315,59.62828887403011,1.5743332793936133,18264.673568725586,0.0,27.0,0.0,1.0,0.050000000000000044,2.291493073105812,1.7543377187103033,1.7905177436769009
md_fullq_dqn,807,501,73.3514544531703,78.68732084050775,27.63899616897106,45.712458530068396,1.4377120668068528,15771.08071899414,0.0,21.0,0.0,1.0,0.050000000000000044,2.1881410405039787,1.6745652295649052,1.7119192872196436
md_fullq_dqn,807,502,81.8513361364603,79.13493069194259,28.14354172348976,53.707794442772865,1.4806148642674088,16106.87080001831,0.0,26.0,0.0,2.0,0.050000000000000044,1.9412324577569962,1.4842990022152662,1.5231114588677883
md_fullq_dqn,807,503,75.68743783980608,79.03165187060833,27.32683166116476,48.36060620844364,1.4465055260807276,15634.579933166504,0.0,25.0,0.0,1.0,0.050000000000000044,2.4188404753804207,1.8512945882976055,1.8918196372687817
md_fullq_dqn,807,504,91.30207533538342,80.08408838212492,31.31523062288761,59.98684453368187,1.5666662771254778,17994.24010848999,0.0,27.0,0.0,1.0,0.050000000000000044,3.304587200284004,2.534566082060337,2.5667370557785034
md_fullq_dqn,807,505,85.43374691903591,79.92479549892246,29.219198867678642,56.21454721689224,1.5108747389167547,16691.815589904785,0.0,26.0,0.0,2.0,0.050000000000000044,2.8211355693638325,2.1629495695233345,2.1939533352851868
md_fullq_dqn,807,506,97.91836680471897,81.25349923826755,33.298260286450386,64.62010651826859,1.6110129123553634,19090.734718322754,0.0,28.0,0.0,0.0,0.050000000000000044,2.038844220340252,1.5595756191760302,1.597561975941062
md_fullq_dqn,807,507,83.74154065549374,81.25720375411213,28.272122114896774,55.46941927075386,1.4667223626747727,15878.643892288208,0.0,26.0,0.0,2.0,0.050000000000000044,2.2014037668704987,1.6828713435679674,1.7284414246678352
md_fullq_dqn,807,508,74.72499413788319,81.02564854443074,28.030569776892662,46.69442443549633,1.451348084025085,15338.656841278076,0.0,22.0,0.0,0.0,0.050000000000000044,2.4786813259124756,1.8987583331763744,1.9330767020583153
md_fullq_dqn,807,509,89.45001613348722,81.46093959406019,30.495296992361546,58.95471924543381,1.542493175715208,17194.645141601562,0.0,27.0,0.0,0.0,0.050000000000000044,2.4166122246533632,1.8514683991670609,1.8838128428906202
md_fullq_dqn,807,510,72.66476477086545,80.94281098879874,26.826992504298687,45.83777264654636,1.4384028986096382,14987.130626678467,0.0,22.0,0.0,3.0,0.050000000000000044,2.2571144811809063,1.7289396300911903,1.7605827674269676
md_fullq_dqn,807,511,79.60799405872822,81.46154851958157,28.889089055359364,50.71890550255775,1.4739044439047575,16051.559886932373,0.0,24.0,0.0,2.0,0.050000000000000044,2.0005343183875084,1.5305955186486244,1.5664625726640224
md_fullq_dqn,807,512,91.40937405228615,82.41414991557599,31.8873470723629,59.522027322649954,1.5840835142880678,18192.97830581665,0.0,27.0,0.0,1.0,0.050000000000000044,2.6712646931409836,2.043009877204895,2.094182774424553
md_fullq_dqn,807,513,68.81389937698842,82.07955012157562,25.42522083222866,43.38867870867252,1.4132714634761214,14733.58491897583,0.0,21.0,0.0,2.0,0.050000000000000044,2.322885310277343,1.7775028869509697,1.8179413434118032
md_fullq_dqn,807,514,81.52333779633045,82.62747352242471,28.90198816359043,52.62134948372841,1.505291379056871,16396.948192596436,0.0,23.0,0.0,0.0,0.050000000000000044,2.430849924683571,1.8597516138106585,1.9036609288305044
md_fullq_dqn,807,515,62.572778418660164,81.543859064132,24.85827089101076,37.71450772881508,1.370024148374796,13714.74280166626,0.0,20.0,0.0,2.0,0.050000000000000044,2.0300692580640316,1.552484668791294,1.5919485334306955
md_fullq_dqn,807,516,90.60507634431124,82.43456557385625,31.24232793599367,59.36274843811989,1.5705339750275016,17893.742042541504,0.0,26.0,0.0,2.0,0.050000000000000044,2.4320999570190907,1.8621898852288723,1.8997000977396965
md_fullq_dqn,807,517,83.42352933585644,82.28007509186865,32.17742347717285,51.246105471253394,1.5539777968078852,17914.060764312744,0.0,26.0,0.0,1.0,0.050000000000000044,1.907534645870328,1.4594606813043356,1.4935798831284046
md_fullq_dqn,807,518,87.12956167310476,82.62404086977244,31.89011226594448,55.23944917619228,1.5535816689953208,18027.509407043457,0.0,26.0,0.0,2.0,0.050000000000000044,2.4560875594615936,1.8795947581529617,1.921642616391182
md_fullq_dqn,807,519,80.10569451153279,82.15394021436575,28.818527087569237,51.28716748356819,1.4873750107362866,16124.475444793701,0.0,26.0,0.0,1.0,0.050000000000000044,1.8477519005537033,1.4133719727396965,1.4479330480098724
md_fullq_dqn,807,520,83.33972375988961,81.73283512569965,28.963817551732063,54.37590611875057,1.494549727998674,16266.704544067383,0.0,24.0,0.0,1.0,0.050000000000000044,2.2970758471637964,1.759005507454276,1.7935676351189613
md_fullq_dqn,807,521,69.46021560579538,81.5382731833309,27.129523403942585,42.330692410469055,1.4573672488331795,15359.808738708496,0.0,20.0,0.0,2.0,0.050000000000000044,1.7039284091442823,1.3031237740069628,1.3360153809189796
md_fullq_dqn,807,522,92.15162617266178,82.05328768514097,31.838332757353783,60.31329360902309,1.5830783555284142,18060.250888824463,0.0,28.0,0.0,2.0,0.050000000000000044,2.4734109435230494,1.8953024316579103,1.9270282499492168
md_fullq_dqn,807,523,81.25255075842142,82.33154333107174,28.69464171677828,52.55790926516056,1.459223852492869,16042.61156463623,0.0,25.0,0.0,0.0,0.050000000000000044,1.8396776914596558,1.4079396668821573,1.4391266498714685
md_fullq_dqn,807,524,62.01107066124678,80.8669930973649,24.651421137154102,37.359649777412415,1.3785318164154887,13754.515850067139,0.0,19.0,0.0,3.0,0.050000000000000044,2.238001275807619,1.71439940482378,1.745339460670948
md_fullq_dqn,807,525,88.21352090835572,81.0059817968309,32.009061485528946,56.20445912480354,1.5781930284574628,18302.950267791748,0.0,27.0,0.0,1.0,0.050000000000000044,2.0769586339592934,1.5898265093564987,1.623773628845811
md_fullq_dqn,807,526,71.33347649127245,79.67673728115858,26.05481943488121,45.278656989336014,1.4299833793193102,14832.820390701294,0.0,23.0,0.0,0.0,0.050000000000000044,1.8451617509126663,1.4118196405470371,1.4444735571742058
md_fullq_dqn,807,527,76.66260337084532,79.32279041692615,27.90009642392397,48.76250657439232,1.4448940018191934,15463.179580688477,0.0,23.0,0.0,0.0,0.050000000000000044,2.2313611805438995,1.7085648644715548,1.7426542676985264
md_fullq_dqn,807,528,76.26307755112649,79.39969458758833,27.66209287941456,48.60098495483398,1.482769993133843,15916.055946350098,0.0,23.0,0.0,1.0,0.050000000000000044,2.647589113563299,2.0290340688079596,2.06185020878911
md_fullq_dqn,807,529,83.58870964497328,79.10662926316262,30.00209564715624,53.58661423623562,1.5262635182589293,17434.207263946533,0.0,24.0,0.0,1.0,0.050000000000000044,2.2709650211036205,1.7380568981170654,1.7763602659106255
md_fullq_dqn,807,530,89.0550562530756,79.92614383727314,30.023592978715897,59.03146315515041,1.5322330668568611,17083.087116241455,0.0,26.0,0.0,1.0,0.050000000000000044,2.146637298166752,1.6441578920930624,1.6749312430620193
md_fullq_dqn,807,531,76.79217446744443,79.78535285770894,27.953244268894196,48.83893052637577,1.4675051113590598,16119.258071899414,0.0,22.0,0.0,1.0,0.050000000000000044,2.427045948803425,1.8599051088094711,1.8904694058001041
md_fullq_dqn,807,532,82.63498331010342,79.3466333205998,29.542642198503017,53.09234110414982,1.5275577493011951,17253.17136001587,0.0,25.0,0.0,4.0,0.050000000000000044,1.955190159380436,1.4952270425856113,1.5332104302942753
md_fullq_dqn,807,533,53.85425267070532,78.59865098528566,24.310402490198612,29.54385009109974,1.35926269646734,13576.061653137207,0.0,16.0,0.0,3.0,0.050000000000000044,2.5827159211039543,1.9789861217141151,2.0124325528740883
md_fullq_dqn,807,534,61.54510137438774,77.59973916418852,25.976993784308434,35.56810773909092,1.4400961985811591,15094.845470428467,0.0,19.0,0.0,0.0,0.050000000000000044,2.259025264531374,1.72895915992558,1.7668869849294424
md_fullq_dqn,807,535,86.02807582318783,78.77250403441491,30.709259763360023,55.31881591081619,1.5302292937412858,17141.912509918213,0.0,25.0,0.0,2.0,0.050000000000000044,2.236868418753147,1.7139084711670876,1.7431997507810593
md_fullq_dqn,807,536,82.61603671610355,78.37305205300451,30.238723777234554,52.3773129761219,1.518444748595357,17063.71091079712,0.0,23.0,0.0,2.0,0.050000000000000044,2.1475122943520546,1.6433675587177277,1.680482380092144
md_fullq_dqn,807,537,72.71407438069582,77.83757930524646,26.06157061457634,46.652503833174706,1.4141176482662559,14591.834754943848,0.0,22.0,0.0,2.0,0.050000000000000044,2.8361654952168465,2.1738337837159634,2.2077722903341055
md_fullq_dqn,807,538,85.58172615766526,77.7601875294745,29.297295324504375,56.284430959820746,1.5071288673207164,16655.373203277588,0.0,26.0,0.0,1.0,0.050000000000000044,2.3925120756030083,1.8328996170312166,1.8653747271746397
md_fullq_dqn,807,539,87.05821225196124,78.10781341649593,29.495004549622536,57.56320723295212,1.516483686864376,17112.2511177063,0.0,27.0,0.0,3.0,0.050000000000000044,3.0686680749058723,2.352695658802986,2.3865747824311256
md_fullq_dqn,807,540,79.74711377173662,77.92818291708828,28.956416681408882,50.790697768330574,1.472472987137735,16127.76953125,0.0,25.0,0.0,2.0,0.050000000000000044,2.1888949405401945,1.67445033416152,1.7148153316229582
md_fullq_dqn,807,541,78.16811555027962,78.36357791431249,27.581527441740036,50.58658797442913,1.4730173153802752,16179.695613861084,0.0,23.0,0.0,2.0,0.050000000000000044,2.1585145331919193,1.6532741319388151,1.6841346994042397
md_fullq_dqn,807,542,78.36135566979647,77.67406438916923,29.592798866331577,48.768556624650955,1.5422189515084028,16987.17802810669,0.0,23.0,0.0,0.0,0.050000000000000044,2.7802363261580467,2.1310075521469116,2.1640957221388817
md_fullq_dqn,807,543,77.50870727747679,77.48687221512198,27.185839034616947,50.32286861538887,1.4492194568738341,15231.378396987915,0.0,24.0,0.0,0.0,0.050000000000000044,1.9972134325653315,1.5280552469193935,1.563860496506095
md_fullq_dqn,807,544,87.79519683122635,78.77607852362097,29.298497200012207,58.49670033156872,1.4779132353141904,16448.028900146484,0.0,27.0,0.0,0.0,0.050000000000000044,2.336394354701042,1.788846917450428,1.8251581937074661
md_fullq_dqn,807,545,68.61382760107517,77.79609385825692,26.1308521181345,42.48297557234764,1.4153332794085145,14787.611763000488,0.0,21.0,0.0,0.0,0.050000000000000044,2.290968243032694,1.7550320271402597,1.7864538971334696
md_fullq_dqn,807,546,82.49527043104172,78.35418355524541,30.15878576040268,52.33648455142975,1.519980943761766,17097.00564956665,0.0,23.0,0.0,3.0,0.050000000000000044,1.8971576131880283,1.4505986254662275,1.4885298516601324
md_fullq_dqn,807,547,72.90349994003773,78.16622838370502,28.834917686879635,44.06858237981796,1.4882361525669694,16187.5905418396,0.0,20.0,0.0,1.0,0.050000000000000044,2.0829791761934757,1.5950662400573492,1.6263763550668955
md_fullq_dqn,807,548,63.1916733905673,77.51265817567707,23.979442045092583,39.212230890989304,1.3661178657785058,13693.52564239502,0.0,21.0,0.0,0.0,0.050000000000000044,2.1999355498701334,1.685193007811904,1.7158084120601416
md_fullq_dqn,807,549,98.8730809852481,78.27687674269082,32.63521970808506,66.23786083757878,1.569049822166562,18163.481464385986,0.0,30.0,0.0,1.0,0.050000000000000044,2.1145964097231627,1.6190576329827309,1.6517959367483854
md_fullq_dqn,807,550,64.94586911350488,77.07141738571228,27.5250713378191,37.42079787254333,1.4494952578097582,15494.86508178711,0.0,19.0,0.0,2.0,0.050000000000000044,2.0221935994923115,1.5465015638619661,1.5856399945914745
md_fullq_dqn,807,551,84.41945841312409,77.45278158299627,29.470436990261078,54.94902139306068,1.5021802689880133,16396.453197479248,0.0,25.0,0.0,1.0,0.050000000000000044,2.3413286209106445,1.7923000119626522,1.8300952278077602
md_fullq_dqn,807,552,87.91440982520581,77.71675290875137,30.91178335249424,57.00262657701969,1.5772542068734765,17658.866828918457,0.0,27.0,0.0,3.0,0.050000000000000044,2.468152893707156,1.890156289562583,1.9266552738845348
md_fullq_dqn,807,553,83.28319977372885,79.18820026390256,28.952917598187923,54.330281847715376,1.5011141700670123,16676.676872253418,0.0,24.0,0.0,2.0,0.050000000000000044,1.4307550471276045,1.0948564372956753,1.1196619234979153
md_fullq_dqn,807,554,93.72852523028851,80.7973714566976,31.555719807744026,62.17280546724796,1.5611771745607257,17707.83913421631,0.0,28.0,0.0,1.0,0.050000000000000044,2.316579220816493,1.7742321603000164,1.807823408395052
md_fullq_dqn,807,555,83.35714920759202,80.66382512591781,29.35504861921072,54.0021005064249,1.4785984009504318,16275.555576324463,0.0,25.0,0.0,1.0,0.050000000000000044,1.9050831571221352,1.457934869453311,1.4904941841959953
md_fullq_dqn,807,556,77.5954804211855,80.41279731117191,27.80465218424797,49.79082862436771,1.4859474636614323,16473.093906402588,0.0,24.0,0.0,4.0,0.050000000000000044,2.767029881477356,2.1196371875703335,2.157975509762764
md_fullq_dqn,807,557,78.30515147000551,80.69235116563739,29.09806900471449,49.20708204805851,1.4864784451201558,16352.876846313477,0.0,23.0,0.0,0.0,0.050000000000000044,2.1050962060689926,1.6110653169453144,1.6467696949839592
md_fullq_dqn,807,558,76.0836656332016,80.2174481394142,29.00458037853241,47.07908491194248,1.490957973524928,16207.454364776611,0.0,23.0,0.0,2.0,0.050000000000000044,2.8207969907671213,2.1621888168156147,2.1953605264425278
md_fullq_dqn,807,559,85.19517144560814,80.12429609909654,29.74979727715254,55.4453741312027,1.5298631247133017,16814.88752746582,0.0,26.0,0.0,0.0,0.050000000000000044,1.991449024528265,1.524870254099369,1.5552624892443419
md_fullq_dqn,807,560,72.48039301782846,79.76096006140114,27.49544882029295,44.984945121407506,1.47331034950912,15741.950561523438,0.0,22.0,0.0,3.0,0.050000000000000044,2.0549956038594246,1.5727671962231398,1.6074280571192503
md_fullq_dqn,807,561,69.72901570796967,79.33900506928563,28.085275188088417,41.64374040067196,1.4460860714316368,15383.80670928955,0.0,21.0,0.0,0.0,0.050000000000000044,2.3930426258593798,1.8335374668240547,1.8650170248001814
md_fullq_dqn,807,562,73.11579375714064,79.07672697365284,27.71057427674532,45.40521988272667,1.4435771880671382,15357.465347290039,0.0,21.0,0.0,0.0,0.050000000000000044,2.159142008051276,1.6536845453083515,1.684858163818717
md_fullq_dqn,807,563,79.84733016192914,79.19365811787546,27.546721927821636,52.30060842037201,1.4768867492675781,15830.052680969238,0.0,25.0,0.0,2.0,0.050000000000000044,1.7778230048716068,1.3603009786456823,1.391739945858717
md_fullq_dqn,807,564,84.96355461329222,79.05207600697875,29.82271260768175,55.140841752290726,1.5500678159296513,17508.29750442505,0.0,25.0,0.0,0.0,0.050000000000000044,2.01400401070714,1.5407287757843733,1.5775840934365988
md_fullq_dqn,807,565,72.22951566576958,79.23286041021348,28.432658694684505,43.79685662090778,1.5054987575858831,16468.452976226807,0.0,23.0,0.0,4.0,0.050000000000000044,2.084529735147953,1.596910748630762,1.6253966093063354
md_fullq_dqn,807,566,79.93590976446868,79.10489237688485,27.784964561462402,52.150944703817366,1.4652370633557439,15875.940795898438,0.0,24.0,0.0,1.0,0.050000000000000044,2.059514869004488,1.5766412783414125,1.6095786057412624
md_fullq_dqn,807,567,78.30135735869408,79.37478524781766,29.47228316962719,48.829074025154114,1.5187301291152835,16844.01951789856,0.0,25.0,0.0,0.0,0.050000000000000044,2.567929118871689,1.9684042632579803,1.9984161034226418
md_fullq_dqn,807,568,84.99481800943613,80.46494247876109,29.76173458993435,55.23308375477791,1.5148846693336964,16491.038398742676,0.0,26.0,0.0,0.0,0.050000000000000044,2.125115619972348,1.6273627802729607,1.659176055341959
md_fullq_dqn,807,569,60.42999171465635,78.5427880152315,24.792304895818233,35.637686878442764,1.3942479826509953,14376.400253295898,0.0,18.0,0.0,0.0,0.050000000000000044,1.866193313151598,1.4292671959847212,1.4564202427864075
md_fullq_dqn,807,570,86.83905790746212,79.63744745492936,31.730412557721138,55.10864594578743,1.5554407192394137,18097.410076141357,0.0,26.0,0.0,0.0,0.050000000000000044,2.584741458296776,1.9819969031959772,2.009148448705673
md_fullq_dqn,807,571,80.79895156770945,79.45642211265863,28.537468411028385,52.26148330569267,1.488512464798987,16400.835231781006,0.0,25.0,0.0,3.0,0.050000000000000044,2.4021822586655617,1.8413650896400213,1.869390431791544
md_fullq_dqn,807,572,94.84738725423813,79.80307098411024,31.78451745212078,63.06286932528019,1.5912988157942891,18594.311462402344,0.0,28.0,0.0,4.0,0.050000000000000044,2.1732182037085295,1.6662673987448215,1.6898360345512629
md_fullq_dqn,807,573,82.48354085683823,79.7630880382657,28.189551316201687,54.2939897865057,1.4614895321428776,15611.034408569336,0.0,26.0,0.0,3.0,0.050000000000000044,2.076836111024022,1.5909146200865507,1.6197383049875498
md_fullq_dqn,807,574,61.83275372684002,78.16829946309329,24.10814920067787,37.72460428774357,1.3592187548056245,13561.41833114624,0.0,19.0,0.0,1.0,0.050000000000000044,2.2021567914634943,1.6877813450992107,1.714584680274129
md_fullq_dqn,807,575,74.85757691562176,77.74332084849479,27.433810338377953,47.42376607060432,1.459158563055098,15219.737125396729,0.0,21.0,0.0,3.0,0.050000000000000044,2.464770507067442,1.8875899761915207,1.92393509298563
md_fullq_dqn,807,576,90.0167004480958,78.3643818498403,31.215593822300434,58.80110684931278,1.5706898514181376,17872.060276031494,0.0,26.0,0.0,2.0,0.050000000000000044,1.9345784429460764,1.481294633820653,1.5109458900988102
md_fullq_dqn,807,577,76.48319760859013,78.27328415676953,27.93924993276596,48.54394778013229,1.4744119318202138,16121.96282196045,0.0,23.0,0.0,3.0,0.050000000000000044,2.1636782437562943,1.6542916037142277,1.6979554239660501
md_fullq_dqn,807,578,67.28351874053479,77.83327681213619,25.874205641448498,41.409313136339186,1.4100161604583263,14489.584293365479,0.0,22.0,0.0,1.0,0.050000000000000044,2.4538689702749252,1.8797382190823555,1.9137690961360931
md_fullq_dqn,807,579,83.99127767980099,77.77308212384582,31.284722082316875,52.70655585825443,1.565522899851203,17703.612161636353,0.0,27.0,0.0,0.0,0.050000000000000044,2.3910888731479645,1.8342203125357628,1.8562284857034683
md_fullq_dqn,807,580,80.77488673627377,78.18780680976809,27.157849870622158,53.6170362919569,1.4511392507702112,15281.455406188965,0.0,25.0,0.0,2.0,0.050000000000000044,2.074951771646738,1.589649586006999,1.6176739316433668
md_fullq_dqn,807,581,78.90756721049547,78.64673438489437,28.551863349974155,50.35570402443409,1.4860059143975377,16025.534893035889,0.0,25.0,0.0,0.0,0.050000000000000044,2.3884781040251255,1.8281552754342556,1.8677427172660828
md_fullq_dqn,807,582,81.89626444280148,79.08575791917742,29.314802259206772,52.58146277964115,1.5115372277796268,16809.3289604187,0.0,26.0,0.0,2.0,0.050000000000000044,1.5176964364945889,1.1622896902263165,1.1846890784800053
md_fullq_dqn,807,583,85.82812865823507,79.38479784399271,30.570809364318848,55.25731945037842,1.5375787178054452,16999.12006378174,0.0,25.0,0.0,0.0,0.050000000000000044,2.765179820358753,2.120566338300705,2.148711523041129
md_fullq_dqn,807,584,83.98771411180496,79.33600581891835,28.61898285150528,55.368731796741486,1.5392181780189276,16849.64834213257,0.0,26.0,0.0,1.0,0.050000000000000044,2.423694672062993,1.857043569907546,1.8888369519263506
md_fullq_dqn,807,585,99.30596064329147,80.68982806779444,32.40519426763058,66.90076603293419,1.5678929286077619,18018.201307296753,0.0,30.0,0.0,3.0,0.050000000000000044,2.4922758117318153,1.9095016494393349,1.9425805434584618
md_fullq_dqn,807,586,61.78302256166935,79.78218370765447,23.8055616915226,37.97746063172817,1.375904225744307,13489.424709320068,0.0,19.0,0.0,1.0,0.050000000000000044,2.227211393415928,1.7063428703695536,1.7362283673137426
md_fullq_dqn,807,587,81.6676463931799,79.95049815937877,27.73672780394554,53.930918619036674,1.4449140625074506,15327.413215637207,0.0,26.0,0.0,1.0,0.050000000000000044,2.2629550006240606,1.7332628704607487,1.7656402233988047
md_fullq_dqn,807,588,79.21632594615221,79.66157355621456,29.11298356205225,50.10334262251854,1.5204396387562156,16917.82586288452,0.0,23.0,0.0,0.0,0.050000000000000044,1.7229988276958466,1.3170797061175108,1.353063678368926
md_fullq_dqn,807,589,89.85602270811796,81.13287510588766,29.680326513946056,60.17569646239281,1.5356888705864549,17389.33832550049,0.0,26.0,0.0,2.0,0.050000000000000044,1.8830497711896896,1.4420268647372723,1.4700762536376715
md_fullq_dqn,807,590,88.56000164151192,81.21892229259014,30.974420860409737,57.585580199956894,1.5619125803932548,17645.07389831543,0.0,27.0,0.0,1.0,0.050000000000000044,1.9111019782721996,1.4641515351831913,1.489834789186716
md_fullq_dqn,807,591,74.7432013168931,80.91613478004933,27.057298570871353,47.68590293228626,1.4293669229373336,15217.397565841675,0.0,25.0,0.0,2.0,0.050000000000000044,2.344295810908079,1.795493284240365,1.8293417487293482
md_fullq_dqn,807,592,79.65936819463968,80.15673382706942,29.926397562026978,49.73297044634819,1.476853622123599,16320.884475708008,0.0,24.0,0.0,0.0,0.050000000000000044,2.435527041554451,1.865069903433323,1.9015237055718899
md_fullq_dqn,807,593,91.3770215511322,80.60140786178411,31.291757255792618,60.08526414632797,1.5486101303249598,17816.531337738037,0.0,28.0,0.0,2.0,0.050000000000000044,1.6486427150666714,1.260531047359109,1.2937054745852947
md_fullq_dqn,807,594,79.96690818071366,81.50811558447779,28.0222597271204,51.944648855924605,1.4945096652954817,16197.253726959229,0.0,24.0,0.0,2.0,0.050000000000000044,2.8088769800961018,2.1539981439709663,2.1829293966293335
md_fullq_dqn,807,595,71.9375468224287,81.36211407981814,26.427988670766354,45.509557637572286,1.4562541050836444,15252.343826293945,0.0,21.0,0.0,2.0,0.050000000000000044,1.5722312293946743,1.2013762667775154,1.2361831218004227
md_fullq_dqn,807,596,80.30021810531616,80.87628996267914,28.25756798684597,52.04264983534813,1.496050856076181,16554.67903137207,0.0,24.0,0.0,2.0,0.050000000000000044,2.1262398436665535,1.626340737566352,1.6663302406668663
md_fullq_dqn,807,597,74.23329973220825,80.76379506886006,27.76625818014145,46.46704110503197,1.4526541195809841,15848.546613693237,0.0,21.0,0.0,0.0,0.050000000000000044,2.6616760194301605,2.0383970215916634,2.07759659178555
md_fullq_dqn,807,598,84.60744108259678,81.62999118596315,30.578886225819588,54.02855512499809,1.549143253825605,17443.98309326172,0.0,25.0,0.0,1.0,0.050000000000000044,2.3506005629897118,1.803467519581318,1.8237768113613129
md_fullq_dqn,807,599,94.99259017556906,82.18005681075157,32.79916103184223,62.19342968761921,1.6237829541787505,18983.75242996216,0.0,28.0,0.0,3.0,0.050000000000000044,3.1103083211928606,2.385368248447776,2.4164667297154665
