variant,model_seed,episode,cost,rolling_cost,immediate_cost,penalty,energy_use,latency_ms,thermal_violation,energy_violation,queue_violation,contact_violation,epsilon,loss,td_loss,auxiliary_loss
md_immediate_advantage_dqn,803,0,126.56914693298512,126.56914693298512,40.373559042811394,86.19558789017374,1.812290801666677,24519.454959869385,0.0,33.0,18.0,1.0,0.9954761904761905,,,
md_immediate_advantage_dqn,803,1,116.65954805910587,121.6143474960455,40.966013208031654,75.69353401660919,1.772573790512979,24070.86985015869,0.0,32.0,0.0,0.0,0.9909523809523809,1.4136511087417603,1.4014887809753418,0.04054103046655655
md_immediate_advantage_dqn,803,2,112.86663095802069,118.69844198337057,36.8605647161603,76.00606634616852,1.7408397253602743,22225.023178100586,0.0,32.0,0.0,2.0,0.9864285714285714,1.2566349878907204,1.2453203648328781,0.037715420592576265
md_immediate_advantage_dqn,803,3,109.10437506437302,116.29992525362118,37.370875775814056,71.73349916934967,1.779262276366353,23010.347862243652,0.0,28.0,0.0,0.0,0.981904761904762,1.151676181703806,1.1421223171055317,0.03184623143170029
md_immediate_advantage_dqn,803,4,118.36752527228758,116.71344525735446,39.12246673554182,79.24505808226034,1.782367411069572,24147.295906066895,0.0,33.0,2.0,4.0,0.9773809523809524,0.9641040489077568,0.9572054408490658,0.02299532457254827
md_immediate_advantage_dqn,803,5,114.34171953350041,116.31815763671212,40.68541008234024,73.65630961507294,1.735451684333384,23929.79755783081,0.0,33.0,10.0,1.0,0.9728571428571429,0.8038206696510315,0.8003590665757656,0.01153863628860563
md_immediate_advantage_dqn,803,6,131.8248957629787,118.53340594046449,42.409882619977,89.41501321750755,1.8518789745867252,24986.633422851562,0.0,33.0,20.0,2.0,0.9683333333333334,0.6975747384130955,0.6914322264492512,0.02047506207600236
md_immediate_advantage_dqn,803,7,103.28488297760487,116.62734057010704,35.576708532869816,67.70817437767982,1.6629637274891138,21044.180141448975,0.0,29.0,0.0,1.0,0.9638095238095238,0.7283067815005779,0.7183124125003815,0.03331454494036734
md_immediate_advantage_dqn,803,8,160.70151222868225,121.52447075439318,37.63264708220959,123.06886510176915,1.8123985305428505,23346.876182556152,0.0,34.0,24.0,1.0,0.9592857142857143,0.73531074821949,0.7277797609567642,0.025103306164965034
md_immediate_advantage_dqn,803,9,136.0543340394988,122.97745708290374,43.78086903691292,92.27346470456267,1.8431670423597097,25905.861320495605,0.0,35.0,10.0,0.0,0.9547619047619048,0.5948491413146257,0.5915879923850298,0.010870474739931524
md_immediate_advantage_dqn,803,10,139.8787643081709,124.51393955792804,42.760577499866486,97.1181866592928,1.8235570713877678,25349.561115264893,0.0,33.0,13.0,1.0,0.9502380952380952,0.4372393302619457,0.43372588977217674,0.011711460421793163
md_immediate_advantage_dqn,803,11,123.3247614582377,124.41484138295384,40.50675140321255,82.81800966759496,1.779355769045651,24285.818252563477,0.0,34.0,6.0,1.0,0.9457142857142857,0.31461049895733595,0.3112314622849226,0.011263466614764184
md_immediate_advantage_dqn,803,12,121.89017038750292,124.2206359217653,38.02125243842602,83.86891753184439,1.7512023355811834,22570.571769714355,0.0,32.0,17.0,2.0,0.9411904761904761,0.2892554337158799,0.28660634346306324,0.00883030635304749
md_immediate_advantage_dqn,803,13,116.34188342094421,123.65786788599236,41.35528740286827,74.98659613728523,1.8230160865932703,24270.687814712524,0.0,32.0,0.0,1.0,0.9366666666666666,0.24847738351672888,0.24598247278481722,0.008316363004269078
md_immediate_advantage_dqn,803,14,110.25123473405839,122.7640923425301,41.28057272732258,68.97066217064858,1.6889484664425254,22863.07145690918,0.0,29.0,0.0,1.0,0.9321428571428572,0.23700266517698765,0.23475377075374126,0.007496314763557166
md_immediate_advantage_dqn,803,15,176.50062576629992,126.1226256815157,39.488406635820866,137.0122191602814,1.8478774996474385,24952.99614715576,0.0,33.0,24.0,1.0,0.9276190476190476,0.5152742071077228,0.5132759883999825,0.006660709797870368
md_immediate_advantage_dqn,803,16,150.6899948944148,127.56776504698034,43.92412093281746,106.76587376788225,1.8403789354488254,25836.655059814453,0.0,36.0,21.0,3.0,0.9230952380952381,0.6278017088770866,0.6259131953120232,0.00629505974939093
md_immediate_advantage_dqn,803,17,113.91866893478729,126.80948192963628,40.47741135209799,73.44125759759046,1.7975960839539766,24478.692840576172,0.0,31.0,4.0,1.0,0.9185714285714286,0.4172249287366867,0.4151900140568614,0.006783054617699236
md_immediate_advantage_dqn,803,18,121.16813136639765,126.5125687420974,41.40083599090576,79.76729564371279,1.7928551901131868,24451.3829498291,0.0,33.0,12.0,1.0,0.914047619047619,0.2804175028577447,0.27831247448921204,0.007016762625426054
md_immediate_advantage_dqn,803,19,125.05730227668941,126.43980541882699,36.397052966058254,88.66024998863399,1.801016865298152,22722.151803970337,0.0,33.0,9.0,4.0,0.9095238095238095,0.2593982806429267,0.25737885292619467,0.006731436180416495
md_immediate_advantage_dqn,803,20,118.39444909921967,126.03107052713877,40.82652276754379,77.56792560151898,1.7576315747573972,24254.61566543579,0.0,33.0,4.0,0.0,0.905,0.2529730647802353,0.2512001022696495,0.005909868428716436
md_immediate_advantage_dqn,803,21,94.01107868552208,124.89864705845955,32.18492095172405,61.82615718245506,1.5738253761082888,19012.351831436157,0.0,26.0,0.0,0.0,0.9004761904761904,0.23664230201393366,0.23473374173045158,0.006361861189361662
md_immediate_advantage_dqn,803,22,129.38173133595305,125.72440207735619,40.721605107188225,88.66012596054392,1.8651108425110579,24422.79086303711,0.0,36.0,8.0,0.0,0.895952380952381,0.20744761312380433,0.20557247567921877,0.006250463658943772
md_immediate_advantage_dqn,803,23,142.5007167504275,127.39421916165892,41.929728373885155,100.57098840634468,1.8774807220324874,25096.63311767578,0.0,35.0,16.0,0.0,0.8914285714285715,0.5821588602848351,0.5800634259358048,0.006984805688261986
md_immediate_advantage_dqn,803,24,123.15032768249512,127.6333592821693,39.875759944319725,83.27456760406494,1.7540934197604656,22407.259939193726,0.0,37.0,0.0,0.0,0.8869047619047619,0.5759243536740541,0.5733373705297709,0.008623276109574363
md_immediate_advantage_dqn,803,25,127.17368517084631,128.27495756403658,41.119559183716774,86.05412600203067,1.7829171773046255,23212.408504486084,0.0,35.0,21.0,0.0,0.8823809523809524,0.3708156580105424,0.36889537423849106,0.006400942365871742
md_immediate_advantage_dqn,803,26,121.68989965048718,127.76820775841202,40.55397692322731,81.13592248884129,1.7990123508498073,23965.70351409912,0.0,33.0,6.0,0.0,0.8778571428571429,0.29741250071674585,0.29438150860369205,0.010103302076458931
md_immediate_advantage_dqn,803,27,122.14803766159716,128.71136549261163,35.78683677315712,86.36120093314351,1.7690563360229135,21472.238250732422,0.0,34.0,15.0,3.0,0.8733333333333333,0.28950166143476963,0.2863027025014162,0.010663207358447835
md_immediate_advantage_dqn,803,28,126.31487689912319,126.99203372613366,40.893868520855904,85.42100849747658,1.8090520380064845,23668.66268157959,0.0,36.0,0.0,0.0,0.8688095238095238,0.25190717726945877,0.24921752512454987,0.008965507557149976
md_immediate_advantage_dqn,803,29,95.11567586472063,124.94510081739475,34.02830013632774,61.087375564480105,1.6974068703129888,21004.48641204834,0.0,26.0,4.0,2.0,0.8642857142857143,0.2242975663393736,0.22135009802877903,0.009824894019402564
md_immediate_advantage_dqn,803,30,127.63482632199442,124.33290391808593,40.77789717912674,86.85692865112937,1.7805515574291348,24298.902645111084,0.0,35.0,6.0,0.0,0.8597619047619047,0.2397849541157484,0.23687788750976324,0.00969022506615147
md_immediate_advantage_dqn,803,31,122.82122160494328,124.3077269254212,39.684673607349396,83.13654816150665,1.7721863836050034,23236.68170928955,0.0,34.0,0.0,1.0,0.8552380952380952,0.6318181534297764,0.6295161829330027,0.007673220301512629
md_immediate_advantage_dqn,803,32,108.33717984855176,123.63007739847365,37.352474078536034,70.98470529317856,1.6935142073780298,21967.35772705078,0.0,29.0,0.0,1.0,0.8507142857142858,0.40728585980832577,0.40467794239521027,0.008693057607160881
md_immediate_advantage_dqn,803,33,113.28047192841768,123.47700682384732,36.4803636148572,76.80010837316513,1.7036937111988664,20927.107412338257,0.0,33.0,0.0,0.0,0.8461904761904762,0.3562666345387697,0.3530031116679311,0.010878420260269195
md_immediate_advantage_dqn,803,34,146.56349425866856,125.29261980007784,42.820569045841694,103.74292506381522,1.854190475307405,25107.65602874756,0.0,36.0,26.0,1.0,0.8416666666666667,0.30404861457645893,0.29987731855362654,0.013904312101658434
md_immediate_advantage_dqn,803,35,78.36704459041357,120.3859407412835,28.501940466463566,49.8651040494442,1.4699595803394914,16225.895416259766,0.0,23.0,0.0,2.0,0.8371428571428572,0.3069388158619404,0.30313807260245085,0.012669133255258203
md_immediate_advantage_dqn,803,36,115.33427949547767,118.61815497133666,39.10711993277073,76.22715986073017,1.7637029401957989,23001.706325531006,0.0,33.0,0.0,2.0,0.8326190476190476,0.306850653141737,0.30355330370366573,0.010991166927851737
md_immediate_advantage_dqn,803,37,104.7939838424325,118.16192071671894,38.48103631287813,66.31294787228107,1.7077548634260893,21969.55950164795,0.0,30.0,0.0,2.0,0.8280952380952381,0.3126913895830512,0.30899039283394814,0.012336657324340194
md_immediate_advantage_dqn,803,38,108.54475759863854,117.53075202833097,40.610094144940376,67.93466360270978,1.7267862549051642,23026.92653656006,0.0,30.0,0.0,2.0,0.8235714285714286,0.3682476207613945,0.36473017930984497,0.011724800511728972
md_immediate_advantage_dqn,803,39,97.10752108693123,116.13326296884307,33.91757653653622,63.18994465470314,1.6463304962962866,19998.16439819336,0.0,27.0,0.0,0.0,0.819047619047619,0.7594710066914558,0.7565624024719,0.009695327084045857
md_immediate_advantage_dqn,803,40,136.4154460993006,117.0343128188471,40.603031873703,95.81241453852199,1.9123668791726232,24539.117477416992,0.0,38.0,8.0,0.0,0.8145238095238095,0.4701155414804816,0.46553248167037964,0.01527686114422977
md_immediate_advantage_dqn,803,41,114.72890182733536,118.07020397593776,40.13977186381817,74.58913012742997,1.7845829045400023,23406.885108947754,0.0,33.0,0.0,2.0,0.81,0.3802312510088086,0.37604248709976673,0.01396254962310195
md_immediate_advantage_dqn,803,42,139.20915296598102,118.56157505743916,40.89672864973545,98.31242367549562,1.8806704049929976,24345.23738861084,0.0,35.0,14.0,1.0,0.8054761904761905,0.4494781019166112,0.4453348983079195,0.013810679200105369
md_immediate_advantage_dqn,803,43,120.5663056820631,117.46485450402095,39.42849288880825,81.13781233131886,1.734622203744948,22723.83829498291,0.0,35.0,0.0,1.0,0.800952380952381,0.4186786049976945,0.41400319524109364,0.015584710228722543
md_immediate_advantage_dqn,803,44,100.97839836031199,116.35625803791179,38.685717917978764,62.29268056154251,1.6632850663736463,21961.34878540039,0.0,28.0,0.0,0.0,0.7964285714285715,0.36945990473032,0.3651061151176691,0.014512627618387341
md_immediate_advantage_dqn,803,45,94.9865326359868,114.74690041116882,31.434295319020748,63.55223758518696,1.6188457263633609,18925.848447799683,0.0,27.0,0.0,0.0,0.7919047619047619,0.4460397232323885,0.44166551250964403,0.014580700022634119
md_immediate_advantage_dqn,803,46,123.51234509050846,114.83802268316988,43.80932888388634,79.70301587879658,1.7796453516930342,24267.137176513672,0.0,33.0,0.0,1.0,0.7873809523809524,0.5045585855841637,0.4993295520544052,0.017430100473575294
md_immediate_advantage_dqn,803,47,101.86322761856061,113.82378218101806,31.772528558969498,70.09069916389926,1.779654810205102,20330.804473876953,0.0,29.0,17.0,0.0,0.7828571428571429,0.6864760909229517,0.6798976231366396,0.02192822564393282
md_immediate_advantage_dqn,803,48,119.4300977319479,113.4795432226593,42.98727501928806,76.44282290637493,1.7502302704378963,24179.799041748047,0.0,34.0,0.0,4.0,0.7783333333333333,0.5311398133635521,0.526678972877562,0.01486947078956291
md_immediate_advantage_dqn,803,49,84.92814043462276,112.97016645115441,32.15364342927933,52.77449710965156,1.5637082317844033,18772.443271636963,0.0,23.0,0.0,2.0,0.7738095238095238,0.42060147412121296,0.416352953761816,0.01416173268808052
md_immediate_advantage_dqn,803,50,118.8405277132988,112.53045152071961,40.10320860147476,78.73731967806816,1.79443771392107,23557.89546585083,0.0,35.0,0.0,1.0,0.7692857142857144,0.43135398998856544,0.42662915866822004,0.01574944390449673
md_immediate_advantage_dqn,803,51,106.68957263976336,111.72386907246059,39.4422716870904,67.24730044603348,1.6962119368836284,22816.676120758057,0.0,29.0,0.0,1.0,0.7647619047619048,0.4448109269142151,0.4409102201461792,0.013002346327994019
md_immediate_advantage_dqn,803,52,116.25028367340565,112.11952426370331,39.5715998262167,76.67868399620056,1.7901616552844644,23526.611518859863,0.0,32.0,0.0,0.0,0.7602380952380953,0.4104551821947098,0.4053330374881625,0.017073831288143992
md_immediate_advantage_dqn,803,53,95.38017769157887,111.22450955186136,35.60160368680954,59.77857366204262,1.6214755736291409,20618.613176345825,0.0,26.0,0.0,0.0,0.7557142857142858,0.4177077356725931,0.41170291882008314,0.02001606288831681
md_immediate_advantage_dqn,803,54,117.23971326649189,109.75832050225253,40.684565395116806,76.55514749884605,1.7745363293215632,23448.805114746094,0.0,33.0,0.0,0.0,0.7511904761904762,0.6640170179307461,0.6592903472483158,0.01575556240277365
md_immediate_advantage_dqn,803,55,121.75494481027127,111.92771551324543,40.09797114133835,81.65697427988053,1.735325493849814,22976.43011856079,0.0,35.0,0.0,2.0,0.7466666666666667,0.6249467805027962,0.6195399928838015,0.018022623611614108
md_immediate_advantage_dqn,803,56,112.87866745293141,111.80493491111811,38.11851954460144,74.76014765501023,1.7445870414376259,22537.946222305298,0.0,33.0,0.0,1.0,0.7421428571428572,0.5642247954383492,0.5586862806230783,0.018461701227352023
md_immediate_advantage_dqn,803,57,111.86446572244168,112.15845900511859,38.956091955304146,72.90837360322476,1.754908887669444,22710.782333374023,0.0,32.0,0.0,2.0,0.7376190476190476,0.4548419686034322,0.450140462256968,0.015671677130740136
md_immediate_advantage_dqn,803,58,114.40905774533749,112.45167401245354,38.594961181283,75.81409701108933,1.7131749643012881,22230.67233657837,0.0,31.0,0.0,3.0,0.7330952380952381,0.5140545042231679,0.5099808499217033,0.013578851125203073
md_immediate_advantage_dqn,803,59,129.98527678847313,114.09556179753062,46.82205979526043,83.16321685910225,1.8469874868169427,26046.66279220581,0.0,35.0,0.0,2.0,0.7285714285714286,0.5171613851562142,0.5116729075089097,0.018294928304385394
md_immediate_advantage_dqn,803,60,113.87359462082387,112.96846922360677,35.69174708425999,78.18184805810452,1.6560051357373595,20191.021282196045,0.0,34.0,0.0,2.0,0.724047619047619,0.4674442186951637,0.46145271603018045,0.01997167384251952
md_immediate_advantage_dqn,803,61,108.42424530684949,112.65323639758249,34.70382882654667,73.72041637599469,1.6936074635013938,20225.30895805359,0.0,31.0,0.0,2.0,0.7195238095238095,0.5015712678432465,0.4945609262213111,0.02336777839809656
md_immediate_advantage_dqn,803,62,97.82770536839962,110.58416401770342,31.083885475993156,66.74381965398788,1.5988305155187845,18597.9949798584,0.0,29.0,0.0,1.0,0.7150000000000001,0.7789824474602938,0.7751024328172207,0.012933401914779097
md_immediate_advantage_dqn,803,63,113.19646063446999,110.21567176532376,39.004302352666855,74.1921581029892,1.761289106681943,23180.853916168213,0.0,30.0,0.0,1.0,0.7104761904761905,0.6522369626909494,0.6484857425093651,0.012504071753937751
md_immediate_advantage_dqn,803,64,145.12115666235005,112.42280968042567,45.01241992413998,100.10873676801238,1.8586561931297183,25649.179931640625,0.0,35.0,23.0,3.0,0.7059523809523809,0.7163030821830034,0.7089790776371956,0.02441333420574665
md_immediate_advantage_dqn,803,65,128.73798642580007,114.11038236991631,38.477982357144356,90.26000359181855,1.8568262346088886,23236.858856201172,0.0,37.0,8.0,0.0,0.7014285714285715,0.5890277214348316,0.5845733927562833,0.014847757411189377
md_immediate_advantage_dqn,803,66,109.3526751101017,113.402398870896,39.38358521461487,69.96909007430077,1.6506961323320866,21847.68663406372,0.0,30.0,0.0,2.0,0.6969047619047619,0.4721910487860441,0.4668148849159479,0.017920555197633803
md_immediate_advantage_dqn,803,67,96.74941895157099,113.1467084375465,34.98850213736296,61.760917246341705,1.6073068687692285,19845.280784606934,0.0,27.0,0.0,1.0,0.6923809523809523,0.5876737982034683,0.5820588823407888,0.018716387217864394
md_immediate_advantage_dqn,803,68,128.21974098682404,113.5861906002903,43.5684520304203,84.65128940343857,1.8503027074038982,25174.169986724854,0.0,33.0,0.0,0.0,0.687857142857143,0.5304752131924033,0.52505405806005,0.01807051885407418
md_immediate_advantage_dqn,803,69,176.60956074764852,118.1702616159416,41.043927520513535,135.56563304832102,1.9785121167078614,25882.14210510254,0.0,32.0,28.0,0.0,0.6833333333333333,0.4961974062025547,0.4909886559471488,0.01736249285750091
md_immediate_advantage_dqn,803,70,100.84086004644632,117.27027823259898,32.78896848857403,68.05189169943333,1.6304146442562342,19282.714317321777,0.0,30.0,0.0,0.0,0.6788095238095238,0.9897907301783562,0.9853916596621275,0.014663537382148206
md_immediate_advantage_dqn,803,71,105.57911579310894,117.21475539026626,34.762202218174934,70.81691360473633,1.7527813976630569,21476.10969352722,0.0,31.0,0.0,1.0,0.6742857142857144,0.6982605084776878,0.6946521494537592,0.012027854623738676
md_immediate_advantage_dqn,803,72,119.27019434571267,117.36575092388162,38.277316741645336,80.9928773880005,1.7114406358450651,22080.180179595947,0.0,33.0,0.0,1.0,0.6697619047619048,0.7876539025455713,0.7799398601055145,0.02571348618948832
md_immediate_advantage_dqn,803,73,134.63434396428295,119.3284592375168,42.22903575003147,92.40530803543753,1.893147830851376,24778.27537536621,0.0,34.0,18.0,0.0,0.6652380952380952,0.652136517688632,0.6459089666604996,0.02075853873975575
md_immediate_advantage_dqn,803,74,115.44081403315067,119.23851427584972,35.48644842207432,79.95436556637287,1.7028291020542383,21230.763879776,0.0,34.0,0.0,1.0,0.6607142857142857,0.5959324222058058,0.5895862206816673,0.02115402405615896
md_immediate_advantage_dqn,803,75,95.74559260159731,117.93804666541605,36.723222844302654,59.02236923575401,1.6815558783710003,21176.45948600769,0.0,27.0,0.0,0.0,0.6561904761904762,0.56802131049335,0.5638262741267681,0.01398346113273874
md_immediate_advantage_dqn,803,76,102.90780166685582,117.43950337611227,35.714051231741905,67.19375031590462,1.6588600166141987,20608.31986618042,0.0,28.0,0.0,1.0,0.6516666666666667,0.5711946478113532,0.5636636074632406,0.025103476422373205
md_immediate_advantage_dqn,803,77,135.35018973743024,118.6137895768617,42.56614689528942,92.78404333387914,1.8784387446939945,24762.564628601074,0.0,36.0,12.0,1.0,0.6471428571428571,0.5283580403774977,0.5224919486790895,0.019553632650058717
md_immediate_advantage_dqn,803,78,110.60978526175022,118.42382595268234,36.654735043644905,73.95505045652389,1.716636011376977,21640.199558258057,0.0,31.0,0.0,2.0,0.6426190476190476,0.8814231026917696,0.8759214337915182,0.01833892276044935
md_immediate_advantage_dqn,803,79,112.2629965633154,117.53771194142446,39.402876019477844,72.86011972427369,1.7188456309959292,22780.796447753906,0.0,32.0,0.0,1.0,0.6380952380952382,0.7349348478019238,0.7296282909810543,0.017688534397166222
md_immediate_advantage_dqn,803,80,113.86386455595493,117.53722543818101,37.797288075089455,76.06657694280148,1.8239454170688987,22199.088970184326,0.0,33.0,0.0,3.0,0.6335714285714286,0.7232209863141179,0.7191113661974669,0.013698717229999602
md_immediate_advantage_dqn,803,81,104.37622833251953,117.33482458946449,37.51404131948948,66.86218628287315,1.7151270592585206,22052.134872436523,0.0,29.0,0.0,0.0,0.6290476190476191,0.6152284517884254,0.6085629221051931,0.022218419588170946
md_immediate_advantage_dqn,803,82,106.47144870460033,117.76701175627454,37.14518032968044,69.32626812160015,1.7155193351209164,21614.24285507202,0.0,30.0,0.0,1.0,0.6245238095238095,0.7301518227905035,0.7238127822056413,0.021130093780811876
md_immediate_advantage_dqn,803,83,118.99057691693307,118.0567175703977,41.55166408419609,77.43891304135323,1.7504535438492894,23462.593452453613,0.0,33.0,0.0,2.0,0.62,0.7008688189089298,0.6950454097241163,0.019411357992794365
md_immediate_advantage_dqn,803,84,158.79178019032923,118.74024874679662,39.0850095897913,119.70677064524145,1.8500910522416234,23556.105659484863,0.0,38.0,34.0,0.0,0.6154761904761905,0.5306938998401165,0.5221251491457224,0.02856249047908932
md_immediate_advantage_dqn,803,85,124.0334392040968,118.50502138571149,40.07771147787571,83.95572838187218,1.8353981114923954,23461.969497680664,0.0,35.0,0.0,0.0,0.6109523809523809,0.7573310751467943,0.751177005469799,0.020513560390099883
md_immediate_advantage_dqn,803,86,107.87256759405136,118.43101600990897,36.37742415070534,71.49514296650887,1.6512693036347628,20700.94867706299,0.0,31.0,0.0,0.0,0.6064285714285714,0.9555454663932323,0.9482789896428585,0.024221565574407578
md_immediate_advantage_dqn,803,87,124.39184628427029,119.81313737654393,39.53080400824547,84.86104238033295,1.805439812131226,23531.516040802002,0.0,35.0,0.0,1.0,0.6019047619047619,0.6899464577436447,0.684753555804491,0.017309648217633367
md_immediate_advantage_dqn,803,88,93.61311783194542,118.08280621880002,34.634271785616875,58.97884580790996,1.6262075388804078,19984.62526321411,0.0,28.0,0.0,2.0,0.5973809523809523,0.7085974626243114,0.7013302482664585,0.024224036082159728
md_immediate_advantage_dqn,803,89,114.49406938254833,114.977031650545,39.924659088253975,74.5694098174572,1.7856567930430174,23362.923778533936,0.0,32.0,0.0,0.0,0.592857142857143,0.5965883331373334,0.5903465487062931,0.02080594073049724
md_immediate_advantage_dqn,803,90,108.72037038952112,115.37100716769874,35.064792297780514,73.6555778235197,1.6691157426685095,20398.75715637207,0.0,33.0,0.0,1.0,0.5883333333333334,0.6481280047446489,0.6410688059404492,0.02353064902126789
md_immediate_advantage_dqn,803,91,117.0680710464716,115.94545493036688,39.93050228059292,77.1375690639019,1.7717938963323832,23057.03441619873,0.0,32.0,0.0,1.0,0.5838095238095238,0.865481267683208,0.8584480863064528,0.02344392309896648
md_immediate_advantage_dqn,803,92,96.50515165925026,114.80720279604375,34.95938017964363,61.545772045850754,1.631930329836905,19828.485076904297,0.0,28.0,0.0,1.0,0.5792857142857144,0.6934407521039248,0.6847619824111462,0.028929246589541435
md_immediate_advantage_dqn,803,93,98.38769133538008,112.99487016459861,34.81416333466768,63.57352811992168,1.6552467979490757,20101.278549194336,0.0,28.0,0.0,1.0,0.5747619047619048,0.8866955898702145,0.8796110525727272,0.023615161422640085
md_immediate_advantage_dqn,803,94,101.18187647461892,112.28192328667203,35.47754471749067,65.70433118343354,1.6815889813005924,20329.725465774536,0.0,29.0,0.0,1.0,0.5702380952380952,0.9356790333986282,0.9303776975721121,0.017671112495008856
md_immediate_advantage_dqn,803,95,103.44839942455292,112.66706362781981,36.509548634290695,66.93885070085526,1.7146330159157515,21299.363636016846,0.0,30.0,0.0,0.0,0.5657142857142857,0.9067245274782181,0.9017867688089609,0.016459177597425878
md_immediate_advantage_dqn,803,96,114.26428408324719,113.23488774863938,36.647283777594566,77.61700064837933,1.784295516088605,21691.91355895996,0.0,32.0,0.0,1.0,0.5611904761904762,0.6355234365910292,0.6276019588112831,0.026404927484691143
md_immediate_advantage_dqn,803,97,120.76511371135712,112.50563394733572,37.4565187394619,83.30859515070915,1.748636705800891,21903.887855529785,0.0,35.0,0.0,1.0,0.5566666666666666,0.7769680637866259,0.7699491642415524,0.023396323202177882
md_immediate_advantage_dqn,803,98,79.81986454278231,110.96613791138732,28.843351781368256,50.97651287317276,1.5460773631930351,17348.307638168335,0.0,24.0,0.0,1.0,0.5521428571428572,0.8415517397224903,0.8343338090926409,0.02405978844035417
md_immediate_advantage_dqn,803,99,114.34675504267216,111.07032583535515,37.01980271935463,77.32695162296295,1.7519344221800566,21990.990814208984,0.0,32.0,0.0,1.0,0.5476190476190477,0.6561058647930622,0.6493269465863705,0.02259638113901019
md_immediate_advantage_dqn,803,100,104.90025670826435,110.62214544297062,34.70167315006256,70.19858419895172,1.6727167097851634,20512.313446044922,0.0,30.0,0.0,2.0,0.5430952380952381,0.885344797745347,0.8770563118159771,0.027628296986222267
md_immediate_advantage_dqn,803,101,111.76194793879986,110.99143142328464,37.705849796533585,74.05609808266163,1.7059663822874427,21495.238540649414,0.0,31.0,0.0,1.0,0.5385714285714286,0.9947411641478539,0.9854583777487278,0.03094261744990945
md_immediate_advantage_dqn,803,102,115.28676450252533,111.43219721318087,36.12728130817413,79.1594830006361,1.7075488464906812,20850.167499542236,0.0,33.0,0.0,1.0,0.5340476190476191,0.8330880459398031,0.8255692888051271,0.025062507716938853
md_immediate_advantage_dqn,803,103,105.2248191088438,110.74390932277643,35.704511404037476,69.52030746638775,1.7050512554123998,20332.003536224365,0.0,30.0,0.0,1.0,0.5295238095238095,0.8281177673488855,0.8224301319569349,0.018958765431307256
md_immediate_advantage_dqn,803,104,93.03617652505636,107.45612913951277,33.69220504909754,59.34397131204605,1.5682887490838766,18848.06015396118,0.0,27.0,0.0,0.0,0.525,0.7873988710343838,0.780200719833374,0.02399383974261582
md_immediate_advantage_dqn,803,105,109.71633271276951,106.7402738149464,39.48788647353649,70.22844659686089,1.7486979560926557,22328.93365097046,0.0,29.0,0.0,2.0,0.5204761904761905,0.7555798422545195,0.7467214735224843,0.029527896782383323
md_immediate_advantage_dqn,803,106,110.82777178287506,106.8880340243876,42.10161727666855,68.72615471482277,1.765383635647595,23901.97966003418,0.0,29.0,0.0,0.0,0.5159523809523809,0.7274348624050617,0.7206655535846949,0.02256436727475375
md_immediate_advantage_dqn,803,107,95.61316658556461,105.44910003945233,36.75828819721937,58.85487824678421,1.673879463225603,20838.62350845337,0.0,26.0,0.0,0.0,0.5114285714285716,0.732740773819387,0.7250840915367007,0.025522260228171945
md_immediate_advantage_dqn,803,108,85.13027047365904,105.024957671538,31.214507587254047,53.91576328873634,1.6060618590563536,18829.10138320923,0.0,26.0,0.0,1.0,0.506904761904762,0.7143169902265072,0.7074976153671741,0.02273125806823373
md_immediate_advantage_dqn,803,109,118.21844378113747,105.21117639146746,39.944879710674286,78.27356398105621,1.7981539573520422,23050.792987823486,0.0,33.0,0.0,0.0,0.5023809523809524,0.8876992482692003,0.8840183708816767,0.012269612168893218
md_immediate_advantage_dqn,803,110,100.00531688332558,104.77542371615769,35.50335428118706,64.50196252763271,1.6702608484774828,20394.457160949707,0.0,28.0,0.0,1.0,0.4978571428571429,0.9670081660151482,0.9608192294836044,0.02062982745701447
md_immediate_advantage_dqn,803,111,109.26370510458946,104.38520541906357,38.006551533937454,71.25715336203575,1.7218902967870235,21572.421672821045,0.0,32.0,0.0,1.0,0.4933333333333334,0.8701488375663757,0.8625144269317389,0.025448029045946896
md_immediate_advantage_dqn,803,112,104.26164931058884,104.7730303016305,39.30338987708092,64.9582599401474,1.6543266726657748,22047.521202087402,0.0,27.0,0.0,1.0,0.4888095238095238,0.7401019874960184,0.7299513835459948,0.033835334004834294
md_immediate_advantage_dqn,803,113,106.51516489088536,105.17940397940576,37.64309933781624,68.87206562757493,1.6758044306188822,21260.276935577393,0.0,30.0,0.0,1.0,0.4842857142857143,0.9314027037471533,0.9257724974304438,0.018767349363770336
md_immediate_advantage_dqn,803,114,102.40066053718328,105.24034318253398,35.16902833431959,67.23163172602654,1.6132667111232877,19495.7255859375,0.0,31.0,0.0,1.0,0.4797619047619047,0.7089373953640461,0.7014941927045584,0.024810684262774885
md_immediate_advantage_dqn,803,115,100.07977660894394,105.07191204175354,29.968993335962296,70.1107831388712,1.5470382422208786,17197.19927597046,0.0,31.0,0.0,1.0,0.47523809523809524,0.7365191336721182,0.7301798909902573,0.021130821434780955
md_immediate_advantage_dqn,803,116,112.6630083322525,104.9918482542038,39.0549468845129,73.60806193947792,1.735894164070487,22107.910064697266,0.0,32.0,0.0,0.0,0.47071428571428575,0.8504040520638227,0.8443994913250208,0.02001520834164694
md_immediate_advantage_dqn,803,117,90.81635968387127,103.4944105528295,31.43456168472767,59.381798058748245,1.5914770532399416,18178.043228149414,0.0,26.0,0.0,0.0,0.46619047619047627,0.9872107226401567,0.9810820538550615,0.020428873307537287
md_immediate_advantage_dqn,803,118,107.6842197418213,104.88762831278146,37.009366735816,70.67485391497613,1.7016030456870794,21191.916904449463,0.0,29.0,0.0,2.0,0.46166666666666667,0.7075967602431774,0.7021301500499249,0.018222033511847258
md_immediate_advantage_dqn,803,119,107.23832467198372,104.53220679424703,38.98641224205494,68.25191216170788,1.6896307952702045,22306.48655319214,0.0,31.0,0.0,0.0,0.4571428571428572,0.8376026507467031,0.8293133452534676,0.027630995551589876
md_immediate_advantage_dqn,803,120,115.69627149403095,105.07200753353536,37.80092819035053,77.89534276723862,1.6517562484368682,20780.151885986328,0.0,33.0,0.0,0.0,0.4526190476190477,0.7506325710564852,0.7437314111739397,0.023003874404821545
md_immediate_advantage_dqn,803,121,115.73331652581692,105.27057596288621,33.69016982614994,82.0431466549635,1.6757087828591466,19089.658222198486,0.0,35.0,0.0,0.0,0.4480952380952381,0.6937544513493776,0.6878706570714712,0.019612673262599856
md_immediate_advantage_dqn,803,122,98.19771727919579,104.41612360171973,34.534858748316765,63.662858471274376,1.6293882690370083,19825.872386932373,0.0,28.0,0.0,0.0,0.4435714285714286,0.8638438060879707,0.8559225089848042,0.026404294651001692
md_immediate_advantage_dqn,803,123,112.90745432674885,104.80025536261499,39.724611684679985,73.18284174799919,1.749800132587552,22328.834201812744,0.0,31.0,0.0,0.0,0.439047619047619,0.8717808872461319,0.8654303215444088,0.02116857294458896
md_immediate_advantage_dqn,803,124,122.92179343104362,106.29453620791435,41.349753230810165,81.57204079627991,1.7986281514167786,23517.54119491577,0.0,33.0,0.0,1.0,0.43452380952380953,0.7772831413894892,0.7712997272610664,0.019944715197198093
md_immediate_advantage_dqn,803,125,106.35173092782497,106.12630611866712,37.341879814863205,69.00985100865364,1.7059110458940268,21068.97473526001,0.0,29.0,0.0,0.0,0.43000000000000005,0.9251972995698452,0.9182295836508274,0.023225678014568985
md_immediate_advantage_dqn,803,126,100.1129292845726,105.590563993752,37.63736109435558,62.47556784749031,1.698535168543458,21413.603549957275,0.0,28.0,0.0,1.0,0.42547619047619056,0.9799464344978333,0.9715001285076141,0.028154354891739786
md_immediate_advantage_dqn,803,127,106.67102077007294,106.14345670297742,37.44134648144245,69.2296746313572,1.6830276614055037,21057.315647125244,0.0,30.0,0.0,1.0,0.42095238095238097,0.9948385134339333,0.9877247549593449,0.023712549009360373
md_immediate_advantage_dqn,803,128,94.9181047692895,106.63284841775894,32.98428886383772,61.933815443515776,1.616851749829948,19028.754695892334,0.0,28.0,0.0,1.0,0.41642857142857137,0.9706665240228176,0.9644899591803551,0.020588520739693195
md_immediate_advantage_dqn,803,129,103.61138180792332,105.90249531909824,32.402956545352936,71.208425411582,1.594335274770856,18336.787155151367,0.0,30.0,0.0,1.0,0.4119047619047619,0.9476035349071026,0.9408569782972336,0.022488517744932324
md_immediate_advantage_dqn,803,130,81.78308043628931,104.99138349674642,28.408264748752117,53.374815195798874,1.5105719910934567,16538.616703033447,0.0,26.0,0.0,0.0,0.4073809523809524,0.7549206670373678,0.7479605972766876,0.02320020762272179
md_immediate_advantage_dqn,803,131,99.51994828283787,104.50419565565885,37.499018497765064,62.02092967331409,1.6659199809655547,20875.35267829895,0.0,27.0,0.0,2.0,0.4028571428571429,0.8935615364462137,0.8875419422984123,0.02006536105182022
md_immediate_advantage_dqn,803,132,110.50690597444773,104.8164584888518,36.77089434117079,73.73601136505604,1.7297458536922932,20890.141620635986,0.0,31.0,0.0,2.0,0.39833333333333343,0.9725154154002666,0.9660888761281967,0.021421782672405243
md_immediate_advantage_dqn,803,133,99.40961304455996,104.46118089653552,33.6570815294981,65.75253147035838,1.6189680956304073,19451.767417907715,0.0,29.0,0.0,1.0,0.39380952380952383,0.9189921487122774,0.9105672799050808,0.028082890901714563
md_immediate_advantage_dqn,803,134,100.89015755951405,104.38565574765207,32.92596420645714,67.96419289112092,1.601380699314177,18419.599544525146,0.0,32.0,0.0,1.0,0.38928571428571423,1.1596814095973969,1.1538408026099205,0.01946866576327011
md_immediate_advantage_dqn,803,135,116.33173757791519,105.19825379610063,39.105620726943016,77.22611796855927,1.7643922390416265,22343.49041748047,0.0,33.0,0.0,0.0,0.38476190476190475,0.8908310849219561,0.8839438911527395,0.022957333945669234
md_immediate_advantage_dqn,803,136,118.89437805116177,105.50982228204609,40.33342918753624,78.5609485656023,1.816850544884801,23009.499225616455,0.0,34.0,0.0,1.0,0.38023809523809526,0.9289526995271444,0.9226835444569588,0.020897160517051816
md_immediate_advantage_dqn,803,137,97.31681235432625,105.83484491556885,35.29744587093592,62.01936674416065,1.5975954635068774,19788.986686706543,0.0,28.0,0.0,3.0,0.3757142857142858,1.070150539278984,1.063204064965248,0.023154894122853875
md_immediate_advantage_dqn,803,138,124.4710683375597,106.67418734535576,39.67247620224953,84.79859200119972,1.7887047147378325,22515.079914093018,0.0,37.0,0.0,0.0,0.3711904761904763,0.8764953594654799,0.8693695943802595,0.02375259401742369
md_immediate_advantage_dqn,803,139,100.55593657493591,106.34006794050337,35.15764370560646,65.39829269051552,1.6317461105063558,20030.30282974243,0.0,27.0,0.0,1.0,0.3666666666666667,0.9948226120322943,0.987626576796174,0.02398678904864937
md_immediate_advantage_dqn,803,140,89.9026918053627,105.05038895606995,32.97134192287922,56.93134950995445,1.5595099655911326,18565.863010406494,0.0,26.0,0.0,1.0,0.3621428571428572,1.199780834838748,1.1934027671813965,0.021260243316646665
md_immediate_advantage_dqn,803,141,118.33060730397702,105.18025349497796,37.190278962254524,81.14032847583294,1.7267806017771363,20957.892024993896,0.0,35.0,0.0,1.0,0.3576190476190476,0.9705945681780577,0.9647634327411652,0.019437095790635794
md_immediate_advantage_dqn,803,142,108.92337916940451,105.7165365894884,35.4091557264328,73.51422339826823,1.6896386723965406,20380.054946899414,0.0,32.0,0.0,2.0,0.35309523809523813,1.0286212675273418,1.023131599649787,0.018298879673238844
md_immediate_advantage_dqn,803,143,120.0156805753708,106.0719479019195,43.682129368186,76.33355119228364,1.826856479048729,24396.890705108643,0.0,31.0,0.0,3.0,0.34857142857142864,0.8777367547154427,0.8692198544740677,0.028389654587954283
md_immediate_advantage_dqn,803,144,116.1350829154253,105.73261237613858,35.96466375887394,80.17041847109795,1.7187443161383271,20638.66807937622,0.0,34.0,0.0,1.0,0.34404761904761905,0.9468700438737869,0.9422447681427002,0.01541759422980249
md_immediate_advantage_dqn,803,145,117.12082577049732,106.27106711827221,41.339972257614136,75.78085325956344,1.795348197221756,23512.687034606934,0.0,32.0,0.0,3.0,0.33952380952380956,0.9427029360085726,0.9350518435239792,0.025503632496111095
md_immediate_advantage_dqn,803,146,94.32510410249233,105.98167585916818,31.850797832012177,62.47430671751499,1.5985894817858934,17893.568962097168,0.0,29.0,0.0,0.0,0.3350000000000001,1.1499632336199284,1.141293365508318,0.028899526339955628
md_immediate_advantage_dqn,803,147,67.28148065507412,104.01219885341825,25.949957877397537,41.33152259886265,1.4342924021184444,14837.892879486084,0.0,21.0,0.0,0.0,0.3304761904761905,0.8348008766770363,0.8277976103127003,0.023344241664744914
md_immediate_advantage_dqn,803,148,78.39557702094316,103.18607246600091,28.036362312734127,50.3592145293951,1.4824512992054224,16433.50860977173,0.0,25.0,0.0,2.0,0.325952380952381,1.0913164280354977,1.0832673124969006,0.026830389047972858
md_immediate_advantage_dqn,803,149,107.75287378579378,103.39314706489445,34.100504733622074,73.65236903727055,1.612941543571651,19541.879138946533,0.0,31.0,0.0,0.0,0.3214285714285714,1.0463395938277245,1.0403392612934113,0.020001120981760323
md_immediate_advantage_dqn,803,150,107.19025726616383,104.66350590638817,36.4900721013546,70.70018482208252,1.6985498452559114,20633.06711578369,0.0,31.0,0.0,1.0,0.3169047619047619,0.944891981780529,0.9397542253136635,0.01712587458314374
md_immediate_advantage_dqn,803,151,86.2470898449421,103.99986298449338,29.993703171610832,56.25338673293591,1.5239706933498383,17317.046615600586,0.0,26.0,0.0,4.0,0.3123809523809524,1.0985012613236904,1.0903632938861847,0.0271265534684062
md_immediate_advantage_dqn,803,152,73.8632114008069,102.16767825581134,29.22016406059265,44.643047854304314,1.495694207958877,16614.51284790039,0.0,22.0,0.0,0.0,0.30785714285714294,1.2062215860933065,1.2006838507950306,0.018459137703757733
md_immediate_advantage_dqn,803,153,104.9069227874279,102.44254374295474,36.160410329699516,68.74651183187962,1.6635044915601611,20192.475273132324,0.0,31.0,0.0,0.0,0.30333333333333345,1.1468856036663055,1.138812130317092,0.026911557419225574
md_immediate_advantage_dqn,803,154,119.39088907241822,103.36758031859995,37.27193559706211,82.1189534008503,1.7562905279919505,21466.935722351074,0.0,34.0,0.0,3.0,0.29880952380952375,1.2410243228077888,1.2334703356027603,0.025179960881359875
md_immediate_advantage_dqn,803,155,85.64141810238361,101.83306434482337,31.332401365041733,54.30901685655117,1.5260414648801088,17545.53887939453,0.0,24.0,0.0,2.0,0.29428571428571426,1.0850340109318495,1.0777401626110077,0.02431280678138137
md_immediate_advantage_dqn,803,156,99.93764629364014,100.88522775694729,31.7755436450243,68.16210215687752,1.5956257041543722,18066.330459594727,0.0,31.0,0.0,2.0,0.2897619047619048,1.3372536674141884,1.3308376669883728,0.021386665641330183
md_immediate_advantage_dqn,803,157,100.41612918674946,101.04019359856844,36.15637522935867,64.25975409150124,1.6868439512327313,20758.88231277466,0.0,28.0,0.0,1.0,0.2852380952380953,0.8424080926924944,0.8337823823094368,0.028752351412549615
md_immediate_advantage_dqn,803,158,94.85653413236142,99.55946688830853,33.01613672077656,61.84039726257324,1.620170651935041,18726.402729034424,0.0,27.0,0.0,1.0,0.2807142857142858,1.023653194308281,1.017015490680933,0.022125692863482982
md_immediate_advantage_dqn,803,159,89.70502902716399,99.01692151091994,31.875464417040348,57.82956459522247,1.6297439588233829,19110.524341583252,0.0,26.0,0.0,2.0,0.2761904761904763,0.9209146425127983,0.9138121996074915,0.02367481478722766
md_immediate_advantage_dqn,803,160,97.62221240401269,99.40289754085245,32.95478881895542,64.66742306351662,1.573980146087706,18175.532678604126,0.0,28.0,0.0,1.0,0.2716666666666666,0.8885091729462147,0.8798855356872082,0.0287454494391568
md_immediate_advantage_dqn,803,161,93.6581398844719,98.16927416987718,32.41717869788408,61.24096089601517,1.5719027053564787,18325.847925186157,0.0,28.0,0.0,0.0,0.2671428571428571,1.1332568544894457,1.127660758793354,0.01865361101226881
md_immediate_advantage_dqn,803,162,99.97141251713037,97.72167583726348,34.00166964530945,65.96974295377731,1.641536825336516,19241.80551147461,0.0,29.0,0.0,1.0,0.26261904761904764,1.1708965320140123,1.1651662588119507,0.019100917619653046
md_immediate_advantage_dqn,803,163,87.14655655622482,96.07821963630617,30.203376956284046,56.94317984580994,1.5441877990961075,17321.677124023438,0.0,26.0,0.0,0.0,0.25809523809523816,1.3303829692304134,1.3206543624401093,0.03242866590153426
md_immediate_advantage_dqn,803,164,87.50306741893291,94.64661886148156,29.202091433107853,58.300976037979126,1.5647487035021186,17374.536417007446,0.0,27.0,0.0,1.0,0.25357142857142867,1.2705818861722946,1.2661180198192596,0.014879621157888323
md_immediate_advantage_dqn,803,165,90.12186749428511,93.29667094767095,31.759224355220795,58.362642937898634,1.5463088480755687,18011.37190055847,0.0,26.0,0.0,1.0,0.24904761904761907,1.089451551437378,1.0807586200535297,0.028976440313272178
md_immediate_advantage_dqn,803,166,77.69049813002349,92.4649406490475,27.636031106114388,50.05446689724922,1.499109398573637,16057.490180969238,0.0,25.0,0.0,1.0,0.2445238095238096,1.2182367835193872,1.2121973037719727,0.02013158379122615
md_immediate_advantage_dqn,803,167,85.5621529608965,93.37897426433862,29.611982449889183,55.950169467926024,1.5119144832715392,16454.379440307617,0.0,26.0,0.0,1.0,0.24,0.9940945710986853,0.9867188930511475,0.024585610604844987
md_immediate_advantage_dqn,803,168,96.07377113699913,94.26288397014142,34.2954191416502,61.77835224866867,1.6219687657430768,19202.496906280518,0.0,27.0,0.0,2.0,0.2354761904761905,1.0750928483903408,1.067225370556116,0.026224966626614332
md_immediate_advantage_dqn,803,169,93.98799376189709,93.57463996894658,31.23346136510372,62.75453272461891,1.5508940434083343,17063.70904159546,0.0,29.0,0.0,0.0,0.23095238095238102,1.1815796475857496,1.1718071531504393,0.032574996701441705
md_immediate_advantage_dqn,803,170,97.26417934298516,93.07833607278766,33.43927562236786,63.824903631210326,1.6653302693739533,19658.99048614502,0.0,27.0,0.0,2.0,0.22642857142857142,1.0124644413590431,1.0064664483070374,0.019993296649772674
md_immediate_advantage_dqn,803,171,100.07551945745945,93.76975755341351,32.06607577204704,68.00944396853447,1.620768817141652,18402.334548950195,0.0,29.0,0.0,0.0,0.22190476190476194,1.1162288766354322,1.1074235662817955,0.029351078439503908
md_immediate_advantage_dqn,803,172,80.4678212031722,94.0999880435318,27.80418762564659,52.66363313794136,1.4846401512622833,15872.793655395508,0.0,25.0,0.0,1.0,0.21738095238095245,1.124604020267725,1.1186162903904915,0.01995904336217791
md_immediate_advantage_dqn,803,173,95.6492212638259,93.63710296735168,33.37873937934637,62.27048148214817,1.6279389085248113,19173.13380241394,0.0,27.0,0.0,1.0,0.21285714285714286,1.2422009855508804,1.233470005914569,0.02910329878795892
md_immediate_advantage_dqn,803,174,97.30849432945251,92.5329832302034,31.655779607594013,65.65271458029747,1.5778476959094405,17839.824352264404,0.0,30.0,0.0,1.0,0.20833333333333337,1.1408536527305841,1.1331375297158957,0.025720417615957558
md_immediate_advantage_dqn,803,175,96.47745297849178,93.0747849740088,31.938989214599133,64.5384633243084,1.6225944506004453,18479.94082260132,0.0,29.0,0.0,0.0,0.20380952380952377,1.1475410666316748,1.1418516468256712,0.018964755232445896
md_immediate_advantage_dqn,803,176,93.39230401813984,92.74751786023378,30.311687275767326,63.080616503953934,1.5856343396008015,17537.938705444336,0.0,27.0,0.0,0.0,0.1992857142857143,1.0974415075033903,1.0906340852379799,0.022691411897540092
md_immediate_advantage_dqn,803,177,81.71150377392769,91.81228658959269,29.125850431621075,52.58565327525139,1.496977032162249,16367.211366653442,0.0,25.0,0.0,0.0,0.1947619047619048,1.1865643076598644,1.1802858226001263,0.020928259938955307
md_immediate_advantage_dqn,803,178,91.29646881818772,91.634283323884,33.727910697460175,57.56855812072754,1.6152149299159646,19035.725395202637,0.0,25.0,0.0,2.0,0.19023809523809532,0.9236646462231874,0.9161699377000332,0.02498235832899809
md_immediate_advantage_dqn,803,179,75.54988550543786,90.92652614779772,27.143820703029633,48.40606518983841,1.47528578620404,15817.540176391602,0.0,22.0,0.0,1.0,0.18571428571428583,1.288247399032116,1.2835314571857452,0.01571975724073127
md_immediate_advantage_dqn,803,180,102.48899682760239,91.16986536897721,33.700789637863636,68.78820730149747,1.7769788280129433,20637.408603668213,0.0,31.0,0.0,1.0,0.18119047619047624,1.0616975650191307,1.0552272219210863,0.0215678479289636
md_immediate_advantage_dqn,803,181,106.49364573657513,91.81164066158237,32.89248102903366,73.60116451382638,1.6761375237256289,18879.176082611084,0.0,33.0,0.0,1.0,0.17666666666666664,0.94307547993958,0.9357587695121765,0.024389045196585357
md_immediate_advantage_dqn,803,182,86.46312619000673,91.13622634522618,29.971703328192234,56.4914231300354,1.5273248879238963,17014.11558532715,0.0,26.0,0.0,0.0,0.17214285714285715,1.1285805627703667,1.1222488954663277,0.021105551160871983
md_immediate_advantage_dqn,803,183,105.26539152264596,92.04216809354725,35.3211637288332,69.94422798752785,1.6634937301278114,20252.294834136963,0.0,30.0,0.0,1.0,0.16761904761904767,0.9118751101195812,0.9041314236819744,0.0258122889790684
md_immediate_advantage_dqn,803,184,93.07976997792721,92.32100322149695,31.83341573178768,61.24635442495346,1.6049280939623713,18092.96198272705,0.0,26.0,0.0,1.0,0.16309523809523818,0.9285566471517086,0.9222325757145882,0.021080224018078297
md_immediate_advantage_dqn,803,185,70.62479595243931,91.34614964440466,25.77104140818119,44.853755393624304,1.426176062785089,14385.757682800293,0.0,22.0,0.0,1.0,0.1585714285714287,1.1447612196207047,1.1370501182973385,0.025703664985485375
md_immediate_advantage_dqn,803,186,81.77431403994561,91.55034043990078,30.266668766736984,51.50764548182487,1.5282624773681164,17086.95043182373,0.0,24.0,0.0,1.0,0.1540476190476191,1.213376197963953,1.2050290666520596,0.027823765645734966
md_immediate_advantage_dqn,803,187,90.25863924622536,91.78516475416721,31.955448403954506,58.3031909763813,1.6271124184131622,18663.918548583984,0.0,26.0,0.0,2.0,0.1495238095238095,1.3362895734608173,1.3317494988441467,0.015133545617572963
md_immediate_advantage_dqn,803,188,97.81760885119438,91.87235663987698,31.02401591092348,66.79359260499477,1.556805401109159,17642.45352935791,0.0,30.0,0.0,2.0,0.14500000000000002,1.1039264146238565,1.0964099653065205,0.02505482907872647
md_immediate_advantage_dqn,803,189,65.88281749337912,90.46709782645107,25.709083952009678,40.17373331785202,1.4462801525369287,14838.737537384033,0.0,21.0,0.0,2.0,0.14047619047619053,1.1765125300735235,1.1692097298800945,0.02434264763724059
md_immediate_advantage_dqn,803,190,84.4501058831811,89.82639415346087,30.750382773578167,53.69972288608551,1.555531525053084,17539.156616210938,0.0,26.0,0.0,0.0,0.13595238095238105,1.229681096971035,1.2198266498744488,0.03284813498612493
md_immediate_advantage_dqn,803,191,87.92776836454868,89.21900659881533,30.71421954035759,57.21354898810387,1.5692191077396274,17310.52744293213,0.0,25.0,0.0,2.0,0.13142857142857145,1.2958060652017593,1.2895892150700092,0.020722806686535478
md_immediate_advantage_dqn,803,192,80.5934996381402,89.22529052056373,28.87016563117504,51.72333383560181,1.5159250292927027,16542.800846099854,0.0,25.0,0.0,1.0,0.12690476190476196,0.9304095022380352,0.9220946598798037,0.027716119424439967
md_immediate_advantage_dqn,803,193,100.259152841568,89.45578709945083,34.60743926465511,65.65171311497689,1.6460011526942253,19836.2696723938,0.0,30.0,0.0,3.0,0.12238095238095237,1.044398907572031,1.036867868155241,0.025103495572693646
md_immediate_advantage_dqn,803,194,82.6198809310794,88.72135642953218,28.459294013679028,54.16058742403984,1.5021905386820436,16007.602132797241,0.0,25.0,0.0,1.0,0.11785714285714288,1.2171707656234503,1.2087572533637285,0.028045073035173118
md_immediate_advantage_dqn,803,195,83.1511796489358,88.05504276305439,29.945489712059498,53.20568998157978,1.5083694467321038,17098.57751274109,0.0,24.0,0.0,1.0,0.1133333333333334,1.173841880634427,1.166344115510583,0.024992574588395655
md_immediate_advantage_dqn,803,196,94.76129883527756,88.12349250391127,31.360770672559738,63.40052801370621,1.5731006916612387,17732.07692718506,0.0,29.0,0.0,0.0,0.1088095238095238,1.2861564755439758,1.279056679457426,0.023665979388169944
md_immediate_advantage_dqn,803,197,81.85137014985085,88.13048582270741,28.060684323310852,53.7906854391098,1.488349724560976,15761.645610809326,0.0,25.0,0.0,2.0,0.10428571428571431,1.04054544121027,1.0330551471561193,0.024967637669760734
md_immediate_advantage_dqn,803,198,91.77510400116444,88.15441758185626,32.21282943338156,59.56227418780327,1.5840266700834036,18576.114055633545,0.0,27.0,0.0,0.0,0.09976190476190483,1.0931465812027454,1.0855527594685555,0.025312731158919632
md_immediate_advantage_dqn,803,199,86.92842393517495,88.7233445033431,30.14432044327259,56.78410359621048,1.5470966259017587,17030.67599105835,0.0,26.0,0.0,1.0,0.09523809523809534,0.8970677386969328,0.8880016477778554,0.03022031270666048
md_immediate_advantage_dqn,803,200,79.3819049909711,87.56798991151156,29.401797406375408,49.98010809123516,1.5153908850625157,16702.693145751953,0.0,23.0,0.0,1.0,0.09071428571428575,1.058521406725049,1.0515808090567589,0.023135359631851315
md_immediate_advantage_dqn,803,201,66.21054612100124,85.55383493073286,25.31726810336113,40.89327773451805,1.3920762883499265,14124.508647918701,0.0,20.0,0.0,0.0,0.08619047619047626,1.0715509094297886,1.0633322224020958,0.027395619545131922
md_immediate_advantage_dqn,803,202,100.28217473626137,86.2447873580456,33.31227523833513,66.96989893913269,1.61789695546031,18835.507488250732,0.0,29.0,0.0,0.0,0.08166666666666667,1.2024852894246578,1.1959858871996403,0.02166470990050584
md_immediate_advantage_dqn,803,203,84.25635511875153,85.19433553785086,30.59853185713291,53.65782306790352,1.5254913894459605,17122.0294342041,0.0,23.0,0.0,3.0,0.07714285714285718,1.3024001810699701,1.2948270086199045,0.025243895244784653
md_immediate_advantage_dqn,803,204,91.94655320048332,85.13767469897867,30.78382583707571,61.16272737085819,1.5739532206207514,17940.561321258545,0.0,30.0,0.0,0.0,0.0726190476190477,1.3840858172625303,1.377576369792223,0.021698214579373598
md_immediate_advantage_dqn,803,205,77.36165148764849,85.47451747573913,27.820589743554592,49.54106159508228,1.4777284832671285,16107.231163024902,0.0,25.0,0.0,0.0,0.06809523809523821,1.2580685541033745,1.2511808387935162,0.022959060326684266
md_immediate_advantage_dqn,803,206,75.55354072451591,85.16347880996764,29.151934161782265,46.4016062349081,1.4806319903582335,16196.087516784668,0.0,22.0,0.0,3.0,0.06357142857142861,1.2928180657327175,1.283265259116888,0.03184273943770677
md_immediate_advantage_dqn,803,207,92.61892566978932,85.28149313114584,30.558234855532646,62.06069132089615,1.5233195861801505,16609.62851715088,0.0,29.0,0.0,2.0,0.059047619047619015,1.1560271847993135,1.1492910720407963,0.022453726909589022
md_immediate_advantage_dqn,803,208,67.19116873443127,83.75017112530769,28.12632241845131,39.06484662890434,1.431746805086732,15679.522968292236,0.0,20.0,0.0,1.0,0.05452380952380953,1.3315631374716759,1.3238051068037748,0.025860067689791322
md_immediate_advantage_dqn,803,209,89.63784112930298,84.93792230710389,29.81743735820055,59.820402988791464,1.5249666217714548,16915.230533599854,0.0,29.0,0.0,1.0,0.050000000000000044,1.200479008257389,1.1943174935877323,0.02053839177824557
md_immediate_advantage_dqn,803,210,88.06115979999304,85.11847500294449,30.29346639662981,57.76769413352012,1.5418438846245408,16902.195655822754,0.0,26.0,0.0,3.0,0.050000000000000044,1.2417915165424347,1.233315996825695,0.028251716401427984
md_immediate_advantage_dqn,803,211,79.88758310675621,84.71646574005486,26.508072823286057,53.37951019406319,1.4695815462619066,15573.4896774292,0.0,25.0,0.0,1.0,0.050000000000000044,1.5719994902610779,1.566936556249857,0.0168764793779701
md_immediate_advantage_dqn,803,212,90.73759061992169,85.22367028914393,32.16906134784222,58.568529003858565,1.5898090032860637,18068.90366744995,0.0,26.0,0.0,2.0,0.050000000000000044,1.1262821312993765,1.1176858954131603,0.028654116089455783
md_immediate_advantage_dqn,803,213,82.5485394537449,84.33813961975278,29.486419707536697,53.062119805812834,1.5303715523332357,16520.88165664673,0.0,25.0,0.0,2.0,0.050000000000000044,1.250513145700097,1.2432753406465054,0.02412600116804242
md_immediate_advantage_dqn,803,214,97.75460454821587,85.09487580060961,33.3282980248332,64.42630621790886,1.6237341752275825,19004.392127990723,0.0,28.0,0.0,0.0,0.050000000000000044,1.1275377459824085,1.1198361776769161,0.025671896757557988
md_immediate_advantage_dqn,803,215,83.01405554413796,85.08801959536972,29.773283667862415,53.24077198803425,1.493605537340045,16327.129692077637,0.0,24.0,0.0,1.0,0.050000000000000044,1.1504787635058165,1.1423316970467567,0.027156861731782556
md_immediate_advantage_dqn,803,216,75.25298522412777,84.11260391481223,27.35089622437954,47.902089059352875,1.4499084753915668,15518.850233078003,0.0,23.0,0.0,0.0,0.050000000000000044,0.9993212595582008,0.9920295961201191,0.024305528262630105
md_immediate_advantage_dqn,803,217,74.16408346146345,83.72823958039284,26.893089167773724,47.270994412899014,1.439547574147582,15093.332233428955,0.0,23.0,0.0,2.0,0.050000000000000044,0.9456349350512028,0.9378007501363754,0.02611398056615144
md_immediate_advantage_dqn,803,218,90.530598141253,83.66601428739727,32.30206672102213,58.22853131592274,1.594591953791678,18194.992233276367,0.0,26.0,0.0,0.0,0.050000000000000044,1.489019487053156,1.4810130782425404,0.026688005309551954
md_immediate_advantage_dqn,803,219,77.18962679803371,83.17907443054021,27.913787692785263,49.275839030742645,1.4859987925738096,16079.008052825928,0.0,23.0,0.0,0.0,0.050000000000000044,1.2288751006126404,1.2229139879345894,0.019870335701853037
md_immediate_advantage_dqn,803,220,67.50564686506986,82.58526152424515,27.061922423541546,40.443724650144574,1.4604693064466119,15057.653652191162,0.0,19.0,0.0,2.0,0.050000000000000044,1.3015772216022015,1.293940944597125,0.025454258546233177
md_immediate_advantage_dqn,803,221,76.13267281055451,83.08136785872281,28.475352928042412,47.65731940567493,1.4762905463576317,15860.43848991394,0.0,23.0,0.0,1.0,0.050000000000000044,1.1886496432125568,1.1795274391770363,0.030407350976020098
md_immediate_advantage_dqn,803,222,83.96578609347344,82.26554842658342,28.977538652718067,54.9882473886013,1.4929296001791954,16136.081703186035,0.0,24.0,0.0,2.0,0.050000000000000044,1.3583613149821758,1.3516396582126617,0.02240551426075399
md_immediate_advantage_dqn,803,223,90.39472250193357,82.57246679574253,30.53118198364973,59.863540324568746,1.568662834353745,17462.0669631958,0.0,27.0,0.0,3.0,0.050000000000000044,1.0542240217328072,1.047157747671008,0.02355422463733703
md_immediate_advantage_dqn,803,224,74.56620366126299,81.70344931878151,27.485004298388958,47.08119938522577,1.4481332311406732,15087.212358474731,0.0,22.0,0.0,5.0,0.050000000000000044,1.0346441958099604,1.025061510503292,0.03194223460741341
md_immediate_advantage_dqn,803,225,71.46178162842989,81.40845582582057,27.217538826167583,44.244243144989014,1.4657565150409937,15604.017360687256,0.0,22.0,0.0,0.0,0.050000000000000044,1.1056730262935162,1.0970434099435806,0.02876534650567919
md_immediate_advantage_dqn,803,226,101.60013251900673,82.71078541554512,32.74523824453354,68.85489384233952,1.6392417633906007,18544.397815704346,0.0,30.0,0.0,1.0,0.050000000000000044,1.1341097876429558,1.1229401268064976,0.03723216860089451
md_immediate_advantage_dqn,803,227,89.43114853799344,82.55139655895532,30.930004611611366,58.50114401578903,1.548809197731316,17144.069019317627,0.0,25.0,0.0,1.0,0.050000000000000044,1.3517180737107992,1.3450992964208126,0.022062617586925626
md_immediate_advantage_dqn,803,228,83.14239802360535,83.34895802341404,29.660458251833916,53.48193954825401,1.5118180643767118,16478.646244049072,0.0,25.0,0.0,1.0,0.050000000000000044,1.210029248148203,1.2019562646746635,0.026909952983260155
md_immediate_advantage_dqn,803,229,70.19007566571236,82.3765697502345,26.651474341750145,43.53860147297382,1.4468463649973273,15024.880853652954,0.0,22.0,0.0,1.0,0.050000000000000044,1.4233057145029306,1.4155865013599396,0.025730723282322288
md_immediate_advantage_dqn,803,230,83.5298645734787,82.15000498890879,28.922683633863926,54.607180991768836,1.5371880130842328,16975.102394104004,0.0,26.0,0.0,2.0,0.050000000000000044,1.057010505348444,1.0496369637548923,0.024578465905506164
md_immediate_advantage_dqn,803,231,89.39244153499604,82.62524791032078,32.44767092168331,56.944770807027815,1.5931755043566227,18486.26763153076,0.0,27.0,0.0,1.0,0.050000000000000044,1.1718313563615084,1.1630839556455612,0.02915799990296364
md_immediate_advantage_dqn,803,232,86.11875744462013,82.3943062515557,28.871599778532982,57.24715768098831,1.5121251344680786,16108.685775756836,0.0,25.0,0.0,3.0,0.050000000000000044,1.4164569023996592,1.4104053229093552,0.020171948592178524
md_immediate_advantage_dqn,803,233,76.47361939549447,82.09056024864319,27.376715637743473,49.096903750300406,1.4679084094241261,15556.615558624268,0.0,23.0,0.0,1.0,0.050000000000000044,1.30406947247684,1.2953095138072968,0.029199896729551256
md_immediate_advantage_dqn,803,234,72.14242868870497,80.80995145566763,26.43694969266653,45.70547907054424,1.4329100186005235,15170.898010253906,0.0,22.0,0.0,0.0,0.050000000000000044,1.3887306340038776,1.3803814202547073,0.027830717619508505
md_immediate_advantage_dqn,803,235,105.2661457836628,81.92255596764386,33.28966259211302,71.97648316919803,1.6124124638736248,19044.861328125,0.0,32.0,0.0,3.0,0.050000000000000044,1.2516084630042315,1.2440866995602846,0.02507251873612404
md_immediate_advantage_dqn,803,236,68.47423356175423,81.58361838452518,24.947831705212593,43.52640197575092,1.4033323107287288,14453.680515289307,0.0,22.0,0.0,1.0,0.050000000000000044,1.0846245605498552,1.0735643431544304,0.036867424729280174
md_immediate_advantage_dqn,803,237,92.41747662425041,82.49628804266453,29.80564485490322,62.611831694841385,1.5332328584045172,17046.602333068848,0.0,30.0,0.0,0.0,0.050000000000000044,1.2440190091729164,1.2376325093209743,0.021288323448970914
md_immediate_advantage_dqn,803,238,77.2350699171424,81.831511631459,28.076347514986992,49.158722722530364,1.5008602058514953,16062.668313980103,0.0,23.0,0.0,1.0,0.050000000000000044,1.3386918902397156,1.3310120925307274,0.025599435670301318
md_immediate_advantage_dqn,803,239,83.70028280615807,82.15704443186523,30.632456809282303,53.06782532632351,1.5512943835929036,17635.96304321289,0.0,26.0,0.0,3.0,0.050000000000000044,1.5356189347803593,1.528028318658471,0.025302110938355327
md_immediate_advantage_dqn,803,240,86.05193764865399,83.08435897104444,30.663089871406555,55.388848358392714,1.5203652484342456,16782.993927001953,0.0,25.0,0.0,1.0,0.050000000000000044,1.2810623366385698,1.2697505205869675,0.03770604508463293
md_immediate_advantage_dqn,803,241,100.18237043917179,84.2868438524753,31.897606655955315,68.28476405143738,1.591820907779038,18284.569408416748,0.0,30.0,0.0,1.0,0.050000000000000044,1.167934337630868,1.1609209217131138,0.02337806671857834
md_immediate_advantage_dqn,803,242,76.89795765131711,83.93345243036747,27.486849933862686,49.41110726296902,1.4587213527411222,15527.972421646118,0.0,22.0,0.0,5.0,0.050000000000000044,1.2873529717326164,1.2805783674120903,0.022582035046070814
md_immediate_advantage_dqn,803,243,73.96769788265229,83.11210119940343,26.511326871812344,47.45637112259865,1.4506330015137792,15052.648002624512,0.0,23.0,0.0,1.0,0.050000000000000044,1.1186281647533178,1.1122950930148363,0.02111024415353313
md_immediate_advantage_dqn,803,244,76.13840243220329,83.19071113795042,26.597686618566513,49.540715873241425,1.4657961782068014,15474.9440574646,0.0,25.0,0.0,0.0,0.050000000000000044,1.4884364362806082,1.4803207237273455,0.027052341029047966
md_immediate_advantage_dqn,803,245,97.12099324166775,84.47367171861232,33.51187056303024,63.60912336409092,1.6450739791616797,19072.26336669922,0.0,29.0,0.0,0.0,0.050000000000000044,1.4844692628830671,1.4765870571136475,0.026274009491316974
md_immediate_advantage_dqn,803,246,84.81296882778406,83.63431353405119,28.591213807463646,56.221755027770996,1.477015315555036,16138.938047409058,0.0,26.0,0.0,2.0,0.050000000000000044,1.2539770100265741,1.2461415436118841,0.026118228677660227
md_immediate_advantage_dqn,803,247,82.20358116179705,83.27293516524136,30.60194681584835,51.60163490474224,1.5271667409688234,17129.844856262207,0.0,25.0,0.0,0.0,0.050000000000000044,1.284323614090681,1.2763478122651577,0.026585984451230615
md_immediate_advantage_dqn,803,248,70.23920987695456,82.62777575790884,27.194092623889446,43.04511716365814,1.4494756739586592,15460.348993301392,0.0,20.0,0.0,1.0,0.050000000000000044,1.2595906220376492,1.2499110121279955,0.03226537851151079
md_immediate_advantage_dqn,803,249,67.06015157103539,82.47127955317498,25.37103369832039,41.68911784291267,1.4320976845920086,14563.309131622314,0.0,20.0,0.0,2.0,0.050000000000000044,1.187134012579918,1.180640496313572,0.021645046188496053
md_immediate_advantage_dqn,803,250,90.74922408163548,82.83224752858283,28.725590512156487,62.023632779717445,1.4849056005477905,16273.225315093994,0.0,28.0,0.0,0.0,0.050000000000000044,1.5353916827589273,1.5275590308010578,0.026108766091056168
md_immediate_advantage_dqn,803,251,81.25415908545256,82.42533340610564,27.547162652015686,53.70699690282345,1.5014358395710588,16073.284732818604,0.0,26.0,0.0,1.0,0.050000000000000044,1.352477164939046,1.3440118096768856,0.02821785514242947
md_immediate_advantage_dqn,803,252,83.35644289255143,82.28721767850222,29.549789518117905,53.80665371716022,1.5096468264237046,16631.195922851562,0.0,24.0,0.0,3.0,0.050000000000000044,1.2670558653771877,1.2592386174947023,0.026057494687847793
md_immediate_advantage_dqn,803,253,80.13704714179039,82.47038906581699,28.611199468374252,51.52584743499756,1.5032815737649798,16342.154426574707,0.0,23.0,0.0,1.0,0.050000000000000044,1.677279569208622,1.6663021743297577,0.036591293406672776
md_immediate_advantage_dqn,803,254,84.41336886733771,83.08393607474865,29.0816368162632,55.33173211812973,1.536424650810659,16736.924118041992,0.0,26.0,0.0,2.0,0.050000000000000044,1.1572980405762792,1.148571440950036,0.029088676092214882
md_immediate_advantage_dqn,803,255,79.9521963596344,81.81823860354723,27.69763757288456,52.25455866754055,1.5241814740002155,16445.654098510742,0.0,27.0,0.0,0.0,0.050000000000000044,1.2171642407774925,1.2073177378624678,0.03282162710092962
md_immediate_advantage_dqn,803,256,63.00668904185295,81.54486137755217,24.823181748390198,38.18350724875927,1.388428844511509,14104.971168518066,0.0,20.0,0.0,0.0,0.050000000000000044,1.0796203203499317,1.0708324648439884,0.029292825958691537
md_immediate_advantage_dqn,803,257,84.74456961750984,81.16121602721513,27.550237886607647,57.19433169364929,1.506489247083664,15783.210227966309,0.0,26.0,0.0,3.0,0.050000000000000044,1.5127616729587317,1.505369633436203,0.024640182149596512
md_immediate_advantage_dqn,803,258,90.61477331519127,81.83020119711757,31.25707159936428,59.35770192444325,1.5629088543355465,17319.21936225891,0.0,26.0,0.0,4.0,0.050000000000000044,1.4039895590394735,1.396649096161127,0.02446817292366177
md_immediate_advantage_dqn,803,259,65.23245168030262,80.90680964082479,25.167207822203636,40.06524373888969,1.4107326930388808,14461.347072601318,0.0,20.0,0.0,2.0,0.050000000000000044,1.406229306012392,1.3977555017918348,0.02824598702136427
md_immediate_advantage_dqn,803,260,75.84200900048018,80.3963132084161,28.452197410166264,47.38981205224991,1.4730946132913232,15942.12474822998,0.0,23.0,0.0,2.0,0.050000000000000044,1.3680788092315197,1.3579958900809288,0.03360971005167812
md_immediate_advantage_dqn,803,261,75.02954311668873,79.13867184229196,27.83854130655527,47.19100242853165,1.4754592534154654,16039.399295806885,0.0,25.0,0.0,0.0,0.050000000000000044,1.3080586958676577,1.2970345262438059,0.03674724523443729
md_immediate_advantage_dqn,803,262,85.48620517700911,79.56808421857656,29.447962529957294,56.03824269175529,1.500007662922144,16405.762031555176,0.0,25.0,0.0,1.0,0.050000000000000044,1.7227182872593403,1.7126768305897713,0.03347152133937925
md_immediate_advantage_dqn,803,263,88.75818525254726,80.30760858707131,30.805359803140163,57.95282478630543,1.5417878031730652,17457.152479171753,0.0,26.0,0.0,0.0,0.050000000000000044,1.2031494453549385,1.195027219131589,0.027074127923697233
md_immediate_advantage_dqn,803,264,82.32711656540633,80.61704429373147,29.81099085509777,52.5161263436079,1.5154913011938334,16618.675395965576,0.0,25.0,0.0,1.0,0.050000000000000044,1.2850253656506538,1.2744036875665188,0.03540558076929301
md_immediate_advantage_dqn,803,265,90.58477667868138,80.29023346558215,30.278607681393623,60.3061681330204,1.5337095241993666,17361.916297912598,0.0,26.0,0.0,2.0,0.050000000000000044,1.4868776556104422,1.4778559394180775,0.030072425375692546
md_immediate_advantage_dqn,803,266,90.49143581986428,80.57415681518616,30.234742626547813,60.2566931784153,1.5272501353174448,16938.280849456787,0.0,28.0,0.0,1.0,0.050000000000000044,1.5765903666615486,1.5701181404292583,0.02157404803438112
md_immediate_advantage_dqn,803,267,100.9717158973217,81.5125635519624,32.32007549703121,68.6516400128603,1.5612147189676762,18324.561946868896,0.0,31.0,0.0,1.0,0.050000000000000044,1.033124940469861,1.0236642230302095,0.03153570927679539
md_immediate_advantage_dqn,803,268,106.09603291153908,83.30540470369162,34.522760450839996,71.5732720732689,1.65756294131279,19515.239875793457,0.0,31.0,0.0,3.0,0.050000000000000044,1.4681595787405968,1.4565856792032719,0.0385796173941344
md_immediate_advantage_dqn,803,269,60.794416561722755,82.99211795322599,24.97463622689247,35.81978027522564,1.383236788213253,13931.267198562622,0.0,19.0,0.0,0.0,0.050000000000000044,1.3184564672410488,1.3088921457529068,0.031881049391813576
md_immediate_advantage_dqn,803,270,74.91903881728649,82.20060869000852,26.94397433847189,47.9750642478466,1.4627210665494204,15460.643606185913,0.0,24.0,0.0,0.0,0.050000000000000044,1.5078364945948124,1.4993658196181059,0.028235555160790682
md_immediate_advantage_dqn,803,271,71.7203413322568,81.72391780234874,27.24477218836546,44.47556956112385,1.4919418971985579,15902.220169067383,0.0,22.0,0.0,1.0,0.050000000000000044,1.0262691415846348,1.0176186729222536,0.028834893368184566
md_immediate_advantage_dqn,803,272,83.46792194992304,81.72949175521731,29.074926503002644,54.39299562573433,1.5243298448622227,16782.3635597229,0.0,26.0,0.0,1.0,0.050000000000000044,1.1647183001041412,1.155130747705698,0.031958553940057755
md_immediate_advantage_dqn,803,273,70.85385252535343,81.26533202439546,25.47183544933796,45.382016748189926,1.436347589828074,14917.231483459473,0.0,20.0,0.0,2.0,0.050000000000000044,1.082839297130704,1.0753224398940802,0.025056220940314233
md_immediate_advantage_dqn,803,274,94.18500955551863,81.75391405880453,30.762703970074654,63.42230530232191,1.6030201418325305,18100.040100097656,0.0,29.0,0.0,2.0,0.050000000000000044,1.5372121967375278,1.528684500604868,0.028425653756130487
md_immediate_advantage_dqn,803,275,89.99339877068996,82.2559741793573,31.62584201991558,58.36755733191967,1.5428207982331514,17789.88998413086,0.0,27.0,0.0,0.0,0.050000000000000044,1.6514538191258907,1.6420824602246284,0.031237841118127108
md_immediate_advantage_dqn,803,276,98.84950581490993,84.04811501801014,32.61297804117203,66.23652760982513,1.6233925642445683,18823.047164916992,0.0,29.0,0.0,3.0,0.050000000000000044,1.4659507181495428,1.4585889764130116,0.02453912643250078
md_immediate_advantage_dqn,803,277,82.27412888407707,83.9245929813385,27.755343474447727,54.51878520846367,1.5035014310851693,16043.595924377441,0.0,26.0,0.0,0.0,0.050000000000000044,1.5270225554704666,1.5173355769366026,0.03228987567126751
md_immediate_advantage_dqn,803,278,83.13929698616266,83.55081916488707,29.04970210790634,54.08959512412548,1.5155632551759481,16693.864234924316,0.0,24.0,0.0,0.0,0.050000000000000044,1.7367134615778923,1.728087430819869,0.02875339414458722
md_immediate_advantage_dqn,803,279,90.42619387954474,84.81050627484919,30.126115649938583,60.30007883310318,1.5414485931396484,17235.72901535034,0.0,28.0,0.0,1.0,0.050000000000000044,1.3912273272871971,1.3830225206911564,0.02734938752837479
md_immediate_advantage_dqn,803,280,86.8449726253748,85.36065445609391,29.43354719877243,57.411426082253456,1.5034506116062403,16674.782041549683,0.0,25.0,0.0,0.0,0.050000000000000044,1.3380749225616455,1.328093757852912,0.033270596293732524
md_immediate_advantage_dqn,803,281,84.26367766410112,85.82236118346454,28.473363235592842,55.79031375050545,1.4903467260301113,16061.580341339111,0.0,25.0,0.0,0.0,0.050000000000000044,1.3086773455142975,1.3003696836531162,0.02769221377093345
md_immediate_advantage_dqn,803,282,101.52118051946164,86.62410995058717,32.33843591809273,69.18274339437485,1.6301823258399963,18776.792594909668,0.0,29.0,0.0,3.0,0.050000000000000044,1.2210291177034378,1.2133501078933477,0.025596684427000582
md_immediate_advantage_dqn,803,283,73.80673157423735,85.87653726667165,27.067096807062626,46.739634573459625,1.4538033297285438,15166.517417907715,0.0,22.0,0.0,0.0,0.050000000000000044,1.5728009101003408,1.561688806861639,0.037040370516479015
md_immediate_advantage_dqn,803,284,69.95573219954967,85.25796804837884,28.37844869494438,41.57728308737278,1.481923776678741,15957.590980529785,0.0,20.0,0.0,2.0,0.050000000000000044,1.4244880825281143,1.4155260398983955,0.029873478575609624
md_immediate_advantage_dqn,803,285,73.5695760473609,84.4072080168128,27.40834256261587,46.16123329102993,1.4684805301949382,15633.487167358398,0.0,22.0,0.0,1.0,0.050000000000000044,1.1633076686412096,1.155946159735322,0.0245383299770765
md_immediate_advantage_dqn,803,286,90.00892149060965,84.38308230035008,33.27179432660341,56.73712689578533,1.5951296696439385,18964.93579864502,0.0,27.0,0.0,1.0,0.050000000000000044,0.9295977130532265,0.9199226070195436,0.032250334159471095
md_immediate_advantage_dqn,803,287,66.1233234718442,82.6406626790762,26.12438840419054,39.9989353954792,1.4049120238050818,14757.669883728027,0.0,20.0,0.0,1.0,0.050000000000000044,1.3470296319574118,1.3357116989791393,0.037726465438026935
md_immediate_advantage_dqn,803,288,74.93020219653845,81.08237114332618,27.24220708757639,47.68799481093883,1.4590448029339314,15369.417280197144,0.0,23.0,0.0,2.0,0.050000000000000044,1.1886496171355247,1.1820568703114986,0.021975776297040284
md_immediate_advantage_dqn,803,289,92.10723610371352,82.64801212042572,31.069869495928288,61.037366622686385,1.5653902692720294,17628.216024398804,0.0,28.0,0.0,1.0,0.050000000000000044,1.4576607998460531,1.4487108457833529,0.029833199572749436
md_immediate_advantage_dqn,803,290,83.56198307275773,83.08015933319928,28.619230464100838,54.94275248944759,1.5033183535560966,16141.10645866394,0.0,25.0,0.0,1.0,0.050000000000000044,1.2946985755115747,1.287785766646266,0.02304269454907626
md_immediate_advantage_dqn,803,291,78.37590583562852,83.41293755836786,29.8323407843709,48.543564887344836,1.5152850551530719,17057.7672996521,0.0,24.0,0.0,2.0,0.050000000000000044,1.4729402773082256,1.4630975760519505,0.03280900605022907
md_immediate_advantage_dqn,803,292,87.19690002501011,83.59938646212223,31.730130657553673,55.466769099235535,1.5838813530281186,18300.496059417725,0.0,24.0,0.0,0.0,0.050000000000000044,1.6203463189303875,1.6110856533050537,0.03086886927485466
md_immediate_advantage_dqn,803,293,80.87228432297707,84.1003080520034,27.878812313079834,52.99347224831581,1.4851029915735126,15891.834690093994,0.0,25.0,0.0,0.0,0.050000000000000044,1.2437525782734156,1.2348887249827385,0.02954617061186582
md_immediate_advantage_dqn,803,294,77.07527348399162,83.24482124842704,27.683993577957153,49.3912802785635,1.4556196676567197,15353.770490646362,0.0,23.0,0.0,2.0,0.050000000000000044,1.4705268181860447,1.461219497025013,0.031024374533444643
md_immediate_advantage_dqn,803,295,88.42671522498131,83.16648707114162,30.10881994664669,58.317895352840424,1.5684204455465078,17579.30931854248,0.0,28.0,0.0,1.0,0.050000000000000044,1.488003646954894,1.4790052212774754,0.029994722339324653
md_immediate_advantage_dqn,803,296,80.91033148914576,82.2695283548534,28.068077355623245,52.8422542899847,1.473887698724866,15691.232845306396,0.0,24.0,0.0,1.0,0.050000000000000044,1.379712138324976,1.3679725304245949,0.039132037316448987
md_immediate_advantage_dqn,803,297,82.05016945302486,82.25833038330079,28.49427067488432,53.55589905381203,1.5089821061119437,16007.607025146484,0.0,24.0,0.0,2.0,0.050000000000000044,1.398211732506752,1.3895413428544998,0.02890129410661757
md_immediate_advantage_dqn,803,298,75.12651659697295,81.85769136384131,28.851784996688366,46.27473182380199,1.4776224782690406,16868.742015838623,0.0,23.0,0.0,1.0,0.050000000000000044,1.2623189687728882,1.2545145377516747,0.026014736155048013
md_immediate_advantage_dqn,803,299,91.95143249630928,81.93395329467953,29.5363667011261,62.41506537795067,1.5461883442476392,16993.9783782959,0.0,28.0,0.0,0.0,0.050000000000000044,1.3345041871070862,1.3264316506683826,0.02690846472978592
md_immediate_advantage_dqn,803,300,77.36918233335018,81.4601637800783,27.978242352604866,49.390940099954605,1.4804177870973945,15889.304679870605,0.0,23.0,0.0,0.0,0.050000000000000044,1.4471857529133558,1.4384657014161348,0.02906688640359789
md_immediate_advantage_dqn,803,301,69.29455516636372,80.71170765519143,26.5240500792861,42.77050500512123,1.4170847442001104,15133.1475315094,0.0,20.0,0.0,2.0,0.050000000000000044,1.3707611858844757,1.3616048637777567,0.030521071748808026
md_immediate_advantage_dqn,803,302,68.15094562619925,79.04319591052831,26.50133015960455,41.649615213274956,1.4229769334197044,15055.552341461182,0.0,20.0,0.0,0.0,0.050000000000000044,1.3064172361046076,1.294947274029255,0.03823319869115949
md_immediate_advantage_dqn,803,303,59.190476931631565,78.31238317839802,25.037681363523006,34.15279522538185,1.4068399062380195,14478.052654266357,0.0,18.0,0.0,0.0,0.050000000000000044,1.327399831265211,1.3173662908375263,0.03344510565511882
md_immediate_advantage_dqn,803,304,84.12114053964615,79.02065359540283,28.432549238204956,55.68859161436558,1.483807422220707,15990.64083480835,0.0,27.0,0.0,0.0,0.050000000000000044,1.4821481853723526,1.4704760238528252,0.03890716773457825
md_immediate_advantage_dqn,803,305,69.34850174933672,78.80959988050162,27.172406412661076,42.17609517276287,1.4604040505364537,15342.672637939453,0.0,21.0,0.0,2.0,0.050000000000000044,1.2644005753099918,1.25263512134552,0.039218239951878786
md_immediate_advantage_dqn,803,306,88.0863644734025,78.71347202964127,29.83071807771921,58.255646634101865,1.5678205890581012,17477.742645263672,0.0,26.0,0.0,4.0,0.050000000000000044,1.6171205956488848,1.6075868289917707,0.03177924349438399
md_immediate_advantage_dqn,803,307,77.35075911283494,79.27484381169081,28.183671824634075,49.167087191343306,1.47161481436342,15811.657138824463,0.0,24.0,0.0,1.0,0.050000000000000044,1.543058717623353,1.5339209213852882,0.030459357076324522
md_immediate_advantage_dqn,803,308,87.0427423119545,79.88047081746161,29.76419374346733,57.278548553586006,1.5225509442389011,16587.61717224121,0.0,27.0,0.0,0.0,0.050000000000000044,1.2856821902096272,1.2756633125245571,0.03339627187233418
md_immediate_advantage_dqn,803,309,74.07189930379391,78.97870397746564,27.516625702381134,46.555273780226706,1.4779565306380391,16116.090711593628,0.0,21.0,0.0,1.0,0.050000000000000044,1.4863211773335934,1.4782584831118584,0.02687566983513534
md_immediate_advantage_dqn,803,310,70.86761492490768,78.34398557007313,27.8638486713171,43.00376623868942,1.4415836855769157,15331.004863739014,0.0,22.0,0.0,1.0,0.050000000000000044,1.7539545744657516,1.7432346660643816,0.035733019933104515
md_immediate_advantage_dqn,803,311,94.45042935162783,79.14771174587311,30.05385308712721,64.39657629430295,1.5580716282129288,17255.30670928955,0.0,30.0,0.0,2.0,0.050000000000000044,1.3133133184164762,1.3040873017162085,0.030753408675082028
md_immediate_advantage_dqn,803,312,84.42966286838055,79.00934988804161,30.45070096105337,53.97896236181259,1.5315855210646987,17399.764736175537,0.0,26.0,0.0,1.0,0.050000000000000044,1.4541856348514557,1.4452212154865265,0.029881360358558595
md_immediate_advantage_dqn,803,313,88.15530535131693,79.37350093945862,31.51076977699995,56.64453571587801,1.572363686747849,17851.813884735107,0.0,26.0,0.0,3.0,0.050000000000000044,1.4126736875623465,1.4026454612612724,0.033427408430725336
md_immediate_advantage_dqn,803,314,82.22079449295998,79.63077698990703,29.508873343467712,52.711921417713164,1.524788724258542,16901.677932739258,0.0,25.0,0.0,4.0,0.050000000000000044,1.5578901674598455,1.5492108594626188,0.028931008593644947
md_immediate_advantage_dqn,803,315,91.01513934135437,79.76019819572568,30.60591619461775,60.4092230796814,1.579512745141983,17715.724243164062,0.0,28.0,0.0,0.0,0.050000000000000044,1.2818062845617533,1.2718697562813759,0.03312174999155104
md_immediate_advantage_dqn,803,316,86.74118115901948,80.05174067921936,28.46366448700428,58.2775165528059,1.5173820918425918,15993.75549697876,0.0,27.0,0.0,2.0,0.050000000000000044,1.718101654201746,1.7089279107749462,0.030579149024561048
md_immediate_advantage_dqn,803,317,83.26161128729582,80.11231277093293,28.903890006244183,54.35772104263306,1.4847377249971032,16468.012966156006,0.0,24.0,0.0,4.0,0.050000000000000044,1.174366395920515,1.1655284482985735,0.02945985714904964
md_immediate_advantage_dqn,803,318,69.08992789685726,79.81048333592713,27.706538259983063,41.3833891749382,1.4628888135775924,16093.085035324097,0.0,21.0,0.0,0.0,0.050000000000000044,1.7310728412121534,1.7213294245302677,0.0324780234368518
md_immediate_advantage_dqn,803,319,98.00602707266808,80.11321306474508,33.37471787631512,64.63130930066109,1.6204235311597586,19105.602390289307,0.0,30.0,0.0,0.0,0.050000000000000044,1.1969639603048563,1.1870776750147343,0.032954261638224125
md_immediate_advantage_dqn,803,320,74.0735962331295,79.94843375973404,27.778516478836536,46.295079538226126,1.5103485314175487,16680.28313446045,0.0,22.0,0.0,4.0,0.050000000000000044,1.61059195920825,1.6036514677107334,0.023134973540436476
md_immediate_advantage_dqn,803,321,84.58596344441176,80.71300417363645,28.8909105733037,55.69505291581154,1.5199398333206773,16326.129783630371,0.0,26.0,0.0,1.0,0.050000000000000044,1.311875220388174,1.3050524033606052,0.0227427312056534
md_immediate_advantage_dqn,803,322,75.95010337978601,81.1029620613158,28.85089487582445,47.09920850396156,1.501673293299973,16129.266143798828,0.0,23.0,0.0,0.0,0.050000000000000044,1.4824795052409172,1.4728185031563044,0.03220333205536008
md_immediate_advantage_dqn,803,323,69.62073586881161,81.6244750081748,26.02632801234722,43.59440778195858,1.410195680335164,14681.532348632812,0.0,22.0,0.0,1.0,0.050000000000000044,1.31606013327837,1.306319136172533,0.03246996714733541
md_immediate_advantage_dqn,803,324,92.22135462909937,82.02948571264744,29.83452069014311,62.38683383464813,1.5271601872518659,16605.111431121826,0.0,28.0,0.0,3.0,0.050000000000000044,1.3505996987223625,1.3417928405106068,0.029356233426369727
md_immediate_advantage_dqn,803,325,75.58450941890479,82.34128609612584,28.081920355558395,47.50258889198303,1.4879751717671752,16250.058937072754,0.0,23.0,0.0,2.0,0.050000000000000044,1.7178534734994173,1.7096977699548006,0.027185764745809138
md_immediate_advantage_dqn,803,326,61.37273697555065,81.00560472123325,25.700638480484486,35.67209857702255,1.3744556764140725,14213.919887542725,0.0,19.0,0.0,2.0,0.050000000000000044,1.4080543760210276,1.3982156217098236,0.03279580955859274
md_immediate_advantage_dqn,803,327,87.62466824948788,81.5193001780659,30.183146491646767,57.4415216833353,1.542134903371334,17214.14303970337,0.0,26.0,0.0,3.0,0.050000000000000044,1.2638061791658401,1.2531284987926483,0.035592262051068246
md_immediate_advantage_dqn,803,328,53.83987247943878,79.85915668644012,23.534727811813354,30.30514459311962,1.358145103789866,13302.577545166016,0.0,18.0,0.0,1.0,0.050000000000000044,1.462351530790329,1.4550384636968374,0.02437689364887774
md_immediate_advantage_dqn,803,329,84.33598311245441,80.37236087687315,29.258769266307354,55.07721412181854,1.523099853657186,16992.064037322998,0.0,26.0,0.0,1.0,0.050000000000000044,1.1815466564148664,1.1739097516983747,0.02545632468536496
md_immediate_advantage_dqn,803,330,94.67334781885147,81.56264752157033,33.45337948203087,61.219968172907826,1.606124254874885,19021.55015563965,0.0,27.0,0.0,3.0,0.050000000000000044,1.4305814690887928,1.4200884271413088,0.03497684432659298
md_immediate_advantage_dqn,803,331,76.29656364023685,80.65495423600078,28.135775595903397,48.16078791022301,1.4539010040462017,15479.795715332031,0.0,23.0,0.0,0.0,0.050000000000000044,1.401117093861103,1.390323018655181,0.035980199463665485
md_immediate_advantage_dqn,803,332,83.03944732546806,80.58544345885515,29.614338375627995,53.425109359622,1.5302248243242502,16955.524284362793,0.0,27.0,0.0,2.0,0.050000000000000044,1.7822012417018414,1.774393381550908,0.026026188395917416
md_immediate_advantage_dqn,803,333,68.83055605888367,79.6192059942335,28.121766105294228,40.70879008769989,1.4766409965232015,15625.016750335693,0.0,20.0,0.0,1.0,0.050000000000000044,1.2974486388266087,1.287119498476386,0.03443042340222746
md_immediate_advantage_dqn,803,334,66.63572631925345,78.83995258554816,25.178004309535027,41.457722620666026,1.4489292036741972,14967.678504943848,0.0,21.0,0.0,1.0,0.050000000000000044,1.45168936252594,1.4428409729152918,0.029494622140191495
md_immediate_advantage_dqn,803,335,97.29859255254269,79.1541252461076,31.552791826426983,65.74580094218254,1.5787622425705194,18105.379774093628,0.0,28.0,0.0,3.0,0.050000000000000044,1.4255996625870466,1.4154624361544847,0.03379075799603015
md_immediate_advantage_dqn,803,336,74.27197603434324,78.53066498987378,27.433672465384007,46.83830374777317,1.479235989972949,15862.36974143982,0.0,22.0,0.0,2.0,0.050000000000000044,1.696830302476883,1.6897348649799824,0.023651417694054544
md_immediate_advantage_dqn,803,337,72.04037592113018,77.96960322156549,27.621500805020332,44.41887528002262,1.472829282283783,15850.303745269775,0.0,22.0,0.0,2.0,0.050000000000000044,1.5018378887325525,1.4949121288955212,0.023085915599949658
md_immediate_advantage_dqn,803,338,74.59881457090378,78.24504755526782,26.61412949860096,47.98468562364578,1.450564227066934,14919.403423309326,0.0,24.0,0.0,1.0,0.050000000000000044,1.273444363847375,1.2630739286541939,0.034568104427307844
md_immediate_advantage_dqn,803,339,97.35244400799274,78.21236840203406,29.96906840801239,67.38337647914886,1.5756595684215426,17514.134769439697,0.0,29.0,0.0,0.0,0.050000000000000044,1.7143937982618809,1.7070261798799038,0.024558673845604062
md_immediate_advantage_dqn,803,340,80.62135759294033,78.5397564700246,28.08676688373089,52.53459047079086,1.4868129650130868,15681.017601013184,0.0,23.0,0.0,2.0,0.050000000000000044,1.0700166411697865,1.0585762299597263,0.038134709699079394
md_immediate_advantage_dqn,803,341,91.94719767570496,78.90781818158925,30.491536885499954,61.455660969018936,1.552942425943911,17405.13682937622,0.0,28.0,0.0,0.0,0.050000000000000044,1.3325372654944658,1.322343273088336,0.03397995047271252
md_immediate_advantage_dqn,803,342,98.53397560864687,80.03701179303229,33.11598079651594,65.4179944396019,1.647007786668837,19312.954277038574,0.0,27.0,0.0,2.0,0.050000000000000044,1.36539376527071,1.3567893616855145,0.028681401629000902
md_immediate_advantage_dqn,803,343,74.87809537500144,80.29987976834178,26.233746714890003,48.64434868991375,1.4154036790132523,15060.677791595459,0.0,23.0,0.0,2.0,0.050000000000000044,1.6612088084220886,1.652908718213439,0.027666945243254304
md_immediate_advantage_dqn,803,344,83.06912292540073,79.84226818315685,30.268362432718277,52.800760358572006,1.5615245588123798,17546.537788391113,0.0,25.0,0.0,1.0,0.050000000000000044,1.755167793482542,1.7480308897793293,0.023789682309143245
md_immediate_advantage_dqn,803,345,94.74880012869835,80.80048271864653,31.776088073849678,62.972711980342865,1.614316669292748,18661.56729888916,0.0,27.0,0.0,1.0,0.050000000000000044,1.3947564717382193,1.3859776929020882,0.029262640164233744
md_immediate_advantage_dqn,803,346,76.28793604671955,81.54624267220498,27.90803164243698,48.3799045085907,1.444474171847105,15495.410785675049,0.0,24.0,0.0,1.0,0.050000000000000044,1.6581369433552027,1.6469032932072878,0.03744552831631154
md_immediate_advantage_dqn,803,347,84.62091156244279,81.39605483785272,30.607876107096672,54.0130353808403,1.5306799281388521,17653.673553466797,0.0,26.0,0.0,2.0,0.050000000000000044,1.8750299382954836,1.865702012553811,0.031093057536054403
md_immediate_advantage_dqn,803,348,90.97507725208997,83.25281507648528,30.620663441717625,60.35441381037235,1.5590447606518865,17729.898496627808,0.0,27.0,0.0,2.0,0.050000000000000044,1.3823689054697752,1.373976431787014,0.027974946307949722
md_immediate_advantage_dqn,803,349,77.29864081144333,82.90094796143474,27.954635307192802,49.344005638360976,1.4548950595781207,15624.87971496582,0.0,23.0,0.0,2.0,0.050000000000000044,1.5352837480604649,1.5250332988798618,0.0341682021971792
md_immediate_advantage_dqn,803,350,94.96602640450001,82.91558189071716,31.793017402291298,63.17300836145878,1.5841419529169798,18220.809816360474,0.0,28.0,0.0,1.0,0.050000000000000044,1.6429451685398817,1.6351014710962772,0.026145676849409938
md_immediate_advantage_dqn,803,351,76.56412480771542,82.92895994909108,26.250090017914772,50.31403501331806,1.4277293598279357,14999.441410064697,0.0,25.0,0.0,1.0,0.050000000000000044,1.5995285641402006,1.5896070171147585,0.03307184262666851
md_immediate_advantage_dqn,803,352,84.43701750934125,82.99883845828475,29.894976265728474,54.54204168319702,1.5097250994294882,17203.502964019775,0.0,24.0,0.0,1.0,0.050000000000000044,1.3884113747626543,1.3802731409668922,0.027127432520501316
md_immediate_advantage_dqn,803,353,75.6677066475153,83.34069598771633,29.517064295709133,46.15064235925674,1.497306415811181,16692.28373527527,0.0,21.0,0.0,1.0,0.050000000000000044,1.7421687804162502,1.733533563092351,0.02878401381894946
md_immediate_advantage_dqn,803,354,77.13988486677408,83.86590391509236,26.78287173807621,50.35701334476471,1.4351034509018064,15271.651802062988,0.0,22.0,0.0,2.0,0.050000000000000044,1.4871200993657112,1.4791723135858774,0.026492620119825006
md_immediate_advantage_dqn,803,355,75.49190977960825,82.77556977644564,27.325426392257214,48.16648307442665,1.4432150088250637,15612.280059814453,0.0,23.0,0.0,0.0,0.050000000000000044,1.502693984657526,1.4938247855752707,0.029564049444161355
md_immediate_advantage_dqn,803,356,77.57450343072415,82.94069614626468,28.502065122127533,49.072438234090804,1.4952638344839215,16220.231369018555,0.0,25.0,0.0,1.0,0.050000000000000044,1.7500587776303291,1.7401932775974274,0.032884987886063755
md_immediate_advantage_dqn,803,357,98.29293249547482,84.25332397498191,33.05791373550892,65.2350190281868,1.5876074088737369,18371.11877822876,0.0,28.0,0.0,0.0,0.050000000000000044,1.4591950103640556,1.4488646630197763,0.03443445835728198
md_immediate_advantage_dqn,803,358,68.36920437365771,83.9418434651196,27.09155932813883,41.277645149827,1.4429781008511782,15011.709424972534,0.0,20.0,0.0,2.0,0.050000000000000044,1.6991451233625412,1.6910148151218891,0.027101040934212506
md_immediate_advantage_dqn,803,359,73.49410721063614,82.74892662525178,26.485784977674484,47.00832206904888,1.4253013245761395,15088.505786895752,0.0,23.0,0.0,2.0,0.050000000000000044,1.560179639607668,1.549275640398264,0.03634670528117567
md_immediate_advantage_dqn,803,360,86.92555277347564,83.06413638427854,29.81528676301241,57.11026622653007,1.5405862908810377,17107.232677459717,0.0,27.0,0.0,3.0,0.050000000000000044,1.4501191545277834,1.443358512595296,0.022535457275807858
md_immediate_advantage_dqn,803,361,78.81477214097977,82.40751510754228,28.48481310158968,50.32995930761099,1.500119837000966,16514.57629776001,0.0,24.0,0.0,6.0,0.050000000000000044,1.6946023143827915,1.6858356557786465,0.02922229131218046
md_immediate_advantage_dqn,803,362,96.17752915918827,82.28969278506935,33.9966034963727,62.18092571496963,1.5965729244053364,18715.053436279297,0.0,27.0,0.0,2.0,0.050000000000000044,1.3371210470795631,1.3276239726692438,0.03165692195761949
md_immediate_advantage_dqn,803,363,81.42294915020466,82.6169354738295,28.60980749130249,52.81314153969288,1.524319240823388,16592.299236297607,0.0,24.0,0.0,2.0,0.050000000000000044,1.431051203981042,1.4236882459372282,0.024543163366615772
md_immediate_advantage_dqn,803,364,72.43160971999168,82.08505981355907,27.07199662923813,45.35961278527975,1.4414554303511977,15503.925231933594,0.0,23.0,0.0,1.0,0.050000000000000044,1.6003443133085966,1.5924369730055332,0.026357809314504266
md_immediate_advantage_dqn,803,365,81.035375097394,81.39938856199385,28.55337794870138,52.481997245550154,1.4786026924848557,15936.148826599121,0.0,25.0,0.0,1.0,0.050000000000000044,1.4717179387807846,1.4614400211721659,0.034259736305102706
md_immediate_advantage_dqn,803,366,81.52221924811602,81.66110272206367,30.29744666069746,51.22477248311043,1.5398339973762631,16966.69560623169,0.0,24.0,0.0,0.0,0.050000000000000044,1.4085123594850302,1.3991424664855003,0.031232950394041836
md_immediate_advantage_dqn,803,367,77.59262655079365,81.30968847148122,29.18710847198963,48.40551888346672,1.523969910107553,16714.933921813965,0.0,22.0,0.0,2.0,0.050000000000000044,1.838483840227127,1.8314936235547066,0.023300742963328958
md_immediate_advantage_dqn,803,368,78.2621853351593,80.67404387563468,28.397550128400326,49.864634573459625,1.48827688023448,16269.987873077393,0.0,24.0,0.0,0.0,0.050000000000000044,1.5959230419248343,1.5841143429279327,0.039362439420074224
md_immediate_advantage_dqn,803,369,86.13015835136176,81.1156197526306,32.48782428354025,53.64233420193195,1.5636461405083537,18199.4734954834,0.0,23.0,0.0,2.0,0.050000000000000044,1.6871372256428003,1.6786341853439808,0.02834340836852789
md_immediate_advantage_dqn,803,370,88.66405971646309,80.80052141822875,29.224582225084305,59.439477297663686,1.5038079088553786,16795.509216308594,0.0,26.0,0.0,2.0,0.050000000000000044,1.3350036591291428,1.3268551733344793,0.0271615901729092
md_immediate_advantage_dqn,803,371,81.46645367145538,81.04563786141574,29.03167024254799,52.43478302657604,1.516881494782865,16623.556442260742,0.0,25.0,0.0,0.0,0.050000000000000044,1.6923889443278313,1.6807877011597157,0.03867074707522988
md_immediate_advantage_dqn,803,372,76.74914584308863,80.66124427810311,27.720761761069298,49.028384283185005,1.4857707731425762,15698.10802078247,0.0,24.0,0.0,0.0,0.050000000000000044,1.4267062284052372,1.4173342920839787,0.031239824020303786
md_immediate_advantage_dqn,803,373,89.55317606031895,81.35551774874331,31.29108352959156,58.26209256052971,1.5511759128421545,17722.503414154053,0.0,26.0,0.0,1.0,0.050000000000000044,1.4693200998008251,1.4591671712696552,0.033843104843981564
md_immediate_advantage_dqn,803,374,72.43327001482248,81.12018700614571,28.540247157216072,43.89302298426628,1.4747260957956314,16064.692756652832,0.0,21.0,0.0,0.0,0.050000000000000044,1.3456139452755451,1.3356508556753397,0.03321032831445336
md_immediate_advantage_dqn,803,375,80.79255184531212,81.3852191094309,27.13425512611866,53.65829645097256,1.4906989699229598,16267.341060638428,0.0,25.0,0.0,1.0,0.050000000000000044,1.1408555712550879,1.1324786767363548,0.02792297804262489
md_immediate_advantage_dqn,803,376,81.4781788662076,81.58040288120509,28.984090842306614,52.494087904691696,1.4990368634462357,16767.17518043518,0.0,24.0,0.0,0.0,0.050000000000000044,1.2932319734245539,1.284296203404665,0.029785875347442925
md_immediate_advantage_dqn,803,377,97.67284143865109,81.5493983283639,33.28462700545788,64.3882148206234,1.634872100315988,19415.95418548584,0.0,29.0,0.0,1.0,0.050000000000000044,1.6977303121238947,1.6900512427091599,0.025596896768547595
md_immediate_advantage_dqn,803,378,84.78928371667863,82.37040229551495,28.397816449403763,56.39146710336208,1.4826948484405875,16090.99808883667,0.0,26.0,0.0,1.0,0.050000000000000044,1.83029605448246,1.82222462259233,0.026904713362455368
md_immediate_advantage_dqn,803,379,90.04277408123016,83.19783563904465,30.632587805390358,59.41018632054329,1.5497342022135854,17432.617301940918,0.0,28.0,0.0,1.0,0.050000000000000044,1.878883110359311,1.8697188943624496,0.03054737555794418
md_immediate_advantage_dqn,803,380,92.51731690764427,83.47742384575308,30.257402263581753,62.25991502404213,1.556561652570963,17189.812940597534,0.0,28.0,0.0,1.0,0.050000000000000044,1.6420777551829815,1.633290009573102,0.029292477993294597
md_immediate_advantage_dqn,803,381,93.29517026543617,84.2014437519759,31.144898109138012,62.15027180612087,1.5324249546974897,17192.416467666626,0.0,29.0,0.0,2.0,0.050000000000000044,1.3553720097988844,1.3460068013519049,0.031217400915920734
md_immediate_advantage_dqn,803,382,79.55984086692334,83.37055933736265,29.917148128151894,49.642692708969115,1.506234941072762,16956.42830657959,0.0,24.0,0.0,2.0,0.050000000000000044,1.321408398449421,1.3136640153825283,0.02581462380476296
md_immediate_advantage_dqn,803,383,79.06150472313166,83.25248711600901,28.377120293676853,50.6843848913908,1.4827698031440377,15897.488040924072,0.0,25.0,0.0,1.0,0.050000000000000044,1.8981195464730263,1.8892721571028233,0.029491274734027684
md_immediate_advantage_dqn,803,384,77.70318359434604,83.51606580972671,28.903622433543205,48.79956114590168,1.4972044816240668,16333.745361328125,0.0,23.0,0.0,2.0,0.050000000000000044,1.705868188291788,1.6966044139117002,0.03087922721169889
md_immediate_advantage_dqn,803,385,82.7253280594945,83.60056345783175,29.324040934443474,53.40128671526909,1.5338192405179143,16680.97459411621,0.0,25.0,0.0,3.0,0.050000000000000044,1.8366797100752592,1.8282916955649853,0.0279600314097479
md_immediate_advantage_dqn,803,386,71.72186945527793,83.11054596818984,27.344138108193874,44.37773118317127,1.480857940390706,16337.751586914062,0.0,21.0,0.0,1.0,0.050000000000000044,1.695376304909587,1.685394499450922,0.033272756612859666
md_immediate_advantage_dqn,803,387,72.19476894438267,82.8406530878693,27.300388902425766,44.894380339980124,1.4815208241343498,15441.066631317139,0.0,22.0,0.0,3.0,0.050000000000000044,1.381852513179183,1.3752972725778818,0.021850839024409652
md_immediate_advantage_dqn,803,388,99.36568735539913,83.8958281888813,31.80679117143154,67.55889643728733,1.576819896697998,18234.103630065918,0.0,30.0,0.0,1.0,0.050000000000000044,1.8061408400535583,1.798218410462141,0.026408156845718622
md_immediate_advantage_dqn,803,389,70.4576304346323,83.11220179304482,28.016737952828407,42.440892392396925,1.4721871241927147,15927.319902420044,0.0,21.0,0.0,3.0,0.050000000000000044,1.4642556384205818,1.4546855427324772,0.031900343019515276
md_immediate_advantage_dqn,803,390,72.34612432420253,82.29630502343178,28.208431646227837,44.13769273757934,1.486359540373087,15968.967781066895,0.0,22.0,0.0,2.0,0.050000000000000044,1.5378863085061312,1.5291510671377182,0.02911748446058482
md_immediate_advantage_dqn,803,391,80.56498951464891,82.25123181559147,29.87643750756979,50.68855157494545,1.5058999573811889,16945.47194290161,0.0,24.0,0.0,1.0,0.050000000000000044,1.9540727771818638,1.946875412017107,0.023991156253032386
md_immediate_advantage_dqn,803,392,99.34712392091751,83.38113071948291,32.37927904725075,66.96784490346909,1.6074970159679651,18646.186882019043,0.0,30.0,0.0,0.0,0.050000000000000044,1.4491089582443237,1.440743263810873,0.027885660994797945
md_immediate_advantage_dqn,803,393,74.90622201114893,82.6487830170244,26.21774409711361,48.68847784698009,1.4413563990965486,15257.141286849976,0.0,22.0,0.0,3.0,0.050000000000000044,1.3208454735577106,1.3121980484575033,0.02882466372102499
md_immediate_advantage_dqn,803,394,77.67099919319153,82.91066947594285,27.67824088782072,49.992758804559706,1.4459649035707116,15389.54778289795,0.0,22.0,0.0,1.0,0.050000000000000044,1.7095225993543863,1.7017126251012087,0.02603327971883118
md_immediate_advantage_dqn,803,395,97.74158796072007,83.75812128171324,34.04142592847347,63.700162106752394,1.629305218346417,19357.02409362793,0.0,29.0,0.0,1.0,0.050000000000000044,1.5473831333220005,1.5375661868602037,0.032723146956413984
md_immediate_advantage_dqn,803,396,90.24543680995703,84.19648417890072,29.31612241268158,60.92931479215622,1.5274061504751444,16675.38402557373,0.0,28.0,0.0,1.0,0.050000000000000044,1.8982913680374622,1.8905240409076214,0.025891064084134996
md_immediate_advantage_dqn,803,397,89.52930543124675,83.78930737853051,29.55173682421446,59.97756876349449,1.4908003127202392,16708.249530792236,0.0,27.0,0.0,2.0,0.050000000000000044,1.7386103570461273,1.72962886095047,0.02993830945342779
md_immediate_advantage_dqn,803,398,90.62427417337895,84.08105690136553,31.399984911084175,59.22428900897503,1.5699085015803576,17781.174507141113,0.0,28.0,0.0,1.0,0.050000000000000044,1.6492839977145195,1.6409047357738018,0.027930931304581463
md_immediate_advantage_dqn,803,399,84.6329495087266,83.81056567274035,29.513524867594242,55.11942520737648,1.524096411652863,16937.2015914917,0.0,25.0,0.0,0.0,0.050000000000000044,1.6500873528420925,1.6402479223906994,0.03279810550156981
md_immediate_advantage_dqn,803,400,74.03860771656036,82.88663021318615,27.2087434977293,46.82986372709274,1.4631703877821565,15870.882713317871,0.0,24.0,0.0,1.0,0.050000000000000044,1.9428512882441282,1.9342349115759134,0.02872122172266245
md_immediate_advantage_dqn,803,401,69.39612890779972,81.69167814530434,27.116309598088264,42.27981938421726,1.4456453807651997,15463.730949401855,0.0,21.0,0.0,0.0,0.050000000000000044,1.4354138933122158,1.4259990453720093,0.03138280659914017
md_immediate_advantage_dqn,803,402,87.11186386048794,82.06927929498256,31.137980833649635,55.97388313114643,1.5449291979894042,17291.253547668457,0.0,26.0,0.0,3.0,0.050000000000000044,1.5375035293400288,1.5278315134346485,0.032240115688182414
md_immediate_advantage_dqn,803,403,58.18086230009794,81.02524717383088,24.921742133796215,33.25912010669708,1.3734924849122763,13857.035999298096,0.0,18.0,0.0,0.0,0.050000000000000044,1.566010495647788,1.5570717211812735,0.029795866343192756
md_immediate_advantage_dqn,803,404,110.7985780030489,82.680016894266,35.58765010535717,75.21092815101147,1.6807729303836823,19937.16707611084,0.0,33.0,0.0,2.0,0.050000000000000044,1.1826622821390629,1.1729517932981253,0.03236828127410263
md_immediate_advantage_dqn,803,405,94.74865755438805,83.28118336901069,31.142725184559822,63.605932146310806,1.5756715880706906,17731.57933807373,0.0,28.0,0.0,1.0,0.050000000000000044,1.7317666355520487,1.7232270203530788,0.028465385199524462
md_immediate_advantage_dqn,803,406,73.6289230376482,83.37653604812922,25.03689592331648,48.59202733039856,1.4336601188406348,14656.12786102295,0.0,22.0,0.0,1.0,0.050000000000000044,1.6441364213824272,1.6361165530979633,0.026732940110377967
md_immediate_advantage_dqn,803,407,78.58389103412628,83.6959921526164,29.13555210828781,49.44833838939667,1.5091042183339596,16890.506908416748,0.0,23.0,0.0,1.0,0.050000000000000044,1.4314527120441198,1.4198663644492626,0.03862118464894593
md_immediate_advantage_dqn,803,408,94.43998413532972,83.44970699161293,32.173034735023975,62.26694890856743,1.575279463082552,18190.969814300537,0.0,27.0,0.0,1.0,0.050000000000000044,1.8019967153668404,1.7939577996730804,0.02679636178072542
md_immediate_advantage_dqn,803,409,87.1245442032814,84.28305268004537,29.271744266152382,57.85279993712902,1.5197474583983421,16907.137077331543,0.0,27.0,0.0,1.0,0.050000000000000044,1.7669396717101336,1.758539229631424,0.028001439291983843
md_immediate_advantage_dqn,803,410,85.20642095059156,84.92606751136482,29.346981935203075,55.85943928360939,1.528384368866682,16944.800582885742,0.0,25.0,0.0,1.0,0.050000000000000044,1.566909596323967,1.5556474085897207,0.037540612276643515
md_immediate_advantage_dqn,803,411,91.56162150502205,85.47589911088347,32.15409016609192,59.40753163695335,1.5701847607269883,17882.76100540161,0.0,26.0,0.0,2.0,0.050000000000000044,1.7029219567775726,1.6935657560825348,0.031187354470603168
md_immediate_advantage_dqn,803,412,85.06821382045746,84.76195360586047,30.126915246248245,54.941298723220825,1.5285883666947484,17252.969245910645,0.0,26.0,0.0,1.0,0.050000000000000044,1.601939545944333,1.5918414779007435,0.03366020554676652
md_immediate_advantage_dqn,803,413,69.0718681678176,84.47023591369391,25.546572018414736,43.5252960562706,1.3745310809463263,14141.584758758545,0.0,20.0,0.0,1.0,0.050000000000000044,1.9123553615063429,1.9041057713329792,0.02749857632443309
md_immediate_advantage_dqn,803,414,83.79078994095326,84.77622545108201,28.177870638668537,55.612919294834136,1.4863560879603028,16173.354579925537,0.0,26.0,0.0,2.0,0.050000000000000044,1.7384793274104595,1.7299239933490753,0.028517721919342875
md_immediate_advantage_dqn,803,415,97.53291995227337,84.76579205065967,32.839347057044506,64.69357272386551,1.5532986987382174,18326.52252960205,0.0,28.0,0.0,1.0,0.050000000000000044,1.9026235770434141,1.8931581657379866,0.031551282620057464
md_immediate_advantage_dqn,803,416,84.40325404852629,84.47368291258815,28.52052614092827,55.88272757232189,1.4905747529119253,16432.219284057617,0.0,25.0,0.0,2.0,0.050000000000000044,1.6113802697509527,1.6031641773879528,0.02738690795376897
md_immediate_advantage_dqn,803,417,74.496491484344,83.722042215243,28.576456762850285,45.920034632086754,1.4785604560747743,16200.948528289795,0.0,23.0,0.0,1.0,0.050000000000000044,1.7612822391092777,1.7511213086545467,0.033869736711494625
md_immediate_advantage_dqn,803,418,96.08814599514008,83.99523580633107,31.189558178186417,64.89858802556992,1.6060160165652633,18148.98910522461,0.0,28.0,0.0,3.0,0.050000000000000044,1.438641682267189,1.4290684312582016,0.03191089222673327
md_immediate_advantage_dqn,803,419,78.83037616461516,83.70510713912549,28.80361645668745,50.026759618520735,1.51494144462049,16647.25621032715,0.0,22.0,0.0,2.0,0.050000000000000044,1.4736572224646807,1.4636525977402925,0.03334869456011802
md_immediate_advantage_dqn,803,420,66.02281133085489,83.3043173198402,26.24539841711521,39.77741253376007,1.428840327076614,15367.566345214844,0.0,21.0,0.0,2.0,0.050000000000000044,1.4779880605638027,1.470406575128436,0.025271603255532682
md_immediate_advantage_dqn,803,421,89.00690696537495,84.28485622271896,29.40077393501997,59.60613308250904,1.5151945212855935,16783.119918823242,0.0,27.0,0.0,1.0,0.050000000000000044,1.3864738289266825,1.3770923372358084,0.031271631829440594
md_immediate_advantage_dqn,803,422,80.72570875585079,83.96554846748711,30.34881019592285,50.376898664236066,1.5423285411670804,17552.806774139404,0.0,23.0,0.0,3.0,0.050000000000000044,1.6801676526665688,1.6706509478390217,0.03172231058124453
md_immediate_advantage_dqn,803,423,86.06651386618614,85.35983104579151,29.375320725142956,56.691193133592606,1.5447413669899106,16891.392261505127,0.0,26.0,0.0,1.0,0.050000000000000044,1.5238702073693275,1.5164154432713985,0.024849201436154544
md_immediate_advantage_dqn,803,424,84.02644211053848,84.02122425116599,29.885636255145073,54.140805423259735,1.5407944843173027,17360.032928466797,0.0,24.0,0.0,0.0,0.050000000000000044,1.6310111340135336,1.622777782380581,0.02744451106991619
md_immediate_advantage_dqn,803,425,76.0743874847889,83.08751074768603,26.90163105726242,49.1727567255497,1.4444192266091704,15437.061405181885,0.0,22.0,0.0,1.0,0.050000000000000044,1.4744833167642355,1.464347206056118,0.0337870039511472
md_immediate_advantage_dqn,803,426,71.8480652883649,82.99846786022188,27.011493854224682,44.836571940779685,1.4368730215355754,15360.002429962158,0.0,21.0,0.0,1.0,0.050000000000000044,1.8991909064352512,1.8894145097583532,0.032588002854026854
md_immediate_advantage_dqn,803,427,90.13560796678067,83.5760537068546,30.004236817359924,60.13137146234512,1.5306265382096171,17108.161157608032,0.0,26.0,0.0,2.0,0.050000000000000044,1.42216319963336,1.4135614894330502,0.028672364889644086
md_immediate_advantage_dqn,803,428,76.25511863976718,82.66681043207646,27.653761476278305,48.601356932520865,1.464007900096476,15993.041076660156,0.0,22.0,0.0,1.0,0.050000000000000044,1.8319428991526365,1.8225283958017826,0.031381598208099604
md_immediate_advantage_dqn,803,429,87.25438316166401,82.6733023799956,33.04369416832924,54.21068814396858,1.5753802014514804,18510.00199508667,0.0,25.0,0.0,0.0,0.050000000000000044,1.4377721417695284,1.4264350142329931,0.037790470640175045
md_immediate_advantage_dqn,803,430,80.27677595317364,82.4268201301247,28.596194580197334,51.6805812984705,1.5118778562173247,16517.37317276001,0.0,24.0,0.0,4.0,0.050000000000000044,2.148459143936634,2.1407968178391457,0.02554111450444907
md_immediate_advantage_dqn,803,431,70.63149394989014,81.38031375236811,27.809411361813545,42.8220829308033,1.4711115937680006,16009.002155303955,0.0,21.0,0.0,1.0,0.050000000000000044,1.8220252860337496,1.8142125345766544,0.02604251855518669
md_immediate_advantage_dqn,803,432,63.98721113950014,80.32626361832024,26.57179956883192,37.41541173458099,1.4175431821495295,14810.907245635986,0.0,18.0,0.0,4.0,0.050000000000000044,1.5669624134898186,1.5577200464904308,0.030807902570813894
md_immediate_advantage_dqn,803,433,77.62069092839957,80.75370475634935,28.977265752851963,48.64342605471611,1.5125132193788886,16396.01833343506,0.0,24.0,0.0,2.0,0.050000000000000044,1.9235477857291698,1.9127502124756575,0.03599192341789603
md_immediate_advantage_dqn,803,434,80.2035235658288,80.57434143759312,27.520712092518806,52.682811570167544,1.4599099587649107,15713.107654571533,0.0,24.0,0.0,3.0,0.050000000000000044,1.7504823729395866,1.742533728480339,0.026495464728213847
md_immediate_advantage_dqn,803,435,78.38449832201005,79.61692035607996,29.54764522612095,48.83685321509838,1.5262342588976026,16918.76091003418,0.0,24.0,0.0,1.0,0.050000000000000044,1.837993636727333,1.829141292721033,0.029507710365578532
md_immediate_advantage_dqn,803,436,80.40990287959576,79.41725279763344,28.531665444374084,51.87823709249496,1.4852494103834033,16272.419914245605,0.0,24.0,0.0,1.0,0.050000000000000044,1.7097818832844496,1.7001697178930044,0.03204053337685764
md_immediate_advantage_dqn,803,437,71.21563740223647,79.25321009352805,25.877272881567478,45.3383650124073,1.4235158553346992,14681.88557434082,0.0,22.0,0.0,3.0,0.050000000000000044,1.85056989826262,1.8426388669759035,0.026436794199980795
md_immediate_advantage_dqn,803,438,80.30118688195944,78.46386213786903,29.695382423698902,50.60580414533615,1.506420399993658,17136.33627319336,0.0,23.0,0.0,0.0,0.050000000000000044,1.4966351985931396,1.4895998369902372,0.02345117158256471
md_immediate_advantage_dqn,803,439,85.8639928817749,78.815542973727,30.032637767493725,55.83135549426079,1.5256548775359988,16814.160947799683,0.0,26.0,0.0,5.0,0.050000000000000044,1.548996675759554,1.5397891476750374,0.03069181612227112
md_immediate_advantage_dqn,803,440,75.250917814672,79.27694829791785,26.570013619959354,48.680903673172,1.4350545136258006,14901.401229858398,0.0,23.0,0.0,0.0,0.050000000000000044,1.4967694263905287,1.4862491879612207,0.035067440709099174
md_immediate_advantage_dqn,803,441,85.53204914331437,79.10320540681484,28.233743079006672,57.298305907845496,1.475421984679997,15983.127544403076,0.0,27.0,0.0,2.0,0.050000000000000044,1.6922386717051268,1.6846931893378496,0.02515164006035775
md_immediate_advantage_dqn,803,442,82.93673073798418,79.2137565059215,29.659884370863438,53.27684651613235,1.4905133293941617,16378.652683258057,0.0,25.0,0.0,3.0,0.050000000000000044,1.7046859841793776,1.6932570338249207,0.03809650440234691
md_immediate_advantage_dqn,803,443,86.86587217003107,79.25372442111373,30.14841528981924,56.71745680570602,1.55553375557065,17321.959602355957,0.0,26.0,0.0,5.0,0.050000000000000044,1.6774770617485046,1.6691578645259142,0.02773065702058375
md_immediate_advantage_dqn,803,444,80.95018027722836,79.09991132944822,28.823487102985382,52.12669326364994,1.4775434685871005,15930.268821716309,0.0,24.0,0.0,0.0,0.050000000000000044,1.4227511920034885,1.4159134477376938,0.022792459814809263
md_immediate_advantage_dqn,803,445,75.27066040933133,79.05972497567535,27.074094012379646,48.19656612873077,1.455951426178217,15620.182991027832,0.0,23.0,0.0,2.0,0.050000000000000044,1.736593408510089,1.7289633341133595,0.025433661649003625
md_immediate_advantage_dqn,803,446,77.98066242337227,79.36635483242571,26.60626409947872,51.374398577213285,1.4592739325016737,15539.4208984375,0.0,24.0,0.0,4.0,0.050000000000000044,1.6666692644357681,1.6575382221490145,0.030436718021519482
md_immediate_advantage_dqn,803,447,77.72142090797425,78.7456454794854,27.920727506279945,49.80069307386875,1.4699270371347666,15580.729396820068,0.0,23.0,0.0,1.0,0.050000000000000044,1.7604921963065863,1.7521418668329716,0.0278344004182145
md_immediate_advantage_dqn,803,448,76.37606396526098,78.7516927457601,29.12843170017004,47.24763272702694,1.5034323567524552,16719.694648742676,0.0,22.0,0.0,1.0,0.050000000000000044,1.6526761576533318,1.643582060933113,0.030313652358017862
md_immediate_advantage_dqn,803,449,82.57012266814709,78.51747972108424,28.283248208463192,54.286874586343764,1.500979376025498,16526.96335029602,0.0,26.0,0.0,1.0,0.050000000000000044,1.6363931857049465,1.627475243061781,0.02972650423180312
md_immediate_advantage_dqn,803,450,77.56277971863747,78.38177990935745,28.396818175911903,49.165962213277815,1.4909949116408825,15968.24136352539,0.0,23.0,0.0,1.0,0.050000000000000044,1.445358321070671,1.4377061501145363,0.025507254991680384
md_immediate_advantage_dqn,803,451,65.24782908111811,78.11259666591886,27.314611442387104,37.93321728110313,1.4364646384492517,15578.27805519104,0.0,19.0,0.0,2.0,0.050000000000000044,1.6496683824807405,1.6412302926182747,0.02812693757005036
md_immediate_advantage_dqn,803,452,71.6248959749937,78.49448090769353,27.105232752859592,44.51966318488121,1.4449237938970327,15543.592512130737,0.0,22.0,0.0,1.0,0.050000000000000044,1.1758480910211802,1.1647024061530828,0.037152259959839284
md_immediate_advantage_dqn,803,453,81.10096695423127,78.66849470898511,28.39013548195362,52.71083156168461,1.4816477913409472,16151.016788482666,0.0,24.0,0.0,1.0,0.050000000000000044,1.712238572537899,1.704003470018506,0.02745034999679774
md_immediate_advantage_dqn,803,454,86.4787781700492,78.98225743919613,31.31474494189024,55.16403334736824,1.5789009686559439,18118.873460769653,0.0,26.0,0.0,2.0,0.050000000000000044,1.5547495298087597,1.5449115224182606,0.032793376012705266
md_immediate_advantage_dqn,803,455,67.7179503902793,78.44893004260959,26.391861982643604,41.32608858644962,1.451376554556191,15087.766277313232,0.0,21.0,0.0,1.0,0.050000000000000044,1.6053174119442701,1.5981695465743542,0.02382622187724337
md_immediate_advantage_dqn,803,456,79.39445714652538,78.39815775595608,29.256293199956417,50.138163924217224,1.5092636831104755,16791.072284698486,0.0,23.0,0.0,1.0,0.050000000000000044,1.4901960529386997,1.4817885477095842,0.028024989180266857
md_immediate_advantage_dqn,803,457,72.90692304223776,78.48272203795614,26.935892142355442,45.97103097438812,1.454303253442049,15638.22378540039,0.0,21.0,0.0,1.0,0.050000000000000044,2.0691592134535313,2.0612069722265005,0.026507434202358127
md_immediate_advantage_dqn,803,458,61.06512097418308,77.52091874256732,25.254138097167015,35.81098280251026,1.4118290860205889,14591.579490661621,0.0,19.0,0.0,1.0,0.050000000000000044,2.203156128525734,2.1933764293789864,0.03259899199474603
md_immediate_advantage_dqn,803,459,91.31800196617841,77.79361919678749,32.07298519462347,59.24501660764217,1.6016732603311539,18339.94373703003,0.0,27.0,0.0,4.0,0.050000000000000044,1.3868110347539186,1.3794606756418943,0.024501219275407493
md_immediate_advantage_dqn,803,460,81.79167575538159,78.12065709382297,28.04757745563984,53.74409849345684,1.459825056605041,15656.626066207886,0.0,25.0,0.0,3.0,0.050000000000000044,1.7233601789921522,1.712996605783701,0.03454518341459334
md_immediate_advantage_dqn,803,461,79.79830463379622,77.83396986834705,27.72404631227255,52.07425885796547,1.480616219341755,15675.811939239502,0.0,25.0,0.0,1.0,0.050000000000000044,1.7196840401738882,1.7104971334338188,0.03062295855488628
md_immediate_advantage_dqn,803,462,77.98375538736582,77.58632110081615,28.525877185165882,49.45787824690342,1.5220418823882937,16525.218353271484,0.0,23.0,0.0,0.0,0.050000000000000044,2.03510026820004,2.027665186673403,0.024783539352938533
md_immediate_advantage_dqn,803,463,74.34965901225806,76.96051044292749,26.71392121165991,47.63573741316795,1.4655540883541107,15525.791450500488,0.0,21.0,0.0,2.0,0.050000000000000044,1.6529816277325153,1.6444329656660557,0.028495542239397764
md_immediate_advantage_dqn,803,464,85.27263863682747,77.17663336090745,29.165289022028446,56.10734950304031,1.5690620532259345,17372.894119262695,0.0,24.0,0.0,3.0,0.050000000000000044,1.5674719270318747,1.557461690157652,0.033367411873769015
md_immediate_advantage_dqn,803,465,76.37440802156925,77.23182074151933,27.715817391872406,48.65859080851078,1.4751331033185124,16267.627759933472,0.0,23.0,0.0,1.0,0.050000000000000044,1.9567903354763985,1.9482320323586464,0.02852771175093949
md_immediate_advantage_dqn,803,466,88.9055141299963,77.77806332685056,29.27483705431223,59.63067735135555,1.4971930477768183,16895.58002090454,0.0,28.0,0.0,3.0,0.050000000000000044,1.4587963484227657,1.4504118245095015,0.02794839977286756
md_immediate_advantage_dqn,803,467,80.13895915150643,77.89894023902716,29.166390657424927,50.972568434476855,1.5073258392512798,16803.634365081787,0.0,22.0,0.0,3.0,0.050000000000000044,1.4654379319399595,1.4552428983151913,0.03398343623848632
md_immediate_advantage_dqn,803,468,85.26747889965773,78.34351098574699,28.197373308241367,57.07010578513145,1.4777822950854897,15835.366046905518,0.0,27.0,0.0,1.0,0.050000000000000044,1.6388856433331966,1.629293292760849,0.03197444713441655
md_immediate_advantage_dqn,803,469,88.3976903051138,78.63488936759533,29.76165086776018,58.636039251089095,1.5468351803719997,17087.589469909668,0.0,27.0,0.0,2.0,0.050000000000000044,1.3898926749825478,1.383826158940792,0.020221720449626446
md_immediate_advantage_dqn,803,470,76.46225875616074,78.5798633194715,26.784808918833733,49.67745004594326,1.4442253289744258,15157.119178771973,0.0,24.0,0.0,1.0,0.050000000000000044,1.3608893621712923,1.3534430768340826,0.024820908438414335
md_immediate_advantage_dqn,803,471,94.26247608214616,80.0305956695229,32.589733086526394,61.672743546962735,1.5859407782554626,18468.578380584717,0.0,28.0,0.0,2.0,0.050000000000000044,1.9358042757958174,1.9263086020946503,0.03165225510019809
md_immediate_advantage_dqn,803,472,72.48384728431702,80.07354323498906,27.88135924935341,44.60248866081238,1.4984361696988344,16086.502758026123,0.0,22.0,0.0,1.0,0.050000000000000044,1.490794038400054,1.4830478858202696,0.02582052326761186
md_immediate_advantage_dqn,803,473,89.82223449051381,80.50960661180319,31.677873089909554,58.14436078965664,1.5526756281033158,18008.43280029297,0.0,27.0,0.0,3.0,0.050000000000000044,1.5727079901844263,1.5651935618370771,0.025048074778169394
md_immediate_advantage_dqn,803,474,79.2144413381815,80.14638977020981,27.400519639253616,51.81392186284065,1.4864082802087069,15952.500297546387,0.0,24.0,0.0,1.0,0.050000000000000044,2.185366217046976,2.1758655309677124,0.03166895441245288
md_immediate_advantage_dqn,803,475,65.8569749891758,80.05334100015463,25.39832466840744,40.458650439977646,1.4180201003327966,14655.653799057007,0.0,21.0,0.0,0.0,0.050000000000000044,1.8818026147782803,1.8738710582256317,0.02643854625057429
md_immediate_advantage_dqn,803,476,80.9168264567852,80.12945946566762,28.51549695432186,52.401330411434174,1.5091288387775421,16499.326824188232,0.0,24.0,0.0,1.0,0.050000000000000044,1.7360877320170403,1.7294778432697058,0.022033011307939887
md_immediate_advantage_dqn,803,477,83.29137755930424,80.64868219152093,28.191917806863785,55.09945951402187,1.541249305009842,16533.094966888428,0.0,25.0,0.0,2.0,0.050000000000000044,1.3375003691762686,1.3284586053341627,0.03013918735086918
md_immediate_advantage_dqn,803,478,76.44033011943102,81.41744264878334,28.535700872540474,47.904630029201506,1.4753980366513133,16310.754417419434,0.0,22.0,0.0,2.0,0.050000000000000044,1.740844750776887,1.7316088434308767,0.030786348856054246
md_immediate_advantage_dqn,803,479,99.46989437937737,81.82503726944329,34.33759552240372,65.13229934871197,1.6528341826051474,19605.867919921875,0.0,29.0,0.0,1.0,0.050000000000000044,1.8845661226660013,1.8771315664052963,0.02478189836256206
md_immediate_advantage_dqn,803,480,56.21141525506973,80.54602424442768,24.147236928343773,32.06417835652828,1.3655883269384503,13620.741901397705,0.0,17.0,0.0,1.0,0.050000000000000044,1.6892693731933832,1.6801415514200926,0.03042605333030224
md_immediate_advantage_dqn,803,481,75.37457041442394,80.32483753345907,27.197293415665627,48.177276849746704,1.458891182206571,15655.59284210205,0.0,24.0,0.0,0.0,0.050000000000000044,1.7047678586095572,1.6959820576012135,0.029286039643920958
md_immediate_advantage_dqn,803,482,72.1000655323267,80.03065304070711,25.02257926017046,47.077486279606816,1.409793441183865,14381.988765716553,0.0,23.0,0.0,2.0,0.050000000000000044,1.524048324674368,1.5140286460518837,0.03339887934271246
md_immediate_advantage_dqn,803,483,82.54474369585515,80.44040727488697,30.60264877974987,51.94209527373314,1.5264912080019712,17411.473106384277,0.0,23.0,0.0,1.0,0.050000000000000044,1.749263172969222,1.7389696426689625,0.0343117353040725
md_immediate_advantage_dqn,803,484,92.27914671599865,80.79073267884554,31.015276357531548,61.26387044787407,1.5589942028746009,17795.01951980591,0.0,29.0,0.0,0.0,0.050000000000000044,1.711392518132925,1.7044284790754318,0.023213438282255083
md_immediate_advantage_dqn,803,485,82.59765762090683,81.10189515881241,26.97292824089527,55.62472915649414,1.4621192272752523,15626.624248504639,0.0,26.0,0.0,0.0,0.050000000000000044,1.894936852157116,1.8857677467167377,0.030563639476895332
md_immediate_advantage_dqn,803,486,93.53723942637444,81.33348142363133,32.8758188188076,60.66142118871212,1.5879821311682463,18276.71510696411,0.0,26.0,0.0,1.0,0.050000000000000044,2.1845329999923706,2.174577485769987,0.033185069216415286
md_immediate_advantage_dqn,803,487,76.68382282555103,81.16072460733355,27.701785504817963,48.982037767767906,1.4741136729717255,15685.759113311768,0.0,25.0,0.0,0.0,0.050000000000000044,1.7892413549125195,1.7796638123691082,0.031925151008181274
md_immediate_advantage_dqn,803,488,91.15165655314922,81.45493349000813,30.701085940003395,60.450570687651634,1.560652006417513,17365.48154067993,0.0,27.0,0.0,0.0,0.050000000000000044,1.526425790041685,1.5155971888452768,0.03609529708046466
md_immediate_advantage_dqn,803,489,72.11212178319693,80.64065506391228,27.648392543196678,44.4637288749218,1.4840132920071483,16366.826919555664,0.0,21.0,0.0,1.0,0.050000000000000044,1.2692718021571636,1.2608459666371346,0.028086103964596987
md_immediate_advantage_dqn,803,490,82.63373954892158,80.94922910355032,29.984689578413963,52.64904938936233,1.5681791389361024,17339.676357269287,0.0,25.0,0.0,3.0,0.050000000000000044,1.9203279241919518,1.9124404340982437,0.026291546993888915
md_immediate_advantage_dqn,803,491,86.92367942780257,80.58228927083313,28.57327477633953,58.350404718518256,1.4820195818319917,16085.39047241211,0.0,26.0,0.0,4.0,0.050000000000000044,1.5985434018075466,1.590371634811163,0.027239202638156712
md_immediate_advantage_dqn,803,492,80.70051481723786,80.99312264747918,28.634575486183167,52.065939196944235,1.5268262717872858,16624.1651763916,0.0,23.0,0.0,2.0,0.050000000000000044,1.6654118355363607,1.6570587418973446,0.027843607123941183
md_immediate_advantage_dqn,803,493,69.88469344377518,79.99624559514226,26.575318597257137,43.30937458574772,1.4180530440062284,14933.938457489014,0.0,23.0,0.0,0.0,0.050000000000000044,1.298522550612688,1.2889171540737152,0.03201796067878604
md_immediate_advantage_dqn,803,494,95.86444126218558,80.82874559134247,32.9594978839159,62.90494363903999,1.6126577835530043,18815.341815948486,0.0,29.0,0.0,2.0,0.050000000000000044,1.7067469246685505,1.6985901519656181,0.027189270011149347
md_immediate_advantage_dqn,803,495,69.98512070775033,81.03515287727119,26.63373774290085,43.35138320326805,1.454899731092155,15360.372554779053,0.0,23.0,0.0,2.0,0.050000000000000044,1.6878843773156404,1.6806869804859161,0.02399128337856382
md_immediate_advantage_dqn,803,496,87.21743182837963,81.3501831458509,29.446838095784187,57.77059382200241,1.518908178433776,16878.706127166748,0.0,28.0,0.0,1.0,0.050000000000000044,1.5971841625869274,1.5870723575353622,0.033706007758155465
md_immediate_advantage_dqn,803,497,77.83093766868114,81.07716115131976,29.94290979206562,47.88802778720856,1.5212344517931342,16859.567428588867,0.0,21.0,0.0,1.0,0.050000000000000044,1.6330608949065208,1.6256531178951263,0.024692621896974742
md_immediate_advantage_dqn,803,498,74.34192104041577,80.97224069736899,28.017342761158943,46.32457807064056,1.464013977907598,15933.650844573975,0.0,22.0,0.0,2.0,0.050000000000000044,1.8006785213947296,1.7919583916664124,0.029067087452858686
md_immediate_advantage_dqn,803,499,82.07900501191617,80.10269622899594,28.155585557222366,53.923420467972754,1.454100457020104,15716.990463256836,0.0,25.0,0.0,2.0,0.050000000000000044,1.5535764526575804,1.543359812349081,0.03405538585502654
md_immediate_advantage_dqn,803,500,72.12358319163323,80.89830462582411,26.71206307411194,45.41151952147484,1.4613725105300546,15292.643241882324,0.0,22.0,0.0,2.0,0.050000000000000044,1.4423609040677547,1.4343675673007965,0.026644469005987048
md_immediate_advantage_dqn,803,501,87.56564762443304,81.50785848632457,29.966317124664783,57.59933057427406,1.5553037244826555,17225.53600692749,0.0,26.0,0.0,0.0,0.050000000000000044,1.625168913975358,1.6167758516967297,0.027976794983260334
md_immediate_advantage_dqn,803,502,63.79783748090267,81.09274708375335,24.66003119945526,39.13780602812767,1.3800217546522617,14027.13669204712,0.0,19.0,0.0,0.0,0.050000000000000044,2.155651066452265,2.1473443061113358,0.027689279057085514
md_immediate_advantage_dqn,803,503,68.83906679600477,80.40746323876083,25.996408320963383,42.84265848994255,1.4373239148408175,14906.1489944458,0.0,21.0,0.0,0.0,0.050000000000000044,1.6837655752897263,1.6754908133298159,0.02758256532251835
md_immediate_advantage_dqn,803,504,81.9864610746503,79.89282895669342,27.966028966009617,54.02043249607086,1.476282224059105,15911.084461212158,0.0,26.0,0.0,2.0,0.050000000000000044,1.7440084349364042,1.736150274053216,0.026193902012892067
md_immediate_advantage_dqn,803,505,72.75091496258975,79.40049182377757,26.412930838763714,46.33798384070396,1.4384184265509248,14802.090160369873,0.0,24.0,0.0,2.0,0.050000000000000044,1.8433209359645844,1.8352147862315178,0.027020433626603335
md_immediate_advantage_dqn,803,506,92.0034892141819,79.32380431316793,31.51929348707199,60.48419617414474,1.5851882211863995,18181.55418395996,0.0,26.0,0.0,2.0,0.050000000000000044,1.5198445413261652,1.5107446126639843,0.03033309313468635
md_immediate_advantage_dqn,803,507,95.85202526450158,80.28221443511546,32.02458944916725,63.82743580043316,1.5573515789583325,18457.232986450195,0.0,28.0,0.0,2.0,0.050000000000000044,1.3406475074589252,1.3309093825519085,0.03246042085811496
md_immediate_advantage_dqn,803,508,102.31333296746016,80.84029825583102,33.583690740168095,68.72964239120483,1.612863183952868,18901.2198638916,0.0,29.0,0.0,0.0,0.050000000000000044,2.0266597531735897,2.015253748744726,0.03802001022268087
md_immediate_advantage_dqn,803,509,67.56881343573332,80.61313283845783,26.7370673045516,40.83174608647823,1.459811581298709,15514.048824310303,0.0,20.0,0.0,1.0,0.050000000000000044,2.0094036255031824,2.0005534663796425,0.029500498319976032
md_immediate_advantage_dqn,803,510,82.68993147462606,80.61594243474306,28.541579708456993,54.14835223555565,1.5075968047603965,16098.897304534912,0.0,24.0,0.0,2.0,0.050000000000000044,2.1087158266454935,2.097506007179618,0.03736614086665213
md_immediate_advantage_dqn,803,511,70.03731207549572,79.7716240671277,25.926380790770054,44.11093084514141,1.4326542410999537,14965.622344970703,0.0,23.0,0.0,0.0,0.050000000000000044,1.6010481677949429,1.593344770371914,0.025677993544377387
md_immediate_advantage_dqn,803,512,80.8978672772646,79.78149169012904,28.038616701960564,52.85925082862377,1.506261371076107,16345.370101928711,0.0,23.0,0.0,1.0,0.050000000000000044,1.7352635581046343,1.7274355571717024,0.02609337295871228
md_immediate_advantage_dqn,803,513,80.49261763095856,80.31188789948821,29.669276483356953,50.823341155052184,1.4972069915384054,16642.448123931885,0.0,24.0,0.0,3.0,0.050000000000000044,1.8408832885324955,1.8319874331355095,0.029652847908437252
md_immediate_advantage_dqn,803,514,77.71247662007809,79.40428966738286,27.992389246821404,49.72008780539036,1.4858704637736082,16226.743808746338,0.0,23.0,0.0,3.0,0.050000000000000044,1.5181379858404398,1.5094756986945868,0.0288743112469092
md_immediate_advantage_dqn,803,515,81.56294503211976,79.9831808836013,29.24739709496498,52.31554772853851,1.4773134188726544,16263.891296386719,0.0,24.0,0.0,1.0,0.050000000000000044,1.864186117425561,1.8543211054056883,0.032883382751606405
md_immediate_advantage_dqn,803,516,83.76866895854474,79.81074274010959,27.42452459782362,56.34414420425892,1.4454142041504383,15432.04080581665,0.0,27.0,0.0,1.0,0.050000000000000044,2.0281255207955837,2.0189091246575117,0.030721301096491516
md_immediate_advantage_dqn,803,517,94.3159196704626,80.63499184019864,31.75911383330822,62.55680586695671,1.5586876040324569,17618.079475402832,0.0,29.0,0.0,2.0,0.050000000000000044,1.402279268950224,1.3921139612793922,0.03388435207307339
md_immediate_advantage_dqn,803,518,102.37884110510349,82.03683784343302,35.28928568214178,67.08955483436584,1.6396513609215617,20042.70085144043,0.0,29.0,0.0,2.0,0.050000000000000044,1.8944212887436152,1.8838424813002348,0.03526275034528226
md_immediate_advantage_dqn,803,519,93.12107599973679,82.58894139282405,30.8151183873415,62.30595712065697,1.595052889548242,18138.141174316406,0.0,26.0,0.0,4.0,0.050000000000000044,1.9317890238016844,1.923086842522025,0.0290072524221614
md_immediate_advantage_dqn,803,520,89.20465217530727,83.44299484200775,33.33692763745785,55.867724522948265,1.6053352253511548,19190.562744140625,0.0,25.0,0.0,0.0,0.050000000000000044,1.3165036384016275,1.3070983532816172,0.03135093452874571
md_immediate_advantage_dqn,803,521,85.77965860366821,83.35369539096952,32.63055156171322,53.14910660982132,1.570448838174343,18682.157039642334,0.0,23.0,0.0,3.0,0.050000000000000044,1.685610193759203,1.6767497323453426,0.02953491103835404
md_immediate_advantage_dqn,803,522,56.50233830809593,82.98892043232918,23.842108607292175,32.66023023724556,1.3372904350981116,13308.190628051758,0.0,18.0,0.0,2.0,0.050000000000000044,1.7779065072536469,1.769418142735958,0.02829450718127191
md_immediate_advantage_dqn,803,523,68.09909448176623,82.95192181661726,25.676129944622517,42.422964790463446,1.4147957684472203,14720.377708435059,0.0,22.0,0.0,1.0,0.050000000000000044,2.1729835271835327,2.1633068174123764,0.032255733967758715
md_immediate_advantage_dqn,803,524,73.64971781671048,82.53508465372026,27.039848998188972,46.60986923575401,1.4458984397351742,15071.239185333252,0.0,23.0,0.0,1.0,0.050000000000000044,1.481461277231574,1.4721312411129475,0.031100115505978465
md_immediate_advantage_dqn,803,525,76.37710276246071,82.71639404371382,26.7265817373991,49.650521114468575,1.4482713975012302,15056.846515655518,0.0,25.0,0.0,0.0,0.050000000000000044,1.6909874007105827,1.6817938685417175,0.03064510622061789
md_immediate_advantage_dqn,803,526,69.79366664886474,81.60590291544796,24.479001104831696,45.314665752649304,1.3772369949147105,13436.834964752197,0.0,22.0,0.0,2.0,0.050000000000000044,1.8618112038820982,1.8500058241188526,0.03935126576106995
md_immediate_advantage_dqn,803,527,87.85055215656757,81.20582926005126,29.06227147579193,58.78828053176403,1.5298867635428905,16614.295028686523,0.0,27.0,0.0,3.0,0.050000000000000044,1.771291520446539,1.7635924741625786,0.02566351427230984
md_immediate_advantage_dqn,803,528,73.49234338849783,79.76477978110313,28.494293324649334,44.99805012345314,1.4948538793250918,16249.824829101562,0.0,21.0,0.0,1.0,0.050000000000000044,2.0053248535841703,1.9955288507044315,0.03265333501622081
md_immediate_advantage_dqn,803,529,83.47731011509896,80.56020461507143,28.66834396868944,54.808966332674025,1.496441381983459,16110.469409942627,0.0,25.0,0.0,1.0,0.050000000000000044,1.9930839333683252,1.9833644665777683,0.03239822876639664
md_immediate_advantage_dqn,803,530,72.05293522179127,80.02835480242967,27.716602116823196,44.336333283782004,1.4565011095255613,15490.291149139404,0.0,22.0,0.0,1.0,0.050000000000000044,1.7067259959876537,1.6976759172976017,0.030166962300427258
md_immediate_advantage_dqn,803,531,79.13647826761007,80.4833131120354,27.46537060290575,51.671107575297356,1.47538829036057,16171.333423614502,0.0,25.0,0.0,0.0,0.050000000000000044,1.629825059324503,1.6198146771639585,0.033367922878824174
md_immediate_advantage_dqn,803,532,80.35545779764652,80.45619263805449,27.98972861468792,52.36572942137718,1.4870118722319603,15973.343647003174,0.0,24.0,0.0,0.0,0.050000000000000044,1.5001732409000397,1.4917659256607294,0.02802437962964177
md_immediate_advantage_dqn,803,533,96.3249211460352,81.24780781380832,31.428711913526058,64.8962087482214,1.5592490006238222,17864.20030593872,0.0,31.0,0.0,2.0,0.050000000000000044,1.5497527904808521,1.5428335592150688,0.023064133361913264
md_immediate_advantage_dqn,803,534,79.0749159693718,81.31592978127301,26.864228323101997,52.210687869787215,1.4595341961830854,15023.252059936523,0.0,26.0,0.0,1.0,0.050000000000000044,1.5630236845463514,1.5557115785777569,0.024373711785301566
md_immediate_advantage_dqn,803,535,92.63533657193184,81.86954935826361,33.136332005262375,59.4990047454834,1.5799194062128663,18267.04864883423,0.0,27.0,0.0,1.0,0.050000000000000044,1.9068223871290684,1.8984469138085842,0.027918228413909674
md_immediate_advantage_dqn,803,536,73.06594244390726,81.33441303253174,27.75689058750868,45.30905194580555,1.439023689366877,16424.431253433228,0.0,23.0,0.0,0.0,0.050000000000000044,1.4591611213982105,1.4522569812834263,0.023013819009065628
md_immediate_advantage_dqn,803,537,81.11938639134169,80.6745863685757,28.363157533109188,52.75622860491276,1.5214375937357545,16435.8157081604,0.0,24.0,0.0,1.0,0.050000000000000044,1.7025514598935843,1.6933479029685259,0.030678473296575248
md_immediate_advantage_dqn,803,538,95.083494836092,80.30981905512513,31.811587184667587,63.27190759181976,1.604657182469964,18279.995845794678,0.0,28.0,0.0,1.0,0.050000000000000044,1.990346634760499,1.9818622805178165,0.028281162725761533
md_immediate_advantage_dqn,803,539,84.12048006355762,79.85978925831617,27.96606705337763,56.15441273450851,1.4573929263278842,15704.68201828003,0.0,26.0,0.0,2.0,0.050000000000000044,1.4498969223350286,1.44037951156497,0.03172468510456383
md_immediate_advantage_dqn,803,540,69.05194838643074,78.85215406887234,26.050440065562725,43.001508477330205,1.432409668341279,14869.36124420166,0.0,20.0,0.0,3.0,0.050000000000000044,1.8889135494828224,1.8798335902392864,0.030266555142588913
md_immediate_advantage_dqn,803,541,80.18145410716534,78.5722438440472,26.568577475845814,53.61287625133991,1.4654828822240233,15491.16760635376,0.0,25.0,0.0,1.0,0.050000000000000044,1.499097254127264,1.4919075351208448,0.023965715197846293
md_immediate_advantage_dqn,803,542,94.31460811197758,80.46285733424126,30.756322883069515,63.55828541517258,1.5589113160967827,17648.180700302124,0.0,27.0,0.0,1.0,0.050000000000000044,1.6608662828803062,1.6521589681506157,0.029024420655332506
md_immediate_advantage_dqn,803,543,79.16394293606281,81.0160997569561,27.993097614496946,51.17084500491619,1.4823156343773007,15528.369268417358,0.0,24.0,0.0,2.0,0.050000000000000044,1.412307444959879,1.4024837370961905,0.032745734439231455
md_immediate_advantage_dqn,803,544,79.27476694583893,81.29735221341252,29.605779834091663,49.66898671686649,1.5421250239014626,17202.719036102295,0.0,25.0,0.0,1.0,0.050000000000000044,1.9175150357186794,1.9087011329829693,0.02937956154346466
md_immediate_advantage_dqn,803,545,51.76383336633444,80.06668874360622,24.43754505366087,27.326288655400276,1.3738518534228206,14255.360715866089,0.0,15.0,0.0,0.0,0.050000000000000044,1.8246056661009789,1.8139732833951712,0.035441249259747565
md_immediate_advantage_dqn,803,546,89.04677817225456,81.0293443197757,29.8498694896698,59.19690831005573,1.550350203178823,17237.026964187622,0.0,27.0,0.0,0.0,0.050000000000000044,1.8435433637350798,1.8359400741755962,0.025344306835904717
md_immediate_advantage_dqn,803,547,63.5451834872365,79.81407588630915,24.27422697097063,39.27095654606819,1.355263326317072,13444.039018630981,0.0,21.0,0.0,0.0,0.050000000000000044,1.6747920475900173,1.6663931235671043,0.027996424585580826
md_immediate_advantage_dqn,803,548,67.94456490278245,79.53668696202338,27.502969458699226,40.44159587621689,1.486110265366733,15942.335773468018,0.0,21.0,0.0,1.0,0.050000000000000044,1.793341539800167,1.7857618033885956,0.02526577631942928
md_immediate_advantage_dqn,803,549,86.16919153928757,79.67128103323282,28.817946568131447,57.35124573111534,1.5264756120741367,16880.893005371094,0.0,25.0,0.0,1.0,0.050000000000000044,1.8811585530638695,1.8713954985141754,0.032543516252189875
md_immediate_advantage_dqn,803,550,86.81787393242121,80.40952796876431,30.0749586597085,56.742915242910385,1.5104383705183864,16694.400665283203,0.0,26.0,0.0,0.0,0.050000000000000044,1.9135012738406658,1.9024770967662334,0.03674734872765839
md_immediate_advantage_dqn,803,551,83.64891196787357,80.63514965377749,31.848043903708458,51.800867795944214,1.5624457010999322,17895.864543914795,0.0,23.0,0.0,0.0,0.050000000000000044,1.6712728142738342,1.6624552551656961,0.029391893418505788
md_immediate_advantage_dqn,803,552,91.11524272859097,81.1731389003247,31.797080919146538,59.318161913752554,1.5903712883591652,18584.17136001587,0.0,28.0,0.0,3.0,0.050000000000000044,1.5496995858848095,1.5419093668460846,0.025967388530261815
md_immediate_advantage_dqn,803,553,79.09448217898607,80.31161695197225,27.133151195943356,51.961330990493295,1.4457263918593526,15163.12692451477,0.0,24.0,0.0,2.0,0.050000000000000044,1.9035163652151823,1.8944049570709467,0.030371316010132432
md_immediate_advantage_dqn,803,554,60.66436851024628,79.39108957901598,24.057140313088894,36.60722815990448,1.380958636291325,13566.922760009766,0.0,20.0,0.0,1.0,0.050000000000000044,1.6413629800081253,1.631851390004158,0.0317052211612463
md_immediate_advantage_dqn,803,555,74.31618093699217,78.47513179726899,28.016715556383133,46.29946547746658,1.503234677016735,16646.78658103943,0.0,22.0,0.0,2.0,0.050000000000000044,1.6600518841296434,1.6528754383325577,0.023921479121781886
md_immediate_advantage_dqn,803,556,76.81393705308437,78.66253152772785,30.16544596850872,46.648490726947784,1.5014366544783115,17067.578800201416,0.0,21.0,0.0,2.0,0.050000000000000044,1.6745021436363459,1.6668267846107483,0.025584464543499053
md_immediate_advantage_dqn,803,557,82.61247152090073,78.7371857842058,29.223086401820183,53.389385387301445,1.5240563927218318,16665.7629737854,0.0,24.0,0.0,1.0,0.050000000000000044,1.5843878760933876,1.576396780088544,0.026636961149051785
md_immediate_advantage_dqn,803,558,77.76233302801847,77.87112769380212,29.485155925154686,48.27717703580856,1.4848725702613592,16412.64623451233,0.0,21.0,0.0,0.0,0.050000000000000044,2.021911084651947,2.011389095336199,0.03507322771474719
md_immediate_advantage_dqn,803,559,85.13679968714715,77.92194367498159,30.49096567928791,54.64583400785923,1.4993658792227507,16958.648399353027,0.0,26.0,0.0,1.0,0.050000000000000044,1.7622316628694534,1.7536096274852753,0.028740138513967395
md_immediate_advantage_dqn,803,560,91.8126657307148,79.0599795421958,32.18278765678406,59.629878520965576,1.6065167263150215,18531.87558364868,0.0,27.0,0.0,0.0,0.050000000000000044,1.3675417955964804,1.3581164944916964,0.03141766949556768
md_immediate_advantage_dqn,803,561,93.01392427384853,79.70160305052997,29.531983695924282,63.481940898299214,1.534241521731019,17335.38079071045,0.0,27.0,0.0,2.0,0.050000000000000044,1.4569033719599247,1.4480583034455776,0.02948359283618629
md_immediate_advantage_dqn,803,562,82.95250310748816,79.13349780030549,28.797058522701263,54.15544408559799,1.5124448109418154,16269.665382385254,0.0,25.0,0.0,0.0,0.050000000000000044,1.7834274843335152,1.7758405953645706,0.025289593846537173
md_immediate_advantage_dqn,803,563,78.98559692502022,79.12458049975336,26.953011736273766,52.03258520364761,1.4547374928370118,15183.470138549805,0.0,25.0,0.0,1.0,0.050000000000000044,1.7792274374514818,1.7692861016839743,0.033137751976028085
md_immediate_advantage_dqn,803,564,80.84556742012501,79.20312052346766,27.244954153895378,53.60061250627041,1.4497789926826954,15424.683288574219,0.0,26.0,0.0,0.0,0.050000000000000044,1.7978585194796324,1.789582934230566,0.027585302013903856
md_immediate_advantage_dqn,803,565,91.14319995939732,81.17208885312081,31.757274374365807,59.38592582345009,1.6151701482012868,18516.176849365234,0.0,28.0,0.0,3.0,0.050000000000000044,1.7083938643336296,1.7000381015241146,0.02785253629554063
md_immediate_advantage_dqn,803,566,80.68383831679822,80.75394186034801,30.500737413764,50.18310090303421,1.5415675025433302,17754.148349761963,0.0,22.0,0.0,1.0,0.050000000000000044,1.9630892556160688,1.9547632485628128,0.027753324480727315
md_immediate_advantage_dqn,803,567,74.13398683071136,81.28338202752174,29.191468089818954,44.942518427968025,1.5100875403732061,16691.30500793457,0.0,21.0,0.0,1.0,0.050000000000000044,1.768559604883194,1.7556033618748188,0.04318747133947909
md_immediate_advantage_dqn,803,568,62.9567017480731,81.03398886978627,25.71504458785057,37.24165666103363,1.395761982537806,14532.815101623535,0.0,19.0,0.0,0.0,0.050000000000000044,1.8985755927860737,1.8913550712168217,0.024068390717729926
md_immediate_advantage_dqn,803,569,82.9516906157136,80.87311382360757,29.329328678548336,53.62236132621765,1.5097005646675825,16851.248527526855,0.0,24.0,0.0,1.0,0.050000000000000044,2.096772238612175,2.0870584547519684,0.03237928543239832
md_immediate_advantage_dqn,803,570,83.89409612119198,80.7269249330461,30.250526197254658,53.64357006549835,1.5216352110728621,17215.040996551514,0.0,23.0,0.0,0.0,0.050000000000000044,1.7958343252539635,1.7872028909623623,0.028771484619937837
md_immediate_advantage_dqn,803,571,77.21323002129793,80.40514083571733,29.006293915212154,48.20693600177765,1.4819476520642638,16458.666313171387,0.0,24.0,0.0,1.0,0.050000000000000044,1.6541684865951538,1.645822949707508,0.027818473521620035
md_immediate_advantage_dqn,803,572,72.33641077578068,79.46619923807683,26.74347283691168,45.59293767809868,1.4350905735045671,14931.864143371582,0.0,23.0,0.0,1.0,0.050000000000000044,1.2510648220777512,1.2404713220894337,0.035311673767864704
md_immediate_advantage_dqn,803,573,81.84532462954522,79.60374136060477,28.90162767469883,52.94369719326496,1.4916116297245026,16311.800621032715,0.0,24.0,0.0,1.0,0.050000000000000044,1.8988335151225328,1.8898130878806114,0.03006805630866438
md_immediate_advantage_dqn,803,574,82.5482402101159,80.69793494559823,29.017177395522594,53.53106265068054,1.5205487171187997,16369.36325454712,0.0,24.0,0.0,3.0,0.050000000000000044,1.9699373170733452,1.9600909128785133,0.03282136027701199
md_immediate_advantage_dqn,803,575,84.52929372340441,81.20859058491887,29.72978013753891,54.79951369762421,1.551014358177781,17484.334323883057,0.0,24.0,0.0,1.0,0.050000000000000044,1.6170708369463682,1.6085179410874844,0.02850958553608507
md_immediate_advantage_dqn,803,576,64.87935827076436,80.61186164580286,27.348698496818542,37.53065952062607,1.4606791641563177,15404.941711425781,0.0,18.0,0.0,2.0,0.050000000000000044,2.1121488735079765,2.101893201470375,0.03418563574086875
md_immediate_advantage_dqn,803,577,84.09444306194783,80.68596022285521,31.13028919696808,52.96415382027626,1.516987101174891,17229.18284225464,0.0,25.0,0.0,1.0,0.050000000000000044,1.8827650398015976,1.8698103949427605,0.04318207409232855
md_immediate_advantage_dqn,803,578,89.30684516727925,81.26318582981826,30.347565412521362,58.959279680252074,1.5641726218163967,17721.50922012329,0.0,27.0,0.0,1.0,0.050000000000000044,1.9029357302933931,1.8936600182205439,0.03091905708424747
md_immediate_advantage_dqn,803,579,74.97330460101367,80.75501107551159,26.363366946578026,48.60993822813034,1.434510932303965,14979.691440582275,0.0,22.0,0.0,1.0,0.050000000000000044,1.7606438528746367,1.7514426335692406,0.030670668929815292
md_immediate_advantage_dqn,803,580,103.6919969111681,81.34897763453425,31.912452578544617,71.77954424321652,1.5764920022338629,18304.201690673828,0.0,31.0,0.0,1.0,0.050000000000000044,1.5733032245188951,1.5657150968909264,0.02529381774365902
md_immediate_advantage_dqn,803,581,95.75784059166908,81.48617345042528,30.047349631786346,65.71049173474312,1.548813664354384,17071.293689727783,0.0,29.0,0.0,2.0,0.050000000000000044,1.649128496646881,1.6402069889008999,0.029738360783085227
md_immediate_advantage_dqn,803,582,63.25375770181417,80.50123618014158,25.98303559422493,37.270722264051436,1.4228081200271845,14995.673259735107,0.0,20.0,0.0,1.0,0.050000000000000044,1.80021951533854,1.7921815644949675,0.026793113444000483
md_immediate_advantage_dqn,803,583,76.04273578673602,80.35409312322737,28.667086713016033,47.37564873099327,1.4812556905671954,16532.60121154785,0.0,23.0,0.0,2.0,0.050000000000000044,1.8940085638314486,1.8850356359034777,0.029909836477600038
md_immediate_advantage_dqn,803,584,68.47535219192505,79.73558236181738,26.66293017566204,41.812421867251395,1.4184186030179262,15053.104713439941,0.0,22.0,0.0,2.0,0.050000000000000044,1.721028733998537,1.710290303453803,0.03579471725970507
md_immediate_advantage_dqn,803,585,66.98238427191973,78.5275415774435,25.25140867382288,41.730975314974785,1.4396384004503489,14962.843254089355,0.0,22.0,0.0,1.0,0.050000000000000044,1.810934867709875,1.8020633328706026,0.029571811784990132
md_immediate_advantage_dqn,803,586,82.60818314552307,78.62375881887974,28.658003963530064,53.95017921924591,1.4867221973836422,16730.25298500061,0.0,25.0,0.0,1.0,0.050000000000000044,1.8264730405062437,1.8187036849558353,0.025897890678606927
md_immediate_advantage_dqn,803,587,71.00284933298826,78.46720194399357,25.844173558056355,45.15867581963539,1.429658710025251,14640.612426757812,0.0,23.0,0.0,1.0,0.050000000000000044,2.162374025210738,2.154346527531743,0.026758351479656994
md_immediate_advantage_dqn,803,588,61.13908572494984,78.3763211428374,25.21766346693039,35.921422243118286,1.402310261502862,14214.835300445557,0.0,19.0,0.0,0.0,0.050000000000000044,1.6562568824738264,1.648272804915905,0.026613580994307995
md_immediate_advantage_dqn,803,589,76.90764879435301,78.07411905176939,28.205013893544674,48.70263521373272,1.490094660781324,16113.02571105957,0.0,23.0,0.0,0.0,0.050000000000000044,1.763463482260704,1.7547662071883678,0.028990922030061483
md_immediate_advantage_dqn,803,590,78.38035809397698,77.79843215040863,27.268740758299828,51.11161761879921,1.4741035774350166,15549.648792266846,0.0,24.0,0.0,1.0,0.050000000000000044,2.065057635307312,2.0574582777917385,0.025331175071187317
md_immediate_advantage_dqn,803,591,87.9543095678091,78.33548612773419,29.534612096846104,58.419697642326355,1.5301494477316737,16866.879722595215,0.0,27.0,0.0,2.0,0.050000000000000044,1.901102028787136,1.8922971077263355,0.029349683434702456
md_immediate_advantage_dqn,803,592,97.85507035255432,79.61141910657287,33.56519703567028,64.28987276554108,1.6184680107980967,19337.63283920288,0.0,27.0,0.0,1.0,0.050000000000000044,2.009932827204466,2.0007604621350765,0.030574589618481696
md_immediate_advantage_dqn,803,593,77.27704482972622,79.38300511658193,27.77186255156994,49.50518184602261,1.4379759738221765,15683.075874328613,0.0,23.0,0.0,3.0,0.050000000000000044,1.8458754923194647,1.8378996960818768,0.02658592676743865
md_immediate_advantage_dqn,803,594,94.2801259085536,79.96959940150381,30.564223550260067,63.715902268886566,1.563791872933507,17955.477952957153,0.0,28.0,0.0,1.0,0.050000000000000044,1.6645929105579853,1.6569671668112278,0.025419103330932558
md_immediate_advantage_dqn,803,595,94.83726138770581,80.48499778471889,31.867486149072647,62.96977429986,1.6104044625535607,18386.94924545288,0.0,29.0,0.0,3.0,0.050000000000000044,1.530519613996148,1.520151475444436,0.03456046257633716
md_immediate_advantage_dqn,803,596,89.94359460622073,81.7382096014917,31.757094271481037,58.18650006651878,1.5770522430539131,18011.220764160156,0.0,26.0,0.0,2.0,0.050000000000000044,2.276035360991955,2.265107937157154,0.03642476967070252
md_immediate_advantage_dqn,803,597,76.64185392260552,81.3655801445246,29.248207926750183,47.393646442890166,1.5025012427940965,17110.664291381836,0.0,22.0,0.0,3.0,0.050000000000000044,1.7259176559746265,1.7184080015867949,0.025032140198163688
md_immediate_advantage_dqn,803,598,79.89633774012327,80.89505477316679,29.060493119060993,50.835844442248344,1.5056831017136574,16756.49861907959,0.0,24.0,0.0,0.0,0.050000000000000044,1.8559920843690634,1.846594363451004,0.031325673568062484
md_immediate_advantage_dqn,803,599,82.58113643527031,81.27544636487963,26.97561488300562,55.60552167892456,1.463297352194786,15598.956762313843,0.0,26.0,0.0,2.0,0.050000000000000044,1.7556867748498917,1.7448665387928486,0.03606740583200008
