variant,model_seed,episode,cost,rolling_cost,immediate_cost,penalty,energy_use,latency_ms,thermal_violation,energy_violation,queue_violation,contact_violation,epsilon,loss,td_loss,auxiliary_loss
standard_dqn,814,0,126.18126167316927,126.18126167316927,41.059831604361534,85.12143012841241,1.8538875738158822,24911.744199752808,0.0,32.0,12.0,0.0,0.9954761904761905,,,
standard_dqn,814,1,115.0489529311657,120.61510730216749,41.857169315218925,73.19178342223168,1.755554218776524,24023.556690216064,0.0,32.0,0.0,2.0,0.9909523809523809,1.4274400472640991,1.4274400472640991,0.0
standard_dqn,814,2,98.32530103027821,113.1851718782044,36.50269541144371,61.822605365514754,1.7250503934919834,21989.045265197754,0.0,28.0,0.0,1.0,0.9864285714285714,1.1869864836335182,1.1869864836335182,0.0
standard_dqn,814,3,206.01330884676895,136.39220612034552,45.01581762731075,160.9974910853477,1.9859640281647444,27045.278831481934,0.0,37.0,27.0,2.0,0.981904761904762,1.20893444865942,1.20893444865942,0.0
standard_dqn,814,4,188.43465520448376,146.80069593717317,49.931068420410156,138.50358672446893,1.903903041034937,28482.04923248291,0.0,39.0,34.0,1.0,0.9773809523809524,1.3184580951929092,1.3184580951929092,0.0
standard_dqn,814,5,113.11793005466461,141.18690162342173,38.6544079259038,74.46352182328701,1.7488754969090223,22899.47276687622,0.0,32.0,0.0,0.0,0.9728571428571429,1.2271224558353424,1.2271224558353424,0.0
standard_dqn,814,6,106.29616650342942,136.20251089199425,35.31376722455025,70.98239926397801,1.730735206976533,21227.340606689453,0.0,31.0,0.0,1.0,0.9683333333333334,1.0112285129725933,1.0112285129725933,0.0
standard_dqn,814,7,160.794888219057,139.2765580578771,45.18900842219591,115.60587982666341,1.9224277371540666,27006.96026611328,0.0,37.0,35.0,2.0,0.9638095238095238,1.0699876695871353,1.0699876695871353,0.0
standard_dqn,814,8,149.03362123739697,140.3606761889349,36.749188646674156,112.2844326652286,1.8006578758358955,23145.95985031128,0.0,30.0,25.0,2.0,0.9592857142857143,1.1092556677758694,1.1092556677758694,0.0
standard_dqn,814,9,115.08709259201005,137.8333178292424,34.609826132655144,80.47726671267466,1.7145506627857685,21183.210887908936,0.0,32.0,13.0,2.0,0.9547619047619048,0.9486032836139202,0.9486032836139202,0.0
standard_dqn,814,10,112.25831623673439,135.50831768446895,37.1598314344883,75.09848459362983,1.7283727554604411,22201.82152557373,0.0,32.0,0.0,2.0,0.9502380952380952,0.814430620521307,0.814430620521307,0.0
standard_dqn,814,11,100.84428741186858,132.61964849508558,34.71854253858328,66.12574524581433,1.6396617582067847,20326.077701568604,0.0,29.0,0.0,1.0,0.9457142857142857,0.6908804923295975,0.6908804923295975,0.0
standard_dqn,814,12,116.20416045188904,131.3569186456089,41.87617652118206,74.32798418402672,1.7541608661413193,24252.94631767273,0.0,32.0,0.0,0.0,0.9411904761904761,0.5290567371994257,0.5290567371994257,0.0
standard_dqn,814,13,114.59806699454785,130.1598578133903,43.542303904891014,71.05576235949994,1.8261880027130246,25233.376625061035,0.0,31.0,0.0,3.0,0.9366666666666666,0.41256561130285263,0.41256561130285263,0.0
standard_dqn,814,14,163.79453135983718,132.40216938315342,42.2479792535305,121.54655200199852,1.8385488437488675,25164.168865203857,0.0,38.0,31.0,1.0,0.9321428571428572,0.354892048984766,0.354892048984766,0.0
standard_dqn,814,15,108.95541532244108,130.93674725435886,37.929942548274994,71.02547264005564,1.7801670851185918,23310.76788330078,0.0,30.0,1.0,0.0,0.9276190476190476,0.6235209535807371,0.6235209535807371,0.0
standard_dqn,814,16,104.77222234904767,129.39765755404645,34.58920143544674,70.18302057087422,1.6641112929210067,20782.31037902832,0.0,31.0,0.0,1.0,0.9230952380952381,0.717517264187336,0.717517264187336,0.0
standard_dqn,814,17,102.8106411844492,127.92060108906882,34.64760972559452,68.16303142905235,1.6579150762408972,20464.260692596436,0.0,30.0,0.0,0.0,0.9185714285714286,0.49694823659956455,0.49694823659956455,0.0
standard_dqn,814,18,119.89280767738819,127.49808564634878,40.76262046396732,79.1301866620779,1.735815349034965,23031.10991668701,0.0,33.0,0.0,1.0,0.914047619047619,0.3970839772373438,0.3970839772373438,0.0
standard_dqn,814,19,123.82932011783123,127.31464736992291,39.75882562994957,84.07049465179443,1.743515720590949,23198.039554595947,0.0,34.0,0.0,0.0,0.9095238095238095,0.3131331168115139,0.3131331168115139,0.0
standard_dqn,814,20,107.02523404359818,126.35684598844436,36.995379239320755,70.02985560894012,1.6860923860222101,21578.89826965332,0.0,30.0,0.0,0.0,0.905,0.2884839838370681,0.2884839838370681,0.0
standard_dqn,814,21,103.50431570410728,125.77961412709143,36.48102022707462,67.0232965350151,1.6600083010271192,21335.45546722412,0.0,28.0,0.0,1.0,0.9004761904761904,0.2868796829134226,0.2868796829134226,0.0
standard_dqn,814,22,166.83846466492443,129.20527230882374,44.5745058581233,122.26395914952779,1.903100112453103,26776.412788391113,0.0,37.0,26.0,0.0,0.895952380952381,0.2543577831238508,0.2543577831238508,0.0
standard_dqn,814,23,110.60257236063481,124.43473548451705,36.07566633820534,74.52690606713296,1.6923235738649964,21304.37900543213,0.0,31.0,0.0,3.0,0.8914285714285715,0.627525832504034,0.627525832504034,0.0
standard_dqn,814,24,123.19294782538273,121.17265011556199,39.25760976970196,83.93533823449471,1.7838675454258919,23354.225271224976,0.0,34.0,8.0,1.0,0.8869047619047619,0.6050147637724876,0.6050147637724876,0.0
standard_dqn,814,25,93.60074562728406,120.19679089419296,32.33670577406883,61.26403986811638,1.552566034719348,18817.8193359375,0.0,27.0,0.0,2.0,0.8823809523809524,0.41059625521302223,0.41059625521302223,0.0
standard_dqn,814,26,118.99303326745311,120.83163423239417,40.62717413902283,78.36585936684887,1.8015515273436904,24130.995903015137,0.0,35.0,3.0,2.0,0.8778571428571429,0.35235417634248734,0.35235417634248734,0.0
standard_dqn,814,27,147.7486490917843,120.17932227603053,41.912295922636986,105.83635376519375,1.8991762669757009,25226.50567626953,0.0,37.0,22.0,0.0,0.8733333333333333,0.3357628593221307,0.3357628593221307,0.0
standard_dqn,814,28,130.21343037120167,119.23831273272076,41.6324113458395,88.58101902536217,1.8353608939796686,24763.931980133057,0.0,35.0,6.0,1.0,0.8688095238095238,0.3267976716160774,0.3267976716160774,0.0
standard_dqn,814,29,106.48104585707188,118.80801039597387,36.031159445643425,70.44988617300987,1.7031085016205907,21329.15528488159,0.0,31.0,0.0,0.0,0.8642857142857143,0.2814451651647687,0.2814451651647687,0.0
standard_dqn,814,30,166.12346606656206,121.5012678874652,46.23361876606941,119.88984713657985,1.9567458219826221,27108.104011535645,0.0,38.0,25.0,3.0,0.8597619047619047,0.29744638595730066,0.29744638595730066,0.0
standard_dqn,814,31,121.23387145996094,122.52074708986984,37.707510367035866,83.52636042237282,1.7340821931138635,21901.029273986816,0.0,36.0,0.0,0.0,0.8552380952380952,0.6862979978322983,0.6862979978322983,0.0
standard_dqn,814,32,112.77885289788246,122.34948171216952,40.97018790245056,71.80866517424583,1.7374089127406478,23235.93194961548,0.0,30.0,0.0,2.0,0.8507142857142858,0.48327498510479927,0.48327498510479927,0.0
standard_dqn,814,33,108.92530138790607,122.06584343183745,34.43088358640671,74.49441756308079,1.6855168556794524,20589.88447189331,0.0,32.0,0.0,0.0,0.8461904761904762,0.4325395729392767,0.4325395729392767,0.0
standard_dqn,814,34,113.6457384377718,119.55840378573416,41.864649161696434,71.78108902275562,1.792549293488264,24199.47833442688,0.0,31.0,0.0,0.0,0.8416666666666667,0.3876457419246435,0.3876457419246435,0.0
standard_dqn,814,35,106.87158043682575,119.45421204145339,36.173467956483364,70.69811230897903,1.6600215937942266,20883.79278564453,0.0,32.0,0.0,0.0,0.8371428571428572,0.38246805127710104,0.38246805127710104,0.0
standard_dqn,814,36,132.68785140160858,120.84999349408142,42.8212336525321,89.86661801729738,1.8491154359653592,24998.06045150757,0.0,34.0,13.0,1.0,0.8326190476190476,0.3497782191261649,0.3497782191261649,0.0
standard_dqn,814,37,123.33355918655026,121.87613939418648,39.23751546442509,84.09604323038685,1.811340874992311,23635.108503341675,0.0,33.0,1.0,2.0,0.8280952380952381,0.3590012174099684,0.3590012174099684,0.0
standard_dqn,814,38,115.54992456883193,121.65899523875866,40.88974276930094,74.66018162071705,1.7644489202648401,23795.536865234375,0.0,31.0,0.0,2.0,0.8235714285714286,0.3517755353823304,0.3517755353823304,0.0
standard_dqn,814,39,174.13342663451098,124.17420056459267,47.223536133766174,126.90989024742508,1.9607142060995102,27688.497848510742,0.0,38.0,30.0,1.0,0.819047619047619,0.7687397748231888,0.7687397748231888,0.0
standard_dqn,814,40,157.6092409193922,126.70340090838238,42.80706004798412,114.80218096081506,1.8786141639575362,24962.258380889893,0.0,35.0,20.0,3.0,0.8145238095238095,0.5273217409849167,0.5273217409849167,0.0
standard_dqn,814,41,116.29601224511862,127.34298573543292,43.13884996622801,73.1571626663208,1.8067033123224974,24700.471725463867,0.0,30.0,0.0,2.0,0.81,0.4524180646985769,0.4524180646985769,0.0
standard_dqn,814,42,104.63002078533172,124.2325635414533,37.61308443546295,67.01693621575832,1.6692305924370885,21664.96446609497,0.0,30.0,0.0,2.0,0.8054761904761905,0.4538228027522564,0.4538228027522564,0.0
standard_dqn,814,43,118.2866471260786,124.6167672797255,46.565875604748726,71.7207717448473,1.8247854560613632,26268.505249023438,0.0,30.0,0.0,0.0,0.800952380952381,0.4732179371640086,0.4732179371640086,0.0
standard_dqn,814,44,109.93446934223175,123.95384335556795,37.66438710689545,72.27008180320263,1.7146627744659781,22250.827564239502,0.0,31.0,0.0,1.0,0.7964285714285715,0.4275552602484822,0.4275552602484822,0.0
standard_dqn,814,45,102.87094374746084,124.41735326157678,40.102549843490124,62.768394246697426,1.6693178554996848,22189.26117706299,0.0,27.0,0.0,2.0,0.7919047619047619,0.40109717566519976,0.40109717566519976,0.0
standard_dqn,814,46,97.99595150351524,123.36749917337988,32.394640915095806,65.60131013393402,1.6389744877815247,19584.052658081055,0.0,31.0,0.0,1.0,0.7873809523809524,0.5561697389930487,0.5561697389930487,0.0
standard_dqn,814,47,100.60623464137316,121.01037845085932,34.405317075550556,66.20091752111912,1.6222061133012176,19372.77282142639,0.0,30.0,0.0,1.0,0.7828571428571429,0.7618714384734631,0.7618714384734631,0.0
standard_dqn,814,48,117.88002741485835,120.39370830304217,41.959849648177624,75.92017751336098,1.7771659111604095,23771.726177215576,0.0,32.0,0.0,1.0,0.7783333333333333,0.5569852218031883,0.5569852218031883,0.0
standard_dqn,814,49,131.28977717824498,121.63414486910082,40.6690089404583,90.62076802917043,1.8447126913815737,24575.194396972656,0.0,35.0,7.0,0.0,0.7738095238095238,0.5190390590578318,0.5190390590578318,0.0
standard_dqn,814,50,164.4804369913697,121.55199341534119,40.174361154437065,124.30607573262449,1.876161110587418,24278.30723953247,0.0,34.0,31.0,1.0,0.7692857142857144,0.45509914215654135,0.45509914215654135,0.0
standard_dqn,814,51,117.374277561903,121.3590137204383,39.212011605501175,78.16226623952389,1.790837150067091,23611.03370285034,0.0,34.0,0.0,0.0,0.7647619047619048,0.4809959391131997,0.4809959391131997,0.0
standard_dqn,814,52,115.70328016728163,121.50523508390825,40.25316018611193,75.45012035369874,1.7672843802720308,23378.73150253296,0.0,31.0,0.0,2.0,0.7602380952380953,0.4829546492546797,0.4829546492546797,0.0
standard_dqn,814,53,111.06653288006783,121.61229665851633,38.62722743302584,72.43930572271347,1.6507738940417767,22028.50745010376,0.0,31.0,0.0,1.0,0.7557142857142858,0.5058685382828116,0.5058685382828116,0.0
standard_dqn,814,54,117.61161988973618,121.81059073111457,38.953711211681366,78.65790855884552,1.735652538947761,22710.581035614014,0.0,33.0,0.0,2.0,0.7511904761904762,0.6369326710700989,0.6369326710700989,0.0
standard_dqn,814,55,103.3159956857562,121.63281149356108,39.295470498502254,64.02052465081215,1.6912809675559402,22333.660732269287,0.0,27.0,0.0,0.0,0.7466666666666667,0.7878024056553841,0.7878024056553841,0.0
standard_dqn,814,56,112.3392829835415,120.61538307265774,40.46188221871853,71.87740130126477,1.7475843885913491,22923.959285736084,0.0,31.0,0.0,1.0,0.7421428571428572,0.6139166448265314,0.6139166448265314,0.0
standard_dqn,814,57,111.4072177797556,120.019066002318,36.62741143256426,74.77980610132218,1.7154189450666308,21516.220806121826,0.0,31.0,0.0,1.0,0.7376190476190476,0.5814940072596073,0.5814940072596073,0.0
standard_dqn,814,58,106.60114658772946,119.57162710326288,38.154821917414665,68.44632562398911,1.6808909988030791,21704.527393341064,0.0,30.0,0.0,1.0,0.7330952380952381,0.6037932485342026,0.6037932485342026,0.0
standard_dqn,814,59,105.53465401381254,116.14168847222795,35.50764035433531,70.02701330184937,1.7082348363474011,20988.763801574707,0.0,29.0,0.0,0.0,0.7285714285714286,0.621045851148665,0.621045851148665,0.0
standard_dqn,814,60,121.90575032498046,114.35651394250738,41.606980070471764,80.2987705972354,1.830601455643773,24587.098175048828,0.0,34.0,2.0,2.0,0.724047619047619,0.511864161118865,0.511864161118865,0.0
standard_dqn,814,61,97.50543236732483,113.41698494861768,37.9977198690176,59.507712334394455,1.6987131917849183,21525.00489425659,0.0,28.0,0.0,0.0,0.7195238095238095,0.4499120656400919,0.4499120656400919,0.0
standard_dqn,814,62,129.21831601292098,114.64639970999716,45.3897617906332,83.82855457991565,1.8598199347034097,25965.943550109863,0.0,34.0,13.0,0.0,0.7150000000000001,0.7396997287869453,0.7396997287869453,0.0
standard_dqn,814,63,91.67320914566517,113.31572781097648,33.05761010199785,58.615598782896996,1.5752345556393266,18805.804721832275,0.0,28.0,0.0,0.0,0.7104761904761905,0.733543211594224,0.733543211594224,0.0
standard_dqn,814,64,110.50645591318607,113.3443271395242,40.07358141243458,70.43287478387356,1.7468953039497137,23203.394481658936,0.0,30.0,0.0,0.0,0.7059523809523809,0.5916884206235409,0.5916884206235409,0.0
standard_dqn,814,65,111.88052888214588,113.79480639625845,38.07822501659393,73.80230385065079,1.7024801475927234,21670.61930656433,0.0,33.0,0.0,0.0,0.7014285714285715,0.6316364258527756,0.6316364258527756,0.0
standard_dqn,814,66,113.0629343032837,114.54815553624687,40.28731009364128,72.7756240606308,1.7918839482590556,23578.70108604431,0.0,30.0,0.0,1.0,0.6969047619047619,0.5950862895697355,0.5950862895697355,0.0
standard_dqn,814,67,100.6277123093605,114.54922941964624,35.001670360565186,65.62604176998138,1.6868532653898,20422.162910461426,0.0,27.0,0.0,0.0,0.6923809523809523,0.6360738817602396,0.6360738817602396,0.0
standard_dqn,814,68,106.83971275389194,113.99721368659792,36.5913297906518,70.24838280677795,1.6636680476367474,20794.183322906494,0.0,31.0,0.0,0.0,0.687857142857143,0.5704319588840008,0.5704319588840008,0.0
standard_dqn,814,69,116.91488397419452,113.2784690263954,41.84002165496349,75.07486236393451,1.7911113081499934,23584.831329345703,0.0,32.0,0.0,3.0,0.6833333333333333,0.6119053801521659,0.6119053801521659,0.0
standard_dqn,814,70,125.17808509171009,111.31335143141241,42.94823530316353,82.22984955012798,1.7995062042027712,24328.415939331055,0.0,34.0,0.0,2.0,0.6788095238095238,0.8608673717826605,0.8608673717826605,0.0
standard_dqn,814,71,120.45376313626767,111.46732571013065,43.83834698796272,76.61541687846184,1.8120025685057044,25036.53123855591,0.0,33.0,0.0,1.0,0.6742857142857144,0.7963580824434757,0.7963580824434757,0.0
standard_dqn,814,72,118.87580673396587,111.62595203846486,44.55637662112713,74.31943026185036,1.7506757527589798,24246.082878112793,0.0,31.0,0.0,1.0,0.6697619047619048,0.7168787941336632,0.7168787941336632,0.0
standard_dqn,814,73,107.16179110109806,111.43071494951637,36.16095291078091,71.00083790719509,1.655049266293645,21267.321090698242,0.0,32.0,0.0,1.0,0.6652380952380952,0.7712235935032368,0.7712235935032368,0.0
standard_dqn,814,74,122.69832460880279,111.6850501854697,41.16249234974384,81.53583261668682,1.8439865037798882,24124.518939971924,0.0,34.0,0.0,3.0,0.6607142857142857,0.5720871947705746,0.5720871947705746,0.0
standard_dqn,814,75,112.65377953052521,112.15193937770816,40.873843729496,71.77993636727334,1.7461018320173025,23552.523864746094,0.0,31.0,0.0,1.0,0.6561904761904762,0.6299374047666788,0.6299374047666788,0.0
standard_dqn,814,76,108.31140239536762,111.95054534829944,37.60983403027058,70.70156790316105,1.645691504701972,20893.357208251953,0.0,31.0,0.0,1.0,0.6516666666666667,0.6601711697876453,0.6601711697876453,0.0
standard_dqn,814,77,107.06822481155396,111.73359569988936,37.93215969204903,69.13606532812119,1.7799856029450893,23046.86206817627,0.0,29.0,0.0,1.0,0.6471428571428571,0.6605205992236733,0.6605205992236733,0.0
standard_dqn,814,78,114.14915692210198,112.11099621660799,40.624418660998344,73.52473817169667,1.8002563593909144,23198.636169433594,0.0,32.0,0.0,2.0,0.6426190476190476,0.9022185951471329,0.9022185951471329,0.0
standard_dqn,814,79,102.58565197885036,111.9635461148599,36.47636394202709,66.10928761959076,1.6248877067118883,20548.447425842285,0.0,28.0,0.0,0.0,0.6380952380952382,0.6437130570411682,0.6437130570411682,0.0
standard_dqn,814,80,116.14734219014645,111.67562570811819,40.66304920613766,75.48429314792156,1.766268321312964,23307.779207229614,0.0,32.0,0.0,1.0,0.6335714285714286,0.6701170336455107,0.6701170336455107,0.0
standard_dqn,814,81,109.37310619652271,112.2690093995781,37.299408718943596,72.07369753718376,1.706447098404169,21494.82538986206,0.0,33.0,0.0,1.0,0.6290476190476191,0.5685935532674193,0.5685935532674193,0.0
standard_dqn,814,82,119.3179730027914,111.77399224907158,40.26896858215332,79.04900389909744,1.7802791809663177,23789.568939208984,0.0,33.0,0.0,0.0,0.6245238095238095,0.661128930747509,0.661128930747509,0.0
standard_dqn,814,83,112.55247047841549,112.81795531570913,36.24888972938061,76.30358112156391,1.6833057701587677,20756.261276245117,0.0,33.0,0.0,2.0,0.62,0.6854396294802427,0.6854396294802427,0.0
standard_dqn,814,84,104.90598610043526,112.53793182507157,40.312512427568436,64.59347352385521,1.6961245043203235,22750.176918029785,0.0,27.0,0.0,0.0,0.6154761904761905,0.5973368845880032,0.5973368845880032,0.0
standard_dqn,814,85,117.58694551885128,112.82325265690683,39.26808126270771,78.31886449456215,1.7392914546653628,22188.726448059082,0.0,33.0,0.0,1.0,0.6109523809523809,0.8120232727378607,0.8120232727378607,0.0
standard_dqn,814,86,114.27210034430027,112.88371095895768,35.749341890215874,78.5227587968111,1.836275146342814,22305.856552124023,0.0,33.0,0.0,0.0,0.6064285714285714,0.8562550060451031,0.8562550060451031,0.0
standard_dqn,814,87,107.37353824973107,113.22100225597622,37.793052196502686,69.58048594892026,1.6967365331947803,21439.0489654541,0.0,30.0,0.0,1.0,0.6019047619047619,0.8188523296266794,0.8188523296266794,0.0
standard_dqn,814,88,118.40322604775429,113.79917792066934,39.080805242061615,79.32242140173912,1.7923719892278314,22637.362377166748,0.0,35.0,0.0,1.0,0.5973809523809523,0.7179709188640118,0.7179709188640118,0.0
standard_dqn,814,89,131.16972010135652,114.51191972702743,41.6264206469059,89.54329987168312,1.8322792258113623,24585.21675491333,0.0,37.0,0.0,2.0,0.592857142857143,0.9042352847754955,0.9042352847754955,0.0
standard_dqn,814,90,114.02143343687058,113.95408714428545,36.830987960100174,77.19044477641583,1.7384602269157767,21515.835975646973,0.0,33.0,0.0,1.0,0.5883333333333334,0.8050911128520966,0.8050911128520966,0.0
standard_dqn,814,91,106.63905391097069,113.2633516830206,35.88531193137169,70.75374153256416,1.6521054785698652,20307.914665222168,0.0,31.0,0.0,0.0,0.5838095238095238,0.7578333839774132,0.7578333839774132,0.0
standard_dqn,814,92,109.56916104257107,112.79801939845086,32.526232570409775,77.04292836785316,1.689507495611906,19382.323364257812,0.0,32.0,0.0,0.0,0.5792857142857144,0.6813430823385715,0.6813430823385715,0.0
standard_dqn,814,93,104.51813025772572,112.66583635628224,39.01617458462715,65.50195562839508,1.7353529026731849,22550.998626708984,0.0,28.0,0.0,0.0,0.5747619047619048,0.9148959722369909,0.9148959722369909,0.0
standard_dqn,814,94,120.66613951325417,112.5642271015048,38.05654587596655,82.6095934510231,1.7345373379066586,21886.18511581421,0.0,34.0,0.0,2.0,0.5702380952380952,0.8622328732162714,0.8622328732162714,0.0
standard_dqn,814,95,104.02523927390575,112.13280008867382,36.565809577703476,67.45943000912666,1.6443748008459806,20546.6563911438,0.0,30.0,0.0,0.0,0.5657142857142857,0.8135545533150434,0.8135545533150434,0.0
standard_dqn,814,96,109.385852009058,112.18652256935835,36.71992866694927,72.66592347621918,1.710908911190927,21421.630786895752,0.0,30.0,0.0,0.0,0.5611904761904762,0.7347044795751572,0.7347044795751572,0.0
standard_dqn,814,97,94.96609593331814,111.58141612544657,30.406703427433968,64.55939255058766,1.6005583936348557,17683.490756988525,0.0,28.0,0.0,2.0,0.5566666666666666,0.868957431986928,0.868957431986928,0.0
standard_dqn,814,98,93.72956924140453,110.56043674141169,33.352166786789894,60.37740267813206,1.5874602319672704,19115.410095214844,0.0,27.0,0.0,0.0,0.5521428571428572,0.8702908391132951,0.8702908391132951,0.0
standard_dqn,814,99,105.14312599003316,110.68831044197084,37.98228441178799,67.16084160804749,1.749638145789504,21883.700092315674,0.0,28.0,0.0,1.0,0.5476190476190477,0.779367670416832,0.779367670416832,0.0
standard_dqn,814,100,109.67065442502499,110.36447605371477,34.08990994095802,75.58074488639832,1.6631702752783895,19461.97227859497,0.0,34.0,0.0,1.0,0.5430952380952381,0.5852189380675554,0.5852189380675554,0.0
standard_dqn,814,101,101.19229593873024,109.95543554082515,35.74993220716715,65.44236385822296,1.6313784839585423,20271.86432647705,0.0,30.0,0.0,0.0,0.5385714285714286,0.893742635846138,0.893742635846138,0.0
standard_dqn,814,102,85.26387772709131,108.25273077704014,30.893764443695545,54.370113626122475,1.5089239440858364,17175.231117248535,0.0,25.0,0.0,0.0,0.5340476190476191,0.9255390949547291,0.9255390949547291,0.0
standard_dqn,814,103,100.01749258637429,107.62598188243808,36.3417516797781,63.67574075758457,1.6741821859031916,20649.318435668945,0.0,29.0,0.0,1.0,0.5295238095238095,0.7788213174790144,0.7788213174790144,0.0
standard_dqn,814,104,109.72253625988961,107.8668093904108,35.810901433229446,73.91163482666016,1.72213966678828,21030.521167755127,0.0,32.0,0.0,2.0,0.525,0.7505794782191515,0.7505794782191515,0.0
standard_dqn,814,105,109.69805552959443,107.47236489094796,38.27803483605385,71.42002060413361,1.747330205515027,22007.45429611206,0.0,32.0,0.0,1.0,0.5204761904761905,0.8916186988353729,0.8916186988353729,0.0
standard_dqn,814,106,113.60416632890701,107.43896819017827,40.131130024790764,73.47303605079651,1.7393518146127462,22594.56592941284,0.0,32.0,0.0,0.0,0.5159523809523809,1.0084504336118698,1.0084504336118698,0.0
standard_dqn,814,107,120.84031000733376,108.11230677805843,38.63945871591568,82.2008515894413,1.7544492045417428,21610.601097106934,0.0,34.0,0.0,0.0,0.5114285714285716,0.8025081567466259,0.8025081567466259,0.0
standard_dqn,814,108,88.91701228320599,106.63799608983099,33.154233522713184,55.76277911067009,1.5394945163279772,18977.523864746094,0.0,27.0,0.0,1.0,0.506904761904762,0.7235197238624096,0.7235197238624096,0.0
standard_dqn,814,109,117.23804378509521,105.94141227401795,38.008119605481625,79.22992424666882,1.7716226251795888,22220.540100097656,0.0,33.0,0.0,0.0,0.5023809523809524,1.1755038350820541,1.1755038350820541,0.0
standard_dqn,814,110,114.2446653842926,105.95257387138903,36.38652837276459,77.8581364005804,1.7289021061733365,21520.252449035645,0.0,33.0,0.0,0.0,0.4978571428571429,0.8040680438280106,0.8040680438280106,0.0
standard_dqn,814,111,102.43949282169342,105.74259581692517,36.140342839062214,66.29915019869804,1.6478250911459327,20405.714462280273,0.0,29.0,0.0,1.0,0.4933333333333334,0.8620439320802689,0.8620439320802689,0.0
standard_dqn,814,112,114.2264996767044,105.97546274863184,37.53988233208656,76.68661797046661,1.764221671037376,21907.33358001709,0.0,33.0,0.0,0.0,0.4888095238095238,0.8153844196349382,0.8153844196349382,0.0
standard_dqn,814,113,108.21508678197861,106.16031057484449,36.21286407858133,72.0022228896618,1.6765915621072054,20475.451698303223,0.0,32.0,0.0,1.0,0.4842857142857143,0.8804863393306732,0.8804863393306732,0.0
standard_dqn,814,114,106.82034301757812,105.46802075006069,36.616102427244186,70.20424050092697,1.6366827124729753,20241.741424560547,0.0,31.0,0.0,0.0,0.4797619047619047,1.0270521827042103,1.0270521827042103,0.0
standard_dqn,814,115,109.31405641138554,105.73246160693468,37.636341363191605,71.67771522700787,1.6487025450915098,21207.672779083252,0.0,31.0,0.0,0.0,0.47523809523809524,0.7081424780189991,0.7081424780189991,0.0
standard_dqn,814,116,102.30362332761288,105.37835017286241,36.324293345212936,65.97933059334756,1.6517942482605577,20522.12409210205,0.0,29.0,0.0,1.0,0.47071428571428575,1.0431337729096413,1.0431337729096413,0.0
standard_dqn,814,117,118.85155349969864,106.57262305118145,41.61633989214897,77.23521402478218,1.7705376166850328,23110.777221679688,0.0,33.0,0.0,0.0,0.46619047619047627,1.059331139549613,1.059331139549613,0.0
standard_dqn,814,118,107.92136273831129,107.2822127260268,38.76339142024517,69.15797251015901,1.6806609891355038,21439.390842437744,0.0,30.0,0.0,2.0,0.46166666666666667,0.8881329242140055,0.8881329242140055,0.0
standard_dqn,814,119,77.00746499150992,105.87542967610061,27.068841457366943,49.93862306475639,1.482849007472396,15338.997127532959,0.0,24.0,0.0,1.0,0.4571428571428572,0.9372500218451023,0.9372500218451023,0.0
standard_dqn,814,120,113.59679680466652,106.07173679508269,40.29017435759306,73.30662202239037,1.740961216390133,22643.222076416016,0.0,31.0,0.0,1.0,0.4526190476190477,0.7865376714617014,0.7865376714617014,0.0
standard_dqn,814,121,119.48453152179718,106.98634857423603,39.415482714772224,80.06904926896095,1.805397286079824,22758.441116333008,0.0,33.0,0.0,1.0,0.4480952380952381,0.8632239773869514,0.8632239773869514,0.0
standard_dqn,814,122,95.98005239069462,107.52215730741621,33.716572761535645,62.26347986757755,1.5670883702114224,18807.098415374756,0.0,29.0,0.0,1.0,0.4435714285714286,0.9614895693957806,0.9614895693957806,0.0
standard_dqn,814,123,101.70798207819462,107.60668178200721,36.474943682551384,65.2330384850502,1.656904756091535,20811.644020080566,0.0,29.0,0.0,0.0,0.439047619047619,0.8566697873175144,0.8566697873175144,0.0
standard_dqn,814,124,107.14272445440292,107.4776911917329,35.951494216918945,71.19122964143753,1.6439348543062806,19879.695819854736,0.0,31.0,0.0,1.0,0.43452380952380953,0.8219140004366636,0.8219140004366636,0.0
standard_dqn,814,125,110.47785137593746,107.51668098405003,34.46350246667862,76.01434901356697,1.7148473048582673,20365.040325164795,0.0,31.0,0.0,0.0,0.43000000000000005,1.1814657375216484,1.1814657375216484,0.0
standard_dqn,814,126,109.69228306412697,107.32108682081102,39.23636497557163,70.45591738820076,1.7621870413422585,22564.37054824829,0.0,31.0,0.0,0.0,0.42547619047619056,0.9623724855482578,0.9623724855482578,0.0
standard_dqn,814,127,101.83094491064548,106.37061856597661,35.11976009607315,66.7111858278513,1.6385090164840221,19846.06447982788,0.0,29.0,0.0,1.0,0.42095238095238097,1.1499779894948006,1.1499779894948006,0.0
standard_dqn,814,128,112.29988454282284,107.53976217895747,38.1653677970171,74.13451659679413,1.7217984348535538,21705.168113708496,0.0,31.0,0.0,1.0,0.41642857142857137,0.905658170580864,0.905658170580864,0.0
standard_dqn,814,129,120.46924138367176,107.70132205888629,42.005059480667114,78.46418205201626,1.7900381619110703,23624.439617156982,0.0,34.0,0.0,3.0,0.4119047619047619,0.9155985470861197,0.9155985470861197,0.0
standard_dqn,814,130,111.76894544214011,107.57753606177866,36.75192841887474,75.01701726913453,1.7126490082591772,20914.101680755615,0.0,32.0,0.0,2.0,0.4073809523809524,0.8327575009316206,0.8327575009316206,0.0
standard_dqn,814,131,98.57356371730566,107.38423960655928,36.98143570870161,61.59212785959244,1.5890946546569467,20523.662963867188,0.0,26.0,0.0,0.0,0.4028571428571429,0.9424491934478283,0.9424491934478283,0.0
standard_dqn,814,132,87.25938856601715,106.03588405102491,32.48486414551735,54.77452430129051,1.5165555365383625,17740.62777709961,0.0,25.0,0.0,0.0,0.39833333333333343,1.0901066213846207,1.0901066213846207,0.0
standard_dqn,814,133,96.39193482995033,105.4447264534235,35.832860097289085,60.559074866771695,1.6656628474593163,20351.158390045166,0.0,26.0,0.0,2.0,0.39380952380952383,1.0595401972532272,1.0595401972532272,0.0
standard_dqn,814,134,107.196672283113,105.46354291670025,34.37122472375631,72.82544809579849,1.646339519880712,19819.925037384033,0.0,30.0,0.0,0.0,0.38928571428571423,0.9674567319452763,0.9674567319452763,0.0
standard_dqn,814,135,94.52617743611336,104.72414896793661,32.344971507787704,62.18120561540127,1.6014361288398504,18268.39879989624,0.0,28.0,0.0,0.0,0.38476190476190475,0.8372300993651152,0.8372300993651152,0.0
standard_dqn,814,136,92.39766577780247,104.22885109044611,31.839614510536194,60.558051192760466,1.5501046190038323,17952.42170715332,0.0,26.0,0.0,1.0,0.38023809523809526,0.9060476683080196,0.9060476683080196,0.0
standard_dqn,814,137,120.79153473377228,104.3258501521498,41.490430638194084,79.30110400617123,1.805980283766985,23765.07780456543,0.0,34.0,0.0,3.0,0.3757142857142858,0.9983648974448442,0.9983648974448442,0.0
standard_dqn,814,138,87.47561924904585,103.30356297768654,30.435620062053204,57.039999306201935,1.4988468252122402,16740.365409851074,0.0,26.0,0.0,0.0,0.3711904761904763,0.9214080404490232,0.9214080404490232,0.0
standard_dqn,814,139,86.21845335513353,103.76411239586771,32.858286418020725,53.360166907310486,1.5074364561587572,17897.29963684082,0.0,24.0,0.0,0.0,0.3666666666666667,0.8696357272565365,0.8696357272565365,0.0
standard_dqn,814,140,82.08656651079654,102.18860088117421,29.04091128706932,53.04565514922142,1.5474986927583814,17054.319595336914,0.0,25.0,0.0,2.0,0.3621428571428572,0.9053490199148655,0.9053490199148655,0.0
standard_dqn,814,141,93.79711654782295,100.90423013247549,32.92036900669336,60.87674753367901,1.5718016205355525,18374.880374908447,0.0,28.0,0.0,0.0,0.3576190476190476,0.9988884460180998,0.9988884460180998,0.0
standard_dqn,814,142,84.42688289284706,100.32657165758312,29.8562770485878,54.570605635643005,1.5363212572410703,16996.87664794922,0.0,26.0,0.0,0.0,0.35309523809523813,0.975132780149579,0.975132780149579,0.0
standard_dqn,814,143,93.74379648417235,99.928362377882,33.000817224383354,60.74297962486744,1.5944976303726435,18585.5887298584,0.0,28.0,0.0,1.0,0.34857142857142864,0.8606558386236429,0.8606558386236429,0.0
standard_dqn,814,144,120.2707656621933,100.58476443827153,42.228523805737495,78.04224225878716,1.7997298939153552,23672.2813911438,0.0,33.0,0.0,0.0,0.34404761904761905,0.8568714931607246,0.8568714931607246,0.0
standard_dqn,814,145,116.86613906919956,100.90417882293464,39.48602940142155,77.3801092505455,1.8437502020969987,23280.692253112793,0.0,33.0,0.0,0.0,0.33952380952380956,0.9364494979381561,0.9364494979381561,0.0
standard_dqn,814,146,94.41942536085844,100.1405359377712,34.12288720160723,60.29653826355934,1.5989679247140884,18789.899856567383,0.0,27.0,0.0,0.0,0.3350000000000001,1.0763059668242931,1.0763059668242931,0.0
standard_dqn,814,147,95.48663072288036,99.82332022838294,35.24420899897814,60.242422118783,1.5969739789143205,19154.221870422363,0.0,27.0,0.0,0.0,0.3304761904761905,0.9444145187735558,0.9444145187735558,0.0
standard_dqn,814,148,94.98367483317853,98.95750974290074,32.40185695886612,62.58181788921356,1.6058778027072549,18496.423301696777,0.0,27.0,0.0,2.0,0.325952380952381,1.1386100966483355,1.1386100966483355,0.0
standard_dqn,814,149,94.75968522578478,97.67203193500639,35.90377316623926,58.85591195523739,1.647103725001216,20023.447597503662,0.0,27.0,0.0,0.0,0.3214285714285714,1.0292451232671738,1.0292451232671738,0.0
standard_dqn,814,150,106.0491492152214,97.38604212366045,36.62972903251648,69.41941964626312,1.6837198100984097,20413.406593322754,0.0,30.0,0.0,0.0,0.3169047619047619,0.8498142659664154,0.8498142659664154,0.0
standard_dqn,814,151,98.37940070033073,97.3763339728117,35.47545389831066,62.90394714474678,1.6580864200368524,20435.60673904419,0.0,27.0,0.0,0.0,0.3123809523809524,0.8119813427329063,0.8119813427329063,0.0
standard_dqn,814,152,92.19331286251546,97.62303018763662,31.09480883181095,61.09850407540798,1.5398316644132137,17336.759468078613,0.0,28.0,0.0,2.0,0.30785714285714294,0.8867589551955462,0.8867589551955462,0.0
standard_dqn,814,153,98.61752336025238,97.73430961415173,33.76698127388954,64.85054187774658,1.681878830306232,19718.67195892334,0.0,29.0,0.0,4.0,0.30333333333333345,0.9708562102168798,0.9708562102168798,0.0
standard_dqn,814,154,104.12831744700671,97.58089187234641,34.50287255644798,69.62544448077679,1.617923365905881,18910.31781387329,0.0,31.0,0.0,1.0,0.29880952380952375,1.198220793157816,1.198220793157816,0.0
standard_dqn,814,155,103.15431975126266,98.01229898810386,33.81502618640661,69.33929372131824,1.6408276474103332,19003.15235519409,0.0,31.0,0.0,2.0,0.29428571428571426,0.9878516960889101,0.9878516960889101,0.0
standard_dqn,814,156,105.94310866296291,98.68957113236188,37.15461605787277,68.78849241137505,1.6693302784115076,20596.002460479736,0.0,30.0,0.0,1.0,0.2897619047619048,1.3315716609358788,1.3315716609358788,0.0
standard_dqn,814,157,99.23997832983733,97.61199331216515,32.036366783082485,67.20361139774323,1.6314866412431002,18865.40623474121,0.0,28.0,0.0,2.0,0.2852380952380953,1.1538427919149399,1.1538427919149399,0.0
standard_dqn,814,158,103.68706408441066,98.42256555393338,34.030388459563255,69.65667525231838,1.6703006597235799,19504.76263809204,0.0,30.0,0.0,3.0,0.2807142857142858,0.9602085463702679,0.9602085463702679,0.0
standard_dqn,814,159,100.70634146034718,99.14695995919406,36.229581102728844,64.47676040232182,1.6097952844575047,19868.235752105713,0.0,29.0,0.0,1.0,0.2761904761904763,1.1721119284629822,1.1721119284629822,0.0
standard_dqn,814,160,94.1075314372778,99.74800820551813,33.511902682483196,60.595628374814986,1.574511301703751,18874.27244567871,0.0,26.0,0.0,1.0,0.2716666666666666,1.001163400709629,1.001163400709629,0.0
standard_dqn,814,161,104.99352577626705,100.30782866694032,36.664980694651604,68.32854470908642,1.676963477395475,20462.674728393555,0.0,29.0,0.0,3.0,0.2671428571428571,0.9590073302388191,0.9590073302388191,0.0
standard_dqn,814,162,105.07863337695599,101.34041619114579,36.67127337306738,68.40735987722874,1.6816970631480217,20544.5805644989,0.0,30.0,0.0,1.0,0.26261904761904764,0.8442405667155981,0.8442405667155981,0.0
standard_dqn,814,163,95.61655456572771,101.43405409522356,32.99035035818815,62.626203924417496,1.5599599163979292,18331.393928527832,0.0,27.0,0.0,1.0,0.25809523809523816,0.9703602474182844,0.9703602474182844,0.0
standard_dqn,814,164,113.0370832234621,101.072369973287,35.46854631602764,77.56853732466698,1.8089619250968099,21181.80103302002,0.0,31.0,0.0,1.0,0.25357142857142867,1.0414885021746159,1.0414885021746159,0.0
standard_dqn,814,165,87.00673554241658,99.57939979694785,33.34729366004467,53.65944232940674,1.5659811720252037,18518.17432785034,0.0,25.0,0.0,1.0,0.24904761904761907,0.9879970662295818,0.9879970662295818,0.0
standard_dqn,814,166,69.95877865850926,98.35636746183039,27.199087545275688,42.75969121754169,1.4412321224808693,14880.903816223145,0.0,21.0,0.0,1.0,0.2445238095238096,0.99942272529006,0.99942272529006,0.0
standard_dqn,814,167,106.68023420274258,98.9160476358235,34.812576934695244,71.8676573574543,1.6644692877307534,19881.39817047119,0.0,29.0,0.0,3.0,0.24,1.1502237878739834,1.1502237878739834,0.0
standard_dqn,814,168,85.95864407122136,98.46479609772565,30.502614699304104,55.45602915585041,1.5368804950267076,17066.788242340088,0.0,26.0,0.0,2.0,0.2354761904761905,1.2747970558702946,1.2747970558702946,0.0
standard_dqn,814,169,97.50884717702866,98.60225419528784,32.494337767362595,65.0145093947649,1.624977407976985,18409.270835876465,0.0,30.0,0.0,0.0,0.23095238095238102,1.3130713514983654,1.3130713514983654,0.0
standard_dqn,814,170,98.12545579969883,98.2060695245117,35.62421667575836,62.501238885521886,1.6436603050678968,20065.90358734131,0.0,27.0,0.0,3.0,0.22642857142857142,0.9538241382688284,0.9538241382688284,0.0
standard_dqn,814,171,112.42672714591026,98.90843584679068,38.29412607103586,74.13260132074356,1.681232362985611,21389.4979095459,0.0,32.0,0.0,1.0,0.22190476190476194,1.2344651222229004,1.2344651222229004,0.0
standard_dqn,814,172,85.17453522980213,98.55749696515501,29.334990657866,55.839544370770454,1.5449520321562886,16770.824424743652,0.0,26.0,0.0,0.0,0.21738095238095245,1.1858334839344025,1.1858334839344025,0.0
standard_dqn,814,173,93.57920306921005,98.30558095060289,33.30620573461056,60.27299718558788,1.597178217023611,18360.940101623535,0.0,27.0,0.0,0.0,0.21285714285714286,1.302799716591835,1.302799716591835,0.0
standard_dqn,814,174,92.26682531982661,97.71250634424389,30.745570801198483,61.52125428020954,1.542164578102529,17197.74275970459,0.0,28.0,0.0,1.0,0.20833333333333337,1.1340287514030933,1.1340287514030933,0.0
standard_dqn,814,175,84.79908995330334,96.79474485434592,28.972180426120758,55.82690981030464,1.522959167137742,16460.69899749756,0.0,26.0,0.0,0.0,0.20380952380952377,1.3936719968914986,1.3936719968914986,0.0
standard_dqn,814,176,103.70105063319207,96.68264195285738,35.557211235165596,68.14383899569512,1.6612039348110557,19873.737941741943,0.0,30.0,0.0,1.0,0.1992857142857143,1.0818185955286026,1.0818185955286026,0.0
standard_dqn,814,177,94.59104226529598,96.45019514963032,32.544177144765854,62.046865701675415,1.5982348825782537,18273.219661712646,0.0,27.0,0.0,0.0,0.1947619047619048,1.2605696897953749,1.2605696897953749,0.0
standard_dqn,814,178,96.70296887755394,96.10099038928749,33.291237719357014,63.41173138916493,1.5916898669674993,18551.148109436035,0.0,28.0,0.0,5.0,0.19023809523809532,1.079489292576909,1.079489292576909,0.0
standard_dqn,814,179,92.640663446486,95.69770648859443,31.710758581757545,60.92990490198135,1.5793223874643445,17913.62584877014,0.0,27.0,0.0,1.0,0.18571428571428583,1.262787688523531,1.262787688523531,0.0
standard_dqn,814,180,95.4628705918789,95.76547344632448,32.33468119800091,63.12818890213966,1.5638569397851825,17926.18759727478,0.0,29.0,0.0,1.0,0.18119047619047624,1.0925689991563559,1.0925689991563559,0.0
standard_dqn,814,181,93.42646292895078,95.18712030395866,31.10363805294037,62.322824630141255,1.5907372161746025,17675.773513793945,0.0,29.0,0.0,2.0,0.17666666666666664,0.9317096695303917,0.9317096695303917,0.0
standard_dqn,814,182,80.75794503092766,93.97108588665725,29.529009833931923,51.22893524169922,1.504517087712884,16709.386365890503,0.0,23.0,0.0,0.0,0.17214285714285715,0.96012126468122,0.96012126468122,0.0
standard_dqn,814,183,105.87178578972816,94.48384744785727,35.965279042720795,69.90650653839111,1.6705540036782622,19919.204082489014,0.0,30.0,0.0,1.0,0.16761904761904767,1.0929830968379974,1.0929830968379974,0.0
standard_dqn,814,184,98.64242372810841,93.76411447308958,33.38658294826746,65.25584075748921,1.6578635219484568,19125.569751739502,0.0,28.0,0.0,1.0,0.16309523809523818,1.0773435644805431,1.0773435644805431,0.0
standard_dqn,814,185,73.16075352728367,93.07181537233294,26.753168918192387,46.407584929466246,1.4292352916672826,14507.234508514404,0.0,23.0,0.0,1.0,0.1585714285714287,1.0217820834368467,1.0217820834368467,0.0
standard_dqn,814,186,83.53876386880874,93.75081463284792,31.68104163557291,51.85772206187248,1.54065996222198,17456.816986083984,0.0,24.0,0.0,2.0,0.1540476190476191,1.033670911565423,1.033670911565423,0.0
standard_dqn,814,187,107.55256933271885,93.79443138934673,36.944553911685944,70.60801463127136,1.6827839072793722,20520.117809295654,0.0,30.0,0.0,2.0,0.1495238095238095,1.2474996373057365,1.2474996373057365,0.0
standard_dqn,814,188,108.13680279999971,94.90333932578564,36.298845149576664,71.83795727789402,1.6826110780239105,20326.09552001953,0.0,31.0,0.0,1.0,0.14500000000000002,1.115834267809987,1.115834267809987,0.0
standard_dqn,814,189,87.34628714770079,94.39521132431925,29.34355168789625,58.00273507237434,1.4976313654333353,16153.722791671753,0.0,27.0,0.0,2.0,0.14047619047619053,1.24457679502666,1.24457679502666,0.0
standard_dqn,814,190,93.17708251029254,94.14779265984893,34.65235214680433,58.524730110168456,1.6226230058819056,18870.824697494507,0.0,26.0,0.0,3.0,0.13595238095238105,1.1414972208440304,1.1414972208440304,0.0
standard_dqn,814,191,104.27712145745754,93.7403123754263,36.73091992735863,67.54620109796524,1.7189478762447834,20815.108894348145,0.0,29.0,0.0,2.0,0.13142857142857145,0.984389515593648,0.984389515593648,0.0
standard_dqn,814,192,88.46049661934376,93.90461044490338,32.071955889463425,56.3885415494442,1.5954847056418657,18176.44496536255,0.0,26.0,0.0,0.0,0.12690476190476196,1.1760838069021702,1.1760838069021702,0.0
standard_dqn,814,193,85.77173465490341,93.51423702418805,31.433744803071022,54.33799012005329,1.525373637676239,17085.281379699707,0.0,24.0,0.0,1.0,0.12238095238095237,1.0302644558250904,1.0302644558250904,0.0
standard_dqn,814,194,95.78107337057591,93.68994942672552,32.96732457727194,62.81374823451042,1.5811923677101731,18286.58464050293,0.0,28.0,0.0,1.0,0.11785714285714288,0.9990261793136597,0.9990261793136597,0.0
standard_dqn,814,195,73.48975350856782,93.12448260448875,28.890762463212013,44.59899106025696,1.5036888970062137,15975.064807891846,0.0,22.0,0.0,1.0,0.1133333333333334,1.3936661407351494,1.3936661407351494,0.0
standard_dqn,814,196,95.94500137865543,92.73668014176192,34.45287746936083,61.49212348461151,1.6310631865635514,18896.38938140869,0.0,28.0,0.0,0.0,0.1088095238095238,1.0802182536572218,1.0802182536572218,0.0
standard_dqn,814,197,78.60336293280125,91.93729617513716,28.7772373855114,49.82612559199333,1.48347607254982,15698.249921798706,0.0,24.0,0.0,0.0,0.10428571428571431,1.1760882250964642,1.1760882250964642,0.0
standard_dqn,814,198,84.50766161829233,91.32753081217409,32.179555870592594,52.32810564339161,1.58150446228683,17767.908699035645,0.0,24.0,0.0,1.0,0.09976190476190483,0.9933266863226891,0.9933266863226891,0.0
standard_dqn,814,199,91.81188786774874,91.28609203323722,32.20853118598461,59.603356912732124,1.5975089194253087,18543.997327804565,0.0,28.0,0.0,0.0,0.09523809523809534,1.2509950920939445,1.2509950920939445,0.0
standard_dqn,814,200,84.86566632986069,90.7562318201363,31.588596537709236,53.27707016468048,1.5538818128407001,17421.37015724182,0.0,24.0,0.0,0.0,0.09071428571428575,1.2428666837513447,1.2428666837513447,0.0
standard_dqn,814,201,91.83797866106033,90.67680760674179,31.99756294488907,59.84041544795036,1.5754510713741183,17701.3800239563,0.0,27.0,0.0,0.0,0.08619047619047626,0.9400315191596746,0.9400315191596746,0.0
standard_dqn,814,202,80.63281232267619,90.67055097132922,29.96082343906164,50.671988704800604,1.5233011934906244,16310.088563919067,0.0,23.0,0.0,1.0,0.08166666666666667,1.5426820889115334,1.5426820889115334,0.0
standard_dqn,814,203,84.01409774422646,89.57766656905414,31.551823392510414,52.46227484345436,1.5642060423269868,17480.891571044922,0.0,24.0,0.0,1.0,0.07714285714285718,1.4038271196186543,1.4038271196186543,0.0
standard_dqn,814,204,92.63484774529934,89.27728776991368,31.434619650244713,61.20022839307785,1.5614607920870185,17391.95517730713,0.0,28.0,0.0,0.0,0.0726190476190477,1.1095004621893167,1.1095004621893167,0.0
standard_dqn,814,205,87.26246836185456,89.98237351164224,31.490950129926205,55.771518447995184,1.5503760296851397,17396.765954971313,0.0,26.0,0.0,1.0,0.06809523809523821,1.1816184613853693,1.1816184613853693,0.0
standard_dqn,814,206,79.75464640557766,89.79316763848067,29.804747998714447,49.94989836215973,1.5137586537748575,16683.75302696228,0.0,23.0,0.0,1.0,0.06357142857142861,1.193883778527379,1.193883778527379,0.0
standard_dqn,814,207,90.84817210137844,88.95794777691364,32.261977806687355,58.586194562911984,1.5989188803359866,18039.718349456787,0.0,26.0,0.0,2.0,0.059047619047619015,1.0267788115888834,1.0267788115888834,0.0
standard_dqn,814,208,92.52399456501007,88.17730736516417,31.782719492912292,60.74127501249313,1.5901482412591577,18174.270278930664,0.0,27.0,0.0,0.0,0.05452380952380953,1.2167929634451866,1.2167929634451866,0.0
standard_dqn,814,209,85.70802796632051,88.09539440609515,31.257396817207336,54.45063054561615,1.566284921951592,17101.45708465576,0.0,27.0,0.0,0.0,0.050000000000000044,1.3190687764436007,1.3190687764436007,0.0
standard_dqn,814,210,99.69087038338185,88.42108379974962,36.61117061972618,63.079700449109076,1.6679016975685954,20066.530937194824,0.0,29.0,0.0,1.0,0.050000000000000044,1.0675953850150108,1.0675953850150108,0.0
standard_dqn,814,211,88.2872044235468,87.6215879480541,31.717324048280716,56.56988104581833,1.5847683101892471,17853.50049972534,0.0,26.0,0.0,1.0,0.050000000000000044,1.18855856731534,1.18855856731534,0.0
standard_dqn,814,212,79.63320826292038,87.18022353023292,28.81680192798376,50.816406580805776,1.506477251648903,15909.236389160156,0.0,24.0,0.0,2.0,0.050000000000000044,1.1065441966056824,1.1065441966056824,0.0
standard_dqn,814,213,72.38886578530074,86.51108008675278,27.347676679491997,45.04118906855583,1.4710225379094481,15013.062004089355,0.0,21.0,0.0,1.0,0.050000000000000044,0.9984429124742746,0.9984429124742746,0.0
standard_dqn,814,214,84.11378242820501,85.92771553963425,29.836614817380905,54.277166932821274,1.5189441610127687,16304.583282470703,0.0,25.0,0.0,1.0,0.050000000000000044,1.175728715956211,1.175728715956211,0.0
standard_dqn,814,215,100.61964676082134,87.28421020224691,30.87076760828495,69.74887913763523,1.635704930871725,18063.79172897339,0.0,29.0,0.0,2.0,0.050000000000000044,1.1274589709937572,1.1274589709937572,0.0
standard_dqn,814,216,82.35219969898462,86.60457011826337,29.390462033450603,52.96173811256885,1.4997823275625706,16024.532932281494,0.0,24.0,0.0,2.0,0.050000000000000044,1.0126222353428602,1.0126222353428602,0.0
standard_dqn,814,217,63.16892225295305,85.83284808427095,26.875076837837696,36.29384534060955,1.4254221497103572,14460.187906265259,0.0,19.0,0.0,0.0,0.050000000000000044,1.0631887838244438,1.0631887838244438,0.0
standard_dqn,814,218,78.15621113032103,85.51527555987238,27.295683681964874,50.860527232289314,1.4360391749069095,14770.7522315979,0.0,26.0,0.0,1.0,0.050000000000000044,1.1028681453317404,1.1028681453317404,0.0
standard_dqn,814,219,90.08247284591198,85.42880480878055,31.700290858745575,58.38218228518963,1.5720281153917313,17486.81276702881,0.0,27.0,0.0,0.0,0.050000000000000044,1.228413239121437,1.228413239121437,0.0
standard_dqn,814,220,87.77251680344344,85.5741473324597,30.814535669982433,56.957980611920355,1.5308697959408164,16862.522289276123,0.0,26.0,0.0,1.0,0.050000000000000044,1.2652380112558603,1.2652380112558603,0.0
standard_dqn,814,221,86.34552620351315,85.29952470958234,30.846840903162956,55.49868491292,1.5642473017796874,17361.69488143921,0.0,24.0,0.0,1.0,0.050000000000000044,1.238348513841629,1.238348513841629,0.0
standard_dqn,814,222,82.25460660457611,85.38061442367733,27.97456904500723,54.28003752231598,1.4609913090243936,15337.561428070068,0.0,24.0,0.0,0.0,0.050000000000000044,1.1310956552624702,1.1310956552624702,0.0
standard_dqn,814,223,87.11655104905367,85.5357370889187,30.84030071645975,56.27625025808811,1.566012006253004,17170.087116241455,0.0,26.0,0.0,1.0,0.050000000000000044,1.1142487786710262,1.1142487786710262,0.0
standard_dqn,814,224,86.15510004758835,85.21174970403314,30.719275817275047,55.43582394719124,1.5400457819923759,16999.979040145874,0.0,25.0,0.0,0.0,0.050000000000000044,1.5530070085078478,1.5530070085078478,0.0
standard_dqn,814,225,91.44495722651482,85.42087414726616,32.187703974545,59.257252871990204,1.5859630210325122,17933.25288963318,0.0,27.0,0.0,1.0,0.050000000000000044,1.3534407801926136,1.3534407801926136,0.0
standard_dqn,814,226,99.70073328316212,86.41817849114537,35.204770147800446,64.49596279263497,1.6709283459931612,19853.786394119263,0.0,29.0,0.0,1.0,0.050000000000000044,1.3208224549889565,1.3208224549889565,0.0
standard_dqn,814,227,76.17734658122063,85.68463721513749,29.394712194800377,46.78263429701328,1.4906037840992212,15964.28341293335,0.0,23.0,0.0,1.0,0.050000000000000044,1.4453816544264555,1.4453816544264555,0.0
standard_dqn,814,228,91.80961749702692,85.64891836173834,31.70651762932539,60.10309973359108,1.5624109506607056,17418.78643798828,0.0,26.0,0.0,0.0,0.050000000000000044,1.4765494801104069,1.4765494801104069,0.0
standard_dqn,814,229,93.20012739300728,86.02352333307267,33.06713153421879,60.13299572467804,1.5889353770762682,18408.482067108154,0.0,28.0,0.0,2.0,0.050000000000000044,1.2682815603911877,1.2682815603911877,0.0
standard_dqn,814,230,80.74813492745162,85.07638656027616,29.698872081935406,51.04926281571388,1.4945736210793257,16374.960485458374,0.0,24.0,0.0,1.0,0.050000000000000044,1.5460444781929255,1.5460444781929255,0.0
standard_dqn,814,231,103.03430615365505,85.81374164678157,34.35060281306505,68.68370281159878,1.6319535709917545,19183.501068115234,0.0,30.0,0.0,0.0,0.050000000000000044,1.32087217643857,1.32087217643857,0.0
standard_dqn,814,232,98.73045026808977,86.76860374704003,32.65055753290653,66.07989313006401,1.5649062152951956,18047.11598968506,0.0,30.0,0.0,2.0,0.050000000000000044,1.2864530198276043,1.2864530198276043,0.0
standard_dqn,814,233,95.50101079046726,87.92421099729837,33.26488082110882,62.23612980544567,1.6188770681619644,18490.120586395264,0.0,29.0,0.0,0.0,0.050000000000000044,1.1989229302853346,1.1989229302853346,0.0
standard_dqn,814,234,86.13277997374534,88.02516087457538,29.57278646528721,56.559993255138394,1.5180513532832265,16286.725002288818,0.0,26.0,0.0,2.0,0.050000000000000044,1.4485657084733248,1.4485657084733248,0.0
standard_dqn,814,235,100.26798568665981,88.0075778208673,32.05548983812332,68.21249631047249,1.5935281123965979,17954.43263053894,0.0,30.0,0.0,0.0,0.050000000000000044,1.3506864979863167,1.3506864979863167,0.0
standard_dqn,814,236,71.66550771892071,87.47324322186411,27.519303746521473,44.146204233169556,1.4482865072786808,15144.267486572266,0.0,22.0,0.0,1.0,0.050000000000000044,0.8877981193363667,0.8877981193363667,0.0
standard_dqn,814,237,95.05265195667744,89.06742970705032,32.77721621096134,62.275436490774155,1.605546929873526,18240.701599121094,0.0,28.0,0.0,0.0,0.050000000000000044,1.4044792130589485,1.4044792130589485,0.0
standard_dqn,814,238,86.88251496255398,89.50374489866198,31.20742815732956,55.67508644759655,1.5553442658856511,17287.010482788086,0.0,26.0,0.0,1.0,0.050000000000000044,1.2399306558072567,1.2399306558072567,0.0
standard_dqn,814,239,91.71517644822598,89.58538007877767,31.30334521830082,60.41183100640774,1.5517413625493646,17072.705375671387,0.0,28.0,0.0,1.0,0.050000000000000044,1.3652694914489985,1.3652694914489985,0.0
standard_dqn,814,240,97.10513703078031,90.05201109014452,31.29461669921875,65.81052072644233,1.5930722765624523,17582.042972564697,0.0,30.0,0.0,5.0,0.050000000000000044,1.114453461021185,1.114453461021185,0.0
standard_dqn,814,241,81.32258808612823,89.80086418427528,30.543990686535835,50.778597727417946,1.5207539992406964,16769.94366455078,0.0,24.0,0.0,1.0,0.050000000000000044,1.2884666100144386,1.2884666100144386,0.0
standard_dqn,814,242,84.30080565214158,89.90317413665355,29.602625750005245,54.6981803715229,1.4972165012732148,16161.615863800049,0.0,24.0,0.0,1.0,0.050000000000000044,1.3331857360899448,1.3331857360899448,0.0
standard_dqn,814,243,94.72270423918962,90.28348179616034,30.61261995881796,64.11008405685425,1.6125621479004622,17716.921955108643,0.0,27.0,0.0,1.0,0.050000000000000044,1.0364310145378113,1.0364310145378113,0.0
standard_dqn,814,244,88.97791853547096,90.42462272055448,32.24603573977947,56.73188239336014,1.5854684263467789,17854.058712005615,0.0,26.0,0.0,0.0,0.050000000000000044,1.0458126850426197,1.0458126850426197,0.0
standard_dqn,814,245,82.05270176529885,89.95500994749368,29.72079223394394,52.33190923333168,1.4953533671796322,16177.584632873535,0.0,25.0,0.0,1.0,0.050000000000000044,1.5253596901893616,1.5253596901893616,0.0
standard_dqn,814,246,88.09416931122541,89.37468174889685,32.38048955053091,55.71367993950844,1.5797825576737523,17969.845191955566,0.0,26.0,0.0,0.0,0.050000000000000044,1.0849642679095268,1.0849642679095268,0.0
standard_dqn,814,247,75.67995374202728,89.34981210693716,29.62507176399231,46.05488184392452,1.4915792029350996,16301.400749206543,0.0,21.0,0.0,2.0,0.050000000000000044,1.2647674828767776,1.2647674828767776,0.0
standard_dqn,814,248,76.80334374606609,88.59949841938914,27.69610136002302,49.1072422593832,1.443568991497159,15185.586269378662,0.0,24.0,0.0,2.0,0.050000000000000044,1.1904717199504375,1.1904717199504375,0.0
standard_dqn,814,249,80.12838466614485,87.945911283046,27.417567677795887,52.71081649661064,1.4639531830325723,15083.548324584961,0.0,24.0,0.0,1.0,0.050000000000000044,1.3292681314051151,1.3292681314051151,0.0
standard_dqn,814,250,73.20990089327097,87.56899958133697,29.92676169425249,43.28313918411732,1.5149531848728657,16571.934356689453,0.0,21.0,0.0,0.0,0.050000000000000044,1.3432754464447498,1.3432754464447498,0.0
standard_dqn,814,251,91.61700361967087,86.99813445463778,31.576722145080566,60.0402812063694,1.5700849872082472,17347.31085205078,0.0,26.0,0.0,0.0,0.050000000000000044,1.3205130491405725,1.3205130491405725,0.0
standard_dqn,814,252,87.32768272608519,86.42799607753754,30.503511853516102,56.82417072355747,1.533830746077001,16842.033977508545,0.0,27.0,0.0,0.0,0.050000000000000044,1.2528142258524895,1.2528142258524895,0.0
standard_dqn,814,253,96.64515608549118,86.48520334228873,32.57144785672426,64.07370854914188,1.617668000049889,18336.015056610107,0.0,27.0,0.0,0.0,0.050000000000000044,1.3716248571872711,1.3716248571872711,0.0
standard_dqn,814,254,87.0985120087862,86.53348994404078,32.18206222355366,54.91645002365112,1.5441813990473747,17416.872257232666,0.0,26.0,0.0,0.0,0.050000000000000044,1.161803686991334,1.161803686991334,0.0
standard_dqn,814,255,92.13901968300343,86.12704164385795,30.220042645931244,61.91897734999657,1.5768661173060536,17054.925872802734,0.0,27.0,0.0,0.0,0.050000000000000044,1.2715065479278564,1.2715065479278564,0.0
standard_dqn,814,256,81.17138577401639,86.60233554661275,29.736592531204224,51.43479340672493,1.4917408106848598,16091.504669189453,0.0,23.0,0.0,2.0,0.050000000000000044,1.2749913036823273,1.2749913036823273,0.0
standard_dqn,814,257,82.67809539288282,85.98360771842302,29.347343869507313,53.33075186610222,1.497896053828299,16087.97338104248,0.0,24.0,0.0,0.0,0.050000000000000044,1.3648809120059013,1.3648809120059013,0.0
standard_dqn,814,258,90.53833722472191,86.16639883153141,32.044346801936626,58.493989968299864,1.5486481292173266,17747.462284088135,0.0,26.0,0.0,1.0,0.050000000000000044,1.0500266142189503,1.0500266142189503,0.0
standard_dqn,814,259,84.72045885920525,85.81666295208038,32.673366382718086,52.0470925360918,1.5696197990328074,17993.94366455078,0.0,23.0,0.0,1.0,0.050000000000000044,1.2983874566853046,1.2983874566853046,0.0
standard_dqn,814,260,91.28635986447334,85.52572409376502,32.1489480137825,59.13741173148155,1.5654831621795893,17889.96169281006,0.0,27.0,0.0,2.0,0.050000000000000044,1.3074055351316929,1.3074055351316929,0.0
standard_dqn,814,261,89.94976361095905,85.95708287000657,31.94076805561781,58.00899517536163,1.568690948188305,17821.503440856934,0.0,25.0,0.0,0.0,0.050000000000000044,1.1334145162254572,1.1334145162254572,0.0
standard_dqn,814,262,92.43254056870937,86.36366961583494,29.923816837370396,62.50872327685356,1.5112213613465428,16299.022373199463,0.0,28.0,0.0,2.0,0.050000000000000044,1.1917796339839697,1.1917796339839697,0.0
standard_dqn,814,263,77.3833172261715,85.49670026518405,30.242113426327705,47.141204157471655,1.5221137627959251,16835.06800842285,0.0,22.0,0.0,2.0,0.050000000000000044,1.1242521461099386,1.1242521461099386,0.0
standard_dqn,814,264,83.37915866971016,85.21676227189602,29.031297340989113,54.347861328721045,1.510646547190845,16287.297149658203,0.0,25.0,0.0,2.0,0.050000000000000044,1.4899662025272846,1.4899662025272846,0.0
standard_dqn,814,265,89.68977428972721,85.59861589811743,31.229485414922237,58.46028907597065,1.5734823839738965,17805.068244934082,0.0,28.0,0.0,0.0,0.050000000000000044,1.2663859650492668,1.2663859650492668,0.0
standard_dqn,814,266,85.96526877582073,85.4921708713472,31.481939613819122,54.48332969844341,1.5635640136897564,18047.288692474365,0.0,25.0,0.0,0.0,0.050000000000000044,1.1015455517917871,1.1015455517917871,0.0
standard_dqn,814,267,75.68966839760542,85.4926566041261,28.90485443174839,46.784814077615735,1.4889487940818071,16045.482683181763,0.0,23.0,0.0,3.0,0.050000000000000044,1.85485178232193,1.85485178232193,0.0
standard_dqn,814,268,73.62548576444388,85.33376370504499,26.460660569369793,47.16482509076595,1.4667973136529326,15020.057689666748,0.0,22.0,0.0,1.0,0.050000000000000044,1.1743389926850796,1.1743389926850796,0.0
standard_dqn,814,269,106.39514076113701,86.6471015097946,36.026794880628586,70.3683457762003,1.6768240397796035,19926.679595947266,0.0,30.0,0.0,1.0,0.050000000000000044,1.450060861185193,1.450060861185193,0.0
standard_dqn,814,270,87.7191690593958,87.37256491810084,30.839052751660347,56.880116605758666,1.553198636509478,17491.0174407959,0.0,27.0,0.0,2.0,0.050000000000000044,1.3493197560310364,1.3493197560310364,0.0
standard_dqn,814,271,89.42696250230074,87.26306286223235,32.63120009750128,56.79576230049133,1.562024843879044,18203.933113098145,0.0,25.0,0.0,1.0,0.050000000000000044,1.4903230741620064,1.4903230741620064,0.0
standard_dqn,814,272,88.50930952429772,87.32214420214297,29.299473889172077,59.20983631312847,1.501695228740573,16062.690147399902,0.0,28.0,0.0,1.0,0.050000000000000044,1.6961762271821499,1.6961762271821499,0.0
standard_dqn,814,273,97.56492940485478,87.36813286811115,32.0009982585907,65.56393169760705,1.5866906270384789,17893.750686645508,0.0,29.0,0.0,1.0,0.050000000000000044,1.4742984026670456,1.4742984026670456,0.0
standard_dqn,814,274,99.56323923170567,87.99136922925712,34.32545954734087,65.23777940869331,1.641830480657518,19706.288696289062,0.0,29.0,0.0,0.0,0.050000000000000044,1.2459945660084486,1.2459945660084486,0.0
standard_dqn,814,275,79.38837633430958,87.35383706182243,28.997753381729126,50.39062346667051,1.5069480165839195,16192.669776916504,0.0,23.0,0.0,2.0,0.050000000000000044,1.6492329388856888,1.6492329388856888,0.0
standard_dqn,814,276,89.7110380768776,87.78081967696548,32.75127699971199,56.959760749340056,1.5929872915148735,18377.8780708313,0.0,24.0,0.0,2.0,0.050000000000000044,1.065848721191287,1.065848721191287,0.0
standard_dqn,814,277,106.12940850257874,88.95338533245028,36.54177048802376,69.58763792514802,1.6964774848893285,20609.01047515869,0.0,30.0,0.0,1.0,0.050000000000000044,1.3393581435084343,1.3393581435084343,0.0
standard_dqn,814,278,90.08637615442277,88.93078727893533,31.855127155780792,58.23124954998493,1.6334624076262116,18208.69401550293,0.0,26.0,0.0,1.0,0.050000000000000044,1.8598260171711445,1.8598260171711445,0.0
standard_dqn,814,279,63.85383781194687,87.88745622657243,25.053125850856304,38.800712236762045,1.3709571193903685,13708.643468856812,0.0,19.0,0.0,1.0,0.050000000000000044,1.2042233441025019,1.2042233441025019,0.0
standard_dqn,814,280,90.9856746762991,87.8724219671637,31.939168125391006,59.04650665521622,1.5735099092125893,17584.64554977417,0.0,27.0,0.0,3.0,0.050000000000000044,1.6758847292512655,1.6758847292512655,0.0
standard_dqn,814,281,79.74209189414978,87.36203838132323,29.77150008827448,49.97059240937233,1.5028886385262012,16481.192306518555,0.0,25.0,0.0,0.0,0.050000000000000044,1.4014322720468044,1.4014322720468044,0.0
standard_dqn,814,282,98.71870526075364,87.67634661592544,31.18642082810402,67.53228526711464,1.5886145886033773,17610.57354736328,0.0,30.0,0.0,3.0,0.050000000000000044,1.23734924569726,1.23734924569726,0.0
standard_dqn,814,283,60.50307550579309,86.83233452990653,24.906451173126698,35.596624451875684,1.3936041640117764,13644.858505249023,0.0,20.0,0.0,2.0,0.050000000000000044,1.1459943018853664,1.1459943018853664,0.0
standard_dqn,814,284,98.86254718303681,87.60650395557285,31.620166577398777,67.24238114953042,1.6073795454576612,18180.44513130188,0.0,30.0,0.0,1.0,0.050000000000000044,1.2579355854541063,1.2579355854541063,0.0
standard_dqn,814,285,80.84205730259418,87.1641181062162,28.313256084918976,52.52880135178566,1.4818251598626375,15695.027069091797,0.0,23.0,0.0,1.0,0.050000000000000044,1.3625926673412323,1.3625926673412323,0.0
standard_dqn,814,286,68.96572056412697,86.31414069563151,27.503527104854584,41.462193071842194,1.4454181380569935,15075.33076095581,0.0,22.0,0.0,1.0,0.050000000000000044,1.580907765775919,1.580907765775919,0.0
standard_dqn,814,287,86.57909876257182,86.85861221387984,31.359899394214153,55.21919907033443,1.5656534722074866,17498.31872177124,0.0,25.0,0.0,2.0,0.050000000000000044,1.4006465692073107,1.4006465692073107,0.0
standard_dqn,814,288,95.54335681349039,87.95450576633216,32.83595075458288,62.7074061781168,1.5488211335614324,17922.78723526001,0.0,27.0,0.0,1.0,0.050000000000000044,1.7597774527966976,1.7597774527966976,0.0
standard_dqn,814,289,70.27255470454693,86.14837646350266,25.029477179050446,45.243077555298804,1.4116050163283944,14275.491241455078,0.0,21.0,0.0,3.0,0.050000000000000044,1.6412956789135933,1.6412956789135933,0.0
standard_dqn,814,290,84.4093045219779,85.98288323663175,29.67644725739956,54.732856929302216,1.545351748354733,16753.36199951172,0.0,26.0,0.0,1.0,0.050000000000000044,1.553076721727848,1.553076721727848,0.0
standard_dqn,814,291,76.8809292703867,85.35558157503606,28.11829885095358,48.762630397081374,1.4922552928328514,16305.873292922974,0.0,23.0,0.0,1.0,0.050000000000000044,1.2843610011041164,1.2843610011041164,0.0
standard_dqn,814,292,83.13101437687874,85.0866668176651,27.77937873452902,55.351635843515396,1.4802851285785437,15747.056198120117,0.0,25.0,0.0,2.0,0.050000000000000044,1.6929424423724413,1.6929424423724413,0.0
standard_dqn,814,293,54.34465109109878,82.92565290197732,23.178644560277462,31.166006433963776,1.3638774948194623,12961.051738739014,0.0,18.0,0.0,3.0,0.050000000000000044,1.3228837214410305,1.3228837214410305,0.0
standard_dqn,814,294,81.44622242450714,82.01980206161737,28.45547231286764,52.99074958264828,1.526747390627861,16491.60683822632,0.0,26.0,0.0,2.0,0.050000000000000044,1.5898948032408953,1.5898948032408953,0.0
standard_dqn,814,295,90.52627767026425,82.57669712841512,31.281082592904568,59.24519435465336,1.571311466395855,17989.573554992676,0.0,26.0,0.0,2.0,0.050000000000000044,1.5749314352869987,1.5749314352869987,0.0
standard_dqn,814,296,97.55684419870377,82.96898743450643,31.648160755634308,65.90868372619153,1.5756691126152873,17396.517456054688,0.0,28.0,0.0,2.0,0.050000000000000044,1.4330728650093079,1.4330728650093079,0.0
standard_dqn,814,297,64.95625826120377,80.91032992243768,25.830782622098923,39.12547540068626,1.414967531338334,14557.841365814209,0.0,19.0,0.0,1.0,0.050000000000000044,1.4575232975184917,1.4575232975184917,0.0
standard_dqn,814,298,85.72991746664047,80.69250698804856,30.520922891795635,55.20899438858032,1.5688973683863878,17417.410820007324,0.0,25.0,0.0,0.0,0.050000000000000044,1.3820192757993937,1.3820192757993937,0.0
standard_dqn,814,299,74.77738998830318,81.23868459686638,28.499582797288895,46.27780729532242,1.5010457308962941,16042.779609680176,0.0,22.0,0.0,2.0,0.050000000000000044,1.4296429585665464,1.4296429585665464,0.0
standard_dqn,814,300,83.30044321864844,80.85442302398386,28.34757275879383,54.95287066102028,1.4887216407805681,15832.769847869873,0.0,24.0,0.0,2.0,0.050000000000000044,1.7594126425683498,1.7594126425683498,0.0
standard_dqn,814,301,76.44584424942732,80.68961064174773,26.862764313817024,49.58307980895042,1.4677559491246939,15313.518474578857,0.0,22.0,0.0,3.0,0.050000000000000044,1.5950827542692423,1.5950827542692423,0.0
standard_dqn,814,302,87.58240793645382,80.13279577553274,30.945008382201195,56.63739912211895,1.5615478130057454,17549.754749298096,0.0,25.0,0.0,0.0,0.050000000000000044,1.4269421100616455,1.4269421100616455,0.0
standard_dqn,814,303,101.56055181622506,82.18566959105434,33.563910469412804,67.99664089977742,1.6015835516154766,18508.860401153564,0.0,31.0,0.0,1.0,0.050000000000000044,1.5683687757700682,1.5683687757700682,0.0
standard_dqn,814,304,96.23643864691257,82.05436416424811,30.18219281733036,66.05424566566944,1.5920909605920315,17422.71643447876,0.0,29.0,0.0,0.0,0.050000000000000044,1.466569671407342,1.466569671407342,0.0
standard_dqn,814,305,83.34660069793463,82.17959133401514,26.970497883856297,56.37610248625278,1.4680170165374875,15267.027500152588,0.0,25.0,0.0,2.0,0.050000000000000044,1.8049383386969566,1.8049383386969566,0.0
standard_dqn,814,306,89.8306883752346,83.22283972457052,30.155501753091812,59.675186711549756,1.5423902226611972,17126.671794891357,0.0,27.0,0.0,3.0,0.050000000000000044,1.3451084233820438,1.3451084233820438,0.0
standard_dqn,814,307,69.39046835452318,82.36340820416808,27.66647521406412,41.723992976546285,1.435584781691432,15184.500343322754,0.0,21.0,0.0,2.0,0.050000000000000044,1.4206464737653732,1.4206464737653732,0.0
standard_dqn,814,308,84.15254446864128,81.79386758692563,28.90011714398861,55.25242744386196,1.544811312109232,16759.050868988037,0.0,24.0,0.0,0.0,0.050000000000000044,1.445973826572299,1.445973826572299,0.0
standard_dqn,814,309,71.37291690707207,81.84888569705188,27.447343230247498,43.925573736429214,1.459628239274025,15618.702518463135,0.0,21.0,0.0,0.0,0.050000000000000044,1.3835483230650425,1.3835483230650425,0.0
standard_dqn,814,310,89.10226906239987,82.083533924073,29.909269735217094,59.19299893975258,1.5369267566129565,17057.2459526062,0.0,29.0,0.0,1.0,0.050000000000000044,1.5157172791659832,1.5157172791659832,0.0
standard_dqn,814,311,85.44961905479431,82.51196841329337,30.669899336993694,54.77971971035004,1.541538143530488,16990.171855926514,0.0,25.0,0.0,1.0,0.050000000000000044,1.3811497632414103,1.3811497632414103,0.0
standard_dqn,814,312,88.85573237538338,82.79820431321862,29.79189182817936,59.06384074091911,1.5492864241823554,17190.119857788086,0.0,27.0,0.0,4.0,0.050000000000000044,1.4591081906110048,1.4591081906110048,0.0
standard_dqn,814,313,84.6119581386447,84.3115696655959,28.58020369708538,56.03175401687622,1.5266007725149393,16749.91743659973,0.0,26.0,0.0,1.0,0.050000000000000044,1.7044825479388237,1.7044825479388237,0.0
standard_dqn,814,314,84.88115681111813,84.48331638492645,29.56524522602558,55.315911123156546,1.5642349030822515,17111.659645080566,0.0,25.0,0.0,1.0,0.050000000000000044,1.2268011700361967,1.2268011700361967,0.0
standard_dqn,814,315,75.98191367834806,83.75609818533064,27.80299962311983,48.17891417443752,1.458667192608118,15524.527523040771,0.0,23.0,0.0,0.0,0.050000000000000044,1.3342905957251787,1.3342905957251787,0.0
standard_dqn,814,316,84.14180132001638,83.08534604139626,30.903018206357956,53.23878338932991,1.5281336149200797,16909.617837905884,0.0,24.0,0.0,1.0,0.050000000000000044,1.4072315394878387,1.4072315394878387,0.0
standard_dqn,814,317,84.9174033343792,84.08340329505504,30.076054751873016,54.841349774599074,1.5468233367428184,17182.73190689087,0.0,25.0,0.0,2.0,0.050000000000000044,1.3656835909932852,1.3656835909932852,0.0
standard_dqn,814,318,89.65845018029214,84.27982993073763,29.915405683219433,59.74304502606392,1.529085504822433,16636.034645080566,0.0,27.0,0.0,2.0,0.050000000000000044,1.355961438268423,1.355961438268423,0.0
standard_dqn,814,319,74.29218389987946,84.25556962631644,28.09863955527544,46.19354389756918,1.4325890569016337,15137.911247253418,0.0,23.0,0.0,1.0,0.050000000000000044,1.43278618901968,1.43278618901968,0.0
standard_dqn,814,320,73.95587092787028,83.78834101177753,28.102680020034313,45.85319065451622,1.4978878302499652,16137.21837234497,0.0,21.0,0.0,1.0,0.050000000000000044,1.378482662141323,1.378482662141323,0.0
standard_dqn,814,321,83.08313272893429,84.12020543575288,27.79037121683359,55.29276163876057,1.4914638232439756,15896.632225036621,0.0,25.0,0.0,1.0,0.050000000000000044,1.6298997141420841,1.6298997141420841,0.0
standard_dqn,814,322,79.96106215566397,83.73913814671339,29.350493125617504,50.610568940639496,1.5481759831309319,17087.20712852478,0.0,23.0,0.0,0.0,0.050000000000000044,1.223521726205945,1.223521726205945,0.0
standard_dqn,814,323,83.75215073674917,82.84871809273959,29.50337315350771,54.248777747154236,1.5319741554558277,17098.92172241211,0.0,24.0,0.0,0.0,0.050000000000000044,1.5730878934264183,1.5730878934264183,0.0
standard_dqn,814,324,75.4105960443616,81.80742596261204,28.748551286756992,46.662044712901114,1.5141521533951163,16449.89214324951,0.0,23.0,0.0,1.0,0.050000000000000044,1.3749459236860275,1.3749459236860275,0.0
standard_dqn,814,325,80.00783959180117,81.64048790730537,27.89880084246397,52.10903822779655,1.4899592446163297,16052.082340240479,0.0,25.0,0.0,3.0,0.050000000000000044,1.4976356253027916,1.4976356253027916,0.0
standard_dqn,814,326,94.50940201878548,81.87442358948292,32.24957051873207,62.25983150005341,1.5728557705879211,18094.174383163452,0.0,27.0,0.0,4.0,0.050000000000000044,1.1599060911685228,1.1599060911685228,0.0
standard_dqn,814,327,88.01038657277823,82.80541950039569,29.945308655500412,58.06507813334465,1.5328338304534554,16787.23211669922,0.0,27.0,0.0,1.0,0.050000000000000044,1.1746695172041655,1.1746695172041655,0.0
standard_dqn,814,328,88.12013354152441,83.00379895403982,30.51583493500948,57.604298546910286,1.5800181226804852,17764.86508178711,0.0,26.0,0.0,1.0,0.050000000000000044,1.8256388008594513,1.8256388008594513,0.0
standard_dqn,814,329,72.40704806447029,83.05550551190973,26.64158523082733,45.76546263992786,1.448566542007029,15470.11298751831,0.0,21.0,0.0,2.0,0.050000000000000044,1.4132156688719988,1.4132156688719988,0.0
standard_dqn,814,330,71.01781325787306,82.15128272168339,27.012246422469616,44.00556665658951,1.417357045225799,14729.826736450195,0.0,21.0,0.0,0.0,0.050000000000000044,1.5953477304428816,1.5953477304428816,0.0
standard_dqn,814,331,86.5030965819955,82.20395659804345,29.573181934654713,56.92991507947445,1.5378372929990292,17252.761726379395,0.0,25.0,0.0,1.0,0.050000000000000044,1.400207806378603,1.400207806378603,0.0
standard_dqn,814,332,91.09249608367682,82.31579478345813,30.39424055069685,60.69825560748577,1.5444727670401335,17505.100952148438,0.0,26.0,0.0,1.0,0.050000000000000044,1.0817217137664557,1.0817217137664557,0.0
standard_dqn,814,333,66.72996860742569,81.42169530689719,27.67871032655239,39.051258116960526,1.4401469863951206,15362.750240325928,0.0,20.0,0.0,0.0,0.050000000000000044,1.5105312336236238,1.5105312336236238,0.0
standard_dqn,814,334,89.97558881342411,81.67641690701247,31.974735349416733,58.000853314995766,1.5942977964878082,18413.326915740967,0.0,26.0,0.0,1.0,0.050000000000000044,1.4298143312335014,1.4298143312335014,0.0
standard_dqn,814,335,76.44433157294989,81.69953780174258,27.338391683995724,49.10593990385532,1.4834622498601675,15712.709476470947,0.0,22.0,0.0,2.0,0.050000000000000044,1.8165609445422888,1.8165609445422888,0.0
standard_dqn,814,336,79.30217479616404,81.45755647554995,28.133165039122105,51.169009891152385,1.470943440683186,16229.053173065186,0.0,24.0,0.0,3.0,0.050000000000000044,1.4942265208810568,1.4942265208810568,0.0
standard_dqn,814,337,79.28815641403199,81.1760941295326,27.543100215494633,51.74505587816238,1.466028518974781,15572.9273147583,0.0,23.0,0.0,3.0,0.050000000000000044,1.4260754399001598,1.4260754399001598,0.0
standard_dqn,814,338,65.88630876243114,79.98748705863954,26.095056787133217,39.79125228822231,1.3935500048100948,14218.583923339844,0.0,21.0,0.0,3.0,0.050000000000000044,1.7998806834220886,1.7998806834220886,0.0
standard_dqn,814,339,78.44899056851864,80.1953273920715,29.330719389021397,49.11827076971531,1.4849634757265449,16427.908882141113,0.0,22.0,0.0,0.0,0.050000000000000044,1.6318913325667381,1.6318913325667381,0.0
standard_dqn,814,340,83.29043637216091,80.66205566428602,28.269176475703716,55.021259889006615,1.4832108560949564,16133.367038726807,0.0,27.0,0.0,0.0,0.050000000000000044,1.5442129988223314,1.5442129988223314,0.0
standard_dqn,814,341,95.02463224828243,81.25913064025342,32.28908487409353,62.7355476796627,1.6016397792845964,18518.09164428711,0.0,27.0,0.0,2.0,0.050000000000000044,1.4757978282868862,1.4757978282868862,0.0
standard_dqn,814,342,80.88665603995324,81.3054103344679,30.50570584833622,50.380949878692626,1.5141031481325626,17219.41311454773,0.0,24.0,0.0,1.0,0.050000000000000044,1.6724316254258156,1.6724316254258156,0.0
standard_dqn,814,343,97.06218831241131,81.97091221325101,31.82927680760622,65.23291140794754,1.5801273100078106,17873.239404678345,0.0,29.0,0.0,0.0,0.050000000000000044,1.5161921307444572,1.5161921307444572,0.0
standard_dqn,814,344,87.8992262557149,82.59534372381867,29.976728312671185,57.92249816656113,1.5172619856894016,17007.861686706543,0.0,26.0,0.0,1.0,0.050000000000000044,1.388915952295065,1.388915952295065,0.0
standard_dqn,814,345,78.15002242475748,82.5024528654665,27.664966978132725,50.485056072473526,1.4571738932281733,15649.769222259521,0.0,24.0,0.0,0.0,0.050000000000000044,1.1851523909717798,1.1851523909717798,0.0
standard_dqn,814,346,65.60213219821453,81.05708937443794,25.721989780664444,39.880142223834994,1.3895607711747289,13968.000267028809,0.0,21.0,0.0,3.0,0.050000000000000044,1.4263615664094687,1.4263615664094687,0.0
standard_dqn,814,347,78.56520117968321,80.58483010478318,27.16836615651846,51.396834725141524,1.4780700262635946,15820.074031829834,0.0,24.0,0.0,1.0,0.050000000000000044,1.7138666175305843,1.7138666175305843,0.0
standard_dqn,814,348,72.00676466673613,79.77916166104377,27.081836126744747,44.92492846548557,1.4355889111757278,15094.032733917236,0.0,23.0,0.0,1.0,0.050000000000000044,1.6532818973064423,1.6532818973064423,0.0
standard_dqn,814,349,73.80972079336644,79.8492952974886,27.47924841940403,46.33047212064266,1.4798937132582068,15598.008813858032,0.0,21.0,0.0,4.0,0.050000000000000044,1.2050639986991882,1.2050639986991882,0.0
standard_dqn,814,350,79.22977595180274,80.25989343218507,28.943159893155098,50.28661640882492,1.4892157334834337,16308.249801635742,0.0,24.0,0.0,2.0,0.050000000000000044,1.3092274069786072,1.3092274069786072,0.0
standard_dqn,814,351,91.10695966482163,80.49008658632638,30.802995771169662,60.30396338701248,1.5751777430996299,17740.226760864258,0.0,28.0,0.0,2.0,0.050000000000000044,1.2998922653496265,1.2998922653496265,0.0
standard_dqn,814,352,86.08419528752566,80.23967154651882,28.788259513676167,57.295936131477355,1.5092803481966257,16504.841918945312,0.0,27.0,0.0,1.0,0.050000000000000044,1.5291072074323893,1.5291072074323893,0.0
standard_dqn,814,353,90.34686601161957,81.42051641672852,31.892335265874863,58.45453083515167,1.5914926175028086,18152.7537651062,0.0,25.0,0.0,0.0,0.050000000000000044,1.8294090945273638,1.8294090945273638,0.0
standard_dqn,814,354,85.02702987194061,81.17308846965433,29.918658688664436,55.10837124288082,1.5164891639724374,16790.8670463562,0.0,27.0,0.0,0.0,0.050000000000000044,1.5079757533967495,1.5079757533967495,0.0
standard_dqn,814,355,74.17508781850339,81.05962628193201,27.57337237149477,46.60171546936035,1.4606021186336875,15520.359470367432,0.0,24.0,0.0,1.0,0.050000000000000044,1.4857992511242628,1.4857992511242628,0.0
standard_dqn,814,356,92.12380019575357,81.70070755191148,28.04556492716074,64.0782350897789,1.5168953435495496,16441.577047348022,0.0,29.0,0.0,1.0,0.050000000000000044,1.682185161858797,1.682185161858797,0.0
standard_dqn,814,357,83.42097073048353,81.90734826773405,30.912903286516666,52.508067682385445,1.5507420459762216,17509.152278900146,0.0,25.0,0.0,0.0,0.050000000000000044,1.6387749928981066,1.6387749928981066,0.0
standard_dqn,814,358,68.31457515060902,82.02876158714295,26.5649192109704,41.74965614080429,1.431819942779839,15086.392066955566,0.0,23.0,0.0,1.0,0.050000000000000044,1.3169805370271206,1.3169805370271206,0.0
standard_dqn,814,359,77.61576175093651,81.98710014626384,29.4347992092371,48.18096240758896,1.5046697510406375,16673.52886199951,0.0,24.0,0.0,2.0,0.050000000000000044,2.067963555455208,2.067963555455208,0.0
standard_dqn,814,360,68.70311959087849,81.25773430719973,25.95672771334648,42.746392130851746,1.4101152326911688,14380.502597808838,0.0,21.0,0.0,1.0,0.050000000000000044,1.9017492830753326,1.9017492830753326,0.0
standard_dqn,814,361,85.355158226192,80.77426060609521,29.702035434544086,55.65312332808971,1.5536968726664782,17428.375637054443,0.0,25.0,0.0,2.0,0.050000000000000044,1.6114217154681683,1.6114217154681683,0.0
standard_dqn,814,362,88.54637005925179,81.15724630706013,30.879623346030712,57.66674643754959,1.5439313501119614,17821.990234375,0.0,25.0,0.0,0.0,0.050000000000000044,1.6304187439382076,1.6304187439382076,0.0
standard_dqn,814,363,88.08558908253909,80.70841634556652,29.03028565645218,59.055303463339804,1.5247860653325915,16704.534099578857,0.0,26.0,0.0,2.0,0.050000000000000044,1.4882623367011547,1.4882623367011547,0.0
standard_dqn,814,364,83.97076375037432,80.5119932202995,30.7421919927001,53.22857162356377,1.5131148984655738,16974.86859512329,0.0,24.0,0.0,0.0,0.050000000000000044,1.9114715605974197,1.9114715605974197,0.0
standard_dqn,814,365,75.96626856923103,80.40280552752316,27.792183756828308,48.17408540844917,1.4762725112959743,15717.121467590332,0.0,23.0,0.0,3.0,0.050000000000000044,1.403297208249569,1.403297208249569,0.0
standard_dqn,814,366,77.33166696876287,80.98928226605058,28.457956559956074,48.87371006608009,1.4395267311483622,16053.765396118164,0.0,24.0,0.0,1.0,0.050000000000000044,1.3471757117658854,1.3471757117658854,0.0
standard_dqn,814,367,73.82366096377373,80.7522052552551,25.64507555961609,48.17858534455299,1.4223292749375105,14889.682571411133,0.0,25.0,0.0,1.0,0.050000000000000044,1.6881804019212723,1.6881804019212723,0.0
standard_dqn,814,368,79.19423333257437,81.11157868854703,28.648409128189087,50.54582354128361,1.4701772248372436,15792.857200622559,0.0,25.0,0.0,3.0,0.050000000000000044,1.7193793803453445,1.7193793803453445,0.0
standard_dqn,814,369,68.51165781915188,80.8466755398363,26.942948654294014,41.568709179759026,1.4404522078111768,15106.897365570068,0.0,21.0,0.0,0.0,0.050000000000000044,1.6831265725195408,1.6831265725195408,0.0
standard_dqn,814,370,84.41968568563462,81.1061710265279,31.022361621260643,53.39732394516468,1.5396657595410943,17275.947788238525,0.0,26.0,0.0,2.0,0.050000000000000044,1.5732557885348797,1.5732557885348797,0.0
standard_dqn,814,371,76.88841708749533,80.39524389766157,28.50897479057312,48.379442274570465,1.4719298426061869,16131.42721748352,0.0,22.0,0.0,1.0,0.050000000000000044,1.4066903479397297,1.4066903479397297,0.0
standard_dqn,814,372,73.78377030193806,79.78022264838219,28.059512302279472,45.724258148670195,1.485925824381411,16172.468395233154,0.0,22.0,0.0,1.0,0.050000000000000044,1.2379639130085707,1.2379639130085707,0.0
standard_dqn,814,373,73.58845900297165,78.9423022979498,27.57329550385475,46.01516343951225,1.4552923636510968,15608.211643218994,0.0,23.0,0.0,3.0,0.050000000000000044,1.5983598064631224,1.5983598064631224,0.0
standard_dqn,814,374,72.64979359507561,78.32344048410654,27.64744408428669,45.00234991312027,1.4608672633767128,15360.727191925049,0.0,20.0,0.0,1.0,0.050000000000000044,1.170382272452116,1.170382272452116,0.0
standard_dqn,814,375,72.6444389000535,78.24690803818405,25.779819898307323,46.864618957042694,1.4258831143379211,14797.063438415527,0.0,23.0,0.0,0.0,0.050000000000000044,1.9112675562500954,1.9112675562500954,0.0
standard_dqn,814,376,71.22470192611217,77.20195312470197,26.39516845345497,44.82953345775604,1.427959330379963,14621.880489349365,0.0,23.0,0.0,0.0,0.050000000000000044,1.4167099669575691,1.4167099669575691,0.0
standard_dqn,814,377,84.90214841216803,77.27601200878621,29.23788183927536,55.664266088604926,1.5127475252375007,16613.402263641357,0.0,25.0,0.0,2.0,0.050000000000000044,1.8072676286101341,1.8072676286101341,0.0
standard_dqn,814,378,85.5507598593831,78.13782124422491,29.142612904310226,56.40814679861069,1.5176571840420365,16863.579067230225,0.0,26.0,0.0,0.0,0.050000000000000044,1.3533693216741085,1.3533693216741085,0.0
standard_dqn,814,379,76.61200052499771,78.08763318292797,27.5188846886158,49.0931156873703,1.4544925913214684,15220.218238830566,0.0,23.0,0.0,0.0,0.050000000000000044,1.259849976748228,1.259849976748228,0.0
standard_dqn,814,380,81.95186254382133,78.75007033057511,30.220648892223835,51.73121351003647,1.533347095362842,17475.13487625122,0.0,24.0,0.0,1.0,0.050000000000000044,1.516341332346201,1.516341332346201,0.0
standard_dqn,814,381,81.9325794056058,78.5789413895458,29.526673570275307,52.405905693769455,1.5137283178046346,16928.51633453369,0.0,25.0,0.0,0.0,0.050000000000000044,1.672093365341425,1.672093365341425,0.0
standard_dqn,814,382,98.19446840882301,79.06134630702437,32.03215591609478,66.16231203079224,1.5802442757412791,18412.37110519409,0.0,29.0,0.0,3.0,0.050000000000000044,1.4607490189373493,1.4607490189373493,0.0
standard_dqn,814,383,79.96296383440495,78.65521504461765,30.886749602854252,49.076214611530304,1.470969750545919,16828.163734436035,0.0,23.0,0.0,0.0,0.050000000000000044,1.4618885889649391,1.4618885889649391,0.0
standard_dqn,814,384,66.86302189081907,77.7998279516399,26.226358644664288,40.63666357398033,1.4107116227969527,14856.719150543213,0.0,20.0,0.0,2.0,0.050000000000000044,1.5295716784894466,1.5295716784894466,0.0
standard_dqn,814,385,70.31734203696251,77.51738162502646,26.543200097978115,43.77414193153381,1.4347887365147471,15358.507230758667,0.0,22.0,0.0,1.0,0.050000000000000044,1.8123443853110075,1.8123443853110075,0.0
standard_dqn,814,386,67.81452778875828,77.04152466602625,25.870071463286877,41.9444565564394,1.389916525222361,14408.075227737427,0.0,21.0,0.0,2.0,0.050000000000000044,1.381589224562049,1.381589224562049,0.0
standard_dqn,814,387,74.74303165078163,77.08749320037664,28.354416243731976,46.38861492276192,1.4678110890090466,15980.164463043213,0.0,23.0,0.0,2.0,0.050000000000000044,1.6146649084985256,1.6146649084985256,0.0
standard_dqn,814,388,89.19334092736244,77.58744858011605,30.362898617982864,58.83044262230396,1.5292165977880359,17320.59343147278,0.0,26.0,0.0,0.0,0.050000000000000044,1.7337461784482002,1.7337461784482002,0.0
standard_dqn,814,389,80.8515901222825,78.20444519527257,30.28235001116991,50.56923985779285,1.538097944110632,17366.446657180786,0.0,24.0,0.0,4.0,0.050000000000000044,1.738607332110405,1.738607332110405,0.0
standard_dqn,814,390,95.66934918761254,78.76692837037146,33.34332697093487,62.32602227628231,1.6051875911653042,18937.741050720215,0.0,27.0,0.0,2.0,0.050000000000000044,1.483670387417078,1.483670387417078,0.0
standard_dqn,814,391,73.39925168454647,78.59247010022402,27.578565679490566,45.82068620622158,1.464194742962718,16047.498321533203,0.0,23.0,0.0,1.0,0.050000000000000044,1.4645473789423704,1.4645473789423704,0.0
standard_dqn,814,392,98.18560260534286,79.81256171539427,29.8746971860528,68.31090492010117,1.5365750100463629,17187.101448059082,0.0,30.0,0.0,0.0,0.050000000000000044,1.2449924536049366,1.2449924536049366,0.0
standard_dqn,814,393,68.02904397249222,79.5345909638703,25.72113262116909,42.30791087448597,1.406804520636797,14731.482414245605,0.0,20.0,0.0,2.0,0.050000000000000044,1.9398422557860613,1.9398422557860613,0.0
standard_dqn,814,394,91.88935820907355,80.49656919457018,31.45802728831768,60.43133100271225,1.5503312405198812,17819.230571746826,0.0,27.0,0.0,1.0,0.050000000000000044,1.5987688414752483,1.5987688414752483,0.0
standard_dqn,814,395,92.36878748387099,81.48278662376107,33.45785477012396,58.91093265414238,1.6400401564314961,19260.743495941162,0.0,28.0,0.0,1.0,0.050000000000000044,1.4329295475035906,1.4329295475035906,0.0
standard_dqn,814,396,77.51883650273085,81.797493352592,28.372661761939526,49.14617468118668,1.4813198000192642,16017.248613357544,0.0,25.0,0.0,3.0,0.050000000000000044,1.6940905563533306,1.6940905563533306,0.0
standard_dqn,814,397,79.66768672466279,81.53577026821675,28.86610981822014,50.8015771150589,1.4672524612396955,16035.985088348389,0.0,24.0,0.0,1.0,0.050000000000000044,1.5043017230927944,1.5043017230927944,0.0
standard_dqn,814,398,75.02054927945137,81.00925973922016,29.213484406471252,45.80706488788128,1.4619267508387566,15913.544788360596,0.0,23.0,0.0,4.0,0.050000000000000044,1.3920645732432604,1.3920645732432604,0.0
standard_dqn,814,399,85.31757840514183,81.44453863322737,31.198786817491055,54.11879190802574,1.5263492614030838,17508.65447998047,0.0,26.0,0.0,2.0,0.050000000000000044,1.684302980080247,1.684302980080247,0.0
standard_dqn,814,400,82.66258402168751,81.48007470712068,31.88125368952751,50.78133036196232,1.559042550623417,18638.066791534424,0.0,24.0,0.0,0.0,0.050000000000000044,1.9917307682335377,1.9917307682335377,0.0
standard_dqn,814,401,76.1964818328619,81.19326982848347,28.140094071626663,48.0563875824213,1.471046507358551,16046.927700042725,0.0,22.0,0.0,1.0,0.050000000000000044,1.6386588141322136,1.6386588141322136,0.0
standard_dqn,814,402,79.97266258448363,80.2821795372665,30.143682062625885,49.82898018658161,1.4907691972330213,16582.15539741516,0.0,23.0,0.0,2.0,0.050000000000000044,1.426787231117487,1.426787231117487,0.0
standard_dqn,814,403,84.48793176710606,80.50842793390157,32.03333689272404,52.45459526181221,1.5872416580095887,18266.440132141113,0.0,26.0,0.0,2.0,0.050000000000000044,1.492178175598383,1.492178175598383,0.0
standard_dqn,814,404,103.40523700416088,82.33553868956865,32.899410001933575,70.50582671165466,1.623351251706481,18864.35291671753,0.0,31.0,0.0,0.0,0.050000000000000044,1.4791118036955595,1.4791118036955595,0.0
standard_dqn,814,405,76.77730878740549,82.65853702709079,28.18329343944788,48.59401549696922,1.4681936269626021,15654.519535064697,0.0,23.0,0.0,4.0,0.050000000000000044,1.4721828736364841,1.4721828736364841,0.0
standard_dqn,814,406,74.26028180122375,82.98082472771407,25.953727573156357,48.306553810834885,1.4522571731358767,15282.795276641846,0.0,22.0,0.0,2.0,0.050000000000000044,1.6426428128033876,1.6426428128033876,0.0
standard_dqn,814,407,84.0803682655096,83.44769155845046,30.03418603539467,54.04618185758591,1.5113543020561337,16858.240768432617,0.0,24.0,0.0,2.0,0.050000000000000044,1.5561848245561123,1.5561848245561123,0.0
standard_dqn,814,408,71.77725709974766,82.57688736706972,28.14481671154499,43.63244053721428,1.4761781813576818,15656.322784423828,0.0,21.0,0.0,0.0,0.050000000000000044,1.401795944198966,1.401795944198966,0.0
standard_dqn,814,409,71.07670579105616,82.0881431505084,26.456731759011745,44.619974225759506,1.42001598700881,14990.74596786499,0.0,22.0,0.0,1.0,0.050000000000000044,1.866531876847148,1.866531876847148,0.0
standard_dqn,814,410,90.89631906449794,81.84949164435267,29.466268092393875,61.43005146384239,1.532143891789019,17084.630573272705,0.0,29.0,0.0,2.0,0.050000000000000044,1.8049903325736523,1.8049903325736523,0.0
standard_dqn,814,411,83.1920965731144,82.33913388878106,28.699949339032173,54.49214715957642,1.4809962939471006,16154.338943481445,0.0,25.0,0.0,3.0,0.050000000000000044,1.4309298135340214,1.4309298135340214,0.0
standard_dqn,814,412,94.38970035612583,82.1493387763202,32.178967729210854,62.21073231399059,1.5860486840829253,18296.24457550049,0.0,28.0,0.0,2.0,0.050000000000000044,1.8634796012192965,1.8634796012192965,0.0
standard_dqn,814,413,77.32815359681845,82.61429425753653,28.06236020475626,49.26579398810863,1.478402235545218,16011.501960754395,0.0,22.0,0.0,1.0,0.050000000000000044,1.6233987174928188,1.6233987174928188,0.0
standard_dqn,814,414,85.40494247674943,82.29007347092033,29.296426698565483,56.10851494371891,1.5108310021460056,16768.173042297363,0.0,25.0,0.0,2.0,0.050000000000000044,1.4150637686252594,1.4150637686252594,0.0
standard_dqn,814,415,87.20774998813867,82.03202159613372,29.700363360345364,57.507386583089826,1.5063380487263203,16787.495738983154,0.0,26.0,0.0,3.0,0.050000000000000044,1.308164231479168,1.308164231479168,0.0
standard_dqn,814,416,87.15579035282136,82.51386928863825,30.995831072330475,56.15995895266533,1.5340048661455512,17725.972496032715,0.0,25.0,0.0,1.0,0.050000000000000044,1.300394268706441,1.300394268706441,0.0
standard_dqn,814,417,76.69283958524466,82.36512693166733,27.983961828052998,48.70887756347656,1.5178190115839243,16460.069774627686,0.0,23.0,0.0,0.0,0.050000000000000044,1.6987785547971725,1.6987785547971725,0.0
standard_dqn,814,418,82.3317602083087,82.73068747811018,28.96300023049116,53.368759769201276,1.5038244668394327,16703.955417633057,0.0,25.0,0.0,2.0,0.050000000000000044,1.8279243297874928,1.8279243297874928,0.0
standard_dqn,814,419,89.01627390980721,82.91562225334347,30.891543954610825,58.12473008930683,1.4992205956950784,16842.841903686523,0.0,27.0,0.0,1.0,0.050000000000000044,1.7724760677665472,1.7724760677665472,0.0
standard_dqn,814,420,88.70610819011927,83.21779846176506,31.56200633198023,57.14410251379013,1.5693997079506516,18220.722465515137,0.0,25.0,0.0,0.0,0.050000000000000044,1.1343182809650898,1.1343182809650898,0.0
standard_dqn,814,421,90.51485545188189,83.93371714271606,30.828021876513958,59.68683323264122,1.5250908806920052,17114.320930480957,0.0,27.0,0.0,1.0,0.050000000000000044,1.601868798956275,1.601868798956275,0.0
standard_dqn,814,422,78.29267774820327,83.84971790090205,28.28356972336769,50.009107920527455,1.4529565386474133,15731.63430404663,0.0,24.0,0.0,3.0,0.050000000000000044,1.8216874450445175,1.8216874450445175,0.0
standard_dqn,814,423,82.55462430417538,83.7530525277555,30.147624239325523,52.4070001244545,1.5233463859185576,17288.818145751953,0.0,25.0,0.0,2.0,0.050000000000000044,1.3280553184449673,1.3280553184449673,0.0
standard_dqn,814,424,111.24746093153954,84.14516372412444,34.939112700521946,76.30834773182869,1.6401309948414564,19525.227100372314,0.0,32.0,0.0,0.0,0.050000000000000044,1.7233835700899363,1.7233835700899363,0.0
standard_dqn,814,425,95.32441613972188,85.07251909174025,31.302397273480892,64.02201884388924,1.5384562527760863,17520.885515213013,0.0,28.0,0.0,2.0,0.050000000000000044,1.6031722854822874,1.6031722854822874,0.0
standard_dqn,814,426,90.75845887809992,85.89742794558407,29.879866123199463,60.878593045473096,1.5011523077264428,16412.19125366211,0.0,28.0,0.0,3.0,0.050000000000000044,1.7250785939395428,1.7250785939395428,0.0
standard_dqn,814,427,83.847350256145,85.88577704511584,29.162350319325924,54.68500002622604,1.490065605379641,16514.29594039917,0.0,25.0,0.0,1.0,0.050000000000000044,1.3262958526611328,1.3262958526611328,0.0
standard_dqn,814,428,85.72991074025632,86.58340972714129,29.57129818201065,56.15861209630966,1.520614760927856,16922.816890716553,0.0,26.0,0.0,2.0,0.050000000000000044,1.6421415284276009,1.6421415284276009,0.0
standard_dqn,814,429,80.81215470582246,87.07018217287958,30.443912275135517,50.368242028355596,1.5358782932162285,17666.5340423584,0.0,24.0,0.0,3.0,0.050000000000000044,1.760508667677641,1.760508667677641,0.0
standard_dqn,814,430,76.46668528914452,86.34870048411192,29.0643203407526,47.40236469507217,1.4548067562282085,15795.977249145508,0.0,22.0,0.0,1.0,0.050000000000000044,1.5540828816592693,1.5540828816592693,0.0
standard_dqn,814,431,66.27703560143709,85.50294743552806,26.442474618554115,39.83456087112427,1.4032361190766096,15080.216259002686,0.0,19.0,0.0,0.0,0.050000000000000044,1.5713324416428804,1.5713324416428804,0.0
standard_dqn,814,432,73.65704166144133,84.46631450079381,26.732453621923923,46.924588322639465,1.4192873649299145,15239.921535491943,0.0,24.0,0.0,0.0,0.050000000000000044,1.62569266743958,1.62569266743958,0.0
standard_dqn,814,433,78.86779671311379,84.54329665660859,29.309223249554634,49.55857385098934,1.521097137592733,16911.27773475647,0.0,23.0,0.0,2.0,0.050000000000000044,1.5711511969566345,1.5711511969566345,0.0
standard_dqn,814,434,83.54620532095433,84.45035979881884,27.946147918701172,55.600057238340376,1.4763114945963025,16030.972751617432,0.0,26.0,0.0,2.0,0.050000000000000044,1.6848321445286274,1.6848321445286274,0.0
standard_dqn,814,435,74.79171852767467,83.82955822579564,26.696437276899815,48.0952814668417,1.4218330336734653,14951.692115783691,0.0,24.0,0.0,0.0,0.050000000000000044,1.7976614199578762,1.7976614199578762,0.0
standard_dqn,814,436,104.66986765861512,84.70526209108533,34.46091768145561,70.20895006656647,1.616476934403181,19376.032081604004,0.0,31.0,0.0,1.0,0.050000000000000044,1.6494935881346464,1.6494935881346464,0.0
standard_dqn,814,437,93.17056314051152,85.52914826884867,31.437056362628937,61.73350700139999,1.523322002030909,17661.47222518921,0.0,28.0,0.0,1.0,0.050000000000000044,1.7876042686402798,1.7876042686402798,0.0
standard_dqn,814,438,64.73629093915224,84.64937480539085,25.83254811167717,38.903742879629135,1.3989918194711208,14708.236473083496,0.0,21.0,0.0,1.0,0.050000000000000044,1.6888397186994553,1.6888397186994553,0.0
standard_dqn,814,439,80.2538734972477,84.21125478476287,28.92061734199524,51.33325593173504,1.4827670631930232,16232.75089263916,0.0,26.0,0.0,0.0,0.050000000000000044,1.6756249070167542,1.6756249070167542,0.0
standard_dqn,814,440,57.613607965409756,82.65662977352738,24.376277424395084,33.23733079433441,1.3745532538741827,14294.255764007568,0.0,18.0,0.0,1.0,0.050000000000000044,1.6201334819197655,1.6201334819197655,0.0
standard_dqn,814,441,68.54837906509638,81.55830595418811,25.441611111164093,43.1067679464817,1.3953887792304158,14177.049137115479,0.0,21.0,0.0,2.0,0.050000000000000044,1.5533156841993332,1.5533156841993332,0.0
standard_dqn,814,442,75.98564206063747,81.44295416980984,27.892558470368385,48.09308357536793,1.4647854566574097,15712.951114654541,0.0,24.0,0.0,1.0,0.050000000000000044,1.9814913552254438,1.9814913552254438,0.0
standard_dqn,814,443,84.97640449553728,81.56404317937793,30.13533616065979,54.84106822311878,1.53103606402874,16994.069623947144,0.0,25.0,0.0,2.0,0.050000000000000044,1.8368800561875105,1.8368800561875105,0.0
standard_dqn,814,444,70.98952514082194,79.55114638984205,29.20738848298788,41.78213634490967,1.4808195726945996,17004.399906158447,0.0,21.0,0.0,2.0,0.050000000000000044,1.8914134614169598,1.8914134614169598,0.0
standard_dqn,814,445,81.87077652812005,78.87846440926197,27.86150123924017,54.00927482694387,1.476614385843277,16391.625080108643,0.0,26.0,0.0,1.0,0.050000000000000044,1.6525535192340612,1.6525535192340612,0.0
standard_dqn,814,446,80.56645003110171,78.36886396691204,29.8856243416667,50.6808258831501,1.5123200388625264,16984.97583770752,0.0,24.0,0.0,2.0,0.050000000000000044,1.7703311741352081,1.7703311741352081,0.0
standard_dqn,814,447,75.58408527821302,77.95570071801544,28.19830983132124,47.38577547669411,1.4455969529226422,15563.12830734253,0.0,24.0,0.0,0.0,0.050000000000000044,1.3252797424793243,1.3252797424793243,0.0
standard_dqn,814,448,81.88447214066983,77.76342878803612,29.553890705108643,52.33058142066002,1.5063907857984304,16675.77763748169,0.0,24.0,0.0,1.0,0.050000000000000044,1.7782084420323372,1.7782084420323372,0.0
standard_dqn,814,449,90.0221837759018,78.22393024154009,28.742269091308117,61.279914915561676,1.495312581770122,16219.175994873047,0.0,28.0,0.0,1.0,0.050000000000000044,2.1574256271123886,2.1574256271123886,0.0
standard_dqn,814,450,78.359856107831,78.31858878247441,28.505874291062355,49.853981429338454,1.4819138338789344,16332.192302703857,0.0,24.0,0.0,1.0,0.050000000000000044,1.4369553476572037,1.4369553476572037,0.0
standard_dqn,814,451,85.85002967119217,79.29723848596217,28.76225531846285,57.08777452409267,1.4960867278277874,16483.498273849487,0.0,27.0,0.0,1.0,0.050000000000000044,1.7997593488544226,1.7997593488544226,0.0
standard_dqn,814,452,83.72483926415444,79.80062836609781,29.230460844933987,54.49437769651413,1.4945409093052149,16224.847732543945,0.0,24.0,0.0,1.0,0.050000000000000044,1.5484880786389112,1.5484880786389112,0.0
standard_dqn,814,453,78.4138885512948,79.77793295800687,27.57812336832285,50.8357652425766,1.4646324394270778,15549.542316436768,0.0,23.0,0.0,2.0,0.050000000000000044,1.581807004287839,1.581807004287839,0.0
standard_dqn,814,454,74.05610937774182,79.30342816084625,27.91317704319954,46.142931842803954,1.4507698696106672,16092.046928405762,0.0,22.0,0.0,1.0,0.050000000000000044,1.4915423430502415,1.4915423430502415,0.0
standard_dqn,814,455,81.9081739783287,79.65925093337894,28.240759037435055,53.66741493344307,1.4910071901977062,16427.60717010498,0.0,25.0,0.0,2.0,0.050000000000000044,1.9552175626158714,1.9552175626158714,0.0
standard_dqn,814,456,75.27757659703494,78.18963638029993,28.538191474974155,46.73938506245613,1.480972801335156,15987.789981842041,0.0,23.0,0.0,3.0,0.050000000000000044,1.970549726858735,1.970549726858735,0.0
standard_dqn,814,457,82.5268049120903,77.65744846887887,29.743933260440826,52.78287174105644,1.5178734976798296,16723.497245788574,0.0,24.0,0.0,5.0,0.050000000000000044,1.6187358684837818,1.6187358684837818,0.0
standard_dqn,814,458,96.99438636302948,79.27035324007274,33.542190596461296,63.452195334434506,1.6092453682795167,18843.637382507324,0.0,28.0,0.0,2.0,0.050000000000000044,1.369388658553362,1.369388658553362,0.0
standard_dqn,814,459,68.14796213805676,78.66505767211318,26.930327489972115,41.21763467788696,1.3972478173673153,14892.90828704834,0.0,20.0,0.0,0.0,0.050000000000000044,1.6197511088103056,1.6197511088103056,0.0
standard_dqn,814,460,73.50672356933356,79.45971345230937,28.750008039176464,44.75671533644199,1.480894684791565,16479.05424118042,0.0,21.0,0.0,1.0,0.050000000000000044,1.4834523294121027,1.4834523294121027,0.0
standard_dqn,814,461,76.16098249852658,79.84034362398089,27.725987747311592,48.43499449789524,1.4647696949541569,15764.874670028687,0.0,24.0,0.0,1.0,0.050000000000000044,1.6722225099802017,1.6722225099802017,0.0
standard_dqn,814,462,68.76912790685893,79.47951791629197,26.629627361893654,42.13950125277042,1.4031182965263724,14893.331520080566,0.0,21.0,0.0,1.0,0.050000000000000044,1.897120287641883,1.897120287641883,0.0
standard_dqn,814,463,72.10053356289863,78.83572436966003,26.724091842770576,45.37644192874431,1.412418750114739,15091.225090026855,0.0,21.0,0.0,2.0,0.050000000000000044,1.7251916900277138,1.7251916900277138,0.0
standard_dqn,814,464,85.98724149167538,79.5856101872027,28.603194698691368,57.384046733379364,1.4930315874516964,16609.523513793945,0.0,25.0,0.0,3.0,0.050000000000000044,1.6850390397012234,1.6850390397012234,0.0
standard_dqn,814,465,87.04433266222478,79.84428799390795,30.488474890589714,56.55585786104202,1.5385903026908636,17101.379737854004,0.0,25.0,0.0,2.0,0.050000000000000044,1.8055937327444553,1.8055937327444553,0.0
standard_dqn,814,466,79.49885886907578,79.79090843580664,27.709286257624626,51.789572075009346,1.4663210408762097,15703.687313079834,0.0,24.0,0.0,0.0,0.050000000000000044,1.4712485931813717,1.4712485931813717,0.0
standard_dqn,814,467,78.39586086720229,79.9314972152561,30.602292381227016,47.79356878399849,1.5285342345014215,17713.48426246643,0.0,21.0,0.0,1.0,0.050000000000000044,1.4971624854952097,1.4971624854952097,0.0
standard_dqn,814,468,87.73329115062953,80.2239381657541,29.56246791779995,58.17082344889641,1.5205456148833036,16960.256828308105,0.0,26.0,0.0,1.0,0.050000000000000044,1.5636574216187,1.5636574216187,0.0
standard_dqn,814,469,78.58823144584895,79.65224054925145,28.330734468996525,50.25749667882919,1.4783639665693045,15988.154647827148,0.0,22.0,0.0,1.0,0.050000000000000044,1.6915004830807447,1.6915004830807447,0.0
standard_dqn,814,470,75.64610836654902,79.51655316218736,27.336147129535675,48.30996115505695,1.437229873612523,15497.733909606934,0.0,23.0,0.0,1.0,0.050000000000000044,1.8305248599499464,1.8305248599499464,0.0
standard_dqn,814,471,82.64917575716973,79.35651046648624,29.44149887561798,53.207676553726195,1.5069592259824276,16487.985382080078,0.0,23.0,0.0,2.0,0.050000000000000044,1.7431838102638721,1.7431838102638721,0.0
standard_dqn,814,472,82.80470331162215,79.31050366885962,28.75516963750124,54.04953355491161,1.4829996898770332,16343.148090362549,0.0,27.0,0.0,2.0,0.050000000000000044,1.4549596421420574,1.4549596421420574,0.0
standard_dqn,814,473,82.10175484418869,79.4948969835043,28.60026954114437,53.50148494541645,1.498423214070499,16259.547096252441,0.0,24.0,0.0,2.0,0.050000000000000044,1.4895388446748257,1.4895388446748257,0.0
standard_dqn,814,474,81.30900823473931,79.85754192635419,30.533198922872543,50.77580972909927,1.5106135262176394,17374.535179138184,0.0,24.0,0.0,2.0,0.050000000000000044,1.8711521476507187,1.8711521476507187,0.0
standard_dqn,814,475,74.81032359004021,79.50264940693975,28.13905492424965,46.67126856148243,1.4587718723341823,15901.60283279419,0.0,22.0,0.0,1.0,0.050000000000000044,1.4772706516087055,1.4772706516087055,0.0
standard_dqn,814,476,95.68791100531817,80.52316612735392,30.333063445985317,65.35484712719918,1.537792761810124,17272.890617370605,0.0,29.0,0.0,3.0,0.050000000000000044,1.973168045282364,1.973168045282364,0.0
standard_dqn,814,477,88.61503942459822,80.82757785297933,31.14936240762472,57.46567683815956,1.5317425187677145,17439.12157058716,0.0,25.0,0.0,2.0,0.050000000000000044,1.6373834423720837,1.6373834423720837,0.0
standard_dqn,814,478,83.05263615399599,80.13049034252765,29.804854288697243,53.247782215476036,1.5137609234079719,16841.11700820923,0.0,24.0,0.0,0.0,0.050000000000000044,1.375861106440425,1.375861106440425,0.0
standard_dqn,814,479,68.7328943476081,80.15973695300521,26.34723375737667,42.38566053807735,1.422647357918322,14895.986511230469,0.0,21.0,0.0,1.0,0.050000000000000044,1.3488126378506422,1.3488126378506422,0.0
standard_dqn,814,480,67.30885751545429,79.84984365031126,26.746733285486698,40.56212429702282,1.40532486140728,15011.683883666992,0.0,21.0,0.0,0.0,0.050000000000000044,1.3628964759409428,1.3628964759409428,0.0
standard_dqn,814,481,74.96288332343102,79.78993869155647,28.320579320192337,46.64230428636074,1.4544542655348778,15624.938213348389,0.0,22.0,0.0,1.0,0.050000000000000044,1.7464511953294277,1.7464511953294277,0.0
standard_dqn,814,482,72.51853299885988,79.97740894615652,27.504522651433945,45.014010310173035,1.4433309584856033,15302.518852233887,0.0,22.0,0.0,0.0,0.050000000000000044,1.1980185396969318,1.1980185396969318,0.0
standard_dqn,814,483,79.47643505781889,80.34620402090252,28.826376259326935,50.650058671832085,1.4801373993977904,16348.359432220459,0.0,24.0,0.0,0.0,0.050000000000000044,1.6918413825333118,1.6918413825333118,0.0
standard_dqn,814,484,73.97186486423016,79.74543518953026,26.000157296657562,47.97170779109001,1.3928483864292502,14966.094161987305,0.0,23.0,0.0,0.0,0.050000000000000044,1.7332079112529755,1.7332079112529755,0.0
standard_dqn,814,485,78.66599781811237,79.32651844732463,27.623062379658222,51.04293543100357,1.4518068665638566,15628.401584625244,0.0,24.0,0.0,1.0,0.050000000000000044,1.6717101708054543,1.6717101708054543,0.0
standard_dqn,814,486,52.13493396490812,77.95832220211625,23.204849869012833,28.930084416270255,1.3298671199008822,12967.283107757568,0.0,16.0,0.0,3.0,0.050000000000000044,1.6771054565906525,1.6771054565906525,0.0
standard_dqn,814,487,82.7050789475441,78.17378310613336,28.254327818751335,54.4507513821125,1.4465534649789333,15707.788711547852,0.0,24.0,0.0,2.0,0.050000000000000044,1.5739766079932451,1.5739766079932451,0.0
standard_dqn,814,488,90.79720344543458,78.3269787208736,31.055271446704865,59.741932117938994,1.5507221147418022,17471.658123016357,0.0,28.0,0.0,1.0,0.050000000000000044,1.565554479137063,1.565554479137063,0.0
standard_dqn,814,489,54.44806956499815,77.11997062683108,23.488843224942684,30.95922616124153,1.3357601761817932,12918.690448760986,0.0,18.0,0.0,0.0,0.050000000000000044,1.6831563115119934,1.6831563115119934,0.0
standard_dqn,814,490,81.89553500711918,77.43244195885957,28.231061540544033,53.664472848176956,1.4686284745112062,16366.402225494385,0.0,25.0,0.0,0.0,0.050000000000000044,1.8813559897243977,1.8813559897243977,0.0
standard_dqn,814,491,90.99956473112107,77.84996140755715,30.60660293698311,60.39296191334724,1.525772518478334,17340.336395263672,0.0,26.0,0.0,1.0,0.050000000000000044,1.901254791766405,1.901254791766405,0.0
standard_dqn,814,492,70.25871900469065,77.22266219221056,27.55271889269352,42.70600001513958,1.4661664078012109,16180.782592773438,0.0,21.0,0.0,1.0,0.050000000000000044,1.9660233668982983,1.9660233668982983,0.0
standard_dqn,814,493,81.14216812700033,77.17468285635114,26.710901200771332,54.43126694858074,1.4514789013192058,15313.361503601074,0.0,26.0,0.0,2.0,0.050000000000000044,1.222213776782155,1.222213776782155,0.0
standard_dqn,814,494,89.02346608787775,77.56040574900807,32.1608981564641,56.86256764829159,1.5533558269962668,18196.714767456055,0.0,26.0,0.0,0.0,0.050000000000000044,1.478726489469409,1.478726489469409,0.0
standard_dqn,814,495,81.698381498456,77.90480864442885,29.053615242242813,52.64476612210274,1.4958429150283337,16349.81436920166,0.0,24.0,0.0,0.0,0.050000000000000044,1.8270413782447577,1.8270413782447577,0.0
standard_dqn,814,496,90.28684443980455,77.63475531615317,31.73091670125723,58.55592706799507,1.5819858089089394,18138.233659744263,0.0,26.0,0.0,1.0,0.050000000000000044,1.8724708519876003,1.8724708519876003,0.0
standard_dqn,814,497,89.35093534886838,77.67155011236669,30.955048970878124,58.39588598310947,1.5190422786399722,17176.843406677246,0.0,26.0,0.0,1.0,0.050000000000000044,2.010233089327812,2.010233089327812,0.0
standard_dqn,814,498,82.13910537213087,77.62587357327342,28.637065030634403,53.50204063951969,1.5124800223857164,16488.263275146484,0.0,26.0,0.0,0.0,0.050000000000000044,1.6400964800268412,1.6400964800268412,0.0
standard_dqn,814,499,96.46951396167279,79.01270455397666,31.938581325113773,64.53093259930611,1.5759264519438148,17906.4317779541,0.0,29.0,0.0,1.0,0.050000000000000044,2.083703186362982,2.083703186362982,0.0
standard_dqn,814,500,78.55995960980654,79.57525965869428,29.640845365822315,48.919114363193515,1.4820566000416875,16621.677433013916,0.0,22.0,0.0,3.0,0.050000000000000044,1.3731670454144478,1.3731670454144478,0.0
standard_dqn,814,501,86.18744151294231,80.13648756816984,30.794817201793194,55.39262455701828,1.526268626563251,17259.70948791504,0.0,25.0,0.0,0.0,0.050000000000000044,1.3407441675662994,1.3407441675662994,0.0
standard_dqn,814,502,85.59596439599991,80.79035913802684,29.535815604031086,56.0601490676403,1.4977518627420068,16497.55617904663,0.0,27.0,0.0,1.0,0.050000000000000044,1.6567528061568737,1.6567528061568737,0.0
standard_dqn,814,503,83.19612191170454,80.97634348072113,29.29246775060892,53.9036536693573,1.514826063066721,16864.889568328857,0.0,25.0,0.0,2.0,0.050000000000000044,1.757619246840477,1.757619246840477,0.0
standard_dqn,814,504,84.64636135101318,81.51006830506027,29.82654571533203,54.81981581449509,1.5163972107693553,16849.84072494507,0.0,25.0,0.0,0.0,0.050000000000000044,1.4071720000356436,1.4071720000356436,0.0
standard_dqn,814,505,89.62716891616583,82.05812685996294,30.897440053522587,58.729728907346725,1.5501500591635704,17355.980529785156,0.0,27.0,0.0,0.0,0.050000000000000044,1.2930654175579548,1.2930654175579548,0.0
standard_dqn,814,506,95.31113584339619,84.21693695388734,32.455220341682434,62.85591459274292,1.5830321265384555,18316.825267791748,0.0,28.0,0.0,0.0,0.050000000000000044,1.5376441814005375,1.5376441814005375,0.0
standard_dqn,814,507,75.91461405903101,83.87741370946169,28.621158704161644,47.29345540702343,1.4903448084369302,16597.389560699463,0.0,21.0,0.0,0.0,0.050000000000000044,1.6260858830064535,1.6260858830064535,0.0
standard_dqn,814,508,82.46520046293736,83.46081356033683,29.886451460421085,52.57874929308891,1.4957082523033023,16999.531425476074,0.0,25.0,0.0,1.0,0.050000000000000044,1.769738096743822,1.769738096743822,0.0
standard_dqn,814,509,100.21600215137005,85.74921018965543,34.840879678726196,65.37512236833572,1.6449221819639206,19613.486972808838,0.0,28.0,0.0,1.0,0.050000000000000044,1.6825652588158846,1.6825652588158846,0.0
standard_dqn,814,510,75.58296428620815,85.43358165360988,27.817399248480797,47.76556506752968,1.4599061608314514,15571.573154449463,0.0,23.0,0.0,1.0,0.050000000000000044,1.5421597734093666,1.5421597734093666,0.0
standard_dqn,814,511,94.47154449075461,85.60718064159155,32.26015963405371,62.21138455867767,1.5586805120110512,18252.84384536743,0.0,28.0,0.0,1.0,0.050000000000000044,1.721338527277112,1.721338527277112,0.0
standard_dqn,814,512,72.55380824953318,85.72193510383367,28.385007925331593,44.168800592422485,1.4667833326384425,15772.770839691162,0.0,24.0,0.0,0.0,0.050000000000000044,1.2913187388330698,1.2913187388330698,0.0
standard_dqn,814,513,80.80922699719667,85.70528804734349,28.758171193301678,52.051056548953056,1.4923514351248741,16743.31398010254,0.0,23.0,0.0,1.0,0.050000000000000044,1.8363916594535112,1.8363916594535112,0.0
standard_dqn,814,514,90.25132267177105,85.76668087653816,31.19774515926838,59.053577691316605,1.5844548139721155,18127.75636291504,0.0,27.0,0.0,0.0,0.050000000000000044,1.5960000976920128,1.5960000976920128,0.0
standard_dqn,814,515,49.249270448088645,84.1442253240198,23.502297207713127,25.746973434090613,1.3256146684288979,13443.674980163574,0.0,14.0,0.0,1.0,0.050000000000000044,1.924641340970993,1.924641340970993,0.0
standard_dqn,814,516,67.44181405007839,83.00197380453349,27.940514661371708,39.501299291849136,1.4337122775614262,15597.062599182129,0.0,20.0,0.0,1.0,0.050000000000000044,1.950700318440795,1.950700318440795,0.0
standard_dqn,814,517,92.90340542793274,83.1795973084867,31.774243466556072,61.129161566495895,1.5607207985594869,18019.713996887207,0.0,26.0,0.0,0.0,0.050000000000000044,1.7310374099761248,1.7310374099761248,0.0
standard_dqn,814,518,61.04433551579714,82.12485881567002,25.969365678727627,35.074969643354414,1.4286002209410071,14755.82333946228,0.0,19.0,0.0,2.0,0.050000000000000044,1.717280738055706,1.717280738055706,0.0
standard_dqn,814,519,90.42667778730393,81.82271700695158,31.993862986564636,58.43281554579735,1.5665092151612043,18128.22647857666,0.0,25.0,0.0,2.0,0.050000000000000044,1.4732745103538036,1.4732745103538036,0.0
standard_dqn,814,520,79.4424844533205,81.86684324912727,29.312597081065178,50.12988740205765,1.4909957367926836,15994.332698822021,0.0,24.0,0.0,1.0,0.050000000000000044,1.7188142612576485,1.7188142612576485,0.0
standard_dqn,814,521,82.9068101644516,81.70281168170274,30.17209856212139,52.73471178114414,1.5068440586328506,16944.766975402832,0.0,25.0,0.0,1.0,0.050000000000000044,1.612109113484621,1.612109113484621,0.0
standard_dqn,814,522,88.8145268112421,81.86373980246485,30.207716912031174,58.60680986940861,1.4843125818297267,16889.857151031494,0.0,27.0,0.0,0.0,0.050000000000000044,1.928097527474165,1.928097527474165,0.0
standard_dqn,814,523,66.11769110858441,81.00981826230884,25.29462992399931,40.82306116223335,1.3996177893131971,14256.778179168701,0.0,21.0,0.0,1.0,0.050000000000000044,1.932939164340496,1.932939164340496,0.0
standard_dqn,814,524,96.61364871263504,81.60818263038993,31.2944705337286,65.31917844712734,1.53830558154732,17483.016981124878,0.0,30.0,0.0,0.0,0.050000000000000044,1.839531822130084,1.839531822130084,0.0
standard_dqn,814,525,65.30940095335245,80.39229423224927,26.190545566380024,39.118855476379395,1.4143936419859529,14984.456287384033,0.0,20.0,0.0,2.0,0.050000000000000044,1.619274903088808,1.619274903088808,0.0
standard_dqn,814,526,86.46688054800033,79.95008146747946,29.012671776115894,57.45420833230018,1.4905671868473291,16053.290264129639,0.0,26.0,0.0,2.0,0.050000000000000044,1.6111603304743767,1.6111603304743767,0.0
standard_dqn,814,527,77.32910619825125,80.02080607444049,27.72314465045929,49.6059611082077,1.4446774516254663,15084.143909454346,0.0,23.0,0.0,1.0,0.050000000000000044,1.6371815893799067,1.6371815893799067,0.0
standard_dqn,814,528,73.63426036387682,79.57925906948745,29.06657937169075,44.56768064200878,1.4749858193099499,16536.719367980957,0.0,22.0,0.0,1.0,0.050000000000000044,1.7685510851442814,1.7685510851442814,0.0
standard_dqn,814,529,83.31996490955353,78.73445720739663,29.94438822567463,53.375576519966124,1.495186461135745,16419.02241897583,0.0,23.0,0.0,3.0,0.050000000000000044,1.8931788969784975,1.8931788969784975,0.0
standard_dqn,814,530,94.55570586919785,79.68309428654612,30.99579580873251,63.55991023182869,1.5438171504065394,17164.856601715088,0.0,29.0,0.0,1.0,0.050000000000000044,1.8345985673367977,1.8345985673367977,0.0
standard_dqn,814,531,59.12936327010393,77.9159852255136,24.421383000910282,34.707980209589,1.350644500926137,13552.631256103516,0.0,18.0,0.0,1.0,0.050000000000000044,1.6490817293524742,1.6490817293524742,0.0
standard_dqn,814,532,81.31652052104474,78.35412083908918,28.55999456346035,52.75652635991573,1.4932266902178526,16251.351699829102,0.0,25.0,0.0,1.0,0.050000000000000044,1.6641541961580515,1.6641541961580515,0.0
standard_dqn,814,533,77.19712466299534,78.1735157223791,28.20785965025425,48.989264371991155,1.5024974597617984,16037.427555084229,0.0,22.0,0.0,3.0,0.050000000000000044,2.0244042240083218,2.0244042240083218,0.0
standard_dqn,814,534,100.14692048728466,78.66829561315477,34.32959786057472,65.81732232868671,1.6144768055528402,19711.61996459961,0.0,30.0,0.0,0.0,0.050000000000000044,1.363267906010151,1.363267906010151,0.0
standard_dqn,814,535,71.30755190849304,79.77120968617498,27.164854981005192,44.1426962941885,1.4358851974830031,14837.11162185669,0.0,21.0,0.0,2.0,0.050000000000000044,1.6523280050605536,1.6523280050605536,0.0
standard_dqn,814,536,77.66788414865732,80.28251319110393,28.02745795994997,49.640426367521286,1.4893302815034986,15978.402912139893,0.0,25.0,0.0,0.0,0.050000000000000044,1.4888673555105925,1.4888673555105925,0.0
standard_dqn,814,537,91.42677418887615,80.20868162915112,30.146559692919254,61.28021450340748,1.5326894260942936,17150.30575942993,0.0,26.0,0.0,0.0,0.050000000000000044,1.696561112999916,1.696561112999916,0.0
standard_dqn,814,538,77.799236369133,81.0464266718179,29.01865328848362,48.78058334887028,1.4745476255193353,16315.889640808105,0.0,23.0,0.0,4.0,0.050000000000000044,1.8368996419012547,1.8368996419012547,0.0
standard_dqn,814,539,73.63658317625523,80.20692194126548,28.48018416762352,45.15639897882939,1.4750803271308541,15967.127311706543,0.0,22.0,0.0,4.0,0.050000000000000044,1.6054085567593575,1.6054085567593575,0.0
standard_dqn,814,540,87.8051702991128,80.62505623355509,30.434896014630795,57.37027426958084,1.5617994079366326,17746.96530532837,0.0,26.0,0.0,2.0,0.050000000000000044,1.4939282070845366,1.4939282070845366,0.0
standard_dqn,814,541,67.74758826196194,79.86709513843061,25.958007238805294,41.789580553770065,1.3841347191482782,14695.945426940918,0.0,21.0,0.0,0.0,0.050000000000000044,1.5596001539379358,1.5596001539379358,0.0
standard_dqn,814,542,61.495708145201206,78.50115420512856,24.038206554949284,37.45750153064728,1.3636653255671263,13903.095613479614,0.0,19.0,0.0,0.0,0.050000000000000044,1.707910567522049,1.707910567522049,0.0
standard_dqn,814,543,87.53868217170239,79.57220375828447,31.317311376333237,56.2213710039854,1.554431770928204,18008.97201538086,0.0,27.0,0.0,3.0,0.050000000000000044,1.6415119785815477,1.6415119785815477,0.0
standard_dqn,814,544,99.90509371757507,79.73677600853145,32.1541923135519,67.75090119540691,1.5517725758254528,17627.923847198486,0.0,30.0,0.0,2.0,0.050000000000000044,1.4206841215491295,1.4206841215491295,0.0
standard_dqn,814,545,70.94362236708403,80.01848707921803,28.143890343606472,42.79973175525665,1.4541211547330022,15658.466888427734,0.0,20.0,0.0,1.0,0.050000000000000044,1.9285369161516428,1.9285369161516428,0.0
standard_dqn,814,546,81.71858824044466,79.78107246384026,29.23065910488367,52.48792913556099,1.5184877337887883,16618.761520385742,0.0,25.0,0.0,0.0,0.050000000000000044,1.7451315727084875,1.7451315727084875,0.0
standard_dqn,814,547,96.5330043464899,80.74126737125218,33.762876465916634,62.7701277911663,1.6215751906856894,18970.044326782227,0.0,28.0,0.0,4.0,0.050000000000000044,1.293865643441677,1.293865643441677,0.0
standard_dqn,814,548,75.52048211544752,80.83557845883071,27.575663454830647,47.94481910765171,1.4656709441915154,15800.81430053711,0.0,24.0,0.0,1.0,0.050000000000000044,1.724043820053339,1.724043820053339,0.0
standard_dqn,814,549,78.8134230747819,80.61025136709215,28.531812615692616,50.28161096572876,1.4957565981894732,16339.311141967773,0.0,23.0,0.0,0.0,0.050000000000000044,2.127311633899808,2.127311633899808,0.0
standard_dqn,814,550,94.34106574952602,80.59951936110855,32.51527498662472,61.825790375471115,1.5472016287967563,18253.57305908203,0.0,28.0,0.0,1.0,0.050000000000000044,1.547536225989461,1.547536225989461,0.0
standard_dqn,814,551,59.44264138638973,80.61518326692284,24.561520121991634,34.881121480464934,1.3632898004725575,13441.673524856567,0.0,18.0,0.0,2.0,0.050000000000000044,1.5941898729652166,1.5941898729652166,0.0
standard_dqn,814,552,75.7978284060955,80.33924866117538,29.472378760576248,46.325449615716934,1.5069115469232202,16799.58215713501,0.0,21.0,0.0,2.0,0.050000000000000044,1.722159817814827,1.722159817814827,0.0
standard_dqn,814,553,77.13517350703478,80.33615110337735,27.664366364479065,49.47080713510513,1.4382103541865945,15395.982244491577,0.0,24.0,0.0,0.0,0.050000000000000044,1.571861119940877,1.571861119940877,0.0
standard_dqn,814,554,83.40318402647972,79.4989642803371,28.863874167203903,54.539309710264206,1.4824963910505176,16019.800037384033,0.0,25.0,0.0,0.0,0.050000000000000044,2.043437197804451,2.043437197804451,0.0
standard_dqn,814,555,99.5190282329917,80.90953809656204,34.39864742010832,65.12038061916829,1.61034591589123,19230.138242721558,0.0,29.0,0.0,1.0,0.050000000000000044,2.3410635888576508,2.3410635888576508,0.0
standard_dqn,814,556,99.87971510142089,82.02012964420021,31.85046861320734,68.02924626469613,1.5592544209212065,17668.00856781006,0.0,29.0,0.0,3.0,0.050000000000000044,1.571496034041047,1.571496034041047,0.0
standard_dqn,814,557,87.39567506611347,81.81857468806207,29.666408978402615,57.72926603555679,1.509577582590282,16936.46290206909,0.0,26.0,0.0,2.0,0.050000000000000044,1.5737979151308537,1.5737979151308537,0.0
standard_dqn,814,558,72.2916908800602,81.54319741360845,27.071166522800922,45.22052460312843,1.4264026992022991,15343.741565704346,0.0,21.0,0.0,1.0,0.050000000000000044,1.237762127071619,1.237762127071619,0.0
standard_dqn,814,559,73.52498700469732,81.53761760503055,26.997084386646748,46.527902871370316,1.4191762544214725,15132.255184173584,0.0,23.0,0.0,0.0,0.050000000000000044,2.09814684279263,2.09814684279263,0.0
standard_dqn,814,560,92.7830838739872,81.78651328377426,32.30313420295715,60.47994938790798,1.5735141541808844,18147.87331008911,0.0,27.0,0.0,3.0,0.050000000000000044,1.7732045892626047,1.7732045892626047,0.0
standard_dqn,814,561,80.34890392422676,82.41657906688751,29.005869016051292,51.343034848570824,1.4965447513386607,16730.539196014404,0.0,23.0,0.0,1.0,0.050000000000000044,1.3499652929604053,1.3499652929604053,0.0
standard_dqn,814,562,75.94690649211407,83.13913898423314,28.241473242640495,47.70543350279331,1.463881241157651,16209.140748977661,0.0,24.0,0.0,0.0,0.050000000000000044,1.2852304130792618,1.2852304130792618,0.0
standard_dqn,814,563,74.67973794192076,82.49619177274407,27.11578707396984,47.56395092010498,1.449308941140771,15251.199165344238,0.0,24.0,0.0,1.0,0.050000000000000044,1.7771423254162073,1.7771423254162073,0.0
standard_dqn,814,564,76.94515670239926,81.34819492198528,30.511540189385414,46.43361643850803,1.5050243306905031,17256.73978805542,0.0,21.0,0.0,1.0,0.050000000000000044,1.7999031022191048,1.7999031022191048,0.0
standard_dqn,814,565,65.24297766536475,81.06316268689932,26.48763420432806,38.75534361004829,1.4374803947284818,15289.10825920105,0.0,20.0,0.0,3.0,0.050000000000000044,1.3815246224403381,1.3815246224403381,0.0
standard_dqn,814,566,77.84921602904797,80.86969407632948,27.33591641485691,50.51329964399338,1.436017544940114,15499.103107452393,0.0,23.0,0.0,2.0,0.050000000000000044,1.6323313433676958,1.6323313433676958,0.0
standard_dqn,814,567,82.89637052714825,80.1878623853624,28.525080509483814,54.3712898015976,1.471781924366951,15897.843826293945,0.0,25.0,0.0,3.0,0.050000000000000044,1.4281574822962284,1.4281574822962284,0.0
standard_dqn,814,568,74.59897548854352,80.1417870540172,28.01164484769106,46.587330320477484,1.4381090681999922,15599.048553466797,0.0,23.0,0.0,2.0,0.050000000000000044,1.9920223951339722,1.9920223951339722,0.0
standard_dqn,814,569,57.64406055212021,79.08331892788411,26.515361666679382,31.12869879603386,1.4394495114684105,15371.605630874634,0.0,18.0,0.0,0.0,0.050000000000000044,1.8424179889261723,1.8424179889261723,0.0
standard_dqn,814,570,72.72546887397766,78.0025390841067,26.87130978703499,45.85415881872177,1.4356629624962807,14819.765836715698,0.0,23.0,0.0,1.0,0.050000000000000044,1.5896455012261868,1.5896455012261868,0.0
standard_dqn,814,571,87.49294172525406,79.4050541010499,31.667337231338024,55.82560450136661,1.5568697126582265,18037.346321105957,0.0,25.0,0.0,2.0,0.050000000000000044,1.6901104226708412,1.6901104226708412,0.0
standard_dqn,814,572,73.62702925503254,79.29651414349675,28.68732948601246,44.93969935178757,1.4695798764005303,15990.708557128906,0.0,22.0,0.0,1.0,0.050000000000000044,1.8000904228538275,1.8000904228538275,0.0
standard_dqn,814,573,64.8134809806943,78.68042951717972,26.15773117542267,38.65574970841408,1.3919115597382188,14594.087200164795,0.0,20.0,0.0,0.0,0.050000000000000044,1.5639182571321726,1.5639182571321726,0.0
standard_dqn,814,574,84.72686722874641,78.74661367729306,29.921175986528397,54.80569140613079,1.532058079726994,17078.572135925293,0.0,25.0,0.0,2.0,0.050000000000000044,1.9645651560276747,1.9645651560276747,0.0
standard_dqn,814,575,69.97705859392882,77.26951519533992,26.530644945800304,43.44641358852387,1.416306990198791,14933.413333892822,0.0,21.0,0.0,3.0,0.050000000000000044,1.7562562860548496,1.7562562860548496,0.0
standard_dqn,814,576,86.63823254406452,76.6074410674721,30.3320140093565,56.30621901154518,1.558506965637207,17540.817001342773,0.0,27.0,0.0,0.0,0.050000000000000044,2.271915290504694,2.271915290504694,0.0
standard_dqn,814,577,91.47042145729066,76.81117838703096,30.91126239299774,60.559159436821936,1.5402443958446383,17177.009021759033,0.0,28.0,0.0,2.0,0.050000000000000044,1.6174837965518236,1.6174837965518236,0.0
standard_dqn,814,578,94.05887554585934,77.89953762032093,33.441999688744545,60.61687606573105,1.5896185180172324,18755.05835723877,0.0,27.0,0.0,0.0,0.050000000000000044,1.475962484255433,1.475962484255433,0.0
standard_dqn,814,579,83.19311203211547,78.38294387169182,29.898928210139275,53.29418378472328,1.4979870868846774,17086.56834411621,0.0,23.0,0.0,2.0,0.050000000000000044,1.6660560257732868,1.6660560257732868,0.0
standard_dqn,814,580,73.88881428837776,77.43823039241137,27.246047414839268,46.64276682138443,1.4563779551535845,15444.984985351562,0.0,22.0,0.0,3.0,0.050000000000000044,1.4181441999971867,1.4181441999971867,0.0
standard_dqn,814,581,85.49781553447247,77.69567597292364,31.722580701112747,53.7752353399992,1.5250154407694936,17746.577262878418,0.0,24.0,0.0,0.0,0.050000000000000044,2.0791682302951813,2.0791682302951813,0.0
standard_dqn,814,582,89.76785391569138,78.3867233441025,32.42052283883095,57.34733060002327,1.5871817599982023,18397.830993652344,0.0,26.0,0.0,0.0,0.050000000000000044,1.6411379128694534,1.6411379128694534,0.0
standard_dqn,814,583,86.21620481610299,78.96354668781161,30.634287990629673,55.58191688507795,1.5323379766196012,17259.302726745605,0.0,25.0,0.0,2.0,0.050000000000000044,1.9280975200235844,1.9280975200235844,0.0
standard_dqn,814,584,92.93266769647599,79.76292223751545,33.632202461361885,59.30046529471874,1.6156378258019686,18809.82855987549,0.0,27.0,0.0,1.0,0.050000000000000044,1.9390278067439795,1.9390278067439795,0.0
standard_dqn,814,585,89.67235543131828,80.98439112581313,30.415370404720306,59.2569848626852,1.5227512056007981,17107.87528038025,0.0,27.0,0.0,3.0,0.050000000000000044,1.8572612274438143,1.8572612274438143,0.0
standard_dqn,814,586,81.72780816406012,81.17832073256375,28.13767261058092,53.59013509899378,1.4722855119034648,15790.438774108887,0.0,24.0,0.0,1.0,0.050000000000000044,1.7526572104543447,1.7526572104543447,0.0
standard_dqn,814,587,99.12885029017926,81.9899447207153,33.74790362268686,65.38094654083253,1.5979100642725825,19123.217065811157,0.0,30.0,0.0,1.0,0.050000000000000044,1.835564699023962,1.835564699023962,0.0
standard_dqn,814,588,64.10894391685724,81.46544314213098,25.564309507608414,38.5446343421936,1.3981197597458959,14267.643287658691,0.0,20.0,0.0,1.0,0.050000000000000044,1.6695752944797277,1.6695752944797277,0.0
standard_dqn,814,589,92.43776671588421,83.20512845031918,30.97565547376871,61.46211126446724,1.5526045178994536,17612.80327606201,0.0,29.0,0.0,0.0,0.050000000000000044,1.757510943338275,1.757510943338275,0.0
standard_dqn,814,590,90.46012736260892,84.09186137475074,32.39788122475147,58.06224616765976,1.5802296129986644,18262.61500930786,0.0,26.0,0.0,1.0,0.050000000000000044,1.672121450304985,1.672121450304985,0.0
standard_dqn,814,591,94.32182766497135,84.43330567173662,33.591689601540565,60.730138421058655,1.5824594432488084,18956.542583465576,0.0,27.0,0.0,1.0,0.050000000000000044,2.156644843518734,2.156644843518734,0.0
standard_dqn,814,592,95.00313861966133,85.50211113996804,30.259888388216496,64.74325058162212,1.5169115560129285,16676.401336669922,0.0,29.0,0.0,2.0,0.050000000000000044,1.4571988470852375,1.4571988470852375,0.0
standard_dqn,814,593,75.80587314069271,86.05173074796797,28.004758328199387,47.80111575126648,1.463960312306881,15418.841611862183,0.0,23.0,0.0,0.0,0.050000000000000044,1.8444323856383562,1.8444323856383562,0.0
standard_dqn,814,594,90.43946018218995,86.33736039564013,28.68723649531603,61.75222354531288,1.4984288942068815,16461.393299102783,0.0,28.0,0.0,1.0,0.050000000000000044,1.783640544861555,1.783640544861555,0.0
standard_dqn,814,595,75.39567353576422,86.60829114273191,26.860760420560837,48.534913435578346,1.4339722944423556,15439.680156707764,0.0,24.0,0.0,1.0,0.050000000000000044,1.4182481300085783,1.4182481300085783,0.0
standard_dqn,814,596,80.84316667467355,86.31853784926236,30.087139450013638,50.75602685213089,1.5054647531360388,16938.007244110107,0.0,23.0,0.0,3.0,0.050000000000000044,1.6737680099904537,1.6737680099904537,0.0
standard_dqn,814,597,84.54271647483111,85.97215260013938,29.888126775622368,54.65458952784538,1.5473575154319406,17545.47723007202,0.0,25.0,0.0,1.0,0.050000000000000044,2.1208587922155857,2.1208587922155857,0.0
standard_dqn,814,598,89.04558126628399,85.72148788616062,31.212895438075066,57.83268663287163,1.5174525110051036,17669.075325012207,0.0,26.0,0.0,0.0,0.050000000000000044,1.5369957126677036,1.5369957126677036,0.0
standard_dqn,814,599,64.42921162545682,84.78329286582769,27.302383970469236,37.126827427744864,1.4108709078282118,14976.703052520752,0.0,19.0,0.0,1.0,0.050000000000000044,2.185504164546728,2.185504164546728,0.0
