variant,model_seed,episode,cost,rolling_cost,immediate_cost,penalty,energy_use,latency_ms,thermal_violation,energy_violation,queue_violation,contact_violation,epsilon,loss,td_loss,auxiliary_loss
standard_dqn,813,0,162.65694958881403,162.65694958881403,45.48878711462021,117.16816253379844,1.9393686605617404,27007.219207763672,0.0,36.0,30.0,1.0,0.9954761904761905,,,
standard_dqn,813,1,122.90072243571282,142.7788360122634,43.36588501930237,79.534836820364,1.8401722591370344,25588.61843109131,0.0,32.0,2.0,0.0,0.9909523809523809,1.7371668815612793,1.7371668815612793,0.0
standard_dqn,813,2,252.85599137775984,179.47122113409554,46.0945099145174,206.76148146324243,2.004697747528553,27880.028469085693,0.0,40.0,39.0,1.0,0.9864285714285714,1.7274618074297905,1.7274618074297905,0.0
standard_dqn,813,3,93.22917430847883,157.91070942769136,36.26328597217798,56.96588769555092,1.637350469827652,20801.06293106079,0.0,26.0,0.0,0.0,0.981904761904762,1.8663380220532417,1.8663380220532417,0.0
standard_dqn,813,4,93.15205139815808,144.95897782178469,33.2581400051713,59.893911027908324,1.564065326936543,19400.09547996521,0.0,26.0,0.0,1.0,0.9773809523809524,1.5084748193621635,1.5084748193621635,0.0
standard_dqn,813,5,182.69550580985666,151.24839915313,43.051798433065414,139.6437072128785,2.104198041372001,28337.888473510742,0.0,34.0,30.0,0.0,0.9728571428571429,1.1877706684172153,1.1877706684172153,0.0
standard_dqn,813,6,124.6511240196228,147.44878841977183,41.832463443279266,82.8186601293087,1.808842372149229,24973.10061264038,0.0,36.0,1.0,0.0,0.9683333333333334,1.1513930261135101,1.1513930261135101,0.0
standard_dqn,813,7,126.45088485844316,144.82405047460577,39.232760578393936,87.21812471218287,1.80222084838897,24313.97124481201,0.0,32.0,15.0,1.0,0.9638095238095238,1.1403809636831284,1.1403809636831284,0.0
standard_dqn,813,8,152.93620204417607,145.72540064900247,44.96651995182037,107.96968242018121,1.8944189036265016,26972.389568328857,0.0,37.0,20.0,0.0,0.9592857142857143,1.2089787237346172,1.2089787237346172,0.0
standard_dqn,813,9,117.35685749351978,142.8885463334542,42.61109393835068,74.74576327204704,1.774849945679307,24680.40549850464,0.0,31.0,0.0,0.0,0.9547619047619048,0.9596025459468365,0.9596025459468365,0.0
standard_dqn,813,10,149.08245822082233,143.45162923230583,47.62845470011234,101.45400371442508,1.879189577884972,27166.167930603027,0.0,37.0,14.0,3.0,0.9502380952380952,0.7315013259649277,0.7315013259649277,0.0
standard_dqn,813,11,119.7808818176943,141.4790669477549,41.36497636139393,78.41590466653882,1.824526522308588,24537.745651245117,0.0,32.0,8.0,1.0,0.9457142857142857,0.6022033095359802,0.6022033095359802,0.0
standard_dqn,813,12,123.43201723098755,140.09083235415738,42.19088023900986,81.24113830327988,1.8512046905234456,24643.635765075684,0.0,33.0,0.0,4.0,0.9411904761904761,0.4391726106405258,0.4391726106405258,0.0
standard_dqn,813,13,123.54451037943363,138.9089522131057,42.67008410394192,80.87442699074745,1.7962723905220628,25054.403160095215,0.0,34.0,0.0,0.0,0.9366666666666666,0.35380949452519417,0.35380949452519417,0.0
standard_dqn,813,14,145.76277949321508,139.36587403177967,46.58283829689026,99.1799405108714,1.897936163470149,27017.259887695312,0.0,37.0,9.0,1.0,0.9321428571428572,0.33258693665266037,0.33258693665266037,0.0
standard_dqn,813,15,136.26346401056117,139.1719734054535,41.17824883759022,95.08521517297093,1.8073614835739136,24745.335834503174,0.0,33.0,12.0,0.0,0.9276190476190476,0.6675284523516893,0.6675284523516893,0.0
standard_dqn,813,16,139.81129674686807,139.20958066083085,43.75966756045818,96.05162970795054,1.9063611580058932,26118.87589263916,0.0,36.0,11.0,0.0,0.9230952380952381,0.7275701854377985,0.7275701854377985,0.0
standard_dqn,813,17,84.14417466521263,136.15039143885207,30.770097695291042,53.37407758831978,1.57053710706532,18400.56444168091,0.0,26.0,0.0,0.0,0.9185714285714286,0.4893359448760748,0.4893359448760748,0.0
standard_dqn,813,18,107.58076601028442,134.64672694261168,37.097454242408276,70.48331132829189,1.6810151422396302,21181.260047912598,0.0,29.0,0.0,2.0,0.914047619047619,0.3600698634982109,0.3600698634982109,0.0
standard_dqn,813,19,114.21705062091351,133.62524312652675,39.82095205783844,74.39609817564488,1.751506450586021,23128.083198547363,0.0,32.0,0.0,2.0,0.9095238095238095,0.3394148498773575,0.3394148498773575,0.0
standard_dqn,813,20,101.84619946032763,130.5847056201024,38.97835140675306,62.867848962545395,1.7051486866548657,23068.795070648193,0.0,28.0,0.0,0.0,0.905,0.3116075471043587,0.3116075471043587,0.0
standard_dqn,813,21,122.8478052186637,130.58205975924997,40.68400155007839,82.1638030576377,1.8001818796619773,23463.497383117676,0.0,35.0,1.0,1.0,0.9004761904761904,0.28753599245101213,0.28753599245101213,0.0
standard_dqn,813,22,109.8051557391882,123.42951797732137,38.032373547554016,71.77278289198875,1.7606474813073874,22381.208168029785,0.0,30.0,0.0,0.0,0.895952380952381,0.29397591575980186,0.29397591575980186,0.0
standard_dqn,813,23,124.54854187144429,124.99548635546967,42.74418348073959,81.80435882283837,1.8640798926353455,25136.127326965332,0.0,33.0,8.0,0.0,0.8914285714285715,0.66350407153368,0.66350407153368,0.0
standard_dqn,813,24,123.42626492305881,126.50919703171466,40.24739748239517,83.17886681481487,1.832441563718021,24111.490982055664,0.0,35.0,3.0,1.0,0.8869047619047619,0.5985322967171669,0.5985322967171669,0.0
standard_dqn,813,25,127.45265023257734,123.74705425285072,43.024137660861015,84.42851325716971,1.847716455347836,25255.521564483643,0.0,35.0,8.0,1.0,0.8823809523809524,0.39855799451470375,0.39855799451470375,0.0
standard_dqn,813,26,137.84950882164506,124.40697349295183,44.299175925552845,93.55033270237709,1.8855466581881046,26650.540237426758,0.0,32.0,10.0,1.0,0.8778571428571429,0.34775712713599205,0.34775712713599205,0.0
standard_dqn,813,27,99.2654150724411,123.04770000365173,38.026960015296936,61.238455191254616,1.7682315912097692,23187.775478363037,0.0,26.0,0.0,0.0,0.8733333333333333,0.3251657225191593,0.3251657225191593,0.0
standard_dqn,813,28,114.10686453277647,121.10623312808175,41.07404703646898,73.03281728769122,1.8510629832744598,25094.210208892822,0.0,31.0,6.0,1.0,0.8688095238095238,0.3324298458173871,0.3324298458173871,0.0
standard_dqn,813,29,101.66282377392054,120.32153144210179,36.58600275963545,65.07682067155838,1.6428170623257756,21229.55754852295,0.0,29.0,0.0,0.0,0.8642857142857143,0.3242938704788685,0.3242938704788685,0.0
standard_dqn,813,30,97.70653709769249,117.75273538594529,35.4351451843977,62.271391957998276,1.548807923682034,19622.7798538208,0.0,29.0,0.0,0.0,0.8597619047619047,0.29507339280098677,0.29507339280098677,0.0
standard_dqn,813,31,112.33555768430233,117.38046917927568,39.62665809690952,72.70889985561371,1.7534594731405377,23110.143768310547,0.0,31.0,0.0,0.0,0.8552380952380952,0.7295352444052696,0.7295352444052696,0.0
standard_dqn,813,32,110.86545911431313,116.75214127344198,38.539684757590294,72.32577385008335,1.6682777190580964,22380.61215209961,0.0,33.0,0.0,0.0,0.8507142857142858,0.5230669034644961,0.5230669034644961,0.0
standard_dqn,813,33,219.3679225848577,121.54331188371319,46.34885507822037,173.01906753643965,2.0020851772278547,27906.35422897339,0.0,39.0,38.0,0.0,0.8461904761904762,0.4182728510349989,0.4182728510349989,0.0
standard_dqn,813,34,143.30568533884073,121.42045717599447,43.515382170677185,99.79030355559372,1.8858171617612243,25456.3862991333,0.0,34.0,16.0,3.0,0.8416666666666667,0.43407066259533167,0.43407066259533167,0.0
standard_dqn,813,35,92.36537060141563,119.2255525055372,34.09936757385731,58.26600317656994,1.6242036009207368,19924.74074935913,0.0,27.0,0.0,0.0,0.8371428571428572,0.3512360155582428,0.3512360155582428,0.0
standard_dqn,813,36,115.82753504812717,118.02636442060013,38.4035257846117,77.42400869727135,1.7118306830525398,22304.689685821533,0.0,32.0,0.0,1.0,0.8326190476190476,0.3658873960375786,0.3658873960375786,0.0
standard_dqn,813,37,137.64410600066185,120.70136098737262,44.32937140762806,93.31473410129547,1.8230039700865746,25078.896173477173,0.0,38.0,0.0,0.0,0.8280952380952381,0.35453280713409185,0.35453280713409185,0.0
standard_dqn,813,38,108.76671631336212,120.76065850252648,38.7410523891449,70.02566449046135,1.706245006993413,22295.532234191895,0.0,30.0,0.0,3.0,0.8235714285714286,0.32307356409728527,0.32307356409728527,0.0
standard_dqn,813,39,114.20904806256294,120.76025837460895,40.795262679457664,73.41378554701805,1.7427753983065486,23323.702465057373,0.0,31.0,0.0,0.0,0.819047619047619,0.756915370002389,0.756915370002389,0.0
standard_dqn,813,40,103.29302581548691,120.8325996923669,38.3178935199976,64.97513305544854,1.6547407638281584,21506.813179016113,0.0,30.0,0.0,1.0,0.8145238095238095,0.43945867475122213,0.43945867475122213,0.0
standard_dqn,813,41,111.83489889651537,120.2819543762595,39.52607174962759,72.30882720649242,1.735374826937914,22621.00969696045,0.0,31.0,0.0,1.0,0.81,0.48572012409567833,0.48572012409567833,0.0
standard_dqn,813,42,113.88359315693378,120.4858762471468,38.3020765632391,75.58151644468307,1.7219743290916085,22452.48932647705,0.0,33.0,0.0,2.0,0.8054761904761905,0.44428445026278496,0.44428445026278496,0.0
standard_dqn,813,43,111.06212036311626,119.81155517173038,40.67355053126812,70.3885699659586,1.7486610133200884,23075.18557357788,0.0,30.0,0.0,0.0,0.800952380952381,0.390060898847878,0.390060898847878,0.0
standard_dqn,813,44,116.5713838428259,119.46881111771874,40.541184067726135,76.0301998347044,1.75230211019516,23093.52395248413,0.0,32.0,0.0,1.0,0.7964285714285715,0.39704648964107037,0.39704648964107037,0.0
standard_dqn,813,45,107.0538701787591,118.44887211502783,35.300089828670025,71.75378012657166,1.6954628331586719,20760.8620262146,0.0,31.0,0.0,0.0,0.7919047619047619,0.376987318508327,0.376987318508327,0.0
standard_dqn,813,46,127.83925529248557,117.94835943856985,42.54581405222416,85.2934416276916,1.8389028329402208,24760.719932556152,0.0,35.0,4.0,2.0,0.7873809523809524,0.4879659051075578,0.4879659051075578,0.0
standard_dqn,813,47,119.40896512567997,118.9555369412318,42.562819600105286,76.8461450189352,1.757258222438395,23958.77378463745,0.0,32.0,0.0,1.0,0.7828571428571429,0.6567001435905695,0.6567001435905695,0.0
standard_dqn,813,48,146.90544470500163,120.59546594984306,40.55935096740723,106.34609364818748,1.8422548677772284,24385.141403198242,0.0,36.0,21.0,4.0,0.7783333333333333,0.558190556243062,0.558190556243062,0.0
standard_dqn,813,49,113.25362352281809,121.17500593728793,36.47191292792559,76.78171062469482,1.7162708770483732,21529.371448516846,0.0,33.0,0.0,1.0,0.7738095238095238,0.5835382845252752,0.5835382845252752,0.0
standard_dqn,813,50,99.6493698373437,121.2721475742705,33.52150274068117,66.1278671860695,1.6020208923146129,19193.866806030273,0.0,27.0,0.0,2.0,0.7692857142857144,0.4114855192601681,0.4114855192601681,0.0
standard_dqn,813,51,129.456024663485,122.12817092322965,44.128550827503204,85.32747394028993,1.8514222325757146,25508.947994232178,0.0,35.0,6.0,2.0,0.7647619047619048,0.3893251521512866,0.3893251521512866,0.0
standard_dqn,813,52,97.77080427259207,121.47343818114359,32.977614022791386,64.79319051802159,1.5933045987039804,18858.65180206299,0.0,29.0,0.0,1.0,0.7602380952380953,0.4281352600082755,0.4281352600082755,0.0
standard_dqn,813,53,119.5057847827673,116.48033129103908,40.25707133114338,79.24871373474598,1.8582752775400877,23628.897048950195,0.0,34.0,0.0,2.0,0.7557142857142858,0.40498083364218473,0.40498083364218473,0.0
standard_dqn,813,54,101.2036104798317,114.3752275480886,38.573621183633804,62.62998977303505,1.7010515294969082,22478.834384918213,0.0,27.0,0.0,1.0,0.7511904761904762,0.6360382791608572,0.6360382791608572,0.0
standard_dqn,813,55,118.14898800253869,115.66440841814476,38.99426756799221,79.15472106039525,1.7104498706758022,22130.60285949707,0.0,34.0,0.0,2.0,0.7466666666666667,0.6246616579592228,0.6246616579592228,0.0
standard_dqn,813,56,120.98371059596539,115.92221719553667,38.854432821273804,82.12927731275559,1.7740460857748985,22596.3484954834,0.0,35.0,0.0,1.0,0.7421428571428572,0.599328612908721,0.599328612908721,0.0
standard_dqn,813,57,111.4997178837657,114.61499778969187,40.62938890606165,70.87032932043076,1.7557124635204673,23244.379791259766,0.0,30.0,0.0,1.0,0.7376190476190476,0.49587596394121647,0.49587596394121647,0.0
standard_dqn,813,58,114.61875536441804,114.90759974224466,40.34584479033947,74.27291072309018,1.806109487079084,23454.811443328857,0.0,31.0,0.0,1.0,0.7330952380952381,0.532256149686873,0.532256149686873,0.0
standard_dqn,813,59,94.18193396180868,113.90624403720696,35.13141305744648,59.05052128434181,1.6092898845672607,19707.732219696045,0.0,27.0,0.0,1.0,0.7285714285714286,0.45982834603637457,0.45982834603637457,0.0
standard_dqn,813,60,110.29882536828518,114.25653401484685,41.214120499789715,69.0847052782774,1.7270662374794483,23142.95036315918,0.0,30.0,0.0,1.0,0.724047619047619,0.5613353531807661,0.5613353531807661,0.0
standard_dqn,813,61,110.7427473306656,114.20192643655439,38.96739035844803,71.77535670399666,1.747528724372387,23256.859580993652,0.0,29.0,0.0,1.0,0.7195238095238095,0.45835873670876026,0.45835873670876026,0.0
standard_dqn,813,62,119.93498464673758,114.50449601104455,44.38850396126509,75.54648095369339,1.7755156494677067,24830.617343902588,0.0,31.0,0.0,1.0,0.7150000000000001,0.7530561834573746,0.7530561834573746,0.0
standard_dqn,813,63,106.37737806141376,114.27025889595943,35.00045831501484,71.37691995501518,1.6798490760847926,20033.01248550415,0.0,32.0,0.0,0.0,0.7104761904761905,0.6984984893351793,0.6984984893351793,0.0
standard_dqn,813,64,119.36006036400795,114.40969272201853,42.020546063780785,77.33951371908188,1.7121066376566887,23246.900398254395,0.0,32.0,0.0,0.0,0.7059523809523809,0.6291359281167388,0.6291359281167388,0.0
standard_dqn,813,65,114.48457351326942,114.78122788874404,39.576301872730255,74.90827170014381,1.7418580213561654,22580.24799346924,0.0,32.0,0.0,0.0,0.7014285714285715,0.5913559561595321,0.5913559561595321,0.0
standard_dqn,813,66,120.39398392438889,114.40896432033921,38.497858226299286,81.89612566828728,1.7801008587703109,22226.20443725586,0.0,34.0,0.0,1.0,0.6969047619047619,0.6025953534990549,0.6025953534990549,0.0
standard_dqn,813,67,116.68677070140839,114.27285459912564,42.08947202563286,74.59729831814766,1.850214040838182,24867.20541381836,0.0,32.0,0.0,1.0,0.6923809523809523,0.44896114710718393,0.44896114710718393,0.0
standard_dqn,813,68,133.24287307783058,113.58972601776709,43.90444837510586,89.33842425568987,1.916753962635994,25517.970233917236,0.0,36.0,6.0,0.0,0.687857142857143,0.4690420664846897,0.4690420664846897,0.0
standard_dqn,813,69,112.53194291293622,113.553641987273,38.90458019077778,73.62736260294915,1.7802124442532659,22698.369216918945,0.0,31.0,0.0,2.0,0.6833333333333333,0.572597574442625,0.572597574442625,0.0
standard_dqn,813,70,118.25052327811719,114.48369965931167,37.472210466861725,80.77831267714501,1.7189252814278007,21097.281860351562,0.0,35.0,0.0,1.0,0.6788095238095238,0.6723051983863115,0.6723051983863115,0.0
standard_dqn,813,71,109.09609326720238,113.46570308949754,38.48153727501631,70.61455589532852,1.6272129267454147,21474.095375061035,0.0,31.0,0.0,0.0,0.6742857142857144,0.6738316286355257,0.6738316286355257,0.0
standard_dqn,813,72,93.52121083438396,113.25322341758712,33.787432946264744,59.73377797007561,1.587404410354793,19519.837299346924,0.0,28.0,0.0,1.0,0.6697619047619048,0.7162467315793037,0.7162467315793037,0.0
standard_dqn,813,73,106.8404954969883,112.6199589532982,36.94820812344551,69.89228789508343,1.6811589365825057,21004.170555114746,0.0,31.0,0.0,0.0,0.6652380952380952,0.6834457768127322,0.6834457768127322,0.0
standard_dqn,813,74,112.34292882978916,113.17692487079607,38.23820798099041,74.10472031235695,1.7043596813455224,21935.07837677002,0.0,32.0,0.0,3.0,0.6607142857142857,0.6484100576490164,0.6484100576490164,0.0
standard_dqn,813,75,100.99141739308834,112.31904634032352,34.565421387553215,66.42599642276764,1.6383383981883526,19918.180027008057,0.0,29.0,0.0,0.0,0.6561904761904762,0.5907072052359581,0.5907072052359581,0.0
standard_dqn,813,76,114.61628181636334,112.00067490134344,39.75356248021126,74.86271951496602,1.7534447349607944,22896.225509643555,0.0,32.0,0.0,1.0,0.6516666666666667,0.5023429878056049,0.5023429878056049,0.0
standard_dqn,813,77,102.32030233740807,111.54170412402554,36.67871402949095,65.64158824086189,1.6931998431682587,20786.288536071777,0.0,29.0,0.0,1.0,0.6471428571428571,0.6358642391860485,0.6358642391860485,0.0
standard_dqn,813,78,100.68382457047701,110.84495758432851,37.268669195473194,63.41515555381775,1.7100301021710038,21848.918104171753,0.0,28.0,0.0,2.0,0.6426190476190476,0.8720402270555496,0.8720402270555496,0.0
standard_dqn,813,79,117.35912580043077,112.0038171762596,42.94269635528326,74.41643014550209,1.8018789803609252,24195.04514694214,0.0,32.0,0.0,0.0,0.6380952380952382,0.5966148599982262,0.5966148599982262,0.0
standard_dqn,813,80,114.53481373488903,112.2156165945898,37.362365171313286,77.17244834005832,1.701953305862844,21210.162757873535,0.0,33.0,0.0,2.0,0.6335714285714286,0.6326614636927843,0.6326614636927843,0.0
standard_dqn,813,81,125.41679526865482,112.94931899148926,44.6062216758728,80.81057313084602,1.8376102279871702,25145.332244873047,0.0,34.0,0.0,0.0,0.6290476190476191,0.5937622245401144,0.5937622245401144,0.0
standard_dqn,813,82,113.51036896556616,112.6280882074307,39.033685728907585,74.47668333351612,1.7815835010260344,23435.126976013184,0.0,31.0,0.0,0.0,0.6245238095238095,0.5064018256962299,0.5064018256962299,0.0
standard_dqn,813,83,101.53367588669062,112.38590309869451,34.91301154345274,66.62066458165646,1.6597543861716986,20087.275327682495,0.0,30.0,0.0,1.0,0.62,0.5586467953398824,0.5586467953398824,0.0
standard_dqn,813,84,114.78351203501225,112.15707568224475,40.07901218533516,74.70450001358986,1.732789546251297,22579.118198394775,0.0,33.0,0.0,1.0,0.6154761904761905,0.727411013096571,0.727411013096571,0.0
standard_dqn,813,85,103.33165665268898,111.59942983921573,34.64583347737789,68.68582348823547,1.6143975220620632,19801.619777679443,0.0,29.0,0.0,2.0,0.6109523809523809,0.8164853230118752,0.8164853230118752,0.0
standard_dqn,813,86,108.34976597279311,110.99721894163595,33.48250276595354,74.86726323664189,1.6346917496994138,19319.83508872986,0.0,33.0,0.0,1.0,0.6064285714285714,0.8671277612447739,0.8671277612447739,0.0
standard_dqn,813,87,109.2932034522295,110.62754057917698,37.61980286240578,71.67340053021908,1.7249559024348855,21879.131341934204,0.0,31.0,0.0,2.0,0.6019047619047619,0.6213896218687296,0.6213896218687296,0.0
standard_dqn,813,88,96.66881574839354,108.79883771270514,35.92239313572645,60.74642259776592,1.6719874925911427,20715.726306915283,0.0,26.0,0.0,2.0,0.5973809523809523,0.6979226600378752,0.6979226600378752,0.0
standard_dqn,813,89,100.52576468139887,108.19852880112828,37.4989380761981,63.02682653069496,1.669459174387157,21235.022861480713,0.0,28.0,0.0,0.0,0.592857142857143,0.7419477365911007,0.7419477365911007,0.0
standard_dqn,813,90,107.60051971673965,107.6660286230594,42.954332403838634,64.64618754386902,1.706150553189218,23660.875871658325,0.0,28.0,0.0,1.0,0.5883333333333334,0.6571166813373566,0.6571166813373566,0.0
standard_dqn,813,91,108.29677368104458,107.62606264375151,35.618251010775566,72.6785236388445,1.702443391084671,20716.56787109375,0.0,31.0,0.0,2.0,0.5838095238095238,0.6969477161765099,0.6969477161765099,0.0
standard_dqn,813,92,108.10781836509705,108.35539302028717,38.011582247912884,70.0962362587452,1.6784998634830117,21653.360248565674,0.0,32.0,0.0,0.0,0.5792857142857144,0.684035973623395,0.684035973623395,0.0
standard_dqn,813,93,110.22295615971089,108.5245160534233,37.18962721526623,73.03332879543305,1.76211295183748,21826.12864303589,0.0,31.0,0.0,1.0,0.5747619047619048,0.7088967356830835,0.7088967356830835,0.0
standard_dqn,813,94,108.15708422064782,108.31522382296623,38.10970492660999,70.04737929403782,1.7103467555716634,22194.323905944824,0.0,30.0,0.0,1.0,0.5702380952380952,0.6992884166538715,0.6992884166538715,0.0
standard_dqn,813,95,100.94958133399487,108.31313202001157,33.86925409734249,67.08032725155354,1.6195970010012388,19347.628463745117,0.0,30.0,0.0,1.0,0.5657142857142857,0.8656975328922272,0.8656975328922272,0.0
standard_dqn,813,96,97.77639620006084,107.47113773919644,35.60198862850666,62.174406945705414,1.6427795253694057,20376.667053222656,0.0,27.0,0.0,0.0,0.5611904761904762,0.8077089786529541,0.8077089786529541,0.0
standard_dqn,813,97,116.52401673793793,108.18132345922292,40.392742313444614,76.13127337396145,1.7669023936614394,22840.395706176758,0.0,34.0,0.0,0.0,0.5566666666666666,0.5741249425336719,0.5741249425336719,0.0
standard_dqn,813,98,123.9098845899105,109.34262646019461,40.520324006676674,83.38955959975719,1.7906495528295636,23111.595909118652,0.0,34.0,0.0,2.0,0.5521428571428572,0.6077868323773146,0.6077868323773146,0.0
standard_dqn,813,99,93.111297249794,108.13023503266274,33.89438485354185,59.21691209077835,1.5242591416463256,18635.678771972656,0.0,27.0,0.0,0.0,0.5476190476190477,0.7706610653549433,0.7706610653549433,0.0
standard_dqn,813,100,109.84090530872345,107.89553961135448,33.3880482763052,76.45285740494728,1.675876603461802,19504.560386657715,0.0,32.0,0.0,0.0,0.5430952380952381,0.7981948181986809,0.7981948181986809,0.0
standard_dqn,813,101,96.93507827073336,106.4714537614584,34.16923265904188,62.76584565639496,1.5941930264234543,19198.512964248657,0.0,28.0,0.0,1.0,0.5385714285714286,0.8265423439443111,0.8265423439443111,0.0
standard_dqn,813,102,93.04296860098839,105.44808374322952,32.612215742468834,60.43075242638588,1.5518973302096128,18660.93242263794,0.0,26.0,0.0,0.0,0.5340476190476191,0.9003330040723085,0.9003330040723085,0.0
standard_dqn,813,103,101.77871723473072,105.46033581063152,35.41987609863281,66.35884097218513,1.664874717593193,20356.278579711914,0.0,29.0,0.0,0.0,0.5295238095238095,0.6022734027355909,0.6022734027355909,0.0
standard_dqn,813,104,105.28322046399117,104.98532123208047,35.93565374612808,69.34756674766541,1.656747728586197,20473.813163757324,0.0,30.0,0.0,1.0,0.525,0.9080750718712807,0.9080750718712807,0.0
standard_dqn,813,105,105.43491116315127,105.09048395760358,34.77461212128401,70.66029954850674,1.7453319113701582,21089.4864654541,0.0,30.0,0.0,2.0,0.5204761904761905,0.7246211487799883,0.7246211487799883,0.0
standard_dqn,813,106,107.55601985156537,105.05079665154219,38.9329424649477,68.6230775654316,1.6333207339048386,21471.775161743164,0.0,28.0,0.0,1.0,0.5159523809523809,0.7599907703697681,0.7599907703697681,0.0
standard_dqn,813,107,107.47766755521297,104.96001985669139,34.07292194664478,73.4047457575798,1.6662651132792234,19670.172609329224,0.0,31.0,0.0,0.0,0.5114285714285716,0.6602464634925127,0.6602464634925127,0.0
standard_dqn,813,108,99.92151642739773,105.1226548906416,35.05516882240772,64.8663471877575,1.6361658899113536,19890.77262878418,0.0,30.0,0.0,1.0,0.506904761904762,0.8213630989193916,0.8213630989193916,0.0
standard_dqn,813,109,111.70981243997812,105.68185727857053,36.43953960388899,75.27027305960655,1.732203251682222,21207.378177642822,0.0,32.0,0.0,1.0,0.5023809523809524,0.9835264626890421,0.9835264626890421,0.0
standard_dqn,813,110,98.34493472576142,105.21907802902163,36.58372776210308,61.76120741069317,1.6167830545455217,20372.584358215332,0.0,27.0,0.0,1.0,0.4978571428571429,0.8650124631822109,0.8650124631822109,0.0
standard_dqn,813,111,97.21646373718977,104.66506253182888,34.97433949261904,62.242124140262604,1.6088606929406524,19943.618656158447,0.0,28.0,0.0,0.0,0.4933333333333334,0.8059842884540558,0.8059842884540558,0.0
standard_dqn,813,112,94.23702768981457,103.97152299806476,33.04307872802019,61.19394837319851,1.5538301458582282,18705.33564376831,0.0,28.0,0.0,1.0,0.4888095238095238,1.0418929513543844,1.0418929513543844,0.0
standard_dqn,813,113,102.67344351261855,103.59404736571014,33.770130924880505,68.90331309437752,1.6747962608933449,19432.85994720459,0.0,30.0,0.0,2.0,0.4842857142857143,0.8561323042958975,0.8561323042958975,0.0
standard_dqn,813,114,98.96002072840929,103.13419419109823,33.27355398982763,65.68646684288979,1.6277949828654528,19079.728414535522,0.0,28.0,0.0,1.0,0.4797619047619047,0.7035311199724674,0.7035311199724674,0.0
standard_dqn,813,115,109.72144091129303,103.5727871699631,39.66700820624828,70.05443294346333,1.7308999728411436,22822.103553771973,0.0,31.0,0.0,0.0,0.47523809523809524,0.7013344671577215,0.7013344671577215,0.0
standard_dqn,813,116,103.68876357376575,103.86840553864836,35.491651587188244,68.19711203873158,1.7416734239086509,21117.145931243896,0.0,29.0,0.0,0.0,0.47071428571428575,0.7080563083291054,0.7080563083291054,0.0
standard_dqn,813,117,94.748919531703,102.77965067833661,34.15197341144085,60.59694662690163,1.5826366171240807,19463.360069274902,0.0,27.0,0.0,0.0,0.46619047619047627,0.944705531001091,0.944705531001091,0.0
standard_dqn,813,118,97.08532049655915,101.43842247366906,32.46692803502083,64.61839256584645,1.6382379699498415,18848.19400024414,0.0,27.0,0.0,1.0,0.46166666666666667,0.9077403899282217,0.9077403899282217,0.0
standard_dqn,813,119,100.08478736877441,101.78709697961808,33.47113110870123,66.61365669965744,1.585227170959115,18774.405319213867,0.0,31.0,0.0,1.0,0.4571428571428572,0.8151429649442434,0.8151429649442434,0.0
standard_dqn,813,120,89.90131829082966,100.7901176287234,34.0892044827342,55.81211441159248,1.5918950289487839,19552.414699554443,0.0,26.0,0.0,1.0,0.4526190476190477,0.8751586601138115,0.8751586601138115,0.0
standard_dqn,813,121,102.70460012555122,101.07859372146429,35.28218503296375,67.42241480946541,1.629537258297205,20125.345935821533,0.0,30.0,0.0,0.0,0.4480952380952381,1.0297034308314323,1.0297034308314323,0.0
standard_dqn,813,122,104.64932507276535,101.65891154505314,33.5763114541769,71.07301357388496,1.602261166088283,19186.066961288452,0.0,32.0,0.0,0.0,0.4435714285714286,0.766534648835659,0.766534648835659,0.0
standard_dqn,813,123,94.31080498546362,101.28551593258979,35.12685861438513,59.1839464455843,1.6356479274109006,20236.930326461792,0.0,26.0,0.0,0.0,0.439047619047619,0.7491237577050924,0.7491237577050924,0.0
standard_dqn,813,124,96.28192682564259,100.83545125067235,35.40807454288006,60.873852252960205,1.6012856531888247,19442.81414794922,0.0,26.0,0.0,0.0,0.43452380952380953,0.6919575352221727,0.6919575352221727,0.0
standard_dqn,813,125,84.82328819036483,99.80487010203302,30.926504708826542,53.896783593297,1.5196112487465143,17538.046646118164,0.0,25.0,0.0,2.0,0.43000000000000005,0.9148780759423971,0.9148780759423971,0.0
standard_dqn,813,126,118.44883455336094,100.34951083712279,36.59619319438934,81.85264095664024,1.7439440106973052,20879.302562713623,0.0,36.0,0.0,0.0,0.42547619047619056,0.9618136584758759,0.9618136584758759,0.0
standard_dqn,813,127,100.85773285031318,100.0185141018778,33.817780025303364,67.03995289206505,1.591049613431096,18971.128007888794,0.0,28.0,0.0,3.0,0.42095238095238097,0.9616242460906506,0.9616242460906506,0.0
standard_dqn,813,128,97.9343801215291,99.91915728658437,33.809993885457516,64.12438628077507,1.6401737416163087,19353.63233757019,0.0,28.0,0.0,0.0,0.41642857142857137,0.8091943077743053,0.8091943077743053,0.0
standard_dqn,813,129,125.37001456320286,100.60216739274561,42.7050661072135,82.66494809091091,1.7898503569886088,24135.057041168213,0.0,34.0,0.0,1.0,0.4119047619047619,0.8189645055681467,0.8189645055681467,0.0
standard_dqn,813,130,95.19774414002896,100.44480786345899,33.736224725842476,61.46151936948299,1.6361864572390914,18977.332370758057,0.0,26.0,0.0,3.0,0.4073809523809524,0.9698264021426439,0.9698264021426439,0.0
standard_dqn,813,131,93.91364563405514,100.27966695830227,34.81783314049244,59.09581207633018,1.6331559913232923,19862.563913345337,0.0,26.0,0.0,1.0,0.4028571428571429,0.8961276970803738,0.8961276970803738,0.0
standard_dqn,813,132,98.616892516613,100.4986601996422,35.12064430862665,63.49624802172184,1.6627384638413787,20239.26850128174,0.0,30.0,0.0,0.0,0.39833333333333343,1.068289266899228,1.068289266899228,0.0
standard_dqn,813,133,104.68890281021595,100.59943316452207,34.184003844857216,70.50489850342274,1.6637337701395154,19737.921504974365,0.0,31.0,0.0,0.0,0.39380952380952383,0.9332573972642422,0.9332573972642422,0.0
standard_dqn,813,134,90.39835786223412,100.17135002121331,34.787119418382645,55.61123886108398,1.594166492111981,19883.248504638672,0.0,25.0,0.0,2.0,0.38928571428571423,0.9483505412936211,0.9483505412936211,0.0
standard_dqn,813,135,88.02807521224022,99.08668173626066,29.40815758705139,58.61991753578186,1.496520172804594,16898.612228393555,0.0,26.0,0.0,1.0,0.38476190476190475,0.7171431295573711,0.7171431295573711,0.0
standard_dqn,813,136,98.56451170891523,98.83046914301814,34.21919397264719,64.3453180193901,1.6563630038872361,19709.74824142456,0.0,28.0,0.0,0.0,0.38023809523809526,0.8398178666830063,0.8398178666830063,0.0
standard_dqn,813,137,83.30672905743123,98.25835961930456,30.723337769508362,52.58339146673679,1.5360524924471974,17469.12686920166,0.0,24.0,0.0,1.0,0.3757142857142858,0.971428420394659,0.971428420394659,0.0
standard_dqn,813,138,97.83578284978867,98.29588273696604,33.747490145266056,64.0882929801941,1.5465440731495619,18349.74942779541,0.0,28.0,0.0,2.0,0.3711904761904763,0.8396271802484989,0.8396271802484989,0.0
standard_dqn,813,139,114.97079852968454,99.04018329501153,40.30094776302576,74.66985094547272,1.7166639268398285,22598.38709640503,0.0,33.0,0.0,0.0,0.3666666666666667,0.7475143019109964,0.7475143019109964,0.0
standard_dqn,813,140,101.68587553501129,99.62941115722062,35.20562166720629,66.48025360703468,1.6904720067977905,20633.95277404785,0.0,28.0,0.0,0.0,0.3621428571428572,1.0416544768959284,1.0416544768959284,0.0
standard_dqn,813,141,102.99303551018238,99.64383292645216,35.15568086504936,67.83735467493534,1.6162062669172883,19482.316200256348,0.0,29.0,0.0,0.0,0.3576190476190476,0.9976895768195391,0.9976895768195391,0.0
standard_dqn,813,142,92.62923270463943,99.04282830804587,31.871177151799202,60.75805535912514,1.6017243843525648,18021.506238937378,0.0,28.0,0.0,0.0,0.35309523809523813,0.8079765141010284,0.8079765141010284,0.0
standard_dqn,813,143,80.69527066648007,98.36205159209669,28.944805786013603,51.75046514868736,1.4975539613515139,16553.4500579834,0.0,24.0,0.0,2.0,0.34857142857142864,0.7976540699601173,0.7976540699601173,0.0
standard_dqn,813,144,91.9734120965004,98.14662585563958,31.43595677614212,60.537455290555954,1.6266618110239506,18672.38034439087,0.0,28.0,0.0,1.0,0.34404761904761905,0.7763371616601944,0.7763371616601944,0.0
standard_dqn,813,145,102.62643468379974,99.03678318031133,33.05904709547758,69.56738741695881,1.6414662897586823,19024.322555541992,0.0,33.0,0.0,0.0,0.33952380952380956,0.913756538182497,0.913756538182497,0.0
standard_dqn,813,146,116.87989054620266,98.95833597995342,36.97934053838253,79.90055054426193,1.6984660048037767,20845.098518371582,0.0,33.0,0.0,0.0,0.3350000000000001,1.0517944786697626,1.0517944786697626,0.0
standard_dqn,813,147,113.40189974904061,99.5855443248898,37.465734884142876,75.93616450726986,1.7517287516966462,21511.67763900757,0.0,33.0,0.0,2.0,0.3304761904761905,0.9419096559286118,0.9419096559286118,0.0
standard_dqn,813,148,98.1714996099472,99.59740029931069,33.05835683643818,65.11314263939857,1.609518569894135,18871.18307876587,0.0,29.0,0.0,0.0,0.325952380952381,1.2233226466923952,1.2233226466923952,0.0
standard_dqn,813,149,88.96503011286259,97.77715107679369,31.210572578012943,57.75445746779442,1.519082074984908,17270.566082000732,0.0,26.0,0.0,1.0,0.3214285714285714,0.9830950088799,0.9830950088799,0.0
standard_dqn,813,150,127.67160356193781,99.40084404788914,42.96528223901987,84.7063212633133,1.825177134014666,24007.18987083435,0.0,36.0,0.0,1.0,0.3169047619047619,0.8117447793483734,0.8117447793483734,0.0
standard_dqn,813,151,124.45727671086789,100.92802560172977,40.19405223429203,84.26322456598282,1.7166773695498705,21948.03900718689,0.0,35.0,0.0,1.0,0.3123809523809524,1.025100614875555,1.025100614875555,0.0
standard_dqn,813,152,82.72220933437347,100.13329144261779,30.553022161126137,52.16918709874153,1.5463581066578627,17819.309322357178,0.0,25.0,0.0,0.0,0.30785714285714294,0.8322956822812557,0.8322956822812557,0.0
standard_dqn,813,153,92.64871862530708,99.53128223337235,31.82612969726324,60.822588846087456,1.5983925946056843,18075.846099853516,0.0,28.0,0.0,1.0,0.30333333333333345,0.9909477774053812,0.9909477774053812,0.0
standard_dqn,813,154,109.12801594436169,100.46776513747872,37.92452358454466,71.20349184572697,1.7083629295229912,21343.168422698975,0.0,31.0,0.0,1.0,0.29880952380952375,0.9386965669691563,0.9386965669691563,0.0
standard_dqn,813,155,89.63142102211714,100.54793242797257,34.02545756846666,55.60596388578415,1.6366118863224983,19698.09819793701,0.0,24.0,0.0,0.0,0.29428571428571426,0.9565142765641212,0.9565142765641212,0.0
standard_dqn,813,156,108.12934524714947,101.02617410488429,36.722301207482815,71.40704392790795,1.6871406538411975,20646.895206451416,0.0,31.0,0.0,1.0,0.2897619047619048,1.112180657684803,1.112180657684803,0.0
standard_dqn,813,157,104.65020417422056,102.09334786072375,32.63981504738331,72.01038920879364,1.6487028412520885,18954.191215515137,0.0,32.0,0.0,0.0,0.2852380952380953,1.1911414861679077,1.1911414861679077,0.0
standard_dqn,813,158,99.00026073455811,102.15157175496222,32.98378849774599,66.01647245287896,1.6203667530789971,18777.38929748535,0.0,30.0,0.0,2.0,0.2807142857142858,1.0780508778989315,1.0780508778989315,0.0
standard_dqn,813,159,103.20427368581295,101.56324551276865,33.108366683125496,70.0959070622921,1.6241495525464416,18416.28400039673,0.0,30.0,0.0,1.0,0.2761904761904763,1.0843192115426064,1.0843192115426064,0.0
standard_dqn,813,160,108.66187477856874,101.91204547494651,36.77334241569042,71.8885327577591,1.7051333086565137,21117.62559890747,0.0,29.0,0.0,1.0,0.2716666666666666,1.0585150998085737,1.0585150998085737,0.0
standard_dqn,813,161,117.58241276443005,102.64151433765889,38.51602412760258,79.0663892030716,1.7417584145441651,21925.33383178711,0.0,35.0,0.0,0.0,0.2671428571428571,0.9942977074533701,0.9942977074533701,0.0
standard_dqn,813,162,86.66638457775116,102.34337193131446,30.981239035725594,55.68514555692673,1.5278570279479027,17206.080017089844,0.0,27.0,0.0,0.0,0.26261904761904764,0.9549322165548801,0.9549322165548801,0.0
standard_dqn,813,163,104.29685861766339,103.52345132887362,33.49995435029268,70.7969042301178,1.598364483565092,18401.510528564453,0.0,30.0,0.0,1.0,0.25809523809523816,0.8877188358455896,0.8877188358455896,0.0
standard_dqn,813,164,93.31057325005531,103.5903093865514,32.96237637102604,60.34819592535496,1.6099277194589376,18954.777561187744,0.0,26.0,0.0,0.0,0.25357142857142867,1.11657833494246,1.11657833494246,0.0
standard_dqn,813,165,86.45138384401798,102.7815568445623,28.888720341026783,57.5626640021801,1.523986087180674,16048.869960784912,0.0,27.0,0.0,0.0,0.24904761904761907,1.0173349771648645,1.0173349771648645,0.0
standard_dqn,813,166,106.96994545459748,102.28605958998205,37.12199982255697,69.8479459822178,1.666229342110455,20420.39506149292,0.0,31.0,0.0,1.0,0.2445238095238096,0.9531824216246605,0.9531824216246605,0.0
standard_dqn,813,167,91.07757012546062,101.16984310880304,31.185058064758778,59.89251145720482,1.572582914493978,17759.995491027832,0.0,27.0,0.0,1.0,0.24,0.7833406571298838,0.7833406571298838,0.0
standard_dqn,813,168,98.37633973509074,101.18008511506022,32.47279014438391,65.903549143672,1.6030509304255247,18297.70858001709,0.0,28.0,0.0,2.0,0.2354761904761905,0.9845487046986818,0.9845487046986818,0.0
standard_dqn,813,169,96.32448226511478,101.54805772267284,33.89670667797327,62.42777519226074,1.5981414010748267,18980.18741607666,0.0,29.0,0.0,3.0,0.23095238095238102,1.008777316659689,1.008777316659689,0.0
standard_dqn,813,170,91.50743158906698,99.73984912402929,33.49636096507311,58.011070758104324,1.5741516835987568,18875.526985168457,0.0,25.0,0.0,1.0,0.22642857142857142,0.8406333588063717,0.8406333588063717,0.0
standard_dqn,813,171,96.57329952716827,98.3456502648443,32.33483114093542,64.23846784234047,1.6247298894450068,18853.786056518555,0.0,30.0,0.0,0.0,0.22190476190476194,1.0295142140239477,1.0295142140239477,0.0
standard_dqn,813,172,102.9956467986107,99.35932213805617,36.660108119249344,66.33553923070431,1.6389074074104428,20531.85697555542,0.0,30.0,0.0,1.0,0.21738095238095245,1.4527360126376152,1.4527360126376152,0.0
standard_dqn,813,173,92.66414406895638,99.36009341023863,30.24168436974287,62.42245951294899,1.5251089604571462,17017.56088256836,0.0,28.0,0.0,0.0,0.21285714285714286,0.9411775432527065,0.9411775432527065,0.0
standard_dqn,813,174,109.19971669614316,99.36367844782771,39.37150552868843,69.82821173369885,1.6831674575805664,21447.66189956665,0.0,31.0,0.0,1.0,0.20833333333333337,1.020436804741621,1.020436804741621,0.0
standard_dqn,813,175,105.62040960043669,100.16312787674369,36.85773401707411,68.76267622411251,1.6604580916464329,20502.58351135254,0.0,31.0,0.0,1.0,0.20380952380952377,0.9478872586041689,0.9478872586041689,0.0
standard_dqn,813,176,92.3863260820508,99.37597691848876,31.540553994476795,60.84577226638794,1.5550183467566967,17547.666801452637,0.0,29.0,0.0,1.0,0.1992857142857143,1.0130424741655588,1.0130424741655588,0.0
standard_dqn,813,177,81.55087699890137,98.22101055972279,28.326183043420315,53.22469411194324,1.457993146032095,15911.570171356201,0.0,25.0,0.0,1.0,0.1947619047619048,0.7472779098898172,0.7472779098898172,0.0
standard_dqn,813,178,97.78142611086369,98.16006882853807,30.853522285819054,66.92790361642838,1.5728731052950025,17843.11001586914,0.0,29.0,0.0,1.0,0.19023809523809532,0.9921004269272089,0.9921004269272089,0.0
standard_dqn,813,179,104.29828040450812,98.21476916447284,38.02551335841417,66.27276715040207,1.6975100254639983,21160.6270904541,0.0,29.0,0.0,3.0,0.18571428571428583,0.9266239758580923,0.9266239758580923,0.0
standard_dqn,813,180,101.41769999265671,97.85256042517724,35.829994060099125,65.58770659565926,1.6419372633099556,20041.765075683594,0.0,29.0,0.0,0.0,0.18119047619047624,1.2100168354809284,1.2100168354809284,0.0
standard_dqn,813,181,102.63480952382088,97.10518026314676,33.2002407386899,69.43456892669201,1.6318007241934538,18692.69004058838,0.0,31.0,0.0,0.0,0.17666666666666664,1.0259214751422405,1.0259214751422405,0.0
standard_dqn,813,182,102.32028702795506,97.88787538565695,34.350752636790276,67.96953486800194,1.6756440997123718,19611.490634918213,0.0,29.0,0.0,2.0,0.17214285714285715,1.1571534052491188,1.1571534052491188,0.0
standard_dqn,813,183,78.23515442907811,96.5847901762277,28.758462227880955,49.47669135928154,1.4793011983856559,15864.166961669922,0.0,24.0,0.0,1.0,0.16761904761904767,1.1659840121865273,1.1659840121865273,0.0
standard_dqn,813,184,95.01504498720169,96.67001376308502,34.96488407254219,60.05016082525253,1.6323129143565893,19725.589626312256,0.0,27.0,0.0,1.0,0.16309523809523818,0.9486934244632721,0.9486934244632721,0.0
standard_dqn,813,185,91.69847742468119,96.93236844211819,32.1300814896822,59.56839540600777,1.6050603715702891,18474.11554336548,0.0,26.0,0.0,1.0,0.1585714285714287,1.1398408208042383,1.1398408208042383,0.0
standard_dqn,813,186,103.8471489995718,96.77622861936689,35.434862568974495,68.41228604316711,1.6738394377753139,20184.791778564453,0.0,29.0,0.0,1.0,0.1540476190476191,0.9965583365410566,0.9965583365410566,0.0
standard_dqn,813,187,92.30594483911992,96.83764735504985,33.65521910786629,58.65072583556175,1.5529376789927483,18274.089714050293,0.0,25.0,0.0,1.0,0.1495238095238095,1.2033788207918406,1.2033788207918406,0.0
standard_dqn,813,188,86.33016687035561,96.23533871181311,29.28253200650215,57.047634506225585,1.5018585082143545,16193.774354934692,0.0,25.0,0.0,2.0,0.14500000000000002,1.217883514240384,1.217883514240384,0.0
standard_dqn,813,189,68.850759267807,94.86165256194772,26.615350641310215,42.235408291220665,1.4340829970315099,14753.273025512695,0.0,21.0,0.0,0.0,0.14047619047619053,1.187303066253662,1.187303066253662,0.0
standard_dqn,813,190,88.66182145476341,94.71937205523254,32.11989473551512,56.54192680120468,1.548737428151071,17910.23046875,0.0,25.0,0.0,0.0,0.13595238095238105,1.191066613420844,1.191066613420844,0.0
standard_dqn,813,191,78.18260714709758,93.799837436229,30.50109702348709,47.68151018321514,1.5242562033236027,16753.159740447998,0.0,22.0,0.0,2.0,0.13142857142857145,1.2415864765644073,1.2415864765644073,0.0
standard_dqn,813,192,68.78611666858197,92.08936092972756,26.489379927515984,42.29673691987991,1.40969308745116,14200.073055267334,0.0,22.0,0.0,1.0,0.12690476190476196,1.1002851352095604,1.1002851352095604,0.0
standard_dqn,813,193,74.40621184557676,91.17646431855857,29.918908022344112,44.487304225564,1.5253964075818658,16760.825618743896,0.0,20.0,0.0,0.0,0.12238095238095237,0.9863054044544697,0.9863054044544697,0.0
standard_dqn,813,194,109.92896435558796,91.21292670153083,34.352202251553535,75.57676264047623,1.6742890365421772,19543.71482849121,0.0,32.0,0.0,2.0,0.11785714285714288,1.0465781651437283,1.0465781651437283,0.0
standard_dqn,813,195,96.82588898390532,90.77320067070426,31.293342985212803,65.53254529833794,1.5374877154827118,17054.93466949463,0.0,28.0,0.0,1.0,0.1133333333333334,1.3869620766490698,1.3869620766490698,0.0
standard_dqn,813,196,92.0134250164032,90.75455561742187,33.183425188064575,58.82999967932701,1.589213072322309,18422.118545532227,0.0,26.0,0.0,1.0,0.1088095238095238,1.1887943893671036,1.1887943893671036,0.0
standard_dqn,813,197,92.57381266355515,91.30570240065455,32.527284517884254,60.04652816057205,1.5852242168039083,18268.50701904297,0.0,26.0,0.0,1.0,0.10428571428571431,1.1400390472263098,1.1400390472263098,0.0
standard_dqn,813,198,77.37357275485992,90.28530973285436,28.653822034597397,48.7197506904602,1.4744450841099024,15593.576606750488,0.0,23.0,0.0,2.0,0.09976190476190483,1.2267215363681316,1.2267215363681316,0.0
standard_dqn,813,199,104.002570861578,90.27052425570787,32.92430121451616,71.07827019095421,1.6097300443798304,18473.128940582275,0.0,32.0,0.0,1.0,0.09523809523809534,1.0100549533963203,1.0100549533963203,0.0
standard_dqn,813,200,82.95128083378077,89.34720329776407,29.41259578615427,53.53868515193462,1.5161302173510194,16769.42794418335,0.0,24.0,0.0,1.0,0.09071428571428575,1.5184135418385267,1.5184135418385267,0.0
standard_dqn,813,201,89.77703811228275,88.70431472718715,31.279686205089092,58.497351944446564,1.5320036299526691,17154.078273773193,0.0,27.0,0.0,0.0,0.08619047619047626,1.2007845733314753,1.2007845733314753,0.0
standard_dqn,813,202,83.5778057217598,87.76719066187741,30.072850689291954,53.50495455563068,1.5145029658451676,16558.73557281494,0.0,24.0,0.0,1.0,0.08166666666666667,1.0832683127373457,1.0832683127373457,0.0
standard_dqn,813,203,106.99082311987877,89.20497409641743,36.9276986643672,70.06312412023544,1.7012289464473724,20574.56906890869,0.0,29.0,0.0,0.0,0.07714285714285718,1.3437596037983894,1.3437596037983894,0.0
standard_dqn,813,204,90.67598338723182,88.98802101641894,32.69728860259056,57.97869482934475,1.542589315213263,17735.887840270996,0.0,27.0,0.0,2.0,0.0726190476190477,1.1775643918663263,1.1775643918663263,0.0
standard_dqn,813,205,83.9147160500288,88.59883294768632,27.31665951758623,56.59805674850941,1.479022627696395,15525.814682006836,0.0,27.0,0.0,0.0,0.06809523809523821,1.1054388508200645,1.1054388508200645,0.0
standard_dqn,813,206,76.36604550480843,87.22477777294814,28.630884759128094,47.73516088724136,1.4721426526084542,15645.176956176758,0.0,22.0,0.0,1.0,0.06357142857142861,1.1363940089941025,1.1363940089941025,0.0
standard_dqn,813,207,81.24239185452461,86.67160012371838,29.96383735537529,51.278554409742355,1.5175142055377364,16887.857452392578,0.0,25.0,0.0,0.0,0.059047619047619015,1.0519656613469124,1.0519656613469124,0.0
standard_dqn,813,208,73.20834519118071,86.01550903975964,27.87324470281601,45.3351007938385,1.459546976722777,15654.26305770874,0.0,21.0,0.0,1.0,0.05452380952380953,1.0754840485751629,1.0754840485751629,0.0
standard_dqn,813,209,101.70604028701783,87.65827309072019,31.139456421136856,70.56658399999142,1.574857972562313,17387.398906707764,0.0,32.0,0.0,1.0,0.050000000000000044,1.3202193193137646,1.3202193193137646,0.0
standard_dqn,813,210,78.16648681610823,87.13350635878743,28.32817655801773,49.83830992281437,1.463463800959289,15571.601577758789,0.0,23.0,0.0,1.0,0.050000000000000044,1.314757701009512,1.314757701009512,0.0
standard_dqn,813,211,91.55900272727013,87.80232613779606,31.046488776803017,60.51251429319382,1.5381538616493344,17068.248249053955,0.0,28.0,0.0,0.0,0.050000000000000044,1.1804620530456305,1.1804620530456305,0.0
standard_dqn,813,212,70.89106817543507,87.9075737131387,26.67960972338915,44.21145822107792,1.4377371910959482,14723.406003952026,0.0,21.0,0.0,0.0,0.050000000000000044,1.2949307728558779,1.2949307728558779,0.0
standard_dqn,813,213,98.71222165226936,89.12287420347334,36.291626676917076,62.42059478163719,1.6526957741007209,20186.102783203125,0.0,28.0,0.0,0.0,0.050000000000000044,1.2167687825858593,1.2167687825858593,0.0
standard_dqn,813,214,85.67795877307654,87.91032392434776,30.266655184328556,55.411303082108496,1.5209074961021543,17211.602546691895,0.0,25.0,0.0,2.0,0.050000000000000044,1.3177544064819813,1.3177544064819813,0.0
standard_dqn,813,215,91.91181916743517,87.66462043352426,30.587683126330376,61.32413628697395,1.5597297782078385,17111.56446456909,0.0,27.0,0.0,1.0,0.050000000000000044,1.1733682602643967,1.1733682602643967,0.0
standard_dqn,813,216,92.74521091133356,87.70120972827077,32.06362349539995,60.681587386131284,1.5535389138385653,17495.917282104492,0.0,27.0,0.0,2.0,0.050000000000000044,1.1376948785036802,1.1376948785036802,0.0
standard_dqn,813,217,98.4206036478281,87.99354927748442,32.20884517580271,66.21175900101662,1.5935654155910015,18013.549716949463,0.0,30.0,0.0,0.0,0.050000000000000044,1.0810675583779812,1.0810675583779812,0.0
standard_dqn,813,218,100.29423089325428,89.13958218440413,33.99814873188734,66.29608184099197,1.6484121773391962,19239.068252563477,0.0,28.0,0.0,0.0,0.050000000000000044,1.1099422238767147,1.1099422238767147,0.0
standard_dqn,813,219,79.40993608534336,87.9099504455924,29.412587121129036,49.997348964214325,1.496536511927843,16171.155658721924,0.0,24.0,0.0,0.0,0.050000000000000044,1.0602095052599907,1.0602095052599907,0.0
standard_dqn,813,220,81.8762177824974,87.85619729302823,31.037099197506905,50.83911868929863,1.5288463849574327,17285.353706359863,0.0,23.0,0.0,2.0,0.050000000000000044,1.1919812075793743,1.1919812075793743,0.0
standard_dqn,813,221,82.1153809800744,87.47311443641782,30.498652026057243,51.61672851443291,1.514830058440566,16742.336307525635,0.0,23.0,0.0,0.0,0.050000000000000044,1.3884744457900524,1.3884744457900524,0.0
standard_dqn,813,222,86.23936920911073,87.60619261078537,31.10341475903988,55.13595509827137,1.5377636011689901,17029.56745147705,0.0,25.0,0.0,2.0,0.050000000000000044,1.429523080587387,1.429523080587387,0.0
standard_dqn,813,223,88.8502387702465,86.69916339330375,30.953665681183338,57.89657264947891,1.529930473305285,17033.34199142456,0.0,25.0,0.0,0.0,0.050000000000000044,1.1685081236064434,1.1685081236064434,0.0
standard_dqn,813,224,87.6470415443182,86.54771630115806,30.080169767141342,57.566871643066406,1.5233607273548841,16628.975482940674,0.0,27.0,0.0,2.0,0.050000000000000044,1.1076836548745632,1.1076836548745632,0.0
standard_dqn,813,225,97.24687796086073,87.21432439669967,31.693515069782734,65.55336233973503,1.58598686568439,17658.053253173828,0.0,30.0,0.0,0.0,0.050000000000000044,1.1599539890885353,1.1599539890885353,0.0
standard_dqn,813,226,95.43042820096016,88.16754353150726,33.423657804727554,62.00677084326744,1.5959919625893235,18692.486797332764,0.0,27.0,0.0,1.0,0.050000000000000044,1.4625470452010632,1.4625470452010632,0.0
standard_dqn,813,227,82.27624179422855,88.21923602849246,30.310604207217693,51.96563720703125,1.53673395793885,17185.735424041748,0.0,23.0,0.0,0.0,0.050000000000000044,1.1019429881125689,1.1019429881125689,0.0
standard_dqn,813,228,81.46336779892445,88.63198715887964,28.304510936141014,53.15885708630085,1.4879051363095641,16016.437927246094,0.0,25.0,0.0,1.0,0.050000000000000044,1.1357550453394651,1.1357550453394651,0.0
standard_dqn,813,229,79.82397344708443,87.53788381688298,28.935057044029236,50.88891676068306,1.5043069329112768,16307.227764129639,0.0,24.0,0.0,0.0,0.050000000000000044,1.374707642942667,1.374707642942667,0.0
standard_dqn,813,230,84.25886318087578,87.84250263512135,32.06547322869301,52.193389639258385,1.547892827540636,17756.854091644287,0.0,23.0,0.0,0.0,0.050000000000000044,1.4394556656479836,1.4394556656479836,0.0
standard_dqn,813,231,71.95431113392115,86.86226805545391,25.75749808549881,46.196813428401946,1.415262158960104,13949.40287399292,0.0,23.0,0.0,1.0,0.050000000000000044,1.0768510922789574,1.0768510922789574,0.0
standard_dqn,813,232,85.28866563737392,87.58214792855084,29.190737634897232,56.09792824089527,1.5143235325813293,16291.843532562256,0.0,26.0,0.0,0.0,0.050000000000000044,1.2259774766862392,1.2259774766862392,0.0
standard_dqn,813,233,91.06359388977289,87.19971654042601,30.80141371488571,60.26218004822731,1.527125277556479,16806.36238861084,0.0,29.0,0.0,2.0,0.050000000000000044,0.9899643771350384,0.9899643771350384,0.0
standard_dqn,813,234,77.17223231941462,86.77443021774293,28.01936012506485,49.1528723359108,1.4593367036432028,15632.012104034424,0.0,22.0,0.0,3.0,0.050000000000000044,1.4554089084267616,1.4554089084267616,0.0
standard_dqn,813,235,87.85665902644396,86.57167221069338,30.51569262892008,57.340966099500655,1.523323724977672,16837.670616149902,0.0,27.0,0.0,2.0,0.050000000000000044,1.1493146810680628,1.1493146810680628,0.0
standard_dqn,813,236,84.30176556110382,86.14949994318188,30.58239997923374,53.71936555206776,1.5290392134338617,17118.905933380127,0.0,26.0,0.0,0.0,0.050000000000000044,1.2171454280614853,1.2171454280614853,0.0
standard_dqn,813,237,80.05248985588551,85.23109425358476,28.84044010937214,51.21205020844936,1.4783060690388083,15655.893226623535,0.0,24.0,0.0,2.0,0.050000000000000044,1.2404821813106537,1.2404821813106537,0.0
standard_dqn,813,238,95.46827853620053,84.98979663573206,34.713020756840706,60.755257749557494,1.6584044555202127,19546.593952178955,0.0,27.0,0.0,1.0,0.050000000000000044,1.241762638092041,1.241762638092041,0.0
standard_dqn,813,239,88.36265257745981,85.43743246033789,30.933112986385822,57.42953950166702,1.5406160801649094,17203.954345703125,0.0,27.0,0.0,1.0,0.050000000000000044,1.3856515884399414,1.3856515884399414,0.0
standard_dqn,813,240,97.13698644936085,86.20047089368106,33.05594069510698,64.08104553818703,1.6198660591617227,18540.705680847168,0.0,29.0,0.0,0.0,0.050000000000000044,1.3552867956459522,1.3552867956459522,0.0
standard_dqn,813,241,85.15277859866619,86.35234077461064,31.611593067646027,53.54118585884571,1.544645693153143,17226.61605834961,0.0,25.0,0.0,2.0,0.050000000000000044,1.1343918330967426,1.1343918330967426,0.0
standard_dqn,813,242,91.6744366824627,86.62409414827825,31.887016341090202,59.7874199539423,1.5614083399996161,17612.198484420776,0.0,26.0,0.0,2.0,0.050000000000000044,1.086898047477007,1.086898047477007,0.0
standard_dqn,813,243,100.36799872666597,87.19998214609922,31.604078359901905,68.76392045617104,1.5849754037335515,17884.081993103027,0.0,31.0,0.0,0.0,0.050000000000000044,1.454925438389182,1.454925438389182,0.0
standard_dqn,813,244,85.10560117661953,87.07291012771428,27.934676453471184,57.17092540860176,1.4835853297263384,16083.291273117065,0.0,26.0,0.0,2.0,0.050000000000000044,1.2025650963187218,1.2025650963187218,0.0
standard_dqn,813,245,92.48436082303525,86.83478427082301,31.265828669071198,61.21853234767914,1.563481974415481,17577.24822998047,0.0,27.0,0.0,1.0,0.050000000000000044,1.5076859965920448,1.5076859965920448,0.0
standard_dqn,813,246,100.0704180687666,87.06678376421334,33.807290121912956,66.26312839388848,1.5949617456644773,18620.970783233643,0.0,29.0,0.0,1.0,0.050000000000000044,1.450014527887106,1.450014527887106,0.0
standard_dqn,813,247,75.25177563130856,86.71556045606734,29.13197548687458,46.11980038285255,1.4961707880720496,16642.0167427063,0.0,22.0,0.0,1.0,0.050000000000000044,1.1110394448041916,1.1110394448041916,0.0
standard_dqn,813,248,73.42117983847857,86.31345105804505,29.679169677197933,43.74201035499573,1.5296211671084166,17176.1190032959,0.0,21.0,0.0,0.0,0.050000000000000044,1.2980298344045877,1.2980298344045877,0.0
standard_dqn,813,249,92.97268299758434,86.97088653557003,32.0864128395915,60.886270403862,1.576461885124445,17770.455669403076,0.0,28.0,0.0,0.0,0.050000000000000044,1.2802308350801468,1.2802308350801468,0.0
standard_dqn,813,250,92.05800156593322,87.3608434548229,30.56440682709217,61.49359508156776,1.5634111976251006,17293.69303894043,0.0,28.0,0.0,3.0,0.050000000000000044,1.5632184445858002,1.5632184445858002,0.0
standard_dqn,813,251,84.21297976523638,87.97377688638866,29.14438196271658,55.06859838366508,1.5257117645815015,16689.446144104004,0.0,27.0,0.0,2.0,0.050000000000000044,1.4194397926330566,1.4194397926330566,0.0
standard_dqn,813,252,79.32788285017014,87.67573774702848,29.66443981230259,49.66344294846058,1.504492785781622,16674.02604675293,0.0,23.0,0.0,2.0,0.050000000000000044,1.2797015625983477,1.2797015625983477,0.0
standard_dqn,813,253,81.49312669187785,87.19721438713373,30.364833272993565,51.12829380631447,1.5260246070101857,16569.189588546753,0.0,23.0,0.0,1.0,0.050000000000000044,1.779258955270052,1.779258955270052,0.0
standard_dqn,813,254,97.34820380061865,88.20601296119393,35.9917266368866,61.35647767782211,1.679093612357974,20236.266716003418,0.0,28.0,0.0,0.0,0.050000000000000044,1.3555372208356857,1.3555372208356857,0.0
standard_dqn,813,255,102.73401949703694,88.94988098472359,34.57428042590618,68.15973898172379,1.6331536704674363,19896.840660095215,0.0,29.0,0.0,1.0,0.050000000000000044,1.3866002969443798,1.3866002969443798,0.0
standard_dqn,813,256,83.94996038079262,88.93229072570801,30.280370384454727,53.669590801000595,1.5173432119190693,16548.64384841919,0.0,25.0,0.0,1.0,0.050000000000000044,1.646265409886837,1.646265409886837,0.0
standard_dqn,813,257,79.00272750854492,88.879802608341,30.58159366250038,48.42113400995731,1.5370696857571602,17256.920139312744,0.0,23.0,0.0,1.0,0.050000000000000044,1.3661217018961906,1.3661217018961906,0.0
standard_dqn,813,258,82.94276966154575,88.25352716460824,30.55330418050289,52.38946534693241,1.5288445530459285,17228.515071868896,0.0,24.0,0.0,1.0,0.050000000000000044,1.3794225305318832,1.3794225305318832,0.0
standard_dqn,813,259,71.21661251187325,87.39622516132893,29.612189918756485,41.604422667622565,1.5021251132711768,16407.064710617065,0.0,19.0,0.0,1.0,0.050000000000000044,1.5474008545279503,1.5474008545279503,0.0
standard_dqn,813,260,91.97077511250973,87.13791459448636,33.52727237343788,58.44350355863571,1.605542192235589,18560.715446472168,0.0,26.0,0.0,1.0,0.050000000000000044,1.4340167436748743,1.4340167436748743,0.0
standard_dqn,813,261,100.91815529763699,87.9261834294349,32.64919613301754,68.2689596414566,1.6288415221497416,18588.19171142578,0.0,29.0,0.0,0.0,0.050000000000000044,1.2786588817834854,1.2786588817834854,0.0
standard_dqn,813,262,81.073185557127,87.39612087316812,31.060187093913555,50.0129987090826,1.5228302525356412,17136.87730407715,0.0,24.0,0.0,1.0,0.050000000000000044,1.1519679874181747,1.1519679874181747,0.0
standard_dqn,813,263,79.54153613001108,86.35479774333537,28.078524239361286,51.46301171183586,1.4670662079006433,15741.580429077148,0.0,25.0,0.0,0.0,0.050000000000000044,1.3262928165495396,1.3262928165495396,0.0
standard_dqn,813,264,68.93523509949446,85.54627943947912,26.79418521374464,42.14104960262775,1.4419831959530711,15249.190370559692,0.0,20.0,0.0,2.0,0.050000000000000044,1.0769906789064407,1.0769906789064407,0.0
standard_dqn,813,265,75.82417251169682,84.7132700239122,28.184992529451847,47.63917998969555,1.4465636806562543,15630.454145431519,0.0,23.0,0.0,0.0,0.050000000000000044,1.4867081828415394,1.4867081828415394,0.0
standard_dqn,813,266,67.51791735738516,83.08564498834312,26.849361024796963,40.668556079268456,1.446660122834146,14977.023704528809,0.0,22.0,0.0,0.0,0.050000000000000044,1.265170719474554,1.265170719474554,0.0
standard_dqn,813,267,82.89331510663033,83.46772196210921,27.73355147242546,55.15976399183273,1.4645426897332072,15681.738117218018,0.0,27.0,0.0,0.0,0.050000000000000044,1.1115227341651917,1.1115227341651917,0.0
standard_dqn,813,268,89.61714953929186,84.27752044714987,31.26785572618246,58.34929332137108,1.551880344748497,17146.994899749756,0.0,27.0,0.0,1.0,0.050000000000000044,1.2001417223364115,1.2001417223364115,0.0
standard_dqn,813,269,95.06155939400196,84.38196426697075,35.179851561784744,59.88170796632767,1.620799289084971,19686.265308380127,0.0,28.0,0.0,0.0,0.050000000000000044,1.3067266047000885,1.3067266047000885,0.0
standard_dqn,813,270,77.05228484421968,83.63167843088507,29.576983101665974,47.47530135512352,1.473766223527491,16194.339580535889,0.0,23.0,0.0,1.0,0.050000000000000044,1.6337929852306843,1.6337929852306843,0.0
standard_dqn,813,271,84.58176791071892,83.65011783815922,28.444327622652054,56.13744037747383,1.4893543422222137,15707.218490600586,0.0,26.0,0.0,1.0,0.050000000000000044,1.2345997001975775,1.2345997001975775,0.0
standard_dqn,813,272,95.83236717432737,84.47534205436708,33.43922535330057,62.39314183592796,1.5903108324855566,18778.718732833862,0.0,28.0,0.0,2.0,0.050000000000000044,1.1016963217407465,1.1016963217407465,0.0
standard_dqn,813,273,89.2366057485342,84.86251600719989,30.81978154182434,58.41682422161102,1.5254113702103496,17072.44130706787,0.0,26.0,0.0,0.0,0.050000000000000044,1.5245791971683502,1.5245791971683502,0.0
standard_dqn,813,274,72.91143617779016,83.64067762605846,27.797753259539604,45.11368304491043,1.4580207355320454,15506.213859558105,0.0,20.0,0.0,0.0,0.050000000000000044,1.3174640536308289,1.3174640536308289,0.0
standard_dqn,813,275,86.2710603326559,82.81752966783941,30.133879236876965,56.13718143105507,1.5213594576343894,16984.11061477661,0.0,27.0,0.0,0.0,0.050000000000000044,1.2033847067505121,1.2033847067505121,0.0
standard_dqn,813,276,90.54921914786101,83.14749260619283,32.74817791581154,57.80104079246521,1.5699311830103397,17815.69606781006,0.0,26.0,0.0,1.0,0.050000000000000044,1.1515626534819603,1.1515626534819603,0.0
standard_dqn,813,277,76.08180019259453,83.00144624039531,27.750485636293888,48.33131459355354,1.4539597472175956,15117.521682739258,0.0,23.0,0.0,1.0,0.050000000000000044,1.215296395123005,1.215296395123005,0.0
standard_dqn,813,278,83.24989096075296,83.01680230535567,31.291800394654274,51.9580904841423,1.5501150954514742,17496.89165496826,0.0,23.0,0.0,1.0,0.050000000000000044,1.6694813929498196,1.6694813929498196,0.0
standard_dqn,813,279,88.22893649339676,83.86741850443184,31.669445529580116,56.55949088931084,1.5818986054509878,17960.228969573975,0.0,24.0,0.0,0.0,0.050000000000000044,1.381796382367611,1.381796382367611,0.0
standard_dqn,813,280,66.9215067267418,82.61495508514345,25.941576227545738,40.97993027567863,1.4132791329175234,14356.627025604248,0.0,21.0,0.0,2.0,0.050000000000000044,1.5175686813890934,1.5175686813890934,0.0
standard_dqn,813,281,92.58098771423101,82.19809670597314,33.35801141709089,59.22297623753548,1.577140380628407,18607.000244140625,0.0,25.0,0.0,1.0,0.050000000000000044,1.4015283063054085,1.4015283063054085,0.0
standard_dqn,813,282,99.58895449638366,83.12388515293597,33.99578460305929,65.59316943883896,1.6589352004230022,19329.15056991577,0.0,30.0,0.0,2.0,0.050000000000000044,1.5905862338840961,1.5905862338840961,0.0
standard_dqn,813,283,81.47562388777733,83.22058954082429,29.405595153570175,52.07002849578858,1.496019815094769,16181.991714477539,0.0,24.0,0.0,3.0,0.050000000000000044,1.1513217240571976,1.1513217240571976,0.0
standard_dqn,813,284,105.77240450233221,85.06244801096616,35.93644528836012,69.83595827519893,1.6708340449258685,19905.508560180664,0.0,30.0,0.0,2.0,0.050000000000000044,1.3718727808445692,1.3718727808445692,0.0
standard_dqn,813,285,96.58952880799771,86.10071582578122,32.37810616195202,64.21142261624337,1.5919688623398542,17887.472623825073,0.0,28.0,0.0,1.0,0.050000000000000044,1.1561880558729172,1.1561880558729172,0.0
standard_dqn,813,286,74.28870918005705,86.43925541691483,27.23278483748436,47.05592378377914,1.4947921195998788,15486.510654449463,0.0,23.0,0.0,2.0,0.050000000000000044,1.3129705470055342,1.3129705470055342,0.0
standard_dqn,813,287,87.43258853256702,86.66621908821165,31.698581963777542,55.734006464481354,1.5474141333252192,17458.09498977661,0.0,25.0,0.0,1.0,0.050000000000000044,1.3646824173629284,1.3646824173629284,0.0
standard_dqn,813,288,67.78702082633973,85.57471265256406,26.920575186610222,40.86644553542137,1.4503784822300076,15027.590202331543,0.0,19.0,0.0,2.0,0.050000000000000044,1.4088584370911121,1.4088584370911121,0.0
standard_dqn,813,289,89.41087475419044,85.29217842057349,30.750227838754654,58.66064716875553,1.5358888451009989,16779.837394714355,0.0,27.0,0.0,1.0,0.050000000000000044,1.468351449817419,1.468351449817419,0.0
standard_dqn,813,290,67.89204543828964,84.83416645027698,26.26002725213766,41.63201828300953,1.4059799499809742,14111.237119674683,0.0,22.0,0.0,0.0,0.050000000000000044,1.3274311181157827,1.3274311181157827,0.0
standard_dqn,813,291,89.86225101351738,85.0981906054169,32.9296185746789,56.932632118463516,1.57682925183326,18137.420036315918,0.0,26.0,0.0,0.0,0.050000000000000044,1.2362141367048025,1.2362141367048025,0.0
standard_dqn,813,292,92.43035877645016,84.92809018552305,30.983121186494827,61.44723772406578,1.5255755111575127,17151.15480041504,0.0,26.0,0.0,2.0,0.050000000000000044,1.6761074122041464,1.6761074122041464,0.0
standard_dqn,813,293,89.38989962041379,84.93575487911703,31.363579906523228,58.0263198107481,1.5536032067611814,17904.90096282959,0.0,26.0,0.0,2.0,0.050000000000000044,1.4637997820973396,1.4637997820973396,0.0
standard_dqn,813,294,85.39145850539208,85.55975599549713,28.395229019224644,56.99622946381569,1.5250691277906299,16224.84366607666,0.0,26.0,0.0,1.0,0.050000000000000044,1.483664307743311,1.483664307743311,0.0
standard_dqn,813,295,79.17303625494242,85.20485479161144,28.58975527435541,50.58328141272068,1.4538882607594132,15689.038375854492,0.0,25.0,0.0,2.0,0.050000000000000044,1.5249124243855476,1.5249124243855476,0.0
standard_dqn,813,296,81.37464209645987,84.74612593904139,28.287974528968334,53.086667239665985,1.4952767435461283,16024.62739944458,0.0,24.0,0.0,1.0,0.050000000000000044,1.6302665397524834,1.6302665397524834,0.0
standard_dqn,813,297,98.3465033352375,85.85936109617353,33.29247783124447,65.05402514636516,1.5866793654859066,18825.97165298462,0.0,29.0,0.0,2.0,0.050000000000000044,1.3670543916523457,1.3670543916523457,0.0
standard_dqn,813,298,66.3375938385725,85.01374624006449,26.48036926984787,39.85722431540489,1.453761512413621,14765.085855484009,0.0,20.0,0.0,1.0,0.050000000000000044,1.7229835763573647,1.7229835763573647,0.0
standard_dqn,813,299,75.50532355159521,84.37756559297442,28.347891189157963,47.157433182001114,1.4740277659147978,16006.594631195068,0.0,23.0,0.0,0.0,0.050000000000000044,1.4412976652383804,1.4412976652383804,0.0
standard_dqn,813,300,87.88087627440692,85.42553407035768,33.1716727539897,54.70920372903347,1.5879227183759212,18596.89675140381,0.0,25.0,0.0,1.0,0.050000000000000044,1.5617036148905754,1.5617036148905754,0.0
standard_dqn,813,301,74.84230910390616,84.53860013984145,27.89614175260067,46.94616715759039,1.468550894409418,15756.877143859863,0.0,22.0,0.0,1.0,0.050000000000000044,1.4769917260855436,1.4769917260855436,0.0
standard_dqn,813,302,77.14576358050108,83.41644059404732,28.257230944931507,48.88853259086609,1.4584656581282616,15504.549837112427,0.0,23.0,0.0,4.0,0.050000000000000044,1.3423990551382303,1.3423990551382303,0.0
standard_dqn,813,303,67.68088615983724,82.72670370765032,25.701896890997887,41.97898935079574,1.399988646619022,14269.413692474365,0.0,24.0,0.0,2.0,0.050000000000000044,1.2546002548187971,1.2546002548187971,0.0
standard_dqn,813,304,80.89947614371776,81.48305728971958,29.427127107977867,51.47234894633293,1.5243459856137633,16550.550607681274,0.0,23.0,0.0,2.0,0.050000000000000044,1.5599236153066158,1.5599236153066158,0.0
standard_dqn,813,305,89.66666171848775,81.13691393524408,31.15465071797371,58.51201155185699,1.5442176973447204,17433.338668823242,0.0,26.0,0.0,1.0,0.050000000000000044,1.7389967627823353,1.7389967627823353,0.0
standard_dqn,813,306,92.81410692632198,82.06318382255733,32.69885051250458,60.11525698006153,1.5770247336477041,18136.87872695923,0.0,27.0,0.0,1.0,0.050000000000000044,1.3947649523615837,1.3947649523615837,0.0
standard_dqn,813,307,79.34218362867833,81.6586635773629,28.742853201925755,50.5993306428194,1.4820770295336843,16667.88230895996,0.0,26.0,0.0,1.0,0.050000000000000044,1.6188806276768446,1.6188806276768446,0.0
standard_dqn,813,308,99.67366237342358,83.2529956547171,33.614079520106316,66.05958346426488,1.6100714867934585,18433.08246612549,0.0,29.0,0.0,3.0,0.050000000000000044,1.5709364786744118,1.5709364786744118,0.0
standard_dqn,813,309,84.35867648869753,83.00038574144244,29.9615271165967,54.3971492677927,1.5141715751960874,16877.454696655273,0.0,25.0,0.0,2.0,0.050000000000000044,1.458166141062975,1.458166141062975,0.0
standard_dqn,813,310,97.07062394320965,84.45931466668846,32.3944945409894,64.67612933516503,1.5475612441077828,17942.884784698486,0.0,30.0,0.0,2.0,0.050000000000000044,1.407634036615491,1.407634036615491,0.0
standard_dqn,813,311,70.89597449749708,83.51100084088743,27.64068689197302,43.255287531018254,1.4382866192609072,15472.727333068848,0.0,20.0,0.0,2.0,0.050000000000000044,1.3223314192146063,1.3223314192146063,0.0
standard_dqn,813,312,99.1004723906517,83.84450652159751,34.01752735674381,65.08294534683228,1.6306322710588574,19490.739505767822,0.0,28.0,0.0,2.0,0.050000000000000044,1.4417161084711552,1.4417161084711552,0.0
standard_dqn,813,313,86.5827189475298,83.70414748795332,32.13952808827162,54.44319080710411,1.5594726111739874,17726.340621948242,0.0,26.0,0.0,1.0,0.050000000000000044,1.4185017328709364,1.4185017328709364,0.0
standard_dqn,813,314,78.83873780965806,83.37651145316661,28.79857051372528,50.04016756415367,1.4893947364762425,15878.389793395996,0.0,23.0,0.0,1.0,0.050000000000000044,1.4004515558481216,1.4004515558481216,0.0
standard_dqn,813,315,79.84587018191814,83.4101531495154,28.615453496575356,51.23041680455208,1.5006893696263433,16052.855255126953,0.0,24.0,0.0,0.0,0.050000000000000044,1.3574280142784119,1.3574280142784119,0.0
standard_dqn,813,316,79.15758643448353,83.29930036641659,29.14656163752079,50.01102470755577,1.4809460677206516,15980.156002044678,0.0,24.0,0.0,1.0,0.050000000000000044,1.6893786676228046,1.6893786676228046,0.0
standard_dqn,813,317,102.39143977463246,83.50154718838634,35.14027628302574,67.25116289556027,1.6479514027014375,19681.68165588379,0.0,30.0,0.0,2.0,0.050000000000000044,1.492624994367361,1.492624994367361,0.0
standard_dqn,813,318,67.31771605014801,83.5505532989651,27.28533923625946,40.03237662017345,1.4495058553293347,15605.163654327393,0.0,20.0,0.0,2.0,0.050000000000000044,1.3775890283286572,1.3775890283286572,0.0
standard_dqn,813,319,105.03895447403193,85.02723484508695,34.878391705453396,70.16056257486343,1.6446793619543314,19442.811965942383,0.0,31.0,0.0,0.0,0.050000000000000044,1.433519370853901,1.433519370853901,0.0
standard_dqn,813,320,89.96837858855724,85.13160996079446,30.905150547623634,59.063227236270905,1.5681986538693309,17363.287971496582,0.0,25.0,0.0,3.0,0.050000000000000044,1.5865849796682596,1.5865849796682596,0.0
standard_dqn,813,321,82.84143017232418,85.53156601421534,30.378642320632935,52.46278776228428,1.5247943699359894,17290.543323516846,0.0,26.0,0.0,0.0,0.050000000000000044,1.8440539352595806,1.8440539352595806,0.0
standard_dqn,813,322,93.23009702563286,86.33578268647194,34.30692549794912,58.92317196726799,1.6051496285945177,19002.428409576416,0.0,27.0,0.0,0.0,0.050000000000000044,1.44327025488019,1.44327025488019,0.0
standard_dqn,813,323,84.71869183331728,87.18767297014594,30.76890041679144,53.94979202747345,1.5868227686733007,18135.071758270264,0.0,24.0,0.0,1.0,0.050000000000000044,1.384016053751111,1.384016053751111,0.0
standard_dqn,813,324,82.057941891253,87.2455962575227,31.92356350272894,50.1343784481287,1.5298773776739836,17456.300804138184,0.0,23.0,0.0,0.0,0.050000000000000044,1.371558241546154,1.371558241546154,0.0
standard_dqn,813,325,87.61629479527474,87.14307791136204,29.666155949234962,57.95013880133629,1.5583798913285136,17190.71877670288,0.0,26.0,0.0,2.0,0.050000000000000044,1.364388719201088,1.364388719201088,0.0
standard_dqn,813,326,78.48959250301122,86.42685219019651,27.34028024226427,51.149312275648114,1.4777354588732123,15577.056636810303,0.0,23.0,0.0,4.0,0.050000000000000044,1.5652767717838287,1.5652767717838287,0.0
standard_dqn,813,327,80.96715561598539,86.50810078956187,27.47279218584299,53.494363489747045,1.4602487478405237,15776.573888778687,0.0,23.0,0.0,3.0,0.050000000000000044,1.7849939800798893,1.7849939800798893,0.0
standard_dqn,813,328,83.48137437105179,85.69848638944327,29.84653489291668,53.634839835762975,1.5067059826105833,16671.069118499756,0.0,26.0,0.0,2.0,0.050000000000000044,1.0533255897462368,1.0533255897462368,0.0
standard_dqn,813,329,75.94333957880735,85.27771954394876,28.003069266676903,47.94027033448219,1.4280628813430667,15530.836898803711,0.0,22.0,0.0,0.0,0.050000000000000044,1.1200714316219091,1.1200714316219091,0.0
standard_dqn,813,330,88.16084934771061,84.83223081417381,31.298320397734642,56.86252872645855,1.5315457805991173,17459.108352661133,0.0,27.0,0.0,1.0,0.050000000000000044,1.2570618018507957,1.2570618018507957,0.0
standard_dqn,813,331,74.58873945474625,85.01686906203628,30.296436950564384,44.2923024892807,1.484603663906455,16355.163171768188,0.0,21.0,0.0,0.0,0.050000000000000044,1.3052083272486925,1.3052083272486925,0.0
standard_dqn,813,332,95.00736652314663,84.81221376866102,33.1634938120842,61.843872517347336,1.6352301351726055,19062.771892547607,0.0,28.0,0.0,0.0,0.050000000000000044,1.386669846251607,1.386669846251607,0.0
standard_dqn,813,333,83.95779816955329,84.68096772976222,30.575665809214115,53.38213267326355,1.5099013121798635,16870.58815765381,0.0,25.0,0.0,2.0,0.050000000000000044,1.4755177646875381,1.4755177646875381,0.0
standard_dqn,813,334,68.19390891492367,84.14872628502549,26.83980492502451,41.354103937745094,1.4333278546109796,15153.592308044434,0.0,22.0,0.0,1.0,0.050000000000000044,1.4679567385464907,1.4679567385464907,0.0
standard_dqn,813,335,82.60995326191187,84.28693043902517,30.302686862647533,52.307266652584076,1.5158627396449447,17176.011962890625,0.0,25.0,0.0,0.0,0.050000000000000044,1.7712421379983425,1.7712421379983425,0.0
standard_dqn,813,336,93.70897267758846,85.01449975118041,31.262722223997116,62.446250542998314,1.5264911269769073,17279.744689941406,0.0,28.0,0.0,0.0,0.050000000000000044,1.3648860976099968,1.3648860976099968,0.0
standard_dqn,813,337,79.48276232928038,83.8690658789128,28.742111794650555,50.74065074324608,1.4995230827480555,16509.77924346924,0.0,25.0,0.0,2.0,0.050000000000000044,1.5023743994534016,1.5023743994534016,0.0
standard_dqn,813,338,75.46904412657022,84.27663228273391,27.432845152914524,48.03619945049286,1.4339024480432272,15169.824188232422,0.0,23.0,0.0,1.0,0.050000000000000044,1.6492182314395905,1.6492182314395905,0.0
standard_dqn,813,339,84.8357224881649,83.26647068344057,29.95397463440895,54.88174757063389,1.5327699361369014,16884.843872070312,0.0,24.0,0.0,4.0,0.050000000000000044,1.5320152547210455,1.5320152547210455,0.0
standard_dqn,813,340,93.28017728030682,83.43206061802805,33.85867714881897,59.42150038480759,1.6136901872232556,18959.14966583252,0.0,27.0,0.0,0.0,0.050000000000000044,1.16058455593884,1.16058455593884,0.0
standard_dqn,813,341,93.92418482899666,83.98619835086167,32.27491730451584,61.64926740527153,1.5873623779043555,18076.660095214844,0.0,28.0,0.0,0.0,0.050000000000000044,1.7112848609685898,1.7112848609685898,0.0
standard_dqn,813,342,79.43648841381074,83.29651792027057,29.873719476163387,49.562768989801405,1.5152994599193335,16910.52304649353,0.0,25.0,0.0,1.0,0.050000000000000044,1.3338487520813942,1.3338487520813942,0.0
standard_dqn,813,343,71.64494225531817,82.64283044137062,28.304175190627575,43.34076704978943,1.4472473030909896,15633.80675125122,0.0,21.0,0.0,1.0,0.050000000000000044,1.6162803135812283,1.6162803135812283,0.0
standard_dqn,813,344,86.57780040800571,82.86882336720825,30.84945134818554,55.72834895551205,1.5673267161473632,17476.604747772217,0.0,25.0,0.0,1.0,0.050000000000000044,1.1827578097581863,1.1827578097581863,0.0
standard_dqn,813,345,89.60298820734025,82.96815803781153,30.50561548024416,59.09737301766872,1.5637490106746554,17475.380908966064,0.0,28.0,0.0,1.0,0.050000000000000044,1.9197720363736153,1.9197720363736153,0.0
standard_dqn,813,346,75.0259277999401,82.79497480265796,25.902143836021423,49.12378390431404,1.4595593614503741,15413.751483917236,0.0,21.0,0.0,2.0,0.050000000000000044,1.6848916299641132,1.6848916299641132,0.0
standard_dqn,813,347,80.33897503018379,82.76356577336789,29.168427735567093,51.170547398924825,1.4755922928452492,16303.380279541016,0.0,24.0,0.0,2.0,0.050000000000000044,1.3654358498752117,1.3654358498752117,0.0
standard_dqn,813,348,67.85398507863283,81.98219630874694,26.52113062888384,41.33285403251648,1.437561464495957,15403.256778717041,0.0,20.0,0.0,1.0,0.050000000000000044,1.7921206280589104,1.7921206280589104,0.0
standard_dqn,813,349,87.24073399752379,82.54706602968275,31.172640599310398,56.06809295117855,1.5459141107276082,17585.229782104492,0.0,28.0,0.0,2.0,0.050000000000000044,1.4490371644496918,1.4490371644496918,0.0
standard_dqn,813,350,80.49633398652077,82.16384026162326,29.11056763678789,51.385766446590424,1.5127844708040357,16539.546674728394,0.0,26.0,0.0,0.0,0.050000000000000044,1.5498727671802044,1.5498727671802044,0.0
standard_dqn,813,351,88.03343020379543,82.83607479907573,32.141541466116905,55.89188851416111,1.5730427652597427,18346.354249954224,0.0,26.0,0.0,0.0,0.050000000000000044,1.4640784487128258,1.4640784487128258,0.0
standard_dqn,813,352,83.39272944033146,82.25534294493498,31.22755778580904,52.16517184078693,1.5176626797765493,17175.837310791016,0.0,24.0,0.0,1.0,0.050000000000000044,1.5653162617236376,1.5653162617236376,0.0
standard_dqn,813,353,94.53242625296116,82.78407434910537,31.755337856709957,62.777087315917015,1.5932721737772226,18224.148323059082,0.0,28.0,0.0,3.0,0.050000000000000044,1.4179114513099194,1.4179114513099194,0.0
standard_dqn,813,354,80.61575751304626,83.4051667790115,29.577567234635353,51.03819071054458,1.4968776181340218,16349.228588104248,0.0,23.0,0.0,2.0,0.050000000000000044,1.3423346653580666,1.3423346653580666,0.0
standard_dqn,813,355,91.85276904702187,83.867307568267,32.96965408325195,58.88311564922333,1.6160193867981434,18888.632751464844,0.0,26.0,0.0,1.0,0.050000000000000044,1.6116488501429558,1.6116488501429558,0.0
standard_dqn,813,356,90.09744892269373,83.68673138052226,32.88325498998165,57.21419398486614,1.5535766202956438,18172.896390914917,0.0,26.0,0.0,0.0,0.050000000000000044,1.4495658595114946,1.4495658595114946,0.0
standard_dqn,813,357,81.28457021713257,83.77682177491486,28.373135402798653,52.91143502295017,1.455290955491364,15792.376695632935,0.0,25.0,0.0,0.0,0.050000000000000044,1.5862826108932495,1.5862826108932495,0.0
standard_dqn,813,358,80.09398659318686,84.00806889824568,28.884133353829384,51.209852904081345,1.4771340796723962,15997.445899963379,0.0,23.0,0.0,0.0,0.050000000000000044,1.591893283650279,1.591893283650279,0.0
standard_dqn,813,359,87.90493161380292,84.1615293545276,28.727698750793934,59.17723304927349,1.5373490620404482,16918.02744293213,0.0,29.0,0.0,1.0,0.050000000000000044,1.4370201583951712,1.4370201583951712,0.0
standard_dqn,813,360,86.33218970149755,83.81412997558714,31.031375125050545,55.30081424117088,1.513866919092834,17165.827182769775,0.0,28.0,0.0,0.0,0.050000000000000044,1.5460081659257412,1.5460081659257412,0.0
standard_dqn,813,361,103.05588300526142,84.27071488440038,33.565615713596344,69.49026782810688,1.6098711732774973,19337.284782409668,0.0,30.0,0.0,2.0,0.050000000000000044,1.4952169824391603,1.4952169824391603,0.0
standard_dqn,813,362,84.52230663746596,84.52500579558314,29.057010807096958,55.46529626250267,1.518718145787716,16642.15358352661,0.0,26.0,0.0,3.0,0.050000000000000044,1.8341645561158657,1.8341645561158657,0.0
standard_dqn,813,363,91.64737821370363,85.5251275935024,31.93833053857088,59.70904794335365,1.5718525759875774,18129.971939086914,0.0,28.0,0.0,1.0,0.050000000000000044,1.4051864221692085,1.4051864221692085,0.0
standard_dqn,813,364,104.26682318150998,86.40957873217762,32.58919231593609,71.6776307463646,1.6073054149746895,18669.229999542236,0.0,31.0,0.0,1.0,0.050000000000000044,1.7082474865019321,1.7082474865019321,0.0
standard_dqn,813,365,76.01077757179738,85.72996820040048,27.739568144083023,48.271210023760794,1.448213922791183,15783.667297363281,0.0,24.0,0.0,1.0,0.050000000000000044,1.4007800668478012,1.4007800668478012,0.0
standard_dqn,813,366,72.05019930005074,85.58118177540601,26.759211987257004,45.29098692536354,1.458569698035717,15611.738288879395,0.0,23.0,0.0,1.0,0.050000000000000044,1.5570899154990911,1.5570899154990911,0.0
standard_dqn,813,367,75.81233030557632,85.35484953917563,28.816797226667404,46.99553340673447,1.4912623474374413,16330.75475692749,0.0,22.0,0.0,1.0,0.050000000000000044,1.3506540022790432,1.3506540022790432,0.0
standard_dqn,813,368,89.35939785838127,86.43012017816305,30.779169850051403,58.58022806048393,1.5446651997044683,17253.749965667725,0.0,27.0,0.0,0.0,0.050000000000000044,1.2993791606277227,1.2993791606277227,0.0
standard_dqn,813,369,81.36691589653492,86.1364292731136,30.163894645869732,51.203021213412285,1.5268316874280572,17243.717109680176,0.0,23.0,0.0,0.0,0.050000000000000044,1.4606775995343924,1.4606775995343924,0.0
standard_dqn,813,370,87.32050380855799,86.47763776421547,30.11802287399769,57.20248094201088,1.5127963703125715,17241.604524612427,0.0,25.0,0.0,1.0,0.050000000000000044,1.5736654195934534,1.5736654195934534,0.0
standard_dqn,813,371,55.656479716300964,84.85879023984074,24.91808608174324,30.738393515348434,1.3665603240951896,13727.181133270264,0.0,16.0,0.0,1.0,0.050000000000000044,1.5531784258782864,1.5531784258782864,0.0
standard_dqn,813,372,82.13282833397389,84.79579518452286,30.067758917808533,52.06506932675838,1.5582564258947968,17006.930744171143,0.0,24.0,0.0,1.0,0.050000000000000044,1.397269831970334,1.397269831970334,0.0
standard_dqn,813,373,90.28661905676127,84.58350482471289,30.260200046002865,60.026419055461886,1.5401376551017165,17221.60385131836,0.0,26.0,0.0,5.0,0.050000000000000044,1.4086666852235794,1.4086666852235794,0.0
standard_dqn,813,374,94.10549687594175,85.25799179285765,30.837098993360996,63.2683984041214,1.6113719018176198,18080.644430160522,0.0,26.0,0.0,2.0,0.050000000000000044,1.836730744689703,1.836730744689703,0.0
standard_dqn,813,375,82.05263064205647,84.76798487260939,28.277413673698902,53.7752164542675,1.4406878082081676,16011.03935623169,0.0,26.0,0.0,1.0,0.050000000000000044,1.8096264004707336,1.8096264004707336,0.0
standard_dqn,813,376,83.92601978182793,84.4594134155661,31.111529797315598,52.814489954710005,1.5723366625607014,17846.40528869629,0.0,24.0,0.0,2.0,0.050000000000000044,1.580179251730442,1.580179251730442,0.0
standard_dqn,813,377,64.025216768682,83.59644574314356,24.875106893479824,39.15011054575443,1.346279127523303,13380.979476928711,0.0,20.0,0.0,3.0,0.050000000000000044,1.5353479646146297,1.5353479646146297,0.0
standard_dqn,813,378,85.94993531703949,83.8892431793362,29.11626748740673,56.83366769552231,1.4888398479670286,16090.691341400146,0.0,26.0,0.0,1.0,0.050000000000000044,1.4443222805857658,1.4443222805857658,0.0
standard_dqn,813,379,109.17486010789871,84.95273960404097,33.75756750255823,75.4172921359539,1.6070797927677631,19111.090633392334,0.0,33.0,0.0,4.0,0.050000000000000044,1.4638592451810837,1.4638592451810837,0.0
standard_dqn,813,380,96.3394293576479,85.4531015868485,33.07100164145231,63.26842757463455,1.5928051639348269,18607.824913024902,0.0,29.0,0.0,2.0,0.050000000000000044,1.5827958174049854,1.5827958174049854,0.0
standard_dqn,813,381,79.85478581488132,84.2930467273295,27.877692595124245,51.9770929813385,1.4739067256450653,15966.883346557617,0.0,25.0,0.0,1.0,0.050000000000000044,2.040952980518341,2.040952980518341,0.0
standard_dqn,813,382,79.05609486401082,84.01973613865674,29.094704121351242,49.961390846967696,1.4888381706550717,16425.956296920776,0.0,23.0,0.0,2.0,0.050000000000000044,1.3880306705832481,1.3880306705832481,0.0
standard_dqn,813,383,75.9173454657197,83.23323450125756,27.739746369421482,48.177599468827246,1.4572226954624057,15608.97985458374,0.0,25.0,0.0,1.0,0.050000000000000044,1.675854902714491,1.675854902714491,0.0
standard_dqn,813,384,79.1436501979828,81.9770758520812,27.983594626188278,51.16005558669567,1.4542711591348052,15702.772052764893,0.0,23.0,0.0,1.0,0.050000000000000044,1.1936859898269176,1.1936859898269176,0.0
standard_dqn,813,385,78.08793937712908,82.08093394234778,28.63487657904625,49.453062932193276,1.4906454728916287,15909.602886199951,0.0,24.0,0.0,3.0,0.050000000000000044,1.780163636431098,1.780163636431098,0.0
standard_dqn,813,386,86.11093808710575,82.78397088170053,29.8222449272871,56.288693219423294,1.5102829858660698,17195.330097198486,0.0,27.0,0.0,1.0,0.050000000000000044,1.6697939522564411,1.6697939522564411,0.0
standard_dqn,813,387,90.48474545329809,83.5175916390866,32.95198754966259,57.53275765776634,1.5804684581235051,18572.63991546631,0.0,28.0,0.0,2.0,0.050000000000000044,1.2959042843431234,1.2959042843431234,0.0
standard_dqn,813,388,97.91353286206723,83.9452983892709,33.44244712591171,64.47108587026597,1.6160162631422281,19288.393852233887,0.0,28.0,0.0,1.0,0.050000000000000044,1.3796726986765862,1.3796726986765862,0.0
standard_dqn,813,389,79.26470033973456,83.84018761143089,29.806548431515694,49.45815175175667,1.507509807124734,16692.384538650513,0.0,23.0,0.0,2.0,0.050000000000000044,1.5765111427754164,1.5765111427754164,0.0
standard_dqn,813,390,72.13722913116217,83.08102387756111,27.956737972795963,44.18049080073833,1.4964955085888505,16028.797452926636,0.0,22.0,0.0,1.0,0.050000000000000044,1.8255200013518333,1.8255200013518333,0.0
standard_dqn,813,391,74.43991898745298,84.0201958411187,28.544353641569614,45.89556512236595,1.4673061249777675,15954.795755386353,0.0,23.0,0.0,0.0,0.050000000000000044,1.6126014292240143,1.6126014292240143,0.0
standard_dqn,813,392,84.19075966626406,84.12309240773321,29.321638628840446,54.86912161111832,1.4911704007536173,16426.841022491455,0.0,24.0,0.0,0.0,0.050000000000000044,1.6402919813990593,1.6402919813990593,0.0
standard_dqn,813,393,71.01286251991988,83.15940458089115,28.72625482827425,42.28660776615143,1.475711414590478,16265.408212661743,0.0,20.0,0.0,2.0,0.050000000000000044,1.9614548459649086,1.9614548459649086,0.0
standard_dqn,813,394,84.88044091314077,82.6981517827511,30.31370197981596,54.56673873960972,1.5345842437818646,17546.790657043457,0.0,24.0,0.0,0.0,0.050000000000000044,1.9163810927420855,1.9163810927420855,0.0
standard_dqn,813,395,70.45202312916517,82.11812140710653,28.4520910307765,41.99993187487125,1.4978829137980938,16237.96295928955,0.0,19.0,0.0,2.0,0.050000000000000044,1.7775792218744755,1.7775792218744755,0.0
standard_dqn,813,396,73.69040592759848,81.60634071439505,27.955344311892986,45.73506224155426,1.4804045837372541,15950.942657470703,0.0,21.0,0.0,2.0,0.050000000000000044,2.1722526103258133,2.1722526103258133,0.0
standard_dqn,813,397,103.09308252632619,83.55973400227727,33.048993080854416,70.04408960938454,1.6000183979049325,18696.21534729004,0.0,30.0,0.0,2.0,0.050000000000000044,1.4241162352263927,1.4241162352263927,0.0
standard_dqn,813,398,89.69391898214818,83.7469331855327,33.78142024576664,55.912498810887335,1.642560820095241,19262.962997436523,0.0,26.0,0.0,2.0,0.050000000000000044,1.725615493953228,1.725615493953228,0.0
standard_dqn,813,399,99.5070038586855,83.26354037307205,32.154356084764004,67.35264798998833,1.5847838865593076,17998.72869873047,0.0,31.0,0.0,0.0,0.050000000000000044,1.4948514606803656,1.4948514606803656,0.0
standard_dqn,813,400,85.31187135875226,82.71216247312726,28.55010011047125,56.761771196126936,1.4605670785531402,16151.436260223389,0.0,25.0,0.0,2.0,0.050000000000000044,1.6724103353917599,1.6724103353917599,0.0
standard_dqn,813,401,99.14676625728607,83.6767614952475,31.22664801031351,67.92011844813824,1.5536051075905561,17502.01368713379,0.0,30.0,0.0,4.0,0.050000000000000044,1.6802795976400375,1.6802795976400375,0.0
standard_dqn,813,402,93.38434604108333,84.39317405410111,30.86955399811268,62.51479196846485,1.5433955006301403,17418.782417297363,0.0,29.0,0.0,3.0,0.050000000000000044,1.4607031643390656,1.4607031643390656,0.0
standard_dqn,813,403,88.7656045421958,85.03558700792493,31.66999078541994,57.09561372697353,1.5783029943704605,17939.327533721924,0.0,26.0,0.0,2.0,0.050000000000000044,1.8951977044343948,1.8951977044343948,0.0
standard_dqn,813,404,91.61762428432704,85.65928571224214,30.956775590777397,60.66084904372692,1.528366600163281,17579.099700927734,0.0,29.0,0.0,1.0,0.050000000000000044,1.6582235135138035,1.6582235135138035,0.0
standard_dqn,813,405,89.24723488241435,86.21725048750639,28.984496742486954,60.262737737596034,1.511588585563004,16415.665996551514,0.0,26.0,0.0,3.0,0.050000000000000044,1.4714958854019642,1.4714958854019642,0.0
standard_dqn,813,406,75.59616554528475,85.69151186041536,28.126901172101498,47.46926459670067,1.463957192376256,15753.941020965576,0.0,22.0,0.0,0.0,0.050000000000000044,1.286199638620019,1.286199638620019,0.0
standard_dqn,813,407,81.80315994471312,85.2574325849861,29.458238370716572,52.34492127597332,1.5216093193739653,16882.945487976074,0.0,24.0,0.0,1.0,0.050000000000000044,1.584972569718957,1.584972569718957,0.0
standard_dqn,813,408,79.59492635875941,84.34150225982071,28.423002876341343,51.17192395925522,1.4876378355547786,16367.265716552734,0.0,23.0,0.0,1.0,0.050000000000000044,1.5231422651559114,1.5231422651559114,0.0
standard_dqn,813,409,68.88954466581345,83.82274447612465,26.835000172257423,42.05454455316067,1.4461572607979178,15598.733417510986,0.0,22.0,0.0,1.0,0.050000000000000044,1.9160232655704021,1.9160232655704021,0.0
standard_dqn,813,410,71.24621772766113,83.77819390594959,25.900181770324707,45.3460358530283,1.4354764688760042,14962.804149627686,0.0,22.0,0.0,0.0,0.050000000000000044,1.5381555277854204,1.5381555277854204,0.0
standard_dqn,813,411,75.43104811012745,83.82775036208332,27.54071854054928,47.890329629182816,1.4692046390846372,15744.776710510254,0.0,22.0,0.0,0.0,0.050000000000000044,1.7421778663992882,1.7421778663992882,0.0
standard_dqn,813,412,75.38177605867386,83.3873011817038,30.332012355327606,45.04976346492767,1.5185244558379054,17100.280055999756,0.0,22.0,0.0,3.0,0.050000000000000044,1.6205702163279057,1.6205702163279057,0.0
standard_dqn,813,413,73.85842054337263,83.52957908287644,28.19504502415657,45.66337576508522,1.4755991557613015,16109.326278686523,0.0,23.0,0.0,2.0,0.050000000000000044,1.6730378605425358,1.6730378605425358,0.0
standard_dqn,813,414,85.40599589049816,83.55585683174431,28.674718245863914,56.73127719759941,1.5299741998314857,16589.346115112305,0.0,26.0,0.0,1.0,0.050000000000000044,1.7530978079885244,1.7530978079885244,0.0
standard_dqn,813,415,62.20475692451,83.14349352151157,24.774722017347813,37.43003492951393,1.3649561731144786,13702.97386932373,0.0,19.0,0.0,1.0,0.050000000000000044,1.8970350921154022,1.8970350921154022,0.0
standard_dqn,813,416,74.98195089399815,83.20807076983155,29.17684429883957,45.80510659515858,1.4803800266236067,16253.073936462402,0.0,22.0,0.0,0.0,0.050000000000000044,1.623387349769473,1.623387349769473,0.0
standard_dqn,813,417,86.91730953156949,82.39928212009372,28.828552693128586,58.088756734132765,1.4983943458646536,16350.94095993042,0.0,26.0,0.0,2.0,0.050000000000000044,1.8198062684386969,1.8198062684386969,0.0
standard_dqn,813,418,78.35742365717888,81.83245735384526,29.05758488178253,49.29983893930912,1.5048437919467688,16613.06467819214,0.0,24.0,0.0,1.0,0.050000000000000044,1.6665147952735424,1.6665147952735424,0.0
standard_dqn,813,419,62.03935244679451,79.95907478325071,24.316164538264275,37.72318795323372,1.3676830483600497,13551.815006256104,0.0,19.0,0.0,3.0,0.050000000000000044,1.6692309323698282,1.6692309323698282,0.0
standard_dqn,813,420,79.6022088676691,79.67359165869655,30.047532439231873,49.554675951600075,1.5609814142808318,17494.141597747803,0.0,25.0,0.0,2.0,0.050000000000000044,2.1402199529111385,2.1402199529111385,0.0
standard_dqn,813,421,98.92630041390657,79.66256836652757,34.819923512637615,64.10637667775154,1.6409917464479804,19394.22802734375,0.0,29.0,0.0,2.0,0.050000000000000044,1.318943616002798,1.318943616002798,0.0
standard_dqn,813,422,91.22159632444382,79.55443088069559,32.747172340750694,58.47442457973957,1.5449973242357373,17868.384105682373,0.0,26.0,0.0,1.0,0.050000000000000044,1.1699037700891495,1.1699037700891495,0.0
standard_dqn,813,423,89.1655762642622,79.57442946679892,30.204631492495537,58.96094469726086,1.5188307231292129,17227.750045776367,0.0,29.0,0.0,2.0,0.050000000000000044,1.362687150016427,1.362687150016427,0.0
standard_dqn,813,424,71.21485847234726,78.55429117619992,26.466089248657227,44.748769015073776,1.4197226651012897,14839.839050292969,0.0,23.0,0.0,0.0,0.050000000000000044,1.4617993123829365,1.4617993123829365,0.0
standard_dqn,813,425,68.23552714437247,77.50370578929783,25.6034372523427,42.63208989202976,1.4366864264011383,14824.591590881348,0.0,22.0,0.0,1.0,0.050000000000000044,1.540306057780981,1.540306057780981,0.0
standard_dqn,813,426,84.11499627828599,77.9296473259479,28.43307013809681,55.681926453113554,1.494280875660479,16155.568431854248,0.0,26.0,0.0,1.0,0.050000000000000044,1.636825229972601,1.636825229972601,0.0
standard_dqn,813,427,77.64529361575842,77.72175400950016,28.79051072150469,48.85478287935257,1.487327640876174,16110.442625045776,0.0,24.0,0.0,1.0,0.050000000000000044,1.670938603579998,1.670938603579998,0.0
standard_dqn,813,428,86.35954085737467,78.05998473443091,30.354524664580822,56.00501587986946,1.5099501609802246,17071.78438949585,0.0,25.0,0.0,1.0,0.050000000000000044,1.6940461844205856,1.6940461844205856,0.0
standard_dqn,813,429,90.45597796142101,79.1383063992113,31.033539779484272,59.42243751883507,1.560274725779891,17503.885612487793,0.0,27.0,0.0,0.0,0.050000000000000044,2.0480408668518066,2.0480408668518066,0.0
standard_dqn,813,430,99.59337202608586,80.55566411413253,32.480214804410934,67.1131564617157,1.5912298196926713,18189.78953552246,0.0,30.0,0.0,1.0,0.050000000000000044,1.6851019188761711,1.6851019188761711,0.0
standard_dqn,813,431,63.597286589443684,79.96397603809835,27.239327780902386,36.357959136366844,1.4364299969747663,15434.752784729004,0.0,21.0,0.0,3.0,0.050000000000000044,1.5078704431653023,1.5078704431653023,0.0
standard_dqn,813,432,77.71566571295261,80.08067052081228,27.919753715395927,49.79591165482998,1.4812446730211377,16199.47615814209,0.0,24.0,0.0,0.0,0.050000000000000044,1.970620647072792,1.970620647072792,0.0
standard_dqn,813,433,81.15379469245673,80.4454392282665,29.815094746649265,51.33869988620281,1.5248235575854778,16925.308980941772,0.0,24.0,0.0,3.0,0.050000000000000044,1.9004709720611572,1.9004709720611572,0.0
standard_dqn,813,434,61.513086567819116,79.25079376213253,24.858365885913372,36.65472074151039,1.3757147761061788,14010.888355255127,0.0,18.0,0.0,2.0,0.050000000000000044,1.3412078600376844,1.3412078600376844,0.0
standard_dqn,813,435,78.54146593809128,80.0676292128116,28.336836382746696,50.204629778862,1.5111100021749735,16298.631649017334,0.0,23.0,0.0,4.0,0.050000000000000044,1.7571126092225313,1.7571126092225313,0.0
standard_dqn,813,436,70.49742150008679,79.84340274311603,27.884136706590652,42.613285434246066,1.4940371681004763,15864.1389503479,0.0,20.0,0.0,5.0,0.050000000000000044,1.484215848147869,1.484215848147869,0.0
standard_dqn,813,437,74.22168162763118,79.2086213479191,27.342967927455902,46.87871395349502,1.4634822830557823,15360.619926452637,0.0,23.0,0.0,3.0,0.050000000000000044,2.1548066176474094,2.1548066176474094,0.0
standard_dqn,813,438,80.75276276767254,79.32838830344379,29.204776346683502,51.54798640608787,1.4791956124827266,16272.564777374268,0.0,24.0,0.0,4.0,0.050000000000000044,1.7229985259473324,1.7229985259473324,0.0
standard_dqn,813,439,90.57615054398775,80.75522820830345,30.39074183255434,60.18540869653225,1.570607646368444,17922.61394882202,0.0,27.0,0.0,0.0,0.050000000000000044,1.7663329727947712,1.7663329727947712,0.0
standard_dqn,813,440,86.09124832004309,81.07968018092215,29.957697682082653,56.13355033993721,1.5283723687753081,17025.888793945312,0.0,25.0,0.0,1.0,0.050000000000000044,1.1977778170257807,1.1977778170257807,0.0
standard_dqn,813,441,70.0132370531559,79.63402701288463,27.54197846353054,42.47125848531723,1.4354207618162036,15241.105298995972,0.0,22.0,0.0,1.0,0.050000000000000044,1.8516964092850685,1.8516964092850685,0.0
standard_dqn,813,442,69.45814788490534,78.54585459090771,25.434801682829857,44.02334583699703,1.4168318500742316,14735.17301940918,0.0,22.0,0.0,3.0,0.050000000000000044,2.107615176588297,2.107615176588297,0.0
standard_dqn,813,443,76.57237202823163,77.91619437910619,27.418349616229534,49.15402246415615,1.4498902605846524,15794.86400604248,0.0,23.0,0.0,1.0,0.050000000000000044,1.6946902722120285,1.6946902722120285,0.0
standard_dqn,813,444,90.6260804027319,78.8867554756254,30.3441893607378,60.281890922784804,1.5758074158802629,17794.220991134644,0.0,26.0,0.0,2.0,0.050000000000000044,1.6029531992971897,1.6029531992971897,0.0
standard_dqn,813,445,97.58614408969879,80.35428632289174,31.90322682261467,65.68291783332825,1.5833195634186268,18504.71694946289,0.0,28.0,0.0,2.0,0.050000000000000044,2.108015716075897,2.108015716075897,0.0
standard_dqn,813,446,91.93414988517762,80.74524400323631,31.636641286313534,60.2975088596344,1.5854113390669227,18156.512363433838,0.0,27.0,0.0,3.0,0.050000000000000044,1.7789779752492905,1.7789779752492905,0.0
standard_dqn,813,447,90.60698641836643,81.3933286433667,30.02882532030344,60.57816079258919,1.5185775719583035,16920.420391082764,0.0,26.0,0.0,0.0,0.050000000000000044,1.3894358798861504,1.3894358798861504,0.0
standard_dqn,813,448,76.8215078189969,80.91642699144782,29.511702589690685,47.30980512499809,1.5418656393885612,17297.637716293335,0.0,22.0,0.0,1.0,0.050000000000000044,2.2005772814154625,2.2005772814154625,0.0
standard_dqn,813,449,77.6182154506445,80.274538865909,28.323596999049187,49.2946191072464,1.4952620510011911,16382.551452636719,0.0,24.0,0.0,2.0,0.050000000000000044,1.389104962348938,1.389104962348938,0.0
standard_dqn,813,450,63.56845345646143,78.47329293742777,25.109075479209423,38.459377604722974,1.4166045943275094,14504.942691802979,0.0,18.0,0.0,2.0,0.050000000000000044,1.1599816102534533,1.1599816102534533,0.0
standard_dqn,813,451,88.95092716217042,79.7409749660641,31.09717833250761,57.85374907553196,1.556816971860826,17716.944862365723,0.0,28.0,0.0,2.0,0.050000000000000044,1.6922248490154743,1.6922248490154743,0.0
standard_dqn,813,452,75.08431519716979,79.60940744027496,29.27556613087654,45.808749029040335,1.479786954820156,16453.337768554688,0.0,21.0,0.0,1.0,0.050000000000000044,1.3874432072043419,1.3874432072043419,0.0
standard_dqn,813,453,65.97020688205957,78.8502280497551,26.460567004978657,39.50963934063911,1.4484832398593426,15219.269218444824,0.0,19.0,0.0,2.0,0.050000000000000044,1.8552339188754559,1.8552339188754559,0.0
standard_dqn,813,454,73.39819508939982,79.44448347583415,26.00855342298746,47.389641442894934,1.428972096182406,15095.349235534668,0.0,22.0,0.0,2.0,0.050000000000000044,1.5761672910302877,1.5761672910302877,0.0
standard_dqn,813,455,94.7306781500578,80.25394408643248,31.878614500164986,62.852063575387,1.5853523761034012,18153.85071182251,0.0,27.0,0.0,3.0,0.050000000000000044,1.8544102162122726,1.8544102162122726,0.0
standard_dqn,813,456,72.3656251013279,80.34735426649452,28.074947342276573,44.29067828059196,1.472935102880001,16415.33715057373,0.0,23.0,0.0,2.0,0.050000000000000044,2.08988787047565,2.08988787047565,0.0
standard_dqn,813,457,80.37769112288952,80.65515474125743,29.697774708271027,50.67991654872894,1.5076506361365318,16815.935485839844,0.0,23.0,0.0,3.0,0.050000000000000044,1.421275170519948,1.421275170519948,0.0
standard_dqn,813,458,99.53509576618671,81.59427139118313,34.05123291909695,65.48386365175247,1.6233906326815486,19429.131462097168,0.0,29.0,0.0,2.0,0.050000000000000044,1.895626364275813,1.895626364275813,0.0
standard_dqn,813,459,61.10381629317999,80.12065467864275,24.67088858038187,36.43292738497257,1.3949894038960338,14511.409236907959,0.0,19.0,0.0,2.0,0.050000000000000044,1.5541611108928919,1.5541611108928919,0.0
standard_dqn,813,460,91.24571147561073,80.37837783642114,29.90399792790413,61.341713324189186,1.5128625351935625,16900.133834838867,0.0,29.0,0.0,1.0,0.050000000000000044,1.8207313437014818,1.8207313437014818,0.0
standard_dqn,813,461,86.12834472358227,81.18413321994247,30.746236830949783,55.38210789263248,1.555242762900889,17910.508670806885,0.0,26.0,0.0,1.0,0.050000000000000044,1.7159870825707912,1.7159870825707912,0.0
standard_dqn,813,462,88.13076731562614,82.1177641914785,29.834379822015762,58.29638713598251,1.526110066100955,17294.563899993896,0.0,26.0,0.0,0.0,0.050000000000000044,1.9300497211515903,1.9300497211515903,0.0
standard_dqn,813,463,82.35762437433004,82.40702680878341,30.402047991752625,51.95557627081871,1.5155319906771183,17100.401384353638,0.0,25.0,0.0,0.0,0.050000000000000044,2.240443915128708,2.240443915128708,0.0
standard_dqn,813,464,80.10996560901404,81.88122106909752,28.871664859354496,51.238300466537474,1.5158957773819566,17024.325706481934,0.0,24.0,0.0,3.0,0.050000000000000044,1.892219863831997,1.892219863831997,0.0
standard_dqn,813,465,82.47495202720165,81.12566146597267,28.95078994333744,53.52416178584099,1.4873110428452492,16192.472736358643,0.0,24.0,0.0,0.0,0.050000000000000044,1.8793437294661999,1.8793437294661999,0.0
standard_dqn,813,466,91.40117715597152,81.09901282951236,29.080765932798386,62.32041064202785,1.529042568989098,16739.139293670654,0.0,28.0,0.0,3.0,0.050000000000000044,2.215998873114586,2.215998873114586,0.0
standard_dqn,813,467,81.14986412227154,80.62615671470762,30.278922200202942,50.87094235420227,1.509799181483686,16382.674419403076,0.0,23.0,0.0,0.0,0.050000000000000044,1.722057033330202,1.722057033330202,0.0
standard_dqn,813,468,79.86921599060297,80.7785421232879,28.90073450654745,50.968481826782224,1.4872747687622905,16254.837223052979,0.0,23.0,0.0,3.0,0.050000000000000044,1.8497732430696487,1.8497732430696487,0.0
standard_dqn,813,469,68.9751033514738,80.34638651832937,26.32598677277565,42.64911702573299,1.3863022727891803,15089.568649291992,0.0,21.0,0.0,2.0,0.050000000000000044,1.4931149054318666,1.4931149054318666,0.0
standard_dqn,813,470,86.3347269833088,81.48470019467176,31.3984092772007,54.93631791472435,1.552713637240231,17615.769065856934,0.0,24.0,0.0,2.0,0.050000000000000044,1.5366865172982216,1.5366865172982216,0.0
standard_dqn,813,471,83.05852274000645,81.19007997356356,30.719676703214645,52.33884661793709,1.550744792446494,17703.31651687622,0.0,24.0,0.0,2.0,0.050000000000000044,2.180946923792362,2.180946923792362,0.0
standard_dqn,813,472,81.20345898121596,81.49603716276587,28.51309122145176,52.690367797017096,1.4825064335018396,16278.218605041504,0.0,24.0,0.0,1.0,0.050000000000000044,1.7178268413990736,1.7178268413990736,0.0
standard_dqn,813,473,80.39539073556662,82.21729635544122,29.09810295701027,51.29728811383247,1.505063203163445,16450.17122077942,0.0,24.0,0.0,1.0,0.050000000000000044,1.5855292528867722,1.5855292528867722,0.0
standard_dqn,813,474,88.29457665383816,82.96211543366316,30.358580619096756,57.93599619865417,1.5775014320388436,17797.625022888184,0.0,26.0,0.0,2.0,0.050000000000000044,1.57609361410141,1.57609361410141,0.0
standard_dqn,813,475,95.92108317613602,83.02163568496705,33.55420795083046,62.366875344514845,1.5897604683414102,18954.614208221436,0.0,29.0,0.0,2.0,0.050000000000000044,1.7297211568802595,1.7297211568802595,0.0
standard_dqn,813,476,92.48375694453716,84.02754227712754,34.40953469276428,58.07422232627869,1.604812739416957,19359.050979614258,0.0,26.0,0.0,1.0,0.050000000000000044,1.7203797735273838,1.7203797735273838,0.0
standard_dqn,813,477,74.88308434933424,83.75281193844975,27.448194473981857,47.43489010632038,1.4667686196044087,15698.429958343506,0.0,23.0,0.0,1.0,0.050000000000000044,1.9243182726204395,1.9243182726204395,0.0
standard_dqn,813,478,86.23476726710797,83.08779551349582,31.013412833213806,55.22135437428951,1.5459391186013818,17532.7596282959,0.0,25.0,0.0,1.0,0.050000000000000044,1.8786038383841515,1.8786038383841515,0.0
standard_dqn,813,479,65.71730838865042,83.31847011826933,26.11985419690609,39.597453543543814,1.4244783269241452,14643.75761604309,0.0,19.0,0.0,1.0,0.050000000000000044,1.4275832641869783,1.4275832641869783,0.0
standard_dqn,813,480,81.85210897028446,82.84878999300302,29.872510015964508,51.97959929704666,1.5544297182932496,17410.981407165527,0.0,23.0,0.0,2.0,0.050000000000000044,1.6424286682158709,1.6424286682158709,0.0
standard_dqn,813,481,81.26642978936434,82.60569424629213,28.419322557747364,52.84710747003555,1.4851714568212628,16255.20225906372,0.0,26.0,0.0,0.0,0.050000000000000044,1.7325648814439774,1.7325648814439774,0.0
standard_dqn,813,482,79.10463282614947,82.1543875218183,29.736095301806927,49.36853694319725,1.5109257008880377,16970.85488510132,0.0,23.0,0.0,1.0,0.050000000000000044,1.696070622652769,1.696070622652769,0.0
standard_dqn,813,483,86.54161387085915,82.36358699664474,30.453844226896763,56.08776965141296,1.5176680637523532,16972.68243789673,0.0,27.0,0.0,1.0,0.050000000000000044,2.0122389383614063,2.0122389383614063,0.0
standard_dqn,813,484,66.7122590854764,81.69370167046787,26.813763357698917,39.89849583208561,1.4325587842613459,15190.316402435303,0.0,21.0,0.0,1.0,0.050000000000000044,1.5256740916520357,1.5256740916520357,0.0
standard_dqn,813,485,75.35355730354786,81.33763193428518,25.61050084978342,49.7430564314127,1.409362219274044,14958.677328109741,0.0,23.0,0.0,2.0,0.050000000000000044,1.5585290901362896,1.5585290901362896,0.0
standard_dqn,813,486,66.05118706077337,80.07013242952527,27.04171161353588,39.00947530567646,1.4410150228068233,15073.533771514893,0.0,21.0,0.0,0.0,0.050000000000000044,1.3621658459305763,1.3621658459305763,0.0
standard_dqn,813,487,104.67433445900679,81.24635594636203,35.200856760144234,69.47347757220268,1.6503374064341187,20200.57233428955,0.0,30.0,0.0,1.0,0.050000000000000044,1.6720639504492283,1.6720639504492283,0.0
standard_dqn,813,488,73.20225957036018,80.91300812534989,28.180857464671135,45.02140201628208,1.4563762564212084,15751.630256652832,0.0,24.0,0.0,0.0,0.050000000000000044,1.5317502245306969,1.5317502245306969,0.0
standard_dqn,813,489,68.09229537248612,80.86886772640051,24.770245477557182,43.32204990983009,1.4185378830879927,14630.28447341919,0.0,22.0,0.0,2.0,0.050000000000000044,2.011361740529537,2.011361740529537,0.0
standard_dqn,813,490,60.53373681306839,79.57881821788848,24.114842973649502,36.418893444538114,1.4038701290264726,14075.959056854248,0.0,18.0,0.0,2.0,0.050000000000000044,1.4384617358446121,1.4384617358446121,0.0
standard_dqn,813,491,71.38916352391243,78.99535025708379,27.241527572274208,44.14763571321964,1.436201985925436,15431.43998336792,0.0,22.0,0.0,0.0,0.050000000000000044,1.6456864345818758,1.6456864345818758,0.0
standard_dqn,813,492,75.84297320991755,78.72732596851885,28.06914784759283,47.773825600743294,1.4891340741887689,15939.42451095581,0.0,24.0,0.0,1.0,0.050000000000000044,1.7449394688010216,1.7449394688010216,0.0
standard_dqn,813,493,52.613990077376364,77.33825593560934,23.89128850400448,28.72270151376724,1.3545950753614306,13806.042068481445,0.0,16.0,0.0,1.0,0.050000000000000044,1.5310812592506409,1.5310812592506409,0.0
standard_dqn,813,494,90.49009181857109,77.44803169384599,30.732184499502182,59.757907050848004,1.5310728149488568,17077.890655517578,0.0,27.0,0.0,2.0,0.050000000000000044,1.697219330817461,1.697219330817461,0.0
standard_dqn,813,495,80.83464763462544,76.69370991677047,29.856404423713684,50.97824374735355,1.5046303421258926,16994.245719909668,0.0,24.0,0.0,1.0,0.050000000000000044,1.9005059730261564,1.9005059730261564,0.0
standard_dqn,813,496,82.73076725155116,76.20606043212118,30.009936101734638,52.72083098590374,1.5397324059158564,17321.486560821533,0.0,25.0,0.0,1.0,0.050000000000000044,1.7254055626690388,1.7254055626690388,0.0
standard_dqn,813,497,87.66248542070389,76.84503048568965,31.101348608732224,56.56113728880882,1.5478613339364529,17524.288402557373,0.0,26.0,0.0,1.0,0.050000000000000044,1.3637855891138315,1.3637855891138315,0.0
standard_dqn,813,498,66.07326381057501,75.83695531286301,28.53350906819105,37.53975490629673,1.441644275560975,15643.256076812744,0.0,19.0,0.0,1.0,0.050000000000000044,1.7197186648845673,1.7197186648845673,0.0
standard_dqn,813,499,67.99991252422333,75.95108551964165,26.143384709954262,41.856528335809706,1.415677941404283,14912.22679901123,0.0,21.0,0.0,1.0,0.050000000000000044,1.6971397940069437,1.6971397940069437,0.0
standard_dqn,813,500,62.30346459299326,74.9736533007771,24.779949985444546,37.5235149204731,1.4009892605245113,14563.749740600586,0.0,19.0,0.0,1.0,0.050000000000000044,1.8462208844721317,1.8462208844721317,0.0
standard_dqn,813,501,87.08746308237315,75.26470496542754,30.735048212110996,56.35241492986679,1.5411940244957805,17332.236713409424,0.0,25.0,0.0,1.0,0.050000000000000044,2.0261011105030775,2.0261011105030775,0.0
standard_dqn,813,502,75.30601304769516,75.07477397650482,28.521597236394882,46.78441593050957,1.459295753389597,16398.882858276367,0.0,23.0,0.0,1.0,0.050000000000000044,1.6164394728839397,1.6164394728839397,0.0
standard_dqn,813,503,78.51406886428595,74.67339672617615,28.940506793558598,49.57356238365173,1.4850811148062348,16094.010818481445,0.0,23.0,0.0,1.0,0.050000000000000044,1.8828442804515362,1.8828442804515362,0.0
standard_dqn,813,504,73.69243385046721,75.0224054644257,28.409871615469456,45.282562071084975,1.4713160824030638,16200.104665756226,0.0,22.0,0.0,4.0,0.050000000000000044,1.761399444192648,1.761399444192648,0.0
standard_dqn,813,505,83.63371685892344,75.43641344219448,30.293595664203167,53.34012173116207,1.512676295824349,16912.2696685791,0.0,24.0,0.0,0.0,0.050000000000000044,1.7986917402595282,1.7986917402595282,0.0
standard_dqn,813,506,89.07025047391653,76.58736661285164,31.84403008967638,57.22622072696686,1.5631162961944938,18341.89991760254,0.0,24.0,0.0,1.0,0.050000000000000044,2.054009824991226,2.054009824991226,0.0
standard_dqn,813,507,66.70541580319404,74.68892068006099,23.7211824208498,42.98423338234424,1.375119493342936,13373.785306930542,0.0,23.0,0.0,3.0,0.050000000000000044,1.200074853375554,1.200074853375554,0.0
standard_dqn,813,508,74.62867848873138,74.76024162597955,26.96975725889206,47.65892118513584,1.4310334054753184,15334.94955444336,0.0,23.0,0.0,2.0,0.050000000000000044,1.3982153050601482,1.3982153050601482,0.0
standard_dqn,813,509,77.5014563202858,75.23069967336953,29.910449169576168,47.59100687503815,1.5115107027813792,17275.559452056885,0.0,26.0,0.0,1.0,0.050000000000000044,1.7077426128089428,1.7077426128089428,0.0
standard_dqn,813,510,88.4445049315691,76.62623807929455,29.53916808217764,58.9053366035223,1.5064318468794227,16489.94787979126,0.0,26.0,0.0,1.0,0.050000000000000044,1.893292386084795,1.893292386084795,0.0
standard_dqn,813,511,83.32919606566429,77.22323970638216,29.71377559006214,53.61542061716318,1.5263245785608888,17065.88289642334,0.0,25.0,0.0,2.0,0.050000000000000044,1.495411129668355,1.495411129668355,0.0
standard_dqn,813,512,95.3829924762249,78.20024066969752,33.17820397019386,62.20478913187981,1.597108288668096,19191.62998199463,0.0,28.0,0.0,2.0,0.050000000000000044,1.8168208189308643,1.8168208189308643,0.0
standard_dqn,813,513,86.52767936140299,79.89592513389886,30.749824345111847,55.77785511314869,1.55027065705508,17691.964584350586,0.0,25.0,0.0,2.0,0.050000000000000044,2.0728573445230722,2.0728573445230722,0.0
standard_dqn,813,514,76.8837444037199,79.2156077631563,27.901002198457718,48.98274224996567,1.5062042530626059,16072.429420471191,0.0,23.0,0.0,0.0,0.050000000000000044,1.6731836311519146,1.6731836311519146,0.0
standard_dqn,813,515,75.59310511797666,78.95353063732385,28.590572722256184,47.00253224670887,1.460008672438562,16072.519104003906,0.0,22.0,0.0,3.0,0.050000000000000044,1.8251715414226055,1.8251715414226055,0.0
standard_dqn,813,516,76.73790346831083,78.65388744816184,27.599229626357555,49.13867366313934,1.460767349228263,15989.166606903076,0.0,23.0,0.0,1.0,0.050000000000000044,2.195006802678108,2.195006802678108,0.0
standard_dqn,813,517,96.77462793290616,79.10949457377195,31.49942134320736,65.27520645558835,1.5410302178934216,17634.053142547607,0.0,29.0,0.0,2.0,0.050000000000000044,1.9728947635740042,1.9728947635740042,0.0
standard_dqn,813,518,80.44132136553526,79.82789745151996,29.048082008957863,51.393239587545395,1.4692016625776887,16234.321468353271,0.0,27.0,0.0,1.0,0.050000000000000044,1.4813915397971869,1.4813915397971869,0.0
standard_dqn,813,519,62.992955702543256,79.57754961043597,24.881873480975628,38.11108209490776,1.368152905255556,13989.380966186523,0.0,20.0,0.0,3.0,0.050000000000000044,1.2155838124454021,1.2155838124454021,0.0
standard_dqn,813,520,66.60849163830281,79.79280096270143,24.706988461315632,41.90150293111801,1.3877061493694782,14276.182453155518,0.0,20.0,0.0,1.0,0.050000000000000044,2.2142543997615576,2.2142543997615576,0.0
standard_dqn,813,521,70.51544886976481,78.96420025207104,25.952484115958214,44.562964820861815,1.434271588921547,14671.206886291504,0.0,22.0,0.0,1.0,0.050000000000000044,2.1547472588717937,2.1547472588717937,0.0
standard_dqn,813,522,88.92909234762192,79.64535421706736,30.339456468820572,58.5896355509758,1.5216177823022008,17119.285638809204,0.0,25.0,0.0,2.0,0.050000000000000044,1.7169152647256851,1.7169152647256851,0.0
standard_dqn,813,523,89.3306520730257,80.18618337750436,30.327494725584984,59.003157407045364,1.556844494305551,17804.51292037964,0.0,26.0,0.0,0.0,0.050000000000000044,1.8206016682088375,1.8206016682088375,0.0
standard_dqn,813,524,91.11170943975449,81.05714715696872,32.70155857503414,58.410150745511054,1.5936040207743645,18560.36552810669,0.0,25.0,0.0,2.0,0.050000000000000044,1.5134031437337399,1.5134031437337399,0.0
standard_dqn,813,525,96.32596176266671,81.6917594021559,31.6802708953619,64.64569036066533,1.5889440961182117,18285.31583404541,0.0,28.0,0.0,3.0,0.050000000000000044,1.5796366818249226,1.5796366818249226,0.0
standard_dqn,813,526,83.99652269482613,81.43807301320138,30.204732790589333,53.79178965091705,1.5102086681872606,17479.148319244385,0.0,24.0,0.0,2.0,0.050000000000000044,1.6038549952208996,1.6038549952208996,0.0
standard_dqn,813,527,81.64142157882452,82.18487330198289,28.94688957184553,52.69453214108944,1.4896125867962837,16251.505130767822,0.0,24.0,0.0,1.0,0.050000000000000044,1.4772484507411718,1.4772484507411718,0.0
standard_dqn,813,528,77.374495023489,82.32216412872077,30.06608970463276,47.30840499103069,1.5360598666593432,16974.433074951172,0.0,23.0,0.0,1.0,0.050000000000000044,1.4587849099189043,1.4587849099189043,0.0
standard_dqn,813,529,83.56235836744308,82.62520923107863,31.34354691207409,52.2188112616539,1.5687593519687653,17929.943450927734,0.0,25.0,0.0,3.0,0.050000000000000044,2.076030222699046,2.076030222699046,0.0
standard_dqn,813,530,85.74249574542046,82.49010877177119,29.410573437809944,56.33192251622677,1.524815890006721,16782.223915100098,0.0,26.0,0.0,0.0,0.050000000000000044,1.399398721754551,1.399398721754551,0.0
standard_dqn,813,531,76.04339555799962,82.12581874638796,29.399352848529816,46.64404288828373,1.5440776888281107,17122.471969604492,0.0,22.0,0.0,3.0,0.050000000000000044,1.9269365780055523,1.9269365780055523,0.0
standard_dqn,813,532,83.51646929234266,81.53249258719384,29.831673927605152,53.68479526042938,1.5034439358860254,16655.85743331909,0.0,25.0,0.0,0.0,0.050000000000000044,1.6760043539106846,1.6760043539106846,0.0
standard_dqn,813,533,78.17495754510165,81.11485649637879,28.09620677679777,50.078750827908515,1.4737928798422217,16005.236248016357,0.0,25.0,0.0,2.0,0.050000000000000044,1.6653163842856884,1.6653163842856884,0.0
standard_dqn,813,534,74.90469932556152,81.01590424247087,27.224394120275974,47.680305659770966,1.4452188266441226,15528.882816314697,0.0,23.0,0.0,2.0,0.050000000000000044,1.9906342849135399,1.9906342849135399,0.0
standard_dqn,813,535,82.10798181593418,81.34164807736875,29.82242740690708,52.285554483532906,1.4975425275042653,16480.930141448975,0.0,25.0,0.0,0.0,0.050000000000000044,1.6320429313927889,1.6320429313927889,0.0
standard_dqn,813,536,66.61730638891459,80.83561822339894,28.473404802381992,38.143901482224464,1.4485839335247874,15848.85934829712,0.0,20.0,0.0,0.0,0.050000000000000044,1.3308942187577486,1.3308942187577486,0.0
standard_dqn,813,537,96.04957141876221,80.79936539769173,32.754055596888065,63.295516380667685,1.6088962284848094,18593.45756340027,0.0,28.0,0.0,2.0,0.050000000000000044,1.7899853363633156,1.7899853363633156,0.0
standard_dqn,813,538,92.70889625996351,81.41274414241315,33.07840523868799,59.63049118518829,1.5831184387207031,18335.582958221436,0.0,27.0,0.0,2.0,0.050000000000000044,1.718373067677021,1.718373067677021,0.0
standard_dqn,813,539,86.90785773843527,82.60848924420773,30.395700454711914,56.51215672492981,1.5247728861868382,17305.31510734558,0.0,25.0,0.0,1.0,0.050000000000000044,1.8358844220638275,1.8358844220638275,0.0
standard_dqn,813,540,81.57062208801509,83.35659576669336,29.30618680268526,52.26443509161472,1.491753756068647,16669.937427520752,0.0,25.0,0.0,2.0,0.050000000000000044,1.9616717100143433,1.9616717100143433,0.0
standard_dqn,813,541,74.48915955126286,83.55528130076826,27.879510760307312,46.60964943170548,1.4629410840570927,15758.885303497314,0.0,22.0,0.0,3.0,0.050000000000000044,1.7036824487149715,1.7036824487149715,0.0
standard_dqn,813,542,73.51065405607224,82.78435938619079,27.376122325658798,46.134531611204146,1.4138325164094567,15307.10009765625,0.0,22.0,0.0,1.0,0.050000000000000044,2.0357183683663607,2.0357183683663607,0.0
standard_dqn,813,543,75.75249499082565,82.10545153208078,27.5558228418231,48.19667223095894,1.4626222578808665,15696.277446746826,0.0,23.0,0.0,0.0,0.050000000000000044,1.8314800262451172,1.8314800262451172,0.0
standard_dqn,813,544,80.64643735885619,81.58218792803586,28.972421146929264,51.67401681542397,1.4814058598130941,16280.055238723755,0.0,23.0,0.0,3.0,0.050000000000000044,1.6473754774779081,1.6473754774779081,0.0
standard_dqn,813,545,80.80543276071549,80.80616147793832,30.096306324005127,50.709126183390616,1.532252300530672,17379.766483306885,0.0,24.0,0.0,2.0,0.050000000000000044,1.3282211888581514,1.3282211888581514,0.0
standard_dqn,813,546,80.98123152703047,80.65539691954851,29.332178689539433,51.649052584171294,1.5226577389985323,16625.80422592163,0.0,23.0,0.0,1.0,0.050000000000000044,1.6446906961500645,1.6446906961500645,0.0
standard_dqn,813,547,98.59874311089516,81.50326299615206,32.23085397481918,66.36788952350616,1.5768222287297249,18146.235664367676,0.0,29.0,0.0,0.0,0.050000000000000044,2.1431681644171476,2.1431681644171476,0.0
standard_dqn,813,548,65.73657716214657,80.92136710308493,26.106300450861454,39.6302770614624,1.4155335472896695,15109.897117614746,0.0,20.0,0.0,1.0,0.050000000000000044,1.5727528166025877,1.5727528166025877,0.0
standard_dqn,813,549,93.89100144952536,81.43779925718904,32.41069906949997,61.480302506685256,1.5757419988512993,18094.447734832764,0.0,28.0,0.0,2.0,0.050000000000000044,1.6296018827706575,1.6296018827706575,0.0
standard_dqn,813,550,70.2183305412531,80.66159099698068,27.04066303372383,43.17766780555248,1.451197667978704,15827.880470275879,0.0,21.0,0.0,1.0,0.050000000000000044,1.8652460314333439,1.8652460314333439,0.0
standard_dqn,813,551,80.62363463938236,80.89060295104981,28.766271501779556,51.85736324191093,1.5021954728290439,16641.92959213257,0.0,24.0,0.0,2.0,0.050000000000000044,1.905500153079629,1.905500153079629,0.0
standard_dqn,813,552,91.2666021078825,81.2781095918268,31.604489654302597,59.662112632393836,1.5534613877534866,17915.15912628174,0.0,28.0,0.0,2.0,0.050000000000000044,1.4186963327229023,1.4186963327229023,0.0
standard_dqn,813,553,81.95165251344443,81.46694434024394,27.627675250172615,54.32397715896368,1.4820044245570898,15754.501388549805,0.0,25.0,0.0,3.0,0.050000000000000044,1.4944303520023823,1.4944303520023823,0.0
standard_dqn,813,554,85.44263290762902,81.99384101934733,31.445792317390442,53.99684060513973,1.5639372738078237,18059.477020263672,0.0,25.0,0.0,1.0,0.050000000000000044,2.2678074594587088,2.2678074594587088,0.0
standard_dqn,813,555,90.31340617835522,82.40411223746838,29.143619164824486,61.16978752017021,1.528422332368791,16748.816646575928,0.0,29.0,0.0,1.0,0.050000000000000044,1.8840880766510963,1.8840880766510963,0.0
standard_dqn,813,556,98.47685884833336,83.99708986043932,34.83678501099348,63.640073800086974,1.648579379543662,19792.689601898193,0.0,28.0,0.0,1.0,0.050000000000000044,2.200308457016945,2.200308457016945,0.0
standard_dqn,813,557,74.29974207431079,82.90959839321674,26.941941395401955,47.357800820469855,1.4277073182165623,15197.171005249023,0.0,22.0,0.0,1.0,0.050000000000000044,1.6953233256936073,1.6953233256936073,0.0
standard_dqn,813,558,73.39423622190952,81.94386539131405,26.552129939198494,46.84210650622845,1.4656184306368232,15526.576274871826,0.0,24.0,0.0,0.0,0.050000000000000044,1.8072546236217022,1.8072546236217022,0.0
standard_dqn,813,559,77.10280766636133,81.45361288771034,26.635379634797573,50.467428135871884,1.4521392714232206,15492.07441329956,0.0,23.0,0.0,3.0,0.050000000000000044,1.5654566809535027,1.5654566809535027,0.0
standard_dqn,813,560,70.68579766303301,80.90937166646123,26.461666636168957,44.22413086295128,1.4282280104234815,15098.06619644165,0.0,22.0,0.0,1.0,0.050000000000000044,1.7858250495046377,1.7858250495046377,0.0
standard_dqn,813,561,64.47519678622484,80.40867352820933,25.19510432332754,39.28009270131588,1.4056227561086416,14359.72306060791,0.0,21.0,0.0,1.0,0.050000000000000044,1.501901127398014,1.501901127398014,0.0
standard_dqn,813,562,83.71837345659733,80.9190594982356,30.050203144550323,53.66817080378532,1.4809603160247207,16978.93197631836,0.0,24.0,0.0,1.0,0.050000000000000044,1.4428010527044535,1.4428010527044535,0.0
standard_dqn,813,563,86.4899306371808,81.45593128055336,30.08270103484392,56.40723003447056,1.5359715530648828,17431.711738586426,0.0,25.0,0.0,0.0,0.050000000000000044,1.6867960505187511,1.6867960505187511,0.0
standard_dqn,813,564,82.67036194652319,81.55712750993669,30.383640624582767,52.28672111332416,1.5408307490870357,17348.37139892578,0.0,24.0,0.0,2.0,0.050000000000000044,1.6458985013887286,1.6458985013887286,0.0
standard_dqn,813,565,72.0583735793829,81.11977455087006,26.343811973929405,45.71456151604652,1.4462921237573028,15082.695310592651,0.0,25.0,0.0,3.0,0.050000000000000044,1.4780789278447628,1.4780789278447628,0.0
standard_dqn,813,566,60.16616014391184,80.07902098171414,26.775089785456657,33.391070172190666,1.4361143978312612,15437.313663482666,0.0,18.0,0.0,2.0,0.050000000000000044,1.818280402570963,1.818280402570963,0.0
standard_dqn,813,567,83.81290055811405,79.33972885407508,30.26902373880148,53.54387730360031,1.5454290779307485,17597.967540740967,0.0,24.0,0.0,1.0,0.050000000000000044,1.8720204196870327,1.8720204196870327,0.0
standard_dqn,813,568,89.78805939853191,80.54230296589435,32.07705533504486,57.71100363135338,1.5758765824139118,18116.443382263184,0.0,27.0,0.0,2.0,0.050000000000000044,1.8922017347067595,1.8922017347067595,0.0
standard_dqn,813,569,76.06201998144388,79.65085389249028,27.571699626743793,48.49032041430473,1.492344567552209,15919.369640350342,0.0,22.0,0.0,0.0,0.050000000000000044,1.809222126379609,1.809222126379609,0.0
standard_dqn,813,570,82.38764761537314,80.25931974619627,29.222495056688786,53.16515312492847,1.5199970724061131,16777.47723197937,0.0,25.0,0.0,1.0,0.050000000000000044,2.20132802054286,2.20132802054286,0.0
standard_dqn,813,571,69.18160800635815,79.68721841454507,25.856233954429626,43.32537466287613,1.4270863058045506,14971.012214660645,0.0,22.0,0.0,0.0,0.050000000000000044,1.9698547795414925,1.9698547795414925,0.0
standard_dqn,813,572,79.318941347301,79.08983537651599,27.886038407683372,51.43290215730667,1.457332688383758,15781.306251525879,0.0,23.0,0.0,1.0,0.050000000000000044,1.8637093603610992,1.8637093603610992,0.0
standard_dqn,813,573,63.31104778498411,78.15780514009298,25.636409305036068,37.67463840544224,1.412242103368044,14601.247203826904,0.0,20.0,0.0,0.0,0.050000000000000044,1.5927176922559738,1.5927176922559738,0.0
standard_dqn,813,574,89.27411083877087,78.34937903665006,29.242028780281544,60.03208163380623,1.4859275473281741,16659.78369140625,0.0,29.0,0.0,0.0,0.050000000000000044,1.7733251005411148,1.7733251005411148,0.0
standard_dqn,813,575,77.23943818509579,77.69568063698709,28.44271893799305,48.796719247102736,1.469161095097661,16214.355285644531,0.0,23.0,0.0,1.0,0.050000000000000044,1.2741052061319351,1.2741052061319351,0.0
standard_dqn,813,576,77.37883695214987,76.64077954217791,29.393893897533417,47.98494292795658,1.4768769536167383,16142.366603851318,0.0,24.0,0.0,0.0,0.050000000000000044,1.9465346653014421,1.9465346653014421,0.0
standard_dqn,813,577,92.6161882430315,77.55660185061396,31.43236643075943,61.183821484446526,1.5570482620969415,18002.36716079712,0.0,28.0,0.0,0.0,0.050000000000000044,1.71288575604558,1.71288575604558,0.0
standard_dqn,813,578,78.53998041301966,77.81388906016947,28.436221174895763,50.10375910401344,1.4692230746150017,16079.419746398926,0.0,22.0,0.0,2.0,0.050000000000000044,1.7432031724601984,1.7432031724601984,0.0
standard_dqn,813,579,85.67876061797142,78.24268670774998,28.65429264307022,57.02446821331978,1.497281244955957,16347.836856842041,0.0,25.0,0.0,1.0,0.050000000000000044,2.1471676863729954,2.1471676863729954,0.0
standard_dqn,813,580,82.01709043383599,78.80925134629013,28.547045454382896,53.47004505395889,1.485224419273436,16441.90181350708,0.0,24.0,0.0,1.0,0.050000000000000044,1.8472947552800179,1.8472947552800179,0.0
standard_dqn,813,581,88.66667101532221,80.01882505774499,31.00632957369089,57.660341277718544,1.6080771712586284,18235.39401626587,0.0,27.0,0.0,1.0,0.050000000000000044,2.16762338578701,2.16762338578701,0.0
standard_dqn,813,582,74.42437675595284,79.55412522271277,27.708446130156517,46.71593074500561,1.4464769707992673,15423.960807800293,0.0,23.0,0.0,0.0,0.050000000000000044,1.7773056477308273,1.7773056477308273,0.0
standard_dqn,813,583,83.0167263314128,79.38046500742436,29.41980918496847,53.596917593479155,1.5215649036690593,16699.254135131836,0.0,24.0,0.0,1.0,0.050000000000000044,1.4647528603672981,1.4647528603672981,0.0
standard_dqn,813,584,77.44002989679575,79.11894840493798,27.777044139802456,49.6629855632782,1.490038476884365,16063.086977005005,0.0,22.0,0.0,2.0,0.050000000000000044,1.4119577780365944,1.4119577780365944,0.0
standard_dqn,813,585,67.37518967688084,78.88478920981288,26.11511256545782,41.26007656753063,1.4105336554348469,14898.231330871582,0.0,20.0,0.0,2.0,0.050000000000000044,1.5102336965501308,1.5102336965501308,0.0
standard_dqn,813,586,85.15685223042965,80.13432381413877,30.562789991497993,54.59406179189682,1.567750788293779,17553.72161102295,0.0,25.0,0.0,2.0,0.050000000000000044,2.144717052578926,2.144717052578926,0.0
standard_dqn,813,587,82.40007633119822,80.06368260279298,30.283172845840454,52.11690364181995,1.5351853258907795,17485.81672668457,0.0,25.0,0.0,2.0,0.050000000000000044,1.8439198583364487,1.8439198583364487,0.0
standard_dqn,813,588,70.5110901042819,79.09983413808048,26.76534355431795,43.74574674367905,1.4370315419510007,15459.94425201416,0.0,21.0,0.0,4.0,0.050000000000000044,1.8357850890606642,1.8357850890606642,0.0
standard_dqn,813,589,76.87721255719661,79.14059376686812,27.817217871546745,49.0599945962429,1.4619134543463588,15547.465927124023,0.0,22.0,0.0,3.0,0.050000000000000044,1.6706741601228714,1.6706741601228714,0.0
standard_dqn,813,590,72.11990156173707,78.62720646418632,27.391250237822533,44.728651681542395,1.4921394623816013,15743.120948791504,0.0,22.0,0.0,2.0,0.050000000000000044,1.9660739563405514,1.9660739563405514,0.0
standard_dqn,813,591,77.2542422786355,79.03083817780018,27.1274041980505,50.12683816254139,1.4724519401788712,15718.546115875244,0.0,23.0,0.0,1.0,0.050000000000000044,1.8069913815706968,1.8069913815706968,0.0
standard_dqn,813,592,93.90409357845783,79.76009578935802,31.87804990261793,62.026043713092804,1.6096717277541757,18504.616298675537,0.0,27.0,0.0,1.0,0.050000000000000044,1.9695794079452753,1.9695794079452753,0.0
standard_dqn,813,593,87.46451074182987,80.9677689372003,29.422968678176403,58.04154211580753,1.510174865834415,16852.427520751953,0.0,25.0,0.0,2.0,0.050000000000000044,1.8935387060046196,1.8935387060046196,0.0
standard_dqn,813,594,71.73496703207493,80.09081174686551,26.724000468850136,45.01096675693989,1.4563824413344264,15628.10050201416,0.0,22.0,0.0,2.0,0.050000000000000044,1.7351051419973373,1.7351051419973373,0.0
standard_dqn,813,595,69.4109982714057,79.69938975118102,27.506675697863102,41.904322975873946,1.4572476651519537,15849.539329528809,0.0,21.0,0.0,2.0,0.050000000000000044,1.5430959984660149,1.5430959984660149,0.0
standard_dqn,813,596,96.35257163643837,80.64807648539544,31.837953954935074,64.51461799442768,1.579216635785997,18088.62059020996,0.0,28.0,0.0,1.0,0.050000000000000044,1.6321336850523949,1.6321336850523949,0.0
standard_dqn,813,597,87.11176876872779,80.37285551168027,29.931646324694157,57.180122861266135,1.5181052638217807,16954.885446548462,0.0,27.0,0.0,2.0,0.050000000000000044,2.1529083251953125,2.1529083251953125,0.0
standard_dqn,813,598,71.02012289315462,79.99686263568701,29.374579913914204,41.64554297924042,1.5084384251385927,17263.369232177734,0.0,21.0,0.0,3.0,0.050000000000000044,1.5037083085626364,1.5037083085626364,0.0
standard_dqn,813,599,69.28896615803242,79.17737291269006,24.066395826637745,45.22257027924061,1.3702485645189881,14178.754648208618,0.0,21.0,0.0,1.0,0.050000000000000044,1.9587088599801064,1.9587088599801064,0.0
