model_seed,trace_seed,scenario,coupling,total_cost,immediate_cost,penalty,thermal_violation,energy_violation,queue_violation,contact_violation,onboard_fraction,ground_fraction,hybrid_fraction,variant,configuration
300,1300000,nominal,1.0,305.45102712512016,249.36341711878777,56.087609350681305,0.0,25.0,0.0,0.0,0.53125,0.25,0.21875,standard_dqn,standard
300,1300001,nominal,1.0,317.6853105276823,231.55098079144955,86.13433000445366,0.0,37.0,0.0,0.0,0.546875,0.15625,0.296875,standard_dqn,standard
300,1300002,nominal,1.0,345.8926953613758,263.6050901412964,82.28760495185853,0.0,35.0,0.0,2.0,0.4375,0.25,0.3125,standard_dqn,standard
300,1300003,nominal,1.0,327.62122836562327,232.63731598854065,94.98391279431506,0.0,35.0,12.0,0.0,0.53125,0.265625,0.203125,standard_dqn,standard
300,1300004,nominal,1.0,275.4554311275482,214.20621407032013,61.24921662509441,0.0,28.0,0.0,1.0,0.578125,0.203125,0.21875,standard_dqn,standard
300,1300005,nominal,1.0,280.24956783056257,210.0959576666355,70.15361169874669,0.0,30.0,0.0,3.0,0.46875,0.171875,0.359375,standard_dqn,standard
300,1300006,nominal,1.0,346.58077988028526,283.7930442392826,62.787736147642136,0.0,27.0,0.0,0.0,0.515625,0.234375,0.25,standard_dqn,standard
300,1300007,nominal,1.0,311.15764874219894,248.94547456502914,62.21217507123947,0.0,27.0,0.0,1.0,0.375,0.3125,0.3125,standard_dqn,standard
300,1300008,nominal,1.0,299.274710804224,226.94703939557076,72.32767331600189,0.0,30.0,0.0,0.0,0.5,0.21875,0.28125,standard_dqn,standard
300,1300009,nominal,1.0,287.19823532700536,217.07520413398743,70.1230318337679,0.0,30.0,0.0,1.0,0.5625,0.203125,0.234375,standard_dqn,standard
300,1300010,nominal,1.0,354.94847667217255,279.0520170331001,75.89645764231682,0.0,32.0,0.0,0.0,0.46875,0.1875,0.34375,standard_dqn,standard
300,1300011,nominal,1.0,302.55831640958786,240.2834636569023,62.27485293149948,0.0,28.0,0.0,0.0,0.515625,0.203125,0.28125,standard_dqn,standard
300,1300012,nominal,1.0,316.12171425819395,259.46824038028717,56.65347462296486,0.0,26.0,0.0,2.0,0.515625,0.25,0.234375,standard_dqn,standard
300,1300013,nominal,1.0,342.8569126725197,258.47459107637405,84.38232320547104,0.0,34.0,0.0,0.0,0.53125,0.1875,0.28125,standard_dqn,standard
300,1300014,nominal,1.0,307.3587896823883,242.62965239584446,64.72913816571236,0.0,29.0,0.0,0.0,0.53125,0.1875,0.28125,standard_dqn,standard
300,1300015,nominal,1.0,316.2968326508999,243.8723622262478,72.42447137832642,0.0,29.0,0.0,0.0,0.53125,0.234375,0.234375,standard_dqn,standard
300,1300016,nominal,1.0,391.469064045017,300.30246394872665,91.16660096055767,0.0,34.0,15.0,2.0,0.40625,0.21875,0.375,standard_dqn,standard
300,1300017,nominal,1.0,342.45448380708694,272.20992136001587,70.24456200003624,0.0,31.0,0.0,0.0,0.390625,0.28125,0.328125,standard_dqn,standard
300,1300018,nominal,1.0,308.3405402004719,232.64861807227135,75.69192314147949,0.0,32.0,0.0,1.0,0.546875,0.15625,0.296875,standard_dqn,standard
300,1300019,nominal,1.0,321.9143853187561,256.9408413171768,64.97354412078857,0.0,29.0,0.0,0.0,0.484375,0.25,0.265625,standard_dqn,standard
300,1300000,burst,1.0,316.795193195343,254.7161119580269,62.07908207178116,1.0,27.0,0.0,0.0,0.515625,0.25,0.234375,standard_dqn,standard
300,1300001,burst,1.0,343.5689200573353,245.07919077575207,98.4897284471182,3.0,37.0,11.0,0.0,0.515625,0.171875,0.3125,standard_dqn,standard
300,1300002,burst,1.0,369.1082931447029,280.41277199983597,88.69552034020423,3.0,35.0,3.0,2.0,0.421875,0.296875,0.28125,standard_dqn,standard
300,1300003,burst,1.0,349.42014305985793,252.40865981578827,97.01148260331973,0.0,35.0,13.0,0.0,0.515625,0.296875,0.1875,standard_dqn,standard
300,1300004,burst,1.0,304.45654901266096,229.30065786838531,75.15589162111283,3.0,31.0,0.0,1.0,0.546875,0.21875,0.234375,standard_dqn,standard
300,1300005,burst,1.0,304.3253961443901,229.1438908278942,75.18150627017022,6.0,30.0,0.0,3.0,0.453125,0.1875,0.359375,standard_dqn,standard
300,1300006,burst,1.0,359.5129232108593,295.43792966008186,64.07499384880066,0.0,27.0,0.0,0.0,0.5,0.25,0.25,standard_dqn,standard
300,1300007,burst,1.0,319.3653886914253,256.92698860168457,62.438399225473404,0.0,27.0,0.0,1.0,0.359375,0.3125,0.328125,standard_dqn,standard
300,1300008,burst,1.0,316.7523697912693,238.20089742541313,78.55147385597229,3.0,31.0,0.0,0.0,0.5,0.234375,0.265625,standard_dqn,standard
300,1300009,burst,1.0,303.3330817759037,230.2617893218994,73.0712938696146,0.0,31.0,0.0,1.0,0.546875,0.21875,0.234375,standard_dqn,standard
300,1300010,burst,1.0,366.29386055469513,285.25950157642365,81.03435882925987,0.0,34.0,0.0,0.0,0.4375,0.203125,0.359375,standard_dqn,standard
300,1300011,burst,1.0,321.60414016246796,261.9527390599251,59.65140187740326,0.0,27.0,0.0,0.0,0.484375,0.234375,0.28125,standard_dqn,standard
300,1300012,burst,1.0,344.8099866747856,282.25703579187393,62.55295097231865,2.0,28.0,0.0,2.0,0.5,0.265625,0.234375,standard_dqn,standard
300,1300013,burst,1.0,417.1152616509029,277.2005989551544,139.91466281495775,15.0,35.0,27.0,0.0,0.515625,0.1875,0.296875,standard_dqn,standard
300,1300014,burst,1.0,314.01142930984497,244.77863131463528,69.23279941082001,0.0,30.0,0.0,0.0,0.484375,0.234375,0.28125,standard_dqn,standard
300,1300015,burst,1.0,324.35016939044,249.3617037832737,74.98846805095673,2.0,30.0,0.0,0.0,0.53125,0.25,0.21875,standard_dqn,standard
300,1300016,burst,1.0,434.4299570173523,317.9290739893913,116.50088380282124,0.0,35.0,24.0,2.0,0.375,0.265625,0.359375,standard_dqn,standard
300,1300017,burst,1.0,363.6000056862831,283.4588934779167,80.1411138176918,3.0,32.0,0.0,0.0,0.375,0.296875,0.328125,standard_dqn,standard
300,1300018,burst,1.0,318.0205253660679,236.34526494145393,81.67526188492775,0.0,34.0,0.0,1.0,0.53125,0.15625,0.3125,standard_dqn,standard
300,1300019,burst,1.0,343.5423392653465,279.3454636335373,64.19687697291374,2.0,29.0,0.0,0.0,0.421875,0.28125,0.296875,standard_dqn,standard
300,1300000,link_limited,1.0,357.4432928264141,286.24538323283195,71.19790935516357,0.0,30.0,0.0,0.0,0.71875,0.15625,0.125,standard_dqn,standard
300,1300001,link_limited,1.0,433.086917768949,281.63414230942726,151.45277599596335,0.0,39.0,25.0,0.0,0.640625,0.125,0.234375,standard_dqn,standard
300,1300002,link_limited,1.0,536.7163017144442,361.5225738286972,175.19372797515385,0.0,38.0,36.0,1.0,0.53125,0.21875,0.25,standard_dqn,standard
300,1300003,link_limited,1.0,410.3584391782577,305.5015549659729,104.85688361623824,0.0,33.0,16.0,0.0,0.6875,0.15625,0.15625,standard_dqn,standard
300,1300004,link_limited,1.0,335.83602418899534,256.3740451335907,79.46198048591614,0.0,34.0,0.0,1.0,0.75,0.078125,0.171875,standard_dqn,standard
300,1300005,link_limited,1.0,424.202934397252,289.98153883218765,134.22139470079694,0.0,38.0,27.0,2.0,0.578125,0.15625,0.265625,standard_dqn,standard
300,1300006,link_limited,1.0,417.7212870078522,341.3327783048153,76.38851031236236,0.0,31.0,12.0,0.0,0.625,0.171875,0.203125,standard_dqn,standard
300,1300007,link_limited,1.0,420.69501438577606,325.2330948114395,95.46191873987148,0.0,37.0,16.0,1.0,0.5625,0.171875,0.265625,standard_dqn,standard
300,1300008,link_limited,1.0,389.57130007530634,303.30815571546555,86.26314576054995,0.0,35.0,5.0,0.0,0.640625,0.140625,0.21875,standard_dqn,standard
300,1300009,link_limited,1.0,387.6818956797317,289.9766569137573,97.70523960043931,0.0,35.0,19.0,1.0,0.671875,0.140625,0.1875,standard_dqn,standard
300,1300010,link_limited,1.0,527.6182067033909,378.42077416181564,149.19743267568566,0.0,42.0,34.0,0.0,0.65625,0.109375,0.234375,standard_dqn,standard
300,1300011,link_limited,1.0,424.8059463619293,325.12011927366257,99.6858236311972,0.0,38.0,11.0,0.0,0.625,0.15625,0.21875,standard_dqn,standard
300,1300012,link_limited,1.0,342.3418598897457,270.57314896583557,71.76871073019504,0.0,31.0,3.0,0.0,0.71875,0.125,0.15625,standard_dqn,standard
300,1300013,link_limited,1.0,432.2023904132566,323.6686094403267,108.53378086862162,0.0,35.0,22.0,0.0,0.65625,0.125,0.21875,standard_dqn,standard
300,1300014,link_limited,1.0,370.17239290475845,294.6155687868595,75.5568237900734,0.0,31.0,0.0,0.0,0.640625,0.15625,0.203125,standard_dqn,standard
300,1300015,link_limited,1.0,413.0002350531725,311.92318165302277,101.0770540259985,0.0,32.0,15.0,0.0,0.734375,0.109375,0.15625,standard_dqn,standard
300,1300016,link_limited,1.0,579.8550240843531,376.32445001602173,203.53057290604096,0.0,39.0,32.0,1.0,0.625,0.125,0.25,standard_dqn,standard
300,1300017,link_limited,1.0,488.8380012753507,361.7463689446449,127.09163383572306,0.0,38.0,28.0,0.0,0.546875,0.21875,0.234375,standard_dqn,standard
300,1300018,link_limited,1.0,400.71944987773895,318.5668475627899,82.15260583162308,0.0,35.0,0.0,0.0,0.6875,0.09375,0.21875,standard_dqn,standard
300,1300019,link_limited,1.0,408.97303362449145,324.60316944122314,84.36986510714033,0.0,35.0,7.0,0.0,0.65625,0.140625,0.203125,standard_dqn,standard
300,1300000,energy_limited,1.0,343.142366707325,248.82993805408478,94.31242832541466,0.0,42.0,0.0,0.0,0.515625,0.25,0.234375,standard_dqn,standard
300,1300001,energy_limited,1.0,346.95321165025234,232.30079923570156,114.65241131186485,0.0,46.0,0.0,0.0,0.5,0.171875,0.328125,standard_dqn,standard
300,1300002,energy_limited,1.0,377.87281530499456,266.77409452199936,111.09872084259987,0.0,45.0,0.0,2.0,0.421875,0.25,0.328125,standard_dqn,standard
300,1300003,energy_limited,1.0,348.1511184059985,233.5132954120636,114.63782332176044,0.0,46.0,10.0,0.0,0.546875,0.234375,0.21875,standard_dqn,standard
300,1300004,energy_limited,1.0,313.32602866888044,216.28666603565216,97.0393623650074,0.0,41.0,0.0,1.0,0.5625,0.203125,0.234375,standard_dqn,standard
300,1300005,energy_limited,1.0,309.38107159137724,213.61461821198463,95.76645415425301,0.0,38.0,0.0,3.0,0.46875,0.1875,0.34375,standard_dqn,standard
300,1300006,energy_limited,1.0,386.83617797493935,286.3273824751377,100.50879518687725,0.0,42.0,0.0,0.0,0.484375,0.203125,0.3125,standard_dqn,standard
300,1300007,energy_limited,1.0,350.7018904685974,247.4421140551567,103.25977562367916,0.0,42.0,0.0,1.0,0.359375,0.3125,0.328125,standard_dqn,standard
300,1300008,energy_limited,1.0,333.78633150458336,228.11981311440468,105.66652025282383,0.0,44.0,0.0,0.0,0.46875,0.234375,0.296875,standard_dqn,standard
300,1300009,energy_limited,1.0,318.0758462488651,214.612806558609,103.46304070353509,0.0,42.0,0.0,1.0,0.5625,0.1875,0.25,standard_dqn,standard
300,1300010,energy_limited,1.0,396.49194580316544,283.40737694501877,113.08457253873348,0.0,47.0,0.0,0.0,0.453125,0.1875,0.359375,standard_dqn,standard
300,1300011,energy_limited,1.0,347.28552758693695,240.5571854710579,106.72834448516369,0.0,44.0,0.0,0.0,0.484375,0.203125,0.3125,standard_dqn,standard
300,1300012,energy_limited,1.0,358.9329076051712,255.65109741687775,103.2818097114563,0.0,41.0,0.0,2.0,0.515625,0.234375,0.25,standard_dqn,standard
300,1300013,energy_limited,1.0,366.2483660578728,259.09724283218384,107.15112474560738,0.0,43.0,0.0,0.0,0.53125,0.1875,0.28125,standard_dqn,standard
300,1300014,energy_limited,1.0,345.9198870062828,243.3181415349245,102.60174524784088,0.0,43.0,0.0,0.0,0.53125,0.1875,0.28125,standard_dqn,standard
300,1300015,energy_limited,1.0,350.00282046198845,240.1649784743786,109.83784115314484,0.0,45.0,0.0,0.0,0.53125,0.21875,0.25,standard_dqn,standard
300,1300016,energy_limited,1.0,415.46619568914673,296.4336522221565,119.03254376501339,0.0,44.0,16.0,2.0,0.421875,0.203125,0.375,standard_dqn,standard
300,1300017,energy_limited,1.0,376.5438426434994,270.8148564398289,105.7289862036705,0.0,44.0,0.0,0.0,0.390625,0.265625,0.34375,standard_dqn,standard
300,1300018,energy_limited,1.0,345.0245173573494,236.7732935845852,108.25122608244419,0.0,45.0,0.0,1.0,0.53125,0.15625,0.3125,standard_dqn,standard
300,1300019,energy_limited,1.0,361.3055012822151,261.1573326587677,100.14816887676716,0.0,41.0,0.0,0.0,0.484375,0.234375,0.28125,standard_dqn,standard
300,1300000,thermal_stress,1.0,317.2463608980179,255.1029832959175,62.14337641000748,1.0,27.0,0.0,0.0,0.515625,0.25,0.234375,standard_dqn,standard
300,1300001,thermal_stress,1.0,343.9604214244274,245.42768351733685,98.53273748985806,3.0,37.0,11.0,0.0,0.515625,0.171875,0.3125,standard_dqn,standard
300,1300002,thermal_stress,1.0,369.5270212578773,280.7251903414726,88.80182951569556,3.0,35.0,3.0,2.0,0.421875,0.296875,0.28125,standard_dqn,standard
300,1300003,thermal_stress,1.0,349.8104835072838,252.79900085926056,97.01148260331973,0.0,35.0,13.0,0.0,0.515625,0.296875,0.1875,standard_dqn,standard
300,1300004,thermal_stress,1.0,304.72449519634245,229.54204446077347,75.18245335817338,4.0,31.0,0.0,1.0,0.546875,0.21875,0.234375,standard_dqn,standard
300,1300005,thermal_stress,1.0,304.7104965984821,229.4079545736313,75.30254184603692,6.0,30.0,0.0,3.0,0.453125,0.1875,0.359375,standard_dqn,standard
300,1300006,thermal_stress,1.0,359.87819454073906,295.803199917078,64.07499384880066,0.0,27.0,0.0,0.0,0.5,0.25,0.25,standard_dqn,standard
300,1300007,thermal_stress,1.0,319.73798274993896,257.2995852828026,62.438399225473404,0.0,27.0,0.0,1.0,0.359375,0.3125,0.328125,standard_dqn,standard
300,1300008,thermal_stress,1.0,317.1620772778988,238.539651542902,78.62242650985718,3.0,31.0,0.0,0.0,0.5,0.234375,0.265625,standard_dqn,standard
300,1300009,thermal_stress,1.0,303.67597126364706,230.6046785712242,73.0712938696146,0.0,31.0,0.0,1.0,0.546875,0.21875,0.234375,standard_dqn,standard
300,1300010,thermal_stress,1.0,366.60483169555664,285.57047271728516,81.03435882925987,0.0,34.0,0.0,0.0,0.4375,0.203125,0.359375,standard_dqn,standard
300,1300011,thermal_stress,1.0,322.2084345817566,263.23792111873627,58.97051405906677,0.0,27.0,0.0,0.0,0.484375,0.25,0.265625,standard_dqn,standard
300,1300012,thermal_stress,1.0,345.2798263669014,282.63980519771576,62.64002048373222,3.0,28.0,0.0,2.0,0.5,0.265625,0.234375,standard_dqn,standard
300,1300013,thermal_stress,1.0,417.8356309302875,277.5806205868721,140.25501177392687,15.0,35.0,27.0,0.0,0.515625,0.1875,0.296875,standard_dqn,standard
300,1300014,thermal_stress,1.0,314.2894300222397,245.05663196742535,69.23279941082001,0.0,30.0,0.0,0.0,0.484375,0.234375,0.28125,standard_dqn,standard
300,1300015,thermal_stress,1.0,324.7553955614567,249.7371679842472,75.01822984218597,2.0,30.0,0.0,0.0,0.53125,0.25,0.21875,standard_dqn,standard
300,1300016,thermal_stress,1.0,434.7380702943108,318.2371875047684,116.50088380282124,0.0,35.0,24.0,2.0,0.375,0.265625,0.359375,standard_dqn,standard
300,1300017,thermal_stress,1.0,364.014968752861,283.7301152944565,80.28485304117203,3.0,32.0,0.0,0.0,0.375,0.296875,0.328125,standard_dqn,standard
300,1300018,thermal_stress,1.0,318.4368788301945,236.76161769032478,81.67526188492775,0.0,34.0,0.0,1.0,0.53125,0.15625,0.3125,standard_dqn,standard
300,1300019,thermal_stress,1.0,343.92237788438797,279.7082815170288,64.21409675478935,2.0,29.0,0.0,0.0,0.421875,0.28125,0.296875,standard_dqn,standard
300,1300000,nominal,1.0,308.5381052196026,252.4504952132702,56.087609350681305,0.0,25.0,0.0,0.0,0.53125,0.265625,0.203125,md_cpsr_dqn,lambda_0p3__rho_0p03
300,1300001,nominal,1.0,317.0213155001402,232.58442966639996,84.43688559532166,0.0,36.0,0.0,0.0,0.53125,0.1875,0.28125,md_cpsr_dqn,lambda_0p3__rho_0p03
300,1300002,nominal,1.0,347.7931596577167,265.5055536031723,82.28760495185853,0.0,35.0,0.0,2.0,0.421875,0.296875,0.28125,md_cpsr_dqn,lambda_0p3__rho_0p03
300,1300003,nominal,1.0,327.62122836562327,232.63731598854065,94.98391279431506,0.0,35.0,12.0,0.0,0.53125,0.265625,0.203125,md_cpsr_dqn,lambda_0p3__rho_0p03
300,1300004,nominal,1.0,275.4554311275482,214.20621407032013,61.24921662509441,0.0,28.0,0.0,1.0,0.578125,0.203125,0.21875,md_cpsr_dqn,lambda_0p3__rho_0p03
300,1300005,nominal,1.0,274.7741448521614,208.13611420989037,66.63803120851517,0.0,28.0,0.0,3.0,0.453125,0.1875,0.359375,md_cpsr_dqn,lambda_0p3__rho_0p03
300,1300006,nominal,1.0,350.991732865572,291.88070264458656,59.11103102564812,0.0,26.0,0.0,0.0,0.46875,0.3125,0.21875,md_cpsr_dqn,lambda_0p3__rho_0p03
300,1300007,nominal,1.0,317.5331106185913,257.7171425819397,59.815968707203865,0.0,27.0,0.0,1.0,0.328125,0.359375,0.3125,md_cpsr_dqn,lambda_0p3__rho_0p03
300,1300008,nominal,1.0,298.80735608935356,236.03125962615013,62.77609643340111,0.0,28.0,0.0,0.0,0.484375,0.265625,0.25,md_cpsr_dqn,lambda_0p3__rho_0p03
300,1300009,nominal,1.0,291.8687525331974,221.7457216978073,70.1230318337679,0.0,30.0,0.0,1.0,0.546875,0.21875,0.234375,md_cpsr_dqn,lambda_0p3__rho_0p03
300,1300010,nominal,1.0,358.7471431493759,282.9394130706787,75.80773088335991,0.0,32.0,0.0,0.0,0.453125,0.1875,0.359375,md_cpsr_dqn,lambda_0p3__rho_0p03
300,1300011,nominal,1.0,302.7983687520027,241.27249413728714,61.52587586641312,0.0,28.0,0.0,0.0,0.515625,0.21875,0.265625,md_cpsr_dqn,lambda_0p3__rho_0p03
300,1300012,nominal,1.0,316.12171425819395,259.46824038028717,56.65347462296486,0.0,26.0,0.0,2.0,0.515625,0.25,0.234375,md_cpsr_dqn,lambda_0p3__rho_0p03
300,1300013,nominal,1.0,342.8569126725197,258.47459107637405,84.38232320547104,0.0,34.0,0.0,0.0,0.53125,0.1875,0.28125,md_cpsr_dqn,lambda_0p3__rho_0p03
300,1300014,nominal,1.0,303.0571177005768,233.8941801637411,69.16293826699257,0.0,30.0,0.0,0.0,0.5,0.25,0.25,md_cpsr_dqn,lambda_0p3__rho_0p03
300,1300015,nominal,1.0,315.2709279358387,244.40212973952293,70.86880034208298,0.0,28.0,0.0,0.0,0.53125,0.25,0.21875,md_cpsr_dqn,lambda_0p3__rho_0p03
300,1300016,nominal,1.0,396.5401994887939,307.5207377076149,89.01946300307414,0.0,34.0,15.0,2.0,0.375,0.265625,0.359375,md_cpsr_dqn,lambda_0p3__rho_0p03
300,1300017,nominal,1.0,342.45448380708694,272.20992136001587,70.24456200003624,0.0,31.0,0.0,0.0,0.390625,0.28125,0.328125,md_cpsr_dqn,lambda_0p3__rho_0p03
300,1300018,nominal,1.0,307.56566312909126,234.7953305542469,72.77033340930939,0.0,32.0,0.0,1.0,0.53125,0.171875,0.296875,md_cpsr_dqn,lambda_0p3__rho_0p03
300,1300019,nominal,1.0,327.9262261390686,263.69007512927055,64.2361512184143,0.0,29.0,0.0,0.0,0.421875,0.3125,0.265625,md_cpsr_dqn,lambda_0p3__rho_0p03
300,1300000,burst,1.0,317.27719539403915,256.2175123691559,61.059682071208954,1.0,26.0,0.0,0.0,0.53125,0.265625,0.203125,md_cpsr_dqn,lambda_0p3__rho_0p03
300,1300001,burst,1.0,341.5447316301363,245.74061278998852,95.80411866133387,0.0,37.0,14.0,0.0,0.515625,0.21875,0.265625,md_cpsr_dqn,lambda_0p3__rho_0p03
300,1300002,burst,1.0,378.06161677241323,289.8428740501404,88.21874114274979,3.0,35.0,0.0,2.0,0.40625,0.328125,0.265625,md_cpsr_dqn,lambda_0p3__rho_0p03
300,1300003,burst,1.0,352.22709754892503,256.23824989795685,95.98884701021814,0.0,35.0,13.0,0.0,0.515625,0.3125,0.171875,md_cpsr_dqn,lambda_0p3__rho_0p03
300,1300004,burst,1.0,308.28029903173444,234.89061027765274,73.3896903038025,0.0,31.0,0.0,1.0,0.53125,0.25,0.21875,md_cpsr_dqn,lambda_0p3__rho_0p03
300,1300005,burst,1.0,303.9393329262733,231.66602835059166,72.27330606579781,3.0,30.0,0.0,3.0,0.40625,0.21875,0.375,md_cpsr_dqn,lambda_0p3__rho_0p03
300,1300006,burst,1.0,362.019178122282,296.89989641308784,65.11928284168243,0.0,27.0,0.0,0.0,0.4375,0.34375,0.21875,md_cpsr_dqn,lambda_0p3__rho_0p03
300,1300007,burst,1.0,325.77819043397903,265.7036815881729,60.07450847327709,0.0,27.0,0.0,1.0,0.3125,0.359375,0.328125,md_cpsr_dqn,lambda_0p3__rho_0p03
300,1300008,burst,1.0,318.99158546328545,249.2483362853527,69.74324917793274,1.0,30.0,0.0,0.0,0.46875,0.296875,0.234375,md_cpsr_dqn,lambda_0p3__rho_0p03
300,1300009,burst,1.0,307.9938250124454,234.9225328564644,73.0712938696146,0.0,31.0,0.0,1.0,0.53125,0.234375,0.234375,md_cpsr_dqn,lambda_0p3__rho_0p03
300,1300010,burst,1.0,369.5243898630142,288.49003106355667,81.03435882925987,0.0,34.0,0.0,0.0,0.421875,0.21875,0.359375,md_cpsr_dqn,lambda_0p3__rho_0p03
300,1300011,burst,1.0,324.41126173734665,268.1647628545761,56.246500343084335,0.0,27.0,0.0,0.0,0.46875,0.265625,0.265625,md_cpsr_dqn,lambda_0p3__rho_0p03
300,1300012,burst,1.0,344.5540821790695,287.3419801592827,57.21210295855999,1.0,26.0,0.0,2.0,0.484375,0.28125,0.234375,md_cpsr_dqn,lambda_0p3__rho_0p03
300,1300013,burst,1.0,391.52470728211625,280.3743669986725,111.15033706479306,11.0,35.0,22.0,0.0,0.5,0.21875,0.28125,md_cpsr_dqn,lambda_0p3__rho_0p03
300,1300014,burst,1.0,313.4263323545456,238.74376724660397,74.68256628513336,0.0,31.0,0.0,0.0,0.5,0.25,0.25,md_cpsr_dqn,lambda_0p3__rho_0p03
300,1300015,burst,1.0,327.3190923631191,254.86511757969856,72.45397520065308,2.0,29.0,0.0,0.0,0.515625,0.265625,0.21875,md_cpsr_dqn,lambda_0p3__rho_0p03
300,1300016,burst,1.0,441.17731415379063,320.15419125556946,121.0231220637562,0.0,35.0,26.0,2.0,0.375,0.328125,0.296875,md_cpsr_dqn,lambda_0p3__rho_0p03
300,1300017,burst,1.0,363.6000056862831,283.4588934779167,80.1411138176918,3.0,32.0,0.0,0.0,0.375,0.296875,0.328125,md_cpsr_dqn,lambda_0p3__rho_0p03
300,1300018,burst,1.0,318.0630885064602,238.5411618053913,79.52192741632462,0.0,33.0,0.0,1.0,0.515625,0.171875,0.3125,md_cpsr_dqn,lambda_0p3__rho_0p03
300,1300019,burst,1.0,351.24189752340317,286.74810084700584,64.49379715323448,1.0,29.0,0.0,0.0,0.359375,0.34375,0.296875,md_cpsr_dqn,lambda_0p3__rho_0p03
300,1300000,link_limited,1.0,368.6021139025688,299.64618360996246,68.95593091845512,0.0,30.0,0.0,0.0,0.65625,0.21875,0.125,md_cpsr_dqn,lambda_0p3__rho_0p03
300,1300001,link_limited,1.0,442.83503343381363,287.941203802824,154.89382918395472,0.0,40.0,26.0,0.0,0.640625,0.140625,0.21875,md_cpsr_dqn,lambda_0p3__rho_0p03
300,1300002,link_limited,1.0,549.74385951823,369.8092831373215,179.93457647031568,0.0,38.0,36.0,1.0,0.53125,0.234375,0.234375,md_cpsr_dqn,lambda_0p3__rho_0p03
300,1300003,link_limited,1.0,410.3584391782577,305.5015549659729,104.85688361623824,0.0,33.0,16.0,0.0,0.6875,0.15625,0.15625,md_cpsr_dqn,lambda_0p3__rho_0p03
300,1300004,link_limited,1.0,335.83602418899534,256.3740451335907,79.46198048591614,0.0,34.0,0.0,1.0,0.75,0.078125,0.171875,md_cpsr_dqn,lambda_0p3__rho_0p03
300,1300005,link_limited,1.0,424.202934397252,289.98153883218765,134.22139470079694,0.0,38.0,27.0,2.0,0.578125,0.15625,0.265625,md_cpsr_dqn,lambda_0p3__rho_0p03
300,1300006,link_limited,1.0,417.7212870078522,341.3327783048153,76.38851031236236,0.0,31.0,12.0,0.0,0.625,0.171875,0.203125,md_cpsr_dqn,lambda_0p3__rho_0p03
300,1300007,link_limited,1.0,439.18652331550555,345.5499815940857,93.63654400129747,0.0,37.0,16.0,1.0,0.53125,0.203125,0.265625,md_cpsr_dqn,lambda_0p3__rho_0p03
300,1300008,link_limited,1.0,386.2984727779426,302.0393517613411,84.2591228941478,0.0,35.0,4.0,0.0,0.625,0.15625,0.21875,md_cpsr_dqn,lambda_0p3__rho_0p03
300,1300009,link_limited,1.0,388.41954560910233,290.51852709054947,97.90101917420397,0.0,35.0,19.0,1.0,0.6875,0.140625,0.171875,md_cpsr_dqn,lambda_0p3__rho_0p03
300,1300010,link_limited,1.0,512.1969315148023,374.2576541900635,137.93927590912827,0.0,42.0,32.0,0.0,0.625,0.140625,0.234375,md_cpsr_dqn,lambda_0p3__rho_0p03
300,1300011,link_limited,1.0,431.09229681022464,338.5816188454628,92.51067647464575,0.0,38.0,10.0,0.0,0.609375,0.171875,0.21875,md_cpsr_dqn,lambda_0p3__rho_0p03
300,1300012,link_limited,1.0,345.97365332973004,274.626053750515,71.34759923648835,0.0,31.0,4.0,0.0,0.703125,0.140625,0.15625,md_cpsr_dqn,lambda_0p3__rho_0p03
300,1300013,link_limited,1.0,444.88303776266275,321.4408764243126,123.44216169597797,1.0,35.0,25.0,0.0,0.640625,0.125,0.234375,md_cpsr_dqn,lambda_0p3__rho_0p03
300,1300014,link_limited,1.0,370.17239290475845,294.6155687868595,75.5568237900734,0.0,31.0,0.0,0.0,0.640625,0.15625,0.203125,md_cpsr_dqn,lambda_0p3__rho_0p03
300,1300015,link_limited,1.0,434.646732689201,328.9088024497032,105.73792863017238,0.0,33.0,24.0,0.0,0.65625,0.171875,0.171875,md_cpsr_dqn,lambda_0p3__rho_0p03
300,1300016,link_limited,1.0,605.2237530220461,402.1233888268471,203.1003654170943,0.0,39.0,32.0,1.0,0.59375,0.15625,0.25,md_cpsr_dqn,lambda_0p3__rho_0p03
300,1300017,link_limited,1.0,498.3473740192117,368.1078222990036,130.2395513774813,0.0,38.0,29.0,0.0,0.53125,0.25,0.21875,md_cpsr_dqn,lambda_0p3__rho_0p03
300,1300018,link_limited,1.0,410.745823811382,321.67863845825195,89.06718574056029,0.0,37.0,5.0,0.0,0.625,0.140625,0.234375,md_cpsr_dqn,lambda_0p3__rho_0p03
300,1300019,link_limited,1.0,410.06739199121927,324.74998193979263,85.31741079648474,0.0,35.0,7.0,0.0,0.640625,0.15625,0.203125,md_cpsr_dqn,lambda_0p3__rho_0p03
300,1300000,energy_limited,1.0,346.2283909916878,251.9159618616104,94.31242832541466,0.0,42.0,0.0,0.0,0.515625,0.265625,0.21875,md_cpsr_dqn,lambda_0p3__rho_0p03
300,1300001,energy_limited,1.0,346.43590389192104,231.4735612720251,114.96234303712845,0.0,46.0,0.0,0.0,0.515625,0.171875,0.3125,md_cpsr_dqn,lambda_0p3__rho_0p03
300,1300002,energy_limited,1.0,379.77877920269964,268.6800585985184,111.09872084259987,0.0,45.0,0.0,2.0,0.40625,0.296875,0.296875,md_cpsr_dqn,lambda_0p3__rho_0p03
300,1300003,energy_limited,1.0,349.9855032488935,234.93227005004883,115.05323060604258,0.0,46.0,10.0,0.0,0.53125,0.25,0.21875,md_cpsr_dqn,lambda_0p3__rho_0p03
300,1300004,energy_limited,1.0,313.32602866888044,216.28666603565216,97.0393623650074,0.0,41.0,0.0,1.0,0.5625,0.203125,0.234375,md_cpsr_dqn,lambda_0p3__rho_0p03
300,1300005,energy_limited,1.0,308.49084129333494,215.86743262410164,92.62340962290764,0.0,38.0,0.0,3.0,0.4375,0.203125,0.359375,md_cpsr_dqn,lambda_0p3__rho_0p03
300,1300006,energy_limited,1.0,388.2926210463047,290.49011024832726,97.80251370370388,0.0,42.0,0.0,0.0,0.453125,0.28125,0.265625,md_cpsr_dqn,lambda_0p3__rho_0p03
300,1300007,energy_limited,1.0,355.90822637081146,253.57836681604385,102.32986138761044,0.0,42.0,0.0,1.0,0.3125,0.359375,0.328125,md_cpsr_dqn,lambda_0p3__rho_0p03
300,1300008,energy_limited,1.0,334.8579106628895,233.44023528695107,101.41767621040344,0.0,41.0,0.0,0.0,0.46875,0.265625,0.265625,md_cpsr_dqn,lambda_0p3__rho_0p03
300,1300009,energy_limited,1.0,322.7422359526157,219.27919656038284,103.46304070353509,0.0,42.0,0.0,1.0,0.546875,0.203125,0.25,md_cpsr_dqn,lambda_0p3__rho_0p03
300,1300010,energy_limited,1.0,396.49194580316544,283.40737694501877,113.08457253873348,0.0,47.0,0.0,0.0,0.453125,0.1875,0.359375,md_cpsr_dqn,lambda_0p3__rho_0p03
300,1300011,energy_limited,1.0,354.01507592201233,245.30858713388443,108.70648956298828,0.0,43.0,0.0,1.0,0.421875,0.234375,0.34375,md_cpsr_dqn,lambda_0p3__rho_0p03
300,1300012,energy_limited,1.0,359.6819662094116,260.1610094308853,99.52095740437508,0.0,40.0,0.0,2.0,0.515625,0.25,0.234375,md_cpsr_dqn,lambda_0p3__rho_0p03
300,1300013,energy_limited,1.0,366.2483660578728,259.09724283218384,107.15112474560738,0.0,43.0,0.0,0.0,0.53125,0.1875,0.28125,md_cpsr_dqn,lambda_0p3__rho_0p03
300,1300014,energy_limited,1.0,341.2524761557579,238.65073154866695,102.60174524784088,0.0,43.0,0.0,0.0,0.515625,0.203125,0.28125,md_cpsr_dqn,lambda_0p3__rho_0p03
300,1300015,energy_limited,1.0,351.67614409327507,241.88202741742134,109.79411828517914,0.0,45.0,0.0,0.0,0.5,0.25,0.25,md_cpsr_dqn,lambda_0p3__rho_0p03
300,1300016,energy_limited,1.0,418.60000953510485,306.60007107257843,111.99993917778215,0.0,44.0,9.0,2.0,0.375,0.25,0.375,md_cpsr_dqn,lambda_0p3__rho_0p03
300,1300017,energy_limited,1.0,376.5438426434994,270.8148564398289,105.7289862036705,0.0,44.0,0.0,0.0,0.390625,0.265625,0.34375,md_cpsr_dqn,lambda_0p3__rho_0p03
300,1300018,energy_limited,1.0,342.1304929256439,233.66262498497963,108.46786971390247,0.0,45.0,0.0,1.0,0.515625,0.171875,0.3125,md_cpsr_dqn,lambda_0p3__rho_0p03
300,1300019,energy_limited,1.0,363.98319602012634,262.4018349945545,101.58136278390884,0.0,41.0,0.0,0.0,0.421875,0.296875,0.28125,md_cpsr_dqn,lambda_0p3__rho_0p03
300,1300000,thermal_stress,1.0,317.7297922372818,256.6058129668236,61.12397783994675,1.0,26.0,0.0,0.0,0.53125,0.265625,0.203125,md_cpsr_dqn,lambda_0p3__rho_0p03
300,1300001,thermal_stress,1.0,341.88034517889196,246.07622592151165,95.80411866133387,0.0,37.0,14.0,0.0,0.515625,0.21875,0.265625,md_cpsr_dqn,lambda_0p3__rho_0p03
300,1300002,thermal_stress,1.0,378.4800252854824,290.15497410297394,88.32505031824113,3.0,35.0,0.0,2.0,0.40625,0.328125,0.265625,md_cpsr_dqn,lambda_0p3__rho_0p03
300,1300003,thermal_stress,1.0,352.6174296517006,256.62858259677887,95.98884701021814,0.0,35.0,13.0,0.0,0.515625,0.3125,0.171875,md_cpsr_dqn,lambda_0p3__rho_0p03
300,1300004,thermal_stress,1.0,308.52159955501554,235.13176673650742,73.38983335494996,1.0,31.0,0.0,1.0,0.53125,0.25,0.21875,md_cpsr_dqn,lambda_0p3__rho_0p03
300,1300005,thermal_stress,1.0,304.2677019178867,231.92646265029907,72.34124105572701,4.0,30.0,0.0,3.0,0.40625,0.21875,0.375,md_cpsr_dqn,lambda_0p3__rho_0p03
300,1300006,thermal_stress,1.0,360.59627106785774,295.60228130221367,64.99398791790009,0.0,27.0,0.0,0.0,0.453125,0.34375,0.203125,md_cpsr_dqn,lambda_0p3__rho_0p03
300,1300007,thermal_stress,1.0,326.1452149152756,266.07070499658585,60.07450847327709,0.0,27.0,0.0,1.0,0.3125,0.359375,0.328125,md_cpsr_dqn,lambda_0p3__rho_0p03
300,1300008,thermal_stress,1.0,319.3254611194134,249.56566807627678,69.75979375839233,1.0,30.0,0.0,0.0,0.46875,0.296875,0.234375,md_cpsr_dqn,lambda_0p3__rho_0p03
300,1300009,thermal_stress,1.0,308.33669781088827,235.2654060125351,73.0712938696146,0.0,31.0,0.0,1.0,0.53125,0.234375,0.234375,md_cpsr_dqn,lambda_0p3__rho_0p03
300,1300010,thermal_stress,1.0,369.83531069755554,288.80095237493515,81.03435882925987,0.0,34.0,0.0,0.0,0.421875,0.21875,0.359375,md_cpsr_dqn,lambda_0p3__rho_0p03
300,1300011,thermal_stress,1.0,324.7314443588257,268.4849443435669,56.246500343084335,0.0,27.0,0.0,0.0,0.46875,0.265625,0.265625,md_cpsr_dqn,lambda_0p3__rho_0p03
300,1300012,thermal_stress,1.0,344.95703890323637,287.7225683927536,57.234471866488455,1.0,26.0,0.0,2.0,0.484375,0.28125,0.234375,md_cpsr_dqn,lambda_0p3__rho_0p03
300,1300013,thermal_stress,1.0,392.09374501757844,280.7525547146797,111.3411885147595,11.0,35.0,22.0,0.0,0.5,0.21875,0.28125,md_cpsr_dqn,lambda_0p3__rho_0p03
300,1300014,thermal_stress,1.0,313.7192823290825,239.03671668469906,74.68256628513336,0.0,31.0,0.0,0.0,0.5,0.25,0.25,md_cpsr_dqn,lambda_0p3__rho_0p03
300,1300015,thermal_stress,1.0,327.7224404513836,255.23870489001274,72.48373699188232,2.0,29.0,0.0,0.0,0.515625,0.265625,0.21875,md_cpsr_dqn,lambda_0p3__rho_0p03
300,1300016,thermal_stress,1.0,441.47952472317235,320.45640230178833,121.0231220637562,0.0,35.0,26.0,2.0,0.375,0.328125,0.296875,md_cpsr_dqn,lambda_0p3__rho_0p03
300,1300017,thermal_stress,1.0,364.014968752861,283.7301152944565,80.28485304117203,3.0,32.0,0.0,0.0,0.375,0.296875,0.328125,md_cpsr_dqn,lambda_0p3__rho_0p03
300,1300018,thermal_stress,1.0,318.4465100467205,238.92458447813988,79.52192741632462,0.0,33.0,0.0,1.0,0.515625,0.171875,0.3125,md_cpsr_dqn,lambda_0p3__rho_0p03
300,1300019,thermal_stress,1.0,351.5413421392441,287.0370202958584,64.50432071089745,1.0,29.0,0.0,0.0,0.359375,0.34375,0.296875,md_cpsr_dqn,lambda_0p3__rho_0p03
300,1300000,nominal,1.0,305.45102712512016,249.36341711878777,56.087609350681305,0.0,25.0,0.0,0.0,0.53125,0.25,0.21875,md_cpsr_dqn,lambda_0p3__rho_0p05
300,1300001,nominal,1.0,323.60610626637936,235.30993627011776,88.29616805911064,0.0,37.0,0.0,1.0,0.484375,0.171875,0.34375,md_cpsr_dqn,lambda_0p3__rho_0p05
300,1300002,nominal,1.0,349.9352622568607,267.76761627197266,82.16764631271363,0.0,35.0,0.0,2.0,0.40625,0.265625,0.328125,md_cpsr_dqn,lambda_0p3__rho_0p05
300,1300003,nominal,1.0,322.4027963788554,234.1049176454544,88.29787968707531,0.0,33.0,10.0,0.0,0.53125,0.234375,0.234375,md_cpsr_dqn,lambda_0p3__rho_0p05
300,1300004,nominal,1.0,275.4554311275482,214.20621407032013,61.24921662509441,0.0,28.0,0.0,1.0,0.578125,0.203125,0.21875,md_cpsr_dqn,lambda_0p3__rho_0p05
300,1300005,nominal,1.0,274.9740045905113,204.8203938305378,70.15361169874669,0.0,30.0,0.0,3.0,0.453125,0.171875,0.375,md_cpsr_dqn,lambda_0p3__rho_0p05
300,1300006,nominal,1.0,356.19737991690636,295.31909599900246,60.87828442454338,0.0,27.0,0.0,0.0,0.5,0.21875,0.28125,md_cpsr_dqn,lambda_0p3__rho_0p05
300,1300007,nominal,1.0,311.86622828245163,248.05873930454254,63.80748933553696,0.0,27.0,0.0,2.0,0.359375,0.296875,0.34375,md_cpsr_dqn,lambda_0p3__rho_0p05
300,1300008,nominal,1.0,300.2984417974949,227.6051905453205,72.69325262308121,0.0,31.0,0.0,0.0,0.46875,0.234375,0.296875,md_cpsr_dqn,lambda_0p3__rho_0p05
300,1300009,nominal,1.0,289.26555448174474,216.36605870723724,72.89949643015862,0.0,32.0,0.0,1.0,0.546875,0.1875,0.265625,md_cpsr_dqn,lambda_0p3__rho_0p05
300,1300010,nominal,1.0,354.8618701696396,279.0541396141052,75.80773088335991,0.0,32.0,0.0,0.0,0.453125,0.171875,0.375,md_cpsr_dqn,lambda_0p3__rho_0p05
300,1300011,nominal,1.0,306.45562785863876,239.74926388263702,66.70636363327503,0.0,31.0,0.0,1.0,0.484375,0.203125,0.3125,md_cpsr_dqn,lambda_0p3__rho_0p05
300,1300012,nominal,1.0,310.8557831287384,254.20230972766876,56.65347462296486,0.0,26.0,0.0,2.0,0.5,0.25,0.25,md_cpsr_dqn,lambda_0p3__rho_0p05
300,1300013,nominal,1.0,342.8569126725197,258.47459107637405,84.38232320547104,0.0,34.0,0.0,0.0,0.53125,0.1875,0.28125,md_cpsr_dqn,lambda_0p3__rho_0p05
300,1300014,nominal,1.0,307.3587896823883,242.62965239584446,64.72913816571236,0.0,29.0,0.0,0.0,0.53125,0.1875,0.28125,md_cpsr_dqn,lambda_0p3__rho_0p05
300,1300015,nominal,1.0,310.7052927315235,235.89640733599663,74.8088875412941,0.0,30.0,0.0,0.0,0.515625,0.21875,0.265625,md_cpsr_dqn,lambda_0p3__rho_0p05
300,1300016,nominal,1.0,391.4021016598349,306.2166059613228,85.1854962647563,0.0,34.0,7.0,2.0,0.390625,0.234375,0.375,md_cpsr_dqn,lambda_0p3__rho_0p05
300,1300017,nominal,1.0,342.45448380708694,272.20992136001587,70.24456200003624,0.0,31.0,0.0,0.0,0.390625,0.28125,0.328125,md_cpsr_dqn,lambda_0p3__rho_0p05
300,1300018,nominal,1.0,307.0157596170902,234.3594112098217,72.65634828805923,0.0,32.0,0.0,1.0,0.515625,0.15625,0.328125,md_cpsr_dqn,lambda_0p3__rho_0p05
300,1300019,nominal,1.0,327.54220575094223,261.64734637737274,65.89486008882523,0.0,29.0,0.0,0.0,0.453125,0.25,0.296875,md_cpsr_dqn,lambda_0p3__rho_0p05
300,1300000,burst,1.0,316.795193195343,254.7161119580269,62.07908207178116,1.0,27.0,0.0,0.0,0.515625,0.25,0.234375,md_cpsr_dqn,lambda_0p3__rho_0p05
300,1300001,burst,1.0,352.2844921330796,253.83932428061962,98.44516821008781,3.0,37.0,8.0,1.0,0.453125,0.1875,0.359375,md_cpsr_dqn,lambda_0p3__rho_0p05
300,1300002,burst,1.0,372.93608967026444,275.44651877880096,97.48957041462627,3.0,36.0,12.0,2.0,0.40625,0.265625,0.328125,md_cpsr_dqn,lambda_0p3__rho_0p05
300,1300003,burst,1.0,350.3805490978368,253.61559575796127,96.76495228189304,0.0,35.0,13.0,0.0,0.5,0.296875,0.203125,md_cpsr_dqn,lambda_0p3__rho_0p05
300,1300004,burst,1.0,308.404859149456,233.28363400697708,75.12122460603715,3.0,31.0,0.0,1.0,0.53125,0.21875,0.25,md_cpsr_dqn,lambda_0p3__rho_0p05
300,1300005,burst,1.0,301.52807488441465,209.99793961644173,91.5301358640194,11.0,31.0,0.0,3.0,0.453125,0.171875,0.375,md_cpsr_dqn,lambda_0p3__rho_0p05
300,1300006,burst,1.0,366.475472420454,302.6631792485714,63.812294006347656,0.0,27.0,0.0,0.0,0.484375,0.25,0.265625,md_cpsr_dqn,lambda_0p3__rho_0p05
300,1300007,burst,1.0,320.1721616387367,257.2028072476387,62.96935358643532,0.0,27.0,0.0,1.0,0.34375,0.3125,0.34375,md_cpsr_dqn,lambda_0p3__rho_0p05
300,1300008,burst,1.0,318.59730038046837,235.8800331056118,82.71726769208908,5.0,33.0,0.0,0.0,0.46875,0.234375,0.296875,md_cpsr_dqn,lambda_0p3__rho_0p05
300,1300009,burst,1.0,306.76683097481725,236.86714488267899,69.89968639016152,0.0,29.0,0.0,1.0,0.53125,0.21875,0.25,md_cpsr_dqn,lambda_0p3__rho_0p05
300,1300010,burst,1.0,366.29386055469513,285.25950157642365,81.03435882925987,0.0,34.0,0.0,0.0,0.4375,0.203125,0.359375,md_cpsr_dqn,lambda_0p3__rho_0p05
300,1300011,burst,1.0,326.2681253552437,259.14014488458633,67.12798021733761,0.0,31.0,0.0,1.0,0.453125,0.21875,0.328125,md_cpsr_dqn,lambda_0p3__rho_0p05
300,1300012,burst,1.0,340.9235224366188,277.976850271225,62.946671986579894,6.0,28.0,0.0,2.0,0.46875,0.265625,0.265625,md_cpsr_dqn,lambda_0p3__rho_0p05
300,1300013,burst,1.0,407.0136741417551,282.1375457048416,124.87612903295987,15.0,35.0,22.0,0.0,0.5,0.1875,0.3125,md_cpsr_dqn,lambda_0p3__rho_0p05
300,1300014,burst,1.0,314.01142930984497,244.77863131463528,69.23279941082001,0.0,30.0,0.0,0.0,0.484375,0.234375,0.28125,md_cpsr_dqn,lambda_0p3__rho_0p05
300,1300015,burst,1.0,318.0814725458622,240.6314831674099,77.44999054074287,2.0,31.0,0.0,0.0,0.515625,0.234375,0.25,md_cpsr_dqn,lambda_0p3__rho_0p05
300,1300016,burst,1.0,438.60748366702103,317.6301939487457,120.97729049313561,0.0,35.0,24.0,2.0,0.359375,0.28125,0.359375,md_cpsr_dqn,lambda_0p3__rho_0p05
300,1300017,burst,1.0,363.6000056862831,283.4588934779167,80.1411138176918,3.0,32.0,0.0,0.0,0.375,0.296875,0.328125,md_cpsr_dqn,lambda_0p3__rho_0p05
300,1300018,burst,1.0,319.22078266739845,239.87861415743828,79.3421681523323,1.0,33.0,0.0,1.0,0.515625,0.15625,0.328125,md_cpsr_dqn,lambda_0p3__rho_0p05
300,1300019,burst,1.0,352.1121019721031,288.15081810951233,63.96128413081169,2.0,29.0,0.0,0.0,0.390625,0.28125,0.328125,md_cpsr_dqn,lambda_0p3__rho_0p05
300,1300000,link_limited,1.0,361.6826703250408,290.484761685133,71.19790935516357,0.0,30.0,0.0,0.0,0.703125,0.15625,0.140625,md_cpsr_dqn,lambda_0p3__rho_0p05
300,1300001,link_limited,1.0,433.086917768949,281.63414230942726,151.45277599596335,0.0,39.0,25.0,0.0,0.640625,0.125,0.234375,md_cpsr_dqn,lambda_0p3__rho_0p05
300,1300002,link_limited,1.0,537.0380207241849,364.44425535202026,172.5937654615715,0.0,38.0,36.0,1.0,0.53125,0.203125,0.265625,md_cpsr_dqn,lambda_0p3__rho_0p05
300,1300003,link_limited,1.0,409.33068779220747,307.2026199102402,102.12806740513014,0.0,33.0,16.0,0.0,0.671875,0.15625,0.171875,md_cpsr_dqn,lambda_0p3__rho_0p05
300,1300004,link_limited,1.0,334.0154970526695,252.59859800338745,81.4169017314911,0.0,34.0,0.0,1.0,0.71875,0.078125,0.203125,md_cpsr_dqn,lambda_0p3__rho_0p05
300,1300005,link_limited,1.0,424.0891746970804,291.65731221437454,132.43186412183348,0.0,38.0,27.0,2.0,0.5625,0.15625,0.28125,md_cpsr_dqn,lambda_0p3__rho_0p05
300,1300006,link_limited,1.0,441.66522969949244,369.7858373224735,71.87939240682125,0.0,31.0,2.0,0.0,0.59375,0.171875,0.234375,md_cpsr_dqn,lambda_0p3__rho_0p05
300,1300007,link_limited,1.0,415.2691871258935,329.4818978905678,85.78729155990689,0.0,37.0,8.0,1.0,0.546875,0.140625,0.3125,md_cpsr_dqn,lambda_0p3__rho_0p05
300,1300008,link_limited,1.0,389.57130007530634,303.30815571546555,86.26314576054995,0.0,35.0,5.0,0.0,0.640625,0.140625,0.21875,md_cpsr_dqn,lambda_0p3__rho_0p05
300,1300009,link_limited,1.0,387.6818956797317,289.9766569137573,97.70523960043931,0.0,35.0,19.0,1.0,0.671875,0.140625,0.1875,md_cpsr_dqn,lambda_0p3__rho_0p05
300,1300010,link_limited,1.0,463.58445367025683,357.54410576820374,106.04034849809949,0.0,38.0,23.0,0.0,0.625,0.09375,0.28125,md_cpsr_dqn,lambda_0p3__rho_0p05
300,1300011,link_limited,1.0,423.58293227864806,319.73030626773834,103.8526270837933,0.0,38.0,12.0,0.0,0.609375,0.140625,0.25,md_cpsr_dqn,lambda_0p3__rho_0p05
300,1300012,link_limited,1.0,394.59762197732925,326.88161540031433,67.71600496768951,0.0,30.0,0.0,0.0,0.703125,0.109375,0.1875,md_cpsr_dqn,lambda_0p3__rho_0p05
300,1300013,link_limited,1.0,444.88303776266275,321.4408764243126,123.44216169597797,1.0,35.0,25.0,0.0,0.640625,0.125,0.234375,md_cpsr_dqn,lambda_0p3__rho_0p05
300,1300014,link_limited,1.0,372.31059724092484,297.23951068520546,75.07108587026596,0.0,31.0,0.0,0.0,0.640625,0.140625,0.21875,md_cpsr_dqn,lambda_0p3__rho_0p05
300,1300015,link_limited,1.0,420.36208117129826,326.1287534236908,94.23332837345617,0.0,32.0,15.0,0.0,0.703125,0.09375,0.203125,md_cpsr_dqn,lambda_0p3__rho_0p05
300,1300016,link_limited,1.0,562.4006213786821,380.41824316978455,181.9823779257756,0.0,38.0,31.0,1.0,0.609375,0.109375,0.28125,md_cpsr_dqn,lambda_0p3__rho_0p05
300,1300017,link_limited,1.0,486.3843737054029,377.67530956864357,108.70906583549161,0.0,36.0,20.0,0.0,0.515625,0.203125,0.28125,md_cpsr_dqn,lambda_0p3__rho_0p05
300,1300018,link_limited,1.0,406.9488569498062,326.227113366127,80.72174325585365,0.0,34.0,0.0,0.0,0.640625,0.078125,0.28125,md_cpsr_dqn,lambda_0p3__rho_0p05
300,1300019,link_limited,1.0,402.93161086905724,319.2111459970474,83.72046555746319,0.0,35.0,6.0,0.0,0.640625,0.125,0.234375,md_cpsr_dqn,lambda_0p3__rho_0p05
300,1300000,energy_limited,1.0,343.142366707325,248.82993805408478,94.31242832541466,0.0,42.0,0.0,0.0,0.515625,0.25,0.234375,md_cpsr_dqn,lambda_0p3__rho_0p05
300,1300001,energy_limited,1.0,350.50428162515163,235.72316877543926,114.78111013770103,0.0,46.0,0.0,1.0,0.484375,0.171875,0.34375,md_cpsr_dqn,lambda_0p3__rho_0p05
300,1300002,energy_limited,1.0,379.35385459065435,268.25513488054276,111.09872084259987,0.0,45.0,0.0,2.0,0.40625,0.265625,0.328125,md_cpsr_dqn,lambda_0p3__rho_0p05
300,1300003,energy_limited,1.0,349.12614225459544,234.7188584804535,114.40728368473502,0.0,46.0,10.0,0.0,0.53125,0.234375,0.234375,md_cpsr_dqn,lambda_0p3__rho_0p05
300,1300004,energy_limited,1.0,315.1208938002586,218.08153182268143,97.0393623650074,0.0,41.0,0.0,1.0,0.546875,0.203125,0.25,md_cpsr_dqn,lambda_0p3__rho_0p05
300,1300005,energy_limited,1.0,303.4938521623611,205.80014142394066,97.69371173679829,0.0,39.0,0.0,3.0,0.4375,0.1875,0.375,md_cpsr_dqn,lambda_0p3__rho_0p05
300,1300006,energy_limited,1.0,393.54907765984535,293.04028221964836,100.50879518687725,0.0,42.0,0.0,0.0,0.484375,0.1875,0.328125,md_cpsr_dqn,lambda_0p3__rho_0p05
300,1300007,energy_limited,1.0,343.88454377651215,240.165169775486,103.71937529742718,0.0,42.0,0.0,2.0,0.375,0.25,0.375,md_cpsr_dqn,lambda_0p3__rho_0p05
300,1300008,energy_limited,1.0,333.78633150458336,228.11981311440468,105.66652025282383,0.0,44.0,0.0,0.0,0.46875,0.234375,0.296875,md_cpsr_dqn,lambda_0p3__rho_0p05
300,1300009,energy_limited,1.0,322.7375811874866,217.9353770017624,104.80220466256142,0.0,42.0,0.0,1.0,0.53125,0.1875,0.28125,md_cpsr_dqn,lambda_0p3__rho_0p05
300,1300010,energy_limited,1.0,394.56772762537,282.975971698761,111.59175808727741,0.0,47.0,0.0,0.0,0.453125,0.15625,0.390625,md_cpsr_dqn,lambda_0p3__rho_0p05
300,1300011,energy_limited,1.0,348.2055755853653,238.38061320781708,109.82496444880962,0.0,44.0,0.0,1.0,0.4375,0.1875,0.375,md_cpsr_dqn,lambda_0p3__rho_0p05
300,1300012,energy_limited,1.0,354.4218142867088,249.86458188295364,104.5572324037552,0.0,41.0,0.0,2.0,0.5,0.21875,0.28125,md_cpsr_dqn,lambda_0p3__rho_0p05
300,1300013,energy_limited,1.0,366.2483660578728,259.09724283218384,107.15112474560738,0.0,43.0,0.0,0.0,0.53125,0.1875,0.28125,md_cpsr_dqn,lambda_0p3__rho_0p05
300,1300014,energy_limited,1.0,345.9198870062828,243.3181415349245,102.60174524784088,0.0,43.0,0.0,0.0,0.53125,0.1875,0.28125,md_cpsr_dqn,lambda_0p3__rho_0p05
300,1300015,energy_limited,1.0,348.13952097296715,237.35829946398735,110.78122317790985,0.0,45.0,0.0,0.0,0.5,0.21875,0.28125,md_cpsr_dqn,lambda_0p3__rho_0p05
300,1300016,energy_limited,1.0,414.713902521198,300.69224804639816,114.02165560728808,0.0,44.0,15.0,2.0,0.40625,0.21875,0.375,md_cpsr_dqn,lambda_0p3__rho_0p05
300,1300017,energy_limited,1.0,376.5438426434994,270.8148564398289,105.7289862036705,0.0,44.0,0.0,0.0,0.390625,0.265625,0.34375,md_cpsr_dqn,lambda_0p3__rho_0p05
300,1300018,energy_limited,1.0,343.2594867348671,235.0082621872425,108.25122608244419,0.0,45.0,0.0,1.0,0.515625,0.15625,0.328125,md_cpsr_dqn,lambda_0p3__rho_0p05
300,1300019,energy_limited,1.0,362.5088899731636,262.360720872879,100.14816887676716,0.0,41.0,0.0,0.0,0.453125,0.234375,0.3125,md_cpsr_dqn,lambda_0p3__rho_0p05
300,1300000,thermal_stress,1.0,317.2463608980179,255.1029832959175,62.14337641000748,1.0,27.0,0.0,0.0,0.515625,0.25,0.234375,md_cpsr_dqn,lambda_0p3__rho_0p05
300,1300001,thermal_stress,1.0,352.65568554204566,254.16750560700893,98.48817963701347,3.0,37.0,8.0,1.0,0.453125,0.1875,0.359375,md_cpsr_dqn,lambda_0p3__rho_0p05
300,1300002,thermal_stress,1.0,373.3527386542198,275.75685530900955,97.59588316639629,3.0,36.0,12.0,2.0,0.40625,0.265625,0.328125,md_cpsr_dqn,lambda_0p3__rho_0p05
300,1300003,thermal_stress,1.0,350.77077850180945,254.00582671165466,96.76495228189304,0.0,35.0,13.0,0.0,0.5,0.296875,0.203125,md_cpsr_dqn,lambda_0p3__rho_0p05
300,1300004,thermal_stress,1.0,308.67272355556486,233.52493864297867,75.14778634309769,4.0,31.0,0.0,1.0,0.53125,0.21875,0.25,md_cpsr_dqn,lambda_0p3__rho_0p05
300,1300005,thermal_stress,1.0,301.9917690694332,210.26287764310837,91.72889041304589,11.0,31.0,0.0,3.0,0.453125,0.171875,0.375,md_cpsr_dqn,lambda_0p3__rho_0p05
300,1300006,thermal_stress,1.0,366.8404617011547,303.0281665623188,63.812294006347656,0.0,27.0,0.0,0.0,0.484375,0.25,0.265625,md_cpsr_dqn,lambda_0p3__rho_0p05
300,1300007,thermal_stress,1.0,320.5446879863739,257.57533437013626,62.96935358643532,0.0,27.0,0.0,1.0,0.34375,0.3125,0.34375,md_cpsr_dqn,lambda_0p3__rho_0p05
300,1300008,thermal_stress,1.0,319.1123659312725,234.62419560551643,84.48817229270935,6.0,34.0,0.0,0.0,0.484375,0.21875,0.296875,md_cpsr_dqn,lambda_0p3__rho_0p05
300,1300009,thermal_stress,1.0,307.10949909090994,237.2098119854927,69.89968639016152,0.0,29.0,0.0,1.0,0.53125,0.21875,0.25,md_cpsr_dqn,lambda_0p3__rho_0p05
300,1300010,thermal_stress,1.0,366.60483169555664,285.57047271728516,81.03435882925987,0.0,34.0,0.0,0.0,0.4375,0.203125,0.359375,md_cpsr_dqn,lambda_0p3__rho_0p05
300,1300011,thermal_stress,1.0,326.6021017432213,259.47412049770355,67.12798021733761,0.0,31.0,0.0,1.0,0.453125,0.21875,0.328125,md_cpsr_dqn,lambda_0p3__rho_0p05
300,1300012,thermal_stress,1.0,341.48579248189924,278.3585326075554,63.12726047039032,6.0,28.0,0.0,2.0,0.46875,0.265625,0.265625,md_cpsr_dqn,lambda_0p3__rho_0p05
300,1300013,thermal_stress,1.0,407.73387164055345,282.5173929333687,125.21647966085904,15.0,35.0,22.0,0.0,0.5,0.1875,0.3125,md_cpsr_dqn,lambda_0p3__rho_0p05
300,1300014,thermal_stress,1.0,314.2894300222397,245.05663196742535,69.23279941082001,0.0,30.0,0.0,0.0,0.484375,0.234375,0.28125,md_cpsr_dqn,lambda_0p3__rho_0p05
300,1300015,thermal_stress,1.0,318.4886856973171,241.00893726944923,77.47975018620491,2.0,31.0,0.0,0.0,0.515625,0.234375,0.25,md_cpsr_dqn,lambda_0p3__rho_0p05
300,1300016,thermal_stress,1.0,438.9155297099402,317.93824023008347,120.97729049313561,0.0,35.0,24.0,2.0,0.359375,0.28125,0.359375,md_cpsr_dqn,lambda_0p3__rho_0p05
300,1300017,thermal_stress,1.0,364.014968752861,283.7301152944565,80.28485304117203,3.0,32.0,0.0,0.0,0.375,0.296875,0.328125,md_cpsr_dqn,lambda_0p3__rho_0p05
300,1300018,thermal_stress,1.0,319.65611055493355,240.2663913667202,79.38972049951553,1.0,33.0,0.0,1.0,0.515625,0.15625,0.328125,md_cpsr_dqn,lambda_0p3__rho_0p05
300,1300019,thermal_stress,1.0,352.4920478463173,288.5135439634323,63.9785039126873,2.0,29.0,0.0,0.0,0.390625,0.28125,0.328125,md_cpsr_dqn,lambda_0p3__rho_0p05
300,1300000,nominal,1.0,314.2520880103111,256.46487122774124,57.78721731901169,0.0,25.0,0.0,0.0,0.515625,0.28125,0.203125,md_cpsr_dqn,lambda_0p3__rho_0p08
300,1300001,nominal,1.0,319.5200232118368,232.6076751202345,86.91234835982323,0.0,37.0,0.0,0.0,0.515625,0.1875,0.296875,md_cpsr_dqn,lambda_0p3__rho_0p08
300,1300002,nominal,1.0,349.6683414518833,266.48582208156586,83.18251880407334,0.0,35.0,0.0,2.0,0.40625,0.3125,0.28125,md_cpsr_dqn,lambda_0p3__rho_0p08
300,1300003,nominal,1.0,333.67596930308326,242.78579246997833,90.89017733974434,0.0,33.0,11.0,0.0,0.53125,0.296875,0.171875,md_cpsr_dqn,lambda_0p3__rho_0p08
300,1300004,nominal,1.0,277.25165190696714,216.00243473052979,61.24921662509441,0.0,28.0,0.0,1.0,0.578125,0.21875,0.203125,md_cpsr_dqn,lambda_0p3__rho_0p08
300,1300005,nominal,1.0,274.7741448521614,208.13611420989037,66.63803120851517,0.0,28.0,0.0,3.0,0.453125,0.1875,0.359375,md_cpsr_dqn,lambda_0p3__rho_0p08
300,1300006,nominal,1.0,346.4100236594677,285.37409725785255,61.035924553871155,0.0,26.0,0.0,0.0,0.5,0.3125,0.1875,md_cpsr_dqn,lambda_0p3__rho_0p08
300,1300007,nominal,1.0,314.96538853645325,255.14941942691803,59.815968707203865,0.0,27.0,0.0,1.0,0.3125,0.375,0.3125,md_cpsr_dqn,lambda_0p3__rho_0p08
300,1300008,nominal,1.0,299.196934312582,228.81247827410698,70.38445773720741,0.0,30.0,0.0,0.0,0.484375,0.265625,0.25,md_cpsr_dqn,lambda_0p3__rho_0p08
300,1300009,nominal,1.0,286.9953938066959,215.9208606481552,71.07453317344189,0.0,30.0,0.0,1.0,0.578125,0.21875,0.203125,md_cpsr_dqn,lambda_0p3__rho_0p08
300,1300010,nominal,1.0,358.2158523797989,282.31939429044724,75.89645764231682,0.0,32.0,0.0,0.0,0.453125,0.203125,0.34375,md_cpsr_dqn,lambda_0p3__rho_0p08
300,1300011,nominal,1.0,302.7983687520027,241.27249413728714,61.52587586641312,0.0,28.0,0.0,0.0,0.515625,0.21875,0.265625,md_cpsr_dqn,lambda_0p3__rho_0p08
300,1300012,nominal,1.0,321.17681183815,264.5233372449875,56.65347462296486,0.0,26.0,0.0,2.0,0.515625,0.265625,0.21875,md_cpsr_dqn,lambda_0p3__rho_0p08
300,1300013,nominal,1.0,342.8569126725197,258.47459107637405,84.38232320547104,0.0,34.0,0.0,0.0,0.53125,0.1875,0.28125,md_cpsr_dqn,lambda_0p3__rho_0p08
300,1300014,nominal,1.0,301.2347379922867,231.66186653077602,69.57287362217903,0.0,30.0,0.0,0.0,0.515625,0.25,0.234375,md_cpsr_dqn,lambda_0p3__rho_0p08
300,1300015,nominal,1.0,315.81090900301933,244.9102284014225,70.90068286657333,0.0,28.0,0.0,0.0,0.53125,0.25,0.21875,md_cpsr_dqn,lambda_0p3__rho_0p08
300,1300016,nominal,1.0,394.1595731239922,308.1751098036766,85.98446168118781,0.0,34.0,5.0,2.0,0.40625,0.28125,0.3125,md_cpsr_dqn,lambda_0p3__rho_0p08
300,1300017,nominal,1.0,334.349473297596,264.1049100160599,70.24456200003624,0.0,31.0,0.0,0.0,0.40625,0.28125,0.3125,md_cpsr_dqn,lambda_0p3__rho_0p08
300,1300018,nominal,1.0,306.1704306304455,235.91295209527016,70.25748011469841,0.0,31.0,0.0,1.0,0.53125,0.1875,0.28125,md_cpsr_dqn,lambda_0p3__rho_0p08
300,1300019,nominal,1.0,316.52411901950836,250.81192848086357,65.71218997240067,0.0,29.0,0.0,0.0,0.453125,0.3125,0.234375,md_cpsr_dqn,lambda_0p3__rho_0p08
300,1300000,burst,1.0,325.38718235492706,261.68236660957336,63.704816818237305,1.0,27.0,0.0,0.0,0.5,0.28125,0.21875,md_cpsr_dqn,lambda_0p3__rho_0p08
300,1300001,burst,1.0,347.4766518699425,245.68461893498898,101.79203233890706,0.0,37.0,17.0,0.0,0.5,0.21875,0.28125,md_cpsr_dqn,lambda_0p3__rho_0p08
300,1300002,burst,1.0,377.28999016495817,288.70284336805344,88.58714336963774,3.0,35.0,8.0,2.0,0.40625,0.34375,0.25,md_cpsr_dqn,lambda_0p3__rho_0p08
300,1300003,burst,1.0,352.22709754892503,256.23824989795685,95.98884701021814,0.0,35.0,13.0,0.0,0.515625,0.3125,0.171875,md_cpsr_dqn,lambda_0p3__rho_0p08
300,1300004,burst,1.0,311.3239425063133,237.9342537522316,73.3896903038025,0.0,31.0,0.0,1.0,0.53125,0.28125,0.1875,md_cpsr_dqn,lambda_0p3__rho_0p08
300,1300005,burst,1.0,300.9001545548439,226.93890485167503,73.96124922633172,8.0,28.0,0.0,3.0,0.4375,0.203125,0.359375,md_cpsr_dqn,lambda_0p3__rho_0p08
300,1300006,burst,1.0,360.2613458931446,295.2673573791981,64.99398791790009,0.0,27.0,0.0,0.0,0.453125,0.34375,0.203125,md_cpsr_dqn,lambda_0p3__rho_0p08
300,1300007,burst,1.0,323.20132809877396,263.1268194913864,60.07450847327709,0.0,27.0,0.0,1.0,0.296875,0.375,0.328125,md_cpsr_dqn,lambda_0p3__rho_0p08
300,1300008,burst,1.0,318.99158546328545,249.2483362853527,69.74324917793274,1.0,30.0,0.0,0.0,0.46875,0.296875,0.234375,md_cpsr_dqn,lambda_0p3__rho_0p08
300,1300009,burst,1.0,309.7209833204746,237.9373316168785,71.78365137577057,0.0,30.0,0.0,1.0,0.515625,0.25,0.234375,md_cpsr_dqn,lambda_0p3__rho_0p08
300,1300010,burst,1.0,369.5243898630142,288.49003106355667,81.03435882925987,0.0,34.0,0.0,0.0,0.421875,0.21875,0.359375,md_cpsr_dqn,lambda_0p3__rho_0p08
300,1300011,burst,1.0,324.41126173734665,268.1647628545761,56.246500343084335,0.0,27.0,0.0,0.0,0.46875,0.265625,0.265625,md_cpsr_dqn,lambda_0p3__rho_0p08
300,1300012,burst,1.0,349.6457398176193,292.4336362481117,57.21210295855999,1.0,26.0,0.0,2.0,0.484375,0.296875,0.21875,md_cpsr_dqn,lambda_0p3__rho_0p08
300,1300013,burst,1.0,391.52470728211625,280.3743669986725,111.15033706479306,11.0,35.0,22.0,0.0,0.5,0.21875,0.28125,md_cpsr_dqn,lambda_0p3__rho_0p08
300,1300014,burst,1.0,311.6836396455765,237.00107334554195,74.68256628513336,0.0,31.0,0.0,0.0,0.5,0.265625,0.234375,md_cpsr_dqn,lambda_0p3__rho_0p08
300,1300015,burst,1.0,327.04357609152794,254.8228304684162,72.22074615955353,2.0,29.0,0.0,0.0,0.5,0.296875,0.203125,md_cpsr_dqn,lambda_0p3__rho_0p08
300,1300016,burst,1.0,434.0352451221886,320.2019885778427,113.83325636553187,0.0,35.0,24.0,2.0,0.390625,0.3125,0.296875,md_cpsr_dqn,lambda_0p3__rho_0p08
300,1300017,burst,1.0,354.8274138569832,274.3111186027527,80.51629620790482,3.0,32.0,0.0,0.0,0.375,0.328125,0.296875,md_cpsr_dqn,lambda_0p3__rho_0p08
300,1300018,burst,1.0,317.141946464777,239.65012326836586,77.4918247461319,0.0,32.0,0.0,1.0,0.515625,0.1875,0.296875,md_cpsr_dqn,lambda_0p3__rho_0p08
300,1300019,burst,1.0,341.73375606536865,276.33987668156624,65.39387965202332,1.0,29.0,0.0,0.0,0.390625,0.328125,0.28125,md_cpsr_dqn,lambda_0p3__rho_0p08
300,1300000,link_limited,1.0,372.751362323761,303.23078137636185,69.5205810368061,0.0,30.0,0.0,0.0,0.671875,0.21875,0.109375,md_cpsr_dqn,lambda_0p3__rho_0p08
300,1300001,link_limited,1.0,440.18591471063434,292.34026995301247,147.8456452940636,0.0,39.0,25.0,0.0,0.640625,0.140625,0.21875,md_cpsr_dqn,lambda_0p3__rho_0p08
300,1300002,link_limited,1.0,549.74385951823,369.8092831373215,179.93457647031568,0.0,38.0,36.0,1.0,0.53125,0.234375,0.234375,md_cpsr_dqn,lambda_0p3__rho_0p08
300,1300003,link_limited,1.0,418.760607649281,302.5235652923584,116.23704158206226,0.0,33.0,19.0,0.0,0.671875,0.171875,0.15625,md_cpsr_dqn,lambda_0p3__rho_0p08
300,1300004,link_limited,1.0,335.83602418899534,256.3740451335907,79.46198048591614,0.0,34.0,0.0,1.0,0.75,0.078125,0.171875,md_cpsr_dqn,lambda_0p3__rho_0p08
300,1300005,link_limited,1.0,427.01104299962293,292.78293067216873,134.22811146318688,0.0,38.0,27.0,2.0,0.59375,0.15625,0.25,md_cpsr_dqn,lambda_0p3__rho_0p08
300,1300006,link_limited,1.0,414.9863481566716,324.31492015719414,90.67142734382645,0.0,31.0,15.0,0.0,0.65625,0.203125,0.140625,md_cpsr_dqn,lambda_0p3__rho_0p08
300,1300007,link_limited,1.0,439.17969446332876,350.3106464147568,88.86904852540923,0.0,37.0,16.0,1.0,0.515625,0.234375,0.25,md_cpsr_dqn,lambda_0p3__rho_0p08
300,1300008,link_limited,1.0,388.52991557027286,304.09179574251175,84.43812122847025,0.0,35.0,5.0,0.0,0.625,0.171875,0.203125,md_cpsr_dqn,lambda_0p3__rho_0p08
300,1300009,link_limited,1.0,387.94692289240726,295.67040395736694,92.2765203655518,0.0,35.0,17.0,1.0,0.6875,0.15625,0.15625,md_cpsr_dqn,lambda_0p3__rho_0p08
300,1300010,link_limited,1.0,531.2056153344487,371.78920590877533,159.4164093213651,0.0,42.0,37.0,0.0,0.640625,0.15625,0.203125,md_cpsr_dqn,lambda_0p3__rho_0p08
300,1300011,link_limited,1.0,424.8059463619293,325.12011927366257,99.6858236311972,0.0,38.0,11.0,0.0,0.625,0.15625,0.21875,md_cpsr_dqn,lambda_0p3__rho_0p08
300,1300012,link_limited,1.0,393.9917804002762,327.85401052236557,66.13776904344559,0.0,30.0,0.0,0.0,0.703125,0.125,0.171875,md_cpsr_dqn,lambda_0p3__rho_0p08
300,1300013,link_limited,1.0,487.7836341225266,359.20874285697937,128.5748912208437,0.0,35.0,27.0,0.0,0.640625,0.140625,0.21875,md_cpsr_dqn,lambda_0p3__rho_0p08
300,1300014,link_limited,1.0,373.12682205438614,297.5699965059757,75.5568237900734,0.0,31.0,0.0,0.0,0.625,0.171875,0.203125,md_cpsr_dqn,lambda_0p3__rho_0p08
300,1300015,link_limited,1.0,425.0309022053476,313.49040246009827,111.54049813592384,0.0,33.0,24.0,0.0,0.6875,0.15625,0.15625,md_cpsr_dqn,lambda_0p3__rho_0p08
300,1300016,link_limited,1.0,585.324454576829,397.26534444093704,188.05911009118844,0.0,38.0,31.0,1.0,0.578125,0.171875,0.25,md_cpsr_dqn,lambda_0p3__rho_0p08
300,1300017,link_limited,1.0,480.47492273263975,372.12267953157425,108.35224391632116,0.0,36.0,22.0,0.0,0.515625,0.265625,0.21875,md_cpsr_dqn,lambda_0p3__rho_0p08
300,1300018,link_limited,1.0,443.65412556139836,326.35502249002457,117.29910426346669,0.0,38.0,31.0,0.0,0.625,0.15625,0.21875,md_cpsr_dqn,lambda_0p3__rho_0p08
300,1300019,link_limited,1.0,410.06739199121927,324.74998193979263,85.31741079648474,0.0,35.0,7.0,0.0,0.640625,0.15625,0.203125,md_cpsr_dqn,lambda_0p3__rho_0p08
300,1300000,energy_limited,1.0,352.13489931821823,257.14941105246544,94.98548936843872,0.0,42.0,0.0,0.0,0.515625,0.28125,0.203125,md_cpsr_dqn,lambda_0p3__rho_0p08
300,1300001,energy_limited,1.0,346.87112049758434,233.05545400083065,113.81566673517227,0.0,46.0,0.0,0.0,0.515625,0.1875,0.296875,md_cpsr_dqn,lambda_0p3__rho_0p08
300,1300002,energy_limited,1.0,381.41637604832647,269.5421878695488,111.87418862581254,0.0,46.0,0.0,2.0,0.390625,0.3125,0.296875,md_cpsr_dqn,lambda_0p3__rho_0p08
300,1300003,energy_limited,1.0,355.9170375607392,241.1382919549942,114.77874395171607,0.0,44.0,10.0,0.0,0.515625,0.28125,0.203125,md_cpsr_dqn,lambda_0p3__rho_0p08
300,1300004,energy_limited,1.0,314.72978600263593,216.82311660051346,97.90666841864586,0.0,41.0,0.0,1.0,0.578125,0.21875,0.203125,md_cpsr_dqn,lambda_0p3__rho_0p08
300,1300005,energy_limited,1.0,304.4334092378616,208.66695538163185,95.76645415425301,0.0,38.0,0.0,3.0,0.453125,0.1875,0.359375,md_cpsr_dqn,lambda_0p3__rho_0p08
300,1300006,energy_limited,1.0,389.8137201368809,292.01120868325233,97.80251370370388,0.0,42.0,0.0,0.0,0.4375,0.296875,0.265625,md_cpsr_dqn,lambda_0p3__rho_0p08
300,1300007,energy_limited,1.0,357.92019188404083,255.59033071994781,102.32986138761044,0.0,42.0,0.0,1.0,0.3125,0.375,0.3125,md_cpsr_dqn,lambda_0p3__rho_0p08
300,1300008,energy_limited,1.0,331.42123463749886,229.37138757109642,102.04984903335571,0.0,41.0,0.0,0.0,0.484375,0.265625,0.25,md_cpsr_dqn,lambda_0p3__rho_0p08
300,1300009,energy_limited,1.0,325.8550687372684,222.39202976226807,103.46304070353509,0.0,42.0,0.0,1.0,0.546875,0.21875,0.234375,md_cpsr_dqn,lambda_0p3__rho_0p08
300,1300010,energy_limited,1.0,395.87497502565384,282.79040479660034,113.08457253873348,0.0,47.0,0.0,0.0,0.453125,0.203125,0.34375,md_cpsr_dqn,lambda_0p3__rho_0p08
300,1300011,energy_limited,1.0,348.2339428663254,241.13664203882217,107.09730367362499,0.0,44.0,0.0,1.0,0.46875,0.203125,0.328125,md_cpsr_dqn,lambda_0p3__rho_0p08
300,1300012,energy_limited,1.0,364.73706378936765,265.21610629558563,99.52095740437508,0.0,40.0,0.0,2.0,0.515625,0.265625,0.21875,md_cpsr_dqn,lambda_0p3__rho_0p08
300,1300013,energy_limited,1.0,366.2483660578728,259.09724283218384,107.15112474560738,0.0,43.0,0.0,0.0,0.53125,0.1875,0.28125,md_cpsr_dqn,lambda_0p3__rho_0p08
300,1300014,energy_limited,1.0,340.0695282816887,233.97859100997448,106.0909381210804,0.0,43.0,0.0,0.0,0.5,0.25,0.25,md_cpsr_dqn,lambda_0p3__rho_0p08
300,1300015,energy_limited,1.0,351.3011483848095,246.51258197426796,104.7885679602623,0.0,44.0,0.0,0.0,0.5,0.265625,0.234375,md_cpsr_dqn,lambda_0p3__rho_0p08
300,1300016,energy_limited,1.0,419.5465324383385,308.5590849518776,110.98744611555404,0.0,44.0,5.0,2.0,0.40625,0.28125,0.3125,md_cpsr_dqn,lambda_0p3__rho_0p08
300,1300017,energy_limited,1.0,369.9959677159786,264.6354831159115,105.36048501729965,0.0,44.0,0.0,0.0,0.40625,0.28125,0.3125,md_cpsr_dqn,lambda_0p3__rho_0p08
300,1300018,energy_limited,1.0,343.937034368515,235.46916583180428,108.46786971390247,0.0,45.0,0.0,1.0,0.53125,0.171875,0.296875,md_cpsr_dqn,lambda_0p3__rho_0p08
300,1300019,energy_limited,1.0,358.4589478969574,256.8775865137577,101.58136278390884,0.0,41.0,0.0,0.0,0.4375,0.296875,0.265625,md_cpsr_dqn,lambda_0p3__rho_0p08
300,1300000,thermal_stress,1.0,325.83295714855194,262.06384575366974,63.76911115646362,1.0,27.0,0.0,0.0,0.5,0.28125,0.21875,md_cpsr_dqn,lambda_0p3__rho_0p08
300,1300001,thermal_stress,1.0,341.88034517889196,246.07622592151165,95.80411866133387,0.0,37.0,14.0,0.0,0.515625,0.21875,0.265625,md_cpsr_dqn,lambda_0p3__rho_0p08
300,1300002,thermal_stress,1.0,377.7037992260086,289.01034021377563,88.69345612140776,3.0,35.0,8.0,2.0,0.40625,0.34375,0.25,md_cpsr_dqn,lambda_0p3__rho_0p08
300,1300003,thermal_stress,1.0,352.6174296517006,256.62858259677887,95.98884701021814,0.0,35.0,13.0,0.0,0.515625,0.3125,0.171875,md_cpsr_dqn,lambda_0p3__rho_0p08
300,1300004,thermal_stress,1.0,311.5652020215988,238.17536848783493,73.38983335494996,1.0,31.0,0.0,1.0,0.53125,0.28125,0.1875,md_cpsr_dqn,lambda_0p3__rho_0p08
300,1300005,thermal_stress,1.0,301.3411261975765,227.20076268911362,74.14036356806756,8.0,28.0,0.0,3.0,0.4375,0.203125,0.359375,md_cpsr_dqn,lambda_0p3__rho_0p08
300,1300006,thermal_stress,1.0,360.59627106785774,295.60228130221367,64.99398791790009,0.0,27.0,0.0,0.0,0.453125,0.34375,0.203125,md_cpsr_dqn,lambda_0p3__rho_0p08
300,1300007,thermal_stress,1.0,323.56828343868256,263.49377578496933,60.07450847327709,0.0,27.0,0.0,1.0,0.296875,0.375,0.328125,md_cpsr_dqn,lambda_0p3__rho_0p08
300,1300008,thermal_stress,1.0,319.3254611194134,249.56566807627678,69.75979375839233,1.0,30.0,0.0,0.0,0.46875,0.296875,0.234375,md_cpsr_dqn,lambda_0p3__rho_0p08
300,1300009,thermal_stress,1.0,310.062470549345,238.2788199186325,71.78365137577057,0.0,30.0,0.0,1.0,0.515625,0.25,0.234375,md_cpsr_dqn,lambda_0p3__rho_0p08
300,1300010,thermal_stress,1.0,369.83531069755554,288.80095237493515,81.03435882925987,0.0,34.0,0.0,0.0,0.421875,0.21875,0.359375,md_cpsr_dqn,lambda_0p3__rho_0p08
300,1300011,thermal_stress,1.0,324.7314443588257,268.4849443435669,56.246500343084335,0.0,27.0,0.0,0.0,0.46875,0.265625,0.265625,md_cpsr_dqn,lambda_0p3__rho_0p08
300,1300012,thermal_stress,1.0,350.0486879587173,292.8142147064209,57.234471866488455,1.0,26.0,0.0,2.0,0.484375,0.296875,0.21875,md_cpsr_dqn,lambda_0p3__rho_0p08
300,1300013,thermal_stress,1.0,392.09374501757844,280.7525547146797,111.3411885147595,11.0,35.0,22.0,0.0,0.5,0.21875,0.28125,md_cpsr_dqn,lambda_0p3__rho_0p08
300,1300014,thermal_stress,1.0,311.97656363248825,237.29399727284908,74.68256628513336,0.0,31.0,0.0,0.0,0.5,0.265625,0.234375,md_cpsr_dqn,lambda_0p3__rho_0p08
300,1300015,thermal_stress,1.0,327.4467293918133,255.19622221589088,72.25050795078278,2.0,29.0,0.0,0.0,0.5,0.296875,0.203125,md_cpsr_dqn,lambda_0p3__rho_0p08
300,1300016,thermal_stress,1.0,434.3434445874634,320.5101885199547,113.83325636553187,0.0,35.0,24.0,2.0,0.390625,0.3125,0.296875,md_cpsr_dqn,lambda_0p3__rho_0p08
300,1300017,thermal_stress,1.0,355.24220192432404,274.5821675658226,80.66003543138504,3.0,32.0,0.0,0.0,0.375,0.328125,0.296875,md_cpsr_dqn,lambda_0p3__rho_0p08
300,1300018,thermal_stress,1.0,317.52259799838066,240.03077390789986,77.4918247461319,0.0,32.0,0.0,1.0,0.515625,0.1875,0.296875,md_cpsr_dqn,lambda_0p3__rho_0p08
300,1300019,thermal_stress,1.0,342.94903695583344,278.2486189901829,64.70041677355766,1.0,29.0,0.0,0.0,0.390625,0.34375,0.265625,md_cpsr_dqn,lambda_0p3__rho_0p08
300,1300000,nominal,1.0,308.5381052196026,252.4504952132702,56.087609350681305,0.0,25.0,0.0,0.0,0.53125,0.265625,0.203125,md_cpsr_dqn,lambda_1__rho_0p03
300,1300001,nominal,1.0,317.2243106216192,230.95068536698818,86.27362605929375,0.0,37.0,0.0,0.0,0.53125,0.171875,0.296875,md_cpsr_dqn,lambda_1__rho_0p03
300,1300002,nominal,1.0,347.7931596577167,265.5055536031723,82.28760495185853,0.0,35.0,0.0,2.0,0.421875,0.296875,0.28125,md_cpsr_dqn,lambda_1__rho_0p03
300,1300003,nominal,1.0,321.42777253025844,232.8993545770645,88.52841932410077,0.0,33.0,10.0,0.0,0.546875,0.234375,0.21875,md_cpsr_dqn,lambda_1__rho_0p03
300,1300004,nominal,1.0,275.4554311275482,214.20621407032013,61.24921662509441,0.0,28.0,0.0,1.0,0.578125,0.203125,0.21875,md_cpsr_dqn,lambda_1__rho_0p03
300,1300005,nominal,1.0,274.7741448521614,208.13611420989037,66.63803120851517,0.0,28.0,0.0,3.0,0.453125,0.1875,0.359375,md_cpsr_dqn,lambda_1__rho_0p03
300,1300006,nominal,1.0,345.12223729491234,283.7568347752094,61.36540275812149,0.0,26.0,0.0,0.0,0.515625,0.25,0.234375,md_cpsr_dqn,lambda_1__rho_0p03
300,1300007,nominal,1.0,309.45461589097977,248.91467279195786,60.539943397045135,0.0,27.0,0.0,1.0,0.359375,0.328125,0.3125,md_cpsr_dqn,lambda_1__rho_0p03
300,1300008,nominal,1.0,298.3960843384266,221.9232928454876,76.47279179096222,0.0,32.0,0.0,0.0,0.5,0.21875,0.28125,md_cpsr_dqn,lambda_1__rho_0p03
300,1300009,nominal,1.0,287.19823532700536,217.07520413398743,70.1230318337679,0.0,30.0,0.0,1.0,0.5625,0.203125,0.234375,md_cpsr_dqn,lambda_1__rho_0p03
300,1300010,nominal,1.0,358.7471431493759,282.9394130706787,75.80773088335991,0.0,32.0,0.0,0.0,0.453125,0.1875,0.359375,md_cpsr_dqn,lambda_1__rho_0p03
300,1300011,nominal,1.0,302.55831640958786,240.2834636569023,62.27485293149948,0.0,28.0,0.0,0.0,0.515625,0.203125,0.28125,md_cpsr_dqn,lambda_1__rho_0p03
300,1300012,nominal,1.0,316.12171425819395,259.46824038028717,56.65347462296486,0.0,26.0,0.0,2.0,0.515625,0.25,0.234375,md_cpsr_dqn,lambda_1__rho_0p03
300,1300013,nominal,1.0,342.8569126725197,258.47459107637405,84.38232320547104,0.0,34.0,0.0,0.0,0.53125,0.1875,0.28125,md_cpsr_dqn,lambda_1__rho_0p03
300,1300014,nominal,1.0,302.30982369184494,235.06539677083492,67.24442812800407,0.0,30.0,0.0,0.0,0.5,0.234375,0.265625,md_cpsr_dqn,lambda_1__rho_0p03
300,1300015,nominal,1.0,316.2968326508999,243.8723622262478,72.42447137832642,0.0,29.0,0.0,0.0,0.53125,0.234375,0.234375,md_cpsr_dqn,lambda_1__rho_0p03
300,1300016,nominal,1.0,391.469064045017,300.30246394872665,91.16660096055767,0.0,34.0,15.0,2.0,0.40625,0.21875,0.375,md_cpsr_dqn,lambda_1__rho_0p03
300,1300017,nominal,1.0,337.77233707904816,269.04789131879807,68.72444438934326,0.0,29.0,0.0,0.0,0.40625,0.265625,0.328125,md_cpsr_dqn,lambda_1__rho_0p03
300,1300018,nominal,1.0,307.56566312909126,234.7953305542469,72.77033340930939,0.0,32.0,0.0,1.0,0.53125,0.171875,0.296875,md_cpsr_dqn,lambda_1__rho_0p03
300,1300019,nominal,1.0,320.96901738643646,257.9466786980629,63.02233928442001,0.0,28.0,0.0,0.0,0.484375,0.25,0.265625,md_cpsr_dqn,lambda_1__rho_0p03
300,1300000,burst,1.0,317.27719539403915,256.2175123691559,61.059682071208954,1.0,26.0,0.0,0.0,0.53125,0.265625,0.203125,md_cpsr_dqn,lambda_1__rho_0p03
300,1300001,burst,1.0,346.9765484694216,245.86254630982876,101.11400120591846,3.0,37.0,14.0,0.0,0.515625,0.1875,0.296875,md_cpsr_dqn,lambda_1__rho_0p03
300,1300002,burst,1.0,372.06324057670975,282.9917669892311,89.07147123309524,3.0,35.0,6.0,2.0,0.421875,0.3125,0.265625,md_cpsr_dqn,lambda_1__rho_0p03
300,1300003,burst,1.0,349.42014305985793,252.40865981578827,97.01148260331973,0.0,35.0,13.0,0.0,0.515625,0.296875,0.1875,md_cpsr_dqn,lambda_1__rho_0p03
300,1300004,burst,1.0,303.6135242819786,230.2238354086876,73.3896903038025,0.0,31.0,0.0,1.0,0.546875,0.234375,0.21875,md_cpsr_dqn,lambda_1__rho_0p03
300,1300005,burst,1.0,297.8763994812965,223.97107085585594,73.90532892346383,4.0,30.0,0.0,3.0,0.421875,0.203125,0.375,md_cpsr_dqn,lambda_1__rho_0p03
300,1300006,burst,1.0,360.9668743312359,296.95236560702324,64.01450887322426,0.0,27.0,0.0,0.0,0.46875,0.28125,0.25,md_cpsr_dqn,lambda_1__rho_0p03
300,1300007,burst,1.0,321.8241494297981,261.74964064359665,60.07450847327709,0.0,27.0,0.0,1.0,0.328125,0.34375,0.328125,md_cpsr_dqn,lambda_1__rho_0p03
300,1300008,burst,1.0,317.8043297827244,239.2528574168682,78.55147385597229,3.0,31.0,0.0,0.0,0.5,0.25,0.25,md_cpsr_dqn,lambda_1__rho_0p03
300,1300009,burst,1.0,304.3789763987064,234.4792918562889,69.89968639016152,0.0,29.0,0.0,1.0,0.546875,0.21875,0.234375,md_cpsr_dqn,lambda_1__rho_0p03
300,1300010,burst,1.0,366.29386055469513,285.25950157642365,81.03435882925987,0.0,34.0,0.0,0.0,0.4375,0.203125,0.359375,md_cpsr_dqn,lambda_1__rho_0p03
300,1300011,burst,1.0,321.60414016246796,261.9527390599251,59.65140187740326,0.0,27.0,0.0,0.0,0.484375,0.234375,0.28125,md_cpsr_dqn,lambda_1__rho_0p03
300,1300012,burst,1.0,344.5540821790695,287.3419801592827,57.21210295855999,1.0,26.0,0.0,2.0,0.484375,0.28125,0.234375,md_cpsr_dqn,lambda_1__rho_0p03
300,1300013,burst,1.0,409.3611413653918,277.3401358127594,132.02100304923738,12.0,35.0,27.0,0.0,0.515625,0.203125,0.28125,md_cpsr_dqn,lambda_1__rho_0p03
300,1300014,burst,1.0,313.2803192138672,240.56235466897488,72.71796606481075,0.0,31.0,0.0,0.0,0.484375,0.25,0.265625,md_cpsr_dqn,lambda_1__rho_0p03
300,1300015,burst,1.0,321.459042519331,246.47057697176933,74.98846805095673,2.0,30.0,0.0,0.0,0.5,0.265625,0.234375,md_cpsr_dqn,lambda_1__rho_0p03
300,1300016,burst,1.0,434.09067785096664,318.61674267053604,115.47393500161664,0.0,35.0,24.0,2.0,0.390625,0.265625,0.34375,md_cpsr_dqn,lambda_1__rho_0p03
300,1300017,burst,1.0,367.51322388648987,288.4418833255768,79.07134184241295,3.0,31.0,0.0,0.0,0.375,0.28125,0.34375,md_cpsr_dqn,lambda_1__rho_0p03
300,1300018,burst,1.0,318.0630885064602,238.5411618053913,79.52192741632462,0.0,33.0,0.0,1.0,0.515625,0.171875,0.3125,md_cpsr_dqn,lambda_1__rho_0p03
300,1300019,burst,1.0,343.290420293808,280.71977293491364,62.570648431777954,1.0,28.0,0.0,0.0,0.40625,0.296875,0.296875,md_cpsr_dqn,lambda_1__rho_0p03
300,1300000,link_limited,1.0,359.98457132220267,288.66716131567955,71.31741078138351,0.0,30.0,1.0,0.0,0.6875,0.203125,0.109375,md_cpsr_dqn,lambda_1__rho_0p03
300,1300001,link_limited,1.0,435.3085616651711,283.8360780775547,151.472484124058,0.0,39.0,25.0,0.0,0.65625,0.125,0.21875,md_cpsr_dqn,lambda_1__rho_0p03
300,1300002,link_limited,1.0,550.8169126404342,372.71673250198364,178.10018022785766,0.0,38.0,36.0,1.0,0.53125,0.21875,0.25,md_cpsr_dqn,lambda_1__rho_0p03
300,1300003,link_limited,1.0,410.3584391782577,305.5015549659729,104.85688361623824,0.0,33.0,16.0,0.0,0.6875,0.15625,0.15625,md_cpsr_dqn,lambda_1__rho_0p03
300,1300004,link_limited,1.0,335.83602418899534,256.3740451335907,79.46198048591614,0.0,34.0,0.0,1.0,0.75,0.078125,0.171875,md_cpsr_dqn,lambda_1__rho_0p03
300,1300005,link_limited,1.0,424.202934397252,289.98153883218765,134.22139470079694,0.0,38.0,27.0,2.0,0.578125,0.15625,0.265625,md_cpsr_dqn,lambda_1__rho_0p03
300,1300006,link_limited,1.0,417.7212870078522,341.3327783048153,76.38851031236236,0.0,31.0,12.0,0.0,0.625,0.171875,0.203125,md_cpsr_dqn,lambda_1__rho_0p03
300,1300007,link_limited,1.0,413.63635688592626,326.4260851740837,87.21027290393543,0.0,37.0,14.0,1.0,0.5625,0.15625,0.28125,md_cpsr_dqn,lambda_1__rho_0p03
300,1300008,link_limited,1.0,389.57130007530634,303.30815571546555,86.26314576054995,0.0,35.0,5.0,0.0,0.640625,0.140625,0.21875,md_cpsr_dqn,lambda_1__rho_0p03
300,1300009,link_limited,1.0,388.41954560910233,290.51852709054947,97.90101917420397,0.0,35.0,19.0,1.0,0.6875,0.140625,0.171875,md_cpsr_dqn,lambda_1__rho_0p03
300,1300010,link_limited,1.0,486.8609937120277,366.316850066185,120.54414437599954,0.0,39.0,27.0,0.0,0.640625,0.109375,0.25,md_cpsr_dqn,lambda_1__rho_0p03
300,1300011,link_limited,1.0,418.42916893865174,314.44736683368683,103.98180317784848,0.0,38.0,12.0,0.0,0.625,0.140625,0.234375,md_cpsr_dqn,lambda_1__rho_0p03
300,1300012,link_limited,1.0,394.59762197732925,326.88161540031433,67.71600496768951,0.0,30.0,0.0,0.0,0.703125,0.109375,0.1875,md_cpsr_dqn,lambda_1__rho_0p03
300,1300013,link_limited,1.0,432.2023904132566,323.6686094403267,108.53378086862162,0.0,35.0,22.0,0.0,0.65625,0.125,0.21875,md_cpsr_dqn,lambda_1__rho_0p03
300,1300014,link_limited,1.0,370.18057948350906,294.62375551462173,75.5568237900734,0.0,31.0,0.0,0.0,0.65625,0.140625,0.203125,md_cpsr_dqn,lambda_1__rho_0p03
300,1300015,link_limited,1.0,419.80378937980714,322.06756377220154,97.73622575661717,0.0,32.0,18.0,0.0,0.6875,0.109375,0.203125,md_cpsr_dqn,lambda_1__rho_0p03
300,1300016,link_limited,1.0,569.9404753086743,381.78006452322006,188.16041074075088,0.0,38.0,31.0,1.0,0.59375,0.140625,0.265625,md_cpsr_dqn,lambda_1__rho_0p03
300,1300017,link_limited,1.0,477.3624593334296,368.84458288550377,108.51787570286784,0.0,36.0,17.0,0.0,0.546875,0.203125,0.25,md_cpsr_dqn,lambda_1__rho_0p03
300,1300018,link_limited,1.0,405.8735109567642,323.39885061979294,82.47466295957565,0.0,35.0,0.0,0.0,0.671875,0.09375,0.234375,md_cpsr_dqn,lambda_1__rho_0p03
300,1300019,link_limited,1.0,410.06739199121927,324.74998193979263,85.31741079648474,0.0,35.0,7.0,0.0,0.640625,0.15625,0.203125,md_cpsr_dqn,lambda_1__rho_0p03
300,1300000,energy_limited,1.0,345.7350350022316,253.1783486008644,92.55668643116951,0.0,41.0,0.0,0.0,0.53125,0.265625,0.203125,md_cpsr_dqn,lambda_1__rho_0p03
300,1300001,energy_limited,1.0,346.95321165025234,232.30079923570156,114.65241131186485,0.0,46.0,0.0,0.0,0.5,0.171875,0.328125,md_cpsr_dqn,lambda_1__rho_0p03
300,1300002,energy_limited,1.0,381.92975848317144,270.8310381770134,111.09872084259987,0.0,45.0,0.0,2.0,0.40625,0.28125,0.3125,md_cpsr_dqn,lambda_1__rho_0p03
300,1300003,energy_limited,1.0,348.1511184059985,233.5132954120636,114.63782332176044,0.0,46.0,10.0,0.0,0.546875,0.234375,0.21875,md_cpsr_dqn,lambda_1__rho_0p03
300,1300004,energy_limited,1.0,312.933565223217,215.0268959403038,97.90666841864586,0.0,41.0,0.0,1.0,0.578125,0.203125,0.21875,md_cpsr_dqn,lambda_1__rho_0p03
300,1300005,energy_limited,1.0,303.4938521623611,205.80014142394066,97.69371173679829,0.0,39.0,0.0,3.0,0.4375,0.1875,0.375,md_cpsr_dqn,lambda_1__rho_0p03
300,1300006,energy_limited,1.0,388.4036296904087,287.8948364555836,100.50879518687725,0.0,42.0,0.0,0.0,0.46875,0.21875,0.3125,md_cpsr_dqn,lambda_1__rho_0p03
300,1300007,energy_limited,1.0,351.533868432045,247.8144941329956,103.71937529742718,0.0,42.0,0.0,2.0,0.359375,0.28125,0.359375,md_cpsr_dqn,lambda_1__rho_0p03
300,1300008,energy_limited,1.0,333.78633150458336,228.11981311440468,105.66652025282383,0.0,44.0,0.0,0.0,0.46875,0.234375,0.296875,md_cpsr_dqn,lambda_1__rho_0p03
300,1300009,energy_limited,1.0,318.0758462488651,214.612806558609,103.46304070353509,0.0,42.0,0.0,1.0,0.5625,0.1875,0.25,md_cpsr_dqn,lambda_1__rho_0p03
300,1300010,energy_limited,1.0,396.49194580316544,283.40737694501877,113.08457253873348,0.0,47.0,0.0,0.0,0.453125,0.1875,0.359375,md_cpsr_dqn,lambda_1__rho_0p03
300,1300011,energy_limited,1.0,348.2339428663254,241.13664203882217,107.09730367362499,0.0,44.0,0.0,1.0,0.46875,0.203125,0.328125,md_cpsr_dqn,lambda_1__rho_0p03
300,1300012,energy_limited,1.0,359.6819662094116,260.1610094308853,99.52095740437508,0.0,40.0,0.0,2.0,0.515625,0.25,0.234375,md_cpsr_dqn,lambda_1__rho_0p03
300,1300013,energy_limited,1.0,366.2483660578728,259.09724283218384,107.15112474560738,0.0,43.0,0.0,0.0,0.53125,0.1875,0.28125,md_cpsr_dqn,lambda_1__rho_0p03
300,1300014,energy_limited,1.0,341.2524761557579,238.65073154866695,102.60174524784088,0.0,43.0,0.0,0.0,0.515625,0.203125,0.28125,md_cpsr_dqn,lambda_1__rho_0p03
300,1300015,energy_limited,1.0,350.4522258937359,240.6581091582775,109.79411828517914,0.0,45.0,0.0,0.0,0.515625,0.234375,0.25,md_cpsr_dqn,lambda_1__rho_0p03
300,1300016,energy_limited,1.0,416.7101010323172,306.5962420105934,110.113859498561,0.0,44.0,7.0,2.0,0.390625,0.234375,0.375,md_cpsr_dqn,lambda_1__rho_0p03
300,1300017,energy_limited,1.0,371.8336915075779,267.6502639949322,104.18342784047127,0.0,43.0,0.0,0.0,0.40625,0.25,0.34375,md_cpsr_dqn,lambda_1__rho_0p03
300,1300018,energy_limited,1.0,342.1304929256439,233.66262498497963,108.46786971390247,0.0,45.0,0.0,1.0,0.515625,0.171875,0.3125,md_cpsr_dqn,lambda_1__rho_0p03
300,1300019,energy_limited,1.0,363.24701607227325,264.4210854768753,98.8259311914444,0.0,41.0,0.0,0.0,0.453125,0.25,0.296875,md_cpsr_dqn,lambda_1__rho_0p03
300,1300000,thermal_stress,1.0,317.7297922372818,256.6058129668236,61.12397783994675,1.0,26.0,0.0,0.0,0.53125,0.265625,0.203125,md_cpsr_dqn,lambda_1__rho_0p03
300,1300001,thermal_stress,1.0,347.36230871712894,246.20530025660992,101.15700881814685,3.0,37.0,14.0,0.0,0.515625,0.1875,0.296875,md_cpsr_dqn,lambda_1__rho_0p03
300,1300002,thermal_stress,1.0,372.481954623188,283.3041722178459,89.17778040858657,3.0,35.0,6.0,2.0,0.421875,0.3125,0.265625,md_cpsr_dqn,lambda_1__rho_0p03
300,1300003,thermal_stress,1.0,349.8104835072838,252.79900085926056,97.01148260331973,0.0,35.0,13.0,0.0,0.515625,0.296875,0.1875,md_cpsr_dqn,lambda_1__rho_0p03
300,1300004,thermal_stress,1.0,303.8548414945602,230.4650085568428,73.38983335494996,1.0,31.0,0.0,1.0,0.546875,0.234375,0.21875,md_cpsr_dqn,lambda_1__rho_0p03
300,1300005,thermal_stress,1.0,298.20811038613317,224.23169875144958,73.97641246914864,5.0,30.0,0.0,3.0,0.421875,0.203125,0.375,md_cpsr_dqn,lambda_1__rho_0p03
300,1300006,thermal_stress,1.0,361.3310805261135,297.31657031178474,64.01450887322426,0.0,27.0,0.0,0.0,0.46875,0.28125,0.25,md_cpsr_dqn,lambda_1__rho_0p03
300,1300007,thermal_stress,1.0,322.1912099123001,262.11670166254044,60.07450847327709,0.0,27.0,0.0,1.0,0.328125,0.34375,0.328125,md_cpsr_dqn,lambda_1__rho_0p03
300,1300008,thermal_stress,1.0,318.21402725577354,239.59160271286964,78.62242650985718,3.0,31.0,0.0,0.0,0.5,0.25,0.25,md_cpsr_dqn,lambda_1__rho_0p03
300,1300009,thermal_stress,1.0,304.7216740787029,234.82198667526245,69.89968639016152,0.0,29.0,0.0,1.0,0.546875,0.21875,0.234375,md_cpsr_dqn,lambda_1__rho_0p03
300,1300010,thermal_stress,1.0,366.60483169555664,285.57047271728516,81.03435882925987,0.0,34.0,0.0,0.0,0.4375,0.203125,0.359375,md_cpsr_dqn,lambda_1__rho_0p03
300,1300011,thermal_stress,1.0,321.94975566864014,262.2983542084694,59.65140187740326,0.0,27.0,0.0,0.0,0.484375,0.234375,0.28125,md_cpsr_dqn,lambda_1__rho_0p03
300,1300012,thermal_stress,1.0,344.95703890323637,287.7225683927536,57.234471866488455,1.0,26.0,0.0,2.0,0.484375,0.28125,0.234375,md_cpsr_dqn,lambda_1__rho_0p03
300,1300013,thermal_stress,1.0,409.93628750405986,277.7186788916588,132.21760849319185,12.0,35.0,27.0,0.0,0.515625,0.203125,0.28125,md_cpsr_dqn,lambda_1__rho_0p03
300,1300014,thermal_stress,1.0,313.55467319488525,240.83670829236507,72.71796606481075,0.0,31.0,0.0,0.0,0.484375,0.25,0.265625,md_cpsr_dqn,lambda_1__rho_0p03
300,1300015,thermal_stress,1.0,321.86414900422096,246.8459217250347,75.01822984218597,2.0,30.0,0.0,0.0,0.5,0.265625,0.234375,md_cpsr_dqn,lambda_1__rho_0p03
300,1300016,thermal_stress,1.0,434.398939305072,318.9250041246414,115.47393500161664,0.0,35.0,24.0,2.0,0.390625,0.265625,0.34375,md_cpsr_dqn,lambda_1__rho_0p03
300,1300017,thermal_stress,1.0,367.940706551075,288.72562861442566,79.21507892012596,3.0,31.0,0.0,0.0,0.375,0.28125,0.34375,md_cpsr_dqn,lambda_1__rho_0p03
300,1300018,thermal_stress,1.0,318.4465100467205,238.92458447813988,79.52192741632462,0.0,33.0,0.0,1.0,0.515625,0.171875,0.3125,md_cpsr_dqn,lambda_1__rho_0p03
300,1300019,thermal_stress,1.0,343.64281487464905,281.0616452693939,62.58117127418518,1.0,28.0,0.0,0.0,0.40625,0.296875,0.296875,md_cpsr_dqn,lambda_1__rho_0p03
300,1300000,nominal,1.0,308.5381052196026,252.4504952132702,56.087609350681305,0.0,25.0,0.0,0.0,0.53125,0.265625,0.203125,md_cpsr_dqn,lambda_1__rho_0p05
300,1300001,nominal,1.0,319.66273222863674,231.03036932647228,88.63236311078072,0.0,37.0,0.0,0.0,0.515625,0.171875,0.3125,md_cpsr_dqn,lambda_1__rho_0p05
300,1300002,nominal,1.0,346.22653859257696,263.93893253803253,82.28760495185853,0.0,35.0,0.0,2.0,0.4375,0.28125,0.28125,md_cpsr_dqn,lambda_1__rho_0p05
300,1300003,nominal,1.0,327.62122836562327,232.63731598854065,94.98391279431506,0.0,35.0,12.0,0.0,0.53125,0.265625,0.203125,md_cpsr_dqn,lambda_1__rho_0p05
300,1300004,nominal,1.0,275.4554311275482,214.20621407032013,61.24921662509441,0.0,28.0,0.0,1.0,0.578125,0.203125,0.21875,md_cpsr_dqn,lambda_1__rho_0p05
300,1300005,nominal,1.0,279.721807205677,213.08377704024315,66.63803120851517,0.0,28.0,0.0,3.0,0.46875,0.1875,0.34375,md_cpsr_dqn,lambda_1__rho_0p05
300,1300006,nominal,1.0,347.13001880049706,287.03088918328285,60.0991290807724,0.0,26.0,0.0,0.0,0.484375,0.296875,0.21875,md_cpsr_dqn,lambda_1__rho_0p05
300,1300007,nominal,1.0,315.993549823761,255.44597095251083,60.54758031666279,0.0,27.0,0.0,1.0,0.34375,0.34375,0.3125,md_cpsr_dqn,lambda_1__rho_0p05
300,1300008,nominal,1.0,298.5951642692089,234.33187559247017,64.26329118013382,0.0,28.0,0.0,0.0,0.5,0.25,0.25,md_cpsr_dqn,lambda_1__rho_0p05
300,1300009,nominal,1.0,287.19823532700536,217.07520413398743,70.1230318337679,0.0,30.0,0.0,1.0,0.5625,0.203125,0.234375,md_cpsr_dqn,lambda_1__rho_0p05
300,1300010,nominal,1.0,354.94847667217255,279.0520170331001,75.89645764231682,0.0,32.0,0.0,0.0,0.46875,0.1875,0.34375,md_cpsr_dqn,lambda_1__rho_0p05
300,1300011,nominal,1.0,302.55831640958786,240.2834636569023,62.27485293149948,0.0,28.0,0.0,0.0,0.515625,0.203125,0.28125,md_cpsr_dqn,lambda_1__rho_0p05
300,1300012,nominal,1.0,316.12171425819395,259.46824038028717,56.65347462296486,0.0,26.0,0.0,2.0,0.515625,0.25,0.234375,md_cpsr_dqn,lambda_1__rho_0p05
300,1300013,nominal,1.0,342.8569126725197,258.47459107637405,84.38232320547104,0.0,34.0,0.0,0.0,0.53125,0.1875,0.28125,md_cpsr_dqn,lambda_1__rho_0p05
300,1300014,nominal,1.0,302.6913788318634,237.9622424095869,64.72913816571236,0.0,29.0,0.0,0.0,0.515625,0.203125,0.28125,md_cpsr_dqn,lambda_1__rho_0p05
300,1300015,nominal,1.0,316.2968326508999,243.8723622262478,72.42447137832642,0.0,29.0,0.0,0.0,0.53125,0.234375,0.234375,md_cpsr_dqn,lambda_1__rho_0p05
300,1300016,nominal,1.0,392.3353999740189,307.0875688791275,85.2478323167866,0.0,34.0,7.0,2.0,0.421875,0.234375,0.34375,md_cpsr_dqn,lambda_1__rho_0p05
300,1300017,nominal,1.0,334.349473297596,264.1049100160599,70.24456200003624,0.0,31.0,0.0,0.0,0.40625,0.28125,0.3125,md_cpsr_dqn,lambda_1__rho_0p05
300,1300018,nominal,1.0,307.56566312909126,234.7953305542469,72.77033340930939,0.0,32.0,0.0,1.0,0.53125,0.171875,0.296875,md_cpsr_dqn,lambda_1__rho_0p05
300,1300019,nominal,1.0,324.31327283382416,258.1740850806236,66.13918787240982,0.0,29.0,0.0,0.0,0.453125,0.28125,0.265625,md_cpsr_dqn,lambda_1__rho_0p05
300,1300000,burst,1.0,319.8755621910095,257.79648047685623,62.07908207178116,1.0,27.0,0.0,0.0,0.515625,0.265625,0.21875,md_cpsr_dqn,lambda_1__rho_0p05
300,1300001,burst,1.0,346.77577484012124,244.10783784091473,102.6679374909448,0.0,38.0,17.0,0.0,0.5,0.203125,0.296875,md_cpsr_dqn,lambda_1__rho_0p05
300,1300002,burst,1.0,372.06324057670975,282.9917669892311,89.07147123309524,3.0,35.0,6.0,2.0,0.421875,0.3125,0.265625,md_cpsr_dqn,lambda_1__rho_0p05
300,1300003,burst,1.0,349.42014305985793,252.40865981578827,97.01148260331973,0.0,35.0,13.0,0.0,0.515625,0.296875,0.1875,md_cpsr_dqn,lambda_1__rho_0p05
300,1300004,burst,1.0,303.6135242819786,230.2238354086876,73.3896903038025,0.0,31.0,0.0,1.0,0.546875,0.234375,0.21875,md_cpsr_dqn,lambda_1__rho_0p05
300,1300005,burst,1.0,303.3860056042671,229.4806770980358,73.90532892346383,4.0,30.0,0.0,3.0,0.4375,0.203125,0.359375,md_cpsr_dqn,lambda_1__rho_0p05
300,1300006,burst,1.0,362.75690934062004,300.0086688697338,62.74823981523514,0.0,27.0,0.0,0.0,0.4375,0.328125,0.234375,md_cpsr_dqn,lambda_1__rho_0p05
300,1300007,burst,1.0,325.77819043397903,265.7036815881729,60.07450847327709,0.0,27.0,0.0,1.0,0.3125,0.359375,0.328125,md_cpsr_dqn,lambda_1__rho_0p05
300,1300008,burst,1.0,319.0223180949688,247.56490990519524,71.45740896463394,3.0,30.0,0.0,0.0,0.484375,0.28125,0.234375,md_cpsr_dqn,lambda_1__rho_0p05
300,1300009,burst,1.0,304.3789763987064,234.4792918562889,69.89968639016152,0.0,29.0,0.0,1.0,0.546875,0.21875,0.234375,md_cpsr_dqn,lambda_1__rho_0p05
300,1300010,burst,1.0,366.29386055469513,285.25950157642365,81.03435882925987,0.0,34.0,0.0,0.0,0.4375,0.203125,0.359375,md_cpsr_dqn,lambda_1__rho_0p05
300,1300011,burst,1.0,321.60414016246796,261.9527390599251,59.65140187740326,0.0,27.0,0.0,0.0,0.484375,0.234375,0.28125,md_cpsr_dqn,lambda_1__rho_0p05
300,1300012,burst,1.0,344.5540821790695,287.3419801592827,57.21210295855999,1.0,26.0,0.0,2.0,0.484375,0.28125,0.234375,md_cpsr_dqn,lambda_1__rho_0p05
300,1300013,burst,1.0,391.52470728211625,280.3743669986725,111.15033706479306,11.0,35.0,22.0,0.0,0.5,0.21875,0.28125,md_cpsr_dqn,lambda_1__rho_0p05
300,1300014,burst,1.0,314.01142930984497,244.77863131463528,69.23279941082001,0.0,30.0,0.0,0.0,0.484375,0.234375,0.28125,md_cpsr_dqn,lambda_1__rho_0p05
300,1300015,burst,1.0,324.35016939044,249.3617037832737,74.98846805095673,2.0,30.0,0.0,0.0,0.53125,0.25,0.21875,md_cpsr_dqn,lambda_1__rho_0p05
300,1300016,burst,1.0,430.49975854734504,322.8525027036667,107.6472556648643,0.0,35.0,24.0,2.0,0.40625,0.28125,0.3125,md_cpsr_dqn,lambda_1__rho_0p05
300,1300017,burst,1.0,363.6000056862831,283.4588934779167,80.1411138176918,3.0,32.0,0.0,0.0,0.375,0.296875,0.328125,md_cpsr_dqn,lambda_1__rho_0p05
300,1300018,burst,1.0,318.0630885064602,238.5411618053913,79.52192741632462,0.0,33.0,0.0,1.0,0.515625,0.171875,0.3125,md_cpsr_dqn,lambda_1__rho_0p05
300,1300019,burst,1.0,345.0577652454376,279.6638855934143,65.39387965202332,1.0,29.0,0.0,0.0,0.390625,0.3125,0.296875,md_cpsr_dqn,lambda_1__rho_0p05
300,1300000,link_limited,1.0,358.8007771074772,287.2850183546543,71.5157618522644,0.0,30.0,0.0,0.0,0.6875,0.1875,0.125,md_cpsr_dqn,lambda_1__rho_0p05
300,1300001,link_limited,1.0,440.18591471063434,292.34026995301247,147.8456452940636,0.0,39.0,25.0,0.0,0.640625,0.140625,0.21875,md_cpsr_dqn,lambda_1__rho_0p05
300,1300002,link_limited,1.0,549.74385951823,369.8092831373215,179.93457647031568,0.0,38.0,36.0,1.0,0.53125,0.234375,0.234375,md_cpsr_dqn,lambda_1__rho_0p05
300,1300003,link_limited,1.0,410.3584391782577,305.5015549659729,104.85688361623824,0.0,33.0,16.0,0.0,0.6875,0.15625,0.15625,md_cpsr_dqn,lambda_1__rho_0p05
300,1300004,link_limited,1.0,336.85413225889204,259.3087124824524,77.54542004466057,0.0,33.0,0.0,1.0,0.734375,0.09375,0.171875,md_cpsr_dqn,lambda_1__rho_0p05
300,1300005,link_limited,1.0,424.202934397252,289.98153883218765,134.22139470079694,0.0,38.0,27.0,2.0,0.578125,0.15625,0.265625,md_cpsr_dqn,lambda_1__rho_0p05
300,1300006,link_limited,1.0,417.7212870078522,341.3327783048153,76.38851031236236,0.0,31.0,12.0,0.0,0.625,0.171875,0.203125,md_cpsr_dqn,lambda_1__rho_0p05
300,1300007,link_limited,1.0,410.443142481657,324.9920675754547,85.45107663473695,0.0,37.0,8.0,1.0,0.5625,0.15625,0.28125,md_cpsr_dqn,lambda_1__rho_0p05
300,1300008,link_limited,1.0,386.2984727779426,302.0393517613411,84.2591228941478,0.0,35.0,4.0,0.0,0.625,0.15625,0.21875,md_cpsr_dqn,lambda_1__rho_0p05
300,1300009,link_limited,1.0,388.41954560910233,290.51852709054947,97.90101917420397,0.0,35.0,19.0,1.0,0.6875,0.140625,0.171875,md_cpsr_dqn,lambda_1__rho_0p05
300,1300010,link_limited,1.0,511.0623767145405,370.9967795610428,140.06559684057333,0.0,41.0,29.0,0.0,0.640625,0.140625,0.21875,md_cpsr_dqn,lambda_1__rho_0p05
300,1300011,link_limited,1.0,424.8059463619293,325.12011927366257,99.6858236311972,0.0,38.0,11.0,0.0,0.625,0.15625,0.21875,md_cpsr_dqn,lambda_1__rho_0p05
300,1300012,link_limited,1.0,393.9917804002762,327.85401052236557,66.13776904344559,0.0,30.0,0.0,0.0,0.703125,0.125,0.171875,md_cpsr_dqn,lambda_1__rho_0p05
300,1300013,link_limited,1.0,432.2023904132566,323.6686094403267,108.53378086862162,0.0,35.0,22.0,0.0,0.65625,0.125,0.21875,md_cpsr_dqn,lambda_1__rho_0p05
300,1300014,link_limited,1.0,370.17239290475845,294.6155687868595,75.5568237900734,0.0,31.0,0.0,0.0,0.640625,0.15625,0.203125,md_cpsr_dqn,lambda_1__rho_0p05
300,1300015,link_limited,1.0,425.70226053623065,311.86104732751846,113.84121159938674,0.0,33.0,25.0,0.0,0.703125,0.140625,0.15625,md_cpsr_dqn,lambda_1__rho_0p05
300,1300016,link_limited,1.0,605.2237530220461,402.1233888268471,203.1003654170943,0.0,39.0,32.0,1.0,0.59375,0.15625,0.25,md_cpsr_dqn,lambda_1__rho_0p05
300,1300017,link_limited,1.0,498.3473740192117,368.1078222990036,130.2395513774813,0.0,38.0,29.0,0.0,0.53125,0.25,0.21875,md_cpsr_dqn,lambda_1__rho_0p05
300,1300018,link_limited,1.0,411.4257306159436,318.71672946214676,92.70900318035483,0.0,37.0,6.0,0.0,0.640625,0.140625,0.21875,md_cpsr_dqn,lambda_1__rho_0p05
300,1300019,link_limited,1.0,410.06739199121927,324.74998193979263,85.31741079648474,0.0,35.0,7.0,0.0,0.640625,0.15625,0.203125,md_cpsr_dqn,lambda_1__rho_0p05
300,1300000,energy_limited,1.0,345.7350350022316,253.1783486008644,92.55668643116951,0.0,41.0,0.0,0.0,0.53125,0.265625,0.203125,md_cpsr_dqn,lambda_1__rho_0p05
300,1300001,energy_limited,1.0,346.95321165025234,232.30079923570156,114.65241131186485,0.0,46.0,0.0,0.0,0.5,0.171875,0.328125,md_cpsr_dqn,lambda_1__rho_0p05
300,1300002,energy_limited,1.0,378.21105402112005,267.11233353614807,111.09872084259987,0.0,45.0,0.0,2.0,0.421875,0.28125,0.296875,md_cpsr_dqn,lambda_1__rho_0p05
300,1300003,energy_limited,1.0,349.9855032488935,234.93227005004883,115.05323060604258,0.0,46.0,10.0,0.0,0.53125,0.25,0.21875,md_cpsr_dqn,lambda_1__rho_0p05
300,1300004,energy_limited,1.0,313.32602866888044,216.28666603565216,97.0393623650074,0.0,41.0,0.0,1.0,0.5625,0.203125,0.234375,md_cpsr_dqn,lambda_1__rho_0p05
300,1300005,energy_limited,1.0,309.38107159137724,213.61461821198463,95.76645415425301,0.0,38.0,0.0,3.0,0.46875,0.1875,0.34375,md_cpsr_dqn,lambda_1__rho_0p05
300,1300006,energy_limited,1.0,387.89141169190407,290.63001134991646,97.26140104234219,0.0,42.0,0.0,0.0,0.46875,0.25,0.28125,md_cpsr_dqn,lambda_1__rho_0p05
300,1300007,energy_limited,1.0,353.61623072624207,250.21140426397324,103.40482448041439,0.0,42.0,0.0,2.0,0.34375,0.3125,0.34375,md_cpsr_dqn,lambda_1__rho_0p05
300,1300008,energy_limited,1.0,333.78633150458336,228.11981311440468,105.66652025282383,0.0,44.0,0.0,0.0,0.46875,0.234375,0.296875,md_cpsr_dqn,lambda_1__rho_0p05
300,1300009,energy_limited,1.0,321.1845515310764,217.72151219844818,103.46304070353509,0.0,42.0,0.0,1.0,0.5625,0.203125,0.234375,md_cpsr_dqn,lambda_1__rho_0p05
300,1300010,energy_limited,1.0,392.6075993180275,279.52302753925323,113.08457253873348,0.0,47.0,0.0,0.0,0.46875,0.1875,0.34375,md_cpsr_dqn,lambda_1__rho_0p05
300,1300011,energy_limited,1.0,347.28552758693695,240.5571854710579,106.72834448516369,0.0,44.0,0.0,0.0,0.484375,0.203125,0.3125,md_cpsr_dqn,lambda_1__rho_0p05
300,1300012,energy_limited,1.0,358.9329076051712,255.65109741687775,103.2818097114563,0.0,41.0,0.0,2.0,0.515625,0.234375,0.25,md_cpsr_dqn,lambda_1__rho_0p05
300,1300013,energy_limited,1.0,366.2483660578728,259.09724283218384,107.15112474560738,0.0,43.0,0.0,0.0,0.53125,0.1875,0.28125,md_cpsr_dqn,lambda_1__rho_0p05
300,1300014,energy_limited,1.0,341.2524761557579,238.65073154866695,102.60174524784088,0.0,43.0,0.0,0.0,0.515625,0.203125,0.28125,md_cpsr_dqn,lambda_1__rho_0p05
300,1300015,energy_limited,1.0,350.4522258937359,240.6581091582775,109.79411828517914,0.0,45.0,0.0,0.0,0.515625,0.234375,0.25,md_cpsr_dqn,lambda_1__rho_0p05
300,1300016,energy_limited,1.0,417.6433993465012,307.46720492839813,110.1761955505913,0.0,44.0,7.0,2.0,0.421875,0.234375,0.34375,md_cpsr_dqn,lambda_1__rho_0p05
300,1300017,energy_limited,1.0,368.4349168241024,262.70593044161797,105.7289862036705,0.0,44.0,0.0,0.0,0.40625,0.265625,0.328125,md_cpsr_dqn,lambda_1__rho_0p05
300,1300018,energy_limited,1.0,343.937034368515,235.46916583180428,108.46786971390247,0.0,45.0,0.0,1.0,0.53125,0.171875,0.296875,md_cpsr_dqn,lambda_1__rho_0p05
300,1300019,energy_limited,1.0,360.3479919433594,258.76663023233414,101.58136278390884,0.0,41.0,0.0,0.0,0.453125,0.28125,0.265625,md_cpsr_dqn,lambda_1__rho_0p05
300,1300000,thermal_stress,1.0,325.83295714855194,262.06384575366974,63.76911115646362,1.0,27.0,0.0,0.0,0.5,0.28125,0.21875,md_cpsr_dqn,lambda_1__rho_0p05
300,1300001,thermal_stress,1.0,341.2003467292947,244.45129047334194,96.74905619634816,0.0,37.0,12.0,0.0,0.515625,0.203125,0.28125,md_cpsr_dqn,lambda_1__rho_0p05
300,1300002,thermal_stress,1.0,372.481954623188,283.3041722178459,89.17778040858657,3.0,35.0,6.0,2.0,0.421875,0.3125,0.265625,md_cpsr_dqn,lambda_1__rho_0p05
300,1300003,thermal_stress,1.0,349.8104835072838,252.79900085926056,97.01148260331973,0.0,35.0,13.0,0.0,0.515625,0.296875,0.1875,md_cpsr_dqn,lambda_1__rho_0p05
300,1300004,thermal_stress,1.0,303.8548414945602,230.4650085568428,73.38983335494996,1.0,31.0,0.0,1.0,0.546875,0.234375,0.21875,md_cpsr_dqn,lambda_1__rho_0p05
300,1300005,thermal_stress,1.0,303.7177241384983,229.74131214618683,73.97641246914864,5.0,30.0,0.0,3.0,0.4375,0.203125,0.359375,md_cpsr_dqn,lambda_1__rho_0p05
300,1300006,thermal_stress,1.0,361.3228733241558,298.6999280154705,62.62294489145279,0.0,27.0,0.0,0.0,0.453125,0.328125,0.21875,md_cpsr_dqn,lambda_1__rho_0p05
300,1300007,thermal_stress,1.0,326.1452149152756,266.07070499658585,60.07450847327709,0.0,27.0,0.0,1.0,0.3125,0.359375,0.328125,md_cpsr_dqn,lambda_1__rho_0p05
300,1300008,thermal_stress,1.0,319.41907158493996,247.8907152712345,71.5283573269844,3.0,30.0,0.0,0.0,0.484375,0.28125,0.234375,md_cpsr_dqn,lambda_1__rho_0p05
300,1300009,thermal_stress,1.0,304.7216740787029,234.82198667526245,69.89968639016152,0.0,29.0,0.0,1.0,0.546875,0.21875,0.234375,md_cpsr_dqn,lambda_1__rho_0p05
300,1300010,thermal_stress,1.0,366.60483169555664,285.57047271728516,81.03435882925987,0.0,34.0,0.0,0.0,0.4375,0.203125,0.359375,md_cpsr_dqn,lambda_1__rho_0p05
300,1300011,thermal_stress,1.0,322.3381242752075,263.07478505373,59.26333975791931,0.0,27.0,0.0,0.0,0.484375,0.265625,0.25,md_cpsr_dqn,lambda_1__rho_0p05
300,1300012,thermal_stress,1.0,344.95703890323637,287.7225683927536,57.234471866488455,1.0,26.0,0.0,2.0,0.484375,0.28125,0.234375,md_cpsr_dqn,lambda_1__rho_0p05
300,1300013,thermal_stress,1.0,392.09374501757844,280.7525547146797,111.3411885147595,11.0,35.0,22.0,0.0,0.5,0.21875,0.28125,md_cpsr_dqn,lambda_1__rho_0p05
300,1300014,thermal_stress,1.0,314.2894300222397,245.05663196742535,69.23279941082001,0.0,30.0,0.0,0.0,0.484375,0.234375,0.28125,md_cpsr_dqn,lambda_1__rho_0p05
300,1300015,thermal_stress,1.0,324.7553955614567,249.7371679842472,75.01822984218597,2.0,30.0,0.0,0.0,0.53125,0.25,0.21875,md_cpsr_dqn,lambda_1__rho_0p05
300,1300016,thermal_stress,1.0,430.8080283461007,323.1607729792595,107.6472556648643,0.0,35.0,24.0,2.0,0.40625,0.28125,0.3125,md_cpsr_dqn,lambda_1__rho_0p05
300,1300017,thermal_stress,1.0,364.014968752861,283.7301152944565,80.28485304117203,3.0,32.0,0.0,0.0,0.375,0.296875,0.328125,md_cpsr_dqn,lambda_1__rho_0p05
300,1300018,thermal_stress,1.0,318.4465100467205,238.92458447813988,79.52192741632462,0.0,33.0,0.0,1.0,0.515625,0.171875,0.3125,md_cpsr_dqn,lambda_1__rho_0p05
300,1300019,thermal_stress,1.0,345.3718714118004,279.96746838092804,65.40440320968628,1.0,29.0,0.0,0.0,0.390625,0.3125,0.296875,md_cpsr_dqn,lambda_1__rho_0p05
300,1300000,nominal,1.0,305.4624809920788,248.14180812239647,57.32067292928696,0.0,25.0,0.0,0.0,0.515625,0.25,0.234375,md_cpsr_dqn,lambda_1__rho_0p08
300,1300001,nominal,1.0,319.66273222863674,231.03036932647228,88.63236311078072,0.0,37.0,0.0,0.0,0.515625,0.171875,0.3125,md_cpsr_dqn,lambda_1__rho_0p08
300,1300002,nominal,1.0,344.0224820911884,258.7902622818947,85.23221945166588,0.0,35.0,0.0,2.0,0.4375,0.265625,0.296875,md_cpsr_dqn,lambda_1__rho_0p08
300,1300003,nominal,1.0,324.04577290025065,235.5492389202118,88.49653475489916,0.0,33.0,10.0,0.0,0.515625,0.25,0.234375,md_cpsr_dqn,lambda_1__rho_0p08
300,1300004,nominal,1.0,281.6025580406189,219.8961900472641,61.70636863410473,0.0,28.0,0.0,1.0,0.5625,0.203125,0.234375,md_cpsr_dqn,lambda_1__rho_0p08
300,1300005,nominal,1.0,274.2554468154907,205.308503895998,68.9469436198473,0.0,29.0,0.0,3.0,0.4375,0.1875,0.375,md_cpsr_dqn,lambda_1__rho_0p08
300,1300006,nominal,1.0,356.98494574427605,296.4440997540951,60.5408453643322,0.0,26.0,0.0,0.0,0.46875,0.25,0.28125,md_cpsr_dqn,lambda_1__rho_0p08
300,1300007,nominal,1.0,307.0941705107689,244.35104078054428,62.74313002824783,0.0,27.0,0.0,1.0,0.34375,0.328125,0.328125,md_cpsr_dqn,lambda_1__rho_0p08
300,1300008,nominal,1.0,300.2718363106251,225.9945498406887,74.27728806436062,0.0,31.0,0.0,0.0,0.484375,0.21875,0.296875,md_cpsr_dqn,lambda_1__rho_0p08
300,1300009,nominal,1.0,286.8790121614933,213.97951591014862,72.89949643015862,0.0,32.0,0.0,1.0,0.5625,0.1875,0.25,md_cpsr_dqn,lambda_1__rho_0p08
300,1300010,nominal,1.0,354.8618701696396,279.0541396141052,75.80773088335991,0.0,32.0,0.0,0.0,0.453125,0.171875,0.375,md_cpsr_dqn,lambda_1__rho_0p08
300,1300011,nominal,1.0,307.4113454222679,240.70498150587082,66.70636363327503,0.0,31.0,0.0,1.0,0.484375,0.1875,0.328125,md_cpsr_dqn,lambda_1__rho_0p08
300,1300012,nominal,1.0,310.8557831287384,254.20230972766876,56.65347462296486,0.0,26.0,0.0,2.0,0.5,0.25,0.25,md_cpsr_dqn,lambda_1__rho_0p08
300,1300013,nominal,1.0,342.8569126725197,258.47459107637405,84.38232320547104,0.0,34.0,0.0,0.0,0.53125,0.1875,0.28125,md_cpsr_dqn,lambda_1__rho_0p08
300,1300014,nominal,1.0,306.5195901989937,236.54029105603695,69.97930094599724,0.0,30.0,0.0,0.0,0.515625,0.21875,0.265625,md_cpsr_dqn,lambda_1__rho_0p08
300,1300015,nominal,1.0,325.32816299796104,250.5511610209942,74.77700290083885,0.0,30.0,0.0,0.0,0.484375,0.234375,0.28125,md_cpsr_dqn,lambda_1__rho_0p08
300,1300016,nominal,1.0,391.4021016598349,306.2166059613228,85.1854962647563,0.0,34.0,7.0,2.0,0.390625,0.234375,0.375,md_cpsr_dqn,lambda_1__rho_0p08
300,1300017,nominal,1.0,342.2753943800926,270.29139107465744,71.9840022623539,0.0,31.0,0.0,0.0,0.390625,0.265625,0.34375,md_cpsr_dqn,lambda_1__rho_0p08
300,1300018,nominal,1.0,305.9428761899471,233.01572379469872,72.92715322971344,0.0,32.0,0.0,1.0,0.515625,0.171875,0.3125,md_cpsr_dqn,lambda_1__rho_0p08
300,1300019,nominal,1.0,329.9471909403801,264.0937820672989,65.85341002047062,0.0,29.0,0.0,0.0,0.40625,0.28125,0.3125,md_cpsr_dqn,lambda_1__rho_0p08
300,1300000,burst,1.0,317.14996576309204,253.45932340621948,63.690642297267914,2.0,27.0,0.0,0.0,0.5,0.25,0.25,md_cpsr_dqn,lambda_1__rho_0p08
300,1300001,burst,1.0,353.10219841106107,245.86497573554516,107.23722382290529,3.0,38.0,20.0,0.0,0.5,0.1875,0.3125,md_cpsr_dqn,lambda_1__rho_0p08
300,1300002,burst,1.0,370.6811116653508,274.11444038152695,96.5666716414518,3.0,35.0,12.0,2.0,0.4375,0.296875,0.265625,md_cpsr_dqn,lambda_1__rho_0p08
300,1300003,burst,1.0,350.3805490978368,253.61559575796127,96.76495228189304,0.0,35.0,13.0,0.0,0.5,0.296875,0.203125,md_cpsr_dqn,lambda_1__rho_0p08
300,1300004,burst,1.0,307.7253504633903,234.27369850873947,73.45165362358094,0.0,31.0,0.0,1.0,0.53125,0.234375,0.234375,md_cpsr_dqn,lambda_1__rho_0p08
300,1300005,burst,1.0,297.8763994812965,223.97107085585594,73.90532892346383,4.0,30.0,0.0,3.0,0.421875,0.203125,0.375,md_cpsr_dqn,lambda_1__rho_0p08
300,1300006,burst,1.0,368.59996458888054,303.2591571509838,65.34080827236176,0.0,27.0,0.0,0.0,0.453125,0.265625,0.28125,md_cpsr_dqn,lambda_1__rho_0p08
300,1300007,burst,1.0,315.2785537838936,252.309199988842,62.96935358643532,0.0,27.0,0.0,1.0,0.328125,0.328125,0.34375,md_cpsr_dqn,lambda_1__rho_0p08
300,1300008,burst,1.0,316.60642471909523,237.10617038607597,79.50025437772274,1.0,33.0,0.0,0.0,0.484375,0.234375,0.28125,md_cpsr_dqn,lambda_1__rho_0p08
300,1300009,burst,1.0,303.3330817759037,230.2617893218994,73.0712938696146,0.0,31.0,0.0,1.0,0.546875,0.21875,0.234375,md_cpsr_dqn,lambda_1__rho_0p08
300,1300010,burst,1.0,366.29386055469513,285.25950157642365,81.03435882925987,0.0,34.0,0.0,0.0,0.4375,0.203125,0.359375,md_cpsr_dqn,lambda_1__rho_0p08
300,1300011,burst,1.0,326.45959907770157,262.46708166599274,63.99251767992973,0.0,29.0,0.0,1.0,0.453125,0.21875,0.328125,md_cpsr_dqn,lambda_1__rho_0p08
300,1300012,burst,1.0,339.14423140287397,276.5912798047066,62.55295097231865,2.0,28.0,0.0,2.0,0.484375,0.265625,0.25,md_cpsr_dqn,lambda_1__rho_0p08
300,1300013,burst,1.0,417.1152616509029,277.2005989551544,139.91466281495775,15.0,35.0,27.0,0.0,0.515625,0.1875,0.296875,md_cpsr_dqn,lambda_1__rho_0p08
300,1300014,burst,1.0,316.8325654864311,242.9494634717703,73.8831033706665,0.0,31.0,0.0,0.0,0.484375,0.25,0.265625,md_cpsr_dqn,lambda_1__rho_0p08
300,1300015,burst,1.0,332.3053947985172,254.85540494322777,77.44999054074287,2.0,31.0,0.0,0.0,0.5,0.234375,0.265625,md_cpsr_dqn,lambda_1__rho_0p08
300,1300016,burst,1.0,434.09067785096664,318.61674267053604,115.47393500161664,0.0,35.0,24.0,2.0,0.390625,0.265625,0.34375,md_cpsr_dqn,lambda_1__rho_0p08
300,1300017,burst,1.0,372.0356128811836,292.4006975889206,79.634914457798,3.0,31.0,0.0,0.0,0.359375,0.296875,0.34375,md_cpsr_dqn,lambda_1__rho_0p08
300,1300018,burst,1.0,318.0630885064602,238.5411618053913,79.52192741632462,0.0,33.0,0.0,1.0,0.515625,0.171875,0.3125,md_cpsr_dqn,lambda_1__rho_0p08
300,1300019,burst,1.0,353.63410353660583,288.43632012605667,65.19778382778168,1.0,29.0,0.0,0.0,0.359375,0.3125,0.328125,md_cpsr_dqn,lambda_1__rho_0p08
300,1300000,link_limited,1.0,358.8007771074772,287.2850183546543,71.5157618522644,0.0,30.0,0.0,0.0,0.6875,0.1875,0.125,md_cpsr_dqn,lambda_1__rho_0p08
300,1300001,link_limited,1.0,433.086917768949,281.63414230942726,151.45277599596335,0.0,39.0,25.0,0.0,0.640625,0.125,0.234375,md_cpsr_dqn,lambda_1__rho_0p08
300,1300002,link_limited,1.0,537.0380207241849,364.44425535202026,172.5937654615715,0.0,38.0,36.0,1.0,0.53125,0.203125,0.265625,md_cpsr_dqn,lambda_1__rho_0p08
300,1300003,link_limited,1.0,409.33068779220747,307.2026199102402,102.12806740513014,0.0,33.0,16.0,0.0,0.671875,0.15625,0.171875,md_cpsr_dqn,lambda_1__rho_0p08
300,1300004,link_limited,1.0,336.4034727454185,254.98657321929932,81.4169017314911,0.0,34.0,0.0,1.0,0.734375,0.0625,0.203125,md_cpsr_dqn,lambda_1__rho_0p08
300,1300005,link_limited,1.0,432.1211636951304,289.68456196784973,142.43660142925742,0.0,38.0,29.0,2.0,0.578125,0.15625,0.265625,md_cpsr_dqn,lambda_1__rho_0p08
300,1300006,link_limited,1.0,441.66522969949244,369.7858373224735,71.87939240682125,0.0,31.0,2.0,0.0,0.59375,0.171875,0.234375,md_cpsr_dqn,lambda_1__rho_0p08
300,1300007,link_limited,1.0,415.2691871258935,329.4818978905678,85.78729155990689,0.0,37.0,8.0,1.0,0.546875,0.140625,0.3125,md_cpsr_dqn,lambda_1__rho_0p08
300,1300008,link_limited,1.0,389.57130007530634,303.30815571546555,86.26314576054995,0.0,35.0,5.0,0.0,0.640625,0.140625,0.21875,md_cpsr_dqn,lambda_1__rho_0p08
300,1300009,link_limited,1.0,387.6818956797317,289.9766569137573,97.70523960043931,0.0,35.0,19.0,1.0,0.671875,0.140625,0.1875,md_cpsr_dqn,lambda_1__rho_0p08
300,1300010,link_limited,1.0,513.4425265967304,373.80166459083557,139.64086059028432,0.0,42.0,32.0,0.0,0.609375,0.125,0.265625,md_cpsr_dqn,lambda_1__rho_0p08
300,1300011,link_limited,1.0,418.42916893865174,314.44736683368683,103.98180317784848,0.0,38.0,12.0,0.0,0.625,0.140625,0.234375,md_cpsr_dqn,lambda_1__rho_0p08
300,1300012,link_limited,1.0,399.3485731155872,325.83578687906265,73.51278407585622,0.0,33.0,2.0,1.0,0.6875,0.109375,0.203125,md_cpsr_dqn,lambda_1__rho_0p08
300,1300013,link_limited,1.0,444.88303776266275,321.4408764243126,123.44216169597797,1.0,35.0,25.0,0.0,0.640625,0.125,0.234375,md_cpsr_dqn,lambda_1__rho_0p08
300,1300014,link_limited,1.0,370.17239290475845,294.6155687868595,75.5568237900734,0.0,31.0,0.0,0.0,0.640625,0.15625,0.203125,md_cpsr_dqn,lambda_1__rho_0p08
300,1300015,link_limited,1.0,415.2681067413091,330.55027067661285,84.71783675014973,0.0,32.0,5.0,0.0,0.71875,0.078125,0.203125,md_cpsr_dqn,lambda_1__rho_0p08
300,1300016,link_limited,1.0,569.9047336634692,384.8308394551277,185.07389416363802,0.0,38.0,31.0,1.0,0.609375,0.125,0.265625,md_cpsr_dqn,lambda_1__rho_0p08
300,1300017,link_limited,1.0,488.0383079687269,369.958990752697,118.0793187210471,0.0,38.0,27.0,0.0,0.515625,0.234375,0.25,md_cpsr_dqn,lambda_1__rho_0p08
300,1300018,link_limited,1.0,409.71681608080866,319.96858805418015,89.74822981476784,0.0,37.0,1.0,0.0,0.640625,0.109375,0.25,md_cpsr_dqn,lambda_1__rho_0p08
300,1300019,link_limited,1.0,407.33673899281746,321.29740929603577,86.03933044183971,0.0,35.0,7.0,0.0,0.640625,0.140625,0.21875,md_cpsr_dqn,lambda_1__rho_0p08
300,1300000,energy_limited,1.0,343.142366707325,248.82993805408478,94.31242832541466,0.0,42.0,0.0,0.0,0.515625,0.25,0.234375,md_cpsr_dqn,lambda_1__rho_0p08
300,1300001,energy_limited,1.0,346.95321165025234,232.30079923570156,114.65241131186485,0.0,46.0,0.0,0.0,0.5,0.171875,0.328125,md_cpsr_dqn,lambda_1__rho_0p08
300,1300002,energy_limited,1.0,379.35385459065435,268.25513488054276,111.09872084259987,0.0,45.0,0.0,2.0,0.40625,0.265625,0.328125,md_cpsr_dqn,lambda_1__rho_0p08
300,1300003,energy_limited,1.0,349.12614225459544,234.7188584804535,114.40728368473502,0.0,46.0,10.0,0.0,0.53125,0.234375,0.234375,md_cpsr_dqn,lambda_1__rho_0p08
300,1300004,energy_limited,1.0,319.0054596304893,221.96609848737717,97.0393623650074,0.0,41.0,0.0,1.0,0.546875,0.203125,0.25,md_cpsr_dqn,lambda_1__rho_0p08
300,1300005,energy_limited,1.0,303.4938521623611,205.80014142394066,97.69371173679829,0.0,39.0,0.0,3.0,0.4375,0.1875,0.375,md_cpsr_dqn,lambda_1__rho_0p08
300,1300006,energy_limited,1.0,396.9815951883793,295.85309478640556,101.1285017579794,0.0,42.0,0.0,0.0,0.4375,0.234375,0.328125,md_cpsr_dqn,lambda_1__rho_0p08
300,1300007,energy_limited,1.0,347.18409860134125,244.70919007062912,102.47491024434566,0.0,42.0,0.0,2.0,0.328125,0.3125,0.359375,md_cpsr_dqn,lambda_1__rho_0p08
300,1300008,energy_limited,1.0,333.78633150458336,228.11981311440468,105.66652025282383,0.0,44.0,0.0,0.0,0.46875,0.234375,0.296875,md_cpsr_dqn,lambda_1__rho_0p08
300,1300009,energy_limited,1.0,320.3560818970203,215.55387789011002,104.80220466256142,0.0,42.0,0.0,1.0,0.546875,0.1875,0.265625,md_cpsr_dqn,lambda_1__rho_0p08
300,1300010,energy_limited,1.0,396.54074198007584,282.9945085644722,113.54623501002789,0.0,47.0,0.0,1.0,0.4375,0.15625,0.40625,md_cpsr_dqn,lambda_1__rho_0p08
300,1300011,energy_limited,1.0,348.2055755853653,238.38061320781708,109.82496444880962,0.0,44.0,0.0,1.0,0.4375,0.1875,0.375,md_cpsr_dqn,lambda_1__rho_0p08
300,1300012,energy_limited,1.0,354.4218142867088,249.86458188295364,104.5572324037552,0.0,41.0,0.0,2.0,0.5,0.21875,0.28125,md_cpsr_dqn,lambda_1__rho_0p08
300,1300013,energy_limited,1.0,366.2483660578728,259.09724283218384,107.15112474560738,0.0,43.0,0.0,0.0,0.53125,0.1875,0.28125,md_cpsr_dqn,lambda_1__rho_0p08
300,1300014,energy_limited,1.0,341.2524761557579,238.65073154866695,102.60174524784088,0.0,43.0,0.0,0.0,0.515625,0.203125,0.28125,md_cpsr_dqn,lambda_1__rho_0p08
300,1300015,energy_limited,1.0,361.02448603510857,251.2303682267666,109.79411828517914,0.0,45.0,0.0,0.0,0.484375,0.234375,0.28125,md_cpsr_dqn,lambda_1__rho_0p08
300,1300016,energy_limited,1.0,416.7101010323172,306.5962420105934,110.113859498561,0.0,44.0,7.0,2.0,0.390625,0.234375,0.375,md_cpsr_dqn,lambda_1__rho_0p08
300,1300017,energy_limited,1.0,379.9725901186466,275.7891634404659,104.18342784047127,0.0,43.0,0.0,0.0,0.390625,0.25,0.359375,md_cpsr_dqn,lambda_1__rho_0p08
300,1300018,energy_limited,1.0,342.1304929256439,233.66262498497963,108.46786971390247,0.0,45.0,0.0,1.0,0.515625,0.171875,0.3125,md_cpsr_dqn,lambda_1__rho_0p08
300,1300019,energy_limited,1.0,369.67539525032043,268.55044293403625,101.12495428323746,0.0,41.0,0.0,0.0,0.40625,0.265625,0.328125,md_cpsr_dqn,lambda_1__rho_0p08
300,1300000,thermal_stress,1.0,317.67177587747574,253.84207791090012,63.82969802618027,2.0,27.0,0.0,0.0,0.5,0.25,0.25,md_cpsr_dqn,lambda_1__rho_0p08
300,1300001,thermal_stress,1.0,353.4777892123001,246.19755612313747,107.28023286564516,3.0,38.0,20.0,0.0,0.5,0.1875,0.3125,md_cpsr_dqn,lambda_1__rho_0p08
300,1300002,thermal_stress,1.0,371.11001238403975,274.43703258037567,96.6729801016874,3.0,35.0,12.0,2.0,0.4375,0.296875,0.265625,md_cpsr_dqn,lambda_1__rho_0p08
300,1300003,thermal_stress,1.0,350.77077850180945,254.00582671165466,96.76495228189304,0.0,35.0,13.0,0.0,0.5,0.296875,0.203125,md_cpsr_dqn,lambda_1__rho_0p08
300,1300004,thermal_stress,1.0,307.96658661365507,234.51479125022888,73.4517966747284,1.0,31.0,0.0,1.0,0.53125,0.234375,0.234375,md_cpsr_dqn,lambda_1__rho_0p08
300,1300005,thermal_stress,1.0,298.20811038613317,224.23169875144958,73.97641246914864,5.0,30.0,0.0,3.0,0.421875,0.203125,0.375,md_cpsr_dqn,lambda_1__rho_0p08
300,1300006,thermal_stress,1.0,368.0611492097378,304.0466394126415,64.01450887322426,0.0,27.0,0.0,0.0,0.46875,0.265625,0.265625,md_cpsr_dqn,lambda_1__rho_0p08
300,1300007,thermal_stress,1.0,315.6509838104248,252.68163132667542,62.96935358643532,0.0,27.0,0.0,1.0,0.328125,0.328125,0.34375,md_cpsr_dqn,lambda_1__rho_0p08
300,1300008,thermal_stress,1.0,316.9800301492214,237.4446066915989,79.53542493283749,1.0,33.0,0.0,0.0,0.484375,0.234375,0.28125,md_cpsr_dqn,lambda_1__rho_0p08
300,1300009,thermal_stress,1.0,303.67597126364706,230.6046785712242,73.0712938696146,0.0,31.0,0.0,1.0,0.546875,0.21875,0.234375,md_cpsr_dqn,lambda_1__rho_0p08
300,1300010,thermal_stress,1.0,366.60483169555664,285.57047271728516,81.03435882925987,0.0,34.0,0.0,0.0,0.4375,0.203125,0.359375,md_cpsr_dqn,lambda_1__rho_0p08
300,1300011,thermal_stress,1.0,326.79332226514816,262.800803899765,63.99251767992973,0.0,29.0,0.0,1.0,0.453125,0.21875,0.328125,md_cpsr_dqn,lambda_1__rho_0p08
300,1300012,thermal_stress,1.0,339.6140420079231,276.974020421505,62.64002048373222,3.0,28.0,0.0,2.0,0.484375,0.265625,0.25,md_cpsr_dqn,lambda_1__rho_0p08
300,1300013,thermal_stress,1.0,417.8356309302875,277.5806205868721,140.25501177392687,15.0,35.0,27.0,0.0,0.515625,0.1875,0.296875,md_cpsr_dqn,lambda_1__rho_0p08
300,1300014,thermal_stress,1.0,317.1228989958763,243.2397972792387,73.8831033706665,0.0,31.0,0.0,0.0,0.484375,0.25,0.265625,md_cpsr_dqn,lambda_1__rho_0p08
300,1300015,thermal_stress,1.0,332.71260318160057,255.23285380005836,77.47975018620491,2.0,31.0,0.0,0.0,0.5,0.234375,0.265625,md_cpsr_dqn,lambda_1__rho_0p08
300,1300016,thermal_stress,1.0,434.398939305072,318.9250041246414,115.47393500161664,0.0,35.0,24.0,2.0,0.390625,0.265625,0.34375,md_cpsr_dqn,lambda_1__rho_0p08
300,1300017,thermal_stress,1.0,372.4502536058426,292.6716005206108,79.77865368127823,3.0,31.0,0.0,0.0,0.359375,0.296875,0.34375,md_cpsr_dqn,lambda_1__rho_0p08
300,1300018,thermal_stress,1.0,318.4465100467205,238.92458447813988,79.52192741632462,0.0,33.0,0.0,1.0,0.515625,0.171875,0.3125,md_cpsr_dqn,lambda_1__rho_0p08
300,1300019,thermal_stress,1.0,353.94811791181564,288.7398109436035,65.20830738544464,1.0,29.0,0.0,0.0,0.359375,0.3125,0.328125,md_cpsr_dqn,lambda_1__rho_0p08
300,1300000,nominal,1.0,308.5381052196026,252.4504952132702,56.087609350681305,0.0,25.0,0.0,0.0,0.53125,0.265625,0.203125,md_cpsr_dqn,lambda_3__rho_0p03
300,1300001,nominal,1.0,317.2243106216192,230.95068536698818,86.27362605929375,0.0,37.0,0.0,0.0,0.53125,0.171875,0.296875,md_cpsr_dqn,lambda_3__rho_0p03
300,1300002,nominal,1.0,351.54626857638357,269.3113510608673,82.23491611480713,0.0,35.0,0.0,2.0,0.390625,0.328125,0.28125,md_cpsr_dqn,lambda_3__rho_0p03
300,1300003,nominal,1.0,323.05324595423866,234.34048116207123,88.71276443453951,0.0,33.0,10.0,0.0,0.53125,0.25,0.21875,md_cpsr_dqn,lambda_3__rho_0p03
300,1300004,nominal,1.0,277.25165190696714,216.00243473052979,61.24921662509441,0.0,28.0,0.0,1.0,0.578125,0.21875,0.203125,md_cpsr_dqn,lambda_3__rho_0p03
300,1300005,nominal,1.0,279.721807205677,213.08377704024315,66.63803120851517,0.0,28.0,0.0,3.0,0.46875,0.1875,0.34375,md_cpsr_dqn,lambda_3__rho_0p03
300,1300006,nominal,1.0,347.85195204615593,285.37217703461647,62.479775965213776,0.0,26.0,0.0,0.0,0.5,0.296875,0.203125,md_cpsr_dqn,lambda_3__rho_0p03
300,1300007,nominal,1.0,304.8290946483612,245.01312679052353,59.815968707203865,0.0,27.0,0.0,1.0,0.34375,0.34375,0.3125,md_cpsr_dqn,lambda_3__rho_0p03
300,1300008,nominal,1.0,299.70266327261925,223.9511071741581,75.7515569627285,0.0,31.0,0.0,0.0,0.484375,0.265625,0.25,md_cpsr_dqn,lambda_3__rho_0p03
300,1300009,nominal,1.0,288.62766044735906,218.60144567489624,70.02621457874776,0.0,30.0,0.0,1.0,0.578125,0.21875,0.203125,md_cpsr_dqn,lambda_3__rho_0p03
300,1300010,nominal,1.0,358.2158523797989,282.31939429044724,75.89645764231682,0.0,32.0,0.0,0.0,0.453125,0.203125,0.34375,md_cpsr_dqn,lambda_3__rho_0p03
300,1300011,nominal,1.0,302.55831640958786,240.2834636569023,62.27485293149948,0.0,28.0,0.0,0.0,0.515625,0.203125,0.28125,md_cpsr_dqn,lambda_3__rho_0p03
300,1300012,nominal,1.0,314.8635510444641,258.2100778222084,56.65347462296486,0.0,26.0,0.0,2.0,0.53125,0.25,0.21875,md_cpsr_dqn,lambda_3__rho_0p03
300,1300013,nominal,1.0,342.8569126725197,258.47459107637405,84.38232320547104,0.0,34.0,0.0,0.0,0.53125,0.1875,0.28125,md_cpsr_dqn,lambda_3__rho_0p03
300,1300014,nominal,1.0,302.9638613462448,233.39098988473415,69.57287362217903,0.0,30.0,0.0,0.0,0.515625,0.234375,0.25,md_cpsr_dqn,lambda_3__rho_0p03
300,1300015,nominal,1.0,317.53400644659996,245.10953751206398,72.42447137832642,0.0,29.0,0.0,0.0,0.515625,0.25,0.234375,md_cpsr_dqn,lambda_3__rho_0p03
300,1300016,nominal,1.0,391.7314349774725,305.2567573785782,86.47467721146411,0.0,34.0,7.0,2.0,0.4375,0.25,0.3125,md_cpsr_dqn,lambda_3__rho_0p03
300,1300017,nominal,1.0,331.34163814783096,260.48886716365814,70.85276982188225,0.0,31.0,0.0,0.0,0.421875,0.28125,0.296875,md_cpsr_dqn,lambda_3__rho_0p03
300,1300018,nominal,1.0,300.2609494626522,227.3337959945202,72.92715322971344,0.0,32.0,0.0,1.0,0.53125,0.171875,0.296875,md_cpsr_dqn,lambda_3__rho_0p03
300,1300019,nominal,1.0,324.1365797519684,259.28995674848557,64.84662473201752,0.0,29.0,0.0,0.0,0.4375,0.3125,0.25,md_cpsr_dqn,lambda_3__rho_0p03
300,1300000,burst,1.0,317.27719539403915,256.2175123691559,61.059682071208954,1.0,26.0,0.0,0.0,0.53125,0.265625,0.203125,md_cpsr_dqn,lambda_3__rho_0p03
300,1300001,burst,1.0,346.9765484694216,245.86254630982876,101.11400120591846,3.0,37.0,14.0,0.0,0.515625,0.1875,0.296875,md_cpsr_dqn,lambda_3__rho_0p03
300,1300002,burst,1.0,382.09017898898,283.6170566082001,98.4731221274603,2.0,36.0,13.0,2.0,0.375,0.34375,0.28125,md_cpsr_dqn,lambda_3__rho_0p03
300,1300003,burst,1.0,349.42014305985793,252.40865981578827,97.01148260331973,0.0,35.0,13.0,0.0,0.515625,0.296875,0.1875,md_cpsr_dqn,lambda_3__rho_0p03
300,1300004,burst,1.0,305.3820026755333,231.99231380224228,73.3896903038025,0.0,31.0,0.0,1.0,0.546875,0.25,0.203125,md_cpsr_dqn,lambda_3__rho_0p03
300,1300005,burst,1.0,297.8763994812965,223.97107085585594,73.90532892346383,4.0,30.0,0.0,3.0,0.421875,0.203125,0.375,md_cpsr_dqn,lambda_3__rho_0p03
300,1300006,burst,1.0,357.8939905862808,290.58116206526756,67.3128288190365,0.0,27.0,4.0,0.0,0.46875,0.34375,0.1875,md_cpsr_dqn,lambda_3__rho_0p03
300,1300007,burst,1.0,310.27569967508316,247.3894580602646,62.88624219596386,0.0,28.0,0.0,1.0,0.34375,0.34375,0.3125,md_cpsr_dqn,lambda_3__rho_0p03
300,1300008,burst,1.0,319.95193126797676,243.22094383835793,76.73098863661289,0.0,32.0,0.0,0.0,0.453125,0.296875,0.25,md_cpsr_dqn,lambda_3__rho_0p03
300,1300009,burst,1.0,307.9938250124454,234.9225328564644,73.0712938696146,0.0,31.0,0.0,1.0,0.53125,0.234375,0.234375,md_cpsr_dqn,lambda_3__rho_0p03
300,1300010,burst,1.0,369.5243898630142,288.49003106355667,81.03435882925987,0.0,34.0,0.0,0.0,0.421875,0.21875,0.359375,md_cpsr_dqn,lambda_3__rho_0p03
300,1300011,burst,1.0,322.36300551891327,255.1486041545868,67.21440199017525,0.0,32.0,0.0,0.0,0.5,0.234375,0.265625,md_cpsr_dqn,lambda_3__rho_0p03
300,1300012,burst,1.0,343.29220774173734,286.0801056623459,57.21210295855999,1.0,26.0,0.0,2.0,0.5,0.28125,0.21875,md_cpsr_dqn,lambda_3__rho_0p03
300,1300013,burst,1.0,391.52470728211625,280.3743669986725,111.15033706479306,11.0,35.0,22.0,0.0,0.5,0.21875,0.28125,md_cpsr_dqn,lambda_3__rho_0p03
300,1300014,burst,1.0,313.4263323545456,238.74376724660397,74.68256628513336,0.0,31.0,0.0,0.0,0.5,0.25,0.25,md_cpsr_dqn,lambda_3__rho_0p03
300,1300015,burst,1.0,325.5431396663189,250.55467411875725,74.98846805095673,2.0,30.0,0.0,0.0,0.515625,0.265625,0.21875,md_cpsr_dqn,lambda_3__rho_0p03
300,1300016,burst,1.0,435.55781710398225,318.22927075624466,117.32854712259791,0.0,35.0,24.0,2.0,0.359375,0.3125,0.328125,md_cpsr_dqn,lambda_3__rho_0p03
300,1300017,burst,1.0,352.206523001194,273.2343580722809,78.97216409444809,1.0,32.0,0.0,0.0,0.375,0.3125,0.3125,md_cpsr_dqn,lambda_3__rho_0p03
300,1300018,burst,1.0,318.0630885064602,238.5411618053913,79.52192741632462,0.0,33.0,0.0,1.0,0.515625,0.171875,0.3125,md_cpsr_dqn,lambda_3__rho_0p03
300,1300019,burst,1.0,345.9761342406273,281.28624135255814,64.6898932158947,1.0,29.0,0.0,0.0,0.390625,0.328125,0.28125,md_cpsr_dqn,lambda_3__rho_0p03
300,1300000,link_limited,1.0,359.98457132220267,288.66716131567955,71.31741078138351,0.0,30.0,1.0,0.0,0.6875,0.203125,0.109375,md_cpsr_dqn,lambda_3__rho_0p03
300,1300001,link_limited,1.0,431.0072939947064,273.69720938801765,157.31008418945615,0.0,39.0,26.0,0.0,0.671875,0.125,0.203125,md_cpsr_dqn,lambda_3__rho_0p03
300,1300002,link_limited,1.0,549.74385951823,369.8092831373215,179.93457647031568,0.0,38.0,36.0,1.0,0.53125,0.234375,0.234375,md_cpsr_dqn,lambda_3__rho_0p03
300,1300003,link_limited,1.0,410.3584391782577,305.5015549659729,104.85688361623824,0.0,33.0,16.0,0.0,0.6875,0.15625,0.15625,md_cpsr_dqn,lambda_3__rho_0p03
300,1300004,link_limited,1.0,335.83602418899534,256.3740451335907,79.46198048591614,0.0,34.0,0.0,1.0,0.75,0.078125,0.171875,md_cpsr_dqn,lambda_3__rho_0p03
300,1300005,link_limited,1.0,424.202934397252,289.98153883218765,134.22139470079694,0.0,38.0,27.0,2.0,0.578125,0.15625,0.265625,md_cpsr_dqn,lambda_3__rho_0p03
300,1300006,link_limited,1.0,417.7212870078522,341.3327783048153,76.38851031236236,0.0,31.0,12.0,0.0,0.625,0.171875,0.203125,md_cpsr_dqn,lambda_3__rho_0p03
300,1300007,link_limited,1.0,412.71454077932447,327.1374753713608,85.57706737491696,0.0,37.0,8.0,1.0,0.5625,0.171875,0.265625,md_cpsr_dqn,lambda_3__rho_0p03
300,1300008,link_limited,1.0,391.8303499850172,305.3558778166771,86.47447356904928,0.0,35.0,5.0,0.0,0.640625,0.15625,0.203125,md_cpsr_dqn,lambda_3__rho_0p03
300,1300009,link_limited,1.0,387.94692289240726,295.67040395736694,92.2765203655518,0.0,35.0,17.0,1.0,0.6875,0.15625,0.15625,md_cpsr_dqn,lambda_3__rho_0p03
300,1300010,link_limited,1.0,523.0567135259037,373.7669275403023,149.28978588129317,0.0,42.0,34.0,0.0,0.625,0.15625,0.21875,md_cpsr_dqn,lambda_3__rho_0p03
300,1300011,link_limited,1.0,424.8059463619293,325.12011927366257,99.6858236311972,0.0,38.0,11.0,0.0,0.625,0.15625,0.21875,md_cpsr_dqn,lambda_3__rho_0p03
300,1300012,link_limited,1.0,352.60323634939084,273.0180037021637,79.58523279623873,0.0,33.0,9.0,1.0,0.671875,0.140625,0.1875,md_cpsr_dqn,lambda_3__rho_0p03
300,1300013,link_limited,1.0,500.8380323114379,356.38746005296707,144.45056981468045,0.0,35.0,31.0,0.0,0.625,0.140625,0.234375,md_cpsr_dqn,lambda_3__rho_0p03
300,1300014,link_limited,1.0,370.17239290475845,294.6155687868595,75.5568237900734,0.0,31.0,0.0,0.0,0.640625,0.15625,0.203125,md_cpsr_dqn,lambda_3__rho_0p03
300,1300015,link_limited,1.0,426.65098604261686,311.926628947258,114.72435548603343,0.0,33.0,25.0,0.0,0.6875,0.140625,0.171875,md_cpsr_dqn,lambda_3__rho_0p03
300,1300016,link_limited,1.0,569.9404753086743,381.78006452322006,188.16041074075088,0.0,38.0,31.0,1.0,0.59375,0.140625,0.265625,md_cpsr_dqn,lambda_3__rho_0p03
300,1300017,link_limited,1.0,473.3968795501251,368.3971479535103,104.9997306727429,0.0,36.0,17.0,0.0,0.515625,0.25,0.234375,md_cpsr_dqn,lambda_3__rho_0p03
300,1300018,link_limited,1.0,445.7384841911622,320.02607333660126,125.71241204665384,0.0,38.0,31.0,1.0,0.625,0.15625,0.21875,md_cpsr_dqn,lambda_3__rho_0p03
300,1300019,link_limited,1.0,410.06739199121927,324.74998193979263,85.31741079648474,0.0,35.0,7.0,0.0,0.640625,0.15625,0.203125,md_cpsr_dqn,lambda_3__rho_0p03
300,1300000,energy_limited,1.0,345.7350350022316,253.1783486008644,92.55668643116951,0.0,41.0,0.0,0.0,0.53125,0.265625,0.203125,md_cpsr_dqn,lambda_3__rho_0p03
300,1300001,energy_limited,1.0,346.95321165025234,232.30079923570156,114.65241131186485,0.0,46.0,0.0,0.0,0.5,0.171875,0.328125,md_cpsr_dqn,lambda_3__rho_0p03
300,1300002,energy_limited,1.0,383.47004383206365,272.3445211648941,111.125521504879,0.0,46.0,0.0,2.0,0.375,0.328125,0.296875,md_cpsr_dqn,lambda_3__rho_0p03
300,1300003,energy_limited,1.0,348.1511184059985,233.5132954120636,114.63782332176044,0.0,46.0,10.0,0.0,0.546875,0.234375,0.21875,md_cpsr_dqn,lambda_3__rho_0p03
300,1300004,energy_limited,1.0,314.72978600263593,216.82311660051346,97.90666841864586,0.0,41.0,0.0,1.0,0.578125,0.21875,0.203125,md_cpsr_dqn,lambda_3__rho_0p03
300,1300005,energy_limited,1.0,309.38107159137724,213.61461821198463,95.76645415425301,0.0,38.0,0.0,3.0,0.46875,0.1875,0.34375,md_cpsr_dqn,lambda_3__rho_0p03
300,1300006,energy_limited,1.0,385.77419939637184,285.7501194179058,100.02408015727997,0.0,43.0,0.0,0.0,0.46875,0.28125,0.25,md_cpsr_dqn,lambda_3__rho_0p03
300,1300007,energy_limited,1.0,349.5878041982651,247.03899335861206,102.5488103479147,0.0,42.0,0.0,1.0,0.34375,0.328125,0.328125,md_cpsr_dqn,lambda_3__rho_0p03
300,1300008,energy_limited,1.0,330.98094496130943,225.1265899837017,105.85435785353184,0.0,44.0,0.0,0.0,0.484375,0.25,0.265625,md_cpsr_dqn,lambda_3__rho_0p03
300,1300009,energy_limited,1.0,325.8550687372684,222.39202976226807,103.46304070353509,0.0,42.0,0.0,1.0,0.546875,0.21875,0.234375,md_cpsr_dqn,lambda_3__rho_0p03
300,1300010,energy_limited,1.0,395.87497502565384,282.79040479660034,113.08457253873348,0.0,47.0,0.0,0.0,0.453125,0.203125,0.34375,md_cpsr_dqn,lambda_3__rho_0p03
300,1300011,energy_limited,1.0,347.28552758693695,240.5571854710579,106.72834448516369,0.0,44.0,0.0,0.0,0.484375,0.203125,0.3125,md_cpsr_dqn,lambda_3__rho_0p03
300,1300012,energy_limited,1.0,359.4628216266632,258.4971219301224,100.96569981575013,0.0,40.0,0.0,2.0,0.53125,0.234375,0.234375,md_cpsr_dqn,lambda_3__rho_0p03
300,1300013,energy_limited,1.0,366.2483660578728,259.09724283218384,107.15112474560738,0.0,43.0,0.0,0.0,0.53125,0.1875,0.28125,md_cpsr_dqn,lambda_3__rho_0p03
300,1300014,energy_limited,1.0,341.1962580084801,234.76978985965252,106.42646768689156,0.0,43.0,0.0,0.0,0.515625,0.21875,0.265625,md_cpsr_dqn,lambda_3__rho_0p03
300,1300015,energy_limited,1.0,351.67614409327507,241.88202741742134,109.79411828517914,0.0,45.0,0.0,0.0,0.5,0.25,0.25,md_cpsr_dqn,lambda_3__rho_0p03
300,1300016,energy_limited,1.0,417.1183942918188,305.6407325267792,111.47766164583034,0.0,44.0,7.0,2.0,0.4375,0.25,0.3125,md_cpsr_dqn,lambda_3__rho_0p03
300,1300017,energy_limited,1.0,366.3887821137905,261.0282972753048,105.36048501729965,0.0,44.0,0.0,0.0,0.421875,0.28125,0.296875,md_cpsr_dqn,lambda_3__rho_0p03
300,1300018,energy_limited,1.0,338.26175475120544,229.79388681054115,108.46786971390247,0.0,45.0,0.0,1.0,0.546875,0.171875,0.28125,md_cpsr_dqn,lambda_3__rho_0p03
300,1300019,energy_limited,1.0,360.3479919433594,258.76663023233414,101.58136278390884,0.0,41.0,0.0,0.0,0.453125,0.28125,0.265625,md_cpsr_dqn,lambda_3__rho_0p03
300,1300000,thermal_stress,1.0,317.7297922372818,256.6058129668236,61.12397783994675,1.0,26.0,0.0,0.0,0.53125,0.265625,0.203125,md_cpsr_dqn,lambda_3__rho_0p03
300,1300001,thermal_stress,1.0,347.36230871712894,246.20530025660992,101.15700881814685,3.0,37.0,14.0,0.0,0.515625,0.1875,0.296875,md_cpsr_dqn,lambda_3__rho_0p03
300,1300002,thermal_stress,1.0,382.46015801291344,283.9216213822365,98.53853728632814,2.0,36.0,13.0,2.0,0.375,0.34375,0.28125,md_cpsr_dqn,lambda_3__rho_0p03
300,1300003,thermal_stress,1.0,349.8104835072838,252.79900085926056,97.01148260331973,0.0,35.0,13.0,0.0,0.515625,0.296875,0.1875,md_cpsr_dqn,lambda_3__rho_0p03
300,1300004,thermal_stress,1.0,305.6233008146286,232.2334685921669,73.38983335494996,1.0,31.0,0.0,1.0,0.546875,0.25,0.203125,md_cpsr_dqn,lambda_3__rho_0p03
300,1300005,thermal_stress,1.0,298.20811038613317,224.23169875144958,73.97641246914864,5.0,30.0,0.0,3.0,0.421875,0.203125,0.375,md_cpsr_dqn,lambda_3__rho_0p03
300,1300006,thermal_stress,1.0,365.3924190923235,290.4506716430187,74.94174673404905,0.0,29.0,14.0,0.0,0.453125,0.359375,0.1875,md_cpsr_dqn,lambda_3__rho_0p03
300,1300007,thermal_stress,1.0,310.64337837696075,247.75713551044464,62.88624219596386,0.0,28.0,0.0,1.0,0.34375,0.34375,0.3125,md_cpsr_dqn,lambda_3__rho_0p03
300,1300008,thermal_stress,1.0,320.2735042273998,243.5425160229206,76.73098863661289,0.0,32.0,0.0,0.0,0.453125,0.296875,0.25,md_cpsr_dqn,lambda_3__rho_0p03
300,1300009,thermal_stress,1.0,308.33669781088827,235.2654060125351,73.0712938696146,0.0,31.0,0.0,1.0,0.53125,0.234375,0.234375,md_cpsr_dqn,lambda_3__rho_0p03
300,1300010,thermal_stress,1.0,369.83531069755554,288.80095237493515,81.03435882925987,0.0,34.0,0.0,0.0,0.421875,0.21875,0.359375,md_cpsr_dqn,lambda_3__rho_0p03
300,1300011,thermal_stress,1.0,322.7087472677231,255.4943454861641,67.21440199017525,0.0,32.0,0.0,0.0,0.5,0.234375,0.265625,md_cpsr_dqn,lambda_3__rho_0p03
300,1300012,thermal_stress,1.0,343.6951725721359,286.4607013463974,57.234471866488455,1.0,26.0,0.0,2.0,0.5,0.28125,0.21875,md_cpsr_dqn,lambda_3__rho_0p03
300,1300013,thermal_stress,1.0,392.09374501757844,280.7525547146797,111.3411885147595,11.0,35.0,22.0,0.0,0.5,0.21875,0.28125,md_cpsr_dqn,lambda_3__rho_0p03
300,1300014,thermal_stress,1.0,313.7192823290825,239.03671668469906,74.68256628513336,0.0,31.0,0.0,0.0,0.5,0.25,0.25,md_cpsr_dqn,lambda_3__rho_0p03
300,1300015,thermal_stress,1.0,325.9483071863651,250.93007990717888,75.01822984218597,2.0,30.0,0.0,0.0,0.515625,0.265625,0.21875,md_cpsr_dqn,lambda_3__rho_0p03
300,1300016,thermal_stress,1.0,435.86577242863206,318.53722631931305,117.32854712259791,0.0,35.0,24.0,2.0,0.359375,0.3125,0.328125,md_cpsr_dqn,lambda_3__rho_0p03
300,1300017,thermal_stress,1.0,352.5314425230026,273.5039860010147,79.02745693922043,1.0,32.0,0.0,0.0,0.375,0.3125,0.3125,md_cpsr_dqn,lambda_3__rho_0p03
300,1300018,thermal_stress,1.0,318.4465100467205,238.92458447813988,79.52192741632462,0.0,33.0,0.0,1.0,0.515625,0.171875,0.3125,md_cpsr_dqn,lambda_3__rho_0p03
300,1300019,thermal_stress,1.0,346.27567732334137,281.57526010274887,64.70041677355766,1.0,29.0,0.0,0.0,0.390625,0.328125,0.28125,md_cpsr_dqn,lambda_3__rho_0p03
300,1300000,nominal,1.0,305.45102712512016,249.36341711878777,56.087609350681305,0.0,25.0,0.0,0.0,0.53125,0.25,0.21875,md_cpsr_dqn,lambda_3__rho_0p05
300,1300001,nominal,1.0,317.2243106216192,230.95068536698818,86.27362605929375,0.0,37.0,0.0,0.0,0.53125,0.171875,0.296875,md_cpsr_dqn,lambda_3__rho_0p05
300,1300002,nominal,1.0,344.17200630307195,261.884401679039,82.28760495185853,0.0,35.0,0.0,2.0,0.453125,0.234375,0.3125,md_cpsr_dqn,lambda_3__rho_0p05
300,1300003,nominal,1.0,323.5714807397731,231.83559489250183,91.73588502770737,0.0,34.0,10.0,0.0,0.5625,0.234375,0.203125,md_cpsr_dqn,lambda_3__rho_0p05
300,1300004,nominal,1.0,275.4554311275482,214.20621407032013,61.24921662509441,0.0,28.0,0.0,1.0,0.578125,0.203125,0.21875,md_cpsr_dqn,lambda_3__rho_0p05
300,1300005,nominal,1.0,275.3261216521263,204.20628121495247,71.11984021365643,0.0,30.0,0.0,3.0,0.46875,0.15625,0.375,md_cpsr_dqn,lambda_3__rho_0p05
300,1300006,nominal,1.0,352.9808505475521,286.83020862936974,66.1506415605545,0.0,27.0,0.0,0.0,0.515625,0.203125,0.28125,md_cpsr_dqn,lambda_3__rho_0p05
300,1300007,nominal,1.0,306.85950714349747,241.24402046203613,65.61548659205437,0.0,28.0,0.0,1.0,0.390625,0.25,0.359375,md_cpsr_dqn,lambda_3__rho_0p05
300,1300008,nominal,1.0,298.3960843384266,221.9232928454876,76.47279179096222,0.0,32.0,0.0,0.0,0.5,0.21875,0.28125,md_cpsr_dqn,lambda_3__rho_0p05
300,1300009,nominal,1.0,287.19823532700536,217.07520413398743,70.1230318337679,0.0,30.0,0.0,1.0,0.5625,0.203125,0.234375,md_cpsr_dqn,lambda_3__rho_0p05
300,1300010,nominal,1.0,351.06611120700836,275.169651389122,75.89645764231682,0.0,32.0,0.0,0.0,0.46875,0.171875,0.359375,md_cpsr_dqn,lambda_3__rho_0p05
300,1300011,nominal,1.0,302.0806857943535,235.9790354371071,66.10165138542652,0.0,31.0,0.0,0.0,0.515625,0.1875,0.296875,md_cpsr_dqn,lambda_3__rho_0p05
300,1300012,nominal,1.0,312.5839747428894,249.20514899492264,63.37882667183876,0.0,30.0,0.0,2.0,0.5,0.21875,0.28125,md_cpsr_dqn,lambda_3__rho_0p05
300,1300013,nominal,1.0,342.8569126725197,258.47459107637405,84.38232320547104,0.0,34.0,0.0,0.0,0.53125,0.1875,0.28125,md_cpsr_dqn,lambda_3__rho_0p05
300,1300014,nominal,1.0,301.8378511071205,231.0665551275015,70.77129602432251,0.0,30.0,0.0,0.0,0.546875,0.203125,0.25,md_cpsr_dqn,lambda_3__rho_0p05
300,1300015,nominal,1.0,310.7052927315235,235.89640733599663,74.8088875412941,0.0,30.0,0.0,0.0,0.515625,0.21875,0.265625,md_cpsr_dqn,lambda_3__rho_0p05
300,1300016,nominal,1.0,391.469064045017,300.30246394872665,91.16660096055767,0.0,34.0,15.0,2.0,0.40625,0.21875,0.375,md_cpsr_dqn,lambda_3__rho_0p05
300,1300017,nominal,1.0,334.16646856069565,262.18246507644653,71.9840022623539,0.0,31.0,0.0,0.0,0.40625,0.265625,0.328125,md_cpsr_dqn,lambda_3__rho_0p05
300,1300018,nominal,1.0,306.6506188213825,230.81755962967873,75.83306097984314,0.0,32.0,0.0,1.0,0.53125,0.15625,0.3125,md_cpsr_dqn,lambda_3__rho_0p05
300,1300019,nominal,1.0,327.94345223903656,264.5478578209877,63.395595490932465,0.0,28.0,0.0,0.0,0.46875,0.234375,0.296875,md_cpsr_dqn,lambda_3__rho_0p05
300,1300000,burst,1.0,314.19844764471054,253.1387641429901,61.059682071208954,1.0,26.0,0.0,0.0,0.53125,0.25,0.21875,md_cpsr_dqn,lambda_3__rho_0p05
300,1300001,burst,1.0,346.9765484694216,245.86254630982876,101.11400120591846,3.0,37.0,14.0,0.0,0.515625,0.1875,0.296875,md_cpsr_dqn,lambda_3__rho_0p05
300,1300002,burst,1.0,371.8292637236352,271.3071190714836,100.52214399650065,3.0,36.0,12.0,2.0,0.4375,0.25,0.3125,md_cpsr_dqn,lambda_3__rho_0p05
300,1300003,burst,1.0,352.86912151061097,251.15859496593475,101.710527721868,0.0,36.0,16.0,0.0,0.53125,0.296875,0.171875,md_cpsr_dqn,lambda_3__rho_0p05
300,1300004,burst,1.0,304.45654901266096,229.30065786838531,75.15589162111283,3.0,31.0,0.0,1.0,0.546875,0.21875,0.234375,md_cpsr_dqn,lambda_3__rho_0p05
300,1300005,burst,1.0,302.0557822525501,209.38387298583984,92.67190700173379,11.0,32.0,0.0,3.0,0.46875,0.15625,0.375,md_cpsr_dqn,lambda_3__rho_0p05
300,1300006,burst,1.0,363.2370456159115,297.4570931494236,65.7799522280693,0.0,27.0,0.0,0.0,0.515625,0.234375,0.25,md_cpsr_dqn,lambda_3__rho_0p05
300,1300007,burst,1.0,312.58424216508865,249.26221072673798,63.32203224301338,0.0,27.0,0.0,1.0,0.375,0.28125,0.34375,md_cpsr_dqn,lambda_3__rho_0p05
300,1300008,burst,1.0,317.6559776365757,238.15572401881218,79.50025437772274,1.0,33.0,0.0,0.0,0.484375,0.25,0.265625,md_cpsr_dqn,lambda_3__rho_0p05
300,1300009,burst,1.0,303.3330817759037,230.2617893218994,73.0712938696146,0.0,31.0,0.0,1.0,0.546875,0.21875,0.234375,md_cpsr_dqn,lambda_3__rho_0p05
300,1300010,burst,1.0,365.6742430925369,285.5047564506531,80.16948615014553,0.0,34.0,0.0,0.0,0.453125,0.171875,0.375,md_cpsr_dqn,lambda_3__rho_0p05
300,1300011,burst,1.0,324.2182214856148,260.5821840763092,63.63603809475899,0.0,29.0,0.0,0.0,0.46875,0.21875,0.3125,md_cpsr_dqn,lambda_3__rho_0p05
300,1300012,burst,1.0,342.516464138031,271.5973753333092,70.91909004151822,5.0,31.0,0.0,2.0,0.484375,0.234375,0.28125,md_cpsr_dqn,lambda_3__rho_0p05
300,1300013,burst,1.0,409.3611413653918,277.3401358127594,132.02100304923738,12.0,35.0,27.0,0.0,0.515625,0.203125,0.28125,md_cpsr_dqn,lambda_3__rho_0p05
300,1300014,burst,1.0,313.4263323545456,238.74376724660397,74.68256628513336,0.0,31.0,0.0,0.0,0.5,0.25,0.25,md_cpsr_dqn,lambda_3__rho_0p05
300,1300015,burst,1.0,318.0814725458622,240.6314831674099,77.44999054074287,2.0,31.0,0.0,0.0,0.515625,0.234375,0.25,md_cpsr_dqn,lambda_3__rho_0p05
300,1300016,burst,1.0,434.4299570173523,317.9290739893913,116.50088380282124,0.0,35.0,24.0,2.0,0.375,0.265625,0.359375,md_cpsr_dqn,lambda_3__rho_0p05
300,1300017,burst,1.0,352.42589980363846,271.00295454263687,81.42294430732727,3.0,32.0,0.0,0.0,0.40625,0.28125,0.3125,md_cpsr_dqn,lambda_3__rho_0p05
300,1300018,burst,1.0,318.0205253660679,236.34526494145393,81.67526188492775,0.0,34.0,0.0,1.0,0.53125,0.15625,0.3125,md_cpsr_dqn,lambda_3__rho_0p05
300,1300019,burst,1.0,348.17420411109924,285.13775104284286,63.03645372390747,1.0,28.0,0.0,0.0,0.421875,0.25,0.328125,md_cpsr_dqn,lambda_3__rho_0p05
300,1300000,link_limited,1.0,350.49202134132383,277.777542501688,72.71447889924049,0.0,30.0,1.0,0.0,0.734375,0.15625,0.109375,md_cpsr_dqn,lambda_3__rho_0p05
300,1300001,link_limited,1.0,431.0072939947064,273.69720938801765,157.31008418945615,0.0,39.0,26.0,0.0,0.671875,0.125,0.203125,md_cpsr_dqn,lambda_3__rho_0p05
300,1300002,link_limited,1.0,534.2978031429905,367.129789352417,167.16801387998032,0.0,38.0,36.0,1.0,0.53125,0.1875,0.28125,md_cpsr_dqn,lambda_3__rho_0p05
300,1300003,link_limited,1.0,410.3584391782577,305.5015549659729,104.85688361623824,0.0,33.0,16.0,0.0,0.6875,0.15625,0.15625,md_cpsr_dqn,lambda_3__rho_0p05
300,1300004,link_limited,1.0,335.83602418899534,256.3740451335907,79.46198048591614,0.0,34.0,0.0,1.0,0.75,0.078125,0.171875,md_cpsr_dqn,lambda_3__rho_0p05
300,1300005,link_limited,1.0,424.202934397252,289.98153883218765,134.22139470079694,0.0,38.0,27.0,2.0,0.578125,0.15625,0.265625,md_cpsr_dqn,lambda_3__rho_0p05
300,1300006,link_limited,1.0,417.7212870078522,341.3327783048153,76.38851031236236,0.0,31.0,12.0,0.0,0.625,0.171875,0.203125,md_cpsr_dqn,lambda_3__rho_0p05
300,1300007,link_limited,1.0,409.21699981627074,322.7722621560097,86.44473998484223,0.0,37.0,8.0,1.0,0.5625,0.140625,0.296875,md_cpsr_dqn,lambda_3__rho_0p05
300,1300008,link_limited,1.0,389.57130007530634,303.30815571546555,86.26314576054995,0.0,35.0,5.0,0.0,0.640625,0.140625,0.21875,md_cpsr_dqn,lambda_3__rho_0p05
300,1300009,link_limited,1.0,388.41954560910233,290.51852709054947,97.90101917420397,0.0,35.0,19.0,1.0,0.6875,0.140625,0.171875,md_cpsr_dqn,lambda_3__rho_0p05
300,1300010,link_limited,1.0,495.4897936299302,363.98288375139236,131.5069101169564,0.0,39.0,28.0,0.0,0.65625,0.09375,0.25,md_cpsr_dqn,lambda_3__rho_0p05
300,1300011,link_limited,1.0,418.42916893865174,314.44736683368683,103.98180317784848,0.0,38.0,12.0,0.0,0.625,0.140625,0.234375,md_cpsr_dqn,lambda_3__rho_0p05
300,1300012,link_limited,1.0,343.00966419053077,269.6217240691185,73.38793861639499,0.0,32.0,3.0,0.0,0.71875,0.109375,0.171875,md_cpsr_dqn,lambda_3__rho_0p05
300,1300013,link_limited,1.0,434.95742308678194,321.9467425942421,113.0106795984702,3.0,35.0,23.0,0.0,0.6875,0.078125,0.234375,md_cpsr_dqn,lambda_3__rho_0p05
300,1300014,link_limited,1.0,370.18057948350906,294.62375551462173,75.5568237900734,0.0,31.0,0.0,0.0,0.65625,0.140625,0.203125,md_cpsr_dqn,lambda_3__rho_0p05
300,1300015,link_limited,1.0,413.9453337389471,319.7263876795769,94.218946685219,0.0,32.0,15.0,0.0,0.71875,0.09375,0.1875,md_cpsr_dqn,lambda_3__rho_0p05
300,1300016,link_limited,1.0,581.7026867910529,379.7080937027931,201.9945919259694,0.0,39.0,32.0,1.0,0.640625,0.109375,0.25,md_cpsr_dqn,lambda_3__rho_0p05
300,1300017,link_limited,1.0,488.2432541939194,360.4009236693382,127.84233202959845,0.0,38.0,28.0,0.0,0.546875,0.203125,0.25,md_cpsr_dqn,lambda_3__rho_0p05
300,1300018,link_limited,1.0,404.17501182770724,313.3820515871048,90.79296202874184,0.0,37.0,5.0,0.0,0.671875,0.09375,0.234375,md_cpsr_dqn,lambda_3__rho_0p05
300,1300019,link_limited,1.0,394.8580159829927,303.813478410244,91.04453807938816,0.0,36.0,8.0,0.0,0.65625,0.125,0.21875,md_cpsr_dqn,lambda_3__rho_0p05
300,1300000,energy_limited,1.0,340.5214940905571,246.74457848072052,93.77691647410393,0.0,41.0,0.0,0.0,0.546875,0.234375,0.21875,md_cpsr_dqn,lambda_3__rho_0p05
300,1300001,energy_limited,1.0,346.95321165025234,232.30079923570156,114.65241131186485,0.0,46.0,0.0,0.0,0.5,0.171875,0.328125,md_cpsr_dqn,lambda_3__rho_0p05
300,1300002,energy_limited,1.0,376.1046010792255,265.00588154792786,111.09872084259987,0.0,45.0,0.0,2.0,0.4375,0.234375,0.328125,md_cpsr_dqn,lambda_3__rho_0p05
300,1300003,energy_limited,1.0,347.2958690544859,235.67096483707428,111.62490269749313,0.0,46.0,7.0,0.0,0.5625,0.21875,0.21875,md_cpsr_dqn,lambda_3__rho_0p05
300,1300004,energy_limited,1.0,312.933565223217,215.0268959403038,97.90666841864586,0.0,41.0,0.0,1.0,0.578125,0.203125,0.21875,md_cpsr_dqn,lambda_3__rho_0p05
300,1300005,energy_limited,1.0,304.030514472723,204.75340694189072,99.27710766494275,0.0,40.0,0.0,3.0,0.46875,0.15625,0.375,md_cpsr_dqn,lambda_3__rho_0p05
300,1300006,energy_limited,1.0,393.54907765984535,293.04028221964836,100.50879518687725,0.0,42.0,0.0,0.0,0.484375,0.1875,0.328125,md_cpsr_dqn,lambda_3__rho_0p05
300,1300007,energy_limited,1.0,342.4077647924423,236.4628558754921,105.94490933418274,0.0,44.0,0.0,2.0,0.390625,0.21875,0.390625,md_cpsr_dqn,lambda_3__rho_0p05
300,1300008,energy_limited,1.0,333.68537709116936,226.53166446089745,107.15371419489384,0.0,44.0,0.0,0.0,0.484375,0.21875,0.296875,md_cpsr_dqn,lambda_3__rho_0p05
300,1300009,energy_limited,1.0,322.4841280519962,219.7418457865715,102.7422850072384,0.0,42.0,0.0,1.0,0.59375,0.15625,0.25,md_cpsr_dqn,lambda_3__rho_0p05
300,1300010,energy_limited,1.0,390.49158650636673,278.89983105659485,111.59175808727741,0.0,47.0,0.0,0.0,0.46875,0.15625,0.375,md_cpsr_dqn,lambda_3__rho_0p05
300,1300011,energy_limited,1.0,344.8027571439743,237.4564493894577,107.34630946815014,0.0,44.0,0.0,0.0,0.484375,0.1875,0.328125,md_cpsr_dqn,lambda_3__rho_0p05
300,1300012,energy_limited,1.0,354.4218142867088,249.86458188295364,104.5572324037552,0.0,41.0,0.0,2.0,0.5,0.21875,0.28125,md_cpsr_dqn,lambda_3__rho_0p05
300,1300013,energy_limited,1.0,366.2483660578728,259.09724283218384,107.15112474560738,0.0,43.0,0.0,0.0,0.53125,0.1875,0.28125,md_cpsr_dqn,lambda_3__rho_0p05
300,1300014,energy_limited,1.0,344.4513971209526,241.8486489802599,102.60275113582611,0.0,43.0,0.0,0.0,0.546875,0.171875,0.28125,md_cpsr_dqn,lambda_3__rho_0p05
300,1300015,energy_limited,1.0,347.8355718553066,237.0149744451046,110.8206000328064,0.0,45.0,0.0,0.0,0.515625,0.203125,0.28125,md_cpsr_dqn,lambda_3__rho_0p05
300,1300016,energy_limited,1.0,414.713902521198,300.69224804639816,114.02165560728808,0.0,44.0,15.0,2.0,0.40625,0.21875,0.375,md_cpsr_dqn,lambda_3__rho_0p05
300,1300017,energy_limited,1.0,371.8336915075779,267.6502639949322,104.18342784047127,0.0,43.0,0.0,0.0,0.40625,0.25,0.34375,md_cpsr_dqn,lambda_3__rho_0p05
300,1300018,energy_limited,1.0,344.1312665939331,233.3546620309353,110.77660565078259,0.0,47.0,0.0,1.0,0.53125,0.125,0.34375,md_cpsr_dqn,lambda_3__rho_0p05
300,1300019,energy_limited,1.0,367.29940021038055,268.4734705686569,98.8259311914444,0.0,41.0,0.0,0.0,0.46875,0.21875,0.3125,md_cpsr_dqn,lambda_3__rho_0p05
300,1300000,thermal_stress,1.0,314.65104734897614,253.52706760168076,61.12397783994675,1.0,26.0,0.0,0.0,0.53125,0.25,0.21875,md_cpsr_dqn,lambda_3__rho_0p05
300,1300001,thermal_stress,1.0,347.36230871712894,246.20530025660992,101.15700881814685,3.0,37.0,14.0,0.0,0.515625,0.1875,0.296875,md_cpsr_dqn,lambda_3__rho_0p05
300,1300002,thermal_stress,1.0,372.2485664255853,271.62011206150055,100.62845317199198,3.0,36.0,12.0,2.0,0.4375,0.25,0.3125,md_cpsr_dqn,lambda_3__rho_0p05
300,1300003,thermal_stress,1.0,353.2620801516632,251.5515537261963,101.710527721868,0.0,36.0,16.0,0.0,0.53125,0.296875,0.171875,md_cpsr_dqn,lambda_3__rho_0p05
300,1300004,thermal_stress,1.0,304.72449519634245,229.54204446077347,75.18245335817338,4.0,31.0,0.0,1.0,0.546875,0.21875,0.234375,md_cpsr_dqn,lambda_3__rho_0p05
300,1300005,thermal_stress,1.0,301.5239213645458,210.07236564159393,91.4515533387661,11.0,31.0,0.0,3.0,0.453125,0.171875,0.375,md_cpsr_dqn,lambda_3__rho_0p05
300,1300006,thermal_stress,1.0,363.6024498641491,297.8224968612194,65.7799522280693,0.0,27.0,0.0,0.0,0.515625,0.234375,0.25,md_cpsr_dqn,lambda_3__rho_0p05
300,1300007,thermal_stress,1.0,312.95693492889404,249.6349030137062,63.32203224301338,0.0,27.0,0.0,1.0,0.375,0.28125,0.34375,md_cpsr_dqn,lambda_3__rho_0p05
300,1300008,thermal_stress,1.0,318.0295749604702,238.49415150284767,79.53542493283749,1.0,33.0,0.0,0.0,0.484375,0.25,0.265625,md_cpsr_dqn,lambda_3__rho_0p05
300,1300009,thermal_stress,1.0,303.67597126364706,230.6046785712242,73.0712938696146,0.0,31.0,0.0,1.0,0.546875,0.21875,0.234375,md_cpsr_dqn,lambda_3__rho_0p05
300,1300010,thermal_stress,1.0,365.98597955703735,285.81649547815323,80.16948615014553,0.0,34.0,0.0,0.0,0.453125,0.171875,0.375,md_cpsr_dqn,lambda_3__rho_0p05
300,1300011,thermal_stress,1.0,323.95805168151855,253.761964738369,70.19608901441097,0.0,32.0,0.0,0.0,0.5,0.203125,0.296875,md_cpsr_dqn,lambda_3__rho_0p05
300,1300012,thermal_stress,1.0,343.06320168972013,271.98954087495804,71.07366252839566,5.0,31.0,0.0,2.0,0.484375,0.234375,0.28125,md_cpsr_dqn,lambda_3__rho_0p05
300,1300013,thermal_stress,1.0,409.93628750405986,277.7186788916588,132.21760849319185,12.0,35.0,27.0,0.0,0.515625,0.203125,0.28125,md_cpsr_dqn,lambda_3__rho_0p05
300,1300014,thermal_stress,1.0,313.55467319488525,240.83670829236507,72.71796606481075,0.0,31.0,0.0,0.0,0.484375,0.25,0.265625,md_cpsr_dqn,lambda_3__rho_0p05
300,1300015,thermal_stress,1.0,318.4886856973171,241.00893726944923,77.47975018620491,2.0,31.0,0.0,0.0,0.515625,0.234375,0.25,md_cpsr_dqn,lambda_3__rho_0p05
300,1300016,thermal_stress,1.0,434.7380702943108,318.2371875047684,116.50088380282124,0.0,35.0,24.0,2.0,0.375,0.265625,0.359375,md_cpsr_dqn,lambda_3__rho_0p05
300,1300017,thermal_stress,1.0,352.8414397239685,271.27475595474243,81.5666835308075,3.0,32.0,0.0,0.0,0.40625,0.28125,0.3125,md_cpsr_dqn,lambda_3__rho_0p05
300,1300018,thermal_stress,1.0,318.4368788301945,236.76161769032478,81.67526188492775,0.0,34.0,0.0,1.0,0.53125,0.15625,0.3125,md_cpsr_dqn,lambda_3__rho_0p05
300,1300019,thermal_stress,1.0,348.52676153182983,285.47978615760803,63.0469765663147,1.0,28.0,0.0,0.0,0.421875,0.25,0.328125,md_cpsr_dqn,lambda_3__rho_0p05
300,1300000,nominal,1.0,305.45102712512016,249.36341711878777,56.087609350681305,0.0,25.0,0.0,0.0,0.53125,0.25,0.21875,md_cpsr_dqn,lambda_3__rho_0p08
300,1300001,nominal,1.0,320.05503629148006,231.88756673038006,88.16746923327446,0.0,37.0,0.0,0.0,0.5,0.171875,0.328125,md_cpsr_dqn,lambda_3__rho_0p08
300,1300002,nominal,1.0,353.5597437560558,271.4995845556259,82.06015934944153,0.0,35.0,0.0,2.0,0.375,0.296875,0.328125,md_cpsr_dqn,lambda_3__rho_0p08
300,1300003,nominal,1.0,327.62122836562327,232.63731598854065,94.98391279431506,0.0,35.0,12.0,0.0,0.53125,0.265625,0.203125,md_cpsr_dqn,lambda_3__rho_0p08
300,1300004,nominal,1.0,275.5807479262352,215.48793387413025,60.09281373918056,0.0,28.0,0.0,1.0,0.5625,0.203125,0.234375,md_cpsr_dqn,lambda_3__rho_0p08
300,1300005,nominal,1.0,274.6517757415771,204.68791308999062,69.96386156380177,0.0,30.0,0.0,3.0,0.453125,0.171875,0.375,md_cpsr_dqn,lambda_3__rho_0p08
300,1300006,nominal,1.0,356.18836465477943,290.216918438673,65.97144459187984,0.0,28.0,0.0,0.0,0.4375,0.28125,0.28125,md_cpsr_dqn,lambda_3__rho_0p08
300,1300007,nominal,1.0,303.45599710941315,239.73334509134293,63.722652435302734,0.0,27.0,0.0,1.0,0.359375,0.296875,0.34375,md_cpsr_dqn,lambda_3__rho_0p08
300,1300008,nominal,1.0,299.00082153081894,225.91463434696198,73.08618760108948,0.0,31.0,0.0,0.0,0.484375,0.234375,0.28125,md_cpsr_dqn,lambda_3__rho_0p08
300,1300009,nominal,1.0,291.5454018652439,218.64590591192245,72.89949643015862,0.0,32.0,0.0,1.0,0.546875,0.203125,0.25,md_cpsr_dqn,lambda_3__rho_0p08
300,1300010,nominal,1.0,354.8618701696396,279.0541396141052,75.80773088335991,0.0,32.0,0.0,0.0,0.453125,0.171875,0.375,md_cpsr_dqn,lambda_3__rho_0p08
300,1300011,nominal,1.0,307.7500982284546,236.51358366012573,71.23651537299156,0.0,32.0,0.0,1.0,0.484375,0.1875,0.328125,md_cpsr_dqn,lambda_3__rho_0p08
300,1300012,nominal,1.0,312.5839747428894,249.20514899492264,63.37882667183876,0.0,30.0,0.0,2.0,0.5,0.21875,0.28125,md_cpsr_dqn,lambda_3__rho_0p08
300,1300013,nominal,1.0,345.3577195936178,257.6503059267998,87.70741390523666,0.0,35.0,8.0,0.0,0.515625,0.203125,0.28125,md_cpsr_dqn,lambda_3__rho_0p08
300,1300014,nominal,1.0,305.5700024366379,239.32490794360638,66.24509516358376,0.0,30.0,0.0,0.0,0.484375,0.234375,0.28125,md_cpsr_dqn,lambda_3__rho_0p08
300,1300015,nominal,1.0,311.9248359501362,237.11594954133034,74.8088875412941,0.0,30.0,0.0,0.0,0.5,0.234375,0.265625,md_cpsr_dqn,lambda_3__rho_0p08
300,1300016,nominal,1.0,391.469064045017,300.30246394872665,91.16660096055767,0.0,34.0,15.0,2.0,0.40625,0.21875,0.375,md_cpsr_dqn,lambda_3__rho_0p08
300,1300017,nominal,1.0,337.50844246149063,267.26387798786163,70.24456200003624,0.0,31.0,0.0,0.0,0.390625,0.296875,0.3125,md_cpsr_dqn,lambda_3__rho_0p08
300,1300018,nominal,1.0,306.895574003458,228.71996960043907,78.17560522258282,0.0,33.0,0.0,1.0,0.515625,0.171875,0.3125,md_cpsr_dqn,lambda_3__rho_0p08
300,1300019,nominal,1.0,322.86904060840607,255.0228726863861,67.84616912901402,0.0,30.0,0.0,0.0,0.4375,0.28125,0.28125,md_cpsr_dqn,lambda_3__rho_0p08
300,1300000,burst,1.0,317.91494131088257,253.62838739156723,64.2865542769432,1.0,27.0,0.0,0.0,0.5,0.265625,0.234375,md_cpsr_dqn,lambda_3__rho_0p08
300,1300001,burst,1.0,351.16651211408254,246.7619295567274,104.40458231893655,3.0,37.0,16.0,0.0,0.484375,0.1875,0.328125,md_cpsr_dqn,lambda_3__rho_0p08
300,1300002,burst,1.0,380.35618124812936,281.6836389899254,98.67254263073302,2.0,36.0,14.0,2.0,0.375,0.3125,0.3125,md_cpsr_dqn,lambda_3__rho_0p08
300,1300003,burst,1.0,349.42014305985793,252.40865981578827,97.01148260331973,0.0,35.0,13.0,0.0,0.515625,0.296875,0.1875,md_cpsr_dqn,lambda_3__rho_0p08
300,1300004,burst,1.0,309.0483343839645,234.57785683870316,74.4704779624939,3.0,31.0,0.0,1.0,0.515625,0.21875,0.265625,md_cpsr_dqn,lambda_3__rho_0p08
300,1300005,burst,1.0,298.2872067630291,223.34818136692047,74.9390252172947,5.0,30.0,0.0,3.0,0.4375,0.1875,0.375,md_cpsr_dqn,lambda_3__rho_0p08
300,1300006,burst,1.0,364.7600706464052,297.8641974031925,66.89587537407876,0.0,29.0,1.0,0.0,0.40625,0.359375,0.234375,md_cpsr_dqn,lambda_3__rho_0p08
300,1300007,burst,1.0,316.55495339632034,252.6028100848198,63.95214359462261,0.0,28.0,0.0,2.0,0.328125,0.34375,0.328125,md_cpsr_dqn,lambda_3__rho_0p08
300,1300008,burst,1.0,317.5185444355011,241.15690606832504,76.36164017021656,0.0,32.0,0.0,0.0,0.46875,0.265625,0.265625,md_cpsr_dqn,lambda_3__rho_0p08
300,1300009,burst,1.0,307.9938250124454,234.9225328564644,73.0712938696146,0.0,31.0,0.0,1.0,0.53125,0.234375,0.234375,md_cpsr_dqn,lambda_3__rho_0p08
300,1300010,burst,1.0,369.5243898630142,288.49003106355667,81.03435882925987,0.0,34.0,0.0,0.0,0.421875,0.21875,0.359375,md_cpsr_dqn,lambda_3__rho_0p08
300,1300011,burst,1.0,328.7374344468117,264.41709011793137,64.3203447163105,0.0,29.0,0.0,1.0,0.4375,0.234375,0.328125,md_cpsr_dqn,lambda_3__rho_0p08
300,1300012,burst,1.0,340.8838225841522,277.0082333087921,63.87559083998203,1.0,29.0,0.0,2.0,0.46875,0.25,0.28125,md_cpsr_dqn,lambda_3__rho_0p08
300,1300013,burst,1.0,422.3323493748733,275.95451921224594,146.3778309970924,12.0,35.0,29.0,0.0,0.5,0.21875,0.28125,md_cpsr_dqn,lambda_3__rho_0p08
300,1300014,burst,1.0,316.7331472635269,244.90572468936443,71.82742357254028,0.0,31.0,0.0,0.0,0.46875,0.25,0.28125,md_cpsr_dqn,lambda_3__rho_0p08
300,1300015,burst,1.0,319.26492281854155,241.80727341771126,77.45765133798122,2.0,31.0,1.0,0.0,0.5,0.25,0.25,md_cpsr_dqn,lambda_3__rho_0p08
300,1300016,burst,1.0,434.4299570173523,317.9290739893913,116.50088380282124,0.0,35.0,24.0,2.0,0.375,0.265625,0.359375,md_cpsr_dqn,lambda_3__rho_0p08
300,1300017,burst,1.0,358.63705641031265,278.4959421157837,80.1411138176918,3.0,32.0,0.0,0.0,0.375,0.3125,0.3125,md_cpsr_dqn,lambda_3__rho_0p08
300,1300018,burst,1.0,317.8615203201771,234.25016716122627,83.61135411262512,0.0,35.0,0.0,1.0,0.515625,0.171875,0.3125,md_cpsr_dqn,lambda_3__rho_0p08
300,1300019,burst,1.0,342.7546112537384,275.8875960111618,66.86701399087906,2.0,29.0,0.0,0.0,0.40625,0.28125,0.3125,md_cpsr_dqn,lambda_3__rho_0p08
300,1300000,link_limited,1.0,353.25962151634803,280.0652487576008,73.1943735932123,0.0,30.0,4.0,0.0,0.6875,0.203125,0.109375,md_cpsr_dqn,lambda_3__rho_0p08
300,1300001,link_limited,1.0,433.086917768949,281.63414230942726,151.45277599596335,0.0,39.0,25.0,0.0,0.640625,0.125,0.234375,md_cpsr_dqn,lambda_3__rho_0p08
300,1300002,link_limited,1.0,550.8169126404342,372.71673250198364,178.10018022785766,0.0,38.0,36.0,1.0,0.53125,0.21875,0.25,md_cpsr_dqn,lambda_3__rho_0p08
300,1300003,link_limited,1.0,410.3584391782577,305.5015549659729,104.85688361623824,0.0,33.0,16.0,0.0,0.6875,0.15625,0.15625,md_cpsr_dqn,lambda_3__rho_0p08
300,1300004,link_limited,1.0,332.6769339084625,253.21495473384857,79.46198048591614,0.0,34.0,0.0,1.0,0.734375,0.078125,0.1875,md_cpsr_dqn,lambda_3__rho_0p08
300,1300005,link_limited,1.0,424.0891746970804,291.65731221437454,132.43186412183348,0.0,38.0,27.0,2.0,0.5625,0.15625,0.28125,md_cpsr_dqn,lambda_3__rho_0p08
300,1300006,link_limited,1.0,417.3191112305957,344.01834854483604,73.30076328180616,0.0,31.0,7.0,0.0,0.609375,0.171875,0.21875,md_cpsr_dqn,lambda_3__rho_0p08
300,1300007,link_limited,1.0,409.21699981627074,322.7722621560097,86.44473998484223,0.0,37.0,8.0,1.0,0.5625,0.140625,0.296875,md_cpsr_dqn,lambda_3__rho_0p08
300,1300008,link_limited,1.0,386.2984727779426,302.0393517613411,84.2591228941478,0.0,35.0,4.0,0.0,0.625,0.15625,0.21875,md_cpsr_dqn,lambda_3__rho_0p08
300,1300009,link_limited,1.0,387.6818956797317,289.9766569137573,97.70523960043931,0.0,35.0,19.0,1.0,0.671875,0.140625,0.1875,md_cpsr_dqn,lambda_3__rho_0p08
300,1300010,link_limited,1.0,494.9467209549257,372.53731429576874,122.4094069422789,0.0,41.0,27.0,0.0,0.59375,0.125,0.28125,md_cpsr_dqn,lambda_3__rho_0p08
300,1300011,link_limited,1.0,418.42916893865174,314.44736683368683,103.98180317784848,0.0,38.0,12.0,0.0,0.625,0.140625,0.234375,md_cpsr_dqn,lambda_3__rho_0p08
300,1300012,link_limited,1.0,348.7811699374188,269.0061247944832,79.77504202859288,0.0,34.0,8.0,1.0,0.6875,0.125,0.1875,md_cpsr_dqn,lambda_3__rho_0p08
300,1300013,link_limited,1.0,444.88303776266275,321.4408764243126,123.44216169597797,1.0,35.0,25.0,0.0,0.640625,0.125,0.234375,md_cpsr_dqn,lambda_3__rho_0p08
300,1300014,link_limited,1.0,370.17239290475845,294.6155687868595,75.5568237900734,0.0,31.0,0.0,0.0,0.640625,0.15625,0.203125,md_cpsr_dqn,lambda_3__rho_0p08
300,1300015,link_limited,1.0,432.2315058014374,317.50888884067535,114.72261535143662,0.0,33.0,25.0,0.0,0.671875,0.140625,0.1875,md_cpsr_dqn,lambda_3__rho_0p08
300,1300016,link_limited,1.0,564.166691570456,375.4603891968727,188.70630209046138,0.0,38.0,31.0,1.0,0.609375,0.125,0.265625,md_cpsr_dqn,lambda_3__rho_0p08
300,1300017,link_limited,1.0,489.4884019104898,364.39254426956177,125.0958591459454,0.0,38.0,28.0,0.0,0.53125,0.234375,0.234375,md_cpsr_dqn,lambda_3__rho_0p08
300,1300018,link_limited,1.0,439.7814998783095,322.1488447189331,117.63265563621347,0.0,38.0,27.0,1.0,0.609375,0.140625,0.25,md_cpsr_dqn,lambda_3__rho_0p08
300,1300019,link_limited,1.0,407.33673899281746,321.29740929603577,86.03933044183971,0.0,35.0,7.0,0.0,0.640625,0.140625,0.21875,md_cpsr_dqn,lambda_3__rho_0p08
300,1300000,energy_limited,1.0,343.142366707325,248.82993805408478,94.31242832541466,0.0,42.0,0.0,0.0,0.515625,0.25,0.234375,md_cpsr_dqn,lambda_3__rho_0p08
300,1300001,energy_limited,1.0,346.95321165025234,232.30079923570156,114.65241131186485,0.0,46.0,0.0,0.0,0.5,0.171875,0.328125,md_cpsr_dqn,lambda_3__rho_0p08
300,1300002,energy_limited,1.0,383.05050986409185,271.92498940229416,111.125521504879,0.0,46.0,0.0,2.0,0.375,0.296875,0.328125,md_cpsr_dqn,lambda_3__rho_0p08
300,1300003,energy_limited,1.0,348.1511184059985,233.5132954120636,114.63782332176044,0.0,46.0,10.0,0.0,0.546875,0.234375,0.21875,md_cpsr_dqn,lambda_3__rho_0p08
300,1300004,energy_limited,1.0,315.1208938002586,218.08153182268143,97.0393623650074,0.0,41.0,0.0,1.0,0.546875,0.203125,0.25,md_cpsr_dqn,lambda_3__rho_0p08
300,1300005,energy_limited,1.0,303.4938521623611,205.80014142394066,97.69371173679829,0.0,39.0,0.0,3.0,0.4375,0.1875,0.375,md_cpsr_dqn,lambda_3__rho_0p08
300,1300006,energy_limited,1.0,390.2623445093632,289.1338438093662,101.1285017579794,0.0,42.0,0.0,0.0,0.4375,0.25,0.3125,md_cpsr_dqn,lambda_3__rho_0p08
300,1300007,energy_limited,1.0,345.0395497083664,242.3456910252571,102.69385920464993,0.0,42.0,0.0,2.0,0.34375,0.28125,0.375,md_cpsr_dqn,lambda_3__rho_0p08
300,1300008,energy_limited,1.0,333.78633150458336,228.11981311440468,105.66652025282383,0.0,44.0,0.0,0.0,0.46875,0.234375,0.296875,md_cpsr_dqn,lambda_3__rho_0p08
300,1300009,energy_limited,1.0,325.02086847424505,220.21866464614868,104.80220466256142,0.0,42.0,0.0,1.0,0.53125,0.203125,0.265625,md_cpsr_dqn,lambda_3__rho_0p08
300,1300010,energy_limited,1.0,396.54074198007584,282.9945085644722,113.54623501002789,0.0,47.0,0.0,1.0,0.4375,0.15625,0.40625,md_cpsr_dqn,lambda_3__rho_0p08
300,1300011,energy_limited,1.0,344.2048796415329,234.37991774082184,109.82496444880962,0.0,44.0,0.0,1.0,0.453125,0.1875,0.359375,md_cpsr_dqn,lambda_3__rho_0p08
300,1300012,energy_limited,1.0,354.4218142867088,249.86458188295364,104.5572324037552,0.0,41.0,0.0,2.0,0.5,0.21875,0.28125,md_cpsr_dqn,lambda_3__rho_0p08
300,1300013,energy_limited,1.0,368.69684868392693,258.2262029647827,110.47064691123718,0.0,43.0,8.0,0.0,0.515625,0.203125,0.28125,md_cpsr_dqn,lambda_3__rho_0p08
300,1300014,energy_limited,1.0,342.72813844680786,238.64700292050838,104.08113554120064,0.0,43.0,0.0,0.0,0.5,0.203125,0.296875,md_cpsr_dqn,lambda_3__rho_0p08
300,1300015,energy_limited,1.0,347.9410364329815,238.14691957831383,109.79411828517914,0.0,45.0,0.0,0.0,0.484375,0.25,0.265625,md_cpsr_dqn,lambda_3__rho_0p08
300,1300016,energy_limited,1.0,414.713902521198,300.69224804639816,114.02165560728808,0.0,44.0,15.0,2.0,0.40625,0.21875,0.375,md_cpsr_dqn,lambda_3__rho_0p08
300,1300017,energy_limited,1.0,369.1176742911339,264.7238880395889,104.39378933608532,0.0,44.0,0.0,0.0,0.390625,0.28125,0.328125,md_cpsr_dqn,lambda_3__rho_0p08
300,1300018,energy_limited,1.0,345.42212134599686,232.31927952170372,113.10284486413002,0.0,47.0,0.0,1.0,0.515625,0.140625,0.34375,md_cpsr_dqn,lambda_3__rho_0p08
300,1300019,energy_limited,1.0,358.03981494903564,255.43256777524948,102.60724711418152,0.0,41.0,0.0,0.0,0.4375,0.265625,0.296875,md_cpsr_dqn,lambda_3__rho_0p08
300,1300000,thermal_stress,1.0,318.3656258583069,254.01477593183517,64.35084861516953,1.0,27.0,0.0,0.0,0.5,0.265625,0.234375,md_cpsr_dqn,lambda_3__rho_0p08
300,1300001,thermal_stress,1.0,351.53798858550664,247.09039394557476,104.44759398428079,3.0,37.0,16.0,0.0,0.484375,0.1875,0.328125,md_cpsr_dqn,lambda_3__rho_0p08
300,1300002,thermal_stress,1.0,380.7238528570542,281.98589622974396,98.73795775979853,2.0,36.0,14.0,2.0,0.375,0.3125,0.3125,md_cpsr_dqn,lambda_3__rho_0p08
300,1300003,thermal_stress,1.0,349.8104835072838,252.79900085926056,97.01148260331973,0.0,35.0,13.0,0.0,0.515625,0.296875,0.1875,md_cpsr_dqn,lambda_3__rho_0p08
300,1300004,thermal_stress,1.0,308.67272355556486,233.52493864297867,75.14778634309769,4.0,31.0,0.0,1.0,0.53125,0.21875,0.25,md_cpsr_dqn,lambda_3__rho_0p08
300,1300005,thermal_stress,1.0,298.69141440987585,223.63713043928146,75.05428438782693,6.0,30.0,0.0,3.0,0.4375,0.1875,0.375,md_cpsr_dqn,lambda_3__rho_0p08
300,1300006,thermal_stress,1.0,365.01894351303577,298.1230675280094,66.89587537407876,0.0,29.0,1.0,0.0,0.40625,0.359375,0.234375,md_cpsr_dqn,lambda_3__rho_0p08
300,1300007,thermal_stress,1.0,316.922704577446,252.97056233882904,63.95214359462261,0.0,28.0,0.0,2.0,0.328125,0.34375,0.328125,md_cpsr_dqn,lambda_3__rho_0p08
300,1300008,thermal_stress,1.0,317.8534483909607,241.49180936813354,76.36164017021656,0.0,32.0,0.0,0.0,0.46875,0.265625,0.265625,md_cpsr_dqn,lambda_3__rho_0p08
300,1300009,thermal_stress,1.0,308.33669781088827,235.2654060125351,73.0712938696146,0.0,31.0,0.0,1.0,0.53125,0.234375,0.234375,md_cpsr_dqn,lambda_3__rho_0p08
300,1300010,thermal_stress,1.0,369.83531069755554,288.80095237493515,81.03435882925987,0.0,34.0,0.0,0.0,0.421875,0.21875,0.359375,md_cpsr_dqn,lambda_3__rho_0p08
300,1300011,thermal_stress,1.0,329.0688754916191,264.74853098392487,64.3203447163105,0.0,29.0,0.0,1.0,0.4375,0.234375,0.328125,md_cpsr_dqn,lambda_3__rho_0p08
300,1300012,thermal_stress,1.0,341.2961808681488,277.3982204198837,63.89796117842197,1.0,29.0,0.0,2.0,0.46875,0.25,0.28125,md_cpsr_dqn,lambda_3__rho_0p08
300,1300013,thermal_stress,1.0,422.89604087172233,276.32160514593124,146.57443667946544,12.0,35.0,29.0,0.0,0.5,0.21875,0.28125,md_cpsr_dqn,lambda_3__rho_0p08
300,1300014,thermal_stress,1.0,317.00488018989563,245.17745868861675,71.82742357254028,0.0,31.0,0.0,0.0,0.46875,0.25,0.28125,md_cpsr_dqn,lambda_3__rho_0p08
300,1300015,thermal_stress,1.0,319.67207684218886,242.18466779589653,77.48741098344325,2.0,31.0,1.0,0.0,0.5,0.25,0.25,md_cpsr_dqn,lambda_3__rho_0p08
300,1300016,thermal_stress,1.0,434.7380702943108,318.2371875047684,116.50088380282124,0.0,35.0,24.0,2.0,0.375,0.265625,0.359375,md_cpsr_dqn,lambda_3__rho_0p08
300,1300017,thermal_stress,1.0,359.0519973039627,278.76714473962784,80.28485304117203,3.0,32.0,0.0,0.0,0.375,0.3125,0.3125,md_cpsr_dqn,lambda_3__rho_0p08
300,1300018,thermal_stress,1.0,318.23334869742393,234.62199541926384,83.61135411262512,0.0,35.0,0.0,1.0,0.515625,0.171875,0.3125,md_cpsr_dqn,lambda_3__rho_0p08
300,1300019,thermal_stress,1.0,343.09635931253433,276.2121276855469,66.88423091173172,2.0,29.0,0.0,0.0,0.40625,0.28125,0.3125,md_cpsr_dqn,lambda_3__rho_0p08
301,1301000,nominal,1.0,360.53367406129837,273.17284405231476,87.3608305901289,0.0,36.0,0.0,2.0,0.4375,0.1875,0.375,standard_dqn,standard
301,1301001,nominal,1.0,327.8790373802185,241.2328217625618,86.64621588587761,0.0,37.0,0.0,0.0,0.4375,0.140625,0.421875,standard_dqn,standard
301,1301002,nominal,1.0,307.19337978959084,233.47919991612434,73.7141822129488,0.0,33.0,0.0,0.0,0.4375,0.140625,0.421875,standard_dqn,standard
301,1301003,nominal,1.0,266.9673672914505,210.00222146511078,56.965147107839584,0.0,25.0,0.0,0.0,0.421875,0.203125,0.375,standard_dqn,standard
301,1301004,nominal,1.0,305.34831470251083,225.5878472328186,79.76046712696552,0.0,34.0,0.0,0.0,0.578125,0.15625,0.265625,standard_dqn,standard
301,1301005,nominal,1.0,309.00984290242195,232.94610741734505,76.06373652815819,0.0,34.0,0.0,1.0,0.40625,0.1875,0.40625,standard_dqn,standard
301,1301006,nominal,1.0,330.8956818819046,259.36401319503784,71.53166774809361,0.0,31.0,0.0,1.0,0.546875,0.140625,0.3125,standard_dqn,standard
301,1301007,nominal,1.0,318.35782450437546,238.76542711257935,79.59239774942398,0.0,34.0,0.0,0.0,0.546875,0.15625,0.296875,standard_dqn,standard
301,1301008,nominal,1.0,390.57498377376294,297.2536331117153,93.32135110908251,0.0,36.0,11.0,0.0,0.578125,0.125,0.296875,standard_dqn,standard
301,1301009,nominal,1.0,308.71499701738355,243.74317705631256,64.97182204723359,0.0,27.0,0.0,1.0,0.546875,0.1875,0.265625,standard_dqn,standard
301,1301010,nominal,1.0,337.2699654191732,263.65586000680923,73.61410727500916,0.0,32.0,0.0,1.0,0.5,0.265625,0.234375,standard_dqn,standard
301,1301011,nominal,1.0,360.4328813708425,268.0888718366623,92.34400984710454,0.0,35.0,11.0,1.0,0.40625,0.28125,0.3125,standard_dqn,standard
301,1301012,nominal,1.0,375.13119688630104,302.35551902651787,72.77567851543427,0.0,33.0,0.0,1.0,0.453125,0.234375,0.3125,standard_dqn,standard
301,1301013,nominal,1.0,304.593279838562,224.0858879685402,80.50739251077175,0.0,34.0,0.0,0.0,0.421875,0.28125,0.296875,standard_dqn,standard
301,1301014,nominal,1.0,292.83320862054825,212.60981342196465,80.22339397668839,0.0,33.0,0.0,1.0,0.546875,0.15625,0.296875,standard_dqn,standard
301,1301015,nominal,1.0,335.6162383258343,254.32341489195824,81.29282185435295,0.0,35.0,0.0,1.0,0.515625,0.171875,0.3125,standard_dqn,standard
301,1301016,nominal,1.0,345.37748646736145,260.404325067997,84.97315984964371,0.0,36.0,0.0,0.0,0.421875,0.203125,0.375,standard_dqn,standard
301,1301017,nominal,1.0,317.7208063930273,243.96040213108063,73.76040570735931,0.0,33.0,0.0,3.0,0.4375,0.265625,0.296875,standard_dqn,standard
301,1301018,nominal,1.0,338.956945002079,262.1492749452591,76.80767154693604,0.0,32.0,0.0,0.0,0.390625,0.140625,0.46875,standard_dqn,standard
301,1301019,nominal,1.0,328.92821446061134,261.51718893647194,67.41102468967438,0.0,30.0,0.0,0.0,0.46875,0.234375,0.296875,standard_dqn,standard
301,1301000,burst,1.0,375.09604299279783,283.8283933997154,91.26765077027403,0.0,37.0,9.0,2.0,0.40625,0.21875,0.375,standard_dqn,standard
301,1301001,burst,1.0,348.6665873527527,255.16954231262207,93.49704486131668,2.0,38.0,0.0,0.0,0.40625,0.15625,0.4375,standard_dqn,standard
301,1301002,burst,1.0,320.0619334280491,241.235370606184,78.82656301558018,2.0,34.0,0.0,0.0,0.40625,0.171875,0.421875,standard_dqn,standard
301,1301003,burst,1.0,285.3863368630409,220.3059492111206,65.08038875460625,0.0,29.0,0.0,0.0,0.390625,0.21875,0.390625,standard_dqn,standard
301,1301004,burst,1.0,328.9728961288929,242.4325655400753,86.54033069312572,0.0,36.0,0.0,0.0,0.546875,0.171875,0.28125,standard_dqn,standard
301,1301005,burst,1.0,333.7308945953846,253.98956063389778,79.74133631587029,0.0,35.0,0.0,1.0,0.359375,0.21875,0.421875,standard_dqn,standard
301,1301006,burst,1.0,344.9629583597183,267.4277155995369,77.53524423539639,0.0,33.0,0.0,1.0,0.53125,0.171875,0.296875,standard_dqn,standard
301,1301007,burst,1.0,339.7719233036041,254.74682927131653,85.02509462833405,0.0,36.0,0.0,0.0,0.5,0.1875,0.3125,standard_dqn,standard
301,1301008,burst,1.0,434.18684744153666,319.72914150357246,114.45770426903427,3.0,37.0,25.0,0.0,0.53125,0.15625,0.3125,standard_dqn,standard
301,1301009,burst,1.0,325.7428028821945,253.9812232851982,71.76158072948456,3.0,30.0,0.0,1.0,0.546875,0.203125,0.25,standard_dqn,standard
301,1301010,burst,1.0,348.4670872122049,269.30364948511124,79.16343972384931,0.0,33.0,1.0,1.0,0.5,0.265625,0.234375,standard_dqn,standard
301,1301011,burst,1.0,418.3251812060479,292.85212075710297,125.4730616410377,0.0,35.0,28.0,1.0,0.375,0.28125,0.34375,standard_dqn,standard
301,1301012,burst,1.0,385.10556653141975,307.30328050255775,77.80228558182716,0.0,34.0,0.0,1.0,0.421875,0.28125,0.296875,standard_dqn,standard
301,1301013,burst,1.0,318.40558155248294,233.1492926478386,85.2562896199001,0.0,35.0,4.0,1.0,0.40625,0.28125,0.3125,standard_dqn,standard
301,1301014,burst,1.0,312.283341398517,221.45899868011475,90.82434218196039,0.0,34.0,16.0,1.0,0.484375,0.1875,0.328125,standard_dqn,standard
301,1301015,burst,1.0,356.6823768379087,268.2915938794613,88.39078362899963,3.0,36.0,3.0,1.0,0.515625,0.171875,0.3125,standard_dqn,standard
301,1301016,burst,1.0,371.1514163017273,277.27204716205597,93.87937067449093,6.0,37.0,0.0,0.0,0.40625,0.21875,0.375,standard_dqn,standard
301,1301017,burst,1.0,327.66363588273526,254.02386593818665,73.63977054059505,0.0,33.0,0.0,3.0,0.421875,0.296875,0.28125,standard_dqn,standard
301,1301018,burst,1.0,358.5864251255989,273.461407661438,85.125020429492,0.0,36.0,0.0,0.0,0.359375,0.15625,0.484375,standard_dqn,standard
301,1301019,burst,1.0,348.46040442585945,272.2006408274174,76.25976490974426,0.0,33.0,0.0,0.0,0.4375,0.265625,0.296875,standard_dqn,standard
301,1301000,link_limited,1.0,552.2531278018844,372.96022510528564,179.29290281580813,0.0,38.0,35.0,0.0,0.640625,0.125,0.234375,standard_dqn,standard
301,1301001,link_limited,1.0,432.3461849226224,332.996121942997,99.35006330745091,0.0,40.0,14.0,0.0,0.609375,0.078125,0.3125,standard_dqn,standard
301,1301002,link_limited,1.0,411.04892162063766,308.33795896172523,102.71096246519721,0.0,38.0,18.0,0.0,0.546875,0.09375,0.359375,standard_dqn,standard
301,1301003,link_limited,1.0,321.05645102262497,251.08864778280258,69.96780367195606,0.0,32.0,0.0,0.0,0.609375,0.09375,0.296875,standard_dqn,standard
301,1301004,link_limited,1.0,385.5819897604088,272.0636927783489,113.51829713107142,0.0,38.0,22.0,0.0,0.71875,0.078125,0.203125,standard_dqn,standard
301,1301005,link_limited,1.0,412.6877244605297,316.00491109490395,96.68281375305595,0.0,38.0,9.0,0.0,0.671875,0.078125,0.25,standard_dqn,standard
301,1301006,link_limited,1.0,462.18339648562664,357.21584260463715,104.9675534935594,0.0,37.0,15.0,1.0,0.6875,0.078125,0.234375,standard_dqn,standard
301,1301007,link_limited,1.0,377.68549966812134,290.61954057216644,87.0659608244896,0.0,37.0,0.0,0.0,0.65625,0.046875,0.296875,standard_dqn,standard
301,1301008,link_limited,1.0,546.6501378803915,355.72234058380127,190.92779699856712,3.0,36.0,33.0,0.0,0.75,0.0625,0.1875,standard_dqn,standard
301,1301009,link_limited,1.0,394.1560095787048,318.10503327846527,76.05097731351853,0.0,33.0,0.0,1.0,0.703125,0.109375,0.1875,standard_dqn,standard
301,1301010,link_limited,1.0,422.5375721816403,314.23803943395615,108.29953331392842,0.0,38.0,17.0,0.0,0.703125,0.078125,0.21875,standard_dqn,standard
301,1301011,link_limited,1.0,506.5387072144748,326.6150486469269,179.9236584483387,0.0,37.0,33.0,0.0,0.65625,0.1875,0.15625,standard_dqn,standard
301,1301012,link_limited,1.0,500.5058971190303,373.07280004024506,127.43309788344796,0.0,37.0,24.0,1.0,0.625,0.140625,0.234375,standard_dqn,standard
301,1301013,link_limited,1.0,444.7957717178213,284.05837446451187,160.73739628473402,0.0,40.0,30.0,0.0,0.640625,0.171875,0.1875,standard_dqn,standard
301,1301014,link_limited,1.0,417.3806265247862,299.67720741033554,117.70341941247369,0.0,34.0,25.0,1.0,0.609375,0.09375,0.296875,standard_dqn,standard
301,1301015,link_limited,1.0,428.79517074354095,314.2067900300026,114.58837928302684,0.0,38.0,19.0,0.0,0.6875,0.09375,0.21875,standard_dqn,standard
301,1301016,link_limited,1.0,482.4590397360914,348.1030955314636,134.35594301253494,0.0,39.0,15.0,0.0,0.59375,0.0625,0.34375,standard_dqn,standard
301,1301017,link_limited,1.0,436.2890192539745,317.0109393000603,119.27807870221672,0.0,37.0,17.0,1.0,0.609375,0.15625,0.234375,standard_dqn,standard
301,1301018,link_limited,1.0,449.9896765816212,360.0069673061371,89.98270861983299,0.0,36.0,4.0,0.0,0.59375,0.078125,0.328125,standard_dqn,standard
301,1301019,link_limited,1.0,409.5169602930546,330.5100617110729,79.00689673423767,0.0,34.0,0.0,0.0,0.609375,0.15625,0.234375,standard_dqn,standard
301,1301000,energy_limited,1.0,388.45770943164825,273.6786854863167,114.77902469038963,0.0,46.0,0.0,2.0,0.4375,0.1875,0.375,standard_dqn,standard
301,1301001,energy_limited,1.0,358.55784606933594,241.59810996055603,116.9597374945879,0.0,47.0,0.0,0.0,0.4375,0.140625,0.421875,standard_dqn,standard
301,1301002,energy_limited,1.0,343.74373438954353,236.5603606402874,107.18337485194206,0.0,44.0,0.0,0.0,0.421875,0.140625,0.4375,standard_dqn,standard
301,1301003,energy_limited,1.0,303.1355404853821,210.65604668855667,92.47949546575546,0.0,38.0,0.0,0.0,0.421875,0.203125,0.375,standard_dqn,standard
301,1301004,energy_limited,1.0,337.9770339727402,229.36928486824036,108.60775047540665,0.0,45.0,0.0,0.0,0.5625,0.171875,0.265625,standard_dqn,standard
301,1301005,energy_limited,1.0,348.27736207842827,238.9673617184162,109.31000123918056,0.0,45.0,0.0,1.0,0.375,0.203125,0.421875,standard_dqn,standard
301,1301006,energy_limited,1.0,363.30597003698347,261.6432266831398,101.66274251937867,0.0,41.0,0.0,1.0,0.515625,0.15625,0.328125,standard_dqn,standard
301,1301007,energy_limited,1.0,352.35515308380127,240.3689176440239,111.98623578250408,0.0,45.0,0.0,0.0,0.53125,0.15625,0.3125,standard_dqn,standard
301,1301008,energy_limited,1.0,414.3616623263905,297.8191500008106,116.54251240008576,0.0,46.0,11.0,0.0,0.578125,0.125,0.296875,standard_dqn,standard
301,1301009,energy_limited,1.0,345.4366718173027,243.6875275373459,101.74914541244507,0.0,42.0,0.0,1.0,0.53125,0.203125,0.265625,standard_dqn,standard
301,1301010,energy_limited,1.0,374.36862033605576,264.120156288147,110.24846743047237,0.0,45.0,0.0,1.0,0.5,0.265625,0.234375,standard_dqn,standard
301,1301011,energy_limited,1.0,388.3775177625418,272.35540479421616,116.02211267030239,0.0,48.0,8.0,1.0,0.390625,0.28125,0.328125,standard_dqn,standard
301,1301012,energy_limited,1.0,409.535974830389,303.1356671154499,106.40030638873577,0.0,43.0,0.0,1.0,0.4375,0.234375,0.328125,standard_dqn,standard
301,1301013,energy_limited,1.0,344.48904424905777,228.12418872117996,116.36485734581947,0.0,47.0,0.0,0.0,0.40625,0.28125,0.3125,standard_dqn,standard
301,1301014,energy_limited,1.0,327.07152366638184,216.2207236289978,110.85080030560493,0.0,46.0,0.0,1.0,0.53125,0.15625,0.3125,standard_dqn,standard
301,1301015,energy_limited,1.0,374.76807540655136,257.270455211401,117.49762305617332,0.0,47.0,0.0,1.0,0.5,0.171875,0.328125,standard_dqn,standard
301,1301016,energy_limited,1.0,377.6330183148384,260.82994401454926,116.80307346582413,0.0,47.0,0.0,0.0,0.421875,0.203125,0.375,standard_dqn,standard
301,1301017,energy_limited,1.0,358.8917062610388,247.08823996782303,111.80346784293651,0.0,44.0,0.0,3.0,0.40625,0.265625,0.328125,standard_dqn,standard
301,1301018,energy_limited,1.0,367.87613052129745,262.6671199798584,105.20901188254356,0.0,43.0,0.0,0.0,0.390625,0.140625,0.46875,standard_dqn,standard
301,1301019,energy_limited,1.0,362.34775269031525,258.1312516927719,104.21650229394436,0.0,42.0,0.0,0.0,0.46875,0.234375,0.296875,standard_dqn,standard
301,1301000,thermal_stress,1.0,375.5196259042892,284.25197690725327,91.26765077027403,0.0,37.0,9.0,2.0,0.40625,0.21875,0.375,standard_dqn,standard
301,1301001,thermal_stress,1.0,348.98565578460693,255.47139596939087,93.5142610669136,2.0,38.0,0.0,0.0,0.40625,0.15625,0.4375,standard_dqn,standard
301,1301002,thermal_stress,1.0,320.4365283548832,241.5910306274891,78.8454951196909,2.0,34.0,0.0,0.0,0.40625,0.171875,0.421875,standard_dqn,standard
301,1301003,thermal_stress,1.0,285.7440370619297,220.55760648846626,65.18643268942833,0.0,29.0,0.0,0.0,0.40625,0.21875,0.375,standard_dqn,standard
301,1301004,thermal_stress,1.0,329.3516892492771,242.81136015057564,86.54033069312572,0.0,36.0,0.0,0.0,0.546875,0.171875,0.28125,standard_dqn,standard
301,1301005,thermal_stress,1.0,334.09497502446175,254.35363826155663,79.74133631587029,0.0,35.0,0.0,1.0,0.359375,0.21875,0.421875,standard_dqn,standard
301,1301006,thermal_stress,1.0,345.35853650569913,267.8232946395874,77.53524423539639,0.0,33.0,0.0,1.0,0.53125,0.171875,0.296875,standard_dqn,standard
301,1301007,thermal_stress,1.0,340.14022356271744,255.11512941122055,85.02509462833405,0.0,36.0,0.0,0.0,0.5,0.1875,0.3125,standard_dqn,standard
301,1301008,thermal_stress,1.0,434.7367283037727,320.155408591032,114.58131834183395,3.0,37.0,25.0,0.0,0.53125,0.15625,0.3125,standard_dqn,standard
301,1301009,thermal_stress,1.0,326.0693913936615,254.28045696020126,71.78893711566926,3.0,30.0,0.0,1.0,0.546875,0.203125,0.25,standard_dqn,standard
301,1301010,thermal_stress,1.0,348.7731108695268,269.6096725463867,79.16343972384931,0.0,33.0,1.0,1.0,0.5,0.265625,0.234375,standard_dqn,standard
301,1301011,thermal_stress,1.0,418.63071354228293,293.15765285491943,125.4730616410377,0.0,35.0,28.0,1.0,0.375,0.28125,0.34375,standard_dqn,standard
301,1301012,thermal_stress,1.0,385.4456790983677,307.6433915793896,77.80228558182716,0.0,34.0,0.0,1.0,0.421875,0.28125,0.296875,standard_dqn,standard
301,1301013,thermal_stress,1.0,318.68438883493076,233.42809861898422,85.2562896199001,0.0,35.0,4.0,1.0,0.40625,0.28125,0.3125,standard_dqn,standard
301,1301014,thermal_stress,1.0,312.65751825837265,221.83317548036575,90.82434218196039,0.0,34.0,16.0,1.0,0.484375,0.1875,0.328125,standard_dqn,standard
301,1301015,thermal_stress,1.0,357.02889285105414,268.6011153757572,88.42777665573303,3.0,36.0,3.0,1.0,0.515625,0.171875,0.3125,standard_dqn,standard
301,1301016,thermal_stress,1.0,371.5844579935074,277.62018126249313,93.96427653729916,6.0,37.0,0.0,0.0,0.40625,0.21875,0.375,standard_dqn,standard
301,1301017,thermal_stress,1.0,328.0866810411215,254.44691145420074,73.63977054059505,0.0,33.0,0.0,3.0,0.421875,0.296875,0.28125,standard_dqn,standard
301,1301018,thermal_stress,1.0,359.02725806832314,273.9022393524647,85.125020429492,0.0,36.0,0.0,0.0,0.359375,0.15625,0.484375,standard_dqn,standard
301,1301019,thermal_stress,1.0,348.72655272483826,272.46678906679153,76.25976490974426,0.0,33.0,0.0,0.0,0.4375,0.265625,0.296875,standard_dqn,standard
301,1301000,nominal,1.0,360.53367406129837,273.17284405231476,87.3608305901289,0.0,36.0,0.0,2.0,0.4375,0.1875,0.375,md_cpsr_dqn,lambda_0p3__rho_0p03
301,1301001,nominal,1.0,330.80970096588135,244.16348534822464,86.64621588587761,0.0,37.0,0.0,0.0,0.453125,0.140625,0.40625,md_cpsr_dqn,lambda_0p3__rho_0p03
301,1301002,nominal,1.0,307.19337978959084,233.47919991612434,73.7141822129488,0.0,33.0,0.0,0.0,0.4375,0.140625,0.421875,md_cpsr_dqn,lambda_0p3__rho_0p03
301,1301003,nominal,1.0,267.0131036937237,209.95516923069954,57.05793568491936,0.0,25.0,0.0,0.0,0.4375,0.203125,0.359375,md_cpsr_dqn,lambda_0p3__rho_0p03
301,1301004,nominal,1.0,305.34831470251083,225.5878472328186,79.76046712696552,0.0,34.0,0.0,0.0,0.578125,0.15625,0.265625,md_cpsr_dqn,lambda_0p3__rho_0p03
301,1301005,nominal,1.0,309.00984290242195,232.94610741734505,76.06373652815819,0.0,34.0,0.0,1.0,0.40625,0.1875,0.40625,md_cpsr_dqn,lambda_0p3__rho_0p03
301,1301006,nominal,1.0,329.86305882930753,258.46913039684296,71.39392975866795,0.0,31.0,0.0,1.0,0.546875,0.15625,0.296875,md_cpsr_dqn,lambda_0p3__rho_0p03
301,1301007,nominal,1.0,318.35782450437546,238.76542711257935,79.59239774942398,0.0,34.0,0.0,0.0,0.546875,0.15625,0.296875,md_cpsr_dqn,lambda_0p3__rho_0p03
301,1301008,nominal,1.0,387.8978005887195,302.3091605603695,85.58863984953612,0.0,36.0,7.0,0.0,0.578125,0.140625,0.28125,md_cpsr_dqn,lambda_0p3__rho_0p03
301,1301009,nominal,1.0,310.8702810645103,245.2855744957924,65.58470978736878,0.0,28.0,0.0,1.0,0.546875,0.21875,0.234375,md_cpsr_dqn,lambda_0p3__rho_0p03
301,1301010,nominal,1.0,338.9982292741537,265.38412296772003,73.61410727500916,0.0,32.0,0.0,1.0,0.515625,0.265625,0.21875,md_cpsr_dqn,lambda_0p3__rho_0p03
301,1301011,nominal,1.0,367.52143651962314,266.8874946832657,100.6339413595202,0.0,35.0,22.0,1.0,0.421875,0.28125,0.296875,md_cpsr_dqn,lambda_0p3__rho_0p03
301,1301012,nominal,1.0,367.4601903259754,292.3289543092251,75.13123655319214,0.0,34.0,0.0,1.0,0.46875,0.25,0.28125,md_cpsr_dqn,lambda_0p3__rho_0p03
301,1301013,nominal,1.0,304.593279838562,224.0858879685402,80.50739251077175,0.0,34.0,0.0,0.0,0.421875,0.28125,0.296875,md_cpsr_dqn,lambda_0p3__rho_0p03
301,1301014,nominal,1.0,292.83320862054825,212.60981342196465,80.22339397668839,0.0,33.0,0.0,1.0,0.546875,0.15625,0.296875,md_cpsr_dqn,lambda_0p3__rho_0p03
301,1301015,nominal,1.0,335.6162383258343,254.32341489195824,81.29282185435295,0.0,35.0,0.0,1.0,0.515625,0.171875,0.3125,md_cpsr_dqn,lambda_0p3__rho_0p03
301,1301016,nominal,1.0,342.4720981121063,257.4989364743233,84.97315984964371,0.0,36.0,0.0,0.0,0.421875,0.1875,0.390625,md_cpsr_dqn,lambda_0p3__rho_0p03
301,1301017,nominal,1.0,316.46966293752195,242.70925897359848,73.76040570735931,0.0,33.0,0.0,3.0,0.453125,0.265625,0.28125,md_cpsr_dqn,lambda_0p3__rho_0p03
301,1301018,nominal,1.0,329.3547676205635,254.6206362247467,74.73413288593292,0.0,32.0,0.0,0.0,0.421875,0.140625,0.4375,md_cpsr_dqn,lambda_0p3__rho_0p03
301,1301019,nominal,1.0,329.1882639825344,260.2264336049557,68.96183076500893,0.0,31.0,0.0,0.0,0.484375,0.21875,0.296875,md_cpsr_dqn,lambda_0p3__rho_0p03
301,1301000,burst,1.0,375.09604299279783,283.8283933997154,91.26765077027403,0.0,37.0,9.0,2.0,0.40625,0.21875,0.375,md_cpsr_dqn,lambda_0p3__rho_0p03
301,1301001,burst,1.0,346.81173549751617,247.45158767700195,99.36014788011887,2.0,38.0,19.0,0.0,0.421875,0.171875,0.40625,md_cpsr_dqn,lambda_0p3__rho_0p03
301,1301002,burst,1.0,320.0619334280491,241.235370606184,78.82656301558018,2.0,34.0,0.0,0.0,0.40625,0.171875,0.421875,md_cpsr_dqn,lambda_0p3__rho_0p03
301,1301003,burst,1.0,285.4450745880604,220.2586427628994,65.18643268942833,0.0,29.0,0.0,0.0,0.40625,0.21875,0.375,md_cpsr_dqn,lambda_0p3__rho_0p03
301,1301004,burst,1.0,328.9728961288929,242.4325655400753,86.54033069312572,0.0,36.0,0.0,0.0,0.546875,0.171875,0.28125,md_cpsr_dqn,lambda_0p3__rho_0p03
301,1301005,burst,1.0,330.3051474392414,250.56381300091743,79.74133631587029,0.0,35.0,0.0,1.0,0.375,0.21875,0.40625,md_cpsr_dqn,lambda_0p3__rho_0p03
301,1301006,burst,1.0,346.79472091197965,269.25947761535645,77.53524423539639,0.0,33.0,0.0,1.0,0.546875,0.171875,0.28125,md_cpsr_dqn,lambda_0p3__rho_0p03
301,1301007,burst,1.0,339.7719233036041,254.74682927131653,85.02509462833405,0.0,36.0,0.0,0.0,0.5,0.1875,0.3125,md_cpsr_dqn,lambda_0p3__rho_0p03
301,1301008,burst,1.0,434.18684744153666,319.72914150357246,114.45770426903427,3.0,37.0,25.0,0.0,0.53125,0.15625,0.3125,md_cpsr_dqn,lambda_0p3__rho_0p03
301,1301009,burst,1.0,325.9196670889854,253.633154630661,72.28651388883591,2.0,30.0,0.0,1.0,0.546875,0.21875,0.234375,md_cpsr_dqn,lambda_0p3__rho_0p03
301,1301010,burst,1.0,350.47691393792627,271.3338681459427,79.14304558336735,0.0,33.0,0.0,1.0,0.515625,0.265625,0.21875,md_cpsr_dqn,lambda_0p3__rho_0p03
301,1301011,burst,1.0,426.14290293389587,289.97119718790054,136.17170675927423,0.0,35.0,30.0,1.0,0.40625,0.28125,0.3125,md_cpsr_dqn,lambda_0p3__rho_0p03
301,1301012,burst,1.0,385.10556653141975,307.30328050255775,77.80228558182716,0.0,34.0,0.0,1.0,0.421875,0.28125,0.296875,md_cpsr_dqn,lambda_0p3__rho_0p03
301,1301013,burst,1.0,318.6949107120937,232.3866849541664,86.30822559401443,0.0,35.0,10.0,1.0,0.40625,0.296875,0.296875,md_cpsr_dqn,lambda_0p3__rho_0p03
301,1301014,burst,1.0,315.14305835032866,221.3712855577469,93.77177249455853,0.0,34.0,20.0,1.0,0.5,0.1875,0.3125,md_cpsr_dqn,lambda_0p3__rho_0p03
301,1301015,burst,1.0,356.6823768379087,268.2915938794613,88.39078362899963,3.0,36.0,3.0,1.0,0.515625,0.171875,0.3125,md_cpsr_dqn,lambda_0p3__rho_0p03
301,1301016,burst,1.0,368.25838470458984,274.37901508808136,93.87937067449093,6.0,37.0,0.0,0.0,0.40625,0.203125,0.390625,md_cpsr_dqn,lambda_0p3__rho_0p03
301,1301017,burst,1.0,327.66363588273526,254.02386593818665,73.63977054059505,0.0,33.0,0.0,3.0,0.421875,0.296875,0.28125,md_cpsr_dqn,lambda_0p3__rho_0p03
301,1301018,burst,1.0,356.92798286676407,271.80296272039413,85.125020429492,0.0,36.0,0.0,0.0,0.375,0.171875,0.453125,md_cpsr_dqn,lambda_0p3__rho_0p03
301,1301019,burst,1.0,350.1989839375019,272.5157168209553,77.68326608836651,0.0,34.0,0.0,0.0,0.4375,0.25,0.3125,md_cpsr_dqn,lambda_0p3__rho_0p03
301,1301000,link_limited,1.0,557.0622233977807,372.2522825598717,184.80994077830442,0.0,38.0,35.0,0.0,0.65625,0.125,0.21875,md_cpsr_dqn,lambda_0p3__rho_0p03
301,1301001,link_limited,1.0,440.3192701015552,332.52318102121353,107.79608982539978,0.0,40.0,22.0,0.0,0.625,0.109375,0.265625,md_cpsr_dqn,lambda_0p3__rho_0p03
301,1301002,link_limited,1.0,419.2223777705733,308.10741981863976,111.11495887580551,0.0,38.0,20.0,0.0,0.5625,0.09375,0.34375,md_cpsr_dqn,lambda_0p3__rho_0p03
301,1301003,link_limited,1.0,321.05645102262497,251.08864778280258,69.96780367195606,0.0,32.0,0.0,0.0,0.609375,0.09375,0.296875,md_cpsr_dqn,lambda_0p3__rho_0p03
301,1301004,link_limited,1.0,385.5819897604088,272.0636927783489,113.51829713107142,0.0,38.0,22.0,0.0,0.71875,0.078125,0.203125,md_cpsr_dqn,lambda_0p3__rho_0p03
301,1301005,link_limited,1.0,414.43031107445677,316.0615448653698,98.36876647730786,0.0,38.0,12.0,0.0,0.671875,0.09375,0.234375,md_cpsr_dqn,lambda_0p3__rho_0p03
301,1301006,link_limited,1.0,465.560523829639,354.2119520306587,111.34857212680579,0.0,37.0,16.0,1.0,0.703125,0.078125,0.21875,md_cpsr_dqn,lambda_0p3__rho_0p03
301,1301007,link_limited,1.0,377.68549966812134,290.61954057216644,87.0659608244896,0.0,37.0,0.0,0.0,0.65625,0.046875,0.296875,md_cpsr_dqn,lambda_0p3__rho_0p03
301,1301008,link_limited,1.0,516.4840314582144,358.88456374406815,157.5994665220534,3.0,36.0,28.0,0.0,0.765625,0.0625,0.171875,md_cpsr_dqn,lambda_0p3__rho_0p03
301,1301009,link_limited,1.0,388.7247418403625,312.673765540123,76.05097731351853,0.0,33.0,0.0,1.0,0.6875,0.125,0.1875,md_cpsr_dqn,lambda_0p3__rho_0p03
301,1301010,link_limited,1.0,422.5375721816403,314.23803943395615,108.29953331392842,0.0,38.0,17.0,0.0,0.703125,0.078125,0.21875,md_cpsr_dqn,lambda_0p3__rho_0p03
301,1301011,link_limited,1.0,526.5736779417397,327.14293384552,199.4307441409232,0.0,38.0,36.0,0.0,0.671875,0.203125,0.125,md_cpsr_dqn,lambda_0p3__rho_0p03
301,1301012,link_limited,1.0,491.47281561700987,362.37180387973785,129.1010124972313,0.0,37.0,26.0,1.0,0.640625,0.15625,0.203125,md_cpsr_dqn,lambda_0p3__rho_0p03
301,1301013,link_limited,1.0,444.7957717178213,284.05837446451187,160.73739628473402,0.0,40.0,30.0,0.0,0.640625,0.171875,0.1875,md_cpsr_dqn,lambda_0p3__rho_0p03
301,1301014,link_limited,1.0,417.3806265247862,299.67720741033554,117.70341941247369,0.0,34.0,25.0,1.0,0.609375,0.09375,0.296875,md_cpsr_dqn,lambda_0p3__rho_0p03
301,1301015,link_limited,1.0,428.79517074354095,314.2067900300026,114.58837928302684,0.0,38.0,19.0,0.0,0.6875,0.09375,0.21875,md_cpsr_dqn,lambda_0p3__rho_0p03
301,1301016,link_limited,1.0,479.96272358335506,363.18448519706726,116.7782377157356,0.0,39.0,15.0,0.0,0.609375,0.09375,0.296875,md_cpsr_dqn,lambda_0p3__rho_0p03
301,1301017,link_limited,1.0,440.033055635249,317.5727587342262,122.4602973182553,0.0,37.0,20.0,1.0,0.625,0.15625,0.21875,md_cpsr_dqn,lambda_0p3__rho_0p03
301,1301018,link_limited,1.0,449.9896765816212,360.0069673061371,89.98270861983299,0.0,36.0,4.0,0.0,0.59375,0.078125,0.328125,md_cpsr_dqn,lambda_0p3__rho_0p03
301,1301019,link_limited,1.0,409.5169602930546,330.5100617110729,79.00689673423767,0.0,34.0,0.0,0.0,0.609375,0.15625,0.234375,md_cpsr_dqn,lambda_0p3__rho_0p03
301,1301000,energy_limited,1.0,388.45770943164825,273.6786854863167,114.77902469038963,0.0,46.0,0.0,2.0,0.4375,0.1875,0.375,md_cpsr_dqn,lambda_0p3__rho_0p03
301,1301001,energy_limited,1.0,361.4885096549988,244.52877354621887,116.9597374945879,0.0,47.0,0.0,0.0,0.453125,0.140625,0.40625,md_cpsr_dqn,lambda_0p3__rho_0p03
301,1301002,energy_limited,1.0,343.74373438954353,236.5603606402874,107.18337485194206,0.0,44.0,0.0,0.0,0.421875,0.140625,0.4375,md_cpsr_dqn,lambda_0p3__rho_0p03
301,1301003,energy_limited,1.0,303.2385657131672,210.63977095484734,92.59879463911057,0.0,38.0,0.0,0.0,0.4375,0.203125,0.359375,md_cpsr_dqn,lambda_0p3__rho_0p03
301,1301004,energy_limited,1.0,337.35836374759674,226.99398690462112,110.36437720060349,0.0,45.0,0.0,0.0,0.578125,0.15625,0.265625,md_cpsr_dqn,lambda_0p3__rho_0p03
301,1301005,energy_limited,1.0,344.7889377772808,235.47893670201302,109.31000123918056,0.0,45.0,0.0,1.0,0.390625,0.203125,0.40625,md_cpsr_dqn,lambda_0p3__rho_0p03
301,1301006,energy_limited,1.0,362.4179857611656,260.75524228811264,101.66274251937867,0.0,41.0,0.0,1.0,0.515625,0.171875,0.3125,md_cpsr_dqn,lambda_0p3__rho_0p03
301,1301007,energy_limited,1.0,350.78704059123993,239.37602108716965,111.41102038323879,0.0,45.0,0.0,0.0,0.546875,0.15625,0.296875,md_cpsr_dqn,lambda_0p3__rho_0p03
301,1301008,energy_limited,1.0,414.3616623263905,297.8191500008106,116.54251240008576,0.0,46.0,11.0,0.0,0.578125,0.125,0.296875,md_cpsr_dqn,lambda_0p3__rho_0p03
301,1301009,energy_limited,1.0,348.67521938085554,246.00535488128662,102.66986859738827,0.0,43.0,0.0,1.0,0.546875,0.21875,0.234375,md_cpsr_dqn,lambda_0p3__rho_0p03
301,1301010,energy_limited,1.0,379.19219321012497,268.9437263607979,110.24846743047237,0.0,45.0,0.0,1.0,0.53125,0.25,0.21875,md_cpsr_dqn,lambda_0p3__rho_0p03
301,1301011,energy_limited,1.0,393.88688373317433,271.176992893219,122.7098914956064,0.0,48.0,12.0,1.0,0.40625,0.28125,0.3125,md_cpsr_dqn,lambda_0p3__rho_0p03
301,1301012,energy_limited,1.0,399.65020844340324,292.8513095676899,106.79890005290508,0.0,43.0,0.0,1.0,0.46875,0.25,0.28125,md_cpsr_dqn,lambda_0p3__rho_0p03
301,1301013,energy_limited,1.0,344.48904424905777,228.12418872117996,116.36485734581947,0.0,47.0,0.0,0.0,0.40625,0.28125,0.3125,md_cpsr_dqn,lambda_0p3__rho_0p03
301,1301014,energy_limited,1.0,322.7645192146301,212.91105610132217,109.85346101224422,0.0,46.0,0.0,1.0,0.53125,0.171875,0.296875,md_cpsr_dqn,lambda_0p3__rho_0p03
301,1301015,energy_limited,1.0,372.3940889239311,254.89646527171135,117.49762305617332,0.0,47.0,0.0,1.0,0.515625,0.171875,0.3125,md_cpsr_dqn,lambda_0p3__rho_0p03
301,1301016,energy_limited,1.0,374.7276299595833,257.92455542087555,116.80307346582413,0.0,47.0,0.0,0.0,0.421875,0.1875,0.390625,md_cpsr_dqn,lambda_0p3__rho_0p03
301,1301017,energy_limited,1.0,357.58953264653684,245.78606694936752,111.80346784293651,0.0,44.0,0.0,3.0,0.421875,0.265625,0.3125,md_cpsr_dqn,lambda_0p3__rho_0p03
301,1301018,energy_limited,1.0,360.37325114011765,255.16424238681793,105.20901188254356,0.0,43.0,0.0,0.0,0.421875,0.140625,0.4375,md_cpsr_dqn,lambda_0p3__rho_0p03
301,1301019,energy_limited,1.0,362.34775269031525,258.1312516927719,104.21650229394436,0.0,42.0,0.0,0.0,0.46875,0.234375,0.296875,md_cpsr_dqn,lambda_0p3__rho_0p03
301,1301000,thermal_stress,1.0,375.5196259042892,284.25197690725327,91.26765077027403,0.0,37.0,9.0,2.0,0.40625,0.21875,0.375,md_cpsr_dqn,lambda_0p3__rho_0p03
301,1301001,thermal_stress,1.0,347.12933658222533,247.75197410583496,99.37736265520432,2.0,38.0,19.0,0.0,0.421875,0.171875,0.40625,md_cpsr_dqn,lambda_0p3__rho_0p03
301,1301002,thermal_stress,1.0,320.4365283548832,241.5910306274891,78.8454951196909,2.0,34.0,0.0,0.0,0.40625,0.171875,0.421875,md_cpsr_dqn,lambda_0p3__rho_0p03
301,1301003,thermal_stress,1.0,285.7440370619297,220.55760648846626,65.18643268942833,0.0,29.0,0.0,0.0,0.40625,0.21875,0.375,md_cpsr_dqn,lambda_0p3__rho_0p03
301,1301004,thermal_stress,1.0,330.3552492558956,244.6144445836544,85.74080449342728,0.0,35.0,0.0,0.0,0.5625,0.171875,0.265625,md_cpsr_dqn,lambda_0p3__rho_0p03
301,1301005,thermal_stress,1.0,330.6692328751087,250.92789706587791,79.74133631587029,0.0,35.0,0.0,1.0,0.375,0.21875,0.40625,md_cpsr_dqn,lambda_0p3__rho_0p03
301,1301006,thermal_stress,1.0,347.19036676883695,269.6551244854927,77.53524423539639,0.0,33.0,0.0,1.0,0.546875,0.171875,0.28125,md_cpsr_dqn,lambda_0p3__rho_0p03
301,1301007,thermal_stress,1.0,340.14022356271744,255.11512941122055,85.02509462833405,0.0,36.0,0.0,0.0,0.5,0.1875,0.3125,md_cpsr_dqn,lambda_0p3__rho_0p03
301,1301008,thermal_stress,1.0,434.7367283037727,320.155408591032,114.58131834183395,3.0,37.0,25.0,0.0,0.53125,0.15625,0.3125,md_cpsr_dqn,lambda_0p3__rho_0p03
301,1301009,thermal_stress,1.0,326.2332757949829,253.92845529317856,72.30482085943223,2.0,30.0,0.0,1.0,0.546875,0.21875,0.234375,md_cpsr_dqn,lambda_0p3__rho_0p03
301,1301010,thermal_stress,1.0,350.78296990096567,271.63992500305176,79.14304558336735,0.0,33.0,0.0,1.0,0.515625,0.265625,0.21875,md_cpsr_dqn,lambda_0p3__rho_0p03
301,1301011,thermal_stress,1.0,426.4611772530678,290.28947138786316,136.17170675927423,0.0,35.0,30.0,1.0,0.40625,0.28125,0.3125,md_cpsr_dqn,lambda_0p3__rho_0p03
301,1301012,thermal_stress,1.0,385.4456790983677,307.6433915793896,77.80228558182716,0.0,34.0,0.0,1.0,0.421875,0.28125,0.296875,md_cpsr_dqn,lambda_0p3__rho_0p03
301,1301013,thermal_stress,1.0,318.9727518032497,232.66452819108963,86.30822559401443,0.0,35.0,10.0,1.0,0.40625,0.296875,0.296875,md_cpsr_dqn,lambda_0p3__rho_0p03
301,1301014,thermal_stress,1.0,315.5175502803366,221.74577850103378,93.77177249455853,0.0,34.0,20.0,1.0,0.5,0.1875,0.3125,md_cpsr_dqn,lambda_0p3__rho_0p03
301,1301015,thermal_stress,1.0,357.02889285105414,268.6011153757572,88.42777665573303,3.0,36.0,3.0,1.0,0.515625,0.171875,0.3125,md_cpsr_dqn,lambda_0p3__rho_0p03
301,1301016,thermal_stress,1.0,368.6914292573929,274.7271522283554,93.96427653729916,6.0,37.0,0.0,0.0,0.40625,0.203125,0.390625,md_cpsr_dqn,lambda_0p3__rho_0p03
301,1301017,thermal_stress,1.0,328.0866810411215,254.44691145420074,73.63977054059505,0.0,33.0,0.0,3.0,0.421875,0.296875,0.28125,md_cpsr_dqn,lambda_0p3__rho_0p03
301,1301018,thermal_stress,1.0,357.3688110411167,272.2437921464443,85.125020429492,0.0,36.0,0.0,0.0,0.375,0.171875,0.453125,md_cpsr_dqn,lambda_0p3__rho_0p03
301,1301019,thermal_stress,1.0,350.4730987548828,272.78983265161514,77.68326608836651,0.0,34.0,0.0,0.0,0.4375,0.25,0.3125,md_cpsr_dqn,lambda_0p3__rho_0p03
301,1301000,nominal,1.0,360.53367406129837,273.17284405231476,87.3608305901289,0.0,36.0,0.0,2.0,0.4375,0.1875,0.375,md_cpsr_dqn,lambda_0p3__rho_0p05
301,1301001,nominal,1.0,330.43131947517395,243.7851031422615,86.64621588587761,0.0,37.0,0.0,0.0,0.421875,0.140625,0.4375,md_cpsr_dqn,lambda_0p3__rho_0p05
301,1301002,nominal,1.0,307.19337978959084,233.47919991612434,73.7141822129488,0.0,33.0,0.0,0.0,0.4375,0.140625,0.421875,md_cpsr_dqn,lambda_0p3__rho_0p05
301,1301003,nominal,1.0,266.9673672914505,210.00222146511078,56.965147107839584,0.0,25.0,0.0,0.0,0.421875,0.203125,0.375,md_cpsr_dqn,lambda_0p3__rho_0p05
301,1301004,nominal,1.0,305.34831470251083,225.5878472328186,79.76046712696552,0.0,34.0,0.0,0.0,0.578125,0.15625,0.265625,md_cpsr_dqn,lambda_0p3__rho_0p05
301,1301005,nominal,1.0,312.51717522740364,236.45343974232674,76.06373652815819,0.0,34.0,0.0,1.0,0.390625,0.1875,0.421875,md_cpsr_dqn,lambda_0p3__rho_0p05
301,1301006,nominal,1.0,330.8956818819046,259.36401319503784,71.53166774809361,0.0,31.0,0.0,1.0,0.546875,0.140625,0.3125,md_cpsr_dqn,lambda_0p3__rho_0p05
301,1301007,nominal,1.0,318.35782450437546,238.76542711257935,79.59239774942398,0.0,34.0,0.0,0.0,0.546875,0.15625,0.296875,md_cpsr_dqn,lambda_0p3__rho_0p05
301,1301008,nominal,1.0,390.32240260658415,299.58606669306755,90.73633522806317,0.0,36.0,7.0,0.0,0.5625,0.125,0.3125,md_cpsr_dqn,lambda_0p3__rho_0p05
301,1301009,nominal,1.0,307.8762617945671,242.99543344974518,64.88083007335663,0.0,27.0,0.0,1.0,0.53125,0.203125,0.265625,md_cpsr_dqn,lambda_0p3__rho_0p05
301,1301010,nominal,1.0,336.9664377659559,259.57311499118805,77.39332441389561,0.0,34.0,0.0,1.0,0.515625,0.234375,0.25,md_cpsr_dqn,lambda_0p3__rho_0p05
301,1301011,nominal,1.0,367.52143651962314,266.8874946832657,100.6339413595202,0.0,35.0,22.0,1.0,0.421875,0.28125,0.296875,md_cpsr_dqn,lambda_0p3__rho_0p05
301,1301012,nominal,1.0,375.38268211483955,302.6635830104351,72.7190991640091,0.0,33.0,0.0,1.0,0.4375,0.234375,0.328125,md_cpsr_dqn,lambda_0p3__rho_0p05
301,1301013,nominal,1.0,303.9519370794296,224.15283554792404,79.79910290241241,0.0,33.0,0.0,0.0,0.421875,0.296875,0.28125,md_cpsr_dqn,lambda_0p3__rho_0p05
301,1301014,nominal,1.0,296.2948554158211,216.07145988941193,80.22339397668839,0.0,33.0,0.0,1.0,0.546875,0.140625,0.3125,md_cpsr_dqn,lambda_0p3__rho_0p05
301,1301015,nominal,1.0,337.8361448943615,254.75202044844627,83.0841248780489,0.0,36.0,0.0,1.0,0.53125,0.15625,0.3125,md_cpsr_dqn,lambda_0p3__rho_0p05
301,1301016,nominal,1.0,342.4720981121063,257.4989364743233,84.97315984964371,0.0,36.0,0.0,0.0,0.421875,0.1875,0.390625,md_cpsr_dqn,lambda_0p3__rho_0p05
301,1301017,nominal,1.0,320.76494852006437,247.1331825852394,73.63176890015602,0.0,33.0,0.0,3.0,0.40625,0.265625,0.328125,md_cpsr_dqn,lambda_0p3__rho_0p05
301,1301018,nominal,1.0,333.195992231369,252.08236598968506,81.11362662911415,0.0,34.0,0.0,0.0,0.390625,0.140625,0.46875,md_cpsr_dqn,lambda_0p3__rho_0p05
301,1301019,nominal,1.0,327.0572589933872,257.82560977339745,69.23165085911751,0.0,31.0,0.0,0.0,0.46875,0.21875,0.3125,md_cpsr_dqn,lambda_0p3__rho_0p05
301,1301000,burst,1.0,375.09604299279783,283.8283933997154,91.26765077027403,0.0,37.0,9.0,2.0,0.40625,0.21875,0.375,md_cpsr_dqn,lambda_0p3__rho_0p05
301,1301001,burst,1.0,348.69691422653614,249.9512256383896,98.74568840933271,2.0,38.0,19.0,0.0,0.40625,0.171875,0.421875,md_cpsr_dqn,lambda_0p3__rho_0p05
301,1301002,burst,1.0,320.0619334280491,241.235370606184,78.82656301558018,2.0,34.0,0.0,0.0,0.40625,0.171875,0.421875,md_cpsr_dqn,lambda_0p3__rho_0p05
301,1301003,burst,1.0,285.3863368630409,220.3059492111206,65.08038875460625,0.0,29.0,0.0,0.0,0.390625,0.21875,0.390625,md_cpsr_dqn,lambda_0p3__rho_0p05
301,1301004,burst,1.0,328.9728961288929,242.4325655400753,86.54033069312572,0.0,36.0,0.0,0.0,0.546875,0.171875,0.28125,md_cpsr_dqn,lambda_0p3__rho_0p05
301,1301005,burst,1.0,333.7308945953846,253.98956063389778,79.74133631587029,0.0,35.0,0.0,1.0,0.359375,0.21875,0.421875,md_cpsr_dqn,lambda_0p3__rho_0p05
301,1301006,burst,1.0,347.77127983570097,270.2360371351242,77.53524423539639,0.0,33.0,0.0,1.0,0.546875,0.15625,0.296875,md_cpsr_dqn,lambda_0p3__rho_0p05
301,1301007,burst,1.0,339.7719233036041,254.74682927131653,85.02509462833405,0.0,36.0,0.0,0.0,0.5,0.1875,0.3125,md_cpsr_dqn,lambda_0p3__rho_0p05
301,1301008,burst,1.0,434.18684744153666,319.72914150357246,114.45770426903427,3.0,37.0,25.0,0.0,0.53125,0.15625,0.3125,md_cpsr_dqn,lambda_0p3__rho_0p05
301,1301009,burst,1.0,323.30803045034406,251.62519574165344,71.68283554315568,3.0,30.0,0.0,1.0,0.53125,0.203125,0.265625,md_cpsr_dqn,lambda_0p3__rho_0p05
301,1301010,burst,1.0,348.7297630745172,267.5821958184242,81.14757059395315,0.0,34.0,3.0,1.0,0.515625,0.25,0.234375,md_cpsr_dqn,lambda_0p3__rho_0p05
301,1301011,burst,1.0,431.7743762750033,291.5064929127693,140.26788397318154,0.0,37.0,30.0,1.0,0.390625,0.28125,0.328125,md_cpsr_dqn,lambda_0p3__rho_0p05
301,1301012,burst,1.0,385.40207079052925,307.6512211859226,77.75084981322289,0.0,34.0,0.0,1.0,0.40625,0.28125,0.3125,md_cpsr_dqn,lambda_0p3__rho_0p05
301,1301013,burst,1.0,317.981543678738,233.2186564207077,84.76288845012319,0.0,35.0,4.0,1.0,0.40625,0.296875,0.296875,md_cpsr_dqn,lambda_0p3__rho_0p05
301,1301014,burst,1.0,311.1630223582384,222.84035217761993,88.32267006140916,0.0,34.0,13.0,1.0,0.5,0.171875,0.328125,md_cpsr_dqn,lambda_0p3__rho_0p05
301,1301015,burst,1.0,359.44406491022323,268.8571524322033,90.58691134553158,3.0,37.0,7.0,1.0,0.53125,0.15625,0.3125,md_cpsr_dqn,lambda_0p3__rho_0p05
301,1301016,burst,1.0,368.25838470458984,274.37901508808136,93.87937067449093,6.0,37.0,0.0,0.0,0.40625,0.203125,0.390625,md_cpsr_dqn,lambda_0p3__rho_0p05
301,1301017,burst,1.0,329.8068262666464,255.05863404273987,74.74819448888302,0.0,33.0,0.0,3.0,0.40625,0.28125,0.3125,md_cpsr_dqn,lambda_0p3__rho_0p05
301,1301018,burst,1.0,358.89085030555725,270.14916265010834,88.7416877746582,0.0,36.0,0.0,0.0,0.359375,0.140625,0.5,md_cpsr_dqn,lambda_0p3__rho_0p05
301,1301019,burst,1.0,345.2388784587383,266.9838443696499,78.25503379106522,0.0,34.0,0.0,0.0,0.421875,0.25,0.328125,md_cpsr_dqn,lambda_0p3__rho_0p05
301,1301000,link_limited,1.0,553.7819970496101,370.9512587785721,182.8307383902474,0.0,38.0,35.0,0.0,0.640625,0.109375,0.25,md_cpsr_dqn,lambda_0p3__rho_0p05
301,1301001,link_limited,1.0,430.33707436110393,331.09717535972595,99.23989915038968,0.0,40.0,8.0,0.0,0.59375,0.078125,0.328125,md_cpsr_dqn,lambda_0p3__rho_0p05
301,1301002,link_limited,1.0,411.04892162063766,308.33795896172523,102.71096246519721,0.0,38.0,18.0,0.0,0.546875,0.09375,0.359375,md_cpsr_dqn,lambda_0p3__rho_0p05
301,1301003,link_limited,1.0,316.0005612075329,246.03241369128227,69.96814788877964,0.0,32.0,0.0,0.0,0.59375,0.078125,0.328125,md_cpsr_dqn,lambda_0p3__rho_0p05
301,1301004,link_limited,1.0,385.5819897604088,272.0636927783489,113.51829713107142,0.0,38.0,22.0,0.0,0.71875,0.078125,0.203125,md_cpsr_dqn,lambda_0p3__rho_0p05
301,1301005,link_limited,1.0,413.5882001566166,316.3073554933071,97.28084600441399,0.0,38.0,9.0,0.0,0.671875,0.078125,0.25,md_cpsr_dqn,lambda_0p3__rho_0p05
301,1301006,link_limited,1.0,462.18339648562664,357.21584260463715,104.9675534935594,0.0,37.0,15.0,1.0,0.6875,0.078125,0.234375,md_cpsr_dqn,lambda_0p3__rho_0p05
301,1301007,link_limited,1.0,377.68549966812134,290.61954057216644,87.0659608244896,0.0,37.0,0.0,0.0,0.65625,0.046875,0.296875,md_cpsr_dqn,lambda_0p3__rho_0p05
301,1301008,link_limited,1.0,546.6501378803915,355.72234058380127,190.92779699856712,3.0,36.0,33.0,0.0,0.75,0.0625,0.1875,md_cpsr_dqn,lambda_0p3__rho_0p05
301,1301009,link_limited,1.0,394.1560095787048,318.10503327846527,76.05097731351853,0.0,33.0,0.0,1.0,0.703125,0.109375,0.1875,md_cpsr_dqn,lambda_0p3__rho_0p05
301,1301010,link_limited,1.0,419.6853836168514,316.57001864910126,103.11536639826177,0.0,38.0,10.0,0.0,0.6875,0.09375,0.21875,md_cpsr_dqn,lambda_0p3__rho_0p05
301,1301011,link_limited,1.0,506.5387072144748,326.6150486469269,179.9236584483387,0.0,37.0,33.0,0.0,0.65625,0.1875,0.15625,md_cpsr_dqn,lambda_0p3__rho_0p05
301,1301012,link_limited,1.0,500.5058971190303,373.07280004024506,127.43309788344796,0.0,37.0,24.0,1.0,0.625,0.140625,0.234375,md_cpsr_dqn,lambda_0p3__rho_0p05
301,1301013,link_limited,1.0,444.7957717178213,284.05837446451187,160.73739628473402,0.0,40.0,30.0,0.0,0.640625,0.171875,0.1875,md_cpsr_dqn,lambda_0p3__rho_0p05
301,1301014,link_limited,1.0,417.3806265247862,299.67720741033554,117.70341941247369,0.0,34.0,25.0,1.0,0.609375,0.09375,0.296875,md_cpsr_dqn,lambda_0p3__rho_0p05
301,1301015,link_limited,1.0,428.79517074354095,314.2067900300026,114.58837928302684,0.0,38.0,19.0,0.0,0.6875,0.09375,0.21875,md_cpsr_dqn,lambda_0p3__rho_0p05
301,1301016,link_limited,1.0,478.8087136029297,348.78185099363327,130.0268632649475,0.0,39.0,15.0,0.0,0.59375,0.078125,0.328125,md_cpsr_dqn,lambda_0p3__rho_0p05
301,1301017,link_limited,1.0,430.46065473861034,320.0337632894516,110.42689234322845,0.0,37.0,16.0,2.0,0.59375,0.15625,0.25,md_cpsr_dqn,lambda_0p3__rho_0p05
301,1301018,link_limited,1.0,449.9896765816212,360.0069673061371,89.98270861983299,0.0,36.0,4.0,0.0,0.59375,0.078125,0.328125,md_cpsr_dqn,lambda_0p3__rho_0p05
301,1301019,link_limited,1.0,409.5169602930546,330.5100617110729,79.00689673423767,0.0,34.0,0.0,0.0,0.609375,0.15625,0.234375,md_cpsr_dqn,lambda_0p3__rho_0p05
301,1301000,energy_limited,1.0,388.45770943164825,273.6786854863167,114.77902469038963,0.0,46.0,0.0,2.0,0.4375,0.1875,0.375,md_cpsr_dqn,lambda_0p3__rho_0p05
301,1301001,energy_limited,1.0,361.1101281642914,244.15039134025574,116.9597374945879,0.0,47.0,0.0,0.0,0.421875,0.140625,0.4375,md_cpsr_dqn,lambda_0p3__rho_0p05
301,1301002,energy_limited,1.0,343.74373438954353,236.5603606402874,107.18337485194206,0.0,44.0,0.0,0.0,0.421875,0.140625,0.4375,md_cpsr_dqn,lambda_0p3__rho_0p05
301,1301003,energy_limited,1.0,304.39993381500244,211.8330204486847,92.56691402196884,0.0,38.0,0.0,0.0,0.40625,0.203125,0.390625,md_cpsr_dqn,lambda_0p3__rho_0p05
301,1301004,energy_limited,1.0,337.9770339727402,229.36928486824036,108.60775047540665,0.0,45.0,0.0,0.0,0.5625,0.171875,0.265625,md_cpsr_dqn,lambda_0p3__rho_0p05
301,1301005,energy_limited,1.0,348.27736207842827,238.9673617184162,109.31000123918056,0.0,45.0,0.0,1.0,0.375,0.203125,0.421875,md_cpsr_dqn,lambda_0p3__rho_0p05
301,1301006,energy_limited,1.0,363.30597003698347,261.6432266831398,101.66274251937867,0.0,41.0,0.0,1.0,0.515625,0.15625,0.328125,md_cpsr_dqn,lambda_0p3__rho_0p05
301,1301007,energy_limited,1.0,351.7636013031006,238.10717868804932,113.65642124414444,0.0,45.0,0.0,0.0,0.53125,0.140625,0.328125,md_cpsr_dqn,lambda_0p3__rho_0p05
301,1301008,energy_limited,1.0,414.1090811592117,300.15158358216286,113.9574965190664,0.0,46.0,7.0,0.0,0.5625,0.125,0.3125,md_cpsr_dqn,lambda_0p3__rho_0p05
301,1301009,energy_limited,1.0,345.4366718173027,243.6875275373459,101.74914541244507,0.0,42.0,0.0,1.0,0.53125,0.203125,0.265625,md_cpsr_dqn,lambda_0p3__rho_0p05
301,1301010,energy_limited,1.0,375.72895497083664,265.035283267498,110.69367264211178,0.0,45.0,0.0,1.0,0.515625,0.234375,0.25,md_cpsr_dqn,lambda_0p3__rho_0p05
301,1301011,energy_limited,1.0,388.3775177625418,272.35540479421616,116.02211267030239,0.0,48.0,8.0,1.0,0.390625,0.28125,0.328125,md_cpsr_dqn,lambda_0p3__rho_0p05
301,1301012,energy_limited,1.0,409.535974830389,303.1356671154499,106.40030638873577,0.0,43.0,0.0,1.0,0.4375,0.234375,0.328125,md_cpsr_dqn,lambda_0p3__rho_0p05
301,1301013,energy_limited,1.0,344.48904424905777,228.12418872117996,116.36485734581947,0.0,47.0,0.0,0.0,0.40625,0.28125,0.3125,md_cpsr_dqn,lambda_0p3__rho_0p05
301,1301014,energy_limited,1.0,326.2232689857483,216.3698062300682,109.85346101224422,0.0,46.0,0.0,1.0,0.53125,0.15625,0.3125,md_cpsr_dqn,lambda_0p3__rho_0p05
301,1301015,energy_limited,1.0,374.76807540655136,257.270455211401,117.49762305617332,0.0,47.0,0.0,1.0,0.5,0.171875,0.328125,md_cpsr_dqn,lambda_0p3__rho_0p05
301,1301016,energy_limited,1.0,374.86019879579544,257.7649029493332,117.09529864788055,0.0,47.0,0.0,0.0,0.40625,0.203125,0.390625,md_cpsr_dqn,lambda_0p3__rho_0p05
301,1301017,energy_limited,1.0,360.91769960820676,249.114233314991,111.80346784293651,0.0,44.0,0.0,3.0,0.390625,0.265625,0.34375,md_cpsr_dqn,lambda_0p3__rho_0p05
301,1301018,energy_limited,1.0,361.06374955177307,252.58478701114655,108.47896358370781,0.0,44.0,0.0,0.0,0.390625,0.140625,0.46875,md_cpsr_dqn,lambda_0p3__rho_0p05
301,1301019,energy_limited,1.0,363.6272229552269,258.3675707578659,105.25965414941311,0.0,42.0,0.0,0.0,0.46875,0.21875,0.3125,md_cpsr_dqn,lambda_0p3__rho_0p05
301,1301000,thermal_stress,1.0,375.5196259042892,284.25197690725327,91.26765077027403,0.0,37.0,9.0,2.0,0.40625,0.21875,0.375,md_cpsr_dqn,lambda_0p3__rho_0p05
301,1301001,thermal_stress,1.0,349.0144697732967,250.2515674829483,98.76290318441816,2.0,38.0,19.0,0.0,0.40625,0.171875,0.421875,md_cpsr_dqn,lambda_0p3__rho_0p05
301,1301002,thermal_stress,1.0,320.4365283548832,241.5910306274891,78.8454951196909,2.0,34.0,0.0,0.0,0.40625,0.171875,0.421875,md_cpsr_dqn,lambda_0p3__rho_0p05
301,1301003,thermal_stress,1.0,285.66015461087227,220.57976618409157,65.08038875460625,0.0,29.0,0.0,0.0,0.390625,0.21875,0.390625,md_cpsr_dqn,lambda_0p3__rho_0p05
301,1301004,thermal_stress,1.0,329.3516892492771,242.81136015057564,86.54033069312572,0.0,36.0,0.0,0.0,0.546875,0.171875,0.28125,md_cpsr_dqn,lambda_0p3__rho_0p05
301,1301005,thermal_stress,1.0,334.09497502446175,254.35363826155663,79.74133631587029,0.0,35.0,0.0,1.0,0.359375,0.21875,0.421875,md_cpsr_dqn,lambda_0p3__rho_0p05
301,1301006,thermal_stress,1.0,348.167028927803,270.6317849159241,77.53524423539639,0.0,33.0,0.0,1.0,0.546875,0.15625,0.296875,md_cpsr_dqn,lambda_0p3__rho_0p05
301,1301007,thermal_stress,1.0,340.14022356271744,255.11512941122055,85.02509462833405,0.0,36.0,0.0,0.0,0.5,0.1875,0.3125,md_cpsr_dqn,lambda_0p3__rho_0p05
301,1301008,thermal_stress,1.0,434.7367283037727,320.155408591032,114.58131834183395,3.0,37.0,25.0,0.0,0.53125,0.15625,0.3125,md_cpsr_dqn,lambda_0p3__rho_0p05
301,1301009,thermal_stress,1.0,323.6155584692955,251.91293716430664,71.70262380838395,3.0,30.0,0.0,1.0,0.53125,0.203125,0.265625,md_cpsr_dqn,lambda_0p3__rho_0p05
301,1301010,thermal_stress,1.0,349.08031110346315,267.9327408671379,81.14757059395315,0.0,34.0,3.0,1.0,0.515625,0.25,0.234375,md_cpsr_dqn,lambda_0p3__rho_0p05
301,1301011,thermal_stress,1.0,432.09174066966807,291.82385647296906,140.26788397318154,0.0,37.0,30.0,1.0,0.390625,0.28125,0.328125,md_cpsr_dqn,lambda_0p3__rho_0p05
301,1301012,thermal_stress,1.0,385.7402439415455,307.9893942773342,77.75084981322289,0.0,34.0,0.0,1.0,0.40625,0.28125,0.3125,md_cpsr_dqn,lambda_0p3__rho_0p05
301,1301013,thermal_stress,1.0,318.2457858509792,233.48289942741394,84.76288845012319,0.0,35.0,4.0,1.0,0.40625,0.296875,0.296875,md_cpsr_dqn,lambda_0p3__rho_0p05
301,1301014,thermal_stress,1.0,311.5374901483652,223.21481972932816,88.32267006140916,0.0,34.0,13.0,1.0,0.5,0.171875,0.328125,md_cpsr_dqn,lambda_0p3__rho_0p05
301,1301015,thermal_stress,1.0,359.842343385031,269.21844533085823,90.62389936547481,3.0,37.0,7.0,1.0,0.53125,0.15625,0.3125,md_cpsr_dqn,lambda_0p3__rho_0p05
301,1301016,thermal_stress,1.0,368.6914292573929,274.7271522283554,93.96427653729916,6.0,37.0,0.0,0.0,0.40625,0.203125,0.390625,md_cpsr_dqn,lambda_0p3__rho_0p05
301,1301017,thermal_stress,1.0,330.2300530999899,255.48186081647873,74.74819448888302,0.0,33.0,0.0,3.0,0.40625,0.28125,0.3125,md_cpsr_dqn,lambda_0p3__rho_0p05
301,1301018,thermal_stress,1.0,359.3337285220623,270.59204164147377,88.7416877746582,0.0,36.0,0.0,0.0,0.359375,0.140625,0.5,md_cpsr_dqn,lambda_0p3__rho_0p05
301,1301019,thermal_stress,1.0,345.5122376680374,267.25720459222794,78.25503379106522,0.0,34.0,0.0,0.0,0.421875,0.25,0.328125,md_cpsr_dqn,lambda_0p3__rho_0p05
301,1301000,nominal,1.0,360.53367406129837,273.17284405231476,87.3608305901289,0.0,36.0,0.0,2.0,0.4375,0.1875,0.375,md_cpsr_dqn,lambda_0p3__rho_0p08
301,1301001,nominal,1.0,327.8790373802185,241.2328217625618,86.64621588587761,0.0,37.0,0.0,0.0,0.4375,0.140625,0.421875,md_cpsr_dqn,lambda_0p3__rho_0p08
301,1301002,nominal,1.0,307.19337978959084,233.47919991612434,73.7141822129488,0.0,33.0,0.0,0.0,0.4375,0.140625,0.421875,md_cpsr_dqn,lambda_0p3__rho_0p08
301,1301003,nominal,1.0,266.9673672914505,210.00222146511078,56.965147107839584,0.0,25.0,0.0,0.0,0.421875,0.203125,0.375,md_cpsr_dqn,lambda_0p3__rho_0p08
301,1301004,nominal,1.0,305.34831470251083,225.5878472328186,79.76046712696552,0.0,34.0,0.0,0.0,0.578125,0.15625,0.265625,md_cpsr_dqn,lambda_0p3__rho_0p08
301,1301005,nominal,1.0,312.51717522740364,236.45343974232674,76.06373652815819,0.0,34.0,0.0,1.0,0.390625,0.1875,0.421875,md_cpsr_dqn,lambda_0p3__rho_0p08
301,1301006,nominal,1.0,329.465154671669,258.6359952688217,70.82915904521943,0.0,29.0,0.0,1.0,0.515625,0.171875,0.3125,md_cpsr_dqn,lambda_0p3__rho_0p08
301,1301007,nominal,1.0,318.7645255327225,236.5183254480362,82.24620005488396,0.0,36.0,0.0,0.0,0.546875,0.140625,0.3125,md_cpsr_dqn,lambda_0p3__rho_0p08
301,1301008,nominal,1.0,390.57498377376294,297.2536331117153,93.32135110908251,0.0,36.0,11.0,0.0,0.578125,0.125,0.296875,md_cpsr_dqn,lambda_0p3__rho_0p08
301,1301009,nominal,1.0,307.8762617945671,242.99543344974518,64.88083007335663,0.0,27.0,0.0,1.0,0.53125,0.203125,0.265625,md_cpsr_dqn,lambda_0p3__rho_0p08
301,1301010,nominal,1.0,338.3140367358923,264.37602013349533,73.9380181670189,0.0,32.0,0.0,1.0,0.515625,0.25,0.234375,md_cpsr_dqn,lambda_0p3__rho_0p08
301,1301011,nominal,1.0,367.52143651962314,266.8874946832657,100.6339413595202,0.0,35.0,22.0,1.0,0.421875,0.28125,0.296875,md_cpsr_dqn,lambda_0p3__rho_0p08
301,1301012,nominal,1.0,375.13119688630104,302.35551902651787,72.77567851543427,0.0,33.0,0.0,1.0,0.453125,0.234375,0.3125,md_cpsr_dqn,lambda_0p3__rho_0p08
301,1301013,nominal,1.0,304.593279838562,224.0858879685402,80.50739251077175,0.0,34.0,0.0,0.0,0.421875,0.28125,0.296875,md_cpsr_dqn,lambda_0p3__rho_0p08
301,1301014,nominal,1.0,292.83320862054825,212.60981342196465,80.22339397668839,0.0,33.0,0.0,1.0,0.546875,0.15625,0.296875,md_cpsr_dqn,lambda_0p3__rho_0p08
301,1301015,nominal,1.0,337.8361448943615,254.75202044844627,83.0841248780489,0.0,36.0,0.0,1.0,0.53125,0.15625,0.3125,md_cpsr_dqn,lambda_0p3__rho_0p08
301,1301016,nominal,1.0,342.4720981121063,257.4989364743233,84.97315984964371,0.0,36.0,0.0,0.0,0.421875,0.1875,0.390625,md_cpsr_dqn,lambda_0p3__rho_0p08
301,1301017,nominal,1.0,317.7208063930273,243.96040213108063,73.76040570735931,0.0,33.0,0.0,3.0,0.4375,0.265625,0.296875,md_cpsr_dqn,lambda_0p3__rho_0p08
301,1301018,nominal,1.0,338.956945002079,262.1492749452591,76.80767154693604,0.0,32.0,0.0,0.0,0.390625,0.140625,0.46875,md_cpsr_dqn,lambda_0p3__rho_0p08
301,1301019,nominal,1.0,327.0572589933872,257.82560977339745,69.23165085911751,0.0,31.0,0.0,0.0,0.46875,0.21875,0.3125,md_cpsr_dqn,lambda_0p3__rho_0p08
301,1301000,burst,1.0,375.09604299279783,283.8283933997154,91.26765077027403,0.0,37.0,9.0,2.0,0.40625,0.21875,0.375,md_cpsr_dqn,lambda_0p3__rho_0p08
301,1301001,burst,1.0,348.69691422653614,249.9512256383896,98.74568840933271,2.0,38.0,19.0,0.0,0.40625,0.171875,0.421875,md_cpsr_dqn,lambda_0p3__rho_0p08
301,1301002,burst,1.0,320.0619334280491,241.235370606184,78.82656301558018,2.0,34.0,0.0,0.0,0.40625,0.171875,0.421875,md_cpsr_dqn,lambda_0p3__rho_0p08
301,1301003,burst,1.0,285.3863368630409,220.3059492111206,65.08038875460625,0.0,29.0,0.0,0.0,0.390625,0.21875,0.390625,md_cpsr_dqn,lambda_0p3__rho_0p08
301,1301004,burst,1.0,328.9728961288929,242.4325655400753,86.54033069312572,0.0,36.0,0.0,0.0,0.546875,0.171875,0.28125,md_cpsr_dqn,lambda_0p3__rho_0p08
301,1301005,burst,1.0,333.7308945953846,253.98956063389778,79.74133631587029,0.0,35.0,0.0,1.0,0.359375,0.21875,0.421875,md_cpsr_dqn,lambda_0p3__rho_0p08
301,1301006,burst,1.0,347.3667763710022,270.63359320163727,76.73318470418454,0.0,32.0,0.0,1.0,0.5,0.1875,0.3125,md_cpsr_dqn,lambda_0p3__rho_0p08
301,1301007,burst,1.0,339.87843829393387,252.44302475452423,87.43541078269482,0.0,37.0,0.0,0.0,0.5,0.171875,0.328125,md_cpsr_dqn,lambda_0p3__rho_0p08
301,1301008,burst,1.0,434.18684744153666,319.72914150357246,114.45770426903427,3.0,37.0,25.0,0.0,0.53125,0.15625,0.3125,md_cpsr_dqn,lambda_0p3__rho_0p08
301,1301009,burst,1.0,332.137942636013,260.4551079273224,71.68283554315568,3.0,30.0,0.0,1.0,0.515625,0.203125,0.28125,md_cpsr_dqn,lambda_0p3__rho_0p08
301,1301010,burst,1.0,349.5094124704599,270.02347749471664,79.48593625724317,0.0,33.0,1.0,1.0,0.515625,0.25,0.234375,md_cpsr_dqn,lambda_0p3__rho_0p08
301,1301011,burst,1.0,431.7743762750033,291.5064929127693,140.26788397318154,0.0,37.0,30.0,1.0,0.390625,0.28125,0.328125,md_cpsr_dqn,lambda_0p3__rho_0p08
301,1301012,burst,1.0,385.10556653141975,307.30328050255775,77.80228558182716,0.0,34.0,0.0,1.0,0.421875,0.28125,0.296875,md_cpsr_dqn,lambda_0p3__rho_0p08
301,1301013,burst,1.0,318.40558155248294,233.1492926478386,85.2562896199001,0.0,35.0,4.0,1.0,0.40625,0.28125,0.3125,md_cpsr_dqn,lambda_0p3__rho_0p08
301,1301014,burst,1.0,312.283341398517,221.45899868011475,90.82434218196039,0.0,34.0,16.0,1.0,0.484375,0.1875,0.328125,md_cpsr_dqn,lambda_0p3__rho_0p08
301,1301015,burst,1.0,359.44406491022323,268.8571524322033,90.58691134553158,3.0,37.0,7.0,1.0,0.53125,0.15625,0.3125,md_cpsr_dqn,lambda_0p3__rho_0p08
301,1301016,burst,1.0,368.25838470458984,274.37901508808136,93.87937067449093,6.0,37.0,0.0,0.0,0.40625,0.203125,0.390625,md_cpsr_dqn,lambda_0p3__rho_0p08
301,1301017,burst,1.0,327.66363588273526,254.02386593818665,73.63977054059505,0.0,33.0,0.0,3.0,0.421875,0.296875,0.28125,md_cpsr_dqn,lambda_0p3__rho_0p08
301,1301018,burst,1.0,355.1327140927315,270.00769597291946,85.125020429492,0.0,36.0,0.0,0.0,0.375,0.15625,0.46875,md_cpsr_dqn,lambda_0p3__rho_0p08
301,1301019,burst,1.0,346.76887676119804,268.5138426721096,78.25503379106522,0.0,34.0,0.0,0.0,0.4375,0.25,0.3125,md_cpsr_dqn,lambda_0p3__rho_0p08
301,1301000,link_limited,1.0,553.7819970496101,370.9512587785721,182.8307383902474,0.0,38.0,35.0,0.0,0.640625,0.109375,0.25,md_cpsr_dqn,lambda_0p3__rho_0p08
301,1301001,link_limited,1.0,446.2710520038248,334.71637123823166,111.55468183847684,0.0,40.0,24.0,0.0,0.59375,0.09375,0.3125,md_cpsr_dqn,lambda_0p3__rho_0p08
301,1301002,link_limited,1.0,411.04892162063766,308.33795896172523,102.71096246519721,0.0,38.0,18.0,0.0,0.546875,0.09375,0.359375,md_cpsr_dqn,lambda_0p3__rho_0p08
301,1301003,link_limited,1.0,314.16880056262016,244.20065268874168,69.96814788877964,0.0,32.0,0.0,0.0,0.59375,0.09375,0.3125,md_cpsr_dqn,lambda_0p3__rho_0p08
301,1301004,link_limited,1.0,385.5819897604088,272.0636927783489,113.51829713107142,0.0,38.0,22.0,0.0,0.71875,0.078125,0.203125,md_cpsr_dqn,lambda_0p3__rho_0p08
301,1301005,link_limited,1.0,412.6877244605297,316.00491109490395,96.68281375305595,0.0,38.0,9.0,0.0,0.671875,0.078125,0.25,md_cpsr_dqn,lambda_0p3__rho_0p08
301,1301006,link_limited,1.0,462.18339648562664,357.21584260463715,104.9675534935594,0.0,37.0,15.0,1.0,0.6875,0.078125,0.234375,md_cpsr_dqn,lambda_0p3__rho_0p08
301,1301007,link_limited,1.0,377.68549966812134,290.61954057216644,87.0659608244896,0.0,37.0,0.0,0.0,0.65625,0.046875,0.296875,md_cpsr_dqn,lambda_0p3__rho_0p08
301,1301008,link_limited,1.0,546.6501378803915,355.72234058380127,190.92779699856712,3.0,36.0,33.0,0.0,0.75,0.0625,0.1875,md_cpsr_dqn,lambda_0p3__rho_0p08
301,1301009,link_limited,1.0,388.7247418403625,312.673765540123,76.05097731351853,0.0,33.0,0.0,1.0,0.6875,0.125,0.1875,md_cpsr_dqn,lambda_0p3__rho_0p08
301,1301010,link_limited,1.0,422.5375721816403,314.23803943395615,108.29953331392842,0.0,38.0,17.0,0.0,0.703125,0.078125,0.21875,md_cpsr_dqn,lambda_0p3__rho_0p08
301,1301011,link_limited,1.0,506.5387072144748,326.6150486469269,179.9236584483387,0.0,37.0,33.0,0.0,0.65625,0.1875,0.15625,md_cpsr_dqn,lambda_0p3__rho_0p08
301,1301012,link_limited,1.0,500.5058971190303,373.07280004024506,127.43309788344796,0.0,37.0,24.0,1.0,0.625,0.140625,0.234375,md_cpsr_dqn,lambda_0p3__rho_0p08
301,1301013,link_limited,1.0,444.7957717178213,284.05837446451187,160.73739628473402,0.0,40.0,30.0,0.0,0.640625,0.171875,0.1875,md_cpsr_dqn,lambda_0p3__rho_0p08
301,1301014,link_limited,1.0,417.3806265247862,299.67720741033554,117.70341941247369,0.0,34.0,25.0,1.0,0.609375,0.09375,0.296875,md_cpsr_dqn,lambda_0p3__rho_0p08
301,1301015,link_limited,1.0,428.79517074354095,314.2067900300026,114.58837928302684,0.0,38.0,19.0,0.0,0.6875,0.09375,0.21875,md_cpsr_dqn,lambda_0p3__rho_0p08
301,1301016,link_limited,1.0,478.8087136029297,348.78185099363327,130.0268632649475,0.0,39.0,15.0,0.0,0.59375,0.078125,0.328125,md_cpsr_dqn,lambda_0p3__rho_0p08
301,1301017,link_limited,1.0,436.2890192539745,317.0109393000603,119.27807870221672,0.0,37.0,17.0,1.0,0.609375,0.15625,0.234375,md_cpsr_dqn,lambda_0p3__rho_0p08
301,1301018,link_limited,1.0,449.9896765816212,360.0069673061371,89.98270861983299,0.0,36.0,4.0,0.0,0.59375,0.078125,0.328125,md_cpsr_dqn,lambda_0p3__rho_0p08
301,1301019,link_limited,1.0,409.5169602930546,330.5100617110729,79.00689673423767,0.0,34.0,0.0,0.0,0.609375,0.15625,0.234375,md_cpsr_dqn,lambda_0p3__rho_0p08
301,1301000,energy_limited,1.0,388.45770943164825,273.6786854863167,114.77902469038963,0.0,46.0,0.0,2.0,0.4375,0.1875,0.375,md_cpsr_dqn,lambda_0p3__rho_0p08
301,1301001,energy_limited,1.0,358.55784606933594,241.59810996055603,116.9597374945879,0.0,47.0,0.0,0.0,0.4375,0.140625,0.421875,md_cpsr_dqn,lambda_0p3__rho_0p08
301,1301002,energy_limited,1.0,343.74373438954353,236.5603606402874,107.18337485194206,0.0,44.0,0.0,0.0,0.421875,0.140625,0.4375,md_cpsr_dqn,lambda_0p3__rho_0p08
301,1301003,energy_limited,1.0,303.1355404853821,210.65604668855667,92.47949546575546,0.0,38.0,0.0,0.0,0.421875,0.203125,0.375,md_cpsr_dqn,lambda_0p3__rho_0p08
301,1301004,energy_limited,1.0,337.35836374759674,226.99398690462112,110.36437720060349,0.0,45.0,0.0,0.0,0.578125,0.15625,0.265625,md_cpsr_dqn,lambda_0p3__rho_0p08
301,1301005,energy_limited,1.0,348.27736207842827,238.9673617184162,109.31000123918056,0.0,45.0,0.0,1.0,0.375,0.203125,0.421875,md_cpsr_dqn,lambda_0p3__rho_0p08
301,1301006,energy_limited,1.0,362.0247436404228,260.36199951171875,101.66274251937867,0.0,41.0,0.0,1.0,0.5,0.171875,0.328125,md_cpsr_dqn,lambda_0p3__rho_0p08
301,1301007,energy_limited,1.0,351.7636013031006,238.10717868804932,113.65642124414444,0.0,45.0,0.0,0.0,0.53125,0.140625,0.328125,md_cpsr_dqn,lambda_0p3__rho_0p08
301,1301008,energy_limited,1.0,414.3616623263905,297.8191500008106,116.54251240008576,0.0,46.0,11.0,0.0,0.578125,0.125,0.296875,md_cpsr_dqn,lambda_0p3__rho_0p08
301,1301009,energy_limited,1.0,345.4366718173027,243.6875275373459,101.74914541244507,0.0,42.0,0.0,1.0,0.53125,0.203125,0.265625,md_cpsr_dqn,lambda_0p3__rho_0p08
301,1301010,energy_limited,1.0,375.72895497083664,265.035283267498,110.69367264211178,0.0,45.0,0.0,1.0,0.515625,0.234375,0.25,md_cpsr_dqn,lambda_0p3__rho_0p08
301,1301011,energy_limited,1.0,388.3775177625418,272.35540479421616,116.02211267030239,0.0,48.0,8.0,1.0,0.390625,0.28125,0.328125,md_cpsr_dqn,lambda_0p3__rho_0p08
301,1301012,energy_limited,1.0,409.2948255240917,302.85851469635963,106.43631164729595,0.0,43.0,0.0,1.0,0.453125,0.234375,0.3125,md_cpsr_dqn,lambda_0p3__rho_0p08
301,1301013,energy_limited,1.0,344.48904424905777,228.12418872117996,116.36485734581947,0.0,47.0,0.0,0.0,0.40625,0.28125,0.3125,md_cpsr_dqn,lambda_0p3__rho_0p08
301,1301014,energy_limited,1.0,322.7645192146301,212.91105610132217,109.85346101224422,0.0,46.0,0.0,1.0,0.53125,0.171875,0.296875,md_cpsr_dqn,lambda_0p3__rho_0p08
301,1301015,energy_limited,1.0,374.76807540655136,257.270455211401,117.49762305617332,0.0,47.0,0.0,1.0,0.5,0.171875,0.328125,md_cpsr_dqn,lambda_0p3__rho_0p08
301,1301016,energy_limited,1.0,374.7276299595833,257.92455542087555,116.80307346582413,0.0,47.0,0.0,0.0,0.421875,0.1875,0.390625,md_cpsr_dqn,lambda_0p3__rho_0p08
301,1301017,energy_limited,1.0,358.8917062610388,247.08823996782303,111.80346784293651,0.0,44.0,0.0,3.0,0.40625,0.265625,0.328125,md_cpsr_dqn,lambda_0p3__rho_0p08
301,1301018,energy_limited,1.0,367.87613052129745,262.6671199798584,105.20901188254356,0.0,43.0,0.0,0.0,0.390625,0.140625,0.46875,md_cpsr_dqn,lambda_0p3__rho_0p08
301,1301019,energy_limited,1.0,363.6272229552269,258.3675707578659,105.25965414941311,0.0,42.0,0.0,0.0,0.46875,0.21875,0.3125,md_cpsr_dqn,lambda_0p3__rho_0p08
301,1301000,thermal_stress,1.0,375.5196259042892,284.25197690725327,91.26765077027403,0.0,37.0,9.0,2.0,0.40625,0.21875,0.375,md_cpsr_dqn,lambda_0p3__rho_0p08
301,1301001,thermal_stress,1.0,349.0144697732967,250.2515674829483,98.76290318441816,2.0,38.0,19.0,0.0,0.40625,0.171875,0.421875,md_cpsr_dqn,lambda_0p3__rho_0p08
301,1301002,thermal_stress,1.0,320.4365283548832,241.5910306274891,78.8454951196909,2.0,34.0,0.0,0.0,0.40625,0.171875,0.421875,md_cpsr_dqn,lambda_0p3__rho_0p08
301,1301003,thermal_stress,1.0,285.7440370619297,220.55760648846626,65.18643268942833,0.0,29.0,0.0,0.0,0.40625,0.21875,0.375,md_cpsr_dqn,lambda_0p3__rho_0p08
301,1301004,thermal_stress,1.0,329.3516892492771,242.81136015057564,86.54033069312572,0.0,36.0,0.0,0.0,0.546875,0.171875,0.28125,md_cpsr_dqn,lambda_0p3__rho_0p08
301,1301005,thermal_stress,1.0,334.09497502446175,254.35363826155663,79.74133631587029,0.0,35.0,0.0,1.0,0.359375,0.21875,0.421875,md_cpsr_dqn,lambda_0p3__rho_0p08
301,1301006,thermal_stress,1.0,347.6800804376602,270.1448390483856,77.53524423539639,0.0,33.0,0.0,1.0,0.515625,0.171875,0.3125,md_cpsr_dqn,lambda_0p3__rho_0p08
301,1301007,thermal_stress,1.0,340.2733617424965,252.837950527668,87.43541078269482,0.0,37.0,0.0,0.0,0.5,0.171875,0.328125,md_cpsr_dqn,lambda_0p3__rho_0p08
301,1301008,thermal_stress,1.0,434.7367283037727,320.155408591032,114.58131834183395,3.0,37.0,25.0,0.0,0.53125,0.15625,0.3125,md_cpsr_dqn,lambda_0p3__rho_0p08
301,1301009,thermal_stress,1.0,332.4454677939415,260.7428455352783,71.70262380838395,3.0,30.0,0.0,1.0,0.515625,0.203125,0.28125,md_cpsr_dqn,lambda_0p3__rho_0p08
301,1301010,thermal_stress,1.0,349.87563574612136,270.3897004723549,79.48593625724317,0.0,33.0,1.0,1.0,0.515625,0.25,0.234375,md_cpsr_dqn,lambda_0p3__rho_0p08
301,1301011,thermal_stress,1.0,432.09174066966807,291.82385647296906,140.26788397318154,0.0,37.0,30.0,1.0,0.390625,0.28125,0.328125,md_cpsr_dqn,lambda_0p3__rho_0p08
301,1301012,thermal_stress,1.0,385.4456790983677,307.6433915793896,77.80228558182716,0.0,34.0,0.0,1.0,0.421875,0.28125,0.296875,md_cpsr_dqn,lambda_0p3__rho_0p08
301,1301013,thermal_stress,1.0,318.68438883493076,233.42809861898422,85.2562896199001,0.0,35.0,4.0,1.0,0.40625,0.28125,0.3125,md_cpsr_dqn,lambda_0p3__rho_0p08
301,1301014,thermal_stress,1.0,312.65751825837265,221.83317548036575,90.82434218196039,0.0,34.0,16.0,1.0,0.484375,0.1875,0.328125,md_cpsr_dqn,lambda_0p3__rho_0p08
301,1301015,thermal_stress,1.0,359.842343385031,269.21844533085823,90.62389936547481,3.0,37.0,7.0,1.0,0.53125,0.15625,0.3125,md_cpsr_dqn,lambda_0p3__rho_0p08
301,1301016,thermal_stress,1.0,368.6914292573929,274.7271522283554,93.96427653729916,6.0,37.0,0.0,0.0,0.40625,0.203125,0.390625,md_cpsr_dqn,lambda_0p3__rho_0p08
301,1301017,thermal_stress,1.0,328.0866810411215,254.44691145420074,73.63977054059505,0.0,33.0,0.0,3.0,0.421875,0.296875,0.28125,md_cpsr_dqn,lambda_0p3__rho_0p08
301,1301018,thermal_stress,1.0,355.5735913813114,270.4485715329647,85.125020429492,0.0,36.0,0.0,0.0,0.375,0.15625,0.46875,md_cpsr_dqn,lambda_0p3__rho_0p08
301,1301019,thermal_stress,1.0,347.0422383546829,268.787205517292,78.25503379106522,0.0,34.0,0.0,0.0,0.4375,0.25,0.3125,md_cpsr_dqn,lambda_0p3__rho_0p08
301,1301000,nominal,1.0,358.14690405130386,270.78607392311096,87.3608305901289,0.0,36.0,0.0,2.0,0.453125,0.171875,0.375,md_cpsr_dqn,lambda_1__rho_0p03
301,1301001,nominal,1.0,338.4785499572754,251.8323354125023,86.64621588587761,0.0,37.0,0.0,0.0,0.46875,0.140625,0.390625,md_cpsr_dqn,lambda_1__rho_0p03
301,1301002,nominal,1.0,305.20075288414955,231.87187030911446,73.32888203859329,0.0,32.0,0.0,0.0,0.453125,0.140625,0.40625,md_cpsr_dqn,lambda_1__rho_0p03
301,1301003,nominal,1.0,266.05195704102516,208.4989502131939,57.55300709605217,0.0,25.0,0.0,0.0,0.46875,0.1875,0.34375,md_cpsr_dqn,lambda_1__rho_0p03
301,1301004,nominal,1.0,305.29485765099525,230.37264755368233,74.92221143841743,0.0,33.0,0.0,0.0,0.578125,0.171875,0.25,md_cpsr_dqn,lambda_1__rho_0p03
301,1301005,nominal,1.0,308.78395703434944,232.72022214531898,76.06373652815819,0.0,34.0,0.0,1.0,0.421875,0.171875,0.40625,md_cpsr_dqn,lambda_1__rho_0p03
301,1301006,nominal,1.0,330.8956818819046,259.36401319503784,71.53166774809361,0.0,31.0,0.0,1.0,0.546875,0.140625,0.3125,md_cpsr_dqn,lambda_1__rho_0p03
301,1301007,nominal,1.0,316.1311895251274,236.53879195451736,79.59239774942398,0.0,34.0,0.0,0.0,0.578125,0.140625,0.28125,md_cpsr_dqn,lambda_1__rho_0p03
301,1301008,nominal,1.0,387.8978005887195,302.3091605603695,85.58863984953612,0.0,36.0,7.0,0.0,0.578125,0.140625,0.28125,md_cpsr_dqn,lambda_1__rho_0p03
301,1301009,nominal,1.0,317.165259206295,251.58055168390274,65.58470978736878,0.0,28.0,0.0,1.0,0.546875,0.203125,0.25,md_cpsr_dqn,lambda_1__rho_0p03
301,1301010,nominal,1.0,342.3399674296379,269.51383876800537,72.82612971961498,0.0,32.0,0.0,0.0,0.546875,0.234375,0.21875,md_cpsr_dqn,lambda_1__rho_0p03
301,1301011,nominal,1.0,359.5479434323363,266.88785791397095,92.6600865763478,0.0,34.0,13.0,1.0,0.4375,0.28125,0.28125,md_cpsr_dqn,lambda_1__rho_0p03
301,1301012,nominal,1.0,375.13119688630104,302.35551902651787,72.77567851543427,0.0,33.0,0.0,1.0,0.453125,0.234375,0.3125,md_cpsr_dqn,lambda_1__rho_0p03
301,1301013,nominal,1.0,304.2509346604347,226.45020592212677,77.80072844028473,0.0,33.0,0.0,0.0,0.4375,0.28125,0.28125,md_cpsr_dqn,lambda_1__rho_0p03
301,1301014,nominal,1.0,296.2948554158211,216.07145988941193,80.22339397668839,0.0,33.0,0.0,1.0,0.546875,0.140625,0.3125,md_cpsr_dqn,lambda_1__rho_0p03
301,1301015,nominal,1.0,337.4299830496311,257.78146693110466,79.64851579070091,0.0,34.0,0.0,1.0,0.53125,0.171875,0.296875,md_cpsr_dqn,lambda_1__rho_0p03
301,1301016,nominal,1.0,342.4720981121063,257.4989364743233,84.97315984964371,0.0,36.0,0.0,0.0,0.421875,0.1875,0.390625,md_cpsr_dqn,lambda_1__rho_0p03
301,1301017,nominal,1.0,322.53461340367795,248.77420926094055,73.76040570735931,0.0,33.0,0.0,3.0,0.4375,0.28125,0.28125,md_cpsr_dqn,lambda_1__rho_0p03
301,1301018,nominal,1.0,330.5612946152687,255.82716190814972,74.73413288593292,0.0,32.0,0.0,0.0,0.421875,0.15625,0.421875,md_cpsr_dqn,lambda_1__rho_0p03
301,1301019,nominal,1.0,330.5700279176235,260.8897585570812,69.68026885390282,0.0,30.0,0.0,0.0,0.484375,0.1875,0.328125,md_cpsr_dqn,lambda_1__rho_0p03
301,1301000,burst,1.0,375.7803294465217,281.4805399775505,94.29979046734893,0.0,37.0,10.0,2.0,0.421875,0.203125,0.375,md_cpsr_dqn,lambda_1__rho_0p03
301,1301001,burst,1.0,358.7691926956177,265.27214872837067,93.49704486131668,2.0,38.0,0.0,0.0,0.453125,0.15625,0.390625,md_cpsr_dqn,lambda_1__rho_0p03
301,1301002,burst,1.0,320.0619334280491,241.235370606184,78.82656301558018,2.0,34.0,0.0,0.0,0.40625,0.171875,0.421875,md_cpsr_dqn,lambda_1__rho_0p03
301,1301003,burst,1.0,284.5531205236912,218.80088630318642,65.75223550200462,0.0,29.0,0.0,0.0,0.4375,0.203125,0.359375,md_cpsr_dqn,lambda_1__rho_0p03
301,1301004,burst,1.0,328.3152647316456,245.2705462872982,83.04472032189369,0.0,35.0,0.0,0.0,0.5625,0.1875,0.25,md_cpsr_dqn,lambda_1__rho_0p03
301,1301005,burst,1.0,330.1462230980396,250.40488854050636,79.74133631587029,0.0,35.0,0.0,1.0,0.390625,0.203125,0.40625,md_cpsr_dqn,lambda_1__rho_0p03
301,1301006,burst,1.0,347.77127983570097,270.2360371351242,77.53524423539639,0.0,33.0,0.0,1.0,0.546875,0.15625,0.296875,md_cpsr_dqn,lambda_1__rho_0p03
301,1301007,burst,1.0,338.3976101875305,252.63642007112503,85.76118867099285,0.0,36.0,0.0,0.0,0.546875,0.15625,0.296875,md_cpsr_dqn,lambda_1__rho_0p03
301,1301008,burst,1.0,428.6237773957615,328.99601206183434,99.62776598957832,3.0,37.0,13.0,0.0,0.546875,0.15625,0.296875,md_cpsr_dqn,lambda_1__rho_0p03
301,1301009,burst,1.0,331.9437139868736,259.6572000980377,72.28651388883591,2.0,30.0,0.0,1.0,0.546875,0.203125,0.25,md_cpsr_dqn,lambda_1__rho_0p03
301,1301010,burst,1.0,352.50603526830673,272.5110529065132,79.99498277902603,0.0,34.0,0.0,0.0,0.53125,0.25,0.21875,md_cpsr_dqn,lambda_1__rho_0p03
301,1301011,burst,1.0,431.7743762750033,291.5064929127693,140.26788397318154,0.0,37.0,30.0,1.0,0.390625,0.28125,0.328125,md_cpsr_dqn,lambda_1__rho_0p03
301,1301012,burst,1.0,385.10556653141975,307.30328050255775,77.80228558182716,0.0,34.0,0.0,1.0,0.421875,0.28125,0.296875,md_cpsr_dqn,lambda_1__rho_0p03
301,1301013,burst,1.0,317.1883871703655,234.78416293859482,82.4042247682125,0.0,33.0,3.0,1.0,0.421875,0.296875,0.28125,md_cpsr_dqn,lambda_1__rho_0p03
301,1301014,burst,1.0,313.77112668068185,222.85395407676697,90.9171732595659,0.0,34.0,17.0,1.0,0.515625,0.171875,0.3125,md_cpsr_dqn,lambda_1__rho_0p03
301,1301015,burst,1.0,358.43546653884596,271.7593829333782,86.67608312863057,3.0,35.0,3.0,1.0,0.53125,0.171875,0.296875,md_cpsr_dqn,lambda_1__rho_0p03
301,1301016,burst,1.0,368.25838470458984,274.37901508808136,93.87937067449093,6.0,37.0,0.0,0.0,0.40625,0.203125,0.390625,md_cpsr_dqn,lambda_1__rho_0p03
301,1301017,burst,1.0,332.4655143350363,258.82574486732483,73.63977054059505,0.0,33.0,0.0,3.0,0.421875,0.3125,0.265625,md_cpsr_dqn,lambda_1__rho_0p03
301,1301018,burst,1.0,348.6774135231972,263.55239349603653,85.125020429492,0.0,36.0,0.0,0.0,0.390625,0.171875,0.4375,md_cpsr_dqn,lambda_1__rho_0p03
301,1301019,burst,1.0,351.89254942536354,277.7985747754574,74.09397393465042,0.0,31.0,0.0,0.0,0.484375,0.203125,0.3125,md_cpsr_dqn,lambda_1__rho_0p03
301,1301000,link_limited,1.0,558.8650057468268,376.77017492055893,182.0948307666634,0.0,38.0,35.0,0.0,0.6875,0.109375,0.203125,md_cpsr_dqn,lambda_1__rho_0p03
301,1301001,link_limited,1.0,444.78378656666763,331.80491429567337,112.97887239020369,0.0,40.0,24.0,0.0,0.640625,0.109375,0.25,md_cpsr_dqn,lambda_1__rho_0p03
301,1301002,link_limited,1.0,419.2223777705733,308.10741981863976,111.11495887580551,0.0,38.0,20.0,0.0,0.5625,0.09375,0.34375,md_cpsr_dqn,lambda_1__rho_0p03
301,1301003,link_limited,1.0,317.74302834272385,249.3420246243477,68.40100520849228,0.0,31.0,0.0,0.0,0.640625,0.078125,0.28125,md_cpsr_dqn,lambda_1__rho_0p03
301,1301004,link_limited,1.0,392.1590422760822,271.7661652266979,120.39287701958196,0.0,38.0,24.0,0.0,0.734375,0.078125,0.1875,md_cpsr_dqn,lambda_1__rho_0p03
301,1301005,link_limited,1.0,401.25367778941296,307.1408753693104,94.11280313535833,0.0,36.0,12.0,0.0,0.703125,0.109375,0.1875,md_cpsr_dqn,lambda_1__rho_0p03
301,1301006,link_limited,1.0,465.560523829639,354.2119520306587,111.34857212680579,0.0,37.0,16.0,1.0,0.703125,0.078125,0.21875,md_cpsr_dqn,lambda_1__rho_0p03
301,1301007,link_limited,1.0,370.0826606750488,283.0167011022568,87.0659608244896,0.0,37.0,0.0,0.0,0.671875,0.046875,0.28125,md_cpsr_dqn,lambda_1__rho_0p03
301,1301008,link_limited,1.0,533.7600433414387,354.93178790807724,178.8282554035593,3.0,37.0,29.0,0.0,0.796875,0.0625,0.140625,md_cpsr_dqn,lambda_1__rho_0p03
301,1301009,link_limited,1.0,394.1560095787048,318.10503327846527,76.05097731351853,0.0,33.0,0.0,1.0,0.703125,0.109375,0.1875,md_cpsr_dqn,lambda_1__rho_0p03
301,1301010,link_limited,1.0,423.8267051140203,315.40353322029114,108.42317091025251,0.0,37.0,21.0,0.0,0.71875,0.078125,0.203125,md_cpsr_dqn,lambda_1__rho_0p03
301,1301011,link_limited,1.0,526.5736779417397,327.14293384552,199.4307441409232,0.0,38.0,36.0,0.0,0.671875,0.203125,0.125,md_cpsr_dqn,lambda_1__rho_0p03
301,1301012,link_limited,1.0,508.62798740588124,375.07603031396866,133.55195747934278,0.0,37.0,28.0,1.0,0.640625,0.140625,0.21875,md_cpsr_dqn,lambda_1__rho_0p03
301,1301013,link_limited,1.0,430.2923637190838,285.53330421447754,144.7590589532634,0.0,40.0,24.0,1.0,0.640625,0.1875,0.171875,md_cpsr_dqn,lambda_1__rho_0p03
301,1301014,link_limited,1.0,418.02361120210094,300.6751784682274,117.3484330318966,0.0,34.0,25.0,1.0,0.625,0.09375,0.28125,md_cpsr_dqn,lambda_1__rho_0p03
301,1301015,link_limited,1.0,428.79517074354095,314.2067900300026,114.58837928302684,0.0,38.0,19.0,0.0,0.6875,0.09375,0.21875,md_cpsr_dqn,lambda_1__rho_0p03
301,1301016,link_limited,1.0,482.0816728050705,354.1089246869087,127.97274826717334,0.0,39.0,16.0,0.0,0.65625,0.09375,0.25,md_cpsr_dqn,lambda_1__rho_0p03
301,1301017,link_limited,1.0,438.7003882082552,315.20227164030075,123.49811698518695,0.0,37.0,20.0,1.0,0.640625,0.140625,0.21875,md_cpsr_dqn,lambda_1__rho_0p03
301,1301018,link_limited,1.0,450.0554415471554,359.9925382733345,90.06290291619301,0.0,36.0,4.0,0.0,0.609375,0.0625,0.328125,md_cpsr_dqn,lambda_1__rho_0p03
301,1301019,link_limited,1.0,409.33840957283974,333.2160922586918,76.12231603264809,0.0,32.0,0.0,0.0,0.625,0.140625,0.234375,md_cpsr_dqn,lambda_1__rho_0p03
301,1301000,energy_limited,1.0,386.07093942165375,271.2919153571129,114.77902469038963,0.0,46.0,0.0,2.0,0.453125,0.171875,0.375,md_cpsr_dqn,lambda_1__rho_0p03
301,1301001,energy_limited,1.0,368.79933631420135,253.63727015256882,115.16206622123718,0.0,46.0,0.0,0.0,0.453125,0.15625,0.390625,md_cpsr_dqn,lambda_1__rho_0p03
301,1301002,energy_limited,1.0,341.5025019943714,232.47399905323982,109.0285013616085,0.0,45.0,0.0,0.0,0.453125,0.140625,0.40625,md_cpsr_dqn,lambda_1__rho_0p03
301,1301003,energy_limited,1.0,303.2385657131672,210.63977095484734,92.59879463911057,0.0,38.0,0.0,0.0,0.4375,0.203125,0.359375,md_cpsr_dqn,lambda_1__rho_0p03
301,1301004,energy_limited,1.0,337.9770339727402,229.36928486824036,108.60775047540665,0.0,45.0,0.0,0.0,0.5625,0.171875,0.265625,md_cpsr_dqn,lambda_1__rho_0p03
301,1301005,energy_limited,1.0,343.210716098547,233.22231873869896,109.98839966952801,0.0,45.0,0.0,1.0,0.421875,0.171875,0.40625,md_cpsr_dqn,lambda_1__rho_0p03
301,1301006,energy_limited,1.0,363.30597003698347,261.6432266831398,101.66274251937867,0.0,41.0,0.0,1.0,0.515625,0.15625,0.328125,md_cpsr_dqn,lambda_1__rho_0p03
301,1301007,energy_limited,1.0,348.5604056119919,237.14938592910767,111.41102038323879,0.0,45.0,0.0,0.0,0.578125,0.140625,0.28125,md_cpsr_dqn,lambda_1__rho_0p03
301,1301008,energy_limited,1.0,416.24849441062656,302.9012319743633,113.34726054381578,0.0,46.0,7.0,0.0,0.578125,0.140625,0.28125,md_cpsr_dqn,lambda_1__rho_0p03
301,1301009,energy_limited,1.0,355.99100502729414,252.2803539633751,103.71065307557583,0.0,43.0,0.0,1.0,0.546875,0.1875,0.265625,md_cpsr_dqn,lambda_1__rho_0p03
301,1301010,energy_limited,1.0,379.19219321012497,268.9437263607979,110.24846743047237,0.0,45.0,0.0,1.0,0.53125,0.25,0.21875,md_cpsr_dqn,lambda_1__rho_0p03
301,1301011,energy_limited,1.0,393.88688373317433,271.176992893219,122.7098914956064,0.0,48.0,12.0,1.0,0.40625,0.28125,0.3125,md_cpsr_dqn,lambda_1__rho_0p03
301,1301012,energy_limited,1.0,403.64671298861504,297.6399244964123,106.00678841769695,0.0,43.0,0.0,1.0,0.46875,0.234375,0.296875,md_cpsr_dqn,lambda_1__rho_0p03
301,1301013,energy_limited,1.0,344.48904424905777,228.12418872117996,116.36485734581947,0.0,47.0,0.0,0.0,0.40625,0.28125,0.3125,md_cpsr_dqn,lambda_1__rho_0p03
301,1301014,energy_limited,1.0,326.2232689857483,216.3698062300682,109.85346101224422,0.0,46.0,0.0,1.0,0.53125,0.15625,0.3125,md_cpsr_dqn,lambda_1__rho_0p03
301,1301015,energy_limited,1.0,372.3940889239311,254.89646527171135,117.49762305617332,0.0,47.0,0.0,1.0,0.515625,0.171875,0.3125,md_cpsr_dqn,lambda_1__rho_0p03
301,1301016,energy_limited,1.0,374.7276299595833,257.92455542087555,116.80307346582413,0.0,47.0,0.0,0.0,0.421875,0.1875,0.390625,md_cpsr_dqn,lambda_1__rho_0p03
301,1301017,energy_limited,1.0,362.5667033523321,250.76323759555817,111.80346784293651,0.0,44.0,0.0,3.0,0.421875,0.28125,0.296875,md_cpsr_dqn,lambda_1__rho_0p03
301,1301018,energy_limited,1.0,361.57977813482285,256.37076807022095,105.20901188254356,0.0,43.0,0.0,0.0,0.421875,0.15625,0.421875,md_cpsr_dqn,lambda_1__rho_0p03
301,1301019,energy_limited,1.0,362.7506825327873,257.4910277724266,105.25965414941311,0.0,42.0,0.0,0.0,0.484375,0.1875,0.328125,md_cpsr_dqn,lambda_1__rho_0p03
301,1301000,thermal_stress,1.0,376.2039408490333,281.90415221452713,94.29979046734893,0.0,37.0,10.0,2.0,0.421875,0.203125,0.375,md_cpsr_dqn,lambda_1__rho_0p03
301,1301001,thermal_stress,1.0,359.0883915424347,265.5741294622421,93.5142610669136,2.0,38.0,0.0,0.0,0.453125,0.15625,0.390625,md_cpsr_dqn,lambda_1__rho_0p03
301,1301002,thermal_stress,1.0,320.4365283548832,241.5910306274891,78.8454951196909,2.0,34.0,0.0,0.0,0.40625,0.171875,0.421875,md_cpsr_dqn,lambda_1__rho_0p03
301,1301003,thermal_stress,1.0,284.93391332030296,219.18167951703072,65.75223550200462,0.0,29.0,0.0,0.0,0.4375,0.203125,0.359375,md_cpsr_dqn,lambda_1__rho_0p03
301,1301004,thermal_stress,1.0,328.79993429780006,240.76062414050102,88.03930945694447,0.0,36.0,0.0,0.0,0.5625,0.171875,0.265625,md_cpsr_dqn,lambda_1__rho_0p03
301,1301005,thermal_stress,1.0,330.5103190243244,250.76898214221,79.74133631587029,0.0,35.0,0.0,1.0,0.390625,0.203125,0.40625,md_cpsr_dqn,lambda_1__rho_0p03
301,1301006,thermal_stress,1.0,348.167028927803,270.6317849159241,77.53524423539639,0.0,33.0,0.0,1.0,0.546875,0.15625,0.296875,md_cpsr_dqn,lambda_1__rho_0p03
301,1301007,thermal_stress,1.0,337.23139131069183,252.56484550237656,84.66654461622238,0.0,36.0,0.0,0.0,0.5625,0.15625,0.28125,md_cpsr_dqn,lambda_1__rho_0p03
301,1301008,thermal_stress,1.0,429.1739714208012,329.4225924909115,99.751380062378,3.0,37.0,13.0,0.0,0.546875,0.15625,0.296875,md_cpsr_dqn,lambda_1__rho_0p03
301,1301009,thermal_stress,1.0,332.2573246002197,259.9525026679039,72.30482085943223,2.0,30.0,0.0,1.0,0.546875,0.203125,0.25,md_cpsr_dqn,lambda_1__rho_0p03
301,1301010,thermal_stress,1.0,352.8155189752579,272.82053768634796,79.99498277902603,0.0,34.0,0.0,0.0,0.53125,0.25,0.21875,md_cpsr_dqn,lambda_1__rho_0p03
301,1301011,thermal_stress,1.0,445.0626295326356,292.6183195710182,152.44431040865211,0.0,37.0,30.0,1.0,0.40625,0.28125,0.3125,md_cpsr_dqn,lambda_1__rho_0p03
301,1301012,thermal_stress,1.0,385.4456790983677,307.6433915793896,77.80228558182716,0.0,34.0,0.0,1.0,0.421875,0.28125,0.296875,md_cpsr_dqn,lambda_1__rho_0p03
301,1301013,thermal_stress,1.0,317.4717954545528,235.06757098436356,82.4042247682125,0.0,33.0,3.0,1.0,0.421875,0.296875,0.28125,md_cpsr_dqn,lambda_1__rho_0p03
301,1301014,thermal_stress,1.0,314.145910196612,223.22873657941818,90.9171732595659,0.0,34.0,17.0,1.0,0.515625,0.171875,0.3125,md_cpsr_dqn,lambda_1__rho_0p03
301,1301015,thermal_stress,1.0,358.8293891062135,272.11631801724434,86.7130711485738,3.0,35.0,3.0,1.0,0.53125,0.171875,0.296875,md_cpsr_dqn,lambda_1__rho_0p03
301,1301016,thermal_stress,1.0,369.95750802755356,275.8203276395798,94.13717959821224,6.0,37.0,0.0,0.0,0.421875,0.203125,0.375,md_cpsr_dqn,lambda_1__rho_0p03
301,1301017,thermal_stress,1.0,332.88852945268155,259.2487598657608,73.63977054059505,0.0,33.0,0.0,3.0,0.421875,0.3125,0.265625,md_cpsr_dqn,lambda_1__rho_0p03
301,1301018,thermal_stress,1.0,349.1182474195957,263.99322828650475,85.125020429492,0.0,36.0,0.0,0.0,0.390625,0.171875,0.4375,md_cpsr_dqn,lambda_1__rho_0p03
301,1301019,thermal_stress,1.0,352.1683579683304,278.07438373565674,74.09397393465042,0.0,31.0,0.0,0.0,0.484375,0.203125,0.3125,md_cpsr_dqn,lambda_1__rho_0p03
301,1301000,nominal,1.0,356.621219933033,269.29598957300186,87.32523016631603,0.0,36.0,0.0,1.0,0.46875,0.171875,0.359375,md_cpsr_dqn,lambda_1__rho_0p05
301,1301001,nominal,1.0,338.4785499572754,251.8323354125023,86.64621588587761,0.0,37.0,0.0,0.0,0.46875,0.140625,0.390625,md_cpsr_dqn,lambda_1__rho_0p05
301,1301002,nominal,1.0,297.9799410402775,224.6510594189167,73.32888203859329,0.0,32.0,0.0,0.0,0.46875,0.140625,0.390625,md_cpsr_dqn,lambda_1__rho_0p05
301,1301003,nominal,1.0,266.6248576641083,210.39866888523102,56.226188495755196,0.0,25.0,0.0,0.0,0.46875,0.1875,0.34375,md_cpsr_dqn,lambda_1__rho_0p05
301,1301004,nominal,1.0,306.44850701093674,227.43424367904663,79.01426304876804,0.0,34.0,0.0,0.0,0.59375,0.15625,0.25,md_cpsr_dqn,lambda_1__rho_0p05
301,1301005,nominal,1.0,308.78395703434944,232.72022214531898,76.06373652815819,0.0,34.0,0.0,1.0,0.421875,0.171875,0.40625,md_cpsr_dqn,lambda_1__rho_0p05
301,1301006,nominal,1.0,332.2801552057266,260.74848622083664,71.53166774809361,0.0,31.0,0.0,1.0,0.5625,0.125,0.3125,md_cpsr_dqn,lambda_1__rho_0p05
301,1301007,nominal,1.0,316.2845658659935,236.69216805696487,79.59239774942398,0.0,34.0,0.0,0.0,0.5625,0.140625,0.296875,md_cpsr_dqn,lambda_1__rho_0p05
301,1301008,nominal,1.0,387.8978005887195,302.3091605603695,85.58863984953612,0.0,36.0,7.0,0.0,0.578125,0.140625,0.28125,md_cpsr_dqn,lambda_1__rho_0p05
301,1301009,nominal,1.0,317.165259206295,251.58055168390274,65.58470978736878,0.0,28.0,0.0,1.0,0.546875,0.203125,0.25,md_cpsr_dqn,lambda_1__rho_0p05
301,1301010,nominal,1.0,343.03448444604874,267.98282992839813,75.05165532231331,0.0,33.0,0.0,0.0,0.5625,0.203125,0.234375,md_cpsr_dqn,lambda_1__rho_0p05
301,1301011,nominal,1.0,367.52143651962314,266.8874946832657,100.6339413595202,0.0,35.0,22.0,1.0,0.421875,0.28125,0.296875,md_cpsr_dqn,lambda_1__rho_0p05
301,1301012,nominal,1.0,372.47780910134315,298.5671799480915,73.91062939167023,0.0,33.0,0.0,1.0,0.46875,0.21875,0.3125,md_cpsr_dqn,lambda_1__rho_0p05
301,1301013,nominal,1.0,304.5123302936554,226.4189409017563,78.09338963031769,0.0,33.0,0.0,0.0,0.453125,0.28125,0.265625,md_cpsr_dqn,lambda_1__rho_0p05
301,1301014,nominal,1.0,296.2948554158211,216.07145988941193,80.22339397668839,0.0,33.0,0.0,1.0,0.546875,0.140625,0.3125,md_cpsr_dqn,lambda_1__rho_0p05
301,1301015,nominal,1.0,337.8361448943615,254.75202044844627,83.0841248780489,0.0,36.0,0.0,1.0,0.53125,0.15625,0.3125,md_cpsr_dqn,lambda_1__rho_0p05
301,1301016,nominal,1.0,343.7056676745415,258.5631361603737,85.14253240823746,0.0,36.0,0.0,0.0,0.4375,0.1875,0.375,md_cpsr_dqn,lambda_1__rho_0p05
301,1301017,nominal,1.0,315.3503344386816,240.92777693271637,74.42255823612213,0.0,33.0,0.0,3.0,0.453125,0.265625,0.28125,md_cpsr_dqn,lambda_1__rho_0p05
301,1301018,nominal,1.0,331.4537110924721,254.4964444041252,76.95726697146893,0.0,33.0,0.0,0.0,0.4375,0.140625,0.421875,md_cpsr_dqn,lambda_1__rho_0p05
301,1301019,nominal,1.0,328.7388423383236,258.8580972254276,69.88074496388435,0.0,31.0,0.0,0.0,0.5,0.203125,0.296875,md_cpsr_dqn,lambda_1__rho_0p05
301,1301000,burst,1.0,373.97201317986577,279.36426162719727,94.60775036057555,0.0,37.0,10.0,2.0,0.4375,0.1875,0.375,md_cpsr_dqn,lambda_1__rho_0p05
301,1301001,burst,1.0,358.7691926956177,265.27214872837067,93.49704486131668,2.0,38.0,0.0,0.0,0.453125,0.15625,0.390625,md_cpsr_dqn,lambda_1__rho_0p05
301,1301002,burst,1.0,321.01826110482216,240.10310140252113,80.91516076028347,6.0,34.0,0.0,0.0,0.421875,0.15625,0.421875,md_cpsr_dqn,lambda_1__rho_0p05
301,1301003,burst,1.0,286.43009775877,221.4393218755722,64.99077698588371,0.0,29.0,0.0,0.0,0.4375,0.203125,0.359375,md_cpsr_dqn,lambda_1__rho_0p05
301,1301004,burst,1.0,329.5163893997669,242.21174696087837,87.30464394390583,0.0,36.0,0.0,0.0,0.578125,0.171875,0.25,md_cpsr_dqn,lambda_1__rho_0p05
301,1301005,burst,1.0,332.58801874518394,249.92121395468712,82.66680666804314,0.0,36.0,0.0,1.0,0.40625,0.1875,0.40625,md_cpsr_dqn,lambda_1__rho_0p05
301,1301006,burst,1.0,347.77127983570097,270.2360371351242,77.53524423539639,0.0,33.0,0.0,1.0,0.546875,0.15625,0.296875,md_cpsr_dqn,lambda_1__rho_0p05
301,1301007,burst,1.0,338.2904210090637,252.52923011779785,85.76118867099285,0.0,36.0,0.0,0.0,0.53125,0.15625,0.3125,md_cpsr_dqn,lambda_1__rho_0p05
301,1301008,burst,1.0,434.18684744153666,319.72914150357246,114.45770426903427,3.0,37.0,25.0,0.0,0.53125,0.15625,0.3125,md_cpsr_dqn,lambda_1__rho_0p05
301,1301009,burst,1.0,331.9437139868736,259.6572000980377,72.28651388883591,2.0,30.0,0.0,1.0,0.546875,0.203125,0.25,md_cpsr_dqn,lambda_1__rho_0p05
301,1301010,burst,1.0,353.5904091000557,273.2310274243355,80.35938221216202,0.0,34.0,0.0,0.0,0.546875,0.234375,0.21875,md_cpsr_dqn,lambda_1__rho_0p05
301,1301011,burst,1.0,431.7743762750033,291.5064929127693,140.26788397318154,0.0,37.0,30.0,1.0,0.390625,0.28125,0.328125,md_cpsr_dqn,lambda_1__rho_0p05
301,1301012,burst,1.0,385.10556653141975,307.30328050255775,77.80228558182716,0.0,34.0,0.0,1.0,0.421875,0.28125,0.296875,md_cpsr_dqn,lambda_1__rho_0p05
301,1301013,burst,1.0,318.87165513038633,235.79788666963577,83.07376852035523,0.0,34.0,0.0,1.0,0.4375,0.28125,0.28125,md_cpsr_dqn,lambda_1__rho_0p05
301,1301014,burst,1.0,312.90080844265077,224.93605184555054,87.96475665670475,0.0,34.0,12.0,1.0,0.484375,0.171875,0.34375,md_cpsr_dqn,lambda_1__rho_0p05
301,1301015,burst,1.0,359.44406491022323,268.8571524322033,90.58691134553158,3.0,37.0,7.0,1.0,0.53125,0.15625,0.3125,md_cpsr_dqn,lambda_1__rho_0p05
301,1301016,burst,1.0,369.4993206858635,275.4470416903496,94.05227802693844,6.0,37.0,0.0,0.0,0.421875,0.203125,0.375,md_cpsr_dqn,lambda_1__rho_0p05
301,1301017,burst,1.0,328.7773913472891,255.13762098550797,73.63977054059505,0.0,33.0,0.0,3.0,0.421875,0.296875,0.28125,md_cpsr_dqn,lambda_1__rho_0p05
301,1301018,burst,1.0,355.1327140927315,270.00769597291946,85.125020429492,0.0,36.0,0.0,0.0,0.375,0.15625,0.46875,md_cpsr_dqn,lambda_1__rho_0p05
301,1301019,burst,1.0,351.3026480972767,273.2878777086735,78.0147704333067,0.0,34.0,0.0,0.0,0.46875,0.21875,0.3125,md_cpsr_dqn,lambda_1__rho_0p05
301,1301000,link_limited,1.0,552.979205168173,370.8275733590126,182.15163174955592,0.0,38.0,35.0,0.0,0.671875,0.109375,0.21875,md_cpsr_dqn,lambda_1__rho_0p05
301,1301001,link_limited,1.0,442.15376190541116,331.93678629398346,110.21697608826476,0.0,40.0,24.0,0.0,0.65625,0.09375,0.25,md_cpsr_dqn,lambda_1__rho_0p05
301,1301002,link_limited,1.0,411.04892162063766,308.33795896172523,102.71096246519721,0.0,38.0,18.0,0.0,0.546875,0.09375,0.359375,md_cpsr_dqn,lambda_1__rho_0p05
301,1301003,link_limited,1.0,311.5437006354332,241.57589679956436,69.96780367195606,0.0,32.0,0.0,0.0,0.625,0.078125,0.296875,md_cpsr_dqn,lambda_1__rho_0p05
301,1301004,link_limited,1.0,385.5819897604088,272.0636927783489,113.51829713107142,0.0,38.0,22.0,0.0,0.71875,0.078125,0.203125,md_cpsr_dqn,lambda_1__rho_0p05
301,1301005,link_limited,1.0,406.8991466478553,307.93936148285866,98.9597853140082,0.0,38.0,12.0,0.0,0.6875,0.078125,0.234375,md_cpsr_dqn,lambda_1__rho_0p05
301,1301006,link_limited,1.0,462.4162849121989,353.58696353435516,108.82932057318091,0.0,37.0,16.0,1.0,0.71875,0.0625,0.21875,md_cpsr_dqn,lambda_1__rho_0p05
301,1301007,link_limited,1.0,366.817233538604,278.1841313838959,88.63310257194067,0.0,37.0,6.0,0.0,0.6875,0.046875,0.265625,md_cpsr_dqn,lambda_1__rho_0p05
301,1301008,link_limited,1.0,525.8943134413408,354.52358615398407,171.37072609526388,3.0,36.0,28.0,0.0,0.78125,0.0625,0.15625,md_cpsr_dqn,lambda_1__rho_0p05
301,1301009,link_limited,1.0,394.1560095787048,318.10503327846527,76.05097731351853,0.0,33.0,0.0,1.0,0.703125,0.109375,0.1875,md_cpsr_dqn,lambda_1__rho_0p05
301,1301010,link_limited,1.0,425.022874359852,312.47148501873016,112.55139002657519,0.0,38.0,22.0,0.0,0.71875,0.0625,0.21875,md_cpsr_dqn,lambda_1__rho_0p05
301,1301011,link_limited,1.0,525.801096524179,328.4576591849327,197.34343727964176,0.0,37.0,35.0,0.0,0.6875,0.1875,0.125,md_cpsr_dqn,lambda_1__rho_0p05
301,1301012,link_limited,1.0,508.62798740588124,375.07603031396866,133.55195747934278,0.0,37.0,28.0,1.0,0.640625,0.140625,0.21875,md_cpsr_dqn,lambda_1__rho_0p05
301,1301013,link_limited,1.0,447.8448183087359,283.72936379909515,164.11545383908842,0.0,40.0,30.0,1.0,0.671875,0.15625,0.171875,md_cpsr_dqn,lambda_1__rho_0p05
301,1301014,link_limited,1.0,417.3806265247862,299.67720741033554,117.70341941247369,0.0,34.0,25.0,1.0,0.609375,0.09375,0.296875,md_cpsr_dqn,lambda_1__rho_0p05
301,1301015,link_limited,1.0,428.79517074354095,314.2067900300026,114.58837928302684,0.0,38.0,19.0,0.0,0.6875,0.09375,0.21875,md_cpsr_dqn,lambda_1__rho_0p05
301,1301016,link_limited,1.0,477.9339487326215,358.61528116464615,119.31866606295809,0.0,39.0,15.0,0.0,0.65625,0.078125,0.265625,md_cpsr_dqn,lambda_1__rho_0p05
301,1301017,link_limited,1.0,433.9743859914542,317.1079738140106,116.86641170060636,0.0,37.0,17.0,1.0,0.640625,0.125,0.234375,md_cpsr_dqn,lambda_1__rho_0p05
301,1301018,link_limited,1.0,450.4596783899069,360.708192884922,89.751485147357,0.0,36.0,3.0,0.0,0.59375,0.0625,0.34375,md_cpsr_dqn,lambda_1__rho_0p05
301,1301019,link_limited,1.0,392.9285080730915,317.2699204981327,75.6585873812437,0.0,32.0,0.0,0.0,0.65625,0.140625,0.203125,md_cpsr_dqn,lambda_1__rho_0p05
301,1301000,energy_limited,1.0,384.5452553033829,269.8018310070038,114.74342426657677,0.0,46.0,0.0,1.0,0.46875,0.171875,0.359375,md_cpsr_dqn,lambda_1__rho_0p05
301,1301001,energy_limited,1.0,369.1573586463928,252.19762361049652,116.9597374945879,0.0,47.0,0.0,0.0,0.46875,0.140625,0.390625,md_cpsr_dqn,lambda_1__rho_0p05
301,1301002,energy_limited,1.0,334.28169015049934,225.25318816304207,109.0285013616085,0.0,45.0,0.0,0.0,0.46875,0.140625,0.390625,md_cpsr_dqn,lambda_1__rho_0p05
301,1301003,energy_limited,1.0,304.25345972180367,211.65466579794884,92.59879463911057,0.0,38.0,0.0,0.0,0.453125,0.203125,0.34375,md_cpsr_dqn,lambda_1__rho_0p05
301,1301004,energy_limited,1.0,337.35836374759674,226.99398690462112,110.36437720060349,0.0,45.0,0.0,0.0,0.578125,0.15625,0.265625,md_cpsr_dqn,lambda_1__rho_0p05
301,1301005,energy_limited,1.0,343.210716098547,233.22231873869896,109.98839966952801,0.0,45.0,0.0,1.0,0.421875,0.171875,0.40625,md_cpsr_dqn,lambda_1__rho_0p05
301,1301006,energy_limited,1.0,364.6975267767906,262.0117208957672,102.68580416738988,0.0,43.0,0.0,1.0,0.546875,0.125,0.328125,md_cpsr_dqn,lambda_1__rho_0p05
301,1301007,energy_limited,1.0,348.71378195285797,237.30276203155518,111.41102038323879,0.0,45.0,0.0,0.0,0.5625,0.140625,0.296875,md_cpsr_dqn,lambda_1__rho_0p05
301,1301008,energy_limited,1.0,414.3616623263905,297.8191500008106,116.54251240008576,0.0,46.0,11.0,0.0,0.578125,0.125,0.296875,md_cpsr_dqn,lambda_1__rho_0p05
301,1301009,energy_limited,1.0,346.4289694666862,242.7183193564415,103.71065307557583,0.0,43.0,0.0,1.0,0.5625,0.1875,0.25,md_cpsr_dqn,lambda_1__rho_0p05
301,1301010,energy_limited,1.0,377.3429061770439,266.64923387765884,110.69367264211178,0.0,45.0,0.0,1.0,0.53125,0.234375,0.234375,md_cpsr_dqn,lambda_1__rho_0p05
301,1301011,energy_limited,1.0,392.44413937038183,278.9351572394371,113.50898219054937,0.0,48.0,7.0,0.0,0.421875,0.265625,0.3125,md_cpsr_dqn,lambda_1__rho_0p05
301,1301012,energy_limited,1.0,405.5141064822674,299.07779547572136,106.43631164729595,0.0,43.0,0.0,1.0,0.46875,0.21875,0.3125,md_cpsr_dqn,lambda_1__rho_0p05
301,1301013,energy_limited,1.0,341.17716604471207,226.88120537996292,114.29595986008644,0.0,46.0,0.0,0.0,0.4375,0.28125,0.28125,md_cpsr_dqn,lambda_1__rho_0p05
301,1301014,energy_limited,1.0,326.2232689857483,216.3698062300682,109.85346101224422,0.0,46.0,0.0,1.0,0.53125,0.15625,0.3125,md_cpsr_dqn,lambda_1__rho_0p05
301,1301015,energy_limited,1.0,374.442802131176,255.3420556485653,119.10074657201767,0.0,47.0,0.0,1.0,0.53125,0.15625,0.3125,md_cpsr_dqn,lambda_1__rho_0p05
301,1301016,energy_limited,1.0,374.7276299595833,257.92455542087555,116.80307346582413,0.0,47.0,0.0,0.0,0.421875,0.1875,0.390625,md_cpsr_dqn,lambda_1__rho_0p05
301,1301017,energy_limited,1.0,354.74078777730466,242.93732172250748,111.80346784293651,0.0,44.0,0.0,3.0,0.4375,0.265625,0.296875,md_cpsr_dqn,lambda_1__rho_0p05
301,1301018,energy_limited,1.0,359.3434826731682,254.13447111845016,105.20901188254356,0.0,43.0,0.0,0.0,0.421875,0.140625,0.4375,md_cpsr_dqn,lambda_1__rho_0p05
301,1301019,energy_limited,1.0,364.2971558570862,259.4377376437187,104.85941796004772,0.0,42.0,0.0,0.0,0.5,0.203125,0.296875,md_cpsr_dqn,lambda_1__rho_0p05
301,1301000,thermal_stress,1.0,374.39723730525105,279.78948652744293,94.60775036057555,0.0,37.0,10.0,2.0,0.4375,0.1875,0.375,md_cpsr_dqn,lambda_1__rho_0p05
301,1301001,thermal_stress,1.0,359.0883915424347,265.5741294622421,93.5142610669136,2.0,38.0,0.0,0.0,0.453125,0.15625,0.390625,md_cpsr_dqn,lambda_1__rho_0p05
301,1301002,thermal_stress,1.0,321.48601046204567,240.4603749215603,81.02563486993313,6.0,34.0,0.0,0.0,0.421875,0.15625,0.421875,md_cpsr_dqn,lambda_1__rho_0p05
301,1301003,thermal_stress,1.0,286.7991574406624,221.80838006734848,64.99077698588371,0.0,29.0,0.0,0.0,0.4375,0.203125,0.359375,md_cpsr_dqn,lambda_1__rho_0p05
301,1301004,thermal_stress,1.0,329.9082452952862,242.60360339283943,87.30464394390583,0.0,36.0,0.0,0.0,0.578125,0.171875,0.25,md_cpsr_dqn,lambda_1__rho_0p05
301,1301005,thermal_stress,1.0,332.9535019695759,250.2866948544979,82.66680666804314,0.0,36.0,0.0,1.0,0.40625,0.1875,0.40625,md_cpsr_dqn,lambda_1__rho_0p05
301,1301006,thermal_stress,1.0,348.167028927803,270.6317849159241,77.53524423539639,0.0,33.0,0.0,1.0,0.546875,0.15625,0.296875,md_cpsr_dqn,lambda_1__rho_0p05
301,1301007,thermal_stress,1.0,337.1480053663254,252.48145931959152,84.66654461622238,0.0,36.0,0.0,0.0,0.546875,0.15625,0.296875,md_cpsr_dqn,lambda_1__rho_0p05
301,1301008,thermal_stress,1.0,434.7367283037727,320.155408591032,114.58131834183395,3.0,37.0,25.0,0.0,0.53125,0.15625,0.3125,md_cpsr_dqn,lambda_1__rho_0p05
301,1301009,thermal_stress,1.0,332.2573246002197,259.9525026679039,72.30482085943223,2.0,30.0,0.0,1.0,0.546875,0.203125,0.25,md_cpsr_dqn,lambda_1__rho_0p05
301,1301010,thermal_stress,1.0,353.9600907564163,273.6007112264633,80.35938221216202,0.0,34.0,0.0,0.0,0.546875,0.234375,0.21875,md_cpsr_dqn,lambda_1__rho_0p05
301,1301011,thermal_stress,1.0,432.09174066966807,291.82385647296906,140.26788397318154,0.0,37.0,30.0,1.0,0.390625,0.28125,0.328125,md_cpsr_dqn,lambda_1__rho_0p05
301,1301012,thermal_stress,1.0,385.4456790983677,307.6433915793896,77.80228558182716,0.0,34.0,0.0,1.0,0.421875,0.28125,0.296875,md_cpsr_dqn,lambda_1__rho_0p05
301,1301013,thermal_stress,1.0,319.1570852041244,236.08331781625748,83.07376852035523,0.0,34.0,0.0,1.0,0.4375,0.28125,0.28125,md_cpsr_dqn,lambda_1__rho_0p05
301,1301014,thermal_stress,1.0,313.2750723252878,225.31031453609467,87.96475665670475,0.0,34.0,12.0,1.0,0.484375,0.171875,0.34375,md_cpsr_dqn,lambda_1__rho_0p05
301,1301015,thermal_stress,1.0,359.842343385031,269.21844533085823,90.62389936547481,3.0,37.0,7.0,1.0,0.53125,0.15625,0.3125,md_cpsr_dqn,lambda_1__rho_0p05
301,1301016,thermal_stress,1.0,369.95750802755356,275.8203276395798,94.13717959821224,6.0,37.0,0.0,0.0,0.421875,0.203125,0.375,md_cpsr_dqn,lambda_1__rho_0p05
301,1301017,thermal_stress,1.0,329.200453671813,255.56068408489227,73.63977054059505,0.0,33.0,0.0,3.0,0.421875,0.296875,0.28125,md_cpsr_dqn,lambda_1__rho_0p05
301,1301018,thermal_stress,1.0,355.5735913813114,270.4485715329647,85.125020429492,0.0,36.0,0.0,0.0,0.375,0.15625,0.46875,md_cpsr_dqn,lambda_1__rho_0p05
301,1301019,thermal_stress,1.0,351.5773832798004,273.5626133084297,78.0147704333067,0.0,34.0,0.0,0.0,0.46875,0.21875,0.3125,md_cpsr_dqn,lambda_1__rho_0p05
301,1301000,nominal,1.0,356.621219933033,269.29598957300186,87.32523016631603,0.0,36.0,0.0,1.0,0.46875,0.171875,0.359375,md_cpsr_dqn,lambda_1__rho_0p08
301,1301001,nominal,1.0,330.80970096588135,244.16348534822464,86.64621588587761,0.0,37.0,0.0,0.0,0.453125,0.140625,0.40625,md_cpsr_dqn,lambda_1__rho_0p08
301,1301002,nominal,1.0,305.20075288414955,231.87187030911446,73.32888203859329,0.0,32.0,0.0,0.0,0.453125,0.140625,0.40625,md_cpsr_dqn,lambda_1__rho_0p08
301,1301003,nominal,1.0,261.6944196820259,204.23421555757523,57.46020624041557,0.0,25.0,0.0,0.0,0.453125,0.171875,0.375,md_cpsr_dqn,lambda_1__rho_0p08
301,1301004,nominal,1.0,305.34831470251083,225.5878472328186,79.76046712696552,0.0,34.0,0.0,0.0,0.578125,0.15625,0.265625,md_cpsr_dqn,lambda_1__rho_0p08
301,1301005,nominal,1.0,308.78395703434944,232.72022214531898,76.06373652815819,0.0,34.0,0.0,1.0,0.421875,0.171875,0.40625,md_cpsr_dqn,lambda_1__rho_0p08
301,1301006,nominal,1.0,330.8956818819046,259.36401319503784,71.53166774809361,0.0,31.0,0.0,1.0,0.546875,0.140625,0.3125,md_cpsr_dqn,lambda_1__rho_0p08
301,1301007,nominal,1.0,316.693807721138,234.447607755661,82.24620005488396,0.0,36.0,0.0,0.0,0.5625,0.125,0.3125,md_cpsr_dqn,lambda_1__rho_0p08
301,1301008,nominal,1.0,387.8978005887195,302.3091605603695,85.58863984953612,0.0,36.0,7.0,0.0,0.578125,0.140625,0.28125,md_cpsr_dqn,lambda_1__rho_0p08
301,1301009,nominal,1.0,302.8266199469566,237.24191135168076,65.58470978736878,0.0,28.0,0.0,1.0,0.578125,0.1875,0.234375,md_cpsr_dqn,lambda_1__rho_0p08
301,1301010,nominal,1.0,343.03448444604874,267.98282992839813,75.05165532231331,0.0,33.0,0.0,0.0,0.5625,0.203125,0.234375,md_cpsr_dqn,lambda_1__rho_0p08
301,1301011,nominal,1.0,370.9168022567633,264.3520677089691,106.56473442858481,0.0,35.0,25.0,1.0,0.4375,0.28125,0.28125,md_cpsr_dqn,lambda_1__rho_0p08
301,1301012,nominal,1.0,361.56262841820717,287.6520001590252,73.91062939167023,0.0,33.0,0.0,1.0,0.484375,0.21875,0.296875,md_cpsr_dqn,lambda_1__rho_0p08
301,1301013,nominal,1.0,304.593279838562,224.0858879685402,80.50739251077175,0.0,34.0,0.0,0.0,0.421875,0.28125,0.296875,md_cpsr_dqn,lambda_1__rho_0p08
301,1301014,nominal,1.0,301.2845008969307,221.06110560894012,80.22339397668839,0.0,33.0,0.0,1.0,0.5625,0.125,0.3125,md_cpsr_dqn,lambda_1__rho_0p08
301,1301015,nominal,1.0,337.8361448943615,254.75202044844627,83.0841248780489,0.0,36.0,0.0,1.0,0.53125,0.15625,0.3125,md_cpsr_dqn,lambda_1__rho_0p08
301,1301016,nominal,1.0,342.4720981121063,257.4989364743233,84.97315984964371,0.0,36.0,0.0,0.0,0.421875,0.1875,0.390625,md_cpsr_dqn,lambda_1__rho_0p08
301,1301017,nominal,1.0,308.1490588515997,233.73558276891708,74.41347687244415,0.0,33.0,0.0,3.0,0.453125,0.234375,0.3125,md_cpsr_dqn,lambda_1__rho_0p08
301,1301018,nominal,1.0,332.8737223148346,251.6246775984764,81.24904629588127,0.0,34.0,0.0,0.0,0.4375,0.125,0.4375,md_cpsr_dqn,lambda_1__rho_0p08
301,1301019,nominal,1.0,329.27649649977684,259.3957511484623,69.88074496388435,0.0,31.0,0.0,0.0,0.5,0.1875,0.3125,md_cpsr_dqn,lambda_1__rho_0p08
301,1301000,burst,1.0,373.26615940543735,278.0206202864647,95.24553804608907,0.0,37.0,10.0,1.0,0.453125,0.1875,0.359375,md_cpsr_dqn,lambda_1__rho_0p08
301,1301001,burst,1.0,358.7691926956177,265.27214872837067,93.49704486131668,2.0,38.0,0.0,0.0,0.453125,0.15625,0.390625,md_cpsr_dqn,lambda_1__rho_0p08
301,1301002,burst,1.0,321.01826110482216,240.10310140252113,80.91516076028347,6.0,34.0,0.0,0.0,0.421875,0.15625,0.421875,md_cpsr_dqn,lambda_1__rho_0p08
301,1301003,burst,1.0,280.201810836792,214.5556337237358,65.64617738127708,0.0,29.0,0.0,0.0,0.421875,0.1875,0.390625,md_cpsr_dqn,lambda_1__rho_0p08
301,1301004,burst,1.0,328.41990783810616,240.3805988729,88.03930945694447,0.0,36.0,0.0,0.0,0.5625,0.171875,0.265625,md_cpsr_dqn,lambda_1__rho_0p08
301,1301005,burst,1.0,332.58801874518394,249.92121395468712,82.66680666804314,0.0,36.0,0.0,1.0,0.40625,0.1875,0.40625,md_cpsr_dqn,lambda_1__rho_0p08
301,1301006,burst,1.0,347.77127983570097,270.2360371351242,77.53524423539639,0.0,33.0,0.0,1.0,0.546875,0.15625,0.296875,md_cpsr_dqn,lambda_1__rho_0p08
301,1301007,burst,1.0,338.47890347242355,250.2603623867035,88.21854037046432,0.0,37.0,0.0,0.0,0.53125,0.140625,0.328125,md_cpsr_dqn,lambda_1__rho_0p08
301,1301008,burst,1.0,434.18684744153666,319.72914150357246,114.45770426903427,3.0,37.0,25.0,0.0,0.53125,0.15625,0.3125,md_cpsr_dqn,lambda_1__rho_0p08
301,1301009,burst,1.0,323.2624519705772,250.97593903541565,72.28651388883591,2.0,30.0,0.0,1.0,0.5625,0.203125,0.234375,md_cpsr_dqn,lambda_1__rho_0p08
301,1301010,burst,1.0,353.5904091000557,273.2310274243355,80.35938221216202,0.0,34.0,0.0,0.0,0.546875,0.234375,0.21875,md_cpsr_dqn,lambda_1__rho_0p08
301,1301011,burst,1.0,430.92004977542194,287.3757629394531,143.5442876853349,0.0,37.0,30.0,1.0,0.421875,0.28125,0.296875,md_cpsr_dqn,lambda_1__rho_0p08
301,1301012,burst,1.0,374.6478879749775,296.84560242295265,77.80228558182716,0.0,34.0,0.0,1.0,0.4375,0.28125,0.28125,md_cpsr_dqn,lambda_1__rho_0p08
301,1301013,burst,1.0,318.40558155248294,233.1492926478386,85.2562896199001,0.0,35.0,4.0,1.0,0.40625,0.28125,0.3125,md_cpsr_dqn,lambda_1__rho_0p08
301,1301014,burst,1.0,318.81339435043463,230.5706792473793,88.24271540107854,0.0,34.0,14.0,1.0,0.515625,0.15625,0.328125,md_cpsr_dqn,lambda_1__rho_0p08
301,1301015,burst,1.0,359.44406491022323,268.8571524322033,90.58691134553158,3.0,37.0,7.0,1.0,0.53125,0.15625,0.3125,md_cpsr_dqn,lambda_1__rho_0p08
301,1301016,burst,1.0,368.25838470458984,274.37901508808136,93.87937067449093,6.0,37.0,0.0,0.0,0.40625,0.203125,0.390625,md_cpsr_dqn,lambda_1__rho_0p08
301,1301017,burst,1.0,321.95040312707425,247.21129155158997,74.73911312520504,0.0,33.0,0.0,3.0,0.421875,0.25,0.328125,md_cpsr_dqn,lambda_1__rho_0p08
301,1301018,burst,1.0,348.5126531124115,259.77096408605576,88.7416877746582,0.0,36.0,0.0,0.0,0.40625,0.140625,0.453125,md_cpsr_dqn,lambda_1__rho_0p08
301,1301019,burst,1.0,351.85951951146126,273.84474942088127,78.0147704333067,0.0,34.0,0.0,0.0,0.46875,0.203125,0.328125,md_cpsr_dqn,lambda_1__rho_0p08
301,1301000,link_limited,1.0,554.5839306340274,368.9775542616844,185.60637631273832,0.0,38.0,35.0,0.0,0.671875,0.09375,0.234375,md_cpsr_dqn,lambda_1__rho_0p08
301,1301001,link_limited,1.0,441.1351003524183,333.8733964562416,107.26170401538599,0.0,40.0,21.0,0.0,0.65625,0.0625,0.28125,md_cpsr_dqn,lambda_1__rho_0p08
301,1301002,link_limited,1.0,417.57275837007205,308.8951649963856,108.67759382072128,0.0,38.0,20.0,0.0,0.5625,0.078125,0.359375,md_cpsr_dqn,lambda_1__rho_0p08
301,1301003,link_limited,1.0,313.39249151945114,243.42468851804733,69.96780367195606,0.0,32.0,0.0,0.0,0.625,0.0625,0.3125,md_cpsr_dqn,lambda_1__rho_0p08
301,1301004,link_limited,1.0,392.1590422760822,271.7661652266979,120.39287701958196,0.0,38.0,24.0,0.0,0.734375,0.078125,0.1875,md_cpsr_dqn,lambda_1__rho_0p08
301,1301005,link_limited,1.0,407.0666487625731,306.44636955857277,100.62028087293037,0.0,37.0,12.0,0.0,0.71875,0.078125,0.203125,md_cpsr_dqn,lambda_1__rho_0p08
301,1301006,link_limited,1.0,462.4162849121989,353.58696353435516,108.82932057318091,0.0,37.0,16.0,1.0,0.71875,0.0625,0.21875,md_cpsr_dqn,lambda_1__rho_0p08
301,1301007,link_limited,1.0,376.3908217877956,274.75889134407043,101.63192977317297,0.0,38.0,17.0,0.0,0.703125,0.046875,0.25,md_cpsr_dqn,lambda_1__rho_0p08
301,1301008,link_limited,1.0,548.6325961816109,350.18105471134186,198.45154117224595,3.0,36.0,33.0,0.0,0.765625,0.0625,0.171875,md_cpsr_dqn,lambda_1__rho_0p08
301,1301009,link_limited,1.0,394.1560095787048,318.10503327846527,76.05097731351853,0.0,33.0,0.0,1.0,0.703125,0.109375,0.1875,md_cpsr_dqn,lambda_1__rho_0p08
301,1301010,link_limited,1.0,428.4741887769533,309.39020150899887,119.0839879534079,0.0,38.0,22.0,0.0,0.734375,0.0625,0.203125,md_cpsr_dqn,lambda_1__rho_0p08
301,1301011,link_limited,1.0,525.801096524179,328.4576591849327,197.34343727964176,0.0,37.0,35.0,0.0,0.6875,0.1875,0.125,md_cpsr_dqn,lambda_1__rho_0p08
301,1301012,link_limited,1.0,508.62798740588124,375.07603031396866,133.55195747934278,0.0,37.0,28.0,1.0,0.640625,0.140625,0.21875,md_cpsr_dqn,lambda_1__rho_0p08
301,1301013,link_limited,1.0,443.33166466278055,282.14077776670456,161.19088592750055,0.0,40.0,30.0,1.0,0.671875,0.15625,0.171875,md_cpsr_dqn,lambda_1__rho_0p08
301,1301014,link_limited,1.0,421.4005426559249,299.03570264577866,122.3648396525183,0.0,35.0,26.0,1.0,0.640625,0.078125,0.28125,md_cpsr_dqn,lambda_1__rho_0p08
301,1301015,link_limited,1.0,428.79517074354095,314.2067900300026,114.58837928302684,0.0,38.0,19.0,0.0,0.6875,0.09375,0.21875,md_cpsr_dqn,lambda_1__rho_0p08
301,1301016,link_limited,1.0,478.63178582578547,351.3908802270889,127.24090565830122,0.0,39.0,15.0,0.0,0.640625,0.03125,0.328125,md_cpsr_dqn,lambda_1__rho_0p08
301,1301017,link_limited,1.0,433.9743859914542,317.1079738140106,116.86641170060636,0.0,37.0,17.0,1.0,0.640625,0.125,0.234375,md_cpsr_dqn,lambda_1__rho_0p08
301,1301018,link_limited,1.0,450.4596783899069,360.708192884922,89.751485147357,0.0,36.0,3.0,0.0,0.59375,0.0625,0.34375,md_cpsr_dqn,lambda_1__rho_0p08
301,1301019,link_limited,1.0,392.9285080730915,317.2699204981327,75.6585873812437,0.0,32.0,0.0,0.0,0.65625,0.140625,0.203125,md_cpsr_dqn,lambda_1__rho_0p08
301,1301000,energy_limited,1.0,384.5452553033829,269.8018310070038,114.74342426657677,0.0,46.0,0.0,1.0,0.46875,0.171875,0.359375,md_cpsr_dqn,lambda_1__rho_0p08
301,1301001,energy_limited,1.0,361.4885096549988,244.52877354621887,116.9597374945879,0.0,47.0,0.0,0.0,0.453125,0.140625,0.40625,md_cpsr_dqn,lambda_1__rho_0p08
301,1301002,energy_limited,1.0,341.5025019943714,232.47399905323982,109.0285013616085,0.0,45.0,0.0,0.0,0.453125,0.140625,0.40625,md_cpsr_dqn,lambda_1__rho_0p08
301,1301003,energy_limited,1.0,298.8780155181885,206.39852100610733,92.47949546575546,0.0,38.0,0.0,0.0,0.421875,0.1875,0.390625,md_cpsr_dqn,lambda_1__rho_0p08
301,1301004,energy_limited,1.0,337.35836374759674,226.99398690462112,110.36437720060349,0.0,45.0,0.0,0.0,0.578125,0.15625,0.265625,md_cpsr_dqn,lambda_1__rho_0p08
301,1301005,energy_limited,1.0,343.210716098547,233.22231873869896,109.98839966952801,0.0,45.0,0.0,1.0,0.421875,0.171875,0.40625,md_cpsr_dqn,lambda_1__rho_0p08
301,1301006,energy_limited,1.0,363.4054821372032,260.7196750640869,102.68580416738988,0.0,43.0,0.0,1.0,0.53125,0.140625,0.328125,md_cpsr_dqn,lambda_1__rho_0p08
301,1301007,energy_limited,1.0,348.24679136276245,235.05054157972336,113.19624906778336,0.0,45.0,0.0,0.0,0.5625,0.125,0.3125,md_cpsr_dqn,lambda_1__rho_0p08
301,1301008,energy_limited,1.0,416.24849441062656,302.9012319743633,113.34726054381578,0.0,46.0,7.0,0.0,0.578125,0.140625,0.28125,md_cpsr_dqn,lambda_1__rho_0p08
301,1301009,energy_limited,1.0,340.6315582633018,237.961691737175,102.66986859738827,0.0,43.0,0.0,1.0,0.578125,0.1875,0.234375,md_cpsr_dqn,lambda_1__rho_0p08
301,1301010,energy_limited,1.0,377.3429061770439,266.64923387765884,110.69367264211178,0.0,45.0,0.0,1.0,0.53125,0.234375,0.234375,md_cpsr_dqn,lambda_1__rho_0p08
301,1301011,energy_limited,1.0,396.08644282072817,264.7301412820816,131.35630153864648,0.0,48.0,25.0,1.0,0.421875,0.265625,0.3125,md_cpsr_dqn,lambda_1__rho_0p08
301,1301012,energy_limited,1.0,394.5989257991314,288.16261568665504,106.43631164729595,0.0,43.0,0.0,1.0,0.484375,0.21875,0.296875,md_cpsr_dqn,lambda_1__rho_0p08
301,1301013,energy_limited,1.0,341.3669807314873,224.47762095928192,116.88936159014702,0.0,47.0,0.0,0.0,0.421875,0.28125,0.296875,md_cpsr_dqn,lambda_1__rho_0p08
301,1301014,energy_limited,1.0,332.68957328796387,221.72103762626648,110.96853409707546,0.0,46.0,0.0,1.0,0.5625,0.125,0.3125,md_cpsr_dqn,lambda_1__rho_0p08
301,1301015,energy_limited,1.0,374.442802131176,255.3420556485653,119.10074657201767,0.0,47.0,0.0,1.0,0.53125,0.15625,0.3125,md_cpsr_dqn,lambda_1__rho_0p08
301,1301016,energy_limited,1.0,374.7276299595833,257.92455542087555,116.80307346582413,0.0,47.0,0.0,0.0,0.421875,0.1875,0.390625,md_cpsr_dqn,lambda_1__rho_0p08
301,1301017,energy_limited,1.0,347.5386083453894,235.74422454833984,111.79438647925853,0.0,44.0,0.0,3.0,0.4375,0.234375,0.328125,md_cpsr_dqn,lambda_1__rho_0p08
301,1301018,energy_limited,1.0,359.6590459346771,251.18008369207382,108.47896358370781,0.0,44.0,0.0,0.0,0.421875,0.125,0.453125,md_cpsr_dqn,lambda_1__rho_0p08
301,1301019,energy_limited,1.0,364.83481001853943,259.9753915667534,104.85941796004772,0.0,42.0,0.0,0.0,0.5,0.1875,0.3125,md_cpsr_dqn,lambda_1__rho_0p08
301,1301000,thermal_stress,1.0,373.69143640014255,278.44589751958847,95.24553804608907,0.0,37.0,10.0,1.0,0.453125,0.1875,0.359375,md_cpsr_dqn,lambda_1__rho_0p08
301,1301001,thermal_stress,1.0,359.0883915424347,265.5741294622421,93.5142610669136,2.0,38.0,0.0,0.0,0.453125,0.15625,0.390625,md_cpsr_dqn,lambda_1__rho_0p08
301,1301002,thermal_stress,1.0,321.48601046204567,240.4603749215603,81.02563486993313,6.0,34.0,0.0,0.0,0.421875,0.15625,0.421875,md_cpsr_dqn,lambda_1__rho_0p08
301,1301003,thermal_stress,1.0,280.6956282556057,214.94339445233345,65.75223550200462,0.0,29.0,0.0,0.0,0.4375,0.1875,0.375,md_cpsr_dqn,lambda_1__rho_0p08
301,1301004,thermal_stress,1.0,328.79993429780006,240.76062414050102,88.03930945694447,0.0,36.0,0.0,0.0,0.5625,0.171875,0.265625,md_cpsr_dqn,lambda_1__rho_0p08
301,1301005,thermal_stress,1.0,332.9535019695759,250.2866948544979,82.66680666804314,0.0,36.0,0.0,1.0,0.40625,0.1875,0.40625,md_cpsr_dqn,lambda_1__rho_0p08
301,1301006,thermal_stress,1.0,348.167028927803,270.6317849159241,77.53524423539639,0.0,33.0,0.0,1.0,0.546875,0.15625,0.296875,md_cpsr_dqn,lambda_1__rho_0p08
301,1301007,thermal_stress,1.0,338.8754525780678,250.65691113471985,88.21854037046432,0.0,37.0,0.0,0.0,0.53125,0.140625,0.328125,md_cpsr_dqn,lambda_1__rho_0p08
301,1301008,thermal_stress,1.0,434.7367283037727,320.155408591032,114.58131834183395,3.0,37.0,25.0,0.0,0.53125,0.15625,0.3125,md_cpsr_dqn,lambda_1__rho_0p08
301,1301009,thermal_stress,1.0,323.5760673522949,251.27124685049057,72.30482085943223,2.0,30.0,0.0,1.0,0.5625,0.203125,0.234375,md_cpsr_dqn,lambda_1__rho_0p08
301,1301010,thermal_stress,1.0,353.9600907564163,273.6007112264633,80.35938221216202,0.0,34.0,0.0,0.0,0.546875,0.234375,0.21875,md_cpsr_dqn,lambda_1__rho_0p08
301,1301011,thermal_stress,1.0,428.79920906823907,289.571197450161,139.22801115614197,0.0,37.0,30.0,1.0,0.421875,0.28125,0.296875,md_cpsr_dqn,lambda_1__rho_0p08
301,1301012,thermal_stress,1.0,374.98801389336586,297.185727506876,77.80228558182716,0.0,34.0,0.0,1.0,0.4375,0.28125,0.28125,md_cpsr_dqn,lambda_1__rho_0p08
301,1301013,thermal_stress,1.0,318.68438883493076,233.42809861898422,85.2562896199001,0.0,35.0,4.0,1.0,0.40625,0.28125,0.3125,md_cpsr_dqn,lambda_1__rho_0p08
301,1301014,thermal_stress,1.0,319.18798915805945,230.94527369737625,88.24271540107854,0.0,34.0,14.0,1.0,0.515625,0.15625,0.328125,md_cpsr_dqn,lambda_1__rho_0p08
301,1301015,thermal_stress,1.0,359.842343385031,269.21844533085823,90.62389936547481,3.0,37.0,7.0,1.0,0.53125,0.15625,0.3125,md_cpsr_dqn,lambda_1__rho_0p08
301,1301016,thermal_stress,1.0,369.95750802755356,275.8203276395798,94.13717959821224,6.0,37.0,0.0,0.0,0.421875,0.203125,0.375,md_cpsr_dqn,lambda_1__rho_0p08
301,1301017,thermal_stress,1.0,322.37373271882535,247.63462156057358,74.73911312520504,0.0,33.0,0.0,3.0,0.421875,0.25,0.328125,md_cpsr_dqn,lambda_1__rho_0p08
301,1301018,thermal_stress,1.0,348.9556119143963,260.2139253914356,88.7416877746582,0.0,36.0,0.0,0.0,0.40625,0.140625,0.453125,md_cpsr_dqn,lambda_1__rho_0p08
301,1301019,thermal_stress,1.0,352.1342680454254,274.1194978952408,78.0147704333067,0.0,34.0,0.0,0.0,0.46875,0.203125,0.328125,md_cpsr_dqn,lambda_1__rho_0p08
301,1301000,nominal,1.0,358.14690405130386,270.78607392311096,87.3608305901289,0.0,36.0,0.0,2.0,0.453125,0.171875,0.375,md_cpsr_dqn,lambda_3__rho_0p03
301,1301001,nominal,1.0,332.15709805488586,243.83296859264374,88.32412958145142,0.0,38.0,0.0,0.0,0.421875,0.125,0.453125,md_cpsr_dqn,lambda_3__rho_0p03
301,1301002,nominal,1.0,307.19337978959084,233.47919991612434,73.7141822129488,0.0,33.0,0.0,0.0,0.4375,0.140625,0.421875,md_cpsr_dqn,lambda_3__rho_0p03
301,1301003,nominal,1.0,262.5285528898239,201.9011451601982,60.627407640218735,0.0,27.0,0.0,0.0,0.46875,0.140625,0.390625,md_cpsr_dqn,lambda_3__rho_0p03
301,1301004,nominal,1.0,306.03601536154747,223.2083359658718,82.8276794552803,0.0,35.0,0.0,0.0,0.59375,0.140625,0.265625,md_cpsr_dqn,lambda_3__rho_0p03
301,1301005,nominal,1.0,308.78395703434944,232.72022214531898,76.06373652815819,0.0,34.0,0.0,1.0,0.421875,0.171875,0.40625,md_cpsr_dqn,lambda_3__rho_0p03
301,1301006,nominal,1.0,330.8956818819046,259.36401319503784,71.53166774809361,0.0,31.0,0.0,1.0,0.546875,0.140625,0.3125,md_cpsr_dqn,lambda_3__rho_0p03
301,1301007,nominal,1.0,312.81429183483124,230.56808871030807,82.24620005488396,0.0,36.0,0.0,0.0,0.578125,0.109375,0.3125,md_cpsr_dqn,lambda_3__rho_0p03
301,1301008,nominal,1.0,391.1172662519303,298.7423445880413,92.37492234934243,0.0,36.0,9.0,0.0,0.5625,0.125,0.3125,md_cpsr_dqn,lambda_3__rho_0p03
301,1301009,nominal,1.0,318.09798988103864,252.51328033208847,65.58470978736878,0.0,28.0,0.0,1.0,0.53125,0.1875,0.28125,md_cpsr_dqn,lambda_3__rho_0p03
301,1301010,nominal,1.0,339.8777259081602,263.9114400744438,75.96628860533238,0.0,33.0,0.0,1.0,0.546875,0.203125,0.25,md_cpsr_dqn,lambda_3__rho_0p03
301,1301011,nominal,1.0,367.52143651962314,266.8874946832657,100.6339413595202,0.0,35.0,22.0,1.0,0.421875,0.28125,0.296875,md_cpsr_dqn,lambda_3__rho_0p03
301,1301012,nominal,1.0,372.7140171825886,298.854824334383,73.8591936826706,0.0,33.0,0.0,1.0,0.453125,0.21875,0.328125,md_cpsr_dqn,lambda_3__rho_0p03
301,1301013,nominal,1.0,304.593279838562,224.0858879685402,80.50739251077175,0.0,34.0,0.0,0.0,0.421875,0.28125,0.296875,md_cpsr_dqn,lambda_3__rho_0p03
301,1301014,nominal,1.0,300.8489606976509,220.3114488720894,80.53751116991043,0.0,33.0,0.0,1.0,0.53125,0.125,0.34375,md_cpsr_dqn,lambda_3__rho_0p03
301,1301015,nominal,1.0,334.1727842390537,251.81194403767586,82.3608400374651,0.0,36.0,0.0,1.0,0.515625,0.171875,0.3125,md_cpsr_dqn,lambda_3__rho_0p03
301,1301016,nominal,1.0,342.4720981121063,257.4989364743233,84.97315984964371,0.0,36.0,0.0,0.0,0.421875,0.1875,0.390625,md_cpsr_dqn,lambda_3__rho_0p03
301,1301017,nominal,1.0,311.7823810905218,238.03105866909027,73.75132434368133,0.0,33.0,0.0,3.0,0.4375,0.234375,0.328125,md_cpsr_dqn,lambda_3__rho_0p03
301,1301018,nominal,1.0,340.88100600242615,259.6319622993469,81.24904629588127,0.0,34.0,0.0,0.0,0.40625,0.125,0.46875,md_cpsr_dqn,lambda_3__rho_0p03
301,1301019,nominal,1.0,329.3475714623928,259.6673023402691,69.68026885390282,0.0,30.0,0.0,0.0,0.46875,0.1875,0.34375,md_cpsr_dqn,lambda_3__rho_0p03
301,1301000,burst,1.0,373.97201317986577,279.36426162719727,94.60775036057555,0.0,37.0,10.0,2.0,0.4375,0.1875,0.375,md_cpsr_dqn,lambda_3__rho_0p03
301,1301001,burst,1.0,350.0603333764076,255.20708811283112,94.8532459192276,2.0,38.0,1.0,0.0,0.40625,0.140625,0.453125,md_cpsr_dqn,lambda_3__rho_0p03
301,1301002,burst,1.0,321.01826110482216,240.10310140252113,80.91516076028347,6.0,34.0,0.0,0.0,0.421875,0.15625,0.421875,md_cpsr_dqn,lambda_3__rho_0p03
301,1301003,burst,1.0,281.3834905028343,215.4761797785759,65.90731021761894,0.0,29.0,0.0,0.0,0.421875,0.1875,0.390625,md_cpsr_dqn,lambda_3__rho_0p03
301,1301004,burst,1.0,328.9728961288929,242.4325655400753,86.54033069312572,0.0,36.0,0.0,0.0,0.546875,0.171875,0.28125,md_cpsr_dqn,lambda_3__rho_0p03
301,1301005,burst,1.0,335.89868292212486,253.23187670111656,82.66680666804314,0.0,36.0,0.0,1.0,0.390625,0.1875,0.421875,md_cpsr_dqn,lambda_3__rho_0p03
301,1301006,burst,1.0,349.14236583709715,269.83623510599136,79.30613070130349,0.0,33.0,0.0,1.0,0.546875,0.140625,0.3125,md_cpsr_dqn,lambda_3__rho_0p03
301,1301007,burst,1.0,337.2064395546913,245.3726560473442,91.83378076553345,0.0,38.0,0.0,0.0,0.53125,0.125,0.34375,md_cpsr_dqn,lambda_3__rho_0p03
301,1301008,burst,1.0,434.18684744153666,319.72914150357246,114.45770426903427,3.0,37.0,25.0,0.0,0.53125,0.15625,0.3125,md_cpsr_dqn,lambda_3__rho_0p03
301,1301009,burst,1.0,332.8097790122032,260.5232654809952,72.28651388883591,2.0,30.0,0.0,1.0,0.53125,0.1875,0.28125,md_cpsr_dqn,lambda_3__rho_0p03
301,1301010,burst,1.0,350.0732982677221,266.48373675346375,83.58956264674663,0.0,34.0,3.0,1.0,0.53125,0.21875,0.25,md_cpsr_dqn,lambda_3__rho_0p03
301,1301011,burst,1.0,431.7743762750033,291.5064929127693,140.26788397318154,0.0,37.0,30.0,1.0,0.390625,0.28125,0.328125,md_cpsr_dqn,lambda_3__rho_0p03
301,1301012,burst,1.0,385.40207079052925,307.6512211859226,77.75084981322289,0.0,34.0,0.0,1.0,0.40625,0.28125,0.3125,md_cpsr_dqn,lambda_3__rho_0p03
301,1301013,burst,1.0,318.40558155248294,233.1492926478386,85.2562896199001,0.0,35.0,4.0,1.0,0.40625,0.28125,0.3125,md_cpsr_dqn,lambda_3__rho_0p03
301,1301014,burst,1.0,312.96985191292066,226.3217921257019,86.648060085242,0.0,34.0,6.0,1.0,0.484375,0.15625,0.359375,md_cpsr_dqn,lambda_3__rho_0p03
301,1301015,burst,1.0,356.37271821003173,265.9816991388798,90.39101911585533,3.0,37.0,7.0,1.0,0.515625,0.171875,0.3125,md_cpsr_dqn,lambda_3__rho_0p03
301,1301016,burst,1.0,368.25838470458984,274.37901508808136,93.87937067449093,6.0,37.0,0.0,0.0,0.40625,0.203125,0.390625,md_cpsr_dqn,lambda_3__rho_0p03
301,1301017,burst,1.0,325.6004282563925,251.4766263961792,74.12380293309688,0.0,33.0,0.0,3.0,0.40625,0.25,0.34375,md_cpsr_dqn,lambda_3__rho_0p03
301,1301018,burst,1.0,358.89085030555725,270.14916265010834,88.7416877746582,0.0,36.0,0.0,0.0,0.359375,0.140625,0.5,md_cpsr_dqn,lambda_3__rho_0p03
301,1301019,burst,1.0,350.41870215535164,272.9331821501255,77.48552124202251,0.0,34.0,0.0,0.0,0.4375,0.21875,0.34375,md_cpsr_dqn,lambda_3__rho_0p03
301,1301000,link_limited,1.0,550.0132996901627,369.6837270259857,180.32957278338628,0.0,38.0,35.0,0.0,0.65625,0.09375,0.25,md_cpsr_dqn,lambda_3__rho_0p03
301,1301001,link_limited,1.0,440.20846556248955,335.3375571966171,104.87090896191881,0.0,40.0,17.0,0.0,0.609375,0.046875,0.34375,md_cpsr_dqn,lambda_3__rho_0p03
301,1301002,link_limited,1.0,411.04892162063766,308.33795896172523,102.71096246519721,0.0,38.0,18.0,0.0,0.546875,0.09375,0.359375,md_cpsr_dqn,lambda_3__rho_0p03
301,1301003,link_limited,1.0,316.0005612075329,246.03241369128227,69.96814788877964,0.0,32.0,0.0,0.0,0.59375,0.078125,0.328125,md_cpsr_dqn,lambda_3__rho_0p03
301,1301004,link_limited,1.0,385.5819897604088,272.0636927783489,113.51829713107142,0.0,38.0,22.0,0.0,0.71875,0.078125,0.203125,md_cpsr_dqn,lambda_3__rho_0p03
301,1301005,link_limited,1.0,412.6877244605297,316.00491109490395,96.68281375305595,0.0,38.0,9.0,0.0,0.671875,0.078125,0.25,md_cpsr_dqn,lambda_3__rho_0p03
301,1301006,link_limited,1.0,477.4974032048882,375.8520045876503,101.6453996603191,0.0,37.0,15.0,1.0,0.671875,0.078125,0.25,md_cpsr_dqn,lambda_3__rho_0p03
301,1301007,link_limited,1.0,377.68549966812134,290.61954057216644,87.0659608244896,0.0,37.0,0.0,0.0,0.65625,0.046875,0.296875,md_cpsr_dqn,lambda_3__rho_0p03
301,1301008,link_limited,1.0,567.0681259107408,369.08744275569916,197.98068285701848,3.0,36.0,33.0,0.0,0.75,0.0625,0.1875,md_cpsr_dqn,lambda_3__rho_0p03
301,1301009,link_limited,1.0,394.1560095787048,318.10503327846527,76.05097731351853,0.0,33.0,0.0,1.0,0.703125,0.109375,0.1875,md_cpsr_dqn,lambda_3__rho_0p03
301,1301010,link_limited,1.0,425.022874359852,312.47148501873016,112.55139002657519,0.0,38.0,22.0,0.0,0.71875,0.0625,0.21875,md_cpsr_dqn,lambda_3__rho_0p03
301,1301011,link_limited,1.0,525.801096524179,328.4576591849327,197.34343727964176,0.0,37.0,35.0,0.0,0.6875,0.1875,0.125,md_cpsr_dqn,lambda_3__rho_0p03
301,1301012,link_limited,1.0,508.62798740588124,375.07603031396866,133.55195747934278,0.0,37.0,28.0,1.0,0.640625,0.140625,0.21875,md_cpsr_dqn,lambda_3__rho_0p03
301,1301013,link_limited,1.0,443.85190503064075,284.56980711221695,159.28209694984827,0.0,40.0,30.0,0.0,0.65625,0.15625,0.1875,md_cpsr_dqn,lambda_3__rho_0p03
301,1301014,link_limited,1.0,420.7332345151702,298.013408601284,122.71982555625823,0.0,35.0,26.0,1.0,0.625,0.078125,0.296875,md_cpsr_dqn,lambda_3__rho_0p03
301,1301015,link_limited,1.0,428.79517074354095,314.2067900300026,114.58837928302684,0.0,38.0,19.0,0.0,0.6875,0.09375,0.21875,md_cpsr_dqn,lambda_3__rho_0p03
301,1301016,link_limited,1.0,489.1661667094453,348.3160825371742,140.8500838742479,0.0,40.0,17.0,0.0,0.59375,0.046875,0.359375,md_cpsr_dqn,lambda_3__rho_0p03
301,1301017,link_limited,1.0,439.4499023495987,306.2467115521431,133.20319145310668,0.0,38.0,25.0,1.0,0.609375,0.140625,0.25,md_cpsr_dqn,lambda_3__rho_0p03
301,1301018,link_limited,1.0,450.4596783899069,360.708192884922,89.751485147357,0.0,36.0,3.0,0.0,0.59375,0.0625,0.34375,md_cpsr_dqn,lambda_3__rho_0p03
301,1301019,link_limited,1.0,409.5169602930546,330.5100617110729,79.00689673423767,0.0,34.0,0.0,0.0,0.609375,0.15625,0.234375,md_cpsr_dqn,lambda_3__rho_0p03
301,1301000,energy_limited,1.0,386.07093942165375,271.2919153571129,114.77902469038963,0.0,46.0,0.0,2.0,0.453125,0.171875,0.375,md_cpsr_dqn,lambda_3__rho_0p03
301,1301001,energy_limited,1.0,362.453248500824,244.18931472301483,118.2639342546463,0.0,47.0,0.0,0.0,0.421875,0.125,0.453125,md_cpsr_dqn,lambda_3__rho_0p03
301,1301002,energy_limited,1.0,343.74373438954353,236.5603606402874,107.18337485194206,0.0,44.0,0.0,0.0,0.421875,0.140625,0.4375,md_cpsr_dqn,lambda_3__rho_0p03
301,1301003,energy_limited,1.0,299.76631128787994,205.51314294338226,94.25316850841045,0.0,38.0,0.0,0.0,0.421875,0.15625,0.421875,md_cpsr_dqn,lambda_3__rho_0p03
301,1301004,energy_limited,1.0,337.6813935637474,223.82091182470322,113.8604806959629,0.0,46.0,0.0,0.0,0.59375,0.140625,0.265625,md_cpsr_dqn,lambda_3__rho_0p03
301,1301005,energy_limited,1.0,343.210716098547,233.22231873869896,109.98839966952801,0.0,45.0,0.0,1.0,0.421875,0.171875,0.40625,md_cpsr_dqn,lambda_3__rho_0p03
301,1301006,energy_limited,1.0,363.30597003698347,261.6432266831398,101.66274251937867,0.0,41.0,0.0,1.0,0.515625,0.15625,0.328125,md_cpsr_dqn,lambda_3__rho_0p03
301,1301007,energy_limited,1.0,344.3672754764557,231.17102253437042,113.19624906778336,0.0,45.0,0.0,0.0,0.578125,0.109375,0.3125,md_cpsr_dqn,lambda_3__rho_0p03
301,1301008,energy_limited,1.0,414.80868227709203,299.3005830347538,115.50810027051838,0.0,46.0,9.0,0.0,0.5625,0.125,0.3125,md_cpsr_dqn,lambda_3__rho_0p03
301,1301009,energy_limited,1.0,354.51131089925764,251.70417124032974,102.80713894367219,0.0,42.0,0.0,1.0,0.53125,0.15625,0.3125,md_cpsr_dqn,lambda_3__rho_0p03
301,1301010,energy_limited,1.0,378.09414809942245,267.1838128566742,110.91033832728863,0.0,45.0,0.0,1.0,0.515625,0.21875,0.265625,md_cpsr_dqn,lambda_3__rho_0p03
301,1301011,energy_limited,1.0,388.3775177625418,272.35540479421616,116.02211267030239,0.0,48.0,8.0,1.0,0.390625,0.28125,0.328125,md_cpsr_dqn,lambda_3__rho_0p03
301,1301012,energy_limited,1.0,409.535974830389,303.1356671154499,106.40030638873577,0.0,43.0,0.0,1.0,0.4375,0.234375,0.328125,md_cpsr_dqn,lambda_3__rho_0p03
301,1301013,energy_limited,1.0,344.48904424905777,228.12418872117996,116.36485734581947,0.0,47.0,0.0,0.0,0.40625,0.28125,0.3125,md_cpsr_dqn,lambda_3__rho_0p03
301,1301014,energy_limited,1.0,334.86622166633606,224.01542204618454,110.85080030560493,0.0,46.0,0.0,1.0,0.515625,0.125,0.359375,md_cpsr_dqn,lambda_3__rho_0p03
301,1301015,energy_limited,1.0,373.2642830014229,254.74217203259468,118.52211201190948,0.0,47.0,0.0,1.0,0.5,0.171875,0.328125,md_cpsr_dqn,lambda_3__rho_0p03
301,1301016,energy_limited,1.0,374.7276299595833,257.92455542087555,116.80307346582413,0.0,47.0,0.0,0.0,0.421875,0.1875,0.390625,md_cpsr_dqn,lambda_3__rho_0p03
301,1301017,energy_limited,1.0,353.0105014175177,241.21611696481705,111.79438647925853,0.0,44.0,0.0,3.0,0.40625,0.234375,0.359375,md_cpsr_dqn,lambda_3__rho_0p03
301,1301018,energy_limited,1.0,367.9465682506561,259.46760648489,108.47896358370781,0.0,44.0,0.0,0.0,0.390625,0.125,0.484375,md_cpsr_dqn,lambda_3__rho_0p03
301,1301019,energy_limited,1.0,365.0816833972931,260.222265958786,104.85941796004772,0.0,42.0,0.0,0.0,0.46875,0.1875,0.34375,md_cpsr_dqn,lambda_3__rho_0p03
301,1301000,thermal_stress,1.0,374.39723730525105,279.78948652744293,94.60775036057555,0.0,37.0,10.0,2.0,0.4375,0.1875,0.375,md_cpsr_dqn,lambda_3__rho_0p03
301,1301001,thermal_stress,1.0,350.39193153905865,255.52146816253662,94.87046284008026,2.0,38.0,1.0,0.0,0.40625,0.140625,0.453125,md_cpsr_dqn,lambda_3__rho_0p03
301,1301002,thermal_stress,1.0,321.48601046204567,240.4603749215603,81.02563486993313,6.0,34.0,0.0,0.0,0.421875,0.15625,0.421875,md_cpsr_dqn,lambda_3__rho_0p03
301,1301003,thermal_stress,1.0,281.75245743989944,215.84514778852463,65.90731021761894,0.0,29.0,0.0,0.0,0.421875,0.1875,0.390625,md_cpsr_dqn,lambda_3__rho_0p03
301,1301004,thermal_stress,1.0,329.3516892492771,242.81136015057564,86.54033069312572,0.0,36.0,0.0,0.0,0.546875,0.171875,0.28125,md_cpsr_dqn,lambda_3__rho_0p03
301,1301005,thermal_stress,1.0,336.2641589939594,253.59735116362572,82.66680666804314,0.0,36.0,0.0,1.0,0.390625,0.1875,0.421875,md_cpsr_dqn,lambda_3__rho_0p03
301,1301006,thermal_stress,1.0,349.5392340660095,270.23310285806656,79.30613070130349,0.0,33.0,0.0,1.0,0.546875,0.140625,0.3125,md_cpsr_dqn,lambda_3__rho_0p03
301,1301007,thermal_stress,1.0,337.6368980407715,247.99657893180847,89.64031940698624,0.0,37.0,0.0,0.0,0.53125,0.140625,0.328125,md_cpsr_dqn,lambda_3__rho_0p03
301,1301008,thermal_stress,1.0,434.7367283037727,320.155408591032,114.58131834183395,3.0,37.0,25.0,0.0,0.53125,0.15625,0.3125,md_cpsr_dqn,lambda_3__rho_0p03
301,1301009,thermal_stress,1.0,333.1233872413635,260.8185650706291,72.30482085943223,2.0,30.0,0.0,1.0,0.53125,0.1875,0.28125,md_cpsr_dqn,lambda_3__rho_0p03
301,1301010,thermal_stress,1.0,350.4847543758154,266.8951933979988,83.58956264674663,0.0,34.0,3.0,1.0,0.53125,0.21875,0.25,md_cpsr_dqn,lambda_3__rho_0p03
301,1301011,thermal_stress,1.0,432.09174066966807,291.82385647296906,140.26788397318154,0.0,37.0,30.0,1.0,0.390625,0.28125,0.328125,md_cpsr_dqn,lambda_3__rho_0p03
301,1301012,thermal_stress,1.0,385.7402439415455,307.9893942773342,77.75084981322289,0.0,34.0,0.0,1.0,0.40625,0.28125,0.3125,md_cpsr_dqn,lambda_3__rho_0p03
301,1301013,thermal_stress,1.0,318.68438883493076,233.42809861898422,85.2562896199001,0.0,35.0,4.0,1.0,0.40625,0.28125,0.3125,md_cpsr_dqn,lambda_3__rho_0p03
301,1301014,thermal_stress,1.0,313.3441634792735,226.69610315561295,86.648060085242,0.0,34.0,6.0,1.0,0.484375,0.15625,0.359375,md_cpsr_dqn,lambda_3__rho_0p03
301,1301015,thermal_stress,1.0,356.7576855967543,266.3296709358692,90.42801500361168,3.0,37.0,7.0,1.0,0.515625,0.171875,0.3125,md_cpsr_dqn,lambda_3__rho_0p03
301,1301016,thermal_stress,1.0,368.6914292573929,274.7271522283554,93.96427653729916,6.0,37.0,0.0,0.0,0.40625,0.203125,0.390625,md_cpsr_dqn,lambda_3__rho_0p03
301,1301017,thermal_stress,1.0,326.0236479371786,251.8998475074768,74.12380293309688,0.0,33.0,0.0,3.0,0.40625,0.25,0.34375,md_cpsr_dqn,lambda_3__rho_0p03
301,1301018,thermal_stress,1.0,359.3337285220623,270.59204164147377,88.7416877746582,0.0,36.0,0.0,0.0,0.359375,0.140625,0.5,md_cpsr_dqn,lambda_3__rho_0p03
301,1301019,thermal_stress,1.0,350.69318556785583,273.20766562223434,77.48552124202251,0.0,34.0,0.0,0.0,0.4375,0.21875,0.34375,md_cpsr_dqn,lambda_3__rho_0p03
301,1301000,nominal,1.0,358.14690405130386,270.78607392311096,87.3608305901289,0.0,36.0,0.0,2.0,0.453125,0.171875,0.375,md_cpsr_dqn,lambda_3__rho_0p05
301,1301001,nominal,1.0,332.15709805488586,243.83296859264374,88.32412958145142,0.0,38.0,0.0,0.0,0.421875,0.125,0.453125,md_cpsr_dqn,lambda_3__rho_0p05
301,1301002,nominal,1.0,307.19337978959084,233.47919991612434,73.7141822129488,0.0,33.0,0.0,0.0,0.4375,0.140625,0.421875,md_cpsr_dqn,lambda_3__rho_0p05
301,1301003,nominal,1.0,262.7433849275112,205.14748856425285,57.595896035432816,0.0,25.0,0.0,0.0,0.4375,0.171875,0.390625,md_cpsr_dqn,lambda_3__rho_0p05
301,1301004,nominal,1.0,305.34831470251083,225.5878472328186,79.76046712696552,0.0,34.0,0.0,0.0,0.578125,0.15625,0.265625,md_cpsr_dqn,lambda_3__rho_0p05
301,1301005,nominal,1.0,308.78395703434944,232.72022214531898,76.06373652815819,0.0,34.0,0.0,1.0,0.421875,0.171875,0.40625,md_cpsr_dqn,lambda_3__rho_0p05
301,1301006,nominal,1.0,330.8067174196243,260.300224840641,70.50649311542512,0.0,29.0,0.0,1.0,0.53125,0.15625,0.3125,md_cpsr_dqn,lambda_3__rho_0p05
301,1301007,nominal,1.0,316.2845658659935,236.69216805696487,79.59239774942398,0.0,34.0,0.0,0.0,0.5625,0.140625,0.296875,md_cpsr_dqn,lambda_3__rho_0p05
301,1301008,nominal,1.0,391.1172662519303,298.7423445880413,92.37492234934243,0.0,36.0,9.0,0.0,0.5625,0.125,0.3125,md_cpsr_dqn,lambda_3__rho_0p05
301,1301009,nominal,1.0,317.165259206295,251.58055168390274,65.58470978736878,0.0,28.0,0.0,1.0,0.546875,0.203125,0.25,md_cpsr_dqn,lambda_3__rho_0p05
301,1301010,nominal,1.0,339.4109668821096,265.26706033945084,74.14390813708306,0.0,32.0,0.0,1.0,0.53125,0.21875,0.25,md_cpsr_dqn,lambda_3__rho_0p05
301,1301011,nominal,1.0,367.52143651962314,266.8874946832657,100.6339413595202,0.0,35.0,22.0,1.0,0.421875,0.28125,0.296875,md_cpsr_dqn,lambda_3__rho_0p05
301,1301012,nominal,1.0,373.994587212801,297.97497740387917,76.01961055397987,0.0,34.0,0.0,1.0,0.4375,0.25,0.3125,md_cpsr_dqn,lambda_3__rho_0p05
301,1301013,nominal,1.0,304.593279838562,224.0858879685402,80.50739251077175,0.0,34.0,0.0,0.0,0.421875,0.28125,0.296875,md_cpsr_dqn,lambda_3__rho_0p05
301,1301014,nominal,1.0,296.2948554158211,216.07145988941193,80.22339397668839,0.0,33.0,0.0,1.0,0.546875,0.140625,0.3125,md_cpsr_dqn,lambda_3__rho_0p05
301,1301015,nominal,1.0,334.1727842390537,251.81194403767586,82.3608400374651,0.0,36.0,0.0,1.0,0.515625,0.171875,0.3125,md_cpsr_dqn,lambda_3__rho_0p05
301,1301016,nominal,1.0,342.4720981121063,257.4989364743233,84.97315984964371,0.0,36.0,0.0,0.0,0.421875,0.1875,0.390625,md_cpsr_dqn,lambda_3__rho_0p05
301,1301017,nominal,1.0,314.5561142295599,240.14263874292374,74.41347687244415,0.0,33.0,0.0,3.0,0.4375,0.25,0.3125,md_cpsr_dqn,lambda_3__rho_0p05
301,1301018,nominal,1.0,332.5955684185028,251.346524477005,81.24904629588127,0.0,34.0,0.0,0.0,0.421875,0.125,0.453125,md_cpsr_dqn,lambda_3__rho_0p05
301,1301019,nominal,1.0,331.0812755525112,262.3225159943104,68.75875994563103,0.0,30.0,0.0,0.0,0.46875,0.203125,0.328125,md_cpsr_dqn,lambda_3__rho_0p05
301,1301000,burst,1.0,373.97201317986577,279.36426162719727,94.60775036057555,0.0,37.0,10.0,2.0,0.4375,0.1875,0.375,md_cpsr_dqn,lambda_3__rho_0p05
301,1301001,burst,1.0,350.0603333764076,255.20708811283112,94.8532459192276,2.0,38.0,1.0,0.0,0.40625,0.140625,0.453125,md_cpsr_dqn,lambda_3__rho_0p05
301,1301002,burst,1.0,321.01826110482216,240.10310140252113,80.91516076028347,6.0,34.0,0.0,0.0,0.421875,0.15625,0.421875,md_cpsr_dqn,lambda_3__rho_0p05
301,1301003,burst,1.0,281.2690033018589,215.4677510559559,65.8012520968914,0.0,29.0,0.0,0.0,0.40625,0.1875,0.40625,md_cpsr_dqn,lambda_3__rho_0p05
301,1301004,burst,1.0,328.9728961288929,242.4325655400753,86.54033069312572,0.0,36.0,0.0,0.0,0.546875,0.171875,0.28125,md_cpsr_dqn,lambda_3__rho_0p05
301,1301005,burst,1.0,335.89868292212486,253.23187670111656,82.66680666804314,0.0,36.0,0.0,1.0,0.390625,0.1875,0.421875,md_cpsr_dqn,lambda_3__rho_0p05
301,1301006,burst,1.0,347.90807285308836,271.17488795518875,76.73318470418454,0.0,32.0,0.0,1.0,0.53125,0.171875,0.296875,md_cpsr_dqn,lambda_3__rho_0p05
301,1301007,burst,1.0,336.53315007686615,246.89283168315887,89.64031940698624,0.0,37.0,0.0,0.0,0.53125,0.15625,0.3125,md_cpsr_dqn,lambda_3__rho_0p05
301,1301008,burst,1.0,434.18684744153666,319.72914150357246,114.45770426903427,3.0,37.0,25.0,0.0,0.53125,0.15625,0.3125,md_cpsr_dqn,lambda_3__rho_0p05
301,1301009,burst,1.0,333.70814975500105,261.42163586616516,72.28651388883591,2.0,30.0,0.0,1.0,0.53125,0.203125,0.265625,md_cpsr_dqn,lambda_3__rho_0p05
301,1301010,burst,1.0,349.5094124704599,270.02347749471664,79.48593625724317,0.0,33.0,1.0,1.0,0.515625,0.25,0.234375,md_cpsr_dqn,lambda_3__rho_0p05
301,1301011,burst,1.0,431.7743762750033,291.5064929127693,140.26788397318154,0.0,37.0,30.0,1.0,0.390625,0.28125,0.328125,md_cpsr_dqn,lambda_3__rho_0p05
301,1301012,burst,1.0,385.40207079052925,307.6512211859226,77.75084981322289,0.0,34.0,0.0,1.0,0.40625,0.28125,0.3125,md_cpsr_dqn,lambda_3__rho_0p05
301,1301013,burst,1.0,318.6949107120937,232.3866849541664,86.30822559401443,0.0,35.0,10.0,1.0,0.40625,0.296875,0.296875,md_cpsr_dqn,lambda_3__rho_0p05
301,1301014,burst,1.0,312.90080844265077,224.93605184555054,87.96475665670475,0.0,34.0,12.0,1.0,0.484375,0.171875,0.34375,md_cpsr_dqn,lambda_3__rho_0p05
301,1301015,burst,1.0,360.2742645676633,262.92584386467934,97.34842028575144,7.0,37.0,8.0,1.0,0.5,0.171875,0.328125,md_cpsr_dqn,lambda_3__rho_0p05
301,1301016,burst,1.0,368.25838470458984,274.37901508808136,93.87937067449093,6.0,37.0,0.0,0.0,0.40625,0.203125,0.390625,md_cpsr_dqn,lambda_3__rho_0p05
301,1301017,burst,1.0,321.95040312707425,247.21129155158997,74.73911312520504,0.0,33.0,0.0,3.0,0.421875,0.25,0.328125,md_cpsr_dqn,lambda_3__rho_0p05
301,1301018,burst,1.0,356.33115458488464,267.58946818113327,88.7416877746582,0.0,36.0,0.0,0.0,0.359375,0.15625,0.484375,md_cpsr_dqn,lambda_3__rho_0p05
301,1301019,burst,1.0,350.41870215535164,272.9331821501255,77.48552124202251,0.0,34.0,0.0,0.0,0.4375,0.21875,0.34375,md_cpsr_dqn,lambda_3__rho_0p05
301,1301000,link_limited,1.0,553.7819970496101,370.9512587785721,182.8307383902474,0.0,38.0,35.0,0.0,0.640625,0.109375,0.25,md_cpsr_dqn,lambda_3__rho_0p05
301,1301001,link_limited,1.0,432.9820509266498,329.88102942705154,103.10102072473781,0.0,40.0,18.0,0.0,0.609375,0.0625,0.328125,md_cpsr_dqn,lambda_3__rho_0p05
301,1301002,link_limited,1.0,411.04892162063766,308.33795896172523,102.71096246519721,0.0,38.0,18.0,0.0,0.546875,0.09375,0.359375,md_cpsr_dqn,lambda_3__rho_0p05
301,1301003,link_limited,1.0,316.0005612075329,246.03241369128227,69.96814788877964,0.0,32.0,0.0,0.0,0.59375,0.078125,0.328125,md_cpsr_dqn,lambda_3__rho_0p05
301,1301004,link_limited,1.0,385.5819897604088,272.0636927783489,113.51829713107142,0.0,38.0,22.0,0.0,0.71875,0.078125,0.203125,md_cpsr_dqn,lambda_3__rho_0p05
301,1301005,link_limited,1.0,412.6877244605297,316.00491109490395,96.68281375305595,0.0,38.0,9.0,0.0,0.671875,0.078125,0.25,md_cpsr_dqn,lambda_3__rho_0p05
301,1301006,link_limited,1.0,477.4974032048882,375.8520045876503,101.6453996603191,0.0,37.0,15.0,1.0,0.671875,0.078125,0.25,md_cpsr_dqn,lambda_3__rho_0p05
301,1301007,link_limited,1.0,379.78639573100827,287.0695978999138,92.71679888907698,0.0,38.0,12.0,0.0,0.671875,0.046875,0.28125,md_cpsr_dqn,lambda_3__rho_0p05
301,1301008,link_limited,1.0,567.0681259107408,369.08744275569916,197.98068285701848,3.0,36.0,33.0,0.0,0.75,0.0625,0.1875,md_cpsr_dqn,lambda_3__rho_0p05
301,1301009,link_limited,1.0,388.7247418403625,312.673765540123,76.05097731351853,0.0,33.0,0.0,1.0,0.6875,0.125,0.1875,md_cpsr_dqn,lambda_3__rho_0p05
301,1301010,link_limited,1.0,425.022874359852,312.47148501873016,112.55139002657519,0.0,38.0,22.0,0.0,0.71875,0.0625,0.21875,md_cpsr_dqn,lambda_3__rho_0p05
301,1301011,link_limited,1.0,525.801096524179,328.4576591849327,197.34343727964176,0.0,37.0,35.0,0.0,0.6875,0.1875,0.125,md_cpsr_dqn,lambda_3__rho_0p05
301,1301012,link_limited,1.0,508.62798740588124,375.07603031396866,133.55195747934278,0.0,37.0,28.0,1.0,0.640625,0.140625,0.21875,md_cpsr_dqn,lambda_3__rho_0p05
301,1301013,link_limited,1.0,444.7957717178213,284.05837446451187,160.73739628473402,0.0,40.0,30.0,0.0,0.640625,0.171875,0.1875,md_cpsr_dqn,lambda_3__rho_0p05
301,1301014,link_limited,1.0,420.7332345151702,298.013408601284,122.71982555625823,0.0,35.0,26.0,1.0,0.625,0.078125,0.296875,md_cpsr_dqn,lambda_3__rho_0p05
301,1301015,link_limited,1.0,428.79517074354095,314.2067900300026,114.58837928302684,0.0,38.0,19.0,0.0,0.6875,0.09375,0.21875,md_cpsr_dqn,lambda_3__rho_0p05
301,1301016,link_limited,1.0,488.8055616895137,346.5809295773506,142.22463157572133,0.0,40.0,17.0,0.0,0.578125,0.078125,0.34375,md_cpsr_dqn,lambda_3__rho_0p05
301,1301017,link_limited,1.0,469.70186010078885,325.12916070222855,144.57269772963016,0.0,37.0,27.0,2.0,0.578125,0.171875,0.25,md_cpsr_dqn,lambda_3__rho_0p05
301,1301018,link_limited,1.0,450.4596783899069,360.708192884922,89.751485147357,0.0,36.0,3.0,0.0,0.59375,0.0625,0.34375,md_cpsr_dqn,lambda_3__rho_0p05
301,1301019,link_limited,1.0,409.5169602930546,330.5100617110729,79.00689673423767,0.0,34.0,0.0,0.0,0.609375,0.15625,0.234375,md_cpsr_dqn,lambda_3__rho_0p05
301,1301000,energy_limited,1.0,386.07093942165375,271.2919153571129,114.77902469038963,0.0,46.0,0.0,2.0,0.453125,0.171875,0.375,md_cpsr_dqn,lambda_3__rho_0p05
301,1301001,energy_limited,1.0,362.453248500824,244.18931472301483,118.2639342546463,0.0,47.0,0.0,0.0,0.421875,0.125,0.453125,md_cpsr_dqn,lambda_3__rho_0p05
301,1301002,energy_limited,1.0,343.08078768849373,234.0522886812687,109.0285013616085,0.0,45.0,0.0,0.0,0.4375,0.140625,0.421875,md_cpsr_dqn,lambda_3__rho_0p05
301,1301003,energy_limited,1.0,298.8780155181885,206.39852100610733,92.47949546575546,0.0,38.0,0.0,0.0,0.421875,0.1875,0.390625,md_cpsr_dqn,lambda_3__rho_0p05
301,1301004,energy_limited,1.0,338.96946972608566,226.18651914596558,112.7829512655735,0.0,46.0,0.0,0.0,0.578125,0.15625,0.265625,md_cpsr_dqn,lambda_3__rho_0p05
301,1301005,energy_limited,1.0,343.210716098547,233.22231873869896,109.98839966952801,0.0,45.0,0.0,1.0,0.421875,0.171875,0.40625,md_cpsr_dqn,lambda_3__rho_0p05
301,1301006,energy_limited,1.0,363.30597003698347,261.6432266831398,101.66274251937867,0.0,41.0,0.0,1.0,0.515625,0.15625,0.328125,md_cpsr_dqn,lambda_3__rho_0p05
301,1301007,energy_limited,1.0,348.24679136276245,235.05054157972336,113.19624906778336,0.0,45.0,0.0,0.0,0.5625,0.125,0.3125,md_cpsr_dqn,lambda_3__rho_0p05
301,1301008,energy_limited,1.0,414.80868227709203,299.3005830347538,115.50810027051838,0.0,46.0,9.0,0.0,0.5625,0.125,0.3125,md_cpsr_dqn,lambda_3__rho_0p05
301,1301009,energy_limited,1.0,353.61917551755903,251.87002897262573,101.74914541244507,0.0,42.0,0.0,1.0,0.53125,0.203125,0.265625,md_cpsr_dqn,lambda_3__rho_0p05
301,1301010,energy_limited,1.0,375.72895497083664,265.035283267498,110.69367264211178,0.0,45.0,0.0,1.0,0.515625,0.234375,0.25,md_cpsr_dqn,lambda_3__rho_0p05
301,1301011,energy_limited,1.0,388.3775177625418,272.35540479421616,116.02211267030239,0.0,48.0,8.0,1.0,0.390625,0.28125,0.328125,md_cpsr_dqn,lambda_3__rho_0p05
301,1301012,energy_limited,1.0,409.535974830389,303.1356671154499,106.40030638873577,0.0,43.0,0.0,1.0,0.4375,0.234375,0.328125,md_cpsr_dqn,lambda_3__rho_0p05
301,1301013,energy_limited,1.0,344.48904424905777,228.12418872117996,116.36485734581947,0.0,47.0,0.0,0.0,0.40625,0.28125,0.3125,md_cpsr_dqn,lambda_3__rho_0p05
301,1301014,energy_limited,1.0,330.5611734390259,219.59263837337494,110.96853409707546,0.0,46.0,0.0,1.0,0.53125,0.140625,0.328125,md_cpsr_dqn,lambda_3__rho_0p05
301,1301015,energy_limited,1.0,370.8986764550209,252.37656572461128,118.52211201190948,0.0,47.0,0.0,1.0,0.515625,0.171875,0.3125,md_cpsr_dqn,lambda_3__rho_0p05
301,1301016,energy_limited,1.0,374.7276299595833,257.92455542087555,116.80307346582413,0.0,47.0,0.0,0.0,0.421875,0.1875,0.390625,md_cpsr_dqn,lambda_3__rho_0p05
301,1301017,energy_limited,1.0,351.8268483012915,240.03246384859085,111.79438647925853,0.0,44.0,0.0,3.0,0.421875,0.234375,0.34375,md_cpsr_dqn,lambda_3__rho_0p05
301,1301018,energy_limited,1.0,359.64202904701233,251.16306728124619,108.47896358370781,0.0,44.0,0.0,0.0,0.40625,0.125,0.46875,md_cpsr_dqn,lambda_3__rho_0p05
301,1301019,energy_limited,1.0,367.7257442474365,262.86632734537125,104.85941796004772,0.0,42.0,0.0,0.0,0.46875,0.203125,0.328125,md_cpsr_dqn,lambda_3__rho_0p05
301,1301000,thermal_stress,1.0,374.39723730525105,279.78948652744293,94.60775036057555,0.0,37.0,10.0,2.0,0.4375,0.1875,0.375,md_cpsr_dqn,lambda_3__rho_0p05
301,1301001,thermal_stress,1.0,350.39193153905865,255.52146816253662,94.87046284008026,2.0,38.0,1.0,0.0,0.40625,0.140625,0.453125,md_cpsr_dqn,lambda_3__rho_0p05
301,1301002,thermal_stress,1.0,321.48601046204567,240.4603749215603,81.02563486993313,6.0,34.0,0.0,0.0,0.421875,0.15625,0.421875,md_cpsr_dqn,lambda_3__rho_0p05
301,1301003,thermal_stress,1.0,281.5057457983494,216.3193145096302,65.18643268942833,0.0,29.0,0.0,0.0,0.40625,0.203125,0.390625,md_cpsr_dqn,lambda_3__rho_0p05
301,1301004,thermal_stress,1.0,329.3516892492771,242.81136015057564,86.54033069312572,0.0,36.0,0.0,0.0,0.546875,0.171875,0.28125,md_cpsr_dqn,lambda_3__rho_0p05
301,1301005,thermal_stress,1.0,336.2641589939594,253.59735116362572,82.66680666804314,0.0,36.0,0.0,1.0,0.390625,0.1875,0.421875,md_cpsr_dqn,lambda_3__rho_0p05
301,1301006,thermal_stress,1.0,348.167028927803,270.6317849159241,77.53524423539639,0.0,33.0,0.0,1.0,0.546875,0.15625,0.296875,md_cpsr_dqn,lambda_3__rho_0p05
301,1301007,thermal_stress,1.0,336.9055976867676,247.26527869701385,89.64031940698624,0.0,37.0,0.0,0.0,0.53125,0.15625,0.3125,md_cpsr_dqn,lambda_3__rho_0p05
301,1301008,thermal_stress,1.0,434.7367283037727,320.155408591032,114.58131834183395,3.0,37.0,25.0,0.0,0.53125,0.15625,0.3125,md_cpsr_dqn,lambda_3__rho_0p05
301,1301009,thermal_stress,1.0,334.021738910675,261.71691781282425,72.30482085943223,2.0,30.0,0.0,1.0,0.53125,0.203125,0.265625,md_cpsr_dqn,lambda_3__rho_0p05
301,1301010,thermal_stress,1.0,349.87563574612136,270.3897004723549,79.48593625724317,0.0,33.0,1.0,1.0,0.515625,0.25,0.234375,md_cpsr_dqn,lambda_3__rho_0p05
301,1301011,thermal_stress,1.0,432.09174066966807,291.82385647296906,140.26788397318154,0.0,37.0,30.0,1.0,0.390625,0.28125,0.328125,md_cpsr_dqn,lambda_3__rho_0p05
301,1301012,thermal_stress,1.0,385.7402439415455,307.9893942773342,77.75084981322289,0.0,34.0,0.0,1.0,0.40625,0.28125,0.3125,md_cpsr_dqn,lambda_3__rho_0p05
301,1301013,thermal_stress,1.0,318.9727518032497,232.66452819108963,86.30822559401443,0.0,35.0,10.0,1.0,0.40625,0.296875,0.296875,md_cpsr_dqn,lambda_3__rho_0p05
301,1301014,thermal_stress,1.0,313.2750723252878,225.31031453609467,87.96475665670475,0.0,34.0,12.0,1.0,0.484375,0.171875,0.34375,md_cpsr_dqn,lambda_3__rho_0p05
301,1301015,thermal_stress,1.0,360.7259340222379,263.2733162343502,97.45261802630625,7.0,37.0,8.0,1.0,0.5,0.171875,0.328125,md_cpsr_dqn,lambda_3__rho_0p05
301,1301016,thermal_stress,1.0,368.6914292573929,274.7271522283554,93.96427653729916,6.0,37.0,0.0,0.0,0.40625,0.203125,0.390625,md_cpsr_dqn,lambda_3__rho_0p05
301,1301017,thermal_stress,1.0,322.37373271882535,247.63462156057358,74.73911312520504,0.0,33.0,0.0,3.0,0.421875,0.25,0.328125,md_cpsr_dqn,lambda_3__rho_0p05
301,1301018,thermal_stress,1.0,356.77399751544,268.0323123037815,88.7416877746582,0.0,36.0,0.0,0.0,0.359375,0.15625,0.484375,md_cpsr_dqn,lambda_3__rho_0p05
301,1301019,thermal_stress,1.0,348.84278231859207,271.8768938779831,76.96588794887066,0.0,34.0,0.0,0.0,0.4375,0.234375,0.328125,md_cpsr_dqn,lambda_3__rho_0p05
301,1301000,nominal,1.0,352.1302836301001,264.366868019104,87.76341649016464,0.0,36.0,6.0,1.0,0.46875,0.1875,0.34375,md_cpsr_dqn,lambda_3__rho_0p08
301,1301001,nominal,1.0,325.40720891952515,236.3730434179306,89.03416818380356,0.0,38.0,0.0,0.0,0.4375,0.15625,0.40625,md_cpsr_dqn,lambda_3__rho_0p08
301,1301002,nominal,1.0,297.9799410402775,224.6510594189167,73.32888203859329,0.0,32.0,0.0,0.0,0.46875,0.140625,0.390625,md_cpsr_dqn,lambda_3__rho_0p08
301,1301003,nominal,1.0,259.47456976771355,199.94294515252113,59.531624510884285,0.0,26.0,0.0,0.0,0.5,0.15625,0.34375,md_cpsr_dqn,lambda_3__rho_0p08
301,1301004,nominal,1.0,299.6457409262657,219.88527411222458,79.76046712696552,0.0,34.0,0.0,0.0,0.59375,0.140625,0.265625,md_cpsr_dqn,lambda_3__rho_0p08
301,1301005,nominal,1.0,306.34579756855965,230.08472827076912,76.26106917858124,0.0,34.0,0.0,1.0,0.4375,0.171875,0.390625,md_cpsr_dqn,lambda_3__rho_0p08
301,1301006,nominal,1.0,327.7254233598709,253.55838495492935,74.16704117655755,0.0,31.0,0.0,1.0,0.5625,0.15625,0.28125,md_cpsr_dqn,lambda_3__rho_0p08
301,1301007,nominal,1.0,308.62431955337524,230.17360144853592,78.45071797072887,0.0,34.0,0.0,0.0,0.59375,0.140625,0.265625,md_cpsr_dqn,lambda_3__rho_0p08
301,1301008,nominal,1.0,387.8978005887195,302.3091605603695,85.58863984953612,0.0,36.0,7.0,0.0,0.578125,0.140625,0.28125,md_cpsr_dqn,lambda_3__rho_0p08
301,1301009,nominal,1.0,302.8266199469566,237.24191135168076,65.58470978736878,0.0,28.0,0.0,1.0,0.578125,0.1875,0.234375,md_cpsr_dqn,lambda_3__rho_0p08
301,1301010,nominal,1.0,340.23883099257944,264.63694256544113,75.60188911259175,0.0,33.0,0.0,1.0,0.546875,0.21875,0.234375,md_cpsr_dqn,lambda_3__rho_0p08
301,1301011,nominal,1.0,406.7402250741724,258.3531046509743,148.3871204977038,0.0,37.0,31.0,1.0,0.5,0.265625,0.234375,md_cpsr_dqn,lambda_3__rho_0p08
301,1301012,nominal,1.0,360.0289554595947,280.56499433517456,79.46396116912365,0.0,35.0,0.0,1.0,0.484375,0.21875,0.296875,md_cpsr_dqn,lambda_3__rho_0p08
301,1301013,nominal,1.0,302.497396121428,218.14511239528656,84.3522816846823,0.0,35.0,10.0,0.0,0.46875,0.28125,0.25,md_cpsr_dqn,lambda_3__rho_0p08
301,1301014,nominal,1.0,284.1606734395027,203.9372780919075,80.22339397668839,0.0,33.0,0.0,1.0,0.5625,0.15625,0.28125,md_cpsr_dqn,lambda_3__rho_0p08
301,1301015,nominal,1.0,337.8361448943615,254.75202044844627,83.0841248780489,0.0,36.0,0.0,1.0,0.53125,0.15625,0.3125,md_cpsr_dqn,lambda_3__rho_0p08
301,1301016,nominal,1.0,341.52073353528976,256.3782013654709,85.14253240823746,0.0,36.0,0.0,0.0,0.453125,0.171875,0.375,md_cpsr_dqn,lambda_3__rho_0p08
301,1301017,nominal,1.0,309.9102371066809,235.48767894506454,74.42255823612213,0.0,33.0,0.0,3.0,0.5,0.234375,0.265625,md_cpsr_dqn,lambda_3__rho_0p08
301,1301018,nominal,1.0,332.8737223148346,251.6246775984764,81.24904629588127,0.0,34.0,0.0,0.0,0.4375,0.125,0.4375,md_cpsr_dqn,lambda_3__rho_0p08
301,1301019,nominal,1.0,327.80233895778656,258.33882343769073,69.46351426839828,0.0,30.0,0.0,0.0,0.5,0.203125,0.296875,md_cpsr_dqn,lambda_3__rho_0p08
301,1301000,burst,1.0,371.1902093516263,273.05793339014053,98.13227512702072,0.0,37.0,11.0,1.0,0.453125,0.203125,0.34375,md_cpsr_dqn,lambda_3__rho_0p08
301,1301001,burst,1.0,346.81173549751617,247.45158767700195,99.36014788011887,2.0,38.0,19.0,0.0,0.421875,0.171875,0.40625,md_cpsr_dqn,lambda_3__rho_0p08
301,1301002,burst,1.0,313.43614569306374,234.60958382487297,78.82656301558018,2.0,34.0,0.0,0.0,0.421875,0.171875,0.40625,md_cpsr_dqn,lambda_3__rho_0p08
301,1301003,burst,1.0,279.0200161039829,213.267781406641,65.75223550200462,0.0,29.0,0.0,0.0,0.453125,0.1875,0.359375,md_cpsr_dqn,lambda_3__rho_0p08
301,1301004,burst,1.0,322.92478135228157,234.88547292351723,88.03930945694447,0.0,36.0,0.0,0.0,0.578125,0.15625,0.265625,md_cpsr_dqn,lambda_3__rho_0p08
301,1301005,burst,1.0,330.591742426157,247.23421880602837,83.3575249761343,0.0,36.0,0.0,1.0,0.40625,0.203125,0.390625,md_cpsr_dqn,lambda_3__rho_0p08
301,1301006,burst,1.0,345.400071485281,264.42968225479126,80.97038990104197,0.0,34.0,4.0,1.0,0.5625,0.171875,0.265625,md_cpsr_dqn,lambda_3__rho_0p08
301,1301007,burst,1.0,331.74981808662415,243.77366906404495,87.97614772617817,0.0,37.0,0.0,0.0,0.578125,0.140625,0.28125,md_cpsr_dqn,lambda_3__rho_0p08
301,1301008,burst,1.0,434.18684744153666,319.72914150357246,114.45770426903427,3.0,37.0,25.0,0.0,0.53125,0.15625,0.3125,md_cpsr_dqn,lambda_3__rho_0p08
301,1301009,burst,1.0,318.40928634405134,246.1227741241455,72.28651388883591,2.0,30.0,0.0,1.0,0.578125,0.1875,0.234375,md_cpsr_dqn,lambda_3__rho_0p08
301,1301010,burst,1.0,350.62836965858935,267.65543699264526,82.97293510973454,0.0,34.0,1.0,1.0,0.53125,0.234375,0.234375,md_cpsr_dqn,lambda_3__rho_0p08
301,1301011,burst,1.0,475.047230562866,282.4766393303871,192.5705912920835,0.0,37.0,32.0,1.0,0.453125,0.28125,0.265625,md_cpsr_dqn,lambda_3__rho_0p08
301,1301012,burst,1.0,371.52384102344513,290.6832029223442,80.8406383395195,0.0,34.0,0.0,1.0,0.453125,0.25,0.296875,md_cpsr_dqn,lambda_3__rho_0p08
301,1301013,burst,1.0,323.8424741664293,230.72093069553375,93.1215433516862,0.0,35.0,16.0,1.0,0.421875,0.296875,0.28125,md_cpsr_dqn,lambda_3__rho_0p08
301,1301014,burst,1.0,317.10700891419555,211.47931325435638,105.62769601746702,0.0,34.0,25.0,1.0,0.53125,0.1875,0.28125,md_cpsr_dqn,lambda_3__rho_0p08
301,1301015,burst,1.0,359.44406491022323,268.8571524322033,90.58691134553158,3.0,37.0,7.0,1.0,0.53125,0.15625,0.3125,md_cpsr_dqn,lambda_3__rho_0p08
301,1301016,burst,1.0,368.58475679159164,268.3174328804016,100.26732276380062,9.0,37.0,0.0,0.0,0.453125,0.171875,0.375,md_cpsr_dqn,lambda_3__rho_0p08
301,1301017,burst,1.0,323.73788562715055,248.9896919131279,74.74819448888302,0.0,33.0,0.0,3.0,0.46875,0.25,0.28125,md_cpsr_dqn,lambda_3__rho_0p08
301,1301018,burst,1.0,348.5126531124115,259.77096408605576,88.7416877746582,0.0,36.0,0.0,0.0,0.40625,0.140625,0.453125,md_cpsr_dqn,lambda_3__rho_0p08
301,1301019,burst,1.0,350.2203009724617,272.70306569337845,77.51723639667034,0.0,34.0,0.0,0.0,0.46875,0.21875,0.3125,md_cpsr_dqn,lambda_3__rho_0p08
301,1301000,link_limited,1.0,552.979205168173,370.8275733590126,182.15163174955592,0.0,38.0,35.0,0.0,0.671875,0.109375,0.21875,md_cpsr_dqn,lambda_3__rho_0p08
301,1301001,link_limited,1.0,439.42543917227704,329.89947950839996,109.52595871020274,0.0,40.0,22.0,0.0,0.65625,0.078125,0.265625,md_cpsr_dqn,lambda_3__rho_0p08
301,1301002,link_limited,1.0,430.003019274861,306.09487304091454,123.90814545908606,0.0,38.0,22.0,0.0,0.59375,0.09375,0.3125,md_cpsr_dqn,lambda_3__rho_0p08
301,1301003,link_limited,1.0,305.4500512778759,235.4819031059742,69.96814788877964,0.0,32.0,0.0,0.0,0.625,0.09375,0.28125,md_cpsr_dqn,lambda_3__rho_0p08
301,1301004,link_limited,1.0,400.2340342392777,263.01919916272163,137.21483459971907,0.0,38.0,29.0,0.0,0.765625,0.078125,0.15625,md_cpsr_dqn,lambda_3__rho_0p08
301,1301005,link_limited,1.0,407.0666487625731,306.44636955857277,100.62028087293037,0.0,37.0,12.0,0.0,0.71875,0.078125,0.203125,md_cpsr_dqn,lambda_3__rho_0p08
301,1301006,link_limited,1.0,465.560523829639,354.2119520306587,111.34857212680579,0.0,37.0,16.0,1.0,0.703125,0.078125,0.21875,md_cpsr_dqn,lambda_3__rho_0p08
301,1301007,link_limited,1.0,377.5276114077182,274.0925906896591,103.43502052434408,0.0,38.0,17.0,0.0,0.71875,0.046875,0.234375,md_cpsr_dqn,lambda_3__rho_0p08
301,1301008,link_limited,1.0,555.5282233610512,349.87913995981216,205.64908325222748,3.0,37.0,33.0,0.0,0.78125,0.0625,0.15625,md_cpsr_dqn,lambda_3__rho_0p08
301,1301009,link_limited,1.0,397.60031000983713,317.9656339287758,79.63467709434035,0.0,35.0,3.0,1.0,0.71875,0.125,0.15625,md_cpsr_dqn,lambda_3__rho_0p08
301,1301010,link_limited,1.0,428.4741887769533,309.39020150899887,119.0839879534079,0.0,38.0,22.0,0.0,0.734375,0.0625,0.203125,md_cpsr_dqn,lambda_3__rho_0p08
301,1301011,link_limited,1.0,525.801096524179,328.4576591849327,197.34343727964176,0.0,37.0,35.0,0.0,0.6875,0.1875,0.125,md_cpsr_dqn,lambda_3__rho_0p08
301,1301012,link_limited,1.0,506.9970497315078,358.80836284160614,148.18868688990176,0.0,37.0,33.0,1.0,0.65625,0.140625,0.203125,md_cpsr_dqn,lambda_3__rho_0p08
301,1301013,link_limited,1.0,443.33166466278055,282.14077776670456,161.19088592750055,0.0,40.0,30.0,1.0,0.671875,0.15625,0.171875,md_cpsr_dqn,lambda_3__rho_0p08
301,1301014,link_limited,1.0,411.8591565177428,287.24123752117157,124.61791857933862,0.0,35.0,26.0,1.0,0.65625,0.09375,0.25,md_cpsr_dqn,lambda_3__rho_0p08
301,1301015,link_limited,1.0,428.79517074354095,314.2067900300026,114.58837928302684,0.0,38.0,19.0,0.0,0.6875,0.09375,0.21875,md_cpsr_dqn,lambda_3__rho_0p08
301,1301016,link_limited,1.0,487.371682388246,351.5511956214905,135.8204860514997,0.0,39.0,17.0,0.0,0.640625,0.09375,0.265625,md_cpsr_dqn,lambda_3__rho_0p08
301,1301017,link_limited,1.0,431.4464123860672,295.2677218914032,136.178689660199,0.0,38.0,26.0,1.0,0.625,0.15625,0.21875,md_cpsr_dqn,lambda_3__rho_0p08
301,1301018,link_limited,1.0,450.4596783899069,360.708192884922,89.751485147357,0.0,36.0,3.0,0.0,0.59375,0.0625,0.34375,md_cpsr_dqn,lambda_3__rho_0p08
301,1301019,link_limited,1.0,393.313030987978,314.76986637711525,78.54316572844982,0.0,34.0,0.0,0.0,0.640625,0.15625,0.203125,md_cpsr_dqn,lambda_3__rho_0p08
301,1301000,energy_limited,1.0,380.05431900045,264.8727094531059,115.18161059042538,0.0,46.0,6.0,1.0,0.46875,0.1875,0.34375,md_cpsr_dqn,lambda_3__rho_0p08
301,1301001,energy_limited,1.0,354.43827176094055,236.72598028182983,117.71229465305805,0.0,47.0,0.0,0.0,0.4375,0.15625,0.40625,md_cpsr_dqn,lambda_3__rho_0p08
301,1301002,energy_limited,1.0,334.28169015049934,225.25318816304207,109.0285013616085,0.0,45.0,0.0,0.0,0.46875,0.140625,0.390625,md_cpsr_dqn,lambda_3__rho_0p08
301,1301003,energy_limited,1.0,296.9519660770893,202.10111418366432,94.85085314512253,0.0,38.0,0.0,0.0,0.46875,0.171875,0.359375,md_cpsr_dqn,lambda_3__rho_0p08
301,1301004,energy_limited,1.0,332.0659798979759,218.2054995894432,113.8604806959629,0.0,46.0,0.0,0.0,0.609375,0.125,0.265625,md_cpsr_dqn,lambda_3__rho_0p08
301,1301005,energy_limited,1.0,340.5963509976864,230.60795179009438,109.98839966952801,0.0,45.0,0.0,1.0,0.4375,0.171875,0.390625,md_cpsr_dqn,lambda_3__rho_0p08
301,1301006,energy_limited,1.0,359.18691816329954,254.7148593068123,104.4720574259758,0.0,44.0,0.0,1.0,0.5625,0.140625,0.296875,md_cpsr_dqn,lambda_3__rho_0p08
301,1301007,energy_limited,1.0,342.62625324726105,231.21523290872574,111.41102038323879,0.0,45.0,0.0,0.0,0.578125,0.140625,0.28125,md_cpsr_dqn,lambda_3__rho_0p08
301,1301008,energy_limited,1.0,414.3616623263905,297.8191500008106,116.54251240008576,0.0,46.0,11.0,0.0,0.578125,0.125,0.296875,md_cpsr_dqn,lambda_3__rho_0p08
301,1301009,energy_limited,1.0,340.6315582633018,237.961691737175,102.66986859738827,0.0,43.0,0.0,1.0,0.578125,0.1875,0.234375,md_cpsr_dqn,lambda_3__rho_0p08
301,1301010,energy_limited,1.0,375.84121429920197,261.52734392881393,114.31387169659138,0.0,46.0,0.0,1.0,0.5625,0.203125,0.234375,md_cpsr_dqn,lambda_3__rho_0p08
301,1301011,energy_limited,1.0,420.58245041549236,257.9168419241905,162.66560861051104,0.0,48.0,30.0,1.0,0.484375,0.265625,0.25,md_cpsr_dqn,lambda_3__rho_0p08
301,1301012,energy_limited,1.0,391.23939713835716,284.1277396976948,107.11165718734264,0.0,43.0,0.0,1.0,0.46875,0.234375,0.296875,md_cpsr_dqn,lambda_3__rho_0p08
301,1301013,energy_limited,1.0,339.4437431693077,222.55438423156738,116.88936159014702,0.0,47.0,0.0,0.0,0.453125,0.265625,0.28125,md_cpsr_dqn,lambda_3__rho_0p08
301,1301014,energy_limited,1.0,315.5661597251892,204.59762352705002,110.96853409707546,0.0,46.0,0.0,1.0,0.5625,0.15625,0.28125,md_cpsr_dqn,lambda_3__rho_0p08
301,1301015,energy_limited,1.0,370.8986764550209,252.37656572461128,118.52211201190948,0.0,47.0,0.0,1.0,0.515625,0.171875,0.3125,md_cpsr_dqn,lambda_3__rho_0p08
301,1301016,energy_limited,1.0,373.8064482808113,256.83400243520737,116.97244602441788,0.0,47.0,0.0,0.0,0.453125,0.171875,0.375,md_cpsr_dqn,lambda_3__rho_0p08
301,1301017,energy_limited,1.0,347.3182214230299,236.07894265651703,111.23928068876266,0.0,44.0,0.0,3.0,0.5,0.234375,0.265625,md_cpsr_dqn,lambda_3__rho_0p08
301,1301018,energy_limited,1.0,360.6738712787628,252.15775674581528,108.51611611247063,0.0,44.0,0.0,0.0,0.4375,0.125,0.4375,md_cpsr_dqn,lambda_3__rho_0p08
301,1301019,energy_limited,1.0,364.8477358818054,260.3520609140396,104.49567465484142,0.0,42.0,0.0,0.0,0.484375,0.203125,0.3125,md_cpsr_dqn,lambda_3__rho_0p08
301,1301000,thermal_stress,1.0,371.61541076764195,273.4831354022026,98.13227512702072,0.0,37.0,11.0,1.0,0.453125,0.203125,0.34375,md_cpsr_dqn,lambda_3__rho_0p08
301,1301001,thermal_stress,1.0,347.12933658222533,247.75197410583496,99.37736265520432,2.0,38.0,19.0,0.0,0.421875,0.171875,0.40625,md_cpsr_dqn,lambda_3__rho_0p08
301,1301002,thermal_stress,1.0,313.8107444345951,234.96524766087532,78.8454951196909,2.0,34.0,0.0,0.0,0.421875,0.171875,0.40625,md_cpsr_dqn,lambda_3__rho_0p08
301,1301003,thermal_stress,1.0,279.40082320570946,213.64858892560005,65.75223550200462,0.0,29.0,0.0,0.0,0.453125,0.1875,0.359375,md_cpsr_dqn,lambda_3__rho_0p08
301,1301004,thermal_stress,1.0,323.3049527704716,235.2656436264515,88.03930945694447,0.0,36.0,0.0,0.0,0.578125,0.15625,0.265625,md_cpsr_dqn,lambda_3__rho_0p08
301,1301005,thermal_stress,1.0,330.9568957388401,247.5993712246418,83.3575249761343,0.0,36.0,0.0,1.0,0.40625,0.203125,0.390625,md_cpsr_dqn,lambda_3__rho_0p08
301,1301006,thermal_stress,1.0,345.78678874516487,264.81639939546585,80.97038990104197,0.0,34.0,4.0,1.0,0.5625,0.171875,0.265625,md_cpsr_dqn,lambda_3__rho_0p08
301,1301007,thermal_stress,1.0,332.1338815689087,244.15773212909698,87.97614772617817,0.0,37.0,0.0,0.0,0.578125,0.140625,0.28125,md_cpsr_dqn,lambda_3__rho_0p08
301,1301008,thermal_stress,1.0,434.7367283037727,320.155408591032,114.58131834183395,3.0,37.0,25.0,0.0,0.53125,0.15625,0.3125,md_cpsr_dqn,lambda_3__rho_0p08
301,1301009,thermal_stress,1.0,318.72293319702146,246.41811341047287,72.30482085943223,2.0,30.0,0.0,1.0,0.578125,0.1875,0.234375,md_cpsr_dqn,lambda_3__rho_0p08
301,1301010,thermal_stress,1.0,350.97966429531573,268.00672948360443,82.97293510973454,0.0,34.0,1.0,1.0,0.53125,0.234375,0.234375,md_cpsr_dqn,lambda_3__rho_0p08
301,1301011,thermal_stress,1.0,475.39031877249505,282.8197273015976,192.5705912920835,0.0,37.0,32.0,1.0,0.453125,0.28125,0.265625,md_cpsr_dqn,lambda_3__rho_0p08
301,1301012,thermal_stress,1.0,371.8695392012596,291.028903901577,80.8406383395195,0.0,34.0,0.0,1.0,0.453125,0.25,0.296875,md_cpsr_dqn,lambda_3__rho_0p08
301,1301013,thermal_stress,1.0,324.13407099632053,231.01252871751785,93.1215433516862,0.0,35.0,16.0,1.0,0.421875,0.296875,0.28125,md_cpsr_dqn,lambda_3__rho_0p08
301,1301014,thermal_stress,1.0,317.4818138281932,211.8541184067726,105.62769601746702,0.0,34.0,25.0,1.0,0.53125,0.1875,0.28125,md_cpsr_dqn,lambda_3__rho_0p08
301,1301015,thermal_stress,1.0,359.842343385031,269.21844533085823,90.62389936547481,3.0,37.0,7.0,1.0,0.53125,0.15625,0.3125,md_cpsr_dqn,lambda_3__rho_0p08
301,1301016,thermal_stress,1.0,369.0654770731926,268.6910842061043,100.37439201772213,9.0,37.0,0.0,0.0,0.453125,0.171875,0.375,md_cpsr_dqn,lambda_3__rho_0p08
301,1301017,thermal_stress,1.0,324.1612099736929,249.41301727294922,74.74819448888302,0.0,33.0,0.0,3.0,0.46875,0.25,0.28125,md_cpsr_dqn,lambda_3__rho_0p08
301,1301018,thermal_stress,1.0,348.9556119143963,260.2139253914356,88.7416877746582,0.0,36.0,0.0,0.0,0.40625,0.140625,0.453125,md_cpsr_dqn,lambda_3__rho_0p08
301,1301019,thermal_stress,1.0,350.4684262871742,272.9511898756027,77.51723639667034,0.0,34.0,0.0,0.0,0.46875,0.21875,0.3125,md_cpsr_dqn,lambda_3__rho_0p08
302,1302000,nominal,1.0,317.12319070100784,232.45763617753983,84.66555511951447,0.0,36.0,0.0,0.0,0.546875,0.1875,0.265625,standard_dqn,standard
302,1302001,nominal,1.0,313.8062483370304,249.4706709086895,64.33557790517807,0.0,28.0,0.0,1.0,0.484375,0.125,0.390625,standard_dqn,standard
302,1302002,nominal,1.0,310.69506698846817,237.45968157052994,73.23538745939732,0.0,32.0,0.0,0.0,0.46875,0.109375,0.421875,standard_dqn,standard
302,1302003,nominal,1.0,331.7952428460121,251.86258167028427,79.93266305327415,1.0,32.0,0.0,0.0,0.546875,0.109375,0.34375,standard_dqn,standard
302,1302004,nominal,1.0,351.91825264692307,281.33529394865036,70.58295795321465,0.0,32.0,0.0,1.0,0.5625,0.15625,0.28125,standard_dqn,standard
302,1302005,nominal,1.0,325.3220722079277,249.26439040899277,76.05768099427223,0.0,32.0,0.0,0.0,0.421875,0.234375,0.34375,standard_dqn,standard
302,1302006,nominal,1.0,310.2417342066765,237.1995451450348,73.04219061136246,0.0,32.0,0.0,1.0,0.46875,0.21875,0.3125,standard_dqn,standard
302,1302007,nominal,1.0,291.5888866186142,225.704860329628,65.88402582705021,0.0,28.0,0.0,1.0,0.453125,0.203125,0.34375,standard_dqn,standard
302,1302008,nominal,1.0,289.83325359225273,230.8839446604252,58.949307426810265,0.0,26.0,0.0,1.0,0.46875,0.171875,0.359375,standard_dqn,standard
302,1302009,nominal,1.0,342.99421483278275,254.99367958307266,88.00053629279137,5.0,35.0,0.0,1.0,0.40625,0.15625,0.4375,standard_dqn,standard
302,1302010,nominal,1.0,286.52243608236313,208.64407992362976,77.87835536897182,0.0,33.0,0.0,0.0,0.484375,0.1875,0.328125,standard_dqn,standard
302,1302011,nominal,1.0,350.784894862771,269.53769612312317,81.2471973091364,0.0,33.0,0.0,2.0,0.46875,0.125,0.40625,standard_dqn,standard
302,1302012,nominal,1.0,357.631593438983,283.5228814482689,74.10871067941189,1.0,31.0,0.0,2.0,0.421875,0.109375,0.46875,standard_dqn,standard
302,1302013,nominal,1.0,307.6331236958504,236.40213245153427,71.23099313676357,0.0,32.0,0.0,0.0,0.359375,0.296875,0.34375,standard_dqn,standard
302,1302014,nominal,1.0,321.1698960363865,262.74255165457726,58.42734408378601,0.0,29.0,0.0,0.0,0.390625,0.21875,0.390625,standard_dqn,standard
302,1302015,nominal,1.0,363.1350879073143,277.46501272916794,85.67007726430893,0.0,35.0,0.0,0.0,0.515625,0.09375,0.390625,standard_dqn,standard
302,1302016,nominal,1.0,335.3737014532089,253.25380206108093,82.1198994666338,0.0,34.0,0.0,0.0,0.609375,0.125,0.265625,standard_dqn,standard
302,1302017,nominal,1.0,269.47563165426254,201.76391857862473,67.71171224117279,0.0,29.0,0.0,0.0,0.46875,0.15625,0.375,standard_dqn,standard
302,1302018,nominal,1.0,318.15857038795946,246.30039358139038,71.85817914605141,0.0,31.0,0.0,1.0,0.421875,0.140625,0.4375,standard_dqn,standard
302,1302019,nominal,1.0,248.79575993418695,188.06298539042473,60.73277478218078,0.0,27.0,0.0,2.0,0.515625,0.171875,0.3125,standard_dqn,standard
302,1302000,burst,1.0,339.8052435517311,255.61384063959122,84.19140386581421,0.0,36.0,0.0,0.0,0.515625,0.234375,0.25,standard_dqn,standard
302,1302001,burst,1.0,335.1005226075649,259.00348326563835,76.09703901410103,3.0,33.0,0.0,1.0,0.46875,0.125,0.40625,standard_dqn,standard
302,1302002,burst,1.0,323.6825366616249,247.9080013036728,75.77453695237637,0.0,33.0,0.0,0.0,0.4375,0.140625,0.421875,standard_dqn,standard
302,1302003,burst,1.0,357.98256642609834,273.51660269498825,84.46596456557512,1.0,34.0,2.0,0.0,0.5,0.140625,0.359375,standard_dqn,standard
302,1302004,burst,1.0,378.26112711429596,292.6390977501869,85.62203177809715,4.0,34.0,0.0,1.0,0.546875,0.15625,0.296875,standard_dqn,standard
302,1302005,burst,1.0,337.2920445538969,258.1007015109062,79.1913427449675,0.0,32.0,5.0,0.0,0.421875,0.25,0.328125,standard_dqn,standard
302,1302006,burst,1.0,323.1536275148392,243.75345081090927,79.40017747879028,0.0,33.0,0.0,1.0,0.46875,0.21875,0.3125,standard_dqn,standard
302,1302007,burst,1.0,309.949511885643,238.0474410057068,71.90206941962242,0.0,30.0,0.0,1.0,0.421875,0.21875,0.359375,standard_dqn,standard
302,1302008,burst,1.0,299.69730520248413,235.41708233952522,64.28022339940071,2.0,29.0,0.0,1.0,0.46875,0.171875,0.359375,standard_dqn,standard
302,1302009,burst,1.0,400.45464128255844,275.72254544496536,124.73209577798843,15.0,36.0,0.0,1.0,0.390625,0.15625,0.453125,standard_dqn,standard
302,1302010,burst,1.0,295.7315276861191,208.87311124801636,86.85841608047485,4.0,35.0,0.0,0.0,0.46875,0.203125,0.328125,standard_dqn,standard
302,1302011,burst,1.0,375.56893924772737,290.35299241542816,85.21594710052014,0.0,36.0,0.0,2.0,0.4375,0.171875,0.390625,standard_dqn,standard
302,1302012,burst,1.0,388.2453954547644,294.2778605222702,93.96753517091274,11.0,34.0,0.0,2.0,0.40625,0.125,0.46875,standard_dqn,standard
302,1302013,burst,1.0,320.94479817152023,244.13264042139053,76.81215870380402,0.0,32.0,0.0,0.0,0.359375,0.3125,0.328125,standard_dqn,standard
302,1302014,burst,1.0,332.0620547235012,271.07089552283287,60.99115954339504,0.0,29.0,0.0,0.0,0.375,0.234375,0.390625,standard_dqn,standard
302,1302015,burst,1.0,385.2818382382393,295.2232999801636,90.05854012072086,5.0,36.0,0.0,0.0,0.484375,0.140625,0.375,standard_dqn,standard
302,1302016,burst,1.0,352.3791860342026,267.6788626909256,84.70032504200935,0.0,34.0,0.0,0.0,0.5625,0.15625,0.28125,standard_dqn,standard
302,1302017,burst,1.0,279.5129061937332,204.0362966656685,75.4766087681055,0.0,32.0,0.0,0.0,0.46875,0.140625,0.390625,standard_dqn,standard
302,1302018,burst,1.0,347.6877307683229,262.3014750480652,85.38625652492047,5.0,33.0,0.0,1.0,0.421875,0.15625,0.421875,standard_dqn,standard
302,1302019,burst,1.0,272.30741556286813,197.68983939290047,74.61757809221744,6.0,29.0,0.0,2.0,0.5,0.171875,0.328125,standard_dqn,standard
302,1302000,link_limited,1.0,441.8753304136289,283.59672033786774,158.27861007576118,0.0,41.0,41.0,0.0,0.65625,0.125,0.21875,standard_dqn,standard
302,1302001,link_limited,1.0,377.01809081435204,298.14927968382835,78.86881276965141,0.0,34.0,0.0,1.0,0.625,0.046875,0.328125,standard_dqn,standard
302,1302002,link_limited,1.0,369.52743542194366,288.8522893190384,80.67514827847481,0.0,33.0,0.0,0.0,0.625,0.0625,0.3125,standard_dqn,standard
302,1302003,link_limited,1.0,400.63277925142364,310.1731803715229,90.4595973450812,1.0,33.0,11.0,0.0,0.734375,0.03125,0.234375,standard_dqn,standard
302,1302004,link_limited,1.0,434.86531472206116,350.7082207798958,84.15709275007248,0.0,36.0,0.0,1.0,0.65625,0.09375,0.25,standard_dqn,standard
302,1302005,link_limited,1.0,419.8175383296635,308.52027863264084,111.29726035267358,0.0,32.0,20.0,0.0,0.65625,0.15625,0.1875,standard_dqn,standard
302,1302006,link_limited,1.0,536.7329008208285,332.39601719379425,204.33688347802254,0.0,41.0,36.0,1.0,0.640625,0.09375,0.265625,standard_dqn,standard
302,1302007,link_limited,1.0,352.67807418608663,266.09322199225426,86.58485404157639,0.0,36.0,6.0,1.0,0.6875,0.109375,0.203125,standard_dqn,standard
302,1302008,link_limited,1.0,349.5147987008095,271.55251282453537,77.9622880667448,0.0,33.0,0.0,0.0,0.625,0.09375,0.28125,standard_dqn,standard
302,1302009,link_limited,1.0,428.1425030744075,313.2288074493408,114.91369613170633,2.0,38.0,26.0,1.0,0.671875,0.0625,0.265625,standard_dqn,standard
302,1302010,link_limited,1.0,381.2576875420741,279.43115597963333,101.8265310856036,0.0,36.0,15.0,0.0,0.6875,0.09375,0.21875,standard_dqn,standard
302,1302011,link_limited,1.0,434.70318033403623,338.27605378627777,96.42712654775848,2.0,36.0,17.0,2.0,0.59375,0.0625,0.34375,standard_dqn,standard
302,1302012,link_limited,1.0,489.07414454221725,403.3375943303108,85.73654961585999,1.0,36.0,0.0,0.0,0.609375,0.015625,0.375,standard_dqn,standard
302,1302013,link_limited,1.0,400.8759722709656,319.6163741052151,81.25959748029709,0.0,34.0,0.0,0.0,0.5625,0.171875,0.265625,standard_dqn,standard
302,1302014,link_limited,1.0,388.01296162605286,324.2355127334595,63.77744801342487,0.0,29.0,0.0,0.0,0.671875,0.109375,0.21875,standard_dqn,standard
302,1302015,link_limited,1.0,488.2006138943503,356.7751139998436,131.42550047565194,0.0,39.0,24.0,0.0,0.65625,0.046875,0.296875,standard_dqn,standard
302,1302016,link_limited,1.0,390.5234578847885,304.0605121254921,86.46294559538364,0.0,36.0,0.0,0.0,0.78125,0.0625,0.15625,standard_dqn,standard
302,1302017,link_limited,1.0,332.49040496349335,248.65637534856796,83.834029302001,0.0,35.0,0.0,0.0,0.578125,0.09375,0.328125,standard_dqn,standard
302,1302018,link_limited,1.0,431.9586921930313,346.8741681575775,85.08452600240707,0.0,35.0,0.0,0.0,0.625,0.046875,0.328125,standard_dqn,standard
302,1302019,link_limited,1.0,301.20322494506837,232.44651731848717,68.75670779049396,1.0,29.0,0.0,2.0,0.609375,0.125,0.265625,standard_dqn,standard
302,1302000,energy_limited,1.0,351.00625962018967,237.25253689289093,113.7537233531475,0.0,46.0,0.0,0.0,0.515625,0.203125,0.28125,standard_dqn,standard
302,1302001,energy_limited,1.0,358.1616701185703,252.9450784623623,105.21659085154533,0.0,43.0,0.0,1.0,0.4375,0.125,0.4375,standard_dqn,standard
302,1302002,energy_limited,1.0,345.8033017516136,234.2377406358719,111.5655609369278,0.0,46.0,0.0,0.0,0.453125,0.125,0.421875,standard_dqn,standard
302,1302003,energy_limited,1.0,362.1210581064224,253.46553671360016,108.65551945567131,1.0,45.0,0.0,0.0,0.53125,0.109375,0.359375,standard_dqn,standard
302,1302004,energy_limited,1.0,388.54751712083817,278.8621470928192,109.68537320196629,0.0,46.0,0.0,1.0,0.53125,0.171875,0.296875,standard_dqn,standard
302,1302005,energy_limited,1.0,356.9375854730606,249.75989085435867,107.17769503593445,0.0,44.0,0.0,0.0,0.421875,0.234375,0.34375,standard_dqn,standard
302,1302006,energy_limited,1.0,349.0596954226494,237.1760549545288,111.88364155590534,0.0,46.0,0.0,1.0,0.453125,0.234375,0.3125,standard_dqn,standard
302,1302007,energy_limited,1.0,332.09652602672577,232.67806988954544,99.4184560328722,0.0,41.0,0.0,1.0,0.40625,0.203125,0.390625,standard_dqn,standard
302,1302008,energy_limited,1.0,333.35211062431335,231.47508189082146,101.87702798843384,0.0,44.0,0.0,1.0,0.46875,0.171875,0.359375,standard_dqn,standard
302,1302009,energy_limited,1.0,377.1749760150909,261.25342494249344,115.92155354619027,7.0,44.0,0.0,2.0,0.375,0.140625,0.484375,standard_dqn,standard
302,1302010,energy_limited,1.0,314.16718304157257,210.37456905841827,103.79261529445648,0.0,43.0,0.0,0.0,0.453125,0.203125,0.34375,standard_dqn,standard
302,1302011,energy_limited,1.0,377.8988193869591,270.0227862596512,107.87603199481964,0.0,43.0,0.0,2.0,0.46875,0.125,0.40625,standard_dqn,standard
302,1302012,energy_limited,1.0,393.48412606418134,286.00647270679474,107.4776548475027,1.0,44.0,0.0,2.0,0.40625,0.109375,0.484375,standard_dqn,standard
302,1302013,energy_limited,1.0,342.0292980670929,239.37614905834198,102.65314963459969,0.0,43.0,0.0,0.0,0.34375,0.3125,0.34375,standard_dqn,standard
302,1302014,energy_limited,1.0,371.2977003455162,267.4887687265873,103.80893155932426,0.0,42.0,0.0,0.0,0.34375,0.234375,0.421875,standard_dqn,standard
302,1302015,energy_limited,1.0,394.51660203933716,278.0543500781059,116.46225567162037,0.0,48.0,0.0,0.0,0.515625,0.09375,0.390625,standard_dqn,standard
302,1302016,energy_limited,1.0,371.42970383167267,257.5952968299389,113.83440935611725,0.0,46.0,0.0,0.0,0.578125,0.140625,0.28125,standard_dqn,standard
302,1302017,energy_limited,1.0,298.0156082510948,198.27613830566406,99.7394698113203,0.0,41.0,0.0,0.0,0.46875,0.140625,0.390625,standard_dqn,standard
302,1302018,energy_limited,1.0,351.4883125811815,246.8237243294716,104.66458902657033,0.0,42.0,0.0,1.0,0.421875,0.140625,0.4375,standard_dqn,standard
302,1302019,energy_limited,1.0,292.1139237165451,194.27873089909554,97.83519469499588,0.0,43.0,0.0,2.0,0.484375,0.1875,0.328125,standard_dqn,standard
302,1302000,thermal_stress,1.0,340.1493834257126,255.95798021554947,84.19140386581421,0.0,36.0,0.0,0.0,0.515625,0.234375,0.25,standard_dqn,standard
302,1302001,thermal_stress,1.0,335.58132657408714,259.3171477615833,76.26417925953865,3.0,33.0,0.0,1.0,0.46875,0.125,0.40625,standard_dqn,standard
302,1302002,thermal_stress,1.0,324.0616145133972,248.287078499794,75.77453695237637,0.0,33.0,0.0,0.0,0.4375,0.140625,0.421875,standard_dqn,standard
302,1302003,thermal_stress,1.0,361.972596572849,277.1623376607895,84.8102588524549,1.0,34.0,5.0,0.0,0.515625,0.125,0.359375,standard_dqn,standard
302,1302004,thermal_stress,1.0,378.75486743450165,293.0793073773384,85.67556032538414,4.0,34.0,0.0,1.0,0.546875,0.15625,0.296875,standard_dqn,standard
302,1302005,thermal_stress,1.0,337.58046839012815,258.38912653923035,79.1913427449675,0.0,32.0,5.0,0.0,0.421875,0.25,0.328125,standard_dqn,standard
302,1302006,thermal_stress,1.0,323.47835367918015,244.0781779885292,79.40017747879028,0.0,33.0,0.0,1.0,0.46875,0.21875,0.3125,standard_dqn,standard
302,1302007,thermal_stress,1.0,310.80048167705536,238.58185297250748,72.21863022446632,0.0,30.0,0.0,1.0,0.4375,0.203125,0.359375,standard_dqn,standard
302,1302008,thermal_stress,1.0,300.12780141830444,235.81179901957512,64.31600478291512,2.0,29.0,0.0,1.0,0.46875,0.171875,0.359375,standard_dqn,standard
302,1302009,thermal_stress,1.0,401.9362397789955,273.2403566837311,128.695885181427,15.0,36.0,0.0,1.0,0.421875,0.125,0.453125,standard_dqn,standard
302,1302010,thermal_stress,1.0,296.04157692193985,209.15387445688248,86.88770151138306,4.0,35.0,0.0,0.0,0.46875,0.203125,0.328125,standard_dqn,standard
302,1302011,thermal_stress,1.0,375.88418731987474,290.6682411432266,85.21594710052014,0.0,36.0,0.0,2.0,0.4375,0.171875,0.390625,standard_dqn,standard
302,1302012,thermal_stress,1.0,388.9239369362593,294.60748475790024,94.31645408570766,11.0,34.0,0.0,2.0,0.40625,0.125,0.46875,standard_dqn,standard
302,1302013,thermal_stress,1.0,321.21361166238785,244.4014528989792,76.81215870380402,0.0,32.0,0.0,0.0,0.359375,0.3125,0.328125,standard_dqn,standard
302,1302014,thermal_stress,1.0,332.47282961010933,271.4816693365574,60.99115954339504,0.0,29.0,0.0,0.0,0.375,0.234375,0.390625,standard_dqn,standard
302,1302015,thermal_stress,1.0,385.7064214348793,295.6189758181572,90.08744575083256,5.0,36.0,0.0,0.0,0.484375,0.140625,0.375,standard_dqn,standard
302,1302016,thermal_stress,1.0,352.7977654337883,268.09744143486023,84.70032504200935,0.0,34.0,0.0,0.0,0.5625,0.15625,0.28125,standard_dqn,standard
302,1302017,thermal_stress,1.0,279.9109400510788,204.43433099985123,75.4766087681055,0.0,32.0,0.0,0.0,0.46875,0.140625,0.390625,standard_dqn,standard
302,1302018,thermal_stress,1.0,348.1095526605844,262.6607197523117,85.44883448779584,5.0,33.0,0.0,1.0,0.421875,0.15625,0.421875,standard_dqn,standard
302,1302019,thermal_stress,1.0,272.82898052334787,198.00916054844856,74.81982094347477,6.0,29.0,0.0,2.0,0.5,0.171875,0.328125,standard_dqn,standard
302,1302000,nominal,1.0,313.767482817173,229.76254588365555,84.00493860244751,0.0,36.0,0.0,0.0,0.5625,0.203125,0.234375,md_cpsr_dqn,lambda_0p3__rho_0p03
302,1302001,nominal,1.0,312.9670704305172,251.2605781853199,61.706492483615875,0.0,27.0,0.0,1.0,0.484375,0.140625,0.375,md_cpsr_dqn,lambda_0p3__rho_0p03
302,1302002,nominal,1.0,310.7642644047737,237.5288783311844,73.23538745939732,0.0,32.0,0.0,0.0,0.484375,0.109375,0.40625,md_cpsr_dqn,lambda_0p3__rho_0p03
302,1302003,nominal,1.0,335.0966003537178,255.21589183807373,79.88070818781853,1.0,32.0,0.0,0.0,0.5625,0.09375,0.34375,md_cpsr_dqn,lambda_0p3__rho_0p03
302,1302004,nominal,1.0,345.09387838840485,276.1435704231262,68.95030796527863,0.0,31.0,0.0,1.0,0.578125,0.15625,0.265625,md_cpsr_dqn,lambda_0p3__rho_0p03
302,1302005,nominal,1.0,313.6653806567192,240.5503540635109,73.11502406001091,0.0,30.0,0.0,0.0,0.453125,0.25,0.296875,md_cpsr_dqn,lambda_0p3__rho_0p03
302,1302006,nominal,1.0,307.4211745262146,234.83532124757767,72.58585295081139,0.0,31.0,0.0,1.0,0.46875,0.234375,0.296875,md_cpsr_dqn,lambda_0p3__rho_0p03
302,1302007,nominal,1.0,280.3509215116501,214.51062709093094,65.84029377996922,0.0,28.0,0.0,1.0,0.5,0.203125,0.296875,md_cpsr_dqn,lambda_0p3__rho_0p03
302,1302008,nominal,1.0,283.3931573629379,220.32651355862617,63.066643714904785,0.0,29.0,0.0,1.0,0.5,0.15625,0.34375,md_cpsr_dqn,lambda_0p3__rho_0p03
302,1302009,nominal,1.0,342.1236234307289,251.23615884780884,90.88746508955956,6.0,36.0,0.0,1.0,0.453125,0.125,0.421875,md_cpsr_dqn,lambda_0p3__rho_0p03
302,1302010,nominal,1.0,285.1697103381157,207.8286094069481,77.34109982848167,0.0,33.0,0.0,0.0,0.5,0.1875,0.3125,md_cpsr_dqn,lambda_0p3__rho_0p03
302,1302011,nominal,1.0,344.43792406618593,263.3628511428833,81.07507283389569,0.0,33.0,0.0,2.0,0.5,0.125,0.375,md_cpsr_dqn,lambda_0p3__rho_0p03
302,1302012,nominal,1.0,355.05596623122693,282.2882865667343,72.76768017113208,1.0,31.0,0.0,2.0,0.40625,0.109375,0.484375,md_cpsr_dqn,lambda_0p3__rho_0p03
302,1302013,nominal,1.0,297.5571890473366,226.32619816064835,71.23099313676357,0.0,32.0,0.0,0.0,0.390625,0.296875,0.3125,md_cpsr_dqn,lambda_0p3__rho_0p03
302,1302014,nominal,1.0,316.8334610760212,257.3866841495037,59.44677925109863,0.0,29.0,0.0,0.0,0.390625,0.21875,0.390625,md_cpsr_dqn,lambda_0p3__rho_0p03
302,1302015,nominal,1.0,361.84882467985153,274.21739649772644,87.63143037259579,0.0,36.0,0.0,0.0,0.53125,0.09375,0.375,md_cpsr_dqn,lambda_0p3__rho_0p03
302,1302016,nominal,1.0,320.1563892364502,237.43277668952942,82.72361223399639,0.0,34.0,0.0,0.0,0.625,0.140625,0.234375,md_cpsr_dqn,lambda_0p3__rho_0p03
302,1302017,nominal,1.0,271.19874757528305,203.48703402280807,67.71171224117279,0.0,29.0,0.0,0.0,0.46875,0.171875,0.359375,md_cpsr_dqn,lambda_0p3__rho_0p03
302,1302018,nominal,1.0,318.74034333229065,247.20179897546768,71.53854408860207,0.0,32.0,0.0,0.0,0.453125,0.140625,0.40625,md_cpsr_dqn,lambda_0p3__rho_0p03
302,1302019,nominal,1.0,248.79575993418695,188.06298539042473,60.73277478218078,0.0,27.0,0.0,2.0,0.515625,0.171875,0.3125,md_cpsr_dqn,lambda_0p3__rho_0p03
302,1302000,burst,1.0,339.18786960840225,254.99646788835526,84.19140386581421,0.0,36.0,0.0,0.0,0.546875,0.21875,0.234375,md_cpsr_dqn,lambda_0p3__rho_0p03
302,1302001,burst,1.0,334.7313732802868,262.29128244519234,72.44009068608284,3.0,31.0,0.0,1.0,0.484375,0.15625,0.359375,md_cpsr_dqn,lambda_0p3__rho_0p03
302,1302002,burst,1.0,321.9812017083168,244.65025520324707,77.3309473991394,0.0,33.0,0.0,0.0,0.46875,0.140625,0.390625,md_cpsr_dqn,lambda_0p3__rho_0p03
302,1302003,burst,1.0,359.47898172179146,272.8495254814625,86.6294565979569,4.0,33.0,5.0,0.0,0.53125,0.125,0.34375,md_cpsr_dqn,lambda_0p3__rho_0p03
302,1302004,burst,1.0,378.26112711429596,292.6390977501869,85.62203177809715,4.0,34.0,0.0,1.0,0.546875,0.15625,0.296875,md_cpsr_dqn,lambda_0p3__rho_0p03
302,1302005,burst,1.0,337.2920445538969,258.1007015109062,79.1913427449675,0.0,32.0,5.0,0.0,0.421875,0.25,0.328125,md_cpsr_dqn,lambda_0p3__rho_0p03
302,1302006,burst,1.0,320.3736625313759,241.39381277561188,78.97985130548477,0.0,33.0,0.0,1.0,0.46875,0.234375,0.296875,md_cpsr_dqn,lambda_0p3__rho_0p03
302,1302007,burst,1.0,291.34322917461395,219.45672380924225,71.88650521636009,0.0,30.0,0.0,1.0,0.484375,0.21875,0.296875,md_cpsr_dqn,lambda_0p3__rho_0p03
302,1302008,burst,1.0,296.51614141464233,232.0323403775692,64.48380115628242,2.0,29.0,0.0,1.0,0.484375,0.171875,0.34375,md_cpsr_dqn,lambda_0p3__rho_0p03
302,1302009,burst,1.0,401.01783859729767,272.5155013203621,128.50233912467957,15.0,36.0,0.0,1.0,0.4375,0.125,0.4375,md_cpsr_dqn,lambda_0p3__rho_0p03
302,1302010,burst,1.0,295.7315276861191,208.87311124801636,86.85841608047485,4.0,35.0,0.0,0.0,0.46875,0.203125,0.328125,md_cpsr_dqn,lambda_0p3__rho_0p03
302,1302011,burst,1.0,370.9359596163034,285.7200130224228,85.21594710052014,0.0,36.0,0.0,2.0,0.453125,0.171875,0.375,md_cpsr_dqn,lambda_0p3__rho_0p03
302,1302012,burst,1.0,385.8482918471098,292.96222960948944,92.8860633701086,11.0,33.0,0.0,2.0,0.390625,0.125,0.484375,md_cpsr_dqn,lambda_0p3__rho_0p03
302,1302013,burst,1.0,311.14444559812546,234.33228719234467,76.81215870380402,0.0,32.0,0.0,0.0,0.390625,0.3125,0.296875,md_cpsr_dqn,lambda_0p3__rho_0p03
302,1302014,burst,1.0,332.5327422320843,271.5979308784008,60.934812158346176,0.0,29.0,0.0,0.0,0.359375,0.234375,0.40625,md_cpsr_dqn,lambda_0p3__rho_0p03
302,1302015,burst,1.0,384.65417102935277,285.8063015937805,98.84787056806039,10.0,38.0,7.0,0.0,0.515625,0.125,0.359375,md_cpsr_dqn,lambda_0p3__rho_0p03
302,1302016,burst,1.0,337.70680606365204,252.31893518567085,85.3878718316555,0.0,35.0,0.0,0.0,0.59375,0.15625,0.25,md_cpsr_dqn,lambda_0p3__rho_0p03
302,1302017,burst,1.0,281.9488812685013,207.84573990106583,74.10314156115055,0.0,32.0,0.0,0.0,0.46875,0.1875,0.34375,md_cpsr_dqn,lambda_0p3__rho_0p03
302,1302018,burst,1.0,332.8677987456322,250.28157711029053,82.58622071146965,5.0,33.0,0.0,0.0,0.46875,0.15625,0.375,md_cpsr_dqn,lambda_0p3__rho_0p03
302,1302019,burst,1.0,272.30741556286813,197.68983939290047,74.61757809221744,6.0,29.0,0.0,2.0,0.5,0.171875,0.328125,md_cpsr_dqn,lambda_0p3__rho_0p03
302,1302000,link_limited,1.0,443.64366358400565,283.7960510253906,159.84761255861497,0.0,41.0,41.0,0.0,0.671875,0.125,0.203125,md_cpsr_dqn,lambda_0p3__rho_0p03
302,1302001,link_limited,1.0,377.01809081435204,298.14927968382835,78.86881276965141,0.0,34.0,0.0,1.0,0.625,0.046875,0.328125,md_cpsr_dqn,lambda_0p3__rho_0p03
302,1302002,link_limited,1.0,362.3664608001709,283.324098110199,79.04236200451851,0.0,33.0,0.0,0.0,0.65625,0.0625,0.28125,md_cpsr_dqn,lambda_0p3__rho_0p03
302,1302003,link_limited,1.0,398.98536323824254,305.3170862495899,93.66827461936795,1.0,33.0,16.0,0.0,0.75,0.03125,0.21875,md_cpsr_dqn,lambda_0p3__rho_0p03
302,1302004,link_limited,1.0,407.83753073215485,322.73019725084305,85.10733297467232,0.0,36.0,0.0,1.0,0.671875,0.09375,0.234375,md_cpsr_dqn,lambda_0p3__rho_0p03
302,1302005,link_limited,1.0,416.80916960650933,304.8118306994438,111.99733956271655,0.0,32.0,20.0,0.0,0.671875,0.15625,0.171875,md_cpsr_dqn,lambda_0p3__rho_0p03
302,1302006,link_limited,1.0,536.7329008208285,332.39601719379425,204.33688347802254,0.0,41.0,36.0,1.0,0.640625,0.09375,0.265625,md_cpsr_dqn,lambda_0p3__rho_0p03
302,1302007,link_limited,1.0,352.67807418608663,266.09322199225426,86.58485404157639,0.0,36.0,6.0,1.0,0.6875,0.109375,0.203125,md_cpsr_dqn,lambda_0p3__rho_0p03
302,1302008,link_limited,1.0,349.5147987008095,271.55251282453537,77.9622880667448,0.0,33.0,0.0,0.0,0.625,0.09375,0.28125,md_cpsr_dqn,lambda_0p3__rho_0p03
302,1302009,link_limited,1.0,428.1425030744075,313.2288074493408,114.91369613170633,2.0,38.0,26.0,1.0,0.671875,0.0625,0.265625,md_cpsr_dqn,lambda_0p3__rho_0p03
302,1302010,link_limited,1.0,371.8603116974494,264.84347146749496,107.0168397531173,0.0,36.0,16.0,0.0,0.703125,0.109375,0.1875,md_cpsr_dqn,lambda_0p3__rho_0p03
302,1302011,link_limited,1.0,431.36796688315275,338.77815705537796,92.58980893370507,1.0,36.0,7.0,2.0,0.59375,0.09375,0.3125,md_cpsr_dqn,lambda_0p3__rho_0p03
302,1302012,link_limited,1.0,490.4297315210104,402.0365027785301,88.39322918951511,1.0,37.0,0.0,2.0,0.59375,0.015625,0.390625,md_cpsr_dqn,lambda_0p3__rho_0p03
302,1302013,link_limited,1.0,392.01778611201985,305.95842227339745,86.05936386842471,0.0,36.0,3.0,0.0,0.5625,0.1875,0.25,md_cpsr_dqn,lambda_0p3__rho_0p03
302,1302014,link_limited,1.0,387.9711697101593,326.68865156173706,61.282517820596695,0.0,29.0,0.0,0.0,0.6875,0.125,0.1875,md_cpsr_dqn,lambda_0p3__rho_0p03
302,1302015,link_limited,1.0,488.2006138943503,356.7751139998436,131.42550047565194,0.0,39.0,24.0,0.0,0.65625,0.046875,0.296875,md_cpsr_dqn,lambda_0p3__rho_0p03
302,1302016,link_limited,1.0,390.5234578847885,304.0605121254921,86.46294559538364,0.0,36.0,0.0,0.0,0.78125,0.0625,0.15625,md_cpsr_dqn,lambda_0p3__rho_0p03
302,1302017,link_limited,1.0,332.49040496349335,248.65637534856796,83.834029302001,0.0,35.0,0.0,0.0,0.578125,0.09375,0.328125,md_cpsr_dqn,lambda_0p3__rho_0p03
302,1302018,link_limited,1.0,435.85240972042084,350.76788675785065,85.08452600240707,0.0,35.0,0.0,0.0,0.640625,0.046875,0.3125,md_cpsr_dqn,lambda_0p3__rho_0p03
302,1302019,link_limited,1.0,303.66634349823,233.00887313485146,70.6574703335762,3.0,30.0,0.0,2.0,0.625,0.125,0.25,md_cpsr_dqn,lambda_0p3__rho_0p03
302,1302000,energy_limited,1.0,348.24810642004013,234.49438363313675,113.7537233531475,0.0,46.0,0.0,0.0,0.53125,0.21875,0.25,md_cpsr_dqn,lambda_0p3__rho_0p03
302,1302001,energy_limited,1.0,356.0696877539158,254.37558314204216,101.69410353899002,0.0,41.0,0.0,1.0,0.453125,0.140625,0.40625,md_cpsr_dqn,lambda_0p3__rho_0p03
302,1302002,energy_limited,1.0,349.00966292619705,238.1517624258995,110.8579033613205,0.0,45.0,0.0,0.0,0.484375,0.109375,0.40625,md_cpsr_dqn,lambda_0p3__rho_0p03
302,1302003,energy_limited,1.0,362.1210581064224,253.46553671360016,108.65551945567131,1.0,45.0,0.0,0.0,0.53125,0.109375,0.359375,md_cpsr_dqn,lambda_0p3__rho_0p03
302,1302004,energy_limited,1.0,387.3861933350563,277.7008211016655,109.68537320196629,0.0,46.0,0.0,1.0,0.546875,0.171875,0.28125,md_cpsr_dqn,lambda_0p3__rho_0p03
302,1302005,energy_limited,1.0,351.50710594654083,244.32941204309464,107.17769503593445,0.0,44.0,0.0,0.0,0.4375,0.25,0.3125,md_cpsr_dqn,lambda_0p3__rho_0p03
302,1302006,energy_limited,1.0,349.0596954226494,237.1760549545288,111.88364155590534,0.0,46.0,0.0,1.0,0.453125,0.234375,0.3125,md_cpsr_dqn,lambda_0p3__rho_0p03
302,1302007,energy_limited,1.0,320.58487617969513,221.16642040014267,99.4184560328722,0.0,41.0,0.0,1.0,0.453125,0.203125,0.34375,md_cpsr_dqn,lambda_0p3__rho_0p03
302,1302008,energy_limited,1.0,326.2809886932373,224.403961032629,101.87702798843384,0.0,44.0,0.0,1.0,0.484375,0.15625,0.359375,md_cpsr_dqn,lambda_0p3__rho_0p03
302,1302009,energy_limited,1.0,377.47161796092985,259.8984478712082,117.57317062616349,8.0,44.0,0.0,2.0,0.421875,0.109375,0.46875,md_cpsr_dqn,lambda_0p3__rho_0p03
302,1302010,energy_limited,1.0,314.6580014228821,209.1496378183365,105.50836399197578,0.0,43.0,0.0,0.0,0.484375,0.1875,0.328125,md_cpsr_dqn,lambda_0p3__rho_0p03
302,1302011,energy_limited,1.0,373.2725061774254,265.39647394418716,107.87603199481964,0.0,43.0,0.0,2.0,0.484375,0.125,0.390625,md_cpsr_dqn,lambda_0p3__rho_0p03
302,1302012,energy_limited,1.0,390.2595660418272,282.78191274404526,107.4776548475027,1.0,44.0,0.0,2.0,0.40625,0.109375,0.484375,md_cpsr_dqn,lambda_0p3__rho_0p03
302,1302013,energy_limited,1.0,332.02101838588715,225.92120623588562,106.09981340169907,0.0,45.0,0.0,0.0,0.359375,0.3125,0.328125,md_cpsr_dqn,lambda_0p3__rho_0p03
302,1302014,energy_limited,1.0,364.4309874176979,259.8935260474682,104.5374628007412,0.0,42.0,0.0,0.0,0.375,0.21875,0.40625,md_cpsr_dqn,lambda_0p3__rho_0p03
302,1302015,energy_limited,1.0,394.51660203933716,278.0543500781059,116.46225567162037,0.0,48.0,0.0,0.0,0.515625,0.09375,0.390625,md_cpsr_dqn,lambda_0p3__rho_0p03
302,1302016,energy_limited,1.0,353.08231937885284,238.07163870334625,115.01067888736725,0.0,46.0,0.0,0.0,0.59375,0.15625,0.25,md_cpsr_dqn,lambda_0p3__rho_0p03
302,1302017,energy_limited,1.0,303.83515137434006,204.09567898511887,99.7394698113203,0.0,41.0,0.0,0.0,0.46875,0.171875,0.359375,md_cpsr_dqn,lambda_0p3__rho_0p03
302,1302018,energy_limited,1.0,352.6764184832573,249.40470957756042,103.27171137928963,0.0,42.0,0.0,0.0,0.4375,0.15625,0.40625,md_cpsr_dqn,lambda_0p3__rho_0p03
302,1302019,energy_limited,1.0,288.8082904100418,190.9730950295925,97.83519469499588,0.0,43.0,0.0,2.0,0.5,0.1875,0.3125,md_cpsr_dqn,lambda_0p3__rho_0p03
302,1302000,thermal_stress,1.0,339.5322116613388,255.34080892801285,84.19140386581421,0.0,36.0,0.0,0.0,0.546875,0.21875,0.234375,md_cpsr_dqn,lambda_0p3__rho_0p03
302,1302001,thermal_stress,1.0,335.20216366648674,262.5949324667454,72.60723236203194,3.0,31.0,0.0,1.0,0.484375,0.15625,0.359375,md_cpsr_dqn,lambda_0p3__rho_0p03
302,1302002,thermal_stress,1.0,322.3610670566559,245.03012144565582,77.3309473991394,0.0,33.0,0.0,0.0,0.46875,0.140625,0.390625,md_cpsr_dqn,lambda_0p3__rho_0p03
302,1302003,thermal_stress,1.0,359.9097100082962,273.21487498283386,86.69483526388098,4.0,33.0,5.0,0.0,0.53125,0.125,0.34375,md_cpsr_dqn,lambda_0p3__rho_0p03
302,1302004,thermal_stress,1.0,373.8937715291977,286.57969856262207,87.31407329440117,4.0,34.0,0.0,1.0,0.546875,0.171875,0.28125,md_cpsr_dqn,lambda_0p3__rho_0p03
302,1302005,thermal_stress,1.0,337.58046839012815,258.38912653923035,79.1913427449675,0.0,32.0,5.0,0.0,0.421875,0.25,0.328125,md_cpsr_dqn,lambda_0p3__rho_0p03
302,1302006,thermal_stress,1.0,321.5301368832588,242.20432496070862,79.32581424713135,0.0,33.0,0.0,1.0,0.484375,0.21875,0.296875,md_cpsr_dqn,lambda_0p3__rho_0p03
302,1302007,thermal_stress,1.0,291.63191443681717,219.74540942907333,71.88650521636009,0.0,30.0,0.0,1.0,0.484375,0.21875,0.296875,md_cpsr_dqn,lambda_0p3__rho_0p03
302,1302008,thermal_stress,1.0,296.946720123291,232.4271375834942,64.51958253979683,2.0,29.0,0.0,1.0,0.484375,0.171875,0.34375,md_cpsr_dqn,lambda_0p3__rho_0p03
302,1302009,thermal_stress,1.0,401.6087594628334,272.91287636756897,128.695885181427,15.0,36.0,0.0,1.0,0.4375,0.125,0.4375,md_cpsr_dqn,lambda_0p3__rho_0p03
302,1302010,thermal_stress,1.0,296.04157692193985,209.15387445688248,86.88770151138306,4.0,35.0,0.0,0.0,0.46875,0.203125,0.328125,md_cpsr_dqn,lambda_0p3__rho_0p03
302,1302011,thermal_stress,1.0,371.2512284308672,286.03528267145157,85.21594710052014,0.0,36.0,0.0,2.0,0.453125,0.171875,0.375,md_cpsr_dqn,lambda_0p3__rho_0p03
302,1302012,thermal_stress,1.0,386.50520870387555,293.27022910118103,93.23498013913631,11.0,33.0,0.0,2.0,0.390625,0.125,0.484375,md_cpsr_dqn,lambda_0p3__rho_0p03
302,1302013,thermal_stress,1.0,311.4132910370827,234.6011328101158,76.81215870380402,0.0,32.0,0.0,0.0,0.390625,0.3125,0.296875,md_cpsr_dqn,lambda_0p3__rho_0p03
302,1302014,thermal_stress,1.0,332.93704560399055,272.0022338926792,60.934812158346176,0.0,29.0,0.0,0.0,0.359375,0.234375,0.40625,md_cpsr_dqn,lambda_0p3__rho_0p03
302,1302015,thermal_stress,1.0,385.1860080158945,286.2154207229614,98.97058699490975,10.0,38.0,7.0,0.0,0.515625,0.125,0.359375,md_cpsr_dqn,lambda_0p3__rho_0p03
302,1302016,thermal_stress,1.0,338.1266331076622,252.73876357078552,85.3878718316555,0.0,35.0,0.0,0.0,0.59375,0.15625,0.25,md_cpsr_dqn,lambda_0p3__rho_0p03
302,1302017,thermal_stress,1.0,282.3466645479202,208.24352234601974,74.10314156115055,0.0,32.0,0.0,0.0,0.46875,0.1875,0.34375,md_cpsr_dqn,lambda_0p3__rho_0p03
302,1302018,thermal_stress,1.0,333.2968011498451,250.64799618721008,82.64880511164665,5.0,33.0,0.0,0.0,0.46875,0.15625,0.375,md_cpsr_dqn,lambda_0p3__rho_0p03
302,1302019,thermal_stress,1.0,272.82898052334787,198.00916054844856,74.81982094347477,6.0,29.0,0.0,2.0,0.5,0.171875,0.328125,md_cpsr_dqn,lambda_0p3__rho_0p03
302,1302000,nominal,1.0,313.767482817173,229.76254588365555,84.00493860244751,0.0,36.0,0.0,0.0,0.5625,0.203125,0.234375,md_cpsr_dqn,lambda_0p3__rho_0p05
302,1302001,nominal,1.0,314.4456568658352,251.57657435536385,62.86908306181431,0.0,28.0,0.0,1.0,0.46875,0.140625,0.390625,md_cpsr_dqn,lambda_0p3__rho_0p05
302,1302002,nominal,1.0,310.69506698846817,237.45968157052994,73.23538745939732,0.0,32.0,0.0,0.0,0.46875,0.109375,0.421875,md_cpsr_dqn,lambda_0p3__rho_0p05
302,1302003,nominal,1.0,329.5591087937355,250.81533646583557,78.74377225339413,0.0,32.0,0.0,0.0,0.546875,0.125,0.328125,md_cpsr_dqn,lambda_0p3__rho_0p05
302,1302004,nominal,1.0,345.09387838840485,276.1435704231262,68.95030796527863,0.0,31.0,0.0,1.0,0.578125,0.15625,0.265625,md_cpsr_dqn,lambda_0p3__rho_0p05
302,1302005,nominal,1.0,321.19318598508835,248.07815963029861,73.11502406001091,0.0,30.0,0.0,0.0,0.4375,0.25,0.3125,md_cpsr_dqn,lambda_0p3__rho_0p05
302,1302006,nominal,1.0,309.3801155090332,236.71408581733704,72.66603097319603,0.0,31.0,0.0,1.0,0.453125,0.234375,0.3125,md_cpsr_dqn,lambda_0p3__rho_0p05
302,1302007,nominal,1.0,274.56046694517136,210.35076946020126,64.20969769358635,0.0,27.0,0.0,1.0,0.484375,0.21875,0.296875,md_cpsr_dqn,lambda_0p3__rho_0p05
302,1302008,nominal,1.0,283.3931573629379,220.32651355862617,63.066643714904785,0.0,29.0,0.0,1.0,0.5,0.15625,0.34375,md_cpsr_dqn,lambda_0p3__rho_0p05
302,1302009,nominal,1.0,338.51390850543976,248.60721403360367,89.90669474005699,6.0,36.0,0.0,1.0,0.453125,0.140625,0.40625,md_cpsr_dqn,lambda_0p3__rho_0p05
302,1302010,nominal,1.0,283.8082335591316,206.45015677809715,77.35807654261589,0.0,33.0,0.0,0.0,0.515625,0.1875,0.296875,md_cpsr_dqn,lambda_0p3__rho_0p05
302,1302011,nominal,1.0,344.43792406618593,263.3628511428833,81.07507283389569,0.0,33.0,0.0,2.0,0.5,0.125,0.375,md_cpsr_dqn,lambda_0p3__rho_0p05
302,1302012,nominal,1.0,351.9840076893568,279.3789319396019,72.60507580935955,1.0,31.0,0.0,2.0,0.40625,0.125,0.46875,md_cpsr_dqn,lambda_0p3__rho_0p05
302,1302013,nominal,1.0,297.5571890473366,226.32619816064835,71.23099313676357,0.0,32.0,0.0,0.0,0.390625,0.296875,0.3125,md_cpsr_dqn,lambda_0p3__rho_0p05
302,1302014,nominal,1.0,318.36241272091866,258.91563579440117,59.44677925109863,0.0,29.0,0.0,0.0,0.375,0.234375,0.390625,md_cpsr_dqn,lambda_0p3__rho_0p05
302,1302015,nominal,1.0,364.2354823946953,276.6040536761284,87.63143037259579,0.0,36.0,0.0,0.0,0.53125,0.109375,0.359375,md_cpsr_dqn,lambda_0p3__rho_0p05
302,1302016,nominal,1.0,316.3165125846863,232.3639326095581,83.95258130133152,0.0,35.0,0.0,0.0,0.609375,0.15625,0.234375,md_cpsr_dqn,lambda_0p3__rho_0p05
302,1302017,nominal,1.0,271.19874757528305,203.48703402280807,67.71171224117279,0.0,29.0,0.0,0.0,0.46875,0.171875,0.359375,md_cpsr_dqn,lambda_0p3__rho_0p05
302,1302018,nominal,1.0,318.74034333229065,247.20179897546768,71.53854408860207,0.0,32.0,0.0,0.0,0.453125,0.140625,0.40625,md_cpsr_dqn,lambda_0p3__rho_0p05
302,1302019,nominal,1.0,248.33911790251733,190.79357919096947,57.545538651943204,0.0,26.0,0.0,2.0,0.5,0.203125,0.296875,md_cpsr_dqn,lambda_0p3__rho_0p05
302,1302000,burst,1.0,339.18786960840225,254.99646788835526,84.19140386581421,0.0,36.0,0.0,0.0,0.546875,0.21875,0.234375,md_cpsr_dqn,lambda_0p3__rho_0p05
302,1302001,burst,1.0,338.25875267386436,264.4716589152813,73.78709360957146,1.0,33.0,0.0,1.0,0.453125,0.15625,0.390625,md_cpsr_dqn,lambda_0p3__rho_0p05
302,1302002,burst,1.0,321.8594689965248,244.5285229086876,77.3309473991394,0.0,33.0,0.0,0.0,0.453125,0.140625,0.40625,md_cpsr_dqn,lambda_0p3__rho_0p05
302,1302003,burst,1.0,355.86314552664754,269.5673558115959,86.29579171180725,4.0,33.0,2.0,0.0,0.515625,0.140625,0.34375,md_cpsr_dqn,lambda_0p3__rho_0p05
302,1302004,burst,1.0,378.26112711429596,292.6390977501869,85.62203177809715,4.0,34.0,0.0,1.0,0.546875,0.15625,0.296875,md_cpsr_dqn,lambda_0p3__rho_0p05
302,1302005,burst,1.0,337.2920445538969,258.1007015109062,79.1913427449675,0.0,32.0,5.0,0.0,0.421875,0.25,0.328125,md_cpsr_dqn,lambda_0p3__rho_0p05
302,1302006,burst,1.0,322.5614354610443,243.507221698761,79.05421453714371,0.0,33.0,0.0,1.0,0.453125,0.21875,0.328125,md_cpsr_dqn,lambda_0p3__rho_0p05
302,1302007,burst,1.0,291.0262888073921,220.486057639122,70.54023042321205,0.0,29.0,0.0,1.0,0.46875,0.21875,0.3125,md_cpsr_dqn,lambda_0p3__rho_0p05
302,1302008,burst,1.0,296.51614141464233,232.0323403775692,64.48380115628242,2.0,29.0,0.0,1.0,0.484375,0.171875,0.34375,md_cpsr_dqn,lambda_0p3__rho_0p05
302,1302009,burst,1.0,391.4357132911682,276.0136934518814,115.42202150821686,13.0,36.0,0.0,1.0,0.421875,0.15625,0.421875,md_cpsr_dqn,lambda_0p3__rho_0p05
302,1302010,burst,1.0,294.7019534111023,207.5657012462616,87.13625347614288,4.0,35.0,0.0,0.0,0.484375,0.203125,0.3125,md_cpsr_dqn,lambda_0p3__rho_0p05
302,1302011,burst,1.0,370.9359596163034,285.7200130224228,85.21594710052014,0.0,36.0,0.0,2.0,0.453125,0.171875,0.375,md_cpsr_dqn,lambda_0p3__rho_0p05
302,1302012,burst,1.0,383.78518578708173,290.8991229534149,92.8860633701086,11.0,33.0,0.0,2.0,0.40625,0.125,0.46875,md_cpsr_dqn,lambda_0p3__rho_0p05
302,1302013,burst,1.0,309.6793971657753,233.2551081776619,76.42428982257843,0.0,32.0,0.0,0.0,0.375,0.328125,0.296875,md_cpsr_dqn,lambda_0p3__rho_0p05
302,1302014,burst,1.0,328.94965812563896,267.1484806239605,61.8011768758297,0.0,29.0,0.0,0.0,0.359375,0.25,0.390625,md_cpsr_dqn,lambda_0p3__rho_0p05
302,1302015,burst,1.0,384.3423111438751,294.26409286260605,90.07822068035603,1.0,37.0,0.0,0.0,0.484375,0.171875,0.34375,md_cpsr_dqn,lambda_0p3__rho_0p05
302,1302016,burst,1.0,331.8729024529457,246.84349870681763,85.02940320968628,0.0,34.0,0.0,0.0,0.578125,0.1875,0.234375,md_cpsr_dqn,lambda_0p3__rho_0p05
302,1302017,burst,1.0,281.9488812685013,207.84573990106583,74.10314156115055,0.0,32.0,0.0,0.0,0.46875,0.1875,0.34375,md_cpsr_dqn,lambda_0p3__rho_0p05
302,1302018,burst,1.0,334.2287477850914,251.64252591133118,82.58622071146965,5.0,33.0,0.0,0.0,0.453125,0.171875,0.375,md_cpsr_dqn,lambda_0p3__rho_0p05
302,1302019,burst,1.0,270.9260153949261,200.6369659602642,70.28904913663864,5.0,28.0,0.0,2.0,0.484375,0.203125,0.3125,md_cpsr_dqn,lambda_0p3__rho_0p05
302,1302000,link_limited,1.0,443.64366358400565,283.7960510253906,159.84761255861497,0.0,41.0,41.0,0.0,0.671875,0.125,0.203125,md_cpsr_dqn,lambda_0p3__rho_0p05
302,1302001,link_limited,1.0,398.2016741335392,324.0436953008175,74.15797910094261,0.0,33.0,0.0,1.0,0.578125,0.09375,0.328125,md_cpsr_dqn,lambda_0p3__rho_0p05
302,1302002,link_limited,1.0,363.9859960079193,280.10020488500595,83.88579112291336,0.0,35.0,0.0,0.0,0.65625,0.0625,0.28125,md_cpsr_dqn,lambda_0p3__rho_0p05
302,1302003,link_limited,1.0,398.98536323824254,305.3170862495899,93.66827461936795,1.0,33.0,16.0,0.0,0.75,0.03125,0.21875,md_cpsr_dqn,lambda_0p3__rho_0p05
302,1302004,link_limited,1.0,407.83753073215485,322.73019725084305,85.10733297467232,0.0,36.0,0.0,1.0,0.671875,0.09375,0.234375,md_cpsr_dqn,lambda_0p3__rho_0p05
302,1302005,link_limited,1.0,415.6594983275179,303.00888699293137,112.65061199023751,0.0,32.0,20.0,0.0,0.65625,0.171875,0.171875,md_cpsr_dqn,lambda_0p3__rho_0p05
302,1302006,link_limited,1.0,529.7336113745434,335.6234744787216,194.1101362103683,0.0,41.0,35.0,1.0,0.625,0.109375,0.265625,md_cpsr_dqn,lambda_0p3__rho_0p05
302,1302007,link_limited,1.0,347.87563985621927,261.30944231152534,86.56619873678684,0.0,36.0,6.0,1.0,0.703125,0.109375,0.1875,md_cpsr_dqn,lambda_0p3__rho_0p05
302,1302008,link_limited,1.0,348.4484289288521,270.87837612628937,77.57005541026592,0.0,33.0,0.0,0.0,0.609375,0.109375,0.28125,md_cpsr_dqn,lambda_0p3__rho_0p05
302,1302009,link_limited,1.0,428.1425030744075,313.2288074493408,114.91369613170633,2.0,38.0,26.0,1.0,0.671875,0.0625,0.265625,md_cpsr_dqn,lambda_0p3__rho_0p05
302,1302010,link_limited,1.0,371.8603116974494,264.84347146749496,107.0168397531173,0.0,36.0,16.0,0.0,0.703125,0.109375,0.1875,md_cpsr_dqn,lambda_0p3__rho_0p05
302,1302011,link_limited,1.0,431.1080382485091,338.7673528790474,92.34068376013637,1.0,36.0,7.0,2.0,0.59375,0.078125,0.328125,md_cpsr_dqn,lambda_0p3__rho_0p05
302,1302012,link_limited,1.0,473.123543381691,387.9937685728073,85.12977300584316,1.0,36.0,0.0,0.0,0.625,0.046875,0.328125,md_cpsr_dqn,lambda_0p3__rho_0p05
302,1302013,link_limited,1.0,400.8759722709656,319.6163741052151,81.25959748029709,0.0,34.0,0.0,0.0,0.5625,0.171875,0.265625,md_cpsr_dqn,lambda_0p3__rho_0p05
302,1302014,link_limited,1.0,385.506266951561,325.73088425397873,59.77538272738457,0.0,28.0,0.0,0.0,0.6875,0.140625,0.171875,md_cpsr_dqn,lambda_0p3__rho_0p05
302,1302015,link_limited,1.0,481.14934823999874,353.25344997644424,127.89589769731037,0.0,38.0,23.0,0.0,0.671875,0.0625,0.265625,md_cpsr_dqn,lambda_0p3__rho_0p05
302,1302016,link_limited,1.0,390.5234578847885,304.0605121254921,86.46294559538364,0.0,36.0,0.0,0.0,0.78125,0.0625,0.15625,md_cpsr_dqn,lambda_0p3__rho_0p05
302,1302017,link_limited,1.0,332.9655448794365,249.0944008231163,83.8711438626051,0.0,35.0,0.0,0.0,0.578125,0.078125,0.34375,md_cpsr_dqn,lambda_0p3__rho_0p05
302,1302018,link_limited,1.0,434.82413136959076,349.8719182610512,84.95221418142319,0.0,35.0,0.0,0.0,0.625,0.0625,0.3125,md_cpsr_dqn,lambda_0p3__rho_0p05
302,1302019,link_limited,1.0,301.20322494506837,232.44651731848717,68.75670779049396,1.0,29.0,0.0,2.0,0.609375,0.125,0.265625,md_cpsr_dqn,lambda_0p3__rho_0p05
302,1302000,energy_limited,1.0,348.24810642004013,234.49438363313675,113.7537233531475,0.0,46.0,0.0,0.0,0.53125,0.21875,0.25,md_cpsr_dqn,lambda_0p3__rho_0p05
302,1302001,energy_limited,1.0,355.26621356606483,250.74499610066414,104.52121731638908,0.0,43.0,0.0,1.0,0.453125,0.125,0.421875,md_cpsr_dqn,lambda_0p3__rho_0p05
302,1302002,energy_limited,1.0,348.9404655098915,238.08256566524506,110.8579033613205,0.0,45.0,0.0,0.0,0.46875,0.109375,0.421875,md_cpsr_dqn,lambda_0p3__rho_0p05
302,1302003,energy_limited,1.0,361.0605455636978,252.42838096618652,108.6321642100811,0.0,45.0,0.0,0.0,0.53125,0.125,0.34375,md_cpsr_dqn,lambda_0p3__rho_0p05
302,1302004,energy_limited,1.0,387.3861933350563,277.7008211016655,109.68537320196629,0.0,46.0,0.0,1.0,0.546875,0.171875,0.28125,md_cpsr_dqn,lambda_0p3__rho_0p05
302,1302005,energy_limited,1.0,359.1789013147354,252.00120717287064,107.17769503593445,0.0,44.0,0.0,0.0,0.421875,0.25,0.328125,md_cpsr_dqn,lambda_0p3__rho_0p05
302,1302006,energy_limited,1.0,349.0596954226494,237.1760549545288,111.88364155590534,0.0,46.0,0.0,1.0,0.453125,0.234375,0.3125,md_cpsr_dqn,lambda_0p3__rho_0p05
302,1302007,energy_limited,1.0,315.4395149946213,216.02105849981308,99.4184560328722,0.0,41.0,0.0,1.0,0.453125,0.21875,0.328125,md_cpsr_dqn,lambda_0p3__rho_0p05
302,1302008,energy_limited,1.0,326.2809886932373,224.403961032629,101.87702798843384,0.0,44.0,0.0,1.0,0.484375,0.15625,0.359375,md_cpsr_dqn,lambda_0p3__rho_0p05
302,1302009,energy_limited,1.0,372.0479878425598,258.15669214725494,113.89129846692086,6.0,44.0,0.0,2.0,0.40625,0.15625,0.4375,md_cpsr_dqn,lambda_0p3__rho_0p05
302,1302010,energy_limited,1.0,313.63882434368134,209.84620958566666,103.79261529445648,0.0,43.0,0.0,0.0,0.46875,0.203125,0.328125,md_cpsr_dqn,lambda_0p3__rho_0p05
302,1302011,energy_limited,1.0,363.5632807612419,255.6817501783371,107.88152945041656,1.0,43.0,0.0,2.0,0.5,0.109375,0.390625,md_cpsr_dqn,lambda_0p3__rho_0p05
302,1302012,energy_limited,1.0,387.35057208240033,279.87291836738586,107.4776548475027,1.0,44.0,0.0,2.0,0.40625,0.125,0.46875,md_cpsr_dqn,lambda_0p3__rho_0p05
302,1302013,energy_limited,1.0,331.95928597450256,229.30613672733307,102.65314963459969,0.0,43.0,0.0,0.0,0.375,0.3125,0.3125,md_cpsr_dqn,lambda_0p3__rho_0p05
302,1302014,energy_limited,1.0,366.99183744192123,263.18290677666664,103.80893155932426,0.0,42.0,0.0,0.0,0.34375,0.25,0.40625,md_cpsr_dqn,lambda_0p3__rho_0p05
302,1302015,energy_limited,1.0,396.90981936454773,280.44756734371185,116.46225567162037,0.0,48.0,0.0,0.0,0.515625,0.109375,0.375,md_cpsr_dqn,lambda_0p3__rho_0p05
302,1302016,energy_limited,1.0,352.059985101223,237.0147006213665,115.04528473317623,0.0,46.0,0.0,0.0,0.578125,0.171875,0.25,md_cpsr_dqn,lambda_0p3__rho_0p05
302,1302017,energy_limited,1.0,303.83515137434006,204.09567898511887,99.7394698113203,0.0,41.0,0.0,0.0,0.46875,0.171875,0.359375,md_cpsr_dqn,lambda_0p3__rho_0p05
302,1302018,energy_limited,1.0,351.8373744279146,249.72416228055954,102.11321277320386,0.0,42.0,0.0,1.0,0.421875,0.171875,0.40625,md_cpsr_dqn,lambda_0p3__rho_0p05
302,1302019,energy_limited,1.0,286.4743214130402,191.47622421383858,94.99809730350971,0.0,42.0,0.0,2.0,0.5,0.203125,0.296875,md_cpsr_dqn,lambda_0p3__rho_0p05
302,1302000,thermal_stress,1.0,339.5322116613388,255.34080892801285,84.19140386581421,0.0,36.0,0.0,0.0,0.546875,0.21875,0.234375,md_cpsr_dqn,lambda_0p3__rho_0p05
302,1302001,thermal_stress,1.0,338.6149754226208,264.77258893847466,73.84238573908806,1.0,33.0,0.0,1.0,0.453125,0.15625,0.390625,md_cpsr_dqn,lambda_0p3__rho_0p05
302,1302002,thermal_stress,1.0,322.2393260002136,244.9083804488182,77.3309473991394,0.0,33.0,0.0,0.0,0.453125,0.140625,0.40625,md_cpsr_dqn,lambda_0p3__rho_0p05
302,1302003,thermal_stress,1.0,359.9097100082962,273.21487498283386,86.69483526388098,4.0,33.0,5.0,0.0,0.53125,0.125,0.34375,md_cpsr_dqn,lambda_0p3__rho_0p05
302,1302004,thermal_stress,1.0,378.75486743450165,293.0793073773384,85.67556032538414,4.0,34.0,0.0,1.0,0.546875,0.15625,0.296875,md_cpsr_dqn,lambda_0p3__rho_0p05
302,1302005,thermal_stress,1.0,337.58046839012815,258.38912653923035,79.1913427449675,0.0,32.0,5.0,0.0,0.421875,0.25,0.328125,md_cpsr_dqn,lambda_0p3__rho_0p05
302,1302006,thermal_stress,1.0,322.8578545451164,243.8036409020424,79.05421453714371,0.0,33.0,0.0,1.0,0.453125,0.21875,0.328125,md_cpsr_dqn,lambda_0p3__rho_0p05
302,1302007,thermal_stress,1.0,291.3108584880829,220.7706288099289,70.54023042321205,0.0,29.0,0.0,1.0,0.46875,0.21875,0.3125,md_cpsr_dqn,lambda_0p3__rho_0p05
302,1302008,thermal_stress,1.0,296.946720123291,232.4271375834942,64.51958253979683,2.0,29.0,0.0,1.0,0.484375,0.171875,0.34375,md_cpsr_dqn,lambda_0p3__rho_0p05
302,1302009,thermal_stress,1.0,391.96795839071274,276.4007613658905,115.56719595193863,13.0,36.0,0.0,1.0,0.421875,0.15625,0.421875,md_cpsr_dqn,lambda_0p3__rho_0p05
302,1302010,thermal_stress,1.0,295.01367086172104,207.8481318950653,87.16553890705109,4.0,35.0,0.0,0.0,0.484375,0.203125,0.3125,md_cpsr_dqn,lambda_0p3__rho_0p05
302,1302011,thermal_stress,1.0,371.2512284308672,286.03528267145157,85.21594710052014,0.0,36.0,0.0,2.0,0.453125,0.171875,0.375,md_cpsr_dqn,lambda_0p3__rho_0p05
302,1302012,thermal_stress,1.0,386.8662317723036,292.54977935552597,94.31645408570766,11.0,34.0,0.0,2.0,0.421875,0.125,0.453125,md_cpsr_dqn,lambda_0p3__rho_0p05
302,1302013,thermal_stress,1.0,309.9460605978966,233.52177172899246,76.42428982257843,0.0,32.0,0.0,0.0,0.375,0.328125,0.296875,md_cpsr_dqn,lambda_0p3__rho_0p05
302,1302014,thermal_stress,1.0,328.840707808733,266.9858877956867,61.85482107102871,0.0,29.0,0.0,0.0,0.375,0.25,0.375,md_cpsr_dqn,lambda_0p3__rho_0p05
302,1302015,thermal_stress,1.0,384.7552151083946,294.6712372303009,90.08397705852985,1.0,37.0,0.0,0.0,0.484375,0.171875,0.34375,md_cpsr_dqn,lambda_0p3__rho_0p05
302,1302016,thermal_stress,1.0,332.2902195453644,247.26081842184067,85.02940320968628,0.0,34.0,0.0,0.0,0.578125,0.1875,0.234375,md_cpsr_dqn,lambda_0p3__rho_0p05
302,1302017,thermal_stress,1.0,282.3466645479202,208.24352234601974,74.10314156115055,0.0,32.0,0.0,0.0,0.46875,0.1875,0.34375,md_cpsr_dqn,lambda_0p3__rho_0p05
302,1302018,thermal_stress,1.0,334.65774017572403,252.00893539190292,82.64880511164665,5.0,33.0,0.0,0.0,0.453125,0.171875,0.375,md_cpsr_dqn,lambda_0p3__rho_0p05
302,1302019,thermal_stress,1.0,271.3833238065243,200.91804012656212,70.46528528928756,5.0,28.0,0.0,2.0,0.484375,0.203125,0.3125,md_cpsr_dqn,lambda_0p3__rho_0p05
302,1302000,nominal,1.0,310.26786065101624,230.82914924621582,79.43871140480042,0.0,36.0,0.0,0.0,0.5625,0.234375,0.203125,md_cpsr_dqn,lambda_0p3__rho_0p08
302,1302001,nominal,1.0,314.9278801381588,254.95667508244514,59.97120526432991,0.0,26.0,0.0,1.0,0.46875,0.15625,0.375,md_cpsr_dqn,lambda_0p3__rho_0p08
302,1302002,nominal,1.0,301.97986900806427,230.84777760505676,71.13209223747253,0.0,31.0,0.0,0.0,0.515625,0.140625,0.34375,md_cpsr_dqn,lambda_0p3__rho_0p08
302,1302003,nominal,1.0,328.2710048854351,253.63001558184624,74.64098966121674,0.0,30.0,0.0,0.0,0.546875,0.171875,0.28125,md_cpsr_dqn,lambda_0p3__rho_0p08
302,1302004,nominal,1.0,341.348753452301,270.4519680738449,70.89678487181664,0.0,32.0,0.0,1.0,0.578125,0.171875,0.25,md_cpsr_dqn,lambda_0p3__rho_0p08
302,1302005,nominal,1.0,313.6653806567192,240.5503540635109,73.11502406001091,0.0,30.0,0.0,0.0,0.453125,0.25,0.296875,md_cpsr_dqn,lambda_0p3__rho_0p08
302,1302006,nominal,1.0,306.80810940265656,235.80356967449188,71.00454081594944,0.0,31.0,0.0,1.0,0.484375,0.234375,0.28125,md_cpsr_dqn,lambda_0p3__rho_0p08
302,1302007,nominal,1.0,278.7999323606491,213.2107789516449,65.58915461599827,0.0,28.0,0.0,1.0,0.484375,0.25,0.265625,md_cpsr_dqn,lambda_0p3__rho_0p08
302,1302008,nominal,1.0,280.4887980222702,218.4604534804821,62.02834469079971,0.0,29.0,0.0,1.0,0.484375,0.1875,0.328125,md_cpsr_dqn,lambda_0p3__rho_0p08
302,1302009,nominal,1.0,327.31869822740555,237.7132392525673,89.60545924305916,5.0,36.0,0.0,1.0,0.484375,0.140625,0.375,md_cpsr_dqn,lambda_0p3__rho_0p08
302,1302010,nominal,1.0,282.0104051232338,204.19258606433868,77.81781813502312,0.0,33.0,0.0,0.0,0.5,0.203125,0.296875,md_cpsr_dqn,lambda_0p3__rho_0p08
302,1302011,nominal,1.0,346.1306947857141,266.9515817761421,79.17911345660687,0.0,33.0,0.0,2.0,0.484375,0.140625,0.375,md_cpsr_dqn,lambda_0p3__rho_0p08
302,1302012,nominal,1.0,346.8750376433134,270.82987582683563,76.04516025185585,1.0,32.0,0.0,2.0,0.4375,0.125,0.4375,md_cpsr_dqn,lambda_0p3__rho_0p08
302,1302013,nominal,1.0,293.12537199258804,221.89438062906265,71.23099313676357,0.0,32.0,0.0,0.0,0.390625,0.3125,0.296875,md_cpsr_dqn,lambda_0p3__rho_0p08
302,1302014,nominal,1.0,317.883476883173,258.37768933176994,59.50578784942627,0.0,29.0,0.0,0.0,0.390625,0.234375,0.375,md_cpsr_dqn,lambda_0p3__rho_0p08
302,1302015,nominal,1.0,365.6720399260521,278.0406110882759,87.63143037259579,0.0,36.0,0.0,0.0,0.515625,0.140625,0.34375,md_cpsr_dqn,lambda_0p3__rho_0p08
302,1302016,nominal,1.0,315.5813657641411,232.57522904872894,83.00613760948181,0.0,35.0,0.0,0.0,0.609375,0.171875,0.21875,md_cpsr_dqn,lambda_0p3__rho_0p08
302,1302017,nominal,1.0,270.338019490242,204.788081407547,65.54993839561939,0.0,28.0,0.0,0.0,0.46875,0.1875,0.34375,md_cpsr_dqn,lambda_0p3__rho_0p08
302,1302018,nominal,1.0,317.69753593206406,249.56665760278702,68.13088046014309,0.0,31.0,0.0,0.0,0.46875,0.171875,0.359375,md_cpsr_dqn,lambda_0p3__rho_0p08
302,1302019,nominal,1.0,242.79363490939141,184.0119830071926,58.781651246547696,0.0,26.0,0.0,2.0,0.5,0.203125,0.296875,md_cpsr_dqn,lambda_0p3__rho_0p08
302,1302000,burst,1.0,334.0660884976387,253.6321395635605,80.43394958972931,0.0,36.0,0.0,0.0,0.53125,0.25,0.21875,md_cpsr_dqn,lambda_0p3__rho_0p08
302,1302001,burst,1.0,335.88039603829384,262.60480734705925,73.27558982372284,2.0,33.0,0.0,1.0,0.46875,0.15625,0.375,md_cpsr_dqn,lambda_0p3__rho_0p08
302,1302002,burst,1.0,315.98289012908936,246.55897849798203,69.42391443252563,0.0,31.0,0.0,0.0,0.484375,0.1875,0.328125,md_cpsr_dqn,lambda_0p3__rho_0p08
302,1302003,burst,1.0,355.7628082334995,272.6019216477871,83.16088843345642,4.0,32.0,0.0,0.0,0.515625,0.1875,0.296875,md_cpsr_dqn,lambda_0p3__rho_0p08
302,1302004,burst,1.0,370.5678445696831,286.4809224009514,84.08692273497581,3.0,34.0,0.0,1.0,0.5625,0.171875,0.265625,md_cpsr_dqn,lambda_0p3__rho_0p08
302,1302005,burst,1.0,330.584679475234,250.1598566174507,80.42482410948078,0.0,32.0,6.0,0.0,0.421875,0.265625,0.3125,md_cpsr_dqn,lambda_0p3__rho_0p08
302,1302006,burst,1.0,319.81211787462234,242.36691826581955,77.44519892334938,0.0,32.0,0.0,1.0,0.484375,0.234375,0.28125,md_cpsr_dqn,lambda_0p3__rho_0p08
302,1302007,burst,1.0,295.1048732995987,223.21853321790695,71.88634046912193,0.0,30.0,0.0,1.0,0.46875,0.25,0.28125,md_cpsr_dqn,lambda_0p3__rho_0p08
302,1302008,burst,1.0,296.51614141464233,232.0323403775692,64.48380115628242,2.0,29.0,0.0,1.0,0.484375,0.171875,0.34375,md_cpsr_dqn,lambda_0p3__rho_0p08
302,1302009,burst,1.0,372.8355646133423,260.40968281030655,112.42588293552399,13.0,36.0,0.0,1.0,0.46875,0.171875,0.359375,md_cpsr_dqn,lambda_0p3__rho_0p08
302,1302010,burst,1.0,296.31735348701477,210.59393575787544,85.72341811656952,0.0,35.0,0.0,1.0,0.46875,0.234375,0.296875,md_cpsr_dqn,lambda_0p3__rho_0p08
302,1302011,burst,1.0,370.9359596163034,285.7200130224228,85.21594710052014,0.0,36.0,0.0,2.0,0.453125,0.171875,0.375,md_cpsr_dqn,lambda_0p3__rho_0p08
302,1302012,burst,1.0,383.78518578708173,290.8991229534149,92.8860633701086,11.0,33.0,0.0,2.0,0.40625,0.125,0.46875,md_cpsr_dqn,lambda_0p3__rho_0p08
302,1302013,burst,1.0,302.8685994744301,230.059164583683,72.8094353377819,0.0,32.0,0.0,0.0,0.375,0.359375,0.265625,md_cpsr_dqn,lambda_0p3__rho_0p08
302,1302014,burst,1.0,329.89359363913536,269.9260621368885,59.96753303706646,0.0,29.0,0.0,0.0,0.359375,0.265625,0.375,md_cpsr_dqn,lambda_0p3__rho_0p08
302,1302015,burst,1.0,385.4621262550354,295.3839079141617,90.07822068035603,1.0,37.0,0.0,0.0,0.46875,0.203125,0.328125,md_cpsr_dqn,lambda_0p3__rho_0p08
302,1302016,burst,1.0,331.8729024529457,246.84349870681763,85.02940320968628,0.0,34.0,0.0,0.0,0.578125,0.1875,0.234375,md_cpsr_dqn,lambda_0p3__rho_0p08
302,1302017,burst,1.0,280.6434534192085,213.15126144886017,67.49219146370888,0.0,29.0,0.0,0.0,0.4375,0.234375,0.328125,md_cpsr_dqn,lambda_0p3__rho_0p08
302,1302018,burst,1.0,332.4932331442833,250.70420068502426,81.789033472538,4.0,33.0,0.0,0.0,0.453125,0.1875,0.359375,md_cpsr_dqn,lambda_0p3__rho_0p08
302,1302019,burst,1.0,265.50249435305597,193.07999941706657,72.4224964261055,5.0,28.0,0.0,2.0,0.484375,0.203125,0.3125,md_cpsr_dqn,lambda_0p3__rho_0p08
302,1302000,link_limited,1.0,445.44525446538023,295.3702819943428,150.07497247103748,0.0,40.0,40.0,0.0,0.640625,0.1875,0.171875,md_cpsr_dqn,lambda_0p3__rho_0p08
302,1302001,link_limited,1.0,402.81282249093056,328.6548421084881,74.15797910094261,0.0,33.0,0.0,1.0,0.578125,0.109375,0.3125,md_cpsr_dqn,lambda_0p3__rho_0p08
302,1302002,link_limited,1.0,356.13510274887085,273.4367370605469,82.69836620986462,0.0,34.0,0.0,0.0,0.671875,0.0625,0.265625,md_cpsr_dqn,lambda_0p3__rho_0p08
302,1302003,link_limited,1.0,398.98536323824254,305.3170862495899,93.66827461936795,1.0,33.0,16.0,0.0,0.75,0.03125,0.21875,md_cpsr_dqn,lambda_0p3__rho_0p08
302,1302004,link_limited,1.0,405.152210354805,320.04487657546997,85.10733297467232,0.0,36.0,0.0,1.0,0.6875,0.09375,0.21875,md_cpsr_dqn,lambda_0p3__rho_0p08
302,1302005,link_limited,1.0,431.3426801626204,311.02733594179153,120.3153445486544,0.0,32.0,23.0,0.0,0.625,0.21875,0.15625,md_cpsr_dqn,lambda_0p3__rho_0p08
302,1302006,link_limited,1.0,523.9658109450543,333.1145817041397,190.85122909190287,0.0,41.0,34.0,1.0,0.609375,0.140625,0.25,md_cpsr_dqn,lambda_0p3__rho_0p08
302,1302007,link_limited,1.0,346.4674069288969,259.24281480908394,87.22459350562096,0.0,36.0,6.0,1.0,0.6875,0.125,0.1875,md_cpsr_dqn,lambda_0p3__rho_0p08
302,1302008,link_limited,1.0,348.4484289288521,270.87837612628937,77.57005541026592,0.0,33.0,0.0,0.0,0.609375,0.109375,0.28125,md_cpsr_dqn,lambda_0p3__rho_0p08
302,1302009,link_limited,1.0,435.5607285837828,312.5376121401787,123.02311695024353,0.0,38.0,29.0,1.0,0.6875,0.0625,0.25,md_cpsr_dqn,lambda_0p3__rho_0p08
302,1302010,link_limited,1.0,376.3873234027605,256.56424498558044,119.82307883441261,0.0,36.0,18.0,0.0,0.703125,0.125,0.171875,md_cpsr_dqn,lambda_0p3__rho_0p08
302,1302011,link_limited,1.0,433.7397310213067,339.2787473797798,94.46098317959081,1.0,37.0,16.0,2.0,0.625,0.09375,0.28125,md_cpsr_dqn,lambda_0p3__rho_0p08
302,1302012,link_limited,1.0,468.76462203264236,388.37016946077347,80.39445109665394,1.0,34.0,0.0,0.0,0.625,0.0625,0.3125,md_cpsr_dqn,lambda_0p3__rho_0p08
302,1302013,link_limited,1.0,391.83157251353015,304.73359593749046,87.09797669524889,0.0,36.0,4.0,0.0,0.546875,0.203125,0.25,md_cpsr_dqn,lambda_0p3__rho_0p08
302,1302014,link_limited,1.0,397.4386193752289,333.68006163835526,63.75855627655983,0.0,29.0,0.0,0.0,0.671875,0.15625,0.171875,md_cpsr_dqn,lambda_0p3__rho_0p08
302,1302015,link_limited,1.0,481.14934823999874,353.25344997644424,127.89589769731037,0.0,38.0,23.0,0.0,0.671875,0.0625,0.265625,md_cpsr_dqn,lambda_0p3__rho_0p08
302,1302016,link_limited,1.0,382.8018863797188,295.4253225326538,87.37656566500664,0.0,36.0,0.0,0.0,0.796875,0.0625,0.140625,md_cpsr_dqn,lambda_0p3__rho_0p08
302,1302017,link_limited,1.0,329.35363590717316,244.4879910349846,84.86564217507839,0.0,36.0,0.0,0.0,0.59375,0.125,0.28125,md_cpsr_dqn,lambda_0p3__rho_0p08
302,1302018,link_limited,1.0,438.6125508546829,353.6603376865387,84.95221418142319,0.0,35.0,0.0,0.0,0.640625,0.0625,0.296875,md_cpsr_dqn,lambda_0p3__rho_0p08
302,1302019,link_limited,1.0,303.66634349823,233.00887313485146,70.6574703335762,3.0,30.0,0.0,2.0,0.625,0.125,0.25,md_cpsr_dqn,lambda_0p3__rho_0p08
302,1302000,energy_limited,1.0,348.7768651843071,235.0231432914734,113.7537233531475,0.0,46.0,0.0,0.0,0.53125,0.234375,0.234375,md_cpsr_dqn,lambda_0p3__rho_0p08
302,1302001,energy_limited,1.0,356.70145094394684,254.931984603405,101.7694648206234,0.0,42.0,0.0,1.0,0.46875,0.15625,0.375,md_cpsr_dqn,lambda_0p3__rho_0p08
302,1302002,energy_limited,1.0,338.46929401159286,229.1798157095909,109.2894783616066,0.0,45.0,0.0,0.0,0.484375,0.15625,0.359375,md_cpsr_dqn,lambda_0p3__rho_0p08
302,1302003,energy_limited,1.0,357.85799384117126,255.62067076563835,102.23732224106789,0.0,44.0,0.0,0.0,0.53125,0.171875,0.296875,md_cpsr_dqn,lambda_0p3__rho_0p08
302,1302004,energy_limited,1.0,387.3861933350563,277.7008211016655,109.68537320196629,0.0,46.0,0.0,1.0,0.546875,0.171875,0.28125,md_cpsr_dqn,lambda_0p3__rho_0p08
302,1302005,energy_limited,1.0,348.29686081409454,241.09130138158798,107.20555794239044,0.0,44.0,0.0,0.0,0.453125,0.25,0.296875,md_cpsr_dqn,lambda_0p3__rho_0p08
302,1302006,energy_limited,1.0,349.0596954226494,237.1760549545288,111.88364155590534,0.0,46.0,0.0,1.0,0.453125,0.234375,0.3125,md_cpsr_dqn,lambda_0p3__rho_0p08
302,1302007,energy_limited,1.0,319.3343929052353,219.9161021709442,99.41829128563404,0.0,41.0,0.0,1.0,0.4375,0.25,0.3125,md_cpsr_dqn,lambda_0p3__rho_0p08
302,1302008,energy_limited,1.0,320.94728088378906,219.0702528655529,101.87702798843384,0.0,44.0,0.0,1.0,0.484375,0.1875,0.328125,md_cpsr_dqn,lambda_0p3__rho_0p08
302,1302009,energy_limited,1.0,365.1661652565002,251.27486968040466,113.89129846692086,6.0,44.0,0.0,2.0,0.40625,0.171875,0.421875,md_cpsr_dqn,lambda_0p3__rho_0p08
302,1302010,energy_limited,1.0,310.7134186029434,206.92080533504486,103.79261529445648,0.0,43.0,0.0,0.0,0.46875,0.21875,0.3125,md_cpsr_dqn,lambda_0p3__rho_0p08
302,1302011,energy_limited,1.0,375.3270077109337,267.45097678899765,107.87603199481964,0.0,43.0,0.0,2.0,0.484375,0.140625,0.375,md_cpsr_dqn,lambda_0p3__rho_0p08
302,1302012,energy_limited,1.0,385.266005012393,277.7883515357971,107.4776548475027,1.0,44.0,0.0,2.0,0.421875,0.125,0.453125,md_cpsr_dqn,lambda_0p3__rho_0p08
302,1302013,energy_limited,1.0,327.5271580219269,224.87400829792023,102.65314963459969,0.0,43.0,0.0,0.0,0.375,0.328125,0.296875,md_cpsr_dqn,lambda_0p3__rho_0p08
302,1302014,energy_limited,1.0,365.18455731868744,261.28119096159935,103.90336680412292,0.0,42.0,0.0,0.0,0.359375,0.25,0.390625,md_cpsr_dqn,lambda_0p3__rho_0p08
302,1302015,energy_limited,1.0,394.4297379255295,276.2845818400383,118.14515912532806,0.0,48.0,0.0,0.0,0.5,0.15625,0.34375,md_cpsr_dqn,lambda_0p3__rho_0p08
302,1302016,energy_limited,1.0,351.83720302581787,238.08782741427422,113.74937465786934,0.0,46.0,0.0,0.0,0.59375,0.1875,0.21875,md_cpsr_dqn,lambda_0p3__rho_0p08
302,1302017,energy_limited,1.0,303.4700254201889,205.49676489830017,97.97326037287712,0.0,40.0,0.0,0.0,0.453125,0.1875,0.359375,md_cpsr_dqn,lambda_0p3__rho_0p08
302,1302018,energy_limited,1.0,351.2601983338594,252.04281133413315,99.21738656759263,0.0,41.0,0.0,1.0,0.4375,0.203125,0.359375,md_cpsr_dqn,lambda_0p3__rho_0p08
302,1302019,energy_limited,1.0,281.926335144043,186.92823800444603,94.99809730350971,0.0,42.0,0.0,2.0,0.484375,0.21875,0.296875,md_cpsr_dqn,lambda_0p3__rho_0p08
302,1302000,thermal_stress,1.0,337.5904663801193,253.399063706398,84.19140386581421,0.0,36.0,0.0,0.0,0.53125,0.234375,0.234375,md_cpsr_dqn,lambda_0p3__rho_0p08
302,1302001,thermal_stress,1.0,336.28495368361473,262.9065207540989,73.37843358516693,2.0,33.0,0.0,1.0,0.46875,0.15625,0.375,md_cpsr_dqn,lambda_0p3__rho_0p08
302,1302002,thermal_stress,1.0,316.3588566184044,246.9349426627159,69.42391443252563,0.0,31.0,0.0,0.0,0.484375,0.1875,0.328125,md_cpsr_dqn,lambda_0p3__rho_0p08
302,1302003,thermal_stress,1.0,356.152120500803,272.9258541762829,83.2262670993805,4.0,32.0,0.0,0.0,0.515625,0.1875,0.296875,md_cpsr_dqn,lambda_0p3__rho_0p08
302,1302004,thermal_stress,1.0,371.029891371727,286.9016718864441,84.12822088599205,3.0,34.0,0.0,1.0,0.5625,0.171875,0.265625,md_cpsr_dqn,lambda_0p3__rho_0p08
302,1302005,thermal_stress,1.0,330.87262742798134,250.44780492782593,80.42482410948078,0.0,32.0,6.0,0.0,0.421875,0.265625,0.3125,md_cpsr_dqn,lambda_0p3__rho_0p08
302,1302006,thermal_stress,1.0,320.1217403411865,242.67654079198837,77.44519892334938,0.0,32.0,0.0,1.0,0.484375,0.234375,0.28125,md_cpsr_dqn,lambda_0p3__rho_0p08
302,1302007,thermal_stress,1.0,295.3934741616249,223.50713336467743,71.88634046912193,0.0,30.0,0.0,1.0,0.46875,0.25,0.28125,md_cpsr_dqn,lambda_0p3__rho_0p08
302,1302008,thermal_stress,1.0,296.946720123291,232.4271375834942,64.51958253979683,2.0,29.0,0.0,1.0,0.484375,0.171875,0.34375,md_cpsr_dqn,lambda_0p3__rho_0p08
302,1302009,thermal_stress,1.0,373.3768624663353,260.80580538511276,112.5710574388504,13.0,36.0,0.0,1.0,0.46875,0.171875,0.359375,md_cpsr_dqn,lambda_0p3__rho_0p08
302,1302010,thermal_stress,1.0,296.5995561480522,210.87613821029663,85.72341811656952,0.0,35.0,0.0,1.0,0.46875,0.234375,0.296875,md_cpsr_dqn,lambda_0p3__rho_0p08
302,1302011,thermal_stress,1.0,371.2512284308672,286.03528267145157,85.21594710052014,0.0,36.0,0.0,2.0,0.453125,0.171875,0.375,md_cpsr_dqn,lambda_0p3__rho_0p08
302,1302012,thermal_stress,1.0,386.8662317723036,292.54977935552597,94.31645408570766,11.0,34.0,0.0,2.0,0.421875,0.125,0.453125,md_cpsr_dqn,lambda_0p3__rho_0p08
302,1302013,thermal_stress,1.0,303.13454753160477,230.32511293888092,72.8094353377819,0.0,32.0,0.0,0.0,0.375,0.359375,0.265625,md_cpsr_dqn,lambda_0p3__rho_0p08
302,1302014,thermal_stress,1.0,330.3042077124119,270.3366744816303,59.96753303706646,0.0,29.0,0.0,0.0,0.359375,0.265625,0.375,md_cpsr_dqn,lambda_0p3__rho_0p08
302,1302015,thermal_stress,1.0,385.87501710653305,295.7910389304161,90.08397705852985,1.0,37.0,0.0,0.0,0.46875,0.203125,0.328125,md_cpsr_dqn,lambda_0p3__rho_0p08
302,1302016,thermal_stress,1.0,332.2902195453644,247.26081842184067,85.02940320968628,0.0,34.0,0.0,0.0,0.578125,0.1875,0.234375,md_cpsr_dqn,lambda_0p3__rho_0p08
302,1302017,thermal_stress,1.0,281.0363247990608,213.54413276910782,67.49219146370888,0.0,29.0,0.0,0.0,0.4375,0.234375,0.328125,md_cpsr_dqn,lambda_0p3__rho_0p08
302,1302018,thermal_stress,1.0,332.91100043058395,251.06843435764313,81.84256535768509,4.0,33.0,0.0,0.0,0.453125,0.1875,0.359375,md_cpsr_dqn,lambda_0p3__rho_0p08
302,1302019,thermal_stress,1.0,265.9905348002911,193.3682939708233,72.62224160432815,6.0,28.0,0.0,2.0,0.484375,0.203125,0.3125,md_cpsr_dqn,lambda_0p3__rho_0p08
302,1302000,nominal,1.0,310.6250858306885,230.31213796138763,80.3129471540451,0.0,36.0,0.0,0.0,0.5625,0.21875,0.21875,md_cpsr_dqn,lambda_1__rho_0p03
302,1302001,nominal,1.0,312.9670704305172,251.2605781853199,61.706492483615875,0.0,27.0,0.0,1.0,0.484375,0.140625,0.375,md_cpsr_dqn,lambda_1__rho_0p03
302,1302002,nominal,1.0,307.58810353279114,237.82263159751892,69.76547276973724,0.0,31.0,0.0,0.0,0.484375,0.125,0.390625,md_cpsr_dqn,lambda_1__rho_0p03
302,1302003,nominal,1.0,335.0966003537178,255.21589183807373,79.88070818781853,1.0,32.0,0.0,0.0,0.5625,0.09375,0.34375,md_cpsr_dqn,lambda_1__rho_0p03
302,1302004,nominal,1.0,351.91825264692307,281.33529394865036,70.58295795321465,0.0,32.0,0.0,1.0,0.5625,0.15625,0.28125,md_cpsr_dqn,lambda_1__rho_0p03
302,1302005,nominal,1.0,321.19318598508835,248.07815963029861,73.11502406001091,0.0,30.0,0.0,0.0,0.4375,0.25,0.3125,md_cpsr_dqn,lambda_1__rho_0p03
302,1302006,nominal,1.0,309.3801155090332,236.71408581733704,72.66603097319603,0.0,31.0,0.0,1.0,0.453125,0.234375,0.3125,md_cpsr_dqn,lambda_1__rho_0p03
302,1302007,nominal,1.0,282.3422659635544,216.50197333097458,65.84029377996922,0.0,28.0,0.0,1.0,0.484375,0.203125,0.3125,md_cpsr_dqn,lambda_1__rho_0p03
302,1302008,nominal,1.0,293.1692349612713,234.5800166428089,58.589218363165855,0.0,26.0,0.0,1.0,0.484375,0.171875,0.34375,md_cpsr_dqn,lambda_1__rho_0p03
302,1302009,nominal,1.0,338.76152938604355,255.61797505617142,83.14355507493019,2.0,34.0,0.0,1.0,0.46875,0.140625,0.390625,md_cpsr_dqn,lambda_1__rho_0p03
302,1302010,nominal,1.0,285.1697103381157,207.8286094069481,77.34109982848167,0.0,33.0,0.0,0.0,0.5,0.1875,0.3125,md_cpsr_dqn,lambda_1__rho_0p03
302,1302011,nominal,1.0,352.98227278292177,271.9072000980377,81.07507283389569,0.0,33.0,0.0,2.0,0.484375,0.140625,0.375,md_cpsr_dqn,lambda_1__rho_0p03
302,1302012,nominal,1.0,355.5505945414305,281.44188410043716,74.10871067941189,1.0,31.0,0.0,2.0,0.4375,0.109375,0.453125,md_cpsr_dqn,lambda_1__rho_0p03
302,1302013,nominal,1.0,299.75178867578506,228.52079790830612,71.23099313676357,0.0,32.0,0.0,0.0,0.375,0.296875,0.328125,md_cpsr_dqn,lambda_1__rho_0p03
302,1302014,nominal,1.0,321.60231950879097,263.2339853942394,58.368335485458374,0.0,29.0,0.0,0.0,0.375,0.21875,0.40625,md_cpsr_dqn,lambda_1__rho_0p03
302,1302015,nominal,1.0,363.1350879073143,277.46501272916794,85.67007726430893,0.0,35.0,0.0,0.0,0.515625,0.09375,0.390625,md_cpsr_dqn,lambda_1__rho_0p03
302,1302016,nominal,1.0,332.8975623846054,251.11314198374748,81.78441925346851,0.0,34.0,0.0,0.0,0.609375,0.140625,0.25,md_cpsr_dqn,lambda_1__rho_0p03
302,1302017,nominal,1.0,271.19874757528305,203.48703402280807,67.71171224117279,0.0,29.0,0.0,0.0,0.46875,0.171875,0.359375,md_cpsr_dqn,lambda_1__rho_0p03
302,1302018,nominal,1.0,318.74034333229065,247.20179897546768,71.53854408860207,0.0,32.0,0.0,0.0,0.453125,0.140625,0.40625,md_cpsr_dqn,lambda_1__rho_0p03
302,1302019,nominal,1.0,247.65593602061273,186.92316189408302,60.73277478218078,0.0,27.0,0.0,2.0,0.53125,0.171875,0.296875,md_cpsr_dqn,lambda_1__rho_0p03
302,1302000,burst,1.0,334.0660884976387,253.6321395635605,80.43394958972931,0.0,36.0,0.0,0.0,0.53125,0.25,0.21875,md_cpsr_dqn,lambda_1__rho_0p03
302,1302001,burst,1.0,334.7313732802868,262.29128244519234,72.44009068608284,3.0,31.0,0.0,1.0,0.484375,0.15625,0.359375,md_cpsr_dqn,lambda_1__rho_0p03
302,1302002,burst,1.0,319.2422109246254,244.97933906316757,74.26287268102169,0.0,32.0,0.0,0.0,0.46875,0.15625,0.375,md_cpsr_dqn,lambda_1__rho_0p03
302,1302003,burst,1.0,359.47898172179146,272.8495254814625,86.6294565979569,4.0,33.0,5.0,0.0,0.53125,0.125,0.34375,md_cpsr_dqn,lambda_1__rho_0p03
302,1302004,burst,1.0,379.26030361652374,293.63827496767044,85.62203177809715,4.0,34.0,0.0,1.0,0.5625,0.140625,0.296875,md_cpsr_dqn,lambda_1__rho_0p03
302,1302005,burst,1.0,337.2920445538969,258.1007015109062,79.1913427449675,0.0,32.0,5.0,0.0,0.421875,0.25,0.328125,md_cpsr_dqn,lambda_1__rho_0p03
302,1302006,burst,1.0,322.3236277103424,243.26941454410553,79.05421453714371,0.0,33.0,0.0,1.0,0.453125,0.234375,0.3125,md_cpsr_dqn,lambda_1__rho_0p03
302,1302007,burst,1.0,302.4752584695816,230.58875226974487,71.88650521636009,0.0,30.0,0.0,1.0,0.453125,0.203125,0.34375,md_cpsr_dqn,lambda_1__rho_0p03
302,1302008,burst,1.0,303.68222188949585,239.4060517847538,64.2761700451374,2.0,29.0,0.0,1.0,0.484375,0.171875,0.34375,md_cpsr_dqn,lambda_1__rho_0p03
302,1302009,burst,1.0,402.0258721113205,277.2046276330948,124.82124352455139,15.0,35.0,0.0,1.0,0.421875,0.140625,0.4375,md_cpsr_dqn,lambda_1__rho_0p03
302,1302010,burst,1.0,295.7315276861191,208.87311124801636,86.85841608047485,4.0,35.0,0.0,0.0,0.46875,0.203125,0.328125,md_cpsr_dqn,lambda_1__rho_0p03
302,1302011,burst,1.0,379.4881275087595,294.2721821665764,85.21594710052014,0.0,36.0,0.0,2.0,0.4375,0.1875,0.375,md_cpsr_dqn,lambda_1__rho_0p03
302,1302012,burst,1.0,386.1876659721136,292.2201313972473,93.96753517091274,11.0,34.0,0.0,2.0,0.421875,0.125,0.453125,md_cpsr_dqn,lambda_1__rho_0p03
302,1302013,burst,1.0,322.1687793135643,244.59733080863953,77.57144893705845,0.0,33.0,0.0,0.0,0.34375,0.3125,0.34375,md_cpsr_dqn,lambda_1__rho_0p03
302,1302014,burst,1.0,333.8277918994427,274.99771252274513,58.83008053898811,0.0,29.0,0.0,0.0,0.34375,0.25,0.40625,md_cpsr_dqn,lambda_1__rho_0p03
302,1302015,burst,1.0,385.40888518095016,289.23038399219513,96.17850156128407,10.0,37.0,0.0,0.0,0.5,0.125,0.375,md_cpsr_dqn,lambda_1__rho_0p03
302,1302016,burst,1.0,350.36752712726593,265.4770490527153,84.89047768712044,0.0,34.0,0.0,0.0,0.578125,0.15625,0.265625,md_cpsr_dqn,lambda_1__rho_0p03
302,1302017,burst,1.0,285.27642595767975,209.79981648921967,75.4766087681055,0.0,32.0,0.0,0.0,0.46875,0.171875,0.359375,md_cpsr_dqn,lambda_1__rho_0p03
302,1302018,burst,1.0,339.83619898557663,256.65326434373856,83.18293556571007,5.0,33.0,0.0,0.0,0.46875,0.140625,0.390625,md_cpsr_dqn,lambda_1__rho_0p03
302,1302019,burst,1.0,271.18852217793466,196.57094511389732,74.61757809221744,6.0,29.0,0.0,2.0,0.515625,0.171875,0.3125,md_cpsr_dqn,lambda_1__rho_0p03
302,1302000,link_limited,1.0,429.72706287784575,287.8155819773674,141.91148090047813,0.0,40.0,41.0,0.0,0.6875,0.125,0.1875,md_cpsr_dqn,lambda_1__rho_0p03
302,1302001,link_limited,1.0,399.07026955485344,323.43448397517204,75.63578709959984,0.0,33.0,0.0,1.0,0.59375,0.078125,0.328125,md_cpsr_dqn,lambda_1__rho_0p03
302,1302002,link_limited,1.0,362.3664608001709,283.324098110199,79.04236200451851,0.0,33.0,0.0,0.0,0.65625,0.0625,0.28125,md_cpsr_dqn,lambda_1__rho_0p03
302,1302003,link_limited,1.0,400.63277925142364,310.1731803715229,90.4595973450812,1.0,33.0,11.0,0.0,0.734375,0.03125,0.234375,md_cpsr_dqn,lambda_1__rho_0p03
302,1302004,link_limited,1.0,434.86531472206116,350.7082207798958,84.15709275007248,0.0,36.0,0.0,1.0,0.65625,0.09375,0.25,md_cpsr_dqn,lambda_1__rho_0p03
302,1302005,link_limited,1.0,419.8175383296635,308.52027863264084,111.29726035267358,0.0,32.0,20.0,0.0,0.65625,0.15625,0.1875,md_cpsr_dqn,lambda_1__rho_0p03
302,1302006,link_limited,1.0,519.0943230586921,337.3189774751663,181.77534528550257,0.0,39.0,34.0,1.0,0.65625,0.109375,0.234375,md_cpsr_dqn,lambda_1__rho_0p03
302,1302007,link_limited,1.0,347.87563985621927,261.30944231152534,86.56619873678684,0.0,36.0,6.0,1.0,0.703125,0.109375,0.1875,md_cpsr_dqn,lambda_1__rho_0p03
302,1302008,link_limited,1.0,349.5147987008095,271.55251282453537,77.9622880667448,0.0,33.0,0.0,0.0,0.625,0.09375,0.28125,md_cpsr_dqn,lambda_1__rho_0p03
302,1302009,link_limited,1.0,428.1425030744075,313.2288074493408,114.91369613170633,2.0,38.0,26.0,1.0,0.671875,0.0625,0.265625,md_cpsr_dqn,lambda_1__rho_0p03
302,1302010,link_limited,1.0,378.21504528215144,276.2689691185951,101.94607568671913,0.0,36.0,15.0,0.0,0.6875,0.109375,0.203125,md_cpsr_dqn,lambda_1__rho_0p03
302,1302011,link_limited,1.0,435.30884527634396,338.2715739607811,97.03727131556295,2.0,36.0,17.0,2.0,0.59375,0.078125,0.328125,md_cpsr_dqn,lambda_1__rho_0p03
302,1302012,link_limited,1.0,490.1148335069418,401.7216039299965,88.39322918951511,1.0,37.0,0.0,2.0,0.609375,0.015625,0.375,md_cpsr_dqn,lambda_1__rho_0p03
302,1302013,link_limited,1.0,400.8759722709656,319.6163741052151,81.25959748029709,0.0,34.0,0.0,0.0,0.5625,0.171875,0.265625,md_cpsr_dqn,lambda_1__rho_0p03
302,1302014,link_limited,1.0,385.5033507347107,323.0617551803589,62.44159413874149,0.0,28.0,0.0,0.0,0.6875,0.125,0.1875,md_cpsr_dqn,lambda_1__rho_0p03
302,1302015,link_limited,1.0,488.2006138943503,356.7751139998436,131.42550047565194,0.0,39.0,24.0,0.0,0.65625,0.046875,0.296875,md_cpsr_dqn,lambda_1__rho_0p03
302,1302016,link_limited,1.0,390.5234578847885,304.0605121254921,86.46294559538364,0.0,36.0,0.0,0.0,0.78125,0.0625,0.15625,md_cpsr_dqn,lambda_1__rho_0p03
302,1302017,link_limited,1.0,332.49040496349335,248.65637534856796,83.834029302001,0.0,35.0,0.0,0.0,0.578125,0.09375,0.328125,md_cpsr_dqn,lambda_1__rho_0p03
302,1302018,link_limited,1.0,439.53995126485825,352.50156676769257,87.03838664293289,0.0,35.0,0.0,0.0,0.65625,0.0625,0.28125,md_cpsr_dqn,lambda_1__rho_0p03
302,1302019,link_limited,1.0,303.66634349823,233.00887313485146,70.6574703335762,3.0,30.0,0.0,2.0,0.625,0.125,0.25,md_cpsr_dqn,lambda_1__rho_0p03
302,1302000,energy_limited,1.0,348.24810642004013,234.49438363313675,113.7537233531475,0.0,46.0,0.0,0.0,0.53125,0.21875,0.25,md_cpsr_dqn,lambda_1__rho_0p03
302,1302001,energy_limited,1.0,353.03013506531715,252.17079135775566,100.85934180021286,0.0,41.0,0.0,1.0,0.46875,0.140625,0.390625,md_cpsr_dqn,lambda_1__rho_0p03
302,1302002,energy_limited,1.0,349.00966292619705,238.1517624258995,110.8579033613205,0.0,45.0,0.0,0.0,0.484375,0.109375,0.40625,md_cpsr_dqn,lambda_1__rho_0p03
302,1302003,energy_limited,1.0,366.1874551177025,260.07730492949486,106.11014991998672,1.0,44.0,0.0,0.0,0.53125,0.09375,0.375,md_cpsr_dqn,lambda_1__rho_0p03
302,1302004,energy_limited,1.0,387.3861933350563,277.7008211016655,109.68537320196629,0.0,46.0,0.0,1.0,0.546875,0.171875,0.28125,md_cpsr_dqn,lambda_1__rho_0p03
302,1302005,energy_limited,1.0,359.1789013147354,252.00120717287064,107.17769503593445,0.0,44.0,0.0,0.0,0.421875,0.25,0.328125,md_cpsr_dqn,lambda_1__rho_0p03
302,1302006,energy_limited,1.0,349.0596954226494,237.1760549545288,111.88364155590534,0.0,46.0,0.0,1.0,0.453125,0.234375,0.3125,md_cpsr_dqn,lambda_1__rho_0p03
302,1302007,energy_limited,1.0,320.58487617969513,221.16642040014267,99.4184560328722,0.0,41.0,0.0,1.0,0.453125,0.203125,0.34375,md_cpsr_dqn,lambda_1__rho_0p03
302,1302008,energy_limited,1.0,337.0482244491577,235.17525085806847,101.87297463417053,0.0,44.0,0.0,1.0,0.484375,0.171875,0.34375,md_cpsr_dqn,lambda_1__rho_0p03
302,1302009,energy_limited,1.0,371.02279367446897,257.5874508023262,113.43534391522408,3.0,44.0,0.0,2.0,0.40625,0.140625,0.453125,md_cpsr_dqn,lambda_1__rho_0p03
302,1302010,energy_limited,1.0,313.63882434368134,209.84620958566666,103.79261529445648,0.0,43.0,0.0,0.0,0.46875,0.203125,0.328125,md_cpsr_dqn,lambda_1__rho_0p03
302,1302011,energy_limited,1.0,381.81845849752426,273.94242691993713,107.87603199481964,0.0,43.0,0.0,2.0,0.46875,0.140625,0.390625,md_cpsr_dqn,lambda_1__rho_0p03
302,1302012,energy_limited,1.0,388.17319009006025,280.69553607702255,107.4776548475027,1.0,44.0,0.0,2.0,0.421875,0.109375,0.46875,md_cpsr_dqn,lambda_1__rho_0p03
302,1302013,energy_limited,1.0,334.1524157524109,231.4992665052414,102.65314963459969,0.0,43.0,0.0,0.0,0.359375,0.3125,0.328125,md_cpsr_dqn,lambda_1__rho_0p03
302,1302014,energy_limited,1.0,369.50805032253265,265.60468301177025,103.90336680412292,0.0,42.0,0.0,0.0,0.359375,0.234375,0.40625,md_cpsr_dqn,lambda_1__rho_0p03
302,1302015,energy_limited,1.0,394.51660203933716,278.0543500781059,116.46225567162037,0.0,48.0,0.0,0.0,0.515625,0.09375,0.390625,md_cpsr_dqn,lambda_1__rho_0p03
302,1302016,energy_limited,1.0,369.2426050901413,255.4081951379776,113.83440935611725,0.0,46.0,0.0,0.0,0.578125,0.15625,0.265625,md_cpsr_dqn,lambda_1__rho_0p03
302,1302017,energy_limited,1.0,303.4700254201889,205.49676489830017,97.97326037287712,0.0,40.0,0.0,0.0,0.453125,0.1875,0.359375,md_cpsr_dqn,lambda_1__rho_0p03
302,1302018,energy_limited,1.0,352.535083630681,247.87049347162247,104.66458902657033,0.0,42.0,0.0,1.0,0.4375,0.15625,0.40625,md_cpsr_dqn,lambda_1__rho_0p03
302,1302019,energy_limited,1.0,287.66830842494966,189.83311370015144,97.83519469499588,0.0,43.0,0.0,2.0,0.515625,0.1875,0.296875,md_cpsr_dqn,lambda_1__rho_0p03
302,1302000,thermal_stress,1.0,334.38569897413254,253.95174914598465,80.43394958972931,0.0,36.0,0.0,0.0,0.53125,0.25,0.21875,md_cpsr_dqn,lambda_1__rho_0p03
302,1302001,thermal_stress,1.0,335.20216366648674,262.5949324667454,72.60723236203194,3.0,31.0,0.0,1.0,0.484375,0.15625,0.359375,md_cpsr_dqn,lambda_1__rho_0p03
302,1302002,thermal_stress,1.0,319.61522513628006,245.35235345363617,74.26287268102169,0.0,32.0,0.0,0.0,0.46875,0.15625,0.375,md_cpsr_dqn,lambda_1__rho_0p03
302,1302003,thermal_stress,1.0,359.9097100082962,273.21487498283386,86.69483526388098,4.0,33.0,5.0,0.0,0.53125,0.125,0.34375,md_cpsr_dqn,lambda_1__rho_0p03
302,1302004,thermal_stress,1.0,375.04984652996063,287.73577415943146,87.31407329440117,4.0,34.0,0.0,1.0,0.5625,0.15625,0.28125,md_cpsr_dqn,lambda_1__rho_0p03
302,1302005,thermal_stress,1.0,337.58046839012815,258.38912653923035,79.1913427449675,0.0,32.0,5.0,0.0,0.421875,0.25,0.328125,md_cpsr_dqn,lambda_1__rho_0p03
302,1302006,thermal_stress,1.0,323.47835367918015,244.0781779885292,79.40017747879028,0.0,33.0,0.0,1.0,0.46875,0.21875,0.3125,md_cpsr_dqn,lambda_1__rho_0p03
302,1302007,thermal_stress,1.0,302.7639599442482,230.87745571136475,71.88650521636009,0.0,30.0,0.0,1.0,0.453125,0.203125,0.34375,md_cpsr_dqn,lambda_1__rho_0p03
302,1302008,thermal_stress,1.0,304.112756729126,239.80080565810204,64.31195142865181,2.0,29.0,0.0,1.0,0.484375,0.171875,0.34375,md_cpsr_dqn,lambda_1__rho_0p03
302,1302009,thermal_stress,1.0,401.6087594628334,272.91287636756897,128.695885181427,15.0,36.0,0.0,1.0,0.4375,0.125,0.4375,md_cpsr_dqn,lambda_1__rho_0p03
302,1302010,thermal_stress,1.0,296.04157692193985,209.15387445688248,86.88770151138306,4.0,35.0,0.0,0.0,0.46875,0.203125,0.328125,md_cpsr_dqn,lambda_1__rho_0p03
302,1302011,thermal_stress,1.0,379.8033531695604,294.58740746974945,85.21594710052014,0.0,36.0,0.0,2.0,0.4375,0.1875,0.375,md_cpsr_dqn,lambda_1__rho_0p03
302,1302012,thermal_stress,1.0,386.8662317723036,292.54977935552597,94.31645408570766,11.0,34.0,0.0,2.0,0.421875,0.125,0.453125,md_cpsr_dqn,lambda_1__rho_0p03
302,1302013,thermal_stress,1.0,322.4358654618263,244.86441731452942,77.57144893705845,0.0,33.0,0.0,0.0,0.34375,0.3125,0.34375,md_cpsr_dqn,lambda_1__rho_0p03
302,1302014,thermal_stress,1.0,334.23186829686165,275.4017888009548,58.83008053898811,0.0,29.0,0.0,0.0,0.34375,0.25,0.40625,md_cpsr_dqn,lambda_1__rho_0p03
302,1302015,thermal_stress,1.0,385.1860080158945,286.2154207229614,98.97058699490975,10.0,38.0,7.0,0.0,0.515625,0.125,0.359375,md_cpsr_dqn,lambda_1__rho_0p03
302,1302016,thermal_stress,1.0,350.78623431921005,265.89575535058975,84.89047768712044,0.0,34.0,0.0,0.0,0.578125,0.15625,0.265625,md_cpsr_dqn,lambda_1__rho_0p03
302,1302017,thermal_stress,1.0,285.6743928194046,210.19778287410736,75.4766087681055,0.0,32.0,0.0,0.0,0.46875,0.171875,0.359375,md_cpsr_dqn,lambda_1__rho_0p03
302,1302018,thermal_stress,1.0,340.26581436395645,257.02029663324356,83.24551901221275,5.0,33.0,0.0,0.0,0.46875,0.140625,0.390625,md_cpsr_dqn,lambda_1__rho_0p03
302,1302019,thermal_stress,1.0,271.71011050343515,196.89029064774513,74.81982094347477,6.0,29.0,0.0,2.0,0.515625,0.171875,0.3125,md_cpsr_dqn,lambda_1__rho_0p03
302,1302000,nominal,1.0,314.7374885082245,230.5253905057907,84.2120988368988,0.0,36.0,0.0,0.0,0.59375,0.1875,0.21875,md_cpsr_dqn,lambda_1__rho_0p05
302,1302001,nominal,1.0,311.50214302539825,250.26946431398392,61.23267851769924,0.0,27.0,0.0,1.0,0.515625,0.140625,0.34375,md_cpsr_dqn,lambda_1__rho_0p05
302,1302002,nominal,1.0,298.41028463840485,228.09771436452866,70.31257098913193,0.0,31.0,0.0,0.0,0.578125,0.109375,0.3125,md_cpsr_dqn,lambda_1__rho_0p05
302,1302003,nominal,1.0,321.3028343617916,244.34479662775993,76.95804005861282,0.0,31.0,0.0,0.0,0.609375,0.109375,0.28125,md_cpsr_dqn,lambda_1__rho_0p05
302,1302004,nominal,1.0,349.72475677728653,271.4820781350136,78.24267862737179,0.0,34.0,0.0,1.0,0.625,0.140625,0.234375,md_cpsr_dqn,lambda_1__rho_0p05
302,1302005,nominal,1.0,306.2604270577431,233.54711490869522,72.71331214904785,0.0,30.0,0.0,0.0,0.5,0.234375,0.265625,md_cpsr_dqn,lambda_1__rho_0p05
302,1302006,nominal,1.0,310.4891785979271,239.08925104141235,71.39992696046829,0.0,31.0,0.0,1.0,0.515625,0.203125,0.28125,md_cpsr_dqn,lambda_1__rho_0p05
302,1302007,nominal,1.0,277.02936738729477,210.09103751182556,66.9383295327425,0.0,29.0,0.0,1.0,0.5625,0.1875,0.25,md_cpsr_dqn,lambda_1__rho_0p05
302,1302008,nominal,1.0,279.3912955522537,213.36597070097923,66.02532434463501,0.0,30.0,0.0,1.0,0.546875,0.140625,0.3125,md_cpsr_dqn,lambda_1__rho_0p05
302,1302009,nominal,1.0,331.9428501725197,245.8795227408409,86.06332606077194,1.0,35.0,0.0,1.0,0.546875,0.125,0.328125,md_cpsr_dqn,lambda_1__rho_0p05
302,1302010,nominal,1.0,266.4356234073639,189.81034290790558,76.62528094649315,0.0,32.0,0.0,0.0,0.546875,0.1875,0.265625,md_cpsr_dqn,lambda_1__rho_0p05
302,1302011,nominal,1.0,334.72229281961916,253.64722055196762,81.07507283389569,0.0,33.0,0.0,2.0,0.515625,0.109375,0.375,md_cpsr_dqn,lambda_1__rho_0p05
302,1302012,nominal,1.0,349.2685069769621,270.7815324664116,78.48697470426559,1.0,33.0,0.0,2.0,0.484375,0.109375,0.40625,md_cpsr_dqn,lambda_1__rho_0p05
302,1302013,nominal,1.0,293.03045904636383,223.1026239991188,69.92783588171005,0.0,32.0,0.0,0.0,0.4375,0.265625,0.296875,md_cpsr_dqn,lambda_1__rho_0p05
302,1302014,nominal,1.0,319.6629171669483,261.1899779140949,58.472940281033516,0.0,26.0,0.0,0.0,0.453125,0.203125,0.34375,md_cpsr_dqn,lambda_1__rho_0p05
302,1302015,nominal,1.0,355.0839651823044,266.6791349053383,88.40483066439629,0.0,37.0,0.0,0.0,0.578125,0.09375,0.328125,md_cpsr_dqn,lambda_1__rho_0p05
302,1302016,nominal,1.0,323.5396980047226,240.7111201286316,82.8285760730505,0.0,34.0,0.0,0.0,0.671875,0.109375,0.21875,md_cpsr_dqn,lambda_1__rho_0p05
302,1302017,nominal,1.0,268.9708357453346,199.33756029605865,69.63327461481094,0.0,30.0,0.0,0.0,0.515625,0.140625,0.34375,md_cpsr_dqn,lambda_1__rho_0p05
302,1302018,nominal,1.0,321.4057581365108,252.67035800218582,68.73540035784245,0.0,31.0,0.0,1.0,0.53125,0.109375,0.359375,md_cpsr_dqn,lambda_1__rho_0p05
302,1302019,nominal,1.0,242.59720988869668,183.93559655547142,58.661614048480985,0.0,26.0,0.0,2.0,0.578125,0.140625,0.28125,md_cpsr_dqn,lambda_1__rho_0p05
302,1302000,burst,1.0,337.73613638410353,251.84437012672424,85.89176792630937,0.0,36.0,2.0,0.0,0.578125,0.21875,0.203125,md_cpsr_dqn,lambda_1__rho_0p05
302,1302001,burst,1.0,337.1294391155243,264.8285528421402,72.30088689923286,3.0,31.0,0.0,1.0,0.5,0.15625,0.34375,md_cpsr_dqn,lambda_1__rho_0p05
302,1302002,burst,1.0,313.14728206396103,233.26087427139282,79.88640850782394,1.0,33.0,0.0,0.0,0.546875,0.125,0.328125,md_cpsr_dqn,lambda_1__rho_0p05
302,1302003,burst,1.0,356.99902352235,263.4579278230667,93.54109538635896,4.0,33.0,18.0,0.0,0.578125,0.125,0.296875,md_cpsr_dqn,lambda_1__rho_0p05
302,1302004,burst,1.0,377.753456056118,293.66653406620026,84.08692273497581,3.0,34.0,0.0,1.0,0.59375,0.15625,0.25,md_cpsr_dqn,lambda_1__rho_0p05
302,1302005,burst,1.0,325.4701540965299,245.02672797441483,80.44342639033596,0.0,32.0,6.0,0.0,0.484375,0.234375,0.28125,md_cpsr_dqn,lambda_1__rho_0p05
302,1302006,burst,1.0,324.1573089361191,246.35945320129395,77.79785504937172,0.0,33.0,0.0,1.0,0.515625,0.203125,0.28125,md_cpsr_dqn,lambda_1__rho_0p05
302,1302007,burst,1.0,294.5260274410248,221.2518824338913,73.274145424366,0.0,30.0,0.0,1.0,0.546875,0.1875,0.265625,md_cpsr_dqn,lambda_1__rho_0p05
302,1302008,burst,1.0,293.10006284713745,228.62031635642052,64.47974780201912,2.0,29.0,0.0,1.0,0.515625,0.171875,0.3125,md_cpsr_dqn,lambda_1__rho_0p05
302,1302009,burst,1.0,386.08503222465515,270.49564027786255,115.5893936753273,13.0,36.0,0.0,1.0,0.484375,0.140625,0.375,md_cpsr_dqn,lambda_1__rho_0p05
302,1302010,burst,1.0,284.3380230539386,194.97673603892326,89.36128865414315,0.0,35.0,12.0,0.0,0.515625,0.203125,0.28125,md_cpsr_dqn,lambda_1__rho_0p05
302,1302011,burst,1.0,357.9203803926706,272.24477356672287,85.67560810744763,1.0,36.0,0.0,2.0,0.484375,0.140625,0.375,md_cpsr_dqn,lambda_1__rho_0p05
302,1302012,burst,1.0,386.1876659721136,292.2201313972473,93.96753517091274,11.0,34.0,0.0,2.0,0.421875,0.125,0.453125,md_cpsr_dqn,lambda_1__rho_0p05
302,1302013,burst,1.0,303.33333867788315,231.70253759622574,71.63080209493637,0.0,31.0,0.0,0.0,0.421875,0.3125,0.265625,md_cpsr_dqn,lambda_1__rho_0p05
302,1302014,burst,1.0,331.80874302983284,267.77317026257515,64.03557281196117,0.0,30.0,0.0,0.0,0.4375,0.21875,0.34375,md_cpsr_dqn,lambda_1__rho_0p05
302,1302015,burst,1.0,404.7935258062677,276.88186526298523,127.91165994723593,12.0,38.0,25.0,0.0,0.5625,0.109375,0.328125,md_cpsr_dqn,lambda_1__rho_0p05
302,1302016,burst,1.0,334.96464532613754,248.7646862268448,86.19996003806591,0.0,35.0,0.0,0.0,0.625,0.15625,0.21875,md_cpsr_dqn,lambda_1__rho_0p05
302,1302017,burst,1.0,282.80837094783783,208.70522946119308,74.10314156115055,0.0,32.0,0.0,0.0,0.484375,0.171875,0.34375,md_cpsr_dqn,lambda_1__rho_0p05
302,1302018,burst,1.0,333.7997592628002,251.54519349336624,82.25456794500352,5.0,33.0,0.0,1.0,0.515625,0.140625,0.34375,md_cpsr_dqn,lambda_1__rho_0p05
302,1302019,burst,1.0,263.0940021455288,189.52302131056786,73.5709817290306,5.0,28.0,0.0,2.0,0.546875,0.171875,0.28125,md_cpsr_dqn,lambda_1__rho_0p05
302,1302000,link_limited,1.0,424.3847184066897,293.8844091296196,130.50030927707007,0.0,40.0,41.0,0.0,0.703125,0.09375,0.203125,md_cpsr_dqn,lambda_1__rho_0p05
302,1302001,link_limited,1.0,377.01809081435204,298.14927968382835,78.86881276965141,0.0,34.0,0.0,1.0,0.625,0.046875,0.328125,md_cpsr_dqn,lambda_1__rho_0p05
302,1302002,link_limited,1.0,356.13510274887085,273.4367370605469,82.69836620986462,0.0,34.0,0.0,0.0,0.671875,0.0625,0.265625,md_cpsr_dqn,lambda_1__rho_0p05
302,1302003,link_limited,1.0,398.98536323824254,305.3170862495899,93.66827461936795,1.0,33.0,16.0,0.0,0.75,0.03125,0.21875,md_cpsr_dqn,lambda_1__rho_0p05
302,1302004,link_limited,1.0,416.2130286803097,324.5395452976227,91.67348524533213,0.0,37.0,7.0,1.0,0.734375,0.078125,0.1875,md_cpsr_dqn,lambda_1__rho_0p05
302,1302005,link_limited,1.0,413.1827783148909,303.8396071791649,109.34317170197016,0.0,32.0,20.0,0.0,0.671875,0.171875,0.15625,md_cpsr_dqn,lambda_1__rho_0p05
302,1302006,link_limited,1.0,514.2272047762496,312.56896048784256,201.65824425860478,0.0,41.0,38.0,1.0,0.671875,0.09375,0.234375,md_cpsr_dqn,lambda_1__rho_0p05
302,1302007,link_limited,1.0,349.1452590528727,262.84484019875526,86.30041813886166,0.0,36.0,6.0,1.0,0.71875,0.09375,0.1875,md_cpsr_dqn,lambda_1__rho_0p05
302,1302008,link_limited,1.0,349.6286968588829,268.4074013829231,81.22129613161087,0.0,34.0,0.0,0.0,0.65625,0.0625,0.28125,md_cpsr_dqn,lambda_1__rho_0p05
302,1302009,link_limited,1.0,430.6910248318928,307.4512996673584,123.23972567117374,0.0,38.0,29.0,1.0,0.703125,0.0625,0.234375,md_cpsr_dqn,lambda_1__rho_0p05
302,1302010,link_limited,1.0,370.51559287935106,261.3018726706505,109.21371973186346,0.0,36.0,16.0,0.0,0.71875,0.109375,0.171875,md_cpsr_dqn,lambda_1__rho_0p05
302,1302011,link_limited,1.0,437.5945766545601,343.6396787762642,93.9548974163599,1.0,37.0,16.0,2.0,0.640625,0.09375,0.265625,md_cpsr_dqn,lambda_1__rho_0p05
302,1302012,link_limited,1.0,472.5457323598862,385.64693915843964,86.89879343986512,1.0,37.0,1.0,0.0,0.6875,0.03125,0.28125,md_cpsr_dqn,lambda_1__rho_0p05
302,1302013,link_limited,1.0,392.22944908332823,306.23207184672356,85.997377266407,0.0,36.0,3.0,0.0,0.578125,0.171875,0.25,md_cpsr_dqn,lambda_1__rho_0p05
302,1302014,link_limited,1.0,367.63077688217163,306.3482594490051,61.282517820596695,0.0,29.0,0.0,0.0,0.71875,0.109375,0.171875,md_cpsr_dqn,lambda_1__rho_0p05
302,1302015,link_limited,1.0,475.52063982580177,346.90939086675644,128.61124886963836,0.0,38.0,23.0,0.0,0.703125,0.0625,0.234375,md_cpsr_dqn,lambda_1__rho_0p05
302,1302016,link_limited,1.0,382.8018863797188,295.4253225326538,87.37656566500664,0.0,36.0,0.0,0.0,0.796875,0.0625,0.140625,md_cpsr_dqn,lambda_1__rho_0p05
302,1302017,link_limited,1.0,319.48482349163766,231.32379311323166,88.16103088504546,0.0,36.0,12.0,0.0,0.609375,0.09375,0.296875,md_cpsr_dqn,lambda_1__rho_0p05
302,1302018,link_limited,1.0,425.9490966121125,338.692724108696,87.25637464918371,0.0,35.0,2.0,0.0,0.703125,0.0625,0.234375,md_cpsr_dqn,lambda_1__rho_0p05
302,1302019,link_limited,1.0,305.7746268987656,231.49277552962303,74.28185034096241,5.0,31.0,0.0,2.0,0.671875,0.09375,0.234375,md_cpsr_dqn,lambda_1__rho_0p05
302,1302000,energy_limited,1.0,350.20745611190796,232.23895597457886,117.968501329422,0.0,47.0,0.0,0.0,0.578125,0.1875,0.234375,md_cpsr_dqn,lambda_1__rho_0p05
302,1302001,energy_limited,1.0,351.7238564789295,251.8911279141903,99.83272936940193,0.0,41.0,0.0,1.0,0.484375,0.140625,0.375,md_cpsr_dqn,lambda_1__rho_0p05
302,1302002,energy_limited,1.0,337.02246886491776,228.82993614673615,108.19253396987915,0.0,45.0,0.0,0.0,0.578125,0.109375,0.3125,md_cpsr_dqn,lambda_1__rho_0p05
302,1302003,energy_limited,1.0,349.49826270341873,245.05737233161926,104.44089156389236,0.0,44.0,0.0,0.0,0.609375,0.109375,0.28125,md_cpsr_dqn,lambda_1__rho_0p05
302,1302004,energy_limited,1.0,385.09547823667526,272.24714291095734,112.84833687543869,0.0,46.0,0.0,1.0,0.625,0.140625,0.234375,md_cpsr_dqn,lambda_1__rho_0p05
302,1302005,energy_limited,1.0,341.50372064113617,234.2981622815132,107.20555794239044,0.0,44.0,0.0,0.0,0.484375,0.234375,0.28125,md_cpsr_dqn,lambda_1__rho_0p05
302,1302006,energy_limited,1.0,350.91194266080856,238.68359726667404,112.22834581136703,0.0,46.0,0.0,1.0,0.5,0.203125,0.296875,md_cpsr_dqn,lambda_1__rho_0p05
302,1302007,energy_limited,1.0,308.8292558789253,208.26608437299728,100.56316955387592,0.0,41.0,0.0,1.0,0.5625,0.1875,0.25,md_cpsr_dqn,lambda_1__rho_0p05
302,1302008,energy_limited,1.0,315.8745062351227,214.00153109431267,101.87297463417053,0.0,44.0,0.0,1.0,0.546875,0.140625,0.3125,md_cpsr_dqn,lambda_1__rho_0p05
302,1302009,energy_limited,1.0,360.9619956612587,244.9689900279045,115.99300545454025,1.0,45.0,0.0,1.0,0.515625,0.125,0.359375,md_cpsr_dqn,lambda_1__rho_0p05
302,1302010,energy_limited,1.0,299.93380630016327,194.41059079766273,105.52321684360504,0.0,43.0,0.0,0.0,0.53125,0.1875,0.28125,md_cpsr_dqn,lambda_1__rho_0p05
302,1302011,energy_limited,1.0,362.03238290548325,254.15635186433792,107.87603199481964,0.0,43.0,0.0,2.0,0.515625,0.109375,0.375,md_cpsr_dqn,lambda_1__rho_0p05
302,1302012,energy_limited,1.0,380.69431063830854,270.29115080833435,110.40316015779972,1.0,44.0,0.0,2.0,0.453125,0.109375,0.4375,md_cpsr_dqn,lambda_1__rho_0p05
302,1302013,energy_limited,1.0,327.8327225446701,222.99273788928986,104.83998513221741,0.0,43.0,0.0,0.0,0.421875,0.265625,0.3125,md_cpsr_dqn,lambda_1__rho_0p05
302,1302014,energy_limited,1.0,366.9490269422531,262.3276233077049,104.6214052438736,0.0,42.0,0.0,0.0,0.421875,0.1875,0.390625,md_cpsr_dqn,lambda_1__rho_0p05
302,1302015,energy_limited,1.0,388.4684424996376,269.7792192697525,118.68922418355942,0.0,48.0,0.0,0.0,0.5625,0.09375,0.34375,md_cpsr_dqn,lambda_1__rho_0p05
302,1302016,energy_limited,1.0,354.4447137117386,238.30373185873032,116.14098088443279,0.0,46.0,0.0,0.0,0.640625,0.125,0.234375,md_cpsr_dqn,lambda_1__rho_0p05
302,1302017,energy_limited,1.0,300.7475656867027,199.103229701519,101.64433562755585,0.0,41.0,0.0,0.0,0.5,0.15625,0.34375,md_cpsr_dqn,lambda_1__rho_0p05
302,1302018,energy_limited,1.0,355.07369363307953,250.2488073706627,104.82488989830017,0.0,42.0,0.0,0.0,0.5,0.125,0.375,md_cpsr_dqn,lambda_1__rho_0p05
302,1302019,energy_limited,1.0,283.50897698402406,184.1593345105648,99.3496421456337,0.0,43.0,0.0,2.0,0.578125,0.125,0.296875,md_cpsr_dqn,lambda_1__rho_0p05
302,1302000,thermal_stress,1.0,338.09490520486617,252.20313811302185,85.89176792630937,0.0,36.0,2.0,0.0,0.578125,0.21875,0.203125,md_cpsr_dqn,lambda_1__rho_0p05
302,1302001,thermal_stress,1.0,337.6202856004238,265.14095225930214,72.4793339073658,4.0,31.0,0.0,1.0,0.5,0.15625,0.34375,md_cpsr_dqn,lambda_1__rho_0p05
302,1302002,thermal_stress,1.0,313.5409547686577,233.64031887054443,79.90063637495041,1.0,33.0,0.0,0.0,0.546875,0.125,0.328125,md_cpsr_dqn,lambda_1__rho_0p05
302,1302003,thermal_stress,1.0,366.5549653530447,264.54784831404686,102.00711766484666,4.0,33.0,22.0,0.0,0.59375,0.109375,0.296875,md_cpsr_dqn,lambda_1__rho_0p05
302,1302004,thermal_stress,1.0,378.2155200242996,294.0873014330864,84.12822088599205,3.0,34.0,0.0,1.0,0.59375,0.15625,0.25,md_cpsr_dqn,lambda_1__rho_0p05
302,1302005,thermal_stress,1.0,325.76098429148,245.3175573348999,80.44342639033596,0.0,32.0,6.0,0.0,0.484375,0.234375,0.28125,md_cpsr_dqn,lambda_1__rho_0p05
302,1302006,thermal_stress,1.0,324.4952626824379,246.69740802049637,77.79785504937172,0.0,33.0,0.0,1.0,0.515625,0.203125,0.28125,md_cpsr_dqn,lambda_1__rho_0p05
302,1302007,thermal_stress,1.0,294.8595455288887,221.585400223732,73.274145424366,0.0,30.0,0.0,1.0,0.546875,0.1875,0.265625,md_cpsr_dqn,lambda_1__rho_0p05
302,1302008,thermal_stress,1.0,293.5306968688965,229.01516762375832,64.51552918553352,2.0,29.0,0.0,1.0,0.515625,0.171875,0.3125,md_cpsr_dqn,lambda_1__rho_0p05
302,1302009,thermal_stress,1.0,386.16253876686096,270.4725933074951,115.68994742631912,13.0,36.0,0.0,1.0,0.5,0.140625,0.359375,md_cpsr_dqn,lambda_1__rho_0p05
302,1302010,thermal_stress,1.0,284.6206558220928,195.2593673467636,89.36128865414315,0.0,35.0,12.0,0.0,0.515625,0.203125,0.28125,md_cpsr_dqn,lambda_1__rho_0p05
302,1302011,thermal_stress,1.0,358.23804841339586,272.56043922901154,85.67761082351208,1.0,36.0,0.0,2.0,0.484375,0.140625,0.375,md_cpsr_dqn,lambda_1__rho_0p05
302,1302012,thermal_stress,1.0,386.8662317723036,292.54977935552597,94.31645408570766,11.0,34.0,0.0,2.0,0.421875,0.125,0.453125,md_cpsr_dqn,lambda_1__rho_0p05
302,1302013,thermal_stress,1.0,303.6153239607811,231.98452085256577,71.63080209493637,0.0,31.0,0.0,0.0,0.421875,0.3125,0.265625,md_cpsr_dqn,lambda_1__rho_0p05
302,1302014,thermal_stress,1.0,332.22124698758125,268.1856727898121,64.03557281196117,0.0,30.0,0.0,0.0,0.4375,0.21875,0.34375,md_cpsr_dqn,lambda_1__rho_0p05
302,1302015,thermal_stress,1.0,405.40454404671954,277.2947762608528,128.10976742823874,12.0,38.0,25.0,0.0,0.5625,0.109375,0.328125,md_cpsr_dqn,lambda_1__rho_0p05
302,1302016,thermal_stress,1.0,335.3911427259445,249.19118040800095,86.19996003806591,0.0,35.0,0.0,0.0,0.625,0.15625,0.21875,md_cpsr_dqn,lambda_1__rho_0p05
302,1302017,thermal_stress,1.0,283.20616376399994,209.103020966053,74.10314156115055,0.0,32.0,0.0,0.0,0.484375,0.171875,0.34375,md_cpsr_dqn,lambda_1__rho_0p05
302,1302018,thermal_stress,1.0,334.27945535778997,251.9623008966446,82.3171571135521,5.0,33.0,0.0,1.0,0.515625,0.140625,0.34375,md_cpsr_dqn,lambda_1__rho_0p05
302,1302019,thermal_stress,1.0,263.5823601663113,189.8116336762905,73.77072690725326,6.0,28.0,0.0,2.0,0.546875,0.171875,0.28125,md_cpsr_dqn,lambda_1__rho_0p05
302,1302000,nominal,1.0,310.26786065101624,230.82914924621582,79.43871140480042,0.0,36.0,0.0,0.0,0.5625,0.234375,0.203125,md_cpsr_dqn,lambda_1__rho_0p08
302,1302001,nominal,1.0,314.9278801381588,254.95667508244514,59.97120526432991,0.0,26.0,0.0,1.0,0.46875,0.15625,0.375,md_cpsr_dqn,lambda_1__rho_0p08
302,1302002,nominal,1.0,306.8828064799309,235.86856442689896,71.01424223184586,0.0,31.0,0.0,0.0,0.484375,0.15625,0.359375,md_cpsr_dqn,lambda_1__rho_0p08
302,1302003,nominal,1.0,327.5719823241234,249.99544543027878,77.57653605937958,0.0,31.0,0.0,0.0,0.546875,0.15625,0.296875,md_cpsr_dqn,lambda_1__rho_0p08
302,1302004,nominal,1.0,347.96677350997925,275.20669692754745,72.76007717847824,0.0,33.0,0.0,1.0,0.5625,0.171875,0.265625,md_cpsr_dqn,lambda_1__rho_0p08
302,1302005,nominal,1.0,321.19318598508835,248.07815963029861,73.11502406001091,0.0,30.0,0.0,0.0,0.4375,0.25,0.3125,md_cpsr_dqn,lambda_1__rho_0p08
302,1302006,nominal,1.0,309.3801155090332,236.71408581733704,72.66603097319603,0.0,31.0,0.0,1.0,0.453125,0.234375,0.3125,md_cpsr_dqn,lambda_1__rho_0p08
302,1302007,nominal,1.0,281.7038604617119,217.49432754516602,64.20953294634819,0.0,27.0,0.0,1.0,0.453125,0.25,0.296875,md_cpsr_dqn,lambda_1__rho_0p08
302,1302008,nominal,1.0,286.4531964957714,227.2569019496441,59.19629518687725,0.0,26.0,0.0,1.0,0.484375,0.171875,0.34375,md_cpsr_dqn,lambda_1__rho_0p08
302,1302009,nominal,1.0,342.3571746349335,256.1067381501198,86.25043687224388,6.0,35.0,0.0,1.0,0.4375,0.140625,0.421875,md_cpsr_dqn,lambda_1__rho_0p08
302,1302010,nominal,1.0,283.4204213023186,205.61957776546478,77.80084189772606,0.0,33.0,0.0,0.0,0.484375,0.203125,0.3125,md_cpsr_dqn,lambda_1__rho_0p08
302,1302011,nominal,1.0,346.1306947857141,266.9515817761421,79.17911345660687,0.0,33.0,0.0,2.0,0.484375,0.140625,0.375,md_cpsr_dqn,lambda_1__rho_0p08
302,1302012,nominal,1.0,348.9458498686552,272.9006896018982,76.04516025185585,1.0,32.0,0.0,2.0,0.421875,0.125,0.453125,md_cpsr_dqn,lambda_1__rho_0p08
302,1302013,nominal,1.0,299.75178867578506,228.52079790830612,71.23099313676357,0.0,32.0,0.0,0.0,0.375,0.296875,0.328125,md_cpsr_dqn,lambda_1__rho_0p08
302,1302014,nominal,1.0,318.5579217374325,260.1039533317089,58.45396959781647,0.0,29.0,0.0,0.0,0.375,0.25,0.375,md_cpsr_dqn,lambda_1__rho_0p08
302,1302015,nominal,1.0,364.00732535123825,276.3758971095085,87.63143037259579,0.0,36.0,0.0,0.0,0.515625,0.125,0.359375,md_cpsr_dqn,lambda_1__rho_0p08
302,1302016,nominal,1.0,320.01098054647446,239.11383187770844,80.89714878797531,0.0,33.0,0.0,0.0,0.609375,0.15625,0.234375,md_cpsr_dqn,lambda_1__rho_0p08
302,1302017,nominal,1.0,271.19874757528305,203.48703402280807,67.71171224117279,0.0,29.0,0.0,0.0,0.46875,0.171875,0.359375,md_cpsr_dqn,lambda_1__rho_0p08
302,1302018,nominal,1.0,320.0265336036682,254.13636249303818,65.89017103612423,0.0,31.0,0.0,0.0,0.46875,0.15625,0.375,md_cpsr_dqn,lambda_1__rho_0p08
302,1302019,nominal,1.0,244.02904333472253,186.25346198678017,57.77558134794235,0.0,26.0,0.0,2.0,0.484375,0.21875,0.296875,md_cpsr_dqn,lambda_1__rho_0p08
302,1302000,burst,1.0,333.5522171854973,254.68223160505295,78.86998569965363,0.0,36.0,0.0,0.0,0.515625,0.265625,0.21875,md_cpsr_dqn,lambda_1__rho_0p08
302,1302001,burst,1.0,335.88039603829384,262.60480734705925,73.27558982372284,2.0,33.0,0.0,1.0,0.46875,0.15625,0.375,md_cpsr_dqn,lambda_1__rho_0p08
302,1302002,burst,1.0,324.8090187907219,255.8645537495613,68.9444659948349,0.0,30.0,0.0,0.0,0.453125,0.1875,0.359375,md_cpsr_dqn,lambda_1__rho_0p08
302,1302003,burst,1.0,355.4130010306835,270.03046399354935,85.3825366050005,4.0,33.0,1.0,0.0,0.515625,0.15625,0.328125,md_cpsr_dqn,lambda_1__rho_0p08
302,1302004,burst,1.0,373.4197191596031,286.1591812968254,87.26053854823112,4.0,34.0,0.0,1.0,0.546875,0.171875,0.28125,md_cpsr_dqn,lambda_1__rho_0p08
302,1302005,burst,1.0,337.08182184641163,256.71560150384903,80.36622159426013,0.0,32.0,6.0,0.0,0.40625,0.265625,0.328125,md_cpsr_dqn,lambda_1__rho_0p08
302,1302006,burst,1.0,322.3236277103424,243.26941454410553,79.05421453714371,0.0,33.0,0.0,1.0,0.453125,0.234375,0.3125,md_cpsr_dqn,lambda_1__rho_0p08
302,1302007,burst,1.0,297.7888157963753,227.2487491965294,70.54006567597389,0.0,29.0,0.0,1.0,0.4375,0.25,0.3125,md_cpsr_dqn,lambda_1__rho_0p08
302,1302008,burst,1.0,299.69730520248413,235.41708233952522,64.28022339940071,2.0,29.0,0.0,1.0,0.46875,0.171875,0.359375,md_cpsr_dqn,lambda_1__rho_0p08
302,1302009,burst,1.0,396.86300325393677,276.26713931560516,120.59586411714554,15.0,35.0,0.0,1.0,0.421875,0.15625,0.421875,md_cpsr_dqn,lambda_1__rho_0p08
302,1302010,burst,1.0,295.7315276861191,208.87311124801636,86.85841608047485,4.0,35.0,0.0,0.0,0.46875,0.203125,0.328125,md_cpsr_dqn,lambda_1__rho_0p08
302,1302011,burst,1.0,370.9359596163034,285.7200130224228,85.21594710052014,0.0,36.0,0.0,2.0,0.453125,0.171875,0.375,md_cpsr_dqn,lambda_1__rho_0p08
302,1302012,burst,1.0,385.8482918471098,292.96222960948944,92.8860633701086,11.0,33.0,0.0,2.0,0.390625,0.125,0.484375,md_cpsr_dqn,lambda_1__rho_0p08
302,1302013,burst,1.0,309.43162924051285,236.62219548225403,72.8094353377819,0.0,32.0,0.0,0.0,0.359375,0.34375,0.296875,md_cpsr_dqn,lambda_1__rho_0p08
302,1302014,burst,1.0,329.89359363913536,269.9260621368885,59.96753303706646,0.0,29.0,0.0,0.0,0.359375,0.265625,0.375,md_cpsr_dqn,lambda_1__rho_0p08
302,1302015,burst,1.0,383.8149025440216,293.73668426275253,90.07822068035603,1.0,37.0,0.0,0.0,0.46875,0.1875,0.34375,md_cpsr_dqn,lambda_1__rho_0p08
302,1302016,burst,1.0,331.8729024529457,246.84349870681763,85.02940320968628,0.0,34.0,0.0,0.0,0.578125,0.1875,0.234375,md_cpsr_dqn,lambda_1__rho_0p08
302,1302017,burst,1.0,281.6190667152405,211.82462817430496,69.79443863034248,0.0,30.0,0.0,0.0,0.4375,0.21875,0.34375,md_cpsr_dqn,lambda_1__rho_0p08
302,1302018,burst,1.0,330.5019106268883,249.4743206501007,81.02759045362473,4.0,33.0,0.0,0.0,0.453125,0.1875,0.359375,md_cpsr_dqn,lambda_1__rho_0p08
302,1302019,burst,1.0,265.73881127238275,195.44976225495338,70.28904913663864,5.0,28.0,0.0,2.0,0.46875,0.21875,0.3125,md_cpsr_dqn,lambda_1__rho_0p08
302,1302000,link_limited,1.0,434.5296637025314,293.1429907679558,141.38667293457576,0.0,40.0,40.0,0.0,0.625,0.171875,0.203125,md_cpsr_dqn,lambda_1__rho_0p08
302,1302001,link_limited,1.0,398.2016741335392,324.0436953008175,74.15797910094261,0.0,33.0,0.0,1.0,0.578125,0.09375,0.328125,md_cpsr_dqn,lambda_1__rho_0p08
302,1302002,link_limited,1.0,370.4294887781143,289.9708195924759,80.45866909623146,0.0,33.0,0.0,0.0,0.640625,0.0625,0.296875,md_cpsr_dqn,lambda_1__rho_0p08
302,1302003,link_limited,1.0,400.63277925142364,310.1731803715229,90.4595973450812,1.0,33.0,11.0,0.0,0.734375,0.03125,0.234375,md_cpsr_dqn,lambda_1__rho_0p08
302,1302004,link_limited,1.0,411.60860645994546,322.90652698278427,88.70208068415525,0.0,37.0,6.0,1.0,0.6875,0.09375,0.21875,md_cpsr_dqn,lambda_1__rho_0p08
302,1302005,link_limited,1.0,415.421566171881,310.3960879445076,105.02547879361755,0.0,32.0,20.0,0.0,0.625,0.203125,0.171875,md_cpsr_dqn,lambda_1__rho_0p08
302,1302006,link_limited,1.0,515.0184428911966,332.2195534706116,182.79888901825376,0.0,40.0,33.0,1.0,0.609375,0.125,0.265625,md_cpsr_dqn,lambda_1__rho_0p08
302,1302007,link_limited,1.0,351.2191177453995,263.97527423501015,87.24384382331371,0.0,36.0,6.0,1.0,0.671875,0.125,0.203125,md_cpsr_dqn,lambda_1__rho_0p08
302,1302008,link_limited,1.0,348.1824113726616,269.95101684331894,78.23139584064484,0.0,33.0,0.0,0.0,0.59375,0.125,0.28125,md_cpsr_dqn,lambda_1__rho_0p08
302,1302009,link_limited,1.0,428.1425030744075,313.2288074493408,114.91369613170633,2.0,38.0,26.0,1.0,0.671875,0.0625,0.265625,md_cpsr_dqn,lambda_1__rho_0p08
302,1302010,link_limited,1.0,378.21504528215144,276.2689691185951,101.94607568671913,0.0,36.0,15.0,0.0,0.6875,0.109375,0.203125,md_cpsr_dqn,lambda_1__rho_0p08
302,1302011,link_limited,1.0,429.87453776374457,335.2448989748955,94.62963741794226,1.0,36.0,9.0,2.0,0.578125,0.09375,0.328125,md_cpsr_dqn,lambda_1__rho_0p08
302,1302012,link_limited,1.0,468.9884598851204,388.59400767087936,80.39445109665394,1.0,34.0,0.0,0.0,0.609375,0.0625,0.328125,md_cpsr_dqn,lambda_1__rho_0p08
302,1302013,link_limited,1.0,391.83157251353015,304.73359593749046,87.09797669524889,0.0,36.0,4.0,0.0,0.546875,0.203125,0.25,md_cpsr_dqn,lambda_1__rho_0p08
302,1302014,link_limited,1.0,397.4386193752289,333.68006163835526,63.75855627655983,0.0,29.0,0.0,0.0,0.671875,0.15625,0.171875,md_cpsr_dqn,lambda_1__rho_0p08
302,1302015,link_limited,1.0,485.5011620533871,353.59015333652496,131.91100929800743,0.0,39.0,24.0,0.0,0.65625,0.0625,0.28125,md_cpsr_dqn,lambda_1__rho_0p08
302,1302016,link_limited,1.0,393.12415063381195,306.66120487451553,86.46294559538364,0.0,36.0,0.0,0.0,0.765625,0.078125,0.15625,md_cpsr_dqn,lambda_1__rho_0p08
302,1302017,link_limited,1.0,332.49040496349335,248.65637534856796,83.834029302001,0.0,35.0,0.0,0.0,0.578125,0.09375,0.328125,md_cpsr_dqn,lambda_1__rho_0p08
302,1302018,link_limited,1.0,434.82413136959076,349.8719182610512,84.95221418142319,0.0,35.0,0.0,0.0,0.625,0.0625,0.3125,md_cpsr_dqn,lambda_1__rho_0p08
302,1302019,link_limited,1.0,303.66634349823,233.00887313485146,70.6574703335762,3.0,30.0,0.0,2.0,0.625,0.125,0.25,md_cpsr_dqn,lambda_1__rho_0p08
302,1302000,energy_limited,1.0,349.9742800593376,232.6695401072502,117.30474171042442,0.0,47.0,0.0,0.0,0.5,0.234375,0.265625,md_cpsr_dqn,lambda_1__rho_0p08
302,1302001,energy_limited,1.0,356.685509711504,254.02120462059975,102.66430315375328,0.0,42.0,0.0,1.0,0.4375,0.15625,0.40625,md_cpsr_dqn,lambda_1__rho_0p08
302,1302002,energy_limited,1.0,346.8753885626793,238.2239637374878,108.65142464637756,0.0,45.0,0.0,0.0,0.453125,0.15625,0.390625,md_cpsr_dqn,lambda_1__rho_0p08
302,1302003,energy_limited,1.0,358.4918931722641,251.70274785161018,106.78914421796799,0.0,44.0,0.0,0.0,0.53125,0.15625,0.3125,md_cpsr_dqn,lambda_1__rho_0p08
302,1302004,energy_limited,1.0,387.3861933350563,277.7008211016655,109.68537320196629,0.0,46.0,0.0,1.0,0.546875,0.171875,0.28125,md_cpsr_dqn,lambda_1__rho_0p08
302,1302005,energy_limited,1.0,359.1789013147354,252.00120717287064,107.17769503593445,0.0,44.0,0.0,0.0,0.421875,0.25,0.328125,md_cpsr_dqn,lambda_1__rho_0p08
302,1302006,energy_limited,1.0,351.47171491384506,239.07921022176743,112.3925064355135,0.0,46.0,0.0,1.0,0.4375,0.234375,0.328125,md_cpsr_dqn,lambda_1__rho_0p08
302,1302007,energy_limited,1.0,322.6458600759506,223.22756779193878,99.41829128563404,0.0,41.0,0.0,1.0,0.421875,0.25,0.328125,md_cpsr_dqn,lambda_1__rho_0p08
302,1302008,energy_limited,1.0,333.35211062431335,231.47508189082146,101.87702798843384,0.0,44.0,0.0,1.0,0.46875,0.171875,0.359375,md_cpsr_dqn,lambda_1__rho_0p08
302,1302009,energy_limited,1.0,374.9897660255432,261.0984708070755,113.89129846692086,6.0,44.0,0.0,2.0,0.390625,0.15625,0.453125,md_cpsr_dqn,lambda_1__rho_0p08
302,1302010,energy_limited,1.0,309.05172431468964,204.1780390739441,104.87368595600128,0.0,43.0,0.0,0.0,0.453125,0.203125,0.34375,md_cpsr_dqn,lambda_1__rho_0p08
302,1302011,energy_limited,1.0,376.03686660528183,270.4058695435524,105.63099843263626,0.0,42.0,0.0,2.0,0.46875,0.140625,0.390625,md_cpsr_dqn,lambda_1__rho_0p08
302,1302012,energy_limited,1.0,387.35057208240033,279.87291836738586,107.4776548475027,1.0,44.0,0.0,2.0,0.40625,0.125,0.46875,md_cpsr_dqn,lambda_1__rho_0p08
302,1302013,energy_limited,1.0,334.1893023252487,228.08948981761932,106.09981340169907,0.0,45.0,0.0,0.0,0.34375,0.3125,0.34375,md_cpsr_dqn,lambda_1__rho_0p08
302,1302014,energy_limited,1.0,372.93039458990097,269.1214639246464,103.80893155932426,0.0,42.0,0.0,0.0,0.328125,0.25,0.421875,md_cpsr_dqn,lambda_1__rho_0p08
302,1302015,energy_limited,1.0,397.4852598309517,281.5670701265335,115.9181913882494,0.0,48.0,0.0,0.0,0.484375,0.15625,0.359375,md_cpsr_dqn,lambda_1__rho_0p08
302,1302016,energy_limited,1.0,353.88328421115875,239.8862293958664,113.99705469608307,0.0,46.0,0.0,0.0,0.578125,0.171875,0.25,md_cpsr_dqn,lambda_1__rho_0p08
302,1302017,energy_limited,1.0,303.4700254201889,205.49676489830017,97.97326037287712,0.0,40.0,0.0,0.0,0.453125,0.1875,0.359375,md_cpsr_dqn,lambda_1__rho_0p08
302,1302018,energy_limited,1.0,355.77939055263994,253.666178047657,102.11321277320386,0.0,42.0,0.0,1.0,0.40625,0.203125,0.390625,md_cpsr_dqn,lambda_1__rho_0p08
302,1302019,energy_limited,1.0,281.926335144043,186.92823800444603,94.99809730350971,0.0,42.0,0.0,2.0,0.484375,0.21875,0.296875,md_cpsr_dqn,lambda_1__rho_0p08
302,1302000,thermal_stress,1.0,333.8702147603035,255.00022864341736,78.86998569965363,0.0,36.0,0.0,0.0,0.515625,0.265625,0.21875,md_cpsr_dqn,lambda_1__rho_0p08
302,1302001,thermal_stress,1.0,336.28495368361473,262.9065207540989,73.37843358516693,2.0,33.0,0.0,1.0,0.46875,0.15625,0.375,md_cpsr_dqn,lambda_1__rho_0p08
302,1302002,thermal_stress,1.0,325.1808953881264,256.23642951250076,68.9444659948349,0.0,30.0,0.0,0.0,0.453125,0.1875,0.359375,md_cpsr_dqn,lambda_1__rho_0p08
302,1302003,thermal_stress,1.0,355.80821454524994,270.3603036701679,85.44791169464588,4.0,33.0,1.0,0.0,0.515625,0.15625,0.328125,md_cpsr_dqn,lambda_1__rho_0p08
302,1302004,thermal_stress,1.0,373.8937715291977,286.57969856262207,87.31407329440117,4.0,34.0,0.0,1.0,0.546875,0.171875,0.28125,md_cpsr_dqn,lambda_1__rho_0p08
302,1302005,thermal_stress,1.0,337.3697650307874,257.00354504585266,80.36622159426013,0.0,32.0,6.0,0.0,0.40625,0.265625,0.328125,md_cpsr_dqn,lambda_1__rho_0p08
302,1302006,thermal_stress,1.0,322.62003630399704,243.5658214688301,79.05421453714371,0.0,33.0,0.0,1.0,0.453125,0.234375,0.3125,md_cpsr_dqn,lambda_1__rho_0p08
302,1302007,thermal_stress,1.0,298.28214198350906,226.39580065011978,71.88634046912193,0.0,30.0,0.0,1.0,0.453125,0.25,0.296875,md_cpsr_dqn,lambda_1__rho_0p08
302,1302008,thermal_stress,1.0,300.12780141830444,235.81179901957512,64.31600478291512,2.0,29.0,0.0,1.0,0.46875,0.171875,0.359375,md_cpsr_dqn,lambda_1__rho_0p08
302,1302009,thermal_stress,1.0,399.9778565764427,272.86142069101334,127.1164379119873,15.0,36.0,0.0,1.0,0.421875,0.140625,0.4375,md_cpsr_dqn,lambda_1__rho_0p08
302,1302010,thermal_stress,1.0,296.04157692193985,209.15387445688248,86.88770151138306,4.0,35.0,0.0,0.0,0.46875,0.203125,0.328125,md_cpsr_dqn,lambda_1__rho_0p08
302,1302011,thermal_stress,1.0,371.2512284308672,286.03528267145157,85.21594710052014,0.0,36.0,0.0,2.0,0.453125,0.171875,0.375,md_cpsr_dqn,lambda_1__rho_0p08
302,1302012,thermal_stress,1.0,386.50520870387555,293.27022910118103,93.23498013913631,11.0,33.0,0.0,2.0,0.390625,0.125,0.484375,md_cpsr_dqn,lambda_1__rho_0p08
302,1302013,thermal_stress,1.0,309.6975582242012,236.88812571763992,72.8094353377819,0.0,32.0,0.0,0.0,0.359375,0.34375,0.296875,md_cpsr_dqn,lambda_1__rho_0p08
302,1302014,thermal_stress,1.0,330.3042077124119,270.3366744816303,59.96753303706646,0.0,29.0,0.0,0.0,0.359375,0.265625,0.375,md_cpsr_dqn,lambda_1__rho_0p08
302,1302015,thermal_stress,1.0,384.2278007864952,294.14382338523865,90.08397705852985,1.0,37.0,0.0,0.0,0.46875,0.1875,0.34375,md_cpsr_dqn,lambda_1__rho_0p08
302,1302016,thermal_stress,1.0,332.2902195453644,247.26081842184067,85.02940320968628,0.0,34.0,0.0,0.0,0.578125,0.1875,0.234375,md_cpsr_dqn,lambda_1__rho_0p08
302,1302017,thermal_stress,1.0,282.0143234729767,212.21988475322723,69.79443863034248,0.0,30.0,0.0,0.0,0.4375,0.21875,0.34375,md_cpsr_dqn,lambda_1__rho_0p08
302,1302018,thermal_stress,1.0,330.9195827841759,249.83846074342728,81.08112233877182,4.0,33.0,0.0,0.0,0.453125,0.1875,0.359375,md_cpsr_dqn,lambda_1__rho_0p08
302,1302019,thermal_stress,1.0,266.19605149626733,195.7307679951191,70.46528528928756,5.0,28.0,0.0,2.0,0.46875,0.21875,0.3125,md_cpsr_dqn,lambda_1__rho_0p08
302,1302000,nominal,1.0,310.3367887735367,232.15638029575348,78.18040817975998,0.0,36.0,0.0,0.0,0.546875,0.25,0.203125,md_cpsr_dqn,lambda_3__rho_0p03
302,1302001,nominal,1.0,313.53155812621117,254.70440450310707,58.82715368270874,0.0,26.0,0.0,1.0,0.484375,0.15625,0.359375,md_cpsr_dqn,lambda_3__rho_0p03
302,1302002,nominal,1.0,305.53200805187225,234.3999155163765,71.13209223747253,0.0,31.0,0.0,0.0,0.5,0.15625,0.34375,md_cpsr_dqn,lambda_3__rho_0p03
302,1302003,nominal,1.0,328.2710048854351,253.63001558184624,74.64098966121674,0.0,30.0,0.0,0.0,0.546875,0.171875,0.28125,md_cpsr_dqn,lambda_3__rho_0p03
302,1302004,nominal,1.0,341.348753452301,270.4519680738449,70.89678487181664,0.0,32.0,0.0,1.0,0.578125,0.171875,0.25,md_cpsr_dqn,lambda_3__rho_0p03
302,1302005,nominal,1.0,313.6653806567192,240.5503540635109,73.11502406001091,0.0,30.0,0.0,0.0,0.453125,0.25,0.296875,md_cpsr_dqn,lambda_3__rho_0p03
302,1302006,nominal,1.0,307.4211745262146,234.83532124757767,72.58585295081139,0.0,31.0,0.0,1.0,0.46875,0.234375,0.296875,md_cpsr_dqn,lambda_3__rho_0p03
302,1302007,nominal,1.0,275.3976928591728,211.18799436092377,64.20969769358635,0.0,27.0,0.0,1.0,0.484375,0.234375,0.28125,md_cpsr_dqn,lambda_3__rho_0p03
302,1302008,nominal,1.0,280.4887980222702,218.4604534804821,62.02834469079971,0.0,29.0,0.0,1.0,0.484375,0.1875,0.328125,md_cpsr_dqn,lambda_3__rho_0p03
302,1302009,nominal,1.0,322.78378516435623,240.9512333869934,81.83255118131638,1.0,34.0,0.0,1.0,0.46875,0.1875,0.34375,md_cpsr_dqn,lambda_3__rho_0p03
302,1302010,nominal,1.0,269.53143924474716,192.2376509308815,77.29378911852837,0.0,32.0,0.0,1.0,0.484375,0.25,0.265625,md_cpsr_dqn,lambda_3__rho_0p03
302,1302011,nominal,1.0,349.7261071592569,270.9805933237076,78.74551291167737,0.0,33.0,0.0,2.0,0.46875,0.15625,0.375,md_cpsr_dqn,lambda_3__rho_0p03
302,1302012,nominal,1.0,352.429689142108,276.384529709816,76.04516025185585,1.0,32.0,0.0,2.0,0.421875,0.140625,0.4375,md_cpsr_dqn,lambda_3__rho_0p03
302,1302013,nominal,1.0,292.9766926765442,224.45426934957504,68.5224237293005,0.0,31.0,0.0,0.0,0.375,0.328125,0.296875,md_cpsr_dqn,lambda_3__rho_0p03
302,1302014,nominal,1.0,318.5579217374325,260.1039533317089,58.45396959781647,0.0,29.0,0.0,0.0,0.375,0.25,0.375,md_cpsr_dqn,lambda_3__rho_0p03
302,1302015,nominal,1.0,361.6609439253807,274.801357626915,86.85958842933178,0.0,36.0,0.0,0.0,0.515625,0.15625,0.328125,md_cpsr_dqn,lambda_3__rho_0p03
302,1302016,nominal,1.0,320.01098054647446,239.11383187770844,80.89714878797531,0.0,33.0,0.0,0.0,0.609375,0.15625,0.234375,md_cpsr_dqn,lambda_3__rho_0p03
302,1302017,nominal,1.0,269.119910299778,205.06059205532074,64.05931781232357,0.0,27.0,0.0,0.0,0.453125,0.21875,0.328125,md_cpsr_dqn,lambda_3__rho_0p03
302,1302018,nominal,1.0,317.5411685705185,255.0799499154091,62.46121869981289,0.0,30.0,0.0,0.0,0.4375,0.21875,0.34375,md_cpsr_dqn,lambda_3__rho_0p03
302,1302019,nominal,1.0,244.02904333472253,186.25346198678017,57.77558134794235,0.0,26.0,0.0,2.0,0.484375,0.21875,0.296875,md_cpsr_dqn,lambda_3__rho_0p03
302,1302000,burst,1.0,333.5522171854973,254.68223160505295,78.86998569965363,0.0,36.0,0.0,0.0,0.515625,0.265625,0.21875,md_cpsr_dqn,lambda_3__rho_0p03
302,1302001,burst,1.0,334.7313732802868,262.29128244519234,72.44009068608284,3.0,31.0,0.0,1.0,0.484375,0.15625,0.359375,md_cpsr_dqn,lambda_3__rho_0p03
302,1302002,burst,1.0,323.40949815511703,254.35789507627487,69.05160284042358,0.0,30.0,0.0,0.0,0.46875,0.1875,0.34375,md_cpsr_dqn,lambda_3__rho_0p03
302,1302003,burst,1.0,355.7628082334995,272.6019216477871,83.16088843345642,4.0,32.0,0.0,0.0,0.515625,0.1875,0.296875,md_cpsr_dqn,lambda_3__rho_0p03
302,1302004,burst,1.0,373.4430573582649,288.2412869334221,85.20177036523819,3.0,34.0,0.0,1.0,0.53125,0.1875,0.28125,md_cpsr_dqn,lambda_3__rho_0p03
302,1302005,burst,1.0,337.08182184641163,256.71560150384903,80.36622159426013,0.0,32.0,6.0,0.0,0.40625,0.265625,0.328125,md_cpsr_dqn,lambda_3__rho_0p03
302,1302006,burst,1.0,320.3736625313759,241.39381277561188,78.97985130548477,0.0,33.0,0.0,1.0,0.46875,0.234375,0.296875,md_cpsr_dqn,lambda_3__rho_0p03
302,1302007,burst,1.0,291.8394988179207,221.2992690205574,70.54023042321205,0.0,29.0,0.0,1.0,0.46875,0.234375,0.296875,md_cpsr_dqn,lambda_3__rho_0p03
302,1302008,burst,1.0,293.5700967311859,230.09784600138664,63.47225198149681,2.0,29.0,0.0,1.0,0.46875,0.203125,0.328125,md_cpsr_dqn,lambda_3__rho_0p03
302,1302009,burst,1.0,371.31765496730804,264.16736471652985,107.1502925157547,13.0,33.0,0.0,1.0,0.421875,0.21875,0.359375,md_cpsr_dqn,lambda_3__rho_0p03
302,1302010,burst,1.0,296.3064556121826,211.9017393887043,84.40471798181534,0.0,34.0,0.0,1.0,0.4375,0.25,0.3125,md_cpsr_dqn,lambda_3__rho_0p03
302,1302011,burst,1.0,374.4405745655298,289.7417740225792,84.69880188405514,0.0,35.0,0.0,2.0,0.4375,0.1875,0.375,md_cpsr_dqn,lambda_3__rho_0p03
302,1302012,burst,1.0,390.5285804003477,297.97563022375107,92.55294969975948,11.0,33.0,0.0,2.0,0.375,0.15625,0.46875,md_cpsr_dqn,lambda_3__rho_0p03
302,1302013,burst,1.0,307.31599098443985,234.50655657052994,72.8094353377819,0.0,32.0,0.0,0.0,0.375,0.34375,0.28125,md_cpsr_dqn,lambda_3__rho_0p03
302,1302014,burst,1.0,329.89359363913536,269.9260621368885,59.96753303706646,0.0,29.0,0.0,0.0,0.359375,0.265625,0.375,md_cpsr_dqn,lambda_3__rho_0p03
302,1302015,burst,1.0,383.1684641838074,293.51650458574295,89.6519596427679,1.0,37.0,0.0,0.0,0.46875,0.203125,0.328125,md_cpsr_dqn,lambda_3__rho_0p03
302,1302016,burst,1.0,331.8729024529457,246.84349870681763,85.02940320968628,0.0,34.0,0.0,0.0,0.578125,0.1875,0.234375,md_cpsr_dqn,lambda_3__rho_0p03
302,1302017,burst,1.0,279.1401079893112,213.43731051683426,65.70279711484909,0.0,29.0,0.0,0.0,0.421875,0.265625,0.3125,md_cpsr_dqn,lambda_3__rho_0p03
302,1302018,burst,1.0,333.2062947154045,256.35010063648224,76.85619492828846,4.0,32.0,0.0,0.0,0.421875,0.234375,0.34375,md_cpsr_dqn,lambda_3__rho_0p03
302,1302019,burst,1.0,265.73881127238275,195.44976225495338,70.28904913663864,5.0,28.0,0.0,2.0,0.46875,0.21875,0.3125,md_cpsr_dqn,lambda_3__rho_0p03
302,1302000,link_limited,1.0,436.2314269611005,293.3178961277008,142.91353083339968,0.0,40.0,40.0,0.0,0.640625,0.171875,0.1875,md_cpsr_dqn,lambda_3__rho_0p03
302,1302001,link_limited,1.0,402.81282249093056,328.6548421084881,74.15797910094261,0.0,33.0,0.0,1.0,0.578125,0.109375,0.3125,md_cpsr_dqn,lambda_3__rho_0p03
302,1302002,link_limited,1.0,356.13510274887085,273.4367370605469,82.69836620986462,0.0,34.0,0.0,0.0,0.671875,0.0625,0.265625,md_cpsr_dqn,lambda_3__rho_0p03
302,1302003,link_limited,1.0,398.98536323824254,305.3170862495899,93.66827461936795,1.0,33.0,16.0,0.0,0.75,0.03125,0.21875,md_cpsr_dqn,lambda_3__rho_0p03
302,1302004,link_limited,1.0,405.152210354805,320.04487657546997,85.10733297467232,0.0,36.0,0.0,1.0,0.6875,0.09375,0.21875,md_cpsr_dqn,lambda_3__rho_0p03
302,1302005,link_limited,1.0,431.3426801626204,311.02733594179153,120.3153445486544,0.0,32.0,23.0,0.0,0.625,0.21875,0.15625,md_cpsr_dqn,lambda_3__rho_0p03
302,1302006,link_limited,1.0,515.8269554523729,331.9661455154419,183.86080953459967,0.0,40.0,33.0,1.0,0.609375,0.140625,0.25,md_cpsr_dqn,lambda_3__rho_0p03
302,1302007,link_limited,1.0,346.4674069288969,259.24281480908394,87.22459350562096,0.0,36.0,6.0,1.0,0.6875,0.125,0.1875,md_cpsr_dqn,lambda_3__rho_0p03
302,1302008,link_limited,1.0,348.1824113726616,269.95101684331894,78.23139584064484,0.0,33.0,0.0,0.0,0.59375,0.125,0.28125,md_cpsr_dqn,lambda_3__rho_0p03
302,1302009,link_limited,1.0,423.00018869629673,307.869893848896,115.13029535404034,2.0,38.0,26.0,1.0,0.6875,0.0625,0.25,md_cpsr_dqn,lambda_3__rho_0p03
302,1302010,link_limited,1.0,367.6285818914555,245.4915326833725,122.13704962531556,0.0,36.0,18.0,0.0,0.6875,0.140625,0.171875,md_cpsr_dqn,lambda_3__rho_0p03
302,1302011,link_limited,1.0,431.80450341350195,339.75987881422043,92.04462370521176,1.0,36.0,7.0,2.0,0.609375,0.09375,0.296875,md_cpsr_dqn,lambda_3__rho_0p03
302,1302012,link_limited,1.0,468.76462203264236,388.37016946077347,80.39445109665394,1.0,34.0,0.0,0.0,0.625,0.0625,0.3125,md_cpsr_dqn,lambda_3__rho_0p03
302,1302013,link_limited,1.0,391.83157251353015,304.73359593749046,87.09797669524889,0.0,36.0,4.0,0.0,0.546875,0.203125,0.25,md_cpsr_dqn,lambda_3__rho_0p03
302,1302014,link_limited,1.0,399.2136985063553,333.79062736034393,65.42307072877884,0.0,30.0,0.0,0.0,0.65625,0.171875,0.171875,md_cpsr_dqn,lambda_3__rho_0p03
302,1302015,link_limited,1.0,481.14934823999874,353.25344997644424,127.89589769731037,0.0,38.0,23.0,0.0,0.671875,0.0625,0.265625,md_cpsr_dqn,lambda_3__rho_0p03
302,1302016,link_limited,1.0,393.12415063381195,306.66120487451553,86.46294559538364,0.0,36.0,0.0,0.0,0.765625,0.078125,0.15625,md_cpsr_dqn,lambda_3__rho_0p03
302,1302017,link_limited,1.0,343.84627664089203,260.0122449994087,83.834029302001,0.0,35.0,0.0,0.0,0.578125,0.125,0.296875,md_cpsr_dqn,lambda_3__rho_0p03
302,1302018,link_limited,1.0,438.6125508546829,353.6603376865387,84.95221418142319,0.0,35.0,0.0,0.0,0.640625,0.0625,0.296875,md_cpsr_dqn,lambda_3__rho_0p03
302,1302019,link_limited,1.0,301.20322494506837,232.44651731848717,68.75670779049396,1.0,29.0,0.0,2.0,0.609375,0.125,0.265625,md_cpsr_dqn,lambda_3__rho_0p03
302,1302000,energy_limited,1.0,350.4319741129875,236.78197914361954,113.6499955356121,0.0,46.0,0.0,0.0,0.515625,0.25,0.234375,md_cpsr_dqn,lambda_3__rho_0p03
302,1302001,energy_limited,1.0,357.01315715909004,255.18361589312553,101.82954093813896,0.0,42.0,0.0,1.0,0.453125,0.171875,0.375,md_cpsr_dqn,lambda_3__rho_0p03
302,1302002,energy_limited,1.0,342.00641483068466,232.71693581342697,109.2894783616066,0.0,45.0,0.0,0.0,0.46875,0.171875,0.359375,md_cpsr_dqn,lambda_3__rho_0p03
302,1302003,energy_limited,1.0,359.08564949035645,255.0986272394657,103.98702293634415,0.0,44.0,0.0,0.0,0.53125,0.15625,0.3125,md_cpsr_dqn,lambda_3__rho_0p03
302,1302004,energy_limited,1.0,383.9442705512047,275.3943372964859,108.54993583261967,0.0,46.0,0.0,1.0,0.546875,0.1875,0.265625,md_cpsr_dqn,lambda_3__rho_0p03
302,1302005,energy_limited,1.0,351.50710594654083,244.32941204309464,107.17769503593445,0.0,44.0,0.0,0.0,0.4375,0.25,0.3125,md_cpsr_dqn,lambda_3__rho_0p03
302,1302006,energy_limited,1.0,349.0596954226494,237.1760549545288,111.88364155590534,0.0,46.0,0.0,1.0,0.453125,0.234375,0.3125,md_cpsr_dqn,lambda_3__rho_0p03
302,1302007,energy_limited,1.0,316.28030931949615,216.86185324192047,99.4184560328722,0.0,41.0,0.0,1.0,0.453125,0.234375,0.3125,md_cpsr_dqn,lambda_3__rho_0p03
302,1302008,energy_limited,1.0,328.09128737449646,226.2142609655857,101.87702798843384,0.0,44.0,0.0,1.0,0.46875,0.203125,0.328125,md_cpsr_dqn,lambda_3__rho_0p03
302,1302009,energy_limited,1.0,363.2333210945129,251.81940186023712,111.41392081379891,1.0,44.0,0.0,2.0,0.40625,0.203125,0.390625,md_cpsr_dqn,lambda_3__rho_0p03
302,1302010,energy_limited,1.0,306.01113164424896,202.20205092430115,103.80908334255219,0.0,43.0,0.0,1.0,0.453125,0.234375,0.3125,md_cpsr_dqn,lambda_3__rho_0p03
302,1302011,energy_limited,1.0,378.9605193734169,271.45141756534576,107.5091028213501,0.0,43.0,0.0,2.0,0.46875,0.15625,0.375,md_cpsr_dqn,lambda_3__rho_0p03
302,1302012,energy_limited,1.0,390.90548512637616,283.4278314113617,107.4776548475027,1.0,44.0,0.0,2.0,0.40625,0.140625,0.453125,md_cpsr_dqn,lambda_3__rho_0p03
302,1302013,energy_limited,1.0,327.5271580219269,224.87400829792023,102.65314963459969,0.0,43.0,0.0,0.0,0.375,0.328125,0.296875,md_cpsr_dqn,lambda_3__rho_0p03
302,1302014,energy_limited,1.0,366.99183744192123,263.18290677666664,103.80893155932426,0.0,42.0,0.0,0.0,0.34375,0.25,0.40625,md_cpsr_dqn,lambda_3__rho_0p03
302,1302015,energy_limited,1.0,390.23872047662735,274.32053035497665,115.9181913882494,0.0,48.0,0.0,0.0,0.5,0.171875,0.328125,md_cpsr_dqn,lambda_3__rho_0p03
302,1302016,energy_limited,1.0,352.059985101223,237.0147006213665,115.04528473317623,0.0,46.0,0.0,0.0,0.578125,0.171875,0.25,md_cpsr_dqn,lambda_3__rho_0p03
302,1302017,energy_limited,1.0,301.48685574531555,205.66207194328308,95.82478296756744,0.0,40.0,0.0,0.0,0.453125,0.21875,0.328125,md_cpsr_dqn,lambda_3__rho_0p03
302,1302018,energy_limited,1.0,353.9059891492128,251.69499623775482,102.21099502742291,0.0,42.0,0.0,1.0,0.40625,0.234375,0.359375,md_cpsr_dqn,lambda_3__rho_0p03
302,1302019,energy_limited,1.0,292.6330641388893,202.9169935286045,89.71607177257538,0.0,39.0,0.0,2.0,0.46875,0.234375,0.296875,md_cpsr_dqn,lambda_3__rho_0p03
302,1302000,thermal_stress,1.0,333.8702147603035,255.00022864341736,78.86998569965363,0.0,36.0,0.0,0.0,0.515625,0.265625,0.21875,md_cpsr_dqn,lambda_3__rho_0p03
302,1302001,thermal_stress,1.0,335.20216366648674,262.5949324667454,72.60723236203194,3.0,31.0,0.0,1.0,0.484375,0.15625,0.359375,md_cpsr_dqn,lambda_3__rho_0p03
302,1302002,thermal_stress,1.0,323.78615814447403,254.73455649614334,69.05160284042358,0.0,30.0,0.0,0.0,0.46875,0.1875,0.34375,md_cpsr_dqn,lambda_3__rho_0p03
302,1302003,thermal_stress,1.0,356.152120500803,272.9258541762829,83.2262670993805,4.0,32.0,0.0,0.0,0.515625,0.1875,0.296875,md_cpsr_dqn,lambda_3__rho_0p03
302,1302004,thermal_stress,1.0,373.90192091464996,288.65885412693024,85.24306780099869,3.0,34.0,0.0,1.0,0.53125,0.1875,0.28125,md_cpsr_dqn,lambda_3__rho_0p03
302,1302005,thermal_stress,1.0,337.3697650307874,257.00354504585266,80.36622159426013,0.0,32.0,6.0,0.0,0.40625,0.265625,0.328125,md_cpsr_dqn,lambda_3__rho_0p03
302,1302006,thermal_stress,1.0,320.68024599552155,241.70039528608322,78.97985130548477,0.0,33.0,0.0,1.0,0.46875,0.234375,0.296875,md_cpsr_dqn,lambda_3__rho_0p03
302,1302007,thermal_stress,1.0,292.12403631210327,221.58380579948425,70.54023042321205,0.0,29.0,0.0,1.0,0.46875,0.234375,0.296875,md_cpsr_dqn,lambda_3__rho_0p03
302,1302008,thermal_stress,1.0,294.0004081726074,230.49237522482872,63.508033365011215,2.0,29.0,0.0,1.0,0.46875,0.203125,0.328125,md_cpsr_dqn,lambda_3__rho_0p03
302,1302009,thermal_stress,1.0,370.75575429201126,259.60792726278305,111.14782871305943,13.0,36.0,0.0,1.0,0.4375,0.203125,0.359375,md_cpsr_dqn,lambda_3__rho_0p03
302,1302010,thermal_stress,1.0,296.56754571199417,212.1628268957138,84.40471798181534,0.0,34.0,0.0,1.0,0.4375,0.25,0.3125,md_cpsr_dqn,lambda_3__rho_0p03
302,1302011,thermal_stress,1.0,374.74598805010316,290.0471883416176,84.69880188405514,0.0,35.0,0.0,2.0,0.4375,0.1875,0.375,md_cpsr_dqn,lambda_3__rho_0p03
302,1302012,thermal_stress,1.0,391.1851863592863,298.28332167863846,92.90186646878719,11.0,33.0,0.0,2.0,0.375,0.15625,0.46875,md_cpsr_dqn,lambda_3__rho_0p03
302,1302013,thermal_stress,1.0,307.5819419026375,234.7725077867508,72.8094353377819,0.0,32.0,0.0,0.0,0.375,0.34375,0.28125,md_cpsr_dqn,lambda_3__rho_0p03
302,1302014,thermal_stress,1.0,330.3042077124119,270.3366744816303,59.96753303706646,0.0,29.0,0.0,0.0,0.359375,0.265625,0.375,md_cpsr_dqn,lambda_3__rho_0p03
302,1302015,thermal_stress,1.0,383.5633419752121,293.90562546253204,89.65771602094173,1.0,37.0,0.0,0.0,0.46875,0.203125,0.328125,md_cpsr_dqn,lambda_3__rho_0p03
302,1302016,thermal_stress,1.0,332.2902195453644,247.26081842184067,85.02940320968628,0.0,34.0,0.0,0.0,0.578125,0.1875,0.234375,md_cpsr_dqn,lambda_3__rho_0p03
302,1302017,thermal_stress,1.0,279.50004786252975,213.79725003242493,65.70279711484909,0.0,29.0,0.0,0.0,0.421875,0.265625,0.3125,md_cpsr_dqn,lambda_3__rho_0p03
302,1302018,thermal_stress,1.0,333.6199651360512,256.7102374434471,76.90972752869129,4.0,32.0,0.0,0.0,0.421875,0.234375,0.34375,md_cpsr_dqn,lambda_3__rho_0p03
302,1302019,thermal_stress,1.0,266.19605149626733,195.7307679951191,70.46528528928756,5.0,28.0,0.0,2.0,0.46875,0.21875,0.3125,md_cpsr_dqn,lambda_3__rho_0p03
302,1302000,nominal,1.0,310.41028559207916,231.3155545592308,79.09473043680191,0.0,36.0,0.0,0.0,0.53125,0.25,0.21875,md_cpsr_dqn,lambda_3__rho_0p05
302,1302001,nominal,1.0,314.9278801381588,254.95667508244514,59.97120526432991,0.0,26.0,0.0,1.0,0.46875,0.15625,0.375,md_cpsr_dqn,lambda_3__rho_0p05
302,1302002,nominal,1.0,303.32384818792343,232.30960655212402,71.01424223184586,0.0,31.0,0.0,0.0,0.5,0.140625,0.359375,md_cpsr_dqn,lambda_3__rho_0p05
302,1302003,nominal,1.0,331.0991510748863,256.5204011797905,74.57875168323517,0.0,30.0,0.0,0.0,0.5625,0.15625,0.28125,md_cpsr_dqn,lambda_3__rho_0p05
302,1302004,nominal,1.0,341.348753452301,270.4519680738449,70.89678487181664,0.0,32.0,0.0,1.0,0.578125,0.171875,0.25,md_cpsr_dqn,lambda_3__rho_0p05
302,1302005,nominal,1.0,313.6653806567192,240.5503540635109,73.11502406001091,0.0,30.0,0.0,0.0,0.453125,0.25,0.296875,md_cpsr_dqn,lambda_3__rho_0p05
302,1302006,nominal,1.0,307.4211745262146,234.83532124757767,72.58585295081139,0.0,31.0,0.0,1.0,0.46875,0.234375,0.296875,md_cpsr_dqn,lambda_3__rho_0p05
302,1302007,nominal,1.0,275.3976928591728,211.18799436092377,64.20969769358635,0.0,27.0,0.0,1.0,0.484375,0.234375,0.28125,md_cpsr_dqn,lambda_3__rho_0p05
302,1302008,nominal,1.0,283.3931573629379,220.32651355862617,63.066643714904785,0.0,29.0,0.0,1.0,0.5,0.15625,0.34375,md_cpsr_dqn,lambda_3__rho_0p05
302,1302009,nominal,1.0,333.2436808347702,247.50929760932922,85.73438520729542,3.0,36.0,0.0,1.0,0.4375,0.171875,0.390625,md_cpsr_dqn,lambda_3__rho_0p05
302,1302010,nominal,1.0,280.96817022562027,204.91774237155914,76.05042654275894,0.0,32.0,0.0,0.0,0.484375,0.21875,0.296875,md_cpsr_dqn,lambda_3__rho_0p05
302,1302011,nominal,1.0,339.99140194952486,261.24588841199875,78.74551291167737,0.0,33.0,0.0,2.0,0.484375,0.140625,0.375,md_cpsr_dqn,lambda_3__rho_0p05
302,1302012,nominal,1.0,346.8750376433134,270.82987582683563,76.04516025185585,1.0,32.0,0.0,2.0,0.4375,0.125,0.4375,md_cpsr_dqn,lambda_3__rho_0p05
302,1302013,nominal,1.0,293.12537199258804,221.89438062906265,71.23099313676357,0.0,32.0,0.0,0.0,0.390625,0.3125,0.296875,md_cpsr_dqn,lambda_3__rho_0p05
302,1302014,nominal,1.0,318.5579217374325,260.1039533317089,58.45396959781647,0.0,29.0,0.0,0.0,0.375,0.25,0.375,md_cpsr_dqn,lambda_3__rho_0p05
302,1302015,nominal,1.0,363.9153980612755,276.6387012600899,87.27669779956341,0.0,36.0,0.0,0.0,0.5,0.15625,0.34375,md_cpsr_dqn,lambda_3__rho_0p05
302,1302016,nominal,1.0,315.5813657641411,232.57522904872894,83.00613760948181,0.0,35.0,0.0,0.0,0.609375,0.171875,0.21875,md_cpsr_dqn,lambda_3__rho_0p05
302,1302017,nominal,1.0,264.5804868340492,196.96669900417328,67.61378663778305,0.0,29.0,0.0,0.0,0.453125,0.21875,0.328125,md_cpsr_dqn,lambda_3__rho_0p05
302,1302018,nominal,1.0,315.932639837265,249.42157071828842,66.51106934249401,0.0,31.0,0.0,0.0,0.4375,0.203125,0.359375,md_cpsr_dqn,lambda_3__rho_0p05
302,1302019,nominal,1.0,244.02904333472253,186.25346198678017,57.77558134794235,0.0,26.0,0.0,2.0,0.484375,0.21875,0.296875,md_cpsr_dqn,lambda_3__rho_0p05
302,1302000,burst,1.0,335.0340105891228,256.0773053765297,78.95670449733734,0.0,36.0,0.0,0.0,0.515625,0.265625,0.21875,md_cpsr_dqn,lambda_3__rho_0p05
302,1302001,burst,1.0,335.88039603829384,262.60480734705925,73.27558982372284,2.0,33.0,0.0,1.0,0.46875,0.15625,0.375,md_cpsr_dqn,lambda_3__rho_0p05
302,1302002,burst,1.0,315.2916995882988,240.67526322603226,74.61643673479557,0.0,32.0,0.0,0.0,0.46875,0.171875,0.359375,md_cpsr_dqn,lambda_3__rho_0p05
302,1302003,burst,1.0,356.7350817000001,274.81342869997025,81.92165356627392,1.0,32.0,3.0,0.0,0.515625,0.1875,0.296875,md_cpsr_dqn,lambda_3__rho_0p05
302,1302004,burst,1.0,373.4430573582649,288.2412869334221,85.20177036523819,3.0,34.0,0.0,1.0,0.53125,0.1875,0.28125,md_cpsr_dqn,lambda_3__rho_0p05
302,1302005,burst,1.0,330.584679475234,250.1598566174507,80.42482410948078,0.0,32.0,6.0,0.0,0.421875,0.265625,0.3125,md_cpsr_dqn,lambda_3__rho_0p05
302,1302006,burst,1.0,320.52688747644424,241.547036588192,78.97985130548477,0.0,33.0,0.0,1.0,0.453125,0.234375,0.3125,md_cpsr_dqn,lambda_3__rho_0p05
302,1302007,burst,1.0,296.52213698625565,225.9661781191826,70.55595937371254,0.0,29.0,0.0,1.0,0.453125,0.234375,0.3125,md_cpsr_dqn,lambda_3__rho_0p05
302,1302008,burst,1.0,296.51614141464233,232.0323403775692,64.48380115628242,2.0,29.0,0.0,1.0,0.484375,0.171875,0.34375,md_cpsr_dqn,lambda_3__rho_0p05
302,1302009,burst,1.0,379.78989839553833,268.20610731840134,111.58379225432873,13.0,36.0,0.0,1.0,0.421875,0.1875,0.390625,md_cpsr_dqn,lambda_3__rho_0p05
302,1302010,burst,1.0,288.2316827774048,203.9618922472,84.26979023218155,0.0,34.0,0.0,0.0,0.4375,0.25,0.3125,md_cpsr_dqn,lambda_3__rho_0p05
302,1302011,burst,1.0,364.6945950180292,279.99579387903214,84.69880188405514,0.0,35.0,0.0,2.0,0.453125,0.171875,0.375,md_cpsr_dqn,lambda_3__rho_0p05
302,1302012,burst,1.0,384.9915463656187,292.4385980963707,92.55294969975948,11.0,33.0,0.0,2.0,0.390625,0.140625,0.46875,md_cpsr_dqn,lambda_3__rho_0p05
302,1302013,burst,1.0,302.8685994744301,230.059164583683,72.8094353377819,0.0,32.0,0.0,0.0,0.375,0.359375,0.265625,md_cpsr_dqn,lambda_3__rho_0p05
302,1302014,burst,1.0,329.89359363913536,269.9260621368885,59.96753303706646,0.0,29.0,0.0,0.0,0.359375,0.265625,0.375,md_cpsr_dqn,lambda_3__rho_0p05
302,1302015,burst,1.0,383.1684641838074,293.51650458574295,89.6519596427679,1.0,37.0,0.0,0.0,0.46875,0.203125,0.328125,md_cpsr_dqn,lambda_3__rho_0p05
302,1302016,burst,1.0,331.8729024529457,246.84349870681763,85.02940320968628,0.0,34.0,0.0,0.0,0.578125,0.1875,0.234375,md_cpsr_dqn,lambda_3__rho_0p05
302,1302017,burst,1.0,278.3441883921623,207.02746725082397,71.31672066450119,0.0,30.0,0.0,0.0,0.4375,0.234375,0.328125,md_cpsr_dqn,lambda_3__rho_0p05
302,1302018,burst,1.0,333.2062947154045,256.35010063648224,76.85619492828846,4.0,32.0,0.0,0.0,0.421875,0.234375,0.34375,md_cpsr_dqn,lambda_3__rho_0p05
302,1302019,burst,1.0,264.21965916752816,192.76958921551704,71.45007086098194,5.0,28.0,0.0,2.0,0.484375,0.21875,0.296875,md_cpsr_dqn,lambda_3__rho_0p05
302,1302000,link_limited,1.0,446.09253629117336,286.86686980724335,159.2256664839301,0.0,41.0,41.0,0.0,0.640625,0.15625,0.203125,md_cpsr_dqn,lambda_3__rho_0p05
302,1302001,link_limited,1.0,398.2016741335392,324.0436953008175,74.15797910094261,0.0,33.0,0.0,1.0,0.578125,0.09375,0.328125,md_cpsr_dqn,lambda_3__rho_0p05
302,1302002,link_limited,1.0,365.2819892168045,279.48372942209244,85.79826125502586,0.0,36.0,0.0,0.0,0.640625,0.0625,0.296875,md_cpsr_dqn,lambda_3__rho_0p05
302,1302003,link_limited,1.0,398.98536323824254,305.3170862495899,93.66827461936795,1.0,33.0,16.0,0.0,0.75,0.03125,0.21875,md_cpsr_dqn,lambda_3__rho_0p05
302,1302004,link_limited,1.0,405.152210354805,320.04487657546997,85.10733297467232,0.0,36.0,0.0,1.0,0.6875,0.09375,0.21875,md_cpsr_dqn,lambda_3__rho_0p05
302,1302005,link_limited,1.0,413.3661167878648,307.62493830919266,105.74117904491632,0.0,32.0,20.0,0.0,0.640625,0.203125,0.15625,md_cpsr_dqn,lambda_3__rho_0p05
302,1302006,link_limited,1.0,515.0184428911966,332.2195534706116,182.79888901825376,0.0,40.0,33.0,1.0,0.609375,0.125,0.265625,md_cpsr_dqn,lambda_3__rho_0p05
302,1302007,link_limited,1.0,341.6926008892059,257.58337715268135,84.10922309577465,0.0,36.0,3.0,1.0,0.671875,0.125,0.203125,md_cpsr_dqn,lambda_3__rho_0p05
302,1302008,link_limited,1.0,348.1824113726616,269.95101684331894,78.23139584064484,0.0,33.0,0.0,0.0,0.59375,0.125,0.28125,md_cpsr_dqn,lambda_3__rho_0p05
302,1302009,link_limited,1.0,434.2682549596726,311.1267766356468,123.14147883066516,0.0,38.0,29.0,1.0,0.671875,0.0625,0.265625,md_cpsr_dqn,lambda_3__rho_0p05
302,1302010,link_limited,1.0,360.5054836894336,252.4182244837284,108.0872602785888,0.0,36.0,16.0,0.0,0.671875,0.125,0.203125,md_cpsr_dqn,lambda_3__rho_0p05
302,1302011,link_limited,1.0,431.72721036868114,334.56041222810745,97.1667976786377,1.0,37.0,16.0,2.0,0.59375,0.09375,0.3125,md_cpsr_dqn,lambda_3__rho_0p05
302,1302012,link_limited,1.0,470.4216881722212,387.26611518859863,83.15557381808757,1.0,35.0,0.0,2.0,0.578125,0.078125,0.34375,md_cpsr_dqn,lambda_3__rho_0p05
302,1302013,link_limited,1.0,391.83157251353015,304.73359593749046,87.09797669524889,0.0,36.0,4.0,0.0,0.546875,0.203125,0.25,md_cpsr_dqn,lambda_3__rho_0p05
302,1302014,link_limited,1.0,400.236024916172,331.53360545635223,68.70241802930832,0.0,30.0,0.0,0.0,0.65625,0.171875,0.171875,md_cpsr_dqn,lambda_3__rho_0p05
302,1302015,link_limited,1.0,481.14934823999874,353.25344997644424,127.89589769731037,0.0,38.0,23.0,0.0,0.671875,0.0625,0.265625,md_cpsr_dqn,lambda_3__rho_0p05
302,1302016,link_limited,1.0,390.5234578847885,304.0605121254921,86.46294559538364,0.0,36.0,0.0,0.0,0.78125,0.0625,0.15625,md_cpsr_dqn,lambda_3__rho_0p05
302,1302017,link_limited,1.0,325.9771808385849,241.1115356683731,84.86564217507839,0.0,36.0,0.0,0.0,0.59375,0.109375,0.296875,md_cpsr_dqn,lambda_3__rho_0p05
302,1302018,link_limited,1.0,435.63889342546463,350.52460539340973,85.11428958177567,0.0,35.0,0.0,0.0,0.625,0.0625,0.3125,md_cpsr_dqn,lambda_3__rho_0p05
302,1302019,link_limited,1.0,301.20322494506837,232.44651731848717,68.75670779049396,1.0,29.0,0.0,2.0,0.609375,0.125,0.265625,md_cpsr_dqn,lambda_3__rho_0p05
302,1302000,energy_limited,1.0,348.4163911342621,229.4991182088852,118.91727516055107,0.0,47.0,0.0,0.0,0.5,0.25,0.25,md_cpsr_dqn,lambda_3__rho_0p05
302,1302001,energy_limited,1.0,353.6460714638233,251.81652942299843,101.82954093813896,0.0,42.0,0.0,1.0,0.453125,0.15625,0.390625,md_cpsr_dqn,lambda_3__rho_0p05
302,1302002,energy_limited,1.0,338.46929401159286,229.1798157095909,109.2894783616066,0.0,45.0,0.0,0.0,0.484375,0.15625,0.359375,md_cpsr_dqn,lambda_3__rho_0p05
302,1302003,energy_limited,1.0,362.8500015735626,252.3969289958477,110.45307311415672,0.0,45.0,0.0,0.0,0.53125,0.15625,0.3125,md_cpsr_dqn,lambda_3__rho_0p05
302,1302004,energy_limited,1.0,390.0521368384361,278.6821367740631,111.37000268697739,0.0,46.0,0.0,1.0,0.546875,0.1875,0.265625,md_cpsr_dqn,lambda_3__rho_0p05
302,1302005,energy_limited,1.0,348.29686081409454,241.09130138158798,107.20555794239044,0.0,44.0,0.0,0.0,0.453125,0.25,0.296875,md_cpsr_dqn,lambda_3__rho_0p05
302,1302006,energy_limited,1.0,350.21519631147385,238.33155554533005,111.88364155590534,0.0,46.0,0.0,1.0,0.4375,0.234375,0.328125,md_cpsr_dqn,lambda_3__rho_0p05
302,1302007,energy_limited,1.0,318.26558244228363,218.80071276426315,99.46486921608448,0.0,41.0,0.0,1.0,0.453125,0.234375,0.3125,md_cpsr_dqn,lambda_3__rho_0p05
302,1302008,energy_limited,1.0,320.94728088378906,219.0702528655529,101.87702798843384,0.0,44.0,0.0,1.0,0.484375,0.1875,0.328125,md_cpsr_dqn,lambda_3__rho_0p05
302,1302009,energy_limited,1.0,366.23043555021286,250.22457909584045,116.00585865974426,3.0,45.0,0.0,1.0,0.421875,0.171875,0.40625,md_cpsr_dqn,lambda_3__rho_0p05
302,1302010,energy_limited,1.0,306.79540264606476,201.92171749472618,104.87368595600128,0.0,43.0,0.0,0.0,0.4375,0.21875,0.34375,md_cpsr_dqn,lambda_3__rho_0p05
302,1302011,energy_limited,1.0,369.22581416368484,261.71671265363693,107.5091028213501,0.0,43.0,0.0,2.0,0.484375,0.140625,0.375,md_cpsr_dqn,lambda_3__rho_0p05
302,1302012,energy_limited,1.0,385.266005012393,277.7883515357971,107.4776548475027,1.0,44.0,0.0,2.0,0.421875,0.125,0.453125,md_cpsr_dqn,lambda_3__rho_0p05
302,1302013,energy_limited,1.0,327.58393132686615,221.48411870002747,106.09981340169907,0.0,45.0,0.0,0.0,0.359375,0.328125,0.3125,md_cpsr_dqn,lambda_3__rho_0p05
302,1302014,energy_limited,1.0,366.99183744192123,263.18290677666664,103.80893155932426,0.0,42.0,0.0,0.0,0.34375,0.25,0.40625,md_cpsr_dqn,lambda_3__rho_0p05
302,1302015,energy_limited,1.0,395.36280930042267,277.2176522016525,118.14515912532806,0.0,48.0,0.0,0.0,0.5,0.15625,0.34375,md_cpsr_dqn,lambda_3__rho_0p05
302,1302016,energy_limited,1.0,352.059985101223,237.0147006213665,115.04528473317623,0.0,46.0,0.0,0.0,0.578125,0.171875,0.25,md_cpsr_dqn,lambda_3__rho_0p05
302,1302017,energy_limited,1.0,302.3177093267441,204.34444904327393,97.97326037287712,0.0,40.0,0.0,0.0,0.453125,0.203125,0.34375,md_cpsr_dqn,lambda_3__rho_0p05
302,1302018,energy_limited,1.0,352.49591253101823,250.28491961956024,102.21099502742291,0.0,42.0,0.0,1.0,0.421875,0.21875,0.359375,md_cpsr_dqn,lambda_3__rho_0p05
302,1302019,energy_limited,1.0,281.926335144043,186.92823800444603,94.99809730350971,0.0,42.0,0.0,2.0,0.484375,0.21875,0.296875,md_cpsr_dqn,lambda_3__rho_0p05
302,1302000,thermal_stress,1.0,335.35219222307205,256.395487010479,78.95670449733734,0.0,36.0,0.0,0.0,0.515625,0.265625,0.21875,md_cpsr_dqn,lambda_3__rho_0p05
302,1302001,thermal_stress,1.0,336.28495368361473,262.9065207540989,73.37843358516693,2.0,33.0,0.0,1.0,0.46875,0.15625,0.375,md_cpsr_dqn,lambda_3__rho_0p05
302,1302002,thermal_stress,1.0,315.6640003323555,241.04756385087967,74.61643673479557,0.0,32.0,0.0,0.0,0.46875,0.171875,0.359375,md_cpsr_dqn,lambda_3__rho_0p05
302,1302003,thermal_stress,1.0,354.7027940885156,271.77907398343086,82.92372025409625,1.0,32.0,5.0,0.0,0.5,0.1875,0.3125,md_cpsr_dqn,lambda_3__rho_0p05
302,1302004,thermal_stress,1.0,373.90192091464996,288.65885412693024,85.24306780099869,3.0,34.0,0.0,1.0,0.53125,0.1875,0.28125,md_cpsr_dqn,lambda_3__rho_0p05
302,1302005,thermal_stress,1.0,330.87262742798134,250.44780492782593,80.42482410948078,0.0,32.0,6.0,0.0,0.421875,0.265625,0.3125,md_cpsr_dqn,lambda_3__rho_0p05
302,1302006,thermal_stress,1.0,320.8334444761276,241.8535943031311,78.97985130548477,0.0,33.0,0.0,1.0,0.453125,0.234375,0.3125,md_cpsr_dqn,lambda_3__rho_0p05
302,1302007,thermal_stress,1.0,296.80659222602844,226.2506331205368,70.55595937371254,0.0,29.0,0.0,1.0,0.453125,0.234375,0.3125,md_cpsr_dqn,lambda_3__rho_0p05
302,1302008,thermal_stress,1.0,296.946720123291,232.4271375834942,64.51958253979683,2.0,29.0,0.0,1.0,0.484375,0.171875,0.34375,md_cpsr_dqn,lambda_3__rho_0p05
302,1302009,thermal_stress,1.0,380.32083636522293,268.59186512231827,111.72896985709667,13.0,36.0,0.0,1.0,0.421875,0.1875,0.390625,md_cpsr_dqn,lambda_3__rho_0p05
302,1302010,thermal_stress,1.0,288.4906759262085,204.22088652849197,84.26979023218155,0.0,34.0,0.0,0.0,0.4375,0.25,0.3125,md_cpsr_dqn,lambda_3__rho_0p05
302,1302011,thermal_stress,1.0,365.0001012474298,280.3013005256653,84.69880188405514,0.0,35.0,0.0,2.0,0.453125,0.171875,0.375,md_cpsr_dqn,lambda_3__rho_0p05
302,1302012,thermal_stress,1.0,385.64822289645673,292.74635726213455,92.90186646878719,11.0,33.0,0.0,2.0,0.390625,0.140625,0.46875,md_cpsr_dqn,lambda_3__rho_0p05
302,1302013,thermal_stress,1.0,303.13454753160477,230.32511293888092,72.8094353377819,0.0,32.0,0.0,0.0,0.375,0.359375,0.265625,md_cpsr_dqn,lambda_3__rho_0p05
302,1302014,thermal_stress,1.0,330.3042077124119,270.3366744816303,59.96753303706646,0.0,29.0,0.0,0.0,0.359375,0.265625,0.375,md_cpsr_dqn,lambda_3__rho_0p05
302,1302015,thermal_stress,1.0,383.5633419752121,293.90562546253204,89.65771602094173,1.0,37.0,0.0,0.0,0.46875,0.203125,0.328125,md_cpsr_dqn,lambda_3__rho_0p05
302,1302016,thermal_stress,1.0,332.2902195453644,247.26081842184067,85.02940320968628,0.0,34.0,0.0,0.0,0.578125,0.1875,0.234375,md_cpsr_dqn,lambda_3__rho_0p05
302,1302017,thermal_stress,1.0,278.98551857471466,205.98068070411682,73.00483678281307,0.0,31.0,0.0,0.0,0.453125,0.21875,0.328125,md_cpsr_dqn,lambda_3__rho_0p05
302,1302018,thermal_stress,1.0,333.6199651360512,256.7102374434471,76.90972752869129,4.0,32.0,0.0,0.0,0.421875,0.234375,0.34375,md_cpsr_dqn,lambda_3__rho_0p05
302,1302019,thermal_stress,1.0,264.6771038353443,193.05079731345177,71.62630701363086,5.0,28.0,0.0,2.0,0.484375,0.21875,0.296875,md_cpsr_dqn,lambda_3__rho_0p05
302,1302000,nominal,1.0,308.6253699660301,233.40719890594482,75.21817126870155,0.0,34.0,0.0,0.0,0.53125,0.28125,0.1875,md_cpsr_dqn,lambda_3__rho_0p08
302,1302001,nominal,1.0,316.72001776099205,256.9118801653385,59.808138102293015,0.0,26.0,0.0,1.0,0.46875,0.1875,0.34375,md_cpsr_dqn,lambda_3__rho_0p08
302,1302002,nominal,1.0,297.52244806289673,223.08369374275208,74.43875509500504,0.0,32.0,0.0,0.0,0.484375,0.203125,0.3125,md_cpsr_dqn,lambda_3__rho_0p08
302,1302003,nominal,1.0,324.33842101195734,243.91275721788406,80.42566509047437,0.0,32.0,7.0,0.0,0.5625,0.1875,0.25,md_cpsr_dqn,lambda_3__rho_0p08
302,1302004,nominal,1.0,343.71024465560913,272.97557854652405,70.73466667532921,0.0,32.0,0.0,1.0,0.578125,0.1875,0.234375,md_cpsr_dqn,lambda_3__rho_0p08
302,1302005,nominal,1.0,306.7412561191203,229.03756374120712,77.70369199048305,0.0,31.0,5.0,0.0,0.5,0.28125,0.21875,md_cpsr_dqn,lambda_3__rho_0p08
302,1302006,nominal,1.0,307.4211745262146,234.83532124757767,72.58585295081139,0.0,31.0,0.0,1.0,0.46875,0.234375,0.296875,md_cpsr_dqn,lambda_3__rho_0p08
302,1302007,nominal,1.0,274.3194078207016,208.7300887107849,65.58931936323643,0.0,28.0,0.0,1.0,0.515625,0.234375,0.25,md_cpsr_dqn,lambda_3__rho_0p08
302,1302008,nominal,1.0,273.47361808419225,210.27765187621117,63.195966297388075,0.0,29.0,0.0,2.0,0.5,0.203125,0.296875,md_cpsr_dqn,lambda_3__rho_0p08
302,1302009,nominal,1.0,311.93978273437597,224.50222581624985,87.43755799100973,1.0,36.0,2.0,1.0,0.46875,0.234375,0.296875,md_cpsr_dqn,lambda_3__rho_0p08
302,1302010,nominal,1.0,260.319783449173,178.81270277500153,81.50708165764809,0.0,34.0,0.0,1.0,0.484375,0.28125,0.234375,md_cpsr_dqn,lambda_3__rho_0p08
302,1302011,nominal,1.0,338.3753924757242,259.62987834215164,78.74551291167737,0.0,33.0,0.0,2.0,0.46875,0.171875,0.359375,md_cpsr_dqn,lambda_3__rho_0p08
302,1302012,nominal,1.0,345.0967442125082,268.1972450017929,76.89949992597103,1.0,32.0,0.0,2.0,0.453125,0.140625,0.40625,md_cpsr_dqn,lambda_3__rho_0p08
302,1302013,nominal,1.0,283.32566076517105,220.67937394976616,62.64628687500954,0.0,28.0,0.0,0.0,0.40625,0.375,0.21875,md_cpsr_dqn,lambda_3__rho_0p08
302,1302014,nominal,1.0,318.5579217374325,260.1039533317089,58.45396959781647,0.0,29.0,0.0,0.0,0.375,0.25,0.375,md_cpsr_dqn,lambda_3__rho_0p08
302,1302015,nominal,1.0,356.28087133169174,270.01966339349747,86.26120908558369,0.0,36.0,0.0,0.0,0.484375,0.21875,0.296875,md_cpsr_dqn,lambda_3__rho_0p08
302,1302016,nominal,1.0,320.7686054110527,239.56469410657883,81.20391157269478,0.0,33.0,0.0,0.0,0.59375,0.203125,0.203125,md_cpsr_dqn,lambda_3__rho_0p08
302,1302017,nominal,1.0,256.84864938259125,191.6723654270172,65.17628256976604,0.0,28.0,0.0,0.0,0.484375,0.234375,0.28125,md_cpsr_dqn,lambda_3__rho_0p08
302,1302018,nominal,1.0,316.11344949305055,255.12347447872162,60.98997745811939,0.0,28.0,0.0,1.0,0.4375,0.25,0.3125,md_cpsr_dqn,lambda_3__rho_0p08
302,1302019,nominal,1.0,242.5474225461483,185.32225421071053,57.22516809701919,0.0,26.0,0.0,2.0,0.515625,0.21875,0.265625,md_cpsr_dqn,lambda_3__rho_0p08
302,1302000,burst,1.0,331.36643451452255,253.55731427669525,77.80912014842033,0.0,35.0,0.0,0.0,0.515625,0.296875,0.1875,md_cpsr_dqn,lambda_3__rho_0p08
302,1302001,burst,1.0,337.1443772614002,262.9274737536907,74.21690559387207,3.0,33.0,0.0,1.0,0.453125,0.203125,0.34375,md_cpsr_dqn,lambda_3__rho_0p08
302,1302002,burst,1.0,313.8395214676857,242.4187080860138,71.42081382870674,0.0,31.0,0.0,0.0,0.453125,0.234375,0.3125,md_cpsr_dqn,lambda_3__rho_0p08
302,1302003,burst,1.0,363.5779177975943,261.5642742216587,102.01364321830773,1.0,33.0,20.0,0.0,0.515625,0.21875,0.265625,md_cpsr_dqn,lambda_3__rho_0p08
302,1302004,burst,1.0,373.1469801068306,291.0154839158058,82.13149744272232,2.0,34.0,0.0,1.0,0.546875,0.203125,0.25,md_cpsr_dqn,lambda_3__rho_0p08
302,1302005,burst,1.0,328.1414664037357,241.30652886629105,86.83493771625865,0.0,32.0,7.0,0.0,0.453125,0.296875,0.25,md_cpsr_dqn,lambda_3__rho_0p08
302,1302006,burst,1.0,320.3736625313759,241.39381277561188,78.97985130548477,0.0,33.0,0.0,1.0,0.46875,0.234375,0.296875,md_cpsr_dqn,lambda_3__rho_0p08
302,1302007,burst,1.0,289.20818424224854,218.64758509397507,70.56059911847115,0.0,29.0,0.0,1.0,0.515625,0.25,0.234375,md_cpsr_dqn,lambda_3__rho_0p08
302,1302008,burst,1.0,286.4841891467571,221.92659518122673,64.55759497880936,1.0,29.0,0.0,2.0,0.484375,0.21875,0.296875,md_cpsr_dqn,lambda_3__rho_0p08
302,1302009,burst,1.0,355.8341644104761,242.51990807056427,113.31425580347006,9.0,36.0,10.0,1.0,0.4375,0.265625,0.296875,md_cpsr_dqn,lambda_3__rho_0p08
302,1302010,burst,1.0,283.1785919091662,184.69188475608826,98.4867075405081,0.0,35.0,17.0,1.0,0.46875,0.28125,0.25,md_cpsr_dqn,lambda_3__rho_0p08
302,1302011,burst,1.0,363.06027928888795,278.3614782691002,84.69880188405514,0.0,35.0,0.0,2.0,0.4375,0.203125,0.359375,md_cpsr_dqn,lambda_3__rho_0p08
302,1302012,burst,1.0,382.6448083847761,289.4814183115959,93.16339245736599,10.0,33.0,0.0,2.0,0.40625,0.15625,0.4375,md_cpsr_dqn,lambda_3__rho_0p08
302,1302013,burst,1.0,293.8287919461727,224.75963559746742,69.06915619969368,0.0,31.0,0.0,0.0,0.40625,0.375,0.21875,md_cpsr_dqn,lambda_3__rho_0p08
302,1302014,burst,1.0,328.42331048846245,265.5878346860409,62.83547876775265,0.0,30.0,0.0,0.0,0.34375,0.28125,0.375,md_cpsr_dqn,lambda_3__rho_0p08
302,1302015,burst,1.0,379.4937148599027,287.83481961488724,91.65889441055033,0.0,36.0,12.0,0.0,0.4375,0.265625,0.296875,md_cpsr_dqn,lambda_3__rho_0p08
302,1302016,burst,1.0,332.86914563179016,246.65249040722847,86.21665693819523,0.0,35.0,0.0,0.0,0.578125,0.21875,0.203125,md_cpsr_dqn,lambda_3__rho_0p08
302,1302017,burst,1.0,268.7734135389328,202.52811574935913,66.24529644846916,0.0,29.0,0.0,0.0,0.46875,0.265625,0.265625,md_cpsr_dqn,lambda_3__rho_0p08
302,1302018,burst,1.0,332.59011248648164,259.20080548524857,73.389308193326,3.0,31.0,0.0,1.0,0.4375,0.25,0.3125,md_cpsr_dqn,lambda_3__rho_0p08
302,1302019,burst,1.0,263.0816043198109,191.6315349638462,71.45007086098194,5.0,28.0,0.0,2.0,0.5,0.21875,0.28125,md_cpsr_dqn,lambda_3__rho_0p08
302,1302000,link_limited,1.0,445.44525446538023,295.3702819943428,150.07497247103748,0.0,40.0,40.0,0.0,0.640625,0.1875,0.171875,md_cpsr_dqn,lambda_3__rho_0p08
302,1302001,link_limited,1.0,399.6659633219242,325.1957348883152,74.47022733092308,0.0,33.0,0.0,1.0,0.609375,0.109375,0.28125,md_cpsr_dqn,lambda_3__rho_0p08
302,1302002,link_limited,1.0,360.54313266277313,274.8326361775398,85.7104956805706,0.0,36.0,0.0,0.0,0.65625,0.09375,0.25,md_cpsr_dqn,lambda_3__rho_0p08
302,1302003,link_limited,1.0,401.03852194002,297.02586925029755,104.01265288343751,1.0,33.0,19.0,0.0,0.765625,0.046875,0.1875,md_cpsr_dqn,lambda_3__rho_0p08
302,1302004,link_limited,1.0,441.4452347683673,331.44540417194366,109.99983038780744,0.0,39.0,20.0,1.0,0.6875,0.125,0.1875,md_cpsr_dqn,lambda_3__rho_0p08
302,1302005,link_limited,1.0,435.38767140699144,312.46806913614273,122.91960259867429,0.0,32.0,23.0,0.0,0.625,0.234375,0.140625,md_cpsr_dqn,lambda_3__rho_0p08
302,1302006,link_limited,1.0,507.89260911809237,322.59704545140266,185.29556377099794,0.0,40.0,35.0,1.0,0.609375,0.171875,0.21875,md_cpsr_dqn,lambda_3__rho_0p08
302,1302007,link_limited,1.0,351.082862765193,258.156969755888,92.92589302420615,0.0,36.0,8.0,1.0,0.703125,0.140625,0.15625,md_cpsr_dqn,lambda_3__rho_0p08
302,1302008,link_limited,1.0,343.13661789894104,264.7721081972122,78.36451143026352,0.0,33.0,0.0,0.0,0.609375,0.140625,0.25,md_cpsr_dqn,lambda_3__rho_0p08
302,1302009,link_limited,1.0,426.97782446937146,301.4712291955948,125.50659578041609,0.0,38.0,29.0,1.0,0.6875,0.078125,0.234375,md_cpsr_dqn,lambda_3__rho_0p08
302,1302010,link_limited,1.0,357.0982497467014,238.04403141140938,119.0542184545013,0.0,36.0,17.0,0.0,0.6875,0.15625,0.15625,md_cpsr_dqn,lambda_3__rho_0p08
302,1302011,link_limited,1.0,441.3921115221299,337.93459099531174,103.45751818733582,1.0,37.0,19.0,2.0,0.640625,0.09375,0.265625,md_cpsr_dqn,lambda_3__rho_0p08
302,1302012,link_limited,1.0,463.16033709803185,374.9035305380821,88.25680477181035,1.0,35.0,10.0,0.0,0.609375,0.125,0.265625,md_cpsr_dqn,lambda_3__rho_0p08
302,1302013,link_limited,1.0,385.8720213146177,298.4098239839077,87.46219744991922,0.0,36.0,4.0,0.0,0.546875,0.21875,0.234375,md_cpsr_dqn,lambda_3__rho_0p08
302,1302014,link_limited,1.0,393.1797879934311,327.7567158937454,65.42307072877884,0.0,30.0,0.0,0.0,0.703125,0.171875,0.125,md_cpsr_dqn,lambda_3__rho_0p08
302,1302015,link_limited,1.0,476.6995278088414,349.3235874772072,127.37594024222717,0.0,38.0,23.0,0.0,0.6875,0.078125,0.234375,md_cpsr_dqn,lambda_3__rho_0p08
302,1302016,link_limited,1.0,386.2353726451624,299.3665647506714,86.86880631496791,0.0,36.0,2.0,0.0,0.78125,0.09375,0.125,md_cpsr_dqn,lambda_3__rho_0p08
302,1302017,link_limited,1.0,328.8082786798477,242.6565484404564,86.15173050761223,0.0,36.0,0.0,0.0,0.609375,0.125,0.265625,md_cpsr_dqn,lambda_3__rho_0p08
302,1302018,link_limited,1.0,439.8506200215983,344.9436587691307,94.90696020938633,0.0,36.0,8.0,0.0,0.671875,0.125,0.203125,md_cpsr_dqn,lambda_3__rho_0p08
302,1302019,link_limited,1.0,299.99186264276506,231.0196336209774,68.97222858965397,3.0,29.0,0.0,2.0,0.640625,0.140625,0.21875,md_cpsr_dqn,lambda_3__rho_0p08
302,1302000,energy_limited,1.0,347.92612993717194,233.96486222743988,113.96126779913902,0.0,46.0,0.0,0.0,0.53125,0.28125,0.1875,md_cpsr_dqn,lambda_3__rho_0p08
302,1302001,energy_limited,1.0,359.5172701179981,257.6877286732197,101.82954093813896,0.0,42.0,0.0,1.0,0.453125,0.1875,0.359375,md_cpsr_dqn,lambda_3__rho_0p08
302,1302002,energy_limited,1.0,333.29549610614777,223.73178404569626,109.56371450424194,0.0,45.0,0.0,0.0,0.484375,0.203125,0.3125,md_cpsr_dqn,lambda_3__rho_0p08
302,1302003,energy_limited,1.0,350.30168609976766,245.89057603478432,104.41110914111138,0.0,44.0,2.0,0.0,0.546875,0.203125,0.25,md_cpsr_dqn,lambda_3__rho_0p08
302,1302004,energy_limited,1.0,387.5307783484459,276.4854452610016,111.04533380270004,0.0,46.0,0.0,1.0,0.5625,0.203125,0.234375,md_cpsr_dqn,lambda_3__rho_0p08
302,1302005,energy_limited,1.0,342.85749813329005,233.09204083681107,109.76545854817654,0.0,44.0,5.0,0.0,0.46875,0.28125,0.25,md_cpsr_dqn,lambda_3__rho_0p08
302,1302006,energy_limited,1.0,347.1170373558998,235.32899993658066,111.78803952038288,0.0,46.0,0.0,1.0,0.46875,0.234375,0.296875,md_cpsr_dqn,lambda_3__rho_0p08
302,1302007,energy_limited,1.0,309.478716135025,209.32255309820175,100.15616323053837,0.0,41.0,0.0,1.0,0.515625,0.234375,0.25,md_cpsr_dqn,lambda_3__rho_0p08
302,1302008,energy_limited,1.0,314.7616898357868,211.55705752968788,103.20463388562203,0.0,44.0,0.0,2.0,0.484375,0.21875,0.296875,md_cpsr_dqn,lambda_3__rho_0p08
302,1302009,energy_limited,1.0,346.5438712196169,228.71015602350235,117.83371662662603,1.0,46.0,2.0,1.0,0.40625,0.265625,0.328125,md_cpsr_dqn,lambda_3__rho_0p08
302,1302010,energy_limited,1.0,288.90749073028564,185.18041652441025,103.72707603871822,0.0,43.0,0.0,1.0,0.46875,0.28125,0.25,md_cpsr_dqn,lambda_3__rho_0p08
302,1302011,energy_limited,1.0,367.6098046898842,260.1007025837898,107.5091028213501,0.0,43.0,0.0,2.0,0.46875,0.171875,0.359375,md_cpsr_dqn,lambda_3__rho_0p08
302,1302012,energy_limited,1.0,379.545879098773,268.7366044521332,110.8092758089304,1.0,44.0,0.0,2.0,0.453125,0.140625,0.40625,md_cpsr_dqn,lambda_3__rho_0p08
302,1302013,energy_limited,1.0,319.64331102371216,221.4938332438469,98.14947912096977,0.0,40.0,0.0,0.0,0.40625,0.359375,0.234375,md_cpsr_dqn,lambda_3__rho_0p08
302,1302014,energy_limited,1.0,363.7687038183212,259.86533865332603,103.90336680412292,0.0,42.0,0.0,0.0,0.375,0.25,0.375,md_cpsr_dqn,lambda_3__rho_0p08
302,1302015,energy_limited,1.0,385.66646230220795,268.2150384783745,117.45142328739166,0.0,48.0,0.0,0.0,0.46875,0.234375,0.296875,md_cpsr_dqn,lambda_3__rho_0p08
302,1302016,energy_limited,1.0,355.0371288061142,240.15050041675568,114.88662903010845,0.0,46.0,0.0,0.0,0.59375,0.203125,0.203125,md_cpsr_dqn,lambda_3__rho_0p08
302,1302017,energy_limited,1.0,289.1077506542206,191.59675520658493,97.5109955072403,0.0,40.0,0.0,0.0,0.46875,0.234375,0.296875,md_cpsr_dqn,lambda_3__rho_0p08
302,1302018,energy_limited,1.0,361.7832746893167,263.19656586647034,98.58670989573002,0.0,40.0,0.0,1.0,0.40625,0.265625,0.328125,md_cpsr_dqn,lambda_3__rho_0p08
302,1302019,energy_limited,1.0,280.7615912437439,185.7634942829609,94.99809730350971,0.0,42.0,0.0,2.0,0.5,0.21875,0.28125,md_cpsr_dqn,lambda_3__rho_0p08
302,1302000,thermal_stress,1.0,331.67432272434235,253.86520236730576,77.80912014842033,0.0,35.0,0.0,0.0,0.515625,0.296875,0.1875,md_cpsr_dqn,lambda_3__rho_0p08
302,1302001,thermal_stress,1.0,337.5539325773716,263.16988810896873,74.38404655456543,3.0,33.0,0.0,1.0,0.453125,0.203125,0.34375,md_cpsr_dqn,lambda_3__rho_0p08
302,1302002,thermal_stress,1.0,314.17665046453476,242.75583720207214,71.42081382870674,0.0,31.0,0.0,0.0,0.453125,0.234375,0.3125,md_cpsr_dqn,lambda_3__rho_0p08
302,1302003,thermal_stress,1.0,363.90470383885406,261.87683364748955,102.0278710854342,1.0,33.0,20.0,0.0,0.515625,0.21875,0.265625,md_cpsr_dqn,lambda_3__rho_0p08
302,1302004,thermal_stress,1.0,373.59179627895355,291.43323147296906,82.15856629610062,2.0,34.0,0.0,1.0,0.546875,0.203125,0.25,md_cpsr_dqn,lambda_3__rho_0p08
302,1302005,thermal_stress,1.0,328.43111857248647,241.59618091583252,86.83493771625865,0.0,32.0,7.0,0.0,0.453125,0.296875,0.25,md_cpsr_dqn,lambda_3__rho_0p08
302,1302006,thermal_stress,1.0,320.68024599552155,241.70039528608322,78.97985130548477,0.0,33.0,0.0,1.0,0.46875,0.234375,0.296875,md_cpsr_dqn,lambda_3__rho_0p08
302,1302007,thermal_stress,1.0,289.4966784119606,218.93608140945435,70.56059911847115,0.0,29.0,0.0,1.0,0.515625,0.25,0.234375,md_cpsr_dqn,lambda_3__rho_0p08
302,1302008,thermal_stress,1.0,286.88842939734457,222.31429174542427,64.57413884401322,1.0,29.0,0.0,2.0,0.484375,0.21875,0.296875,md_cpsr_dqn,lambda_3__rho_0p08
302,1302009,thermal_stress,1.0,356.3189185556215,242.9022946357727,113.41662463510458,10.0,36.0,10.0,1.0,0.4375,0.265625,0.296875,md_cpsr_dqn,lambda_3__rho_0p08
302,1302010,thermal_stress,1.0,283.45116156553826,184.9644554257393,98.4867075405081,0.0,35.0,17.0,1.0,0.46875,0.28125,0.25,md_cpsr_dqn,lambda_3__rho_0p08
302,1302011,thermal_stress,1.0,363.36574951708315,278.6669480204582,84.69880188405514,0.0,35.0,0.0,2.0,0.4375,0.203125,0.359375,md_cpsr_dqn,lambda_3__rho_0p08
302,1302012,thermal_stress,1.0,383.26045224368573,289.78904527425766,93.47140899598598,10.0,33.0,0.0,2.0,0.40625,0.15625,0.4375,md_cpsr_dqn,lambda_3__rho_0p08
302,1302013,thermal_stress,1.0,294.08684000372887,225.01768490672112,69.06915619969368,0.0,31.0,0.0,0.0,0.40625,0.375,0.21875,md_cpsr_dqn,lambda_3__rho_0p08
302,1302014,thermal_stress,1.0,328.8331656754017,265.99768897891045,62.83547876775265,0.0,30.0,0.0,0.0,0.34375,0.28125,0.375,md_cpsr_dqn,lambda_3__rho_0p08
302,1302015,thermal_stress,1.0,379.8794076947568,288.22051453590393,91.65889441055033,0.0,36.0,12.0,0.0,0.4375,0.265625,0.296875,md_cpsr_dqn,lambda_3__rho_0p08
302,1302016,thermal_stress,1.0,333.28682404756546,247.0701680779457,86.21665693819523,0.0,35.0,0.0,0.0,0.578125,0.21875,0.203125,md_cpsr_dqn,lambda_3__rho_0p08
302,1302017,thermal_stress,1.0,269.1337247490883,202.88842755556107,66.24529644846916,0.0,29.0,0.0,0.0,0.46875,0.265625,0.265625,md_cpsr_dqn,lambda_3__rho_0p08
302,1302018,thermal_stress,1.0,333.01396779119966,259.587667286396,73.42630050480366,3.0,31.0,0.0,1.0,0.4375,0.25,0.3125,md_cpsr_dqn,lambda_3__rho_0p08
302,1302019,thermal_stress,1.0,263.53907402157785,191.91276744008064,71.62630701363086,5.0,28.0,0.0,2.0,0.5,0.21875,0.28125,md_cpsr_dqn,lambda_3__rho_0p08
303,1303000,nominal,1.0,336.3826797604561,259.33222126960754,77.05045983195305,5.0,33.0,0.0,1.0,0.484375,0.125,0.390625,standard_dqn,standard
303,1303001,nominal,1.0,309.1056536734104,247.70234379172325,61.40330941975117,0.0,29.0,0.0,0.0,0.53125,0.171875,0.296875,standard_dqn,standard
303,1303002,nominal,1.0,309.76053166389465,233.46120357513428,76.29932767152786,0.0,31.0,0.0,0.0,0.59375,0.125,0.28125,standard_dqn,standard
303,1303003,nominal,1.0,346.01824271678925,267.0368221402168,78.98142221570015,0.0,33.0,0.0,0.0,0.609375,0.171875,0.21875,standard_dqn,standard
303,1303004,nominal,1.0,331.6044771671295,242.9661968946457,88.63827979564667,0.0,36.0,0.0,0.0,0.515625,0.21875,0.265625,standard_dqn,standard
303,1303005,nominal,1.0,285.6625854372978,217.67735254764557,67.98523318767548,0.0,29.0,0.0,0.0,0.453125,0.21875,0.328125,standard_dqn,standard
303,1303006,nominal,1.0,337.4432469904423,265.92165979743004,71.52158814668655,0.0,31.0,0.0,2.0,0.515625,0.296875,0.1875,standard_dqn,standard
303,1303007,nominal,1.0,274.5845710039139,215.0595492720604,59.52502267062664,0.0,27.0,0.0,0.0,0.578125,0.21875,0.203125,standard_dqn,standard
303,1303008,nominal,1.0,347.2720659375191,266.43166422843933,80.84040246903896,0.0,34.0,0.0,0.0,0.546875,0.25,0.203125,standard_dqn,standard
303,1303009,nominal,1.0,309.60335236787796,242.77954703569412,66.82380473613739,0.0,28.0,0.0,0.0,0.578125,0.1875,0.234375,standard_dqn,standard
303,1303010,nominal,1.0,338.77320118000506,242.2833657860756,96.48983551313874,0.0,36.0,13.0,3.0,0.46875,0.15625,0.375,standard_dqn,standard
303,1303011,nominal,1.0,297.555579662323,231.7929064631462,65.76267367601395,0.0,29.0,0.0,0.0,0.453125,0.171875,0.375,standard_dqn,standard
303,1303012,nominal,1.0,317.35775154461453,220.51215159893036,96.8456008695562,0.0,37.0,14.0,0.0,0.46875,0.25,0.28125,standard_dqn,standard
303,1303013,nominal,1.0,276.6589179635048,217.64951342344284,59.00940331816673,0.0,27.0,0.0,0.0,0.53125,0.171875,0.296875,standard_dqn,standard
303,1303014,nominal,1.0,260.58607276678083,188.5532822906971,72.03279229402543,0.0,32.0,0.0,2.0,0.53125,0.140625,0.328125,standard_dqn,standard
303,1303015,nominal,1.0,279.9649296104908,205.74583253264427,74.21909880638123,0.0,31.0,0.0,0.0,0.53125,0.171875,0.296875,standard_dqn,standard
303,1303016,nominal,1.0,330.7467719912529,254.86327701807022,75.88349531590939,0.0,32.0,0.0,0.0,0.515625,0.234375,0.25,standard_dqn,standard
303,1303017,nominal,1.0,307.13783460855484,234.5170041322708,72.62082993984222,0.0,31.0,0.0,0.0,0.609375,0.203125,0.1875,standard_dqn,standard
303,1303018,nominal,1.0,324.48716762437607,242.88278076052666,81.60438859238413,0.0,33.0,1.0,0.0,0.515625,0.1875,0.296875,standard_dqn,standard
303,1303019,nominal,1.0,289.7555559873581,206.68865835666656,83.06689840555191,0.0,35.0,0.0,1.0,0.484375,0.234375,0.28125,standard_dqn,standard
303,1303000,burst,1.0,366.1076470017433,269.08076775074005,97.02688044309616,16.0,34.0,0.0,1.0,0.46875,0.140625,0.390625,standard_dqn,standard
303,1303001,burst,1.0,326.331288844347,262.4596839249134,63.87160466611385,2.0,30.0,0.0,0.0,0.515625,0.234375,0.25,standard_dqn,standard
303,1303002,burst,1.0,338.0436038970947,257.1009039878845,80.94269981980324,0.0,33.0,0.0,0.0,0.5625,0.125,0.3125,standard_dqn,standard
303,1303003,burst,1.0,373.92002830106014,285.2734474539757,88.64658186036348,0.0,35.0,6.0,0.0,0.578125,0.1875,0.234375,standard_dqn,standard
303,1303004,burst,1.0,361.1642842811636,255.65022867918015,105.51405654075668,0.0,38.0,18.0,0.0,0.5,0.25,0.25,standard_dqn,standard
303,1303005,burst,1.0,298.0292893052101,221.6844471693039,76.34484224021435,1.0,33.0,0.0,0.0,0.40625,0.234375,0.359375,standard_dqn,standard
303,1303006,burst,1.0,358.05892208218575,278.47616043686867,79.58276316523552,1.0,32.0,0.0,2.0,0.46875,0.3125,0.21875,standard_dqn,standard
303,1303007,burst,1.0,300.39740228652954,236.021570622921,64.37583047151566,1.0,28.0,0.0,0.0,0.546875,0.21875,0.234375,standard_dqn,standard
303,1303008,burst,1.0,355.4713051226882,265.3817293047905,90.08957662256039,2.0,36.0,7.0,0.0,0.484375,0.28125,0.234375,standard_dqn,standard
303,1303009,burst,1.0,324.98490846157074,252.04600724577904,72.93890136480331,0.0,30.0,0.0,0.0,0.546875,0.21875,0.234375,standard_dqn,standard
303,1303010,burst,1.0,388.84262243510574,265.76267009973526,123.07995179892863,0.0,37.0,30.0,3.0,0.359375,0.25,0.390625,standard_dqn,standard
303,1303011,burst,1.0,312.6044464111328,241.58471930027008,71.01972752809525,1.0,32.0,0.0,0.0,0.453125,0.1875,0.359375,standard_dqn,standard
303,1303012,burst,1.0,367.2881981436686,248.79398226737976,118.49421617431211,0.0,36.0,27.0,0.0,0.4375,0.28125,0.28125,standard_dqn,standard
303,1303013,burst,1.0,303.8589845895767,234.17719399929047,69.6817906498909,0.0,29.0,0.0,0.0,0.515625,0.1875,0.296875,standard_dqn,standard
303,1303014,burst,1.0,288.7691482543945,205.5153644979,83.25378369688988,4.0,33.0,0.0,2.0,0.515625,0.15625,0.328125,standard_dqn,standard
303,1303015,burst,1.0,299.78669897223745,217.6407446861267,82.14595458413397,2.0,33.0,3.0,0.0,0.5,0.1875,0.3125,standard_dqn,standard
303,1303016,burst,1.0,356.1481105006097,270.7052245736122,85.44288573328235,2.0,34.0,6.0,0.0,0.46875,0.25,0.28125,standard_dqn,standard
303,1303017,burst,1.0,340.634802018404,261.5241489112377,79.11065274953842,0.0,33.0,1.0,0.0,0.578125,0.21875,0.203125,standard_dqn,standard
303,1303018,burst,1.0,359.28369218341953,271.091798633337,88.19189363948944,0.0,34.0,8.0,0.0,0.46875,0.21875,0.3125,standard_dqn,standard
303,1303019,burst,1.0,310.7882570028305,231.45870351791382,79.3295533657074,0.0,35.0,0.0,1.0,0.4375,0.28125,0.28125,standard_dqn,standard
303,1303000,link_limited,1.0,473.5469271059026,348.5709244608879,124.97600449275862,14.0,37.0,16.0,1.0,0.625,0.046875,0.328125,standard_dqn,standard
303,1303001,link_limited,1.0,383.5137891173363,313.66752791404724,69.8462633639574,0.0,31.0,0.0,0.0,0.640625,0.109375,0.25,standard_dqn,standard
303,1303002,link_limited,1.0,380.040123451829,299.29766976833344,80.7424528490305,0.0,34.0,5.0,0.0,0.71875,0.078125,0.203125,standard_dqn,standard
303,1303003,link_limited,1.0,472.23187937067837,354.2659235596657,117.96595616864039,0.0,37.0,22.0,0.0,0.71875,0.078125,0.203125,standard_dqn,standard
303,1303004,link_limited,1.0,471.7892205734507,334.7720309495926,137.01719027950907,0.0,38.0,19.0,0.0,0.59375,0.15625,0.25,standard_dqn,standard
303,1303005,link_limited,1.0,373.33083210979794,275.48458456993103,97.8462458113322,0.0,34.0,13.0,0.0,0.59375,0.125,0.28125,standard_dqn,standard
303,1303006,link_limited,1.0,427.05849440169663,332.3781515955925,94.68034328294138,0.0,33.0,13.0,2.0,0.671875,0.171875,0.15625,standard_dqn,standard
303,1303007,link_limited,1.0,341.0775409936905,272.9868592619896,68.09068267047405,0.0,29.0,0.0,0.0,0.703125,0.125,0.171875,standard_dqn,standard
303,1303008,link_limited,1.0,516.4556226598569,337.1433634161949,179.31225958638868,0.0,42.0,38.0,0.0,0.6875,0.125,0.1875,standard_dqn,standard
303,1303009,link_limited,1.0,390.5975444459448,301.95042222738266,88.64712394709674,0.0,31.0,8.0,0.0,0.71875,0.109375,0.171875,standard_dqn,standard
303,1303010,link_limited,1.0,521.0605618521857,346.17253214120865,174.8880295321631,0.0,41.0,31.0,3.0,0.59375,0.109375,0.296875,standard_dqn,standard
303,1303011,link_limited,1.0,419.5555648803711,324.8899847269058,94.6655796021223,0.0,39.0,0.0,0.0,0.640625,0.09375,0.265625,standard_dqn,standard
303,1303012,link_limited,1.0,513.4100876521511,305.75483307242393,207.6552547585412,0.0,39.0,38.0,0.0,0.578125,0.15625,0.265625,standard_dqn,standard
303,1303013,link_limited,1.0,376.8454207777977,296.18612933158875,80.65929299592972,0.0,33.0,0.0,0.0,0.625,0.109375,0.265625,standard_dqn,standard
303,1303014,link_limited,1.0,311.92581521868703,225.70068204402924,86.22513493299485,0.0,35.0,0.0,2.0,0.65625,0.109375,0.234375,standard_dqn,standard
303,1303015,link_limited,1.0,341.5025069117877,250.69121366739273,90.81129345301115,0.0,33.0,10.0,0.0,0.65625,0.109375,0.234375,standard_dqn,standard
303,1303016,link_limited,1.0,557.7649642469435,375.9101079106331,181.854856008485,0.0,42.0,36.0,0.0,0.625,0.1875,0.1875,standard_dqn,standard
303,1303017,link_limited,1.0,462.0828307382679,348.0300323963165,114.05279841645722,0.0,36.0,13.0,0.0,0.6875,0.140625,0.171875,standard_dqn,standard
303,1303018,link_limited,1.0,455.8721364953435,352.6832463145256,103.18889080666673,0.0,34.0,16.0,0.0,0.625,0.109375,0.265625,standard_dqn,standard
303,1303019,link_limited,1.0,477.59610645998066,300.207690179348,177.38841556537693,0.0,39.0,33.0,1.0,0.59375,0.109375,0.296875,standard_dqn,standard
303,1303000,energy_limited,1.0,368.35730361938477,259.83757877349854,108.51972368359566,5.0,44.0,0.0,1.0,0.484375,0.125,0.390625,standard_dqn,standard
303,1303001,energy_limited,1.0,349.61109909415245,248.34209844470024,101.26900267601013,0.0,42.0,0.0,0.0,0.515625,0.171875,0.3125,standard_dqn,standard
303,1303002,energy_limited,1.0,339.1791498661041,234.0457227230072,105.13342700898647,0.0,42.0,0.0,0.0,0.578125,0.125,0.296875,standard_dqn,standard
303,1303003,energy_limited,1.0,378.8807752728462,264.98244124650955,113.89833527803421,0.0,46.0,0.0,0.0,0.625,0.140625,0.234375,standard_dqn,standard
303,1303004,energy_limited,1.0,358.35281348228455,243.52047449350357,114.83233878016472,0.0,46.0,0.0,0.0,0.515625,0.21875,0.265625,standard_dqn,standard
303,1303005,energy_limited,1.0,319.85262101888657,218.1671090722084,101.68551136553288,0.0,42.0,0.0,0.0,0.453125,0.21875,0.328125,standard_dqn,standard
303,1303006,energy_limited,1.0,369.5305663049221,266.64253810048103,102.88803033530712,0.0,45.0,0.0,2.0,0.515625,0.296875,0.1875,standard_dqn,standard
303,1303007,energy_limited,1.0,308.9377709031105,215.8106124997139,93.12715947628021,0.0,40.0,0.0,0.0,0.578125,0.21875,0.203125,standard_dqn,standard
303,1303008,energy_limited,1.0,378.28277415037155,266.6524929404259,111.63028222322464,0.0,45.0,0.0,0.0,0.546875,0.234375,0.21875,standard_dqn,standard
303,1303009,energy_limited,1.0,342.8157305121422,244.7568834424019,98.05884650349617,0.0,43.0,0.0,0.0,0.609375,0.140625,0.25,standard_dqn,standard
303,1303010,energy_limited,1.0,362.51120506774777,247.0819754600525,115.42922883283494,0.0,47.0,7.0,3.0,0.46875,0.140625,0.390625,standard_dqn,standard
303,1303011,energy_limited,1.0,339.1398655772209,231.55378878116608,107.58607703447342,0.0,45.0,0.0,0.0,0.4375,0.171875,0.390625,standard_dqn,standard
303,1303012,energy_limited,1.0,340.24208441314494,221.83754375576973,118.40454158124729,0.0,45.0,12.0,0.0,0.4375,0.25,0.3125,standard_dqn,standard
303,1303013,energy_limited,1.0,313.85086756944656,218.327623128891,95.52324344217777,0.0,42.0,0.0,0.0,0.53125,0.171875,0.296875,standard_dqn,standard
303,1303014,energy_limited,1.0,297.80758106708527,189.12412413954735,108.68345814943314,0.0,45.0,0.0,2.0,0.53125,0.140625,0.328125,standard_dqn,standard
303,1303015,energy_limited,1.0,310.4034370779991,206.342228859663,104.06121017038822,0.0,46.0,0.0,0.0,0.53125,0.171875,0.296875,standard_dqn,standard
303,1303016,energy_limited,1.0,361.8749734759331,256.23519015312195,105.63978523015976,0.0,43.0,0.0,0.0,0.515625,0.21875,0.265625,standard_dqn,standard
303,1303017,energy_limited,1.0,345.64958786964417,234.27900576591492,111.37058061361313,0.0,45.0,0.0,0.0,0.609375,0.1875,0.203125,standard_dqn,standard
303,1303018,energy_limited,1.0,349.0301240064123,243.51845076680183,105.51167534067419,0.0,44.0,1.0,0.0,0.515625,0.1875,0.296875,standard_dqn,standard
303,1303019,energy_limited,1.0,319.0669798851013,207.11709797382355,111.94988471269608,0.0,45.0,0.0,1.0,0.484375,0.234375,0.28125,standard_dqn,standard
303,1303000,thermal_stress,1.0,366.6141086816788,269.3899058699608,97.22420567274094,16.0,34.0,0.0,1.0,0.46875,0.140625,0.390625,standard_dqn,standard
303,1303001,thermal_stress,1.0,326.7866594493389,262.8188646733761,63.967792972922325,2.0,30.0,0.0,0.0,0.515625,0.234375,0.25,standard_dqn,standard
303,1303002,thermal_stress,1.0,338.4357155561447,257.49301743507385,80.94269981980324,0.0,33.0,0.0,0.0,0.5625,0.125,0.3125,standard_dqn,standard
303,1303003,thermal_stress,1.0,374.2126627286076,285.5660823583603,88.64658186036348,0.0,35.0,6.0,0.0,0.578125,0.1875,0.234375,standard_dqn,standard
303,1303004,thermal_stress,1.0,361.5742008012823,256.06014508008957,105.51405654075668,0.0,38.0,18.0,0.0,0.5,0.25,0.25,standard_dqn,standard
303,1303005,thermal_stress,1.0,298.33903539180756,221.94664132595062,76.39239530265331,1.0,33.0,0.0,0.0,0.40625,0.234375,0.359375,standard_dqn,standard
303,1303006,thermal_stress,1.0,358.36500108242035,278.75622713565826,79.60877487063408,1.0,32.0,0.0,2.0,0.46875,0.3125,0.21875,standard_dqn,standard
303,1303007,thermal_stress,1.0,300.8534132838249,236.43003153800964,64.42338210344315,1.0,28.0,0.0,0.0,0.546875,0.21875,0.234375,standard_dqn,standard
303,1303008,thermal_stress,1.0,355.7185912636069,265.6121805906296,90.10641088159359,2.0,36.0,7.0,0.0,0.484375,0.28125,0.234375,standard_dqn,standard
303,1303009,thermal_stress,1.0,325.35302048921585,252.41412076354027,72.93890136480331,0.0,30.0,0.0,0.0,0.546875,0.21875,0.234375,standard_dqn,standard
303,1303010,thermal_stress,1.0,389.2154878139624,266.1355359554291,123.07995179892863,0.0,37.0,30.0,3.0,0.359375,0.25,0.390625,standard_dqn,standard
303,1303011,thermal_stress,1.0,312.97928673028946,241.94032257795334,71.03896504640579,1.0,32.0,0.0,0.0,0.453125,0.1875,0.359375,standard_dqn,standard
303,1303012,thermal_stress,1.0,363.5629338744358,248.86029717326164,114.70263765484854,0.0,36.0,25.0,0.0,0.421875,0.28125,0.296875,standard_dqn,standard
303,1303013,thermal_stress,1.0,304.20606714487076,234.52427512407303,69.6817906498909,0.0,29.0,0.0,0.0,0.515625,0.1875,0.296875,standard_dqn,standard
303,1303014,thermal_stress,1.0,289.1117627263069,205.7970059812069,83.31475567221642,5.0,33.0,0.0,2.0,0.515625,0.15625,0.328125,standard_dqn,standard
303,1303015,thermal_stress,1.0,300.13866520429883,217.96711817383766,82.17154929543769,2.0,33.0,3.0,0.0,0.5,0.1875,0.3125,standard_dqn,standard
303,1303016,thermal_stress,1.0,356.54069154623727,270.9949606657028,85.54573164049366,2.0,34.0,6.0,0.0,0.46875,0.25,0.28125,standard_dqn,standard
303,1303017,thermal_stress,1.0,340.92209169745445,261.81132727861404,79.11076432943344,1.0,33.0,1.0,0.0,0.578125,0.21875,0.203125,standard_dqn,standard
303,1303018,thermal_stress,1.0,359.6639057420934,271.4720117151737,88.19189363948944,0.0,34.0,8.0,0.0,0.46875,0.21875,0.3125,standard_dqn,standard
303,1303019,thermal_stress,1.0,311.0248056650162,231.69525408744812,79.3295533657074,0.0,35.0,0.0,1.0,0.4375,0.28125,0.28125,standard_dqn,standard
303,1303000,nominal,1.0,335.76805609464645,257.2225514650345,78.54550597071648,4.0,33.0,0.0,1.0,0.484375,0.140625,0.375,md_cpsr_dqn,lambda_0p3__rho_0p03
303,1303001,nominal,1.0,310.9945196211338,249.5912106335163,61.40330941975117,0.0,29.0,0.0,0.0,0.53125,0.15625,0.3125,md_cpsr_dqn,lambda_0p3__rho_0p03
303,1303002,nominal,1.0,311.28343391418457,234.95044422149658,76.33298927545547,0.0,31.0,0.0,0.0,0.609375,0.125,0.265625,md_cpsr_dqn,lambda_0p3__rho_0p03
303,1303003,nominal,1.0,344.96842086315155,261.4585480093956,83.50987495481968,0.0,35.0,0.0,0.0,0.609375,0.125,0.265625,md_cpsr_dqn,lambda_0p3__rho_0p03
303,1303004,nominal,1.0,332.0837619304657,243.4454814195633,88.63827979564667,0.0,36.0,0.0,0.0,0.515625,0.203125,0.28125,md_cpsr_dqn,lambda_0p3__rho_0p03
303,1303005,nominal,1.0,284.450201690197,216.4649687409401,67.98523318767548,0.0,29.0,0.0,0.0,0.4375,0.203125,0.359375,md_cpsr_dqn,lambda_0p3__rho_0p03
303,1303006,nominal,1.0,336.216541916132,264.69495448470116,71.52158814668655,0.0,31.0,0.0,2.0,0.53125,0.28125,0.1875,md_cpsr_dqn,lambda_0p3__rho_0p03
303,1303007,nominal,1.0,274.3562356233597,212.31346410512924,62.04277257621288,0.0,27.0,0.0,0.0,0.59375,0.1875,0.21875,md_cpsr_dqn,lambda_0p3__rho_0p03
303,1303008,nominal,1.0,343.8263244628906,263.9518385529518,79.87448652088642,0.0,34.0,0.0,0.0,0.5625,0.234375,0.203125,md_cpsr_dqn,lambda_0p3__rho_0p03
303,1303009,nominal,1.0,310.3758764266968,245.74867987632751,64.62719762325287,0.0,28.0,0.0,0.0,0.578125,0.15625,0.265625,md_cpsr_dqn,lambda_0p3__rho_0p03
303,1303010,nominal,1.0,334.60832112982285,242.14988976716995,92.45843112423417,0.0,36.0,8.0,3.0,0.453125,0.15625,0.390625,md_cpsr_dqn,lambda_0p3__rho_0p03
303,1303011,nominal,1.0,297.555579662323,231.7929064631462,65.76267367601395,0.0,29.0,0.0,0.0,0.453125,0.171875,0.375,md_cpsr_dqn,lambda_0p3__rho_0p03
303,1303012,nominal,1.0,321.51056966473107,221.76083916425705,99.7497303216602,0.0,37.0,17.0,0.0,0.453125,0.25,0.296875,md_cpsr_dqn,lambda_0p3__rho_0p03
303,1303013,nominal,1.0,276.6589179635048,217.64951342344284,59.00940331816673,0.0,27.0,0.0,0.0,0.53125,0.171875,0.296875,md_cpsr_dqn,lambda_0p3__rho_0p03
303,1303014,nominal,1.0,260.58607276678083,188.5532822906971,72.03279229402543,0.0,32.0,0.0,2.0,0.53125,0.140625,0.328125,md_cpsr_dqn,lambda_0p3__rho_0p03
303,1303015,nominal,1.0,279.9649296104908,205.74583253264427,74.21909880638123,0.0,31.0,0.0,0.0,0.53125,0.171875,0.296875,md_cpsr_dqn,lambda_0p3__rho_0p03
303,1303016,nominal,1.0,331.5508263707161,255.70290225744247,75.8479250818491,0.0,32.0,0.0,0.0,0.515625,0.21875,0.265625,md_cpsr_dqn,lambda_0p3__rho_0p03
303,1303017,nominal,1.0,307.13783460855484,234.5170041322708,72.62082993984222,0.0,31.0,0.0,0.0,0.609375,0.203125,0.1875,md_cpsr_dqn,lambda_0p3__rho_0p03
303,1303018,nominal,1.0,324.48716762437607,242.88278076052666,81.60438859238413,0.0,33.0,1.0,0.0,0.515625,0.1875,0.296875,md_cpsr_dqn,lambda_0p3__rho_0p03
303,1303019,nominal,1.0,296.39598047733307,213.54175502061844,82.85422521829605,0.0,35.0,0.0,1.0,0.46875,0.21875,0.3125,md_cpsr_dqn,lambda_0p3__rho_0p03
303,1303000,burst,1.0,365.04760724306107,266.9501156806946,98.09749287366867,16.0,34.0,0.0,1.0,0.46875,0.15625,0.375,md_cpsr_dqn,lambda_0p3__rho_0p03
303,1303001,burst,1.0,334.70995703339577,261.8542746603489,72.85568618774414,7.0,31.0,0.0,0.0,0.515625,0.171875,0.3125,md_cpsr_dqn,lambda_0p3__rho_0p03
303,1303002,burst,1.0,334.6385849049091,253.6094279885292,81.02915849590302,0.0,33.0,1.0,0.0,0.59375,0.125,0.28125,md_cpsr_dqn,lambda_0p3__rho_0p03
303,1303003,burst,1.0,373.9668805879801,285.13510006666183,88.83178058092297,0.0,35.0,6.0,0.0,0.578125,0.15625,0.265625,md_cpsr_dqn,lambda_0p3__rho_0p03
303,1303004,burst,1.0,361.5606995660531,256.14926248788834,105.41143801693796,0.0,38.0,18.0,0.0,0.5,0.234375,0.265625,md_cpsr_dqn,lambda_0p3__rho_0p03
303,1303005,burst,1.0,296.2856131196022,219.94077098369598,76.34484224021435,1.0,33.0,0.0,0.0,0.40625,0.21875,0.375,md_cpsr_dqn,lambda_0p3__rho_0p03
303,1303006,burst,1.0,354.9490098655224,273.9187436401844,81.03026556968689,1.0,33.0,0.0,2.0,0.515625,0.28125,0.203125,md_cpsr_dqn,lambda_0p3__rho_0p03
303,1303007,burst,1.0,299.80378437042236,233.6513067483902,66.15247756242752,1.0,28.0,0.0,0.0,0.5625,0.1875,0.25,md_cpsr_dqn,lambda_0p3__rho_0p03
303,1303008,burst,1.0,356.92006647348404,269.730303645134,87.18976494431496,2.0,35.0,1.0,0.0,0.53125,0.234375,0.234375,md_cpsr_dqn,lambda_0p3__rho_0p03
303,1303009,burst,1.0,322.7198185324669,250.29797834157944,72.4218402504921,0.0,30.0,0.0,0.0,0.5625,0.1875,0.25,md_cpsr_dqn,lambda_0p3__rho_0p03
303,1303010,burst,1.0,387.37842653620896,260.7407284975052,126.637697502262,0.0,37.0,30.0,3.0,0.359375,0.234375,0.40625,md_cpsr_dqn,lambda_0p3__rho_0p03
303,1303011,burst,1.0,312.6044464111328,241.58471930027008,71.01972752809525,1.0,32.0,0.0,0.0,0.453125,0.1875,0.359375,md_cpsr_dqn,lambda_0p3__rho_0p03
303,1303012,burst,1.0,376.4705366286114,245.3365135192871,131.13402333284185,0.0,37.0,29.0,0.0,0.4375,0.28125,0.28125,md_cpsr_dqn,lambda_0p3__rho_0p03
303,1303013,burst,1.0,293.98170387744904,224.29991376399994,69.6817906498909,0.0,29.0,0.0,0.0,0.53125,0.171875,0.296875,md_cpsr_dqn,lambda_0p3__rho_0p03
303,1303014,burst,1.0,288.7691482543945,205.5153644979,83.25378369688988,4.0,33.0,0.0,2.0,0.515625,0.15625,0.328125,md_cpsr_dqn,lambda_0p3__rho_0p03
303,1303015,burst,1.0,297.4496839554507,213.2771902680397,84.17249297215525,2.0,33.0,6.0,0.0,0.484375,0.1875,0.328125,md_cpsr_dqn,lambda_0p3__rho_0p03
303,1303016,burst,1.0,358.2458775595559,273.8320963382721,84.41378090835937,2.0,34.0,6.0,0.0,0.453125,0.25,0.296875,md_cpsr_dqn,lambda_0p3__rho_0p03
303,1303017,burst,1.0,340.634802018404,261.5241489112377,79.11065274953842,0.0,33.0,1.0,0.0,0.578125,0.21875,0.203125,md_cpsr_dqn,lambda_0p3__rho_0p03
303,1303018,burst,1.0,359.28369218341953,271.091798633337,88.19189363948944,0.0,34.0,8.0,0.0,0.46875,0.21875,0.3125,md_cpsr_dqn,lambda_0p3__rho_0p03
303,1303019,burst,1.0,312.6179050207138,233.28835201263428,79.3295533657074,0.0,35.0,0.0,1.0,0.421875,0.28125,0.296875,md_cpsr_dqn,lambda_0p3__rho_0p03
303,1303000,link_limited,1.0,473.5469271059026,348.5709244608879,124.97600449275862,14.0,37.0,16.0,1.0,0.625,0.046875,0.328125,md_cpsr_dqn,lambda_0p3__rho_0p03
303,1303001,link_limited,1.0,383.5137891173363,313.66752791404724,69.8462633639574,0.0,31.0,0.0,0.0,0.640625,0.109375,0.25,md_cpsr_dqn,lambda_0p3__rho_0p03
303,1303002,link_limited,1.0,380.040123451829,299.29766976833344,80.7424528490305,0.0,34.0,5.0,0.0,0.71875,0.078125,0.203125,md_cpsr_dqn,lambda_0p3__rho_0p03
303,1303003,link_limited,1.0,473.6018008004093,354.81034326553345,118.79145741566643,0.0,37.0,22.0,0.0,0.734375,0.078125,0.1875,md_cpsr_dqn,lambda_0p3__rho_0p03
303,1303004,link_limited,1.0,471.7892205734507,334.7720309495926,137.01719027950907,0.0,38.0,19.0,0.0,0.59375,0.15625,0.25,md_cpsr_dqn,lambda_0p3__rho_0p03
303,1303005,link_limited,1.0,373.33083210979794,275.48458456993103,97.8462458113322,0.0,34.0,13.0,0.0,0.59375,0.125,0.28125,md_cpsr_dqn,lambda_0p3__rho_0p03
303,1303006,link_limited,1.0,424.84123771030056,332.11506885290146,92.7261692150269,0.0,33.0,13.0,2.0,0.6875,0.15625,0.15625,md_cpsr_dqn,lambda_0p3__rho_0p03
303,1303007,link_limited,1.0,337.31514298915863,269.22446101903915,68.09068267047405,0.0,29.0,0.0,0.0,0.71875,0.125,0.15625,md_cpsr_dqn,lambda_0p3__rho_0p03
303,1303008,link_limited,1.0,516.4556226598569,337.1433634161949,179.31225958638868,0.0,42.0,38.0,0.0,0.6875,0.125,0.1875,md_cpsr_dqn,lambda_0p3__rho_0p03
303,1303009,link_limited,1.0,390.5975444459448,301.95042222738266,88.64712394709674,0.0,31.0,8.0,0.0,0.71875,0.109375,0.171875,md_cpsr_dqn,lambda_0p3__rho_0p03
303,1303010,link_limited,1.0,521.0605618521857,346.17253214120865,174.8880295321631,0.0,41.0,31.0,3.0,0.59375,0.109375,0.296875,md_cpsr_dqn,lambda_0p3__rho_0p03
303,1303011,link_limited,1.0,418.0744071006775,324.66380149126053,93.41060687601566,0.0,38.0,0.0,0.0,0.625,0.109375,0.265625,md_cpsr_dqn,lambda_0p3__rho_0p03
303,1303012,link_limited,1.0,519.479226253089,305.24847024679184,214.2307560062972,0.0,39.0,38.0,0.0,0.578125,0.1875,0.234375,md_cpsr_dqn,lambda_0p3__rho_0p03
303,1303013,link_limited,1.0,377.4352647662163,299.04646348953247,78.38880088925362,0.0,33.0,0.0,0.0,0.625,0.109375,0.265625,md_cpsr_dqn,lambda_0p3__rho_0p03
303,1303014,link_limited,1.0,311.92581521868703,225.70068204402924,86.22513493299485,0.0,35.0,0.0,2.0,0.65625,0.109375,0.234375,md_cpsr_dqn,lambda_0p3__rho_0p03
303,1303015,link_limited,1.0,341.5025069117877,250.69121366739273,90.81129345301115,0.0,33.0,10.0,0.0,0.65625,0.109375,0.234375,md_cpsr_dqn,lambda_0p3__rho_0p03
303,1303016,link_limited,1.0,559.9756862292513,380.6136013865471,179.36208451487892,0.0,42.0,36.0,0.0,0.640625,0.171875,0.1875,md_cpsr_dqn,lambda_0p3__rho_0p03
303,1303017,link_limited,1.0,462.0828307382679,348.0300323963165,114.05279841645722,0.0,36.0,13.0,0.0,0.6875,0.140625,0.171875,md_cpsr_dqn,lambda_0p3__rho_0p03
303,1303018,link_limited,1.0,455.8721364953435,352.6832463145256,103.18889080666673,0.0,34.0,16.0,0.0,0.625,0.109375,0.265625,md_cpsr_dqn,lambda_0p3__rho_0p03
303,1303019,link_limited,1.0,481.2873846868605,301.02549374103546,180.26189130345293,0.0,39.0,33.0,1.0,0.609375,0.125,0.265625,md_cpsr_dqn,lambda_0p3__rho_0p03
303,1303000,energy_limited,1.0,368.35730361938477,259.83757877349854,108.51972368359566,5.0,44.0,0.0,1.0,0.484375,0.125,0.390625,md_cpsr_dqn,lambda_0p3__rho_0p03
303,1303001,energy_limited,1.0,354.8140743672848,253.61124595999718,101.20282983779907,0.0,42.0,0.0,0.0,0.515625,0.140625,0.34375,md_cpsr_dqn,lambda_0p3__rho_0p03
303,1303002,energy_limited,1.0,339.1791498661041,234.0457227230072,105.13342700898647,0.0,42.0,0.0,0.0,0.578125,0.125,0.296875,md_cpsr_dqn,lambda_0p3__rho_0p03
303,1303003,energy_limited,1.0,374.4002592045068,260.3880249261856,114.0122360664606,0.0,46.0,3.0,0.0,0.609375,0.109375,0.28125,md_cpsr_dqn,lambda_0p3__rho_0p03
303,1303004,energy_limited,1.0,358.8320982456207,243.99975901842117,114.83233878016472,0.0,46.0,0.0,0.0,0.515625,0.203125,0.28125,md_cpsr_dqn,lambda_0p3__rho_0p03
303,1303005,energy_limited,1.0,318.2482697367668,216.56275886297226,101.68551136553288,0.0,42.0,0.0,0.0,0.453125,0.1875,0.359375,md_cpsr_dqn,lambda_0p3__rho_0p03
303,1303006,energy_limited,1.0,370.9534192979336,264.31832787394524,106.63509213924408,0.0,45.0,0.0,2.0,0.53125,0.28125,0.1875,md_cpsr_dqn,lambda_0p3__rho_0p03
303,1303007,energy_limited,1.0,306.17563849687576,213.04847967624664,93.12715947628021,0.0,40.0,0.0,0.0,0.59375,0.1875,0.21875,md_cpsr_dqn,lambda_0p3__rho_0p03
303,1303008,energy_limited,1.0,376.5954585671425,264.4506029486656,112.14485692977905,0.0,45.0,0.0,0.0,0.5625,0.234375,0.203125,md_cpsr_dqn,lambda_0p3__rho_0p03
303,1303009,energy_limited,1.0,344.45842176675797,247.25923520326614,97.19918814301491,0.0,43.0,0.0,0.0,0.59375,0.140625,0.265625,md_cpsr_dqn,lambda_0p3__rho_0p03
303,1303010,energy_limited,1.0,360.3959455843211,242.58445382118225,117.81149183764457,0.0,48.0,8.0,3.0,0.453125,0.15625,0.390625,md_cpsr_dqn,lambda_0p3__rho_0p03
303,1303011,energy_limited,1.0,339.6281356215477,226.07696402072906,113.55117274820805,0.0,48.0,0.0,0.0,0.453125,0.15625,0.390625,md_cpsr_dqn,lambda_0p3__rho_0p03
303,1303012,energy_limited,1.0,339.46376684469374,222.40462091565132,117.05914727014705,0.0,45.0,10.0,0.0,0.4375,0.234375,0.328125,md_cpsr_dqn,lambda_0p3__rho_0p03
303,1303013,energy_limited,1.0,310.3054972290993,214.78225356340408,95.52324344217777,0.0,42.0,0.0,0.0,0.546875,0.15625,0.296875,md_cpsr_dqn,lambda_0p3__rho_0p03
303,1303014,energy_limited,1.0,297.80758106708527,189.12412413954735,108.68345814943314,0.0,45.0,0.0,2.0,0.53125,0.140625,0.328125,md_cpsr_dqn,lambda_0p3__rho_0p03
303,1303015,energy_limited,1.0,310.4358898997307,206.37468168139458,104.06121017038822,0.0,46.0,0.0,0.0,0.53125,0.15625,0.3125,md_cpsr_dqn,lambda_0p3__rho_0p03
303,1303016,energy_limited,1.0,361.8749734759331,256.23519015312195,105.63978523015976,0.0,43.0,0.0,0.0,0.515625,0.21875,0.265625,md_cpsr_dqn,lambda_0p3__rho_0p03
303,1303017,energy_limited,1.0,345.64958786964417,234.27900576591492,111.37058061361313,0.0,45.0,0.0,0.0,0.609375,0.1875,0.203125,md_cpsr_dqn,lambda_0p3__rho_0p03
303,1303018,energy_limited,1.0,349.0301240064123,243.51845076680183,105.51167534067419,0.0,44.0,1.0,0.0,0.515625,0.1875,0.296875,md_cpsr_dqn,lambda_0p3__rho_0p03
303,1303019,energy_limited,1.0,322.31199193000793,207.06441301107407,115.24757981300354,0.0,46.0,0.0,1.0,0.484375,0.203125,0.3125,md_cpsr_dqn,lambda_0p3__rho_0p03
303,1303000,thermal_stress,1.0,365.53948175907135,267.2446876168251,98.29479616880417,16.0,34.0,0.0,1.0,0.46875,0.15625,0.375,md_cpsr_dqn,lambda_0p3__rho_0p03
303,1303001,thermal_stress,1.0,335.2841083705425,262.214343637228,73.0697672367096,7.0,31.0,0.0,0.0,0.515625,0.171875,0.3125,md_cpsr_dqn,lambda_0p3__rho_0p03
303,1303002,thermal_stress,1.0,335.0333672096729,254.00420993566513,81.02915849590302,0.0,33.0,1.0,0.0,0.59375,0.125,0.28125,md_cpsr_dqn,lambda_0p3__rho_0p03
303,1303003,thermal_stress,1.0,374.26276084606343,285.4309813976288,88.83178058092297,0.0,35.0,6.0,0.0,0.578125,0.15625,0.265625,md_cpsr_dqn,lambda_0p3__rho_0p03
303,1303004,thermal_stress,1.0,361.97061894719474,256.5591817498207,105.41143801693796,0.0,38.0,18.0,0.0,0.5,0.234375,0.265625,md_cpsr_dqn,lambda_0p3__rho_0p03
303,1303005,thermal_stress,1.0,296.5953630208969,220.20296847820282,76.39239530265331,1.0,33.0,0.0,0.0,0.40625,0.21875,0.375,md_cpsr_dqn,lambda_0p3__rho_0p03
303,1303006,thermal_stress,1.0,355.25863176584244,274.2023540735245,81.05627655982971,1.0,33.0,0.0,2.0,0.515625,0.28125,0.203125,md_cpsr_dqn,lambda_0p3__rho_0p03
303,1303007,thermal_stress,1.0,300.2598757147789,234.05984622240067,66.20002919435501,1.0,28.0,0.0,0.0,0.5625,0.1875,0.25,md_cpsr_dqn,lambda_0p3__rho_0p03
303,1303008,thermal_stress,1.0,357.1829101419449,269.97631311416626,87.20659848809242,2.0,35.0,1.0,0.0,0.53125,0.234375,0.234375,md_cpsr_dqn,lambda_0p3__rho_0p03
303,1303009,thermal_stress,1.0,323.0694836974144,250.64764386415482,72.4218402504921,0.0,30.0,0.0,0.0,0.5625,0.1875,0.25,md_cpsr_dqn,lambda_0p3__rho_0p03
303,1303010,thermal_stress,1.0,387.7514511190718,261.1137535572052,126.637697502262,0.0,37.0,30.0,3.0,0.359375,0.234375,0.40625,md_cpsr_dqn,lambda_0p3__rho_0p03
303,1303011,thermal_stress,1.0,312.97928673028946,241.94032257795334,71.03896504640579,1.0,32.0,0.0,0.0,0.453125,0.1875,0.359375,md_cpsr_dqn,lambda_0p3__rho_0p03
303,1303012,thermal_stress,1.0,376.81901363456996,245.6849901676178,131.13402333284185,0.0,37.0,29.0,0.0,0.4375,0.28125,0.28125,md_cpsr_dqn,lambda_0p3__rho_0p03
303,1303013,thermal_stress,1.0,294.32879263162613,224.64700204133987,69.6817906498909,0.0,29.0,0.0,0.0,0.53125,0.171875,0.296875,md_cpsr_dqn,lambda_0p3__rho_0p03
303,1303014,thermal_stress,1.0,289.1117627263069,205.7970059812069,83.31475567221642,5.0,33.0,0.0,2.0,0.515625,0.15625,0.328125,md_cpsr_dqn,lambda_0p3__rho_0p03
303,1303015,thermal_stress,1.0,297.8015604229171,213.60347428917885,84.19808768345897,2.0,33.0,6.0,0.0,0.484375,0.1875,0.328125,md_cpsr_dqn,lambda_0p3__rho_0p03
303,1303016,thermal_stress,1.0,358.63843756474387,274.12181210517883,84.51662681557067,2.0,34.0,6.0,0.0,0.453125,0.25,0.296875,md_cpsr_dqn,lambda_0p3__rho_0p03
303,1303017,thermal_stress,1.0,340.92209169745445,261.81132727861404,79.11076432943344,1.0,33.0,1.0,0.0,0.578125,0.21875,0.203125,md_cpsr_dqn,lambda_0p3__rho_0p03
303,1303018,thermal_stress,1.0,359.6639057420934,271.4720117151737,88.19189363948944,0.0,34.0,8.0,0.0,0.46875,0.21875,0.3125,md_cpsr_dqn,lambda_0p3__rho_0p03
303,1303019,thermal_stress,1.0,312.8544512987137,233.52489960193634,79.3295533657074,0.0,35.0,0.0,1.0,0.421875,0.28125,0.296875,md_cpsr_dqn,lambda_0p3__rho_0p03
303,1303000,nominal,1.0,338.44404500722885,259.89341562986374,78.55063077807426,4.0,33.0,0.0,1.0,0.484375,0.125,0.390625,md_cpsr_dqn,lambda_0p3__rho_0p05
303,1303001,nominal,1.0,308.78582172989843,248.61524406075478,60.17057871222496,0.0,29.0,0.0,1.0,0.515625,0.15625,0.328125,md_cpsr_dqn,lambda_0p3__rho_0p05
303,1303002,nominal,1.0,309.76053166389465,233.46120357513428,76.29932767152786,0.0,31.0,0.0,0.0,0.59375,0.125,0.28125,md_cpsr_dqn,lambda_0p3__rho_0p05
303,1303003,nominal,1.0,344.96842086315155,261.4585480093956,83.50987495481968,0.0,35.0,0.0,0.0,0.609375,0.125,0.265625,md_cpsr_dqn,lambda_0p3__rho_0p05
303,1303004,nominal,1.0,332.99428606033325,244.35600638389587,88.63827979564667,0.0,36.0,0.0,0.0,0.515625,0.1875,0.296875,md_cpsr_dqn,lambda_0p3__rho_0p05
303,1303005,nominal,1.0,284.79359942674637,216.05304157733917,68.7405591905117,0.0,29.0,0.0,0.0,0.453125,0.1875,0.359375,md_cpsr_dqn,lambda_0p3__rho_0p05
303,1303006,nominal,1.0,335.17895117402077,260.23040625452995,74.94854560494423,0.0,31.0,0.0,2.0,0.546875,0.265625,0.1875,md_cpsr_dqn,lambda_0p3__rho_0p05
303,1303007,nominal,1.0,276.5983933210373,214.55562114715576,62.04277257621288,0.0,27.0,0.0,0.0,0.578125,0.1875,0.234375,md_cpsr_dqn,lambda_0p3__rho_0p05
303,1303008,nominal,1.0,346.73568630218506,266.86120027303696,79.87448652088642,0.0,34.0,0.0,0.0,0.578125,0.21875,0.203125,md_cpsr_dqn,lambda_0p3__rho_0p05
303,1303009,nominal,1.0,310.3758764266968,245.74867987632751,64.62719762325287,0.0,28.0,0.0,0.0,0.578125,0.15625,0.265625,md_cpsr_dqn,lambda_0p3__rho_0p05
303,1303010,nominal,1.0,338.77320118000506,242.2833657860756,96.48983551313874,0.0,36.0,13.0,3.0,0.46875,0.15625,0.375,md_cpsr_dqn,lambda_0p3__rho_0p05
303,1303011,nominal,1.0,299.9230841398239,233.3081785440445,66.61490401625633,0.0,30.0,0.0,0.0,0.46875,0.171875,0.359375,md_cpsr_dqn,lambda_0p3__rho_0p05
303,1303012,nominal,1.0,318.81745979127686,221.40609142184258,97.41136935291095,0.0,37.0,12.0,0.0,0.4375,0.25,0.3125,md_cpsr_dqn,lambda_0p3__rho_0p05
303,1303013,nominal,1.0,274.0467465519905,214.10410052537918,59.94264540076256,0.0,27.0,0.0,0.0,0.546875,0.15625,0.296875,md_cpsr_dqn,lambda_0p3__rho_0p05
303,1303014,nominal,1.0,259.3533063173294,186.25496873259544,73.098337495327,0.0,32.0,0.0,2.0,0.546875,0.140625,0.3125,md_cpsr_dqn,lambda_0p3__rho_0p05
303,1303015,nominal,1.0,280.4842293560505,205.77958044409752,74.70465075969696,0.0,31.0,0.0,0.0,0.53125,0.15625,0.3125,md_cpsr_dqn,lambda_0p3__rho_0p05
303,1303016,nominal,1.0,334.7833939194679,258.93546867370605,75.8479250818491,0.0,32.0,0.0,0.0,0.5,0.21875,0.28125,md_cpsr_dqn,lambda_0p3__rho_0p05
303,1303017,nominal,1.0,308.91788071393967,232.86583709716797,76.05204379558563,0.0,32.0,0.0,0.0,0.59375,0.1875,0.21875,md_cpsr_dqn,lambda_0p3__rho_0p05
303,1303018,nominal,1.0,324.48716762437607,242.88278076052666,81.60438859238413,0.0,33.0,1.0,0.0,0.515625,0.1875,0.296875,md_cpsr_dqn,lambda_0p3__rho_0p05
303,1303019,nominal,1.0,296.39598047733307,213.54175502061844,82.85422521829605,0.0,35.0,0.0,1.0,0.46875,0.21875,0.3125,md_cpsr_dqn,lambda_0p3__rho_0p05
303,1303000,burst,1.0,367.77188497781754,269.6684017777443,98.10348457098007,16.0,34.0,0.0,1.0,0.46875,0.140625,0.390625,md_cpsr_dqn,lambda_0p3__rho_0p05
303,1303001,burst,1.0,330.2006669342518,262.63996663689613,67.56070013344288,2.0,31.0,0.0,0.0,0.515625,0.1875,0.296875,md_cpsr_dqn,lambda_0p3__rho_0p05
303,1303002,burst,1.0,333.05699872279166,252.11282497644424,80.94417347812653,0.0,33.0,1.0,0.0,0.578125,0.125,0.296875,md_cpsr_dqn,lambda_0p3__rho_0p05
303,1303003,burst,1.0,373.9668805879801,285.13510006666183,88.83178058092297,0.0,35.0,6.0,0.0,0.578125,0.15625,0.265625,md_cpsr_dqn,lambda_0p3__rho_0p05
303,1303004,burst,1.0,361.5606995660531,256.14926248788834,105.41143801693796,0.0,38.0,18.0,0.0,0.5,0.234375,0.265625,md_cpsr_dqn,lambda_0p3__rho_0p05
303,1303005,burst,1.0,296.2856131196022,219.94077098369598,76.34484224021435,1.0,33.0,0.0,0.0,0.40625,0.21875,0.375,md_cpsr_dqn,lambda_0p3__rho_0p05
303,1303006,burst,1.0,356.230721026659,276.06517747044563,80.1655445098877,1.0,33.0,0.0,2.0,0.5,0.296875,0.203125,md_cpsr_dqn,lambda_0p3__rho_0p05
303,1303007,burst,1.0,304.9523696899414,238.7998929619789,66.15247756242752,1.0,28.0,0.0,0.0,0.53125,0.1875,0.28125,md_cpsr_dqn,lambda_0p3__rho_0p05
303,1303008,burst,1.0,360.1746960878372,273.22140115499496,86.95329722762108,2.0,35.0,0.0,0.0,0.546875,0.21875,0.234375,md_cpsr_dqn,lambda_0p3__rho_0p05
303,1303009,burst,1.0,321.5917381644249,249.16989886760712,72.4218402504921,0.0,30.0,0.0,0.0,0.5625,0.171875,0.265625,md_cpsr_dqn,lambda_0p3__rho_0p05
303,1303010,burst,1.0,389.02546311281804,254.45728933811188,134.56817323826428,0.0,37.0,30.0,3.0,0.375,0.21875,0.40625,md_cpsr_dqn,lambda_0p3__rho_0p05
303,1303011,burst,1.0,314.92408657073975,243.10624355077744,71.81784228980541,1.0,32.0,0.0,0.0,0.46875,0.1875,0.34375,md_cpsr_dqn,lambda_0p3__rho_0p05
303,1303012,burst,1.0,372.1489487002269,245.05956208705902,127.0893865982668,0.0,37.0,28.0,0.0,0.421875,0.28125,0.296875,md_cpsr_dqn,lambda_0p3__rho_0p05
303,1303013,burst,1.0,293.98170387744904,224.29991376399994,69.6817906498909,0.0,29.0,0.0,0.0,0.53125,0.171875,0.296875,md_cpsr_dqn,lambda_0p3__rho_0p05
303,1303014,burst,1.0,286.0126735806465,201.93962362408638,84.07305049300194,5.0,33.0,0.0,2.0,0.515625,0.15625,0.328125,md_cpsr_dqn,lambda_0p3__rho_0p05
303,1303015,burst,1.0,301.78841233099735,219.98225498199463,81.80615776623523,2.0,33.0,3.0,1.0,0.484375,0.171875,0.34375,md_cpsr_dqn,lambda_0p3__rho_0p05
303,1303016,burst,1.0,358.2458775595559,273.8320963382721,84.41378090835937,2.0,34.0,6.0,0.0,0.453125,0.25,0.296875,md_cpsr_dqn,lambda_0p3__rho_0p05
303,1303017,burst,1.0,340.8919479823112,260.6703317761421,80.22161742806435,1.0,33.0,3.0,0.0,0.5625,0.21875,0.21875,md_cpsr_dqn,lambda_0p3__rho_0p05
303,1303018,burst,1.0,359.28369218341953,271.091798633337,88.19189363948944,0.0,34.0,8.0,0.0,0.46875,0.21875,0.3125,md_cpsr_dqn,lambda_0p3__rho_0p05
303,1303019,burst,1.0,312.6179050207138,233.28835201263428,79.3295533657074,0.0,35.0,0.0,1.0,0.421875,0.28125,0.296875,md_cpsr_dqn,lambda_0p3__rho_0p05
303,1303000,link_limited,1.0,473.5469271059026,348.5709244608879,124.97600449275862,14.0,37.0,16.0,1.0,0.625,0.046875,0.328125,md_cpsr_dqn,lambda_0p3__rho_0p05
303,1303001,link_limited,1.0,385.5738251209259,313.91034626960754,71.66348055005074,0.0,32.0,0.0,0.0,0.65625,0.109375,0.234375,md_cpsr_dqn,lambda_0p3__rho_0p05
303,1303002,link_limited,1.0,379.6189017276764,298.53380060195923,81.0850996952057,0.0,34.0,6.0,0.0,0.734375,0.0625,0.203125,md_cpsr_dqn,lambda_0p3__rho_0p05
303,1303003,link_limited,1.0,472.23187937067837,354.2659235596657,117.96595616864039,0.0,37.0,22.0,0.0,0.71875,0.078125,0.203125,md_cpsr_dqn,lambda_0p3__rho_0p05
303,1303004,link_limited,1.0,470.943018609251,332.8516369462013,138.09138208028224,0.0,38.0,19.0,0.0,0.578125,0.15625,0.265625,md_cpsr_dqn,lambda_0p3__rho_0p05
303,1303005,link_limited,1.0,380.783723477602,295.8049027323723,84.97882056641579,0.0,34.0,4.0,0.0,0.578125,0.109375,0.3125,md_cpsr_dqn,lambda_0p3__rho_0p05
303,1303006,link_limited,1.0,423.02423815000395,330.9344913959503,92.08974782693724,0.0,33.0,11.0,2.0,0.6875,0.140625,0.171875,md_cpsr_dqn,lambda_0p3__rho_0p05
303,1303007,link_limited,1.0,340.28314232826233,273.12159246206284,67.16154761612415,0.0,29.0,0.0,0.0,0.6875,0.125,0.1875,md_cpsr_dqn,lambda_0p3__rho_0p05
303,1303008,link_limited,1.0,516.4556226598569,337.1433634161949,179.31225958638868,0.0,42.0,38.0,0.0,0.6875,0.125,0.1875,md_cpsr_dqn,lambda_0p3__rho_0p05
303,1303009,link_limited,1.0,390.5975444459448,301.95042222738266,88.64712394709674,0.0,31.0,8.0,0.0,0.71875,0.109375,0.171875,md_cpsr_dqn,lambda_0p3__rho_0p05
303,1303010,link_limited,1.0,521.624335250569,341.9490644931793,179.67527057857578,0.0,41.0,31.0,3.0,0.59375,0.09375,0.3125,md_cpsr_dqn,lambda_0p3__rho_0p05
303,1303011,link_limited,1.0,418.0744071006775,324.66380149126053,93.41060687601566,0.0,38.0,0.0,0.0,0.625,0.109375,0.265625,md_cpsr_dqn,lambda_0p3__rho_0p05
303,1303012,link_limited,1.0,513.4100876521511,305.75483307242393,207.6552547585412,0.0,39.0,38.0,0.0,0.578125,0.15625,0.265625,md_cpsr_dqn,lambda_0p3__rho_0p05
303,1303013,link_limited,1.0,377.4352647662163,299.04646348953247,78.38880088925362,0.0,33.0,0.0,0.0,0.625,0.109375,0.265625,md_cpsr_dqn,lambda_0p3__rho_0p05
303,1303014,link_limited,1.0,311.92581521868703,225.70068204402924,86.22513493299485,0.0,35.0,0.0,2.0,0.65625,0.109375,0.234375,md_cpsr_dqn,lambda_0p3__rho_0p05
303,1303015,link_limited,1.0,341.5025069117877,250.69121366739273,90.81129345301115,0.0,33.0,10.0,0.0,0.65625,0.109375,0.234375,md_cpsr_dqn,lambda_0p3__rho_0p05
303,1303016,link_limited,1.0,559.9756862292513,380.6136013865471,179.36208451487892,0.0,42.0,36.0,0.0,0.640625,0.171875,0.1875,md_cpsr_dqn,lambda_0p3__rho_0p05
303,1303017,link_limited,1.0,462.0828307382679,348.0300323963165,114.05279841645722,0.0,36.0,13.0,0.0,0.6875,0.140625,0.171875,md_cpsr_dqn,lambda_0p3__rho_0p05
303,1303018,link_limited,1.0,455.74988820127413,352.03603249788284,103.71385632924013,0.0,34.0,16.0,0.0,0.625,0.09375,0.28125,md_cpsr_dqn,lambda_0p3__rho_0p05
303,1303019,link_limited,1.0,488.4168940385838,300.50245493650436,187.91443922128872,0.0,39.0,38.0,1.0,0.609375,0.109375,0.28125,md_cpsr_dqn,lambda_0p3__rho_0p05
303,1303000,energy_limited,1.0,371.02782368659973,262.5029693245888,108.5248534977436,5.0,44.0,0.0,1.0,0.484375,0.109375,0.40625,md_cpsr_dqn,lambda_0p3__rho_0p05
303,1303001,energy_limited,1.0,352.8089044392109,252.13124600052834,100.67765867710114,0.0,42.0,0.0,0.0,0.546875,0.125,0.328125,md_cpsr_dqn,lambda_0p3__rho_0p05
303,1303002,energy_limited,1.0,340.9674209356308,236.35660588741302,104.61081494390965,0.0,42.0,0.0,0.0,0.5625,0.125,0.3125,md_cpsr_dqn,lambda_0p3__rho_0p05
303,1303003,energy_limited,1.0,374.4002592045068,260.3880249261856,114.0122360664606,0.0,46.0,3.0,0.0,0.609375,0.109375,0.28125,md_cpsr_dqn,lambda_0p3__rho_0p05
303,1303004,energy_limited,1.0,355.7542516939303,240.78643506765366,114.96781725212539,0.0,46.0,2.0,0.0,0.53125,0.1875,0.28125,md_cpsr_dqn,lambda_0p3__rho_0p05
303,1303005,energy_limited,1.0,318.2482697367668,216.56275886297226,101.68551136553288,0.0,42.0,0.0,0.0,0.453125,0.1875,0.359375,md_cpsr_dqn,lambda_0p3__rho_0p05
303,1303006,energy_limited,1.0,365.3046289384365,258.66953906416893,106.63509213924408,0.0,45.0,0.0,2.0,0.5625,0.25,0.1875,md_cpsr_dqn,lambda_0p3__rho_0p05
303,1303007,energy_limited,1.0,308.4177961945534,215.29063671827316,93.12715947628021,0.0,40.0,0.0,0.0,0.578125,0.1875,0.234375,md_cpsr_dqn,lambda_0p3__rho_0p05
303,1303008,energy_limited,1.0,379.2801747918129,266.01660710573196,113.2635692358017,0.0,45.0,0.0,0.0,0.578125,0.203125,0.21875,md_cpsr_dqn,lambda_0p3__rho_0p05
303,1303009,energy_limited,1.0,343.3326806426048,246.42933148145676,96.90335083007812,0.0,43.0,0.0,0.0,0.578125,0.15625,0.265625,md_cpsr_dqn,lambda_0p3__rho_0p05
303,1303010,energy_limited,1.0,362.51120506774777,247.0819754600525,115.42922883283494,0.0,47.0,7.0,3.0,0.46875,0.140625,0.390625,md_cpsr_dqn,lambda_0p3__rho_0p05
303,1303011,energy_limited,1.0,336.5963162779808,221.32477921247482,115.27153970301151,0.0,48.0,0.0,0.0,0.46875,0.125,0.40625,md_cpsr_dqn,lambda_0p3__rho_0p05
303,1303012,energy_limited,1.0,344.7489001750946,230.2633854150772,114.48551639914513,0.0,45.0,0.0,0.0,0.453125,0.203125,0.34375,md_cpsr_dqn,lambda_0p3__rho_0p05
303,1303013,energy_limited,1.0,310.3054972290993,214.78225356340408,95.52324344217777,0.0,42.0,0.0,0.0,0.546875,0.15625,0.296875,md_cpsr_dqn,lambda_0p3__rho_0p05
303,1303014,energy_limited,1.0,297.80758106708527,189.12412413954735,108.68345814943314,0.0,45.0,0.0,2.0,0.53125,0.140625,0.328125,md_cpsr_dqn,lambda_0p3__rho_0p05
303,1303015,energy_limited,1.0,310.4358898997307,206.37468168139458,104.06121017038822,0.0,46.0,0.0,0.0,0.53125,0.15625,0.3125,md_cpsr_dqn,lambda_0p3__rho_0p05
303,1303016,energy_limited,1.0,365.1075410246849,259.46775656938553,105.63978523015976,0.0,43.0,0.0,0.0,0.5,0.21875,0.28125,md_cpsr_dqn,lambda_0p3__rho_0p05
303,1303017,energy_limited,1.0,347.19963788986206,234.5196993947029,112.67994040250778,0.0,46.0,0.0,0.0,0.578125,0.1875,0.234375,md_cpsr_dqn,lambda_0p3__rho_0p05
303,1303018,energy_limited,1.0,349.0301240064123,243.51845076680183,105.51167534067419,0.0,44.0,1.0,0.0,0.515625,0.1875,0.296875,md_cpsr_dqn,lambda_0p3__rho_0p05
303,1303019,energy_limited,1.0,323.7227745652199,208.33959418535233,115.38318145275116,0.0,46.0,0.0,1.0,0.484375,0.1875,0.328125,md_cpsr_dqn,lambda_0p3__rho_0p05
303,1303000,thermal_stress,1.0,368.26384675502777,269.9630581140518,98.30079001188278,16.0,34.0,0.0,1.0,0.46875,0.140625,0.390625,md_cpsr_dqn,lambda_0p3__rho_0p05
303,1303001,thermal_stress,1.0,330.656312674284,262.9994250237942,67.65688844025135,2.0,31.0,0.0,0.0,0.515625,0.1875,0.296875,md_cpsr_dqn,lambda_0p3__rho_0p05
303,1303002,thermal_stress,1.0,333.44916378760337,252.50499093532562,80.94417347812653,0.0,33.0,1.0,0.0,0.578125,0.125,0.296875,md_cpsr_dqn,lambda_0p3__rho_0p05
303,1303003,thermal_stress,1.0,374.26276084606343,285.4309813976288,88.83178058092297,0.0,35.0,6.0,0.0,0.578125,0.15625,0.265625,md_cpsr_dqn,lambda_0p3__rho_0p05
303,1303004,thermal_stress,1.0,361.97061894719474,256.5591817498207,105.41143801693796,0.0,38.0,18.0,0.0,0.5,0.234375,0.265625,md_cpsr_dqn,lambda_0p3__rho_0p05
303,1303005,thermal_stress,1.0,296.5953630208969,220.20296847820282,76.39239530265331,1.0,33.0,0.0,0.0,0.40625,0.21875,0.375,md_cpsr_dqn,lambda_0p3__rho_0p05
303,1303006,thermal_stress,1.0,356.53780871629715,276.346253991127,80.19155621528625,1.0,33.0,0.0,2.0,0.5,0.296875,0.203125,md_cpsr_dqn,lambda_0p3__rho_0p05
303,1303007,thermal_stress,1.0,305.40842097997665,239.2083911895752,66.20002919435501,1.0,28.0,0.0,0.0,0.53125,0.1875,0.28125,md_cpsr_dqn,lambda_0p3__rho_0p05
303,1303008,thermal_stress,1.0,360.4376828074455,273.4675543308258,86.97013077139854,2.0,35.0,0.0,0.0,0.546875,0.21875,0.234375,md_cpsr_dqn,lambda_0p3__rho_0p05
303,1303009,thermal_stress,1.0,321.94141644239426,249.5195752978325,72.4218402504921,0.0,30.0,0.0,0.0,0.5625,0.171875,0.265625,md_cpsr_dqn,lambda_0p3__rho_0p05
303,1303010,thermal_stress,1.0,389.39865417145376,254.83048087358475,134.56817323826428,0.0,37.0,30.0,3.0,0.375,0.21875,0.40625,md_cpsr_dqn,lambda_0p3__rho_0p05
303,1303011,thermal_stress,1.0,315.32816791534424,243.49108827114105,71.83707909286022,1.0,32.0,0.0,0.0,0.46875,0.1875,0.34375,md_cpsr_dqn,lambda_0p3__rho_0p05
303,1303012,thermal_stress,1.0,372.4899010370151,245.40051478147507,127.0893865982668,0.0,37.0,28.0,0.0,0.421875,0.28125,0.296875,md_cpsr_dqn,lambda_0p3__rho_0p05
303,1303013,thermal_stress,1.0,294.32879263162613,224.64700204133987,69.6817906498909,0.0,29.0,0.0,0.0,0.53125,0.171875,0.296875,md_cpsr_dqn,lambda_0p3__rho_0p05
303,1303014,thermal_stress,1.0,289.1117627263069,205.7970059812069,83.31475567221642,5.0,33.0,0.0,2.0,0.515625,0.15625,0.328125,md_cpsr_dqn,lambda_0p3__rho_0p05
303,1303015,thermal_stress,1.0,302.14049586499965,220.3087445795536,81.83175247753894,2.0,33.0,3.0,1.0,0.484375,0.171875,0.34375,md_cpsr_dqn,lambda_0p3__rho_0p05
303,1303016,thermal_stress,1.0,358.63843756474387,274.12181210517883,84.51662681557067,2.0,34.0,6.0,0.0,0.453125,0.25,0.296875,md_cpsr_dqn,lambda_0p3__rho_0p05
303,1303017,thermal_stress,1.0,341.18512981891627,260.9544646143913,80.2306682741642,1.0,33.0,3.0,0.0,0.5625,0.21875,0.21875,md_cpsr_dqn,lambda_0p3__rho_0p05
303,1303018,thermal_stress,1.0,359.6639057420934,271.4720117151737,88.19189363948944,0.0,34.0,8.0,0.0,0.46875,0.21875,0.3125,md_cpsr_dqn,lambda_0p3__rho_0p05
303,1303019,thermal_stress,1.0,312.8544512987137,233.52489960193634,79.3295533657074,0.0,35.0,0.0,1.0,0.421875,0.28125,0.296875,md_cpsr_dqn,lambda_0p3__rho_0p05
303,1303000,nominal,1.0,336.3826797604561,259.33222126960754,77.05045983195305,5.0,33.0,0.0,1.0,0.484375,0.125,0.390625,md_cpsr_dqn,lambda_0p3__rho_0p08
303,1303001,nominal,1.0,310.9945196211338,249.5912106335163,61.40330941975117,0.0,29.0,0.0,0.0,0.53125,0.15625,0.3125,md_cpsr_dqn,lambda_0p3__rho_0p08
303,1303002,nominal,1.0,316.2865381240845,239.95354956388474,76.33298927545547,0.0,31.0,0.0,0.0,0.59375,0.125,0.28125,md_cpsr_dqn,lambda_0p3__rho_0p08
303,1303003,nominal,1.0,343.7513939142227,264.76997351646423,78.98142221570015,0.0,33.0,0.0,0.0,0.609375,0.15625,0.234375,md_cpsr_dqn,lambda_0p3__rho_0p08
303,1303004,nominal,1.0,331.6044771671295,242.9661968946457,88.63827979564667,0.0,36.0,0.0,0.0,0.515625,0.21875,0.265625,md_cpsr_dqn,lambda_0p3__rho_0p08
303,1303005,nominal,1.0,285.46186101436615,215.24008053541183,70.22178176045418,0.0,30.0,0.0,0.0,0.421875,0.21875,0.359375,md_cpsr_dqn,lambda_0p3__rho_0p08
303,1303006,nominal,1.0,339.48588958382607,267.9642995893955,71.52158814668655,0.0,31.0,0.0,2.0,0.515625,0.28125,0.203125,md_cpsr_dqn,lambda_0p3__rho_0p08
303,1303007,nominal,1.0,279.8789373636246,217.83616518974304,62.04277257621288,0.0,27.0,0.0,0.0,0.546875,0.203125,0.25,md_cpsr_dqn,lambda_0p3__rho_0p08
303,1303008,nominal,1.0,349.8219502568245,270.3451451063156,79.47680482268333,0.0,33.0,0.0,0.0,0.53125,0.234375,0.234375,md_cpsr_dqn,lambda_0p3__rho_0p08
303,1303009,nominal,1.0,316.1942746043205,251.32054924964905,64.8737261891365,0.0,28.0,0.0,0.0,0.578125,0.15625,0.265625,md_cpsr_dqn,lambda_0p3__rho_0p08
303,1303010,nominal,1.0,334.60832112982285,242.14988976716995,92.45843112423417,0.0,36.0,8.0,3.0,0.453125,0.15625,0.390625,md_cpsr_dqn,lambda_0p3__rho_0p08
303,1303011,nominal,1.0,297.555579662323,231.7929064631462,65.76267367601395,0.0,29.0,0.0,0.0,0.453125,0.171875,0.375,md_cpsr_dqn,lambda_0p3__rho_0p08
303,1303012,nominal,1.0,317.35775154461453,220.51215159893036,96.8456008695562,0.0,37.0,14.0,0.0,0.46875,0.25,0.28125,md_cpsr_dqn,lambda_0p3__rho_0p08
303,1303013,nominal,1.0,277.9059072136879,218.8965031504631,59.00940331816673,0.0,27.0,0.0,0.0,0.515625,0.171875,0.3125,md_cpsr_dqn,lambda_0p3__rho_0p08
303,1303014,nominal,1.0,260.58607276678083,188.5532822906971,72.03279229402543,0.0,32.0,0.0,2.0,0.53125,0.140625,0.328125,md_cpsr_dqn,lambda_0p3__rho_0p08
303,1303015,nominal,1.0,281.84029945731163,208.68038162589073,73.15991824865341,0.0,31.0,0.0,0.0,0.546875,0.140625,0.3125,md_cpsr_dqn,lambda_0p3__rho_0p08
303,1303016,nominal,1.0,334.7833939194679,258.93546867370605,75.8479250818491,0.0,32.0,0.0,0.0,0.5,0.21875,0.28125,md_cpsr_dqn,lambda_0p3__rho_0p08
303,1303017,nominal,1.0,308.6985487341881,233.6618087887764,75.03673967719078,0.0,32.0,0.0,0.0,0.609375,0.1875,0.203125,md_cpsr_dqn,lambda_0p3__rho_0p08
303,1303018,nominal,1.0,324.48716762437607,242.88278076052666,81.60438859238413,0.0,33.0,1.0,0.0,0.515625,0.1875,0.296875,md_cpsr_dqn,lambda_0p3__rho_0p08
303,1303019,nominal,1.0,291.5855404138565,208.51864278316498,83.06689840555191,0.0,35.0,0.0,1.0,0.46875,0.234375,0.296875,md_cpsr_dqn,lambda_0p3__rho_0p08
303,1303000,burst,1.0,366.1076470017433,269.08076775074005,97.02688044309616,16.0,34.0,0.0,1.0,0.46875,0.140625,0.390625,md_cpsr_dqn,lambda_0p3__rho_0p08
303,1303001,burst,1.0,330.2006669342518,262.63996663689613,67.56070013344288,2.0,31.0,0.0,0.0,0.515625,0.1875,0.296875,md_cpsr_dqn,lambda_0p3__rho_0p08
303,1303002,burst,1.0,339.574647963047,258.5982890725136,80.97636142373085,0.0,33.0,0.0,0.0,0.578125,0.125,0.296875,md_cpsr_dqn,lambda_0p3__rho_0p08
303,1303003,burst,1.0,375.10240819180757,283.7965418100357,91.30586757386476,0.0,35.0,7.0,0.0,0.59375,0.171875,0.234375,md_cpsr_dqn,lambda_0p3__rho_0p08
303,1303004,burst,1.0,361.1642842811636,255.65022867918015,105.51405654075668,0.0,38.0,18.0,0.0,0.5,0.25,0.25,md_cpsr_dqn,lambda_0p3__rho_0p08
303,1303005,burst,1.0,298.0292893052101,221.6844471693039,76.34484224021435,1.0,33.0,0.0,0.0,0.40625,0.234375,0.359375,md_cpsr_dqn,lambda_0p3__rho_0p08
303,1303006,burst,1.0,357.89391872286797,277.0832439959049,80.81067609786987,1.0,33.0,0.0,2.0,0.5,0.296875,0.203125,md_cpsr_dqn,lambda_0p3__rho_0p08
303,1303007,burst,1.0,304.61578369140625,238.4633066058159,66.15247756242752,1.0,28.0,0.0,0.0,0.515625,0.203125,0.28125,md_cpsr_dqn,lambda_0p3__rho_0p08
303,1303008,burst,1.0,362.1573022723198,276.17533499002457,85.98196784853936,0.0,35.0,1.0,0.0,0.515625,0.234375,0.25,md_cpsr_dqn,lambda_0p3__rho_0p08
303,1303009,burst,1.0,326.9747459292412,254.3647398352623,72.6100053191185,0.0,30.0,0.0,0.0,0.5625,0.171875,0.265625,md_cpsr_dqn,lambda_0p3__rho_0p08
303,1303010,burst,1.0,388.84262243510574,265.76267009973526,123.07995179892863,0.0,37.0,30.0,3.0,0.359375,0.25,0.390625,md_cpsr_dqn,lambda_0p3__rho_0p08
303,1303011,burst,1.0,312.6044464111328,241.58471930027008,71.01972752809525,1.0,32.0,0.0,0.0,0.453125,0.1875,0.359375,md_cpsr_dqn,lambda_0p3__rho_0p08
303,1303012,burst,1.0,367.2881981436686,248.79398226737976,118.49421617431211,0.0,36.0,27.0,0.0,0.4375,0.28125,0.28125,md_cpsr_dqn,lambda_0p3__rho_0p08
303,1303013,burst,1.0,305.8589187860489,236.1771286725998,69.6817906498909,0.0,29.0,0.0,0.0,0.5,0.1875,0.3125,md_cpsr_dqn,lambda_0p3__rho_0p08
303,1303014,burst,1.0,288.7691482543945,205.5153644979,83.25378369688988,4.0,33.0,0.0,2.0,0.515625,0.15625,0.328125,md_cpsr_dqn,lambda_0p3__rho_0p08
303,1303015,burst,1.0,297.8478972354058,216.9383409321308,80.90955773378644,2.0,32.0,3.0,0.0,0.5,0.171875,0.328125,md_cpsr_dqn,lambda_0p3__rho_0p08
303,1303016,burst,1.0,366.6268410745247,280.44459146261215,86.18225002914497,0.0,34.0,7.0,0.0,0.453125,0.265625,0.28125,md_cpsr_dqn,lambda_0p3__rho_0p08
303,1303017,burst,1.0,340.634802018404,261.5241489112377,79.11065274953842,0.0,33.0,1.0,0.0,0.578125,0.21875,0.203125,md_cpsr_dqn,lambda_0p3__rho_0p08
303,1303018,burst,1.0,359.28369218341953,271.091798633337,88.19189363948944,0.0,34.0,8.0,0.0,0.46875,0.21875,0.3125,md_cpsr_dqn,lambda_0p3__rho_0p08
303,1303019,burst,1.0,312.6179050207138,233.28835201263428,79.3295533657074,0.0,35.0,0.0,1.0,0.421875,0.28125,0.296875,md_cpsr_dqn,lambda_0p3__rho_0p08
303,1303000,link_limited,1.0,473.5469271059026,348.5709244608879,124.97600449275862,14.0,37.0,16.0,1.0,0.625,0.046875,0.328125,md_cpsr_dqn,lambda_0p3__rho_0p08
303,1303001,link_limited,1.0,383.5137891173363,313.66752791404724,69.8462633639574,0.0,31.0,0.0,0.0,0.640625,0.109375,0.25,md_cpsr_dqn,lambda_0p3__rho_0p08
303,1303002,link_limited,1.0,383.423896473527,303.55940014123917,79.86449639189243,0.0,34.0,4.0,0.0,0.703125,0.078125,0.21875,md_cpsr_dqn,lambda_0p3__rho_0p08
303,1303003,link_limited,1.0,481.5186860433407,350.65425568819046,130.86443060847,0.0,39.0,30.0,0.0,0.71875,0.0625,0.21875,md_cpsr_dqn,lambda_0p3__rho_0p08
303,1303004,link_limited,1.0,470.943018609251,332.8516369462013,138.09138208028224,0.0,38.0,19.0,0.0,0.578125,0.15625,0.265625,md_cpsr_dqn,lambda_0p3__rho_0p08
303,1303005,link_limited,1.0,371.4489021971033,277.64085817337036,93.80804390452356,0.0,34.0,12.0,0.0,0.59375,0.109375,0.296875,md_cpsr_dqn,lambda_0p3__rho_0p08
303,1303006,link_limited,1.0,427.05849440169663,332.3781515955925,94.68034328294138,0.0,33.0,13.0,2.0,0.671875,0.171875,0.15625,md_cpsr_dqn,lambda_0p3__rho_0p08
303,1303007,link_limited,1.0,337.31514298915863,269.22446101903915,68.09068267047405,0.0,29.0,0.0,0.0,0.71875,0.125,0.15625,md_cpsr_dqn,lambda_0p3__rho_0p08
303,1303008,link_limited,1.0,508.67378331189235,334.5315350294113,174.14224862520766,0.0,42.0,38.0,0.0,0.71875,0.125,0.15625,md_cpsr_dqn,lambda_0p3__rho_0p08
303,1303009,link_limited,1.0,392.424691093398,307.30606961250305,85.1186211232671,0.0,31.0,7.0,0.0,0.703125,0.109375,0.1875,md_cpsr_dqn,lambda_0p3__rho_0p08
303,1303010,link_limited,1.0,521.0605618521857,346.17253214120865,174.8880295321631,0.0,41.0,31.0,3.0,0.59375,0.109375,0.296875,md_cpsr_dqn,lambda_0p3__rho_0p08
303,1303011,link_limited,1.0,419.5555648803711,324.8899847269058,94.6655796021223,0.0,39.0,0.0,0.0,0.640625,0.09375,0.265625,md_cpsr_dqn,lambda_0p3__rho_0p08
303,1303012,link_limited,1.0,513.8130362755396,305.21850794553757,208.59452804688013,0.0,40.0,38.0,0.0,0.5625,0.171875,0.265625,md_cpsr_dqn,lambda_0p3__rho_0p08
303,1303013,link_limited,1.0,379.77592343091965,301.3871227502823,78.38880088925362,0.0,33.0,0.0,0.0,0.609375,0.109375,0.28125,md_cpsr_dqn,lambda_0p3__rho_0p08
303,1303014,link_limited,1.0,311.92581521868703,225.70068204402924,86.22513493299485,0.0,35.0,0.0,2.0,0.65625,0.109375,0.234375,md_cpsr_dqn,lambda_0p3__rho_0p08
303,1303015,link_limited,1.0,341.5025069117877,250.69121366739273,90.81129345301115,0.0,33.0,10.0,0.0,0.65625,0.109375,0.234375,md_cpsr_dqn,lambda_0p3__rho_0p08
303,1303016,link_limited,1.0,559.2952036938517,374.29886239767075,184.9963417730183,0.0,42.0,36.0,0.0,0.625,0.171875,0.203125,md_cpsr_dqn,lambda_0p3__rho_0p08
303,1303017,link_limited,1.0,462.0828307382679,348.0300323963165,114.05279841645722,0.0,36.0,13.0,0.0,0.6875,0.140625,0.171875,md_cpsr_dqn,lambda_0p3__rho_0p08
303,1303018,link_limited,1.0,455.8721364953435,352.6832463145256,103.18889080666673,0.0,34.0,16.0,0.0,0.625,0.109375,0.265625,md_cpsr_dqn,lambda_0p3__rho_0p08
303,1303019,link_limited,1.0,478.59579260498833,300.2475689649582,178.34822399765795,0.0,39.0,33.0,1.0,0.609375,0.109375,0.28125,md_cpsr_dqn,lambda_0p3__rho_0p08
303,1303000,energy_limited,1.0,368.35730361938477,259.83757877349854,108.51972368359566,5.0,44.0,0.0,1.0,0.484375,0.125,0.390625,md_cpsr_dqn,lambda_0p3__rho_0p08
303,1303001,energy_limited,1.0,351.4999657571316,250.2309658229351,101.26900267601013,0.0,42.0,0.0,0.0,0.515625,0.15625,0.328125,md_cpsr_dqn,lambda_0p3__rho_0p08
303,1303002,energy_limited,1.0,345.9677959680557,241.35698133707047,104.61081494390965,0.0,42.0,0.0,0.0,0.546875,0.125,0.328125,md_cpsr_dqn,lambda_0p3__rho_0p08
303,1303003,energy_limited,1.0,378.41497617959976,265.7263290286064,112.68864756822586,0.0,46.0,0.0,0.0,0.609375,0.125,0.265625,md_cpsr_dqn,lambda_0p3__rho_0p08
303,1303004,energy_limited,1.0,358.35281348228455,243.52047449350357,114.83233878016472,0.0,46.0,0.0,0.0,0.515625,0.21875,0.265625,md_cpsr_dqn,lambda_0p3__rho_0p08
303,1303005,energy_limited,1.0,318.23619145154953,215.68609523773193,102.55009754002094,0.0,42.0,0.0,0.0,0.421875,0.21875,0.359375,md_cpsr_dqn,lambda_0p3__rho_0p08
303,1303006,energy_limited,1.0,371.5732088983059,268.6851778924465,102.88803033530712,0.0,45.0,0.0,2.0,0.515625,0.28125,0.203125,md_cpsr_dqn,lambda_0p3__rho_0p08
303,1303007,energy_limited,1.0,311.69834023714066,218.57118076086044,93.12715947628021,0.0,40.0,0.0,0.0,0.546875,0.203125,0.25,md_cpsr_dqn,lambda_0p3__rho_0p08
303,1303008,energy_limited,1.0,382.4455639719963,270.81528252363205,111.63028222322464,0.0,45.0,0.0,0.0,0.53125,0.234375,0.234375,md_cpsr_dqn,lambda_0p3__rho_0p08
303,1303009,energy_limited,1.0,349.23001009225845,252.03082424402237,97.19918814301491,0.0,43.0,0.0,0.0,0.578125,0.15625,0.265625,md_cpsr_dqn,lambda_0p3__rho_0p08
303,1303010,energy_limited,1.0,360.3959455843211,242.58445382118225,117.81149183764457,0.0,48.0,8.0,3.0,0.453125,0.15625,0.390625,md_cpsr_dqn,lambda_0p3__rho_0p08
303,1303011,energy_limited,1.0,339.0244533419609,229.16939103603363,109.85506355762482,0.0,45.0,0.0,0.0,0.4375,0.140625,0.421875,md_cpsr_dqn,lambda_0p3__rho_0p08
303,1303012,energy_limited,1.0,340.4390722952168,224.9182325899601,115.52083866217548,0.0,45.0,8.0,0.0,0.4375,0.25,0.3125,md_cpsr_dqn,lambda_0p3__rho_0p08
303,1303013,energy_limited,1.0,315.09785681962967,219.57461285591125,95.52324344217777,0.0,42.0,0.0,0.0,0.515625,0.171875,0.3125,md_cpsr_dqn,lambda_0p3__rho_0p08
303,1303014,energy_limited,1.0,297.80758106708527,189.12412413954735,108.68345814943314,0.0,45.0,0.0,2.0,0.53125,0.140625,0.328125,md_cpsr_dqn,lambda_0p3__rho_0p08
303,1303015,energy_limited,1.0,310.9156186580658,209.31537881493568,101.60024146735668,0.0,43.0,0.0,0.0,0.546875,0.140625,0.3125,md_cpsr_dqn,lambda_0p3__rho_0p08
303,1303016,energy_limited,1.0,365.1075410246849,259.46775656938553,105.63978523015976,0.0,43.0,0.0,0.0,0.5,0.21875,0.28125,md_cpsr_dqn,lambda_0p3__rho_0p08
303,1303017,energy_limited,1.0,347.19963788986206,234.5196993947029,112.67994040250778,0.0,46.0,0.0,0.0,0.578125,0.1875,0.234375,md_cpsr_dqn,lambda_0p3__rho_0p08
303,1303018,energy_limited,1.0,349.0301240064123,243.51845076680183,105.51167534067419,0.0,44.0,1.0,0.0,0.515625,0.1875,0.296875,md_cpsr_dqn,lambda_0p3__rho_0p08
303,1303019,energy_limited,1.0,320.89696431159973,208.94708240032196,111.94988471269608,0.0,45.0,0.0,1.0,0.46875,0.234375,0.296875,md_cpsr_dqn,lambda_0p3__rho_0p08
303,1303000,thermal_stress,1.0,366.6141086816788,269.3899058699608,97.22420567274094,16.0,34.0,0.0,1.0,0.46875,0.140625,0.390625,md_cpsr_dqn,lambda_0p3__rho_0p08
303,1303001,thermal_stress,1.0,330.656312674284,262.9994250237942,67.65688844025135,2.0,31.0,0.0,0.0,0.515625,0.1875,0.296875,md_cpsr_dqn,lambda_0p3__rho_0p08
303,1303002,thermal_stress,1.0,339.9693792462349,258.99301809072495,80.97636142373085,0.0,33.0,0.0,0.0,0.578125,0.125,0.296875,md_cpsr_dqn,lambda_0p3__rho_0p08
303,1303003,thermal_stress,1.0,375.3950793358162,284.08921152353287,91.30586757386476,0.0,35.0,7.0,0.0,0.59375,0.171875,0.234375,md_cpsr_dqn,lambda_0p3__rho_0p08
303,1303004,thermal_stress,1.0,361.5742008012823,256.06014508008957,105.51405654075668,0.0,38.0,18.0,0.0,0.5,0.25,0.25,md_cpsr_dqn,lambda_0p3__rho_0p08
303,1303005,thermal_stress,1.0,298.33903539180756,221.94664132595062,76.39239530265331,1.0,33.0,0.0,0.0,0.40625,0.234375,0.359375,md_cpsr_dqn,lambda_0p3__rho_0p08
303,1303006,thermal_stress,1.0,359.34395986795425,279.48233729600906,79.86162304878235,1.0,33.0,0.0,2.0,0.484375,0.3125,0.203125,md_cpsr_dqn,lambda_0p3__rho_0p08
303,1303007,thermal_stress,1.0,305.0718278288841,238.87179815769196,66.20002919435501,1.0,28.0,0.0,0.0,0.515625,0.203125,0.28125,md_cpsr_dqn,lambda_0p3__rho_0p08
303,1303008,thermal_stress,1.0,362.4016304731369,276.41966354846954,85.98196784853936,0.0,35.0,1.0,0.0,0.515625,0.234375,0.25,md_cpsr_dqn,lambda_0p3__rho_0p08
303,1303009,thermal_stress,1.0,327.3487695455551,254.73876577615738,72.6100053191185,0.0,30.0,0.0,0.0,0.5625,0.171875,0.265625,md_cpsr_dqn,lambda_0p3__rho_0p08
303,1303010,thermal_stress,1.0,389.2154878139624,266.1355359554291,123.07995179892863,0.0,37.0,30.0,3.0,0.359375,0.25,0.390625,md_cpsr_dqn,lambda_0p3__rho_0p08
303,1303011,thermal_stress,1.0,312.97928673028946,241.94032257795334,71.03896504640579,1.0,32.0,0.0,0.0,0.453125,0.1875,0.359375,md_cpsr_dqn,lambda_0p3__rho_0p08
303,1303012,thermal_stress,1.0,367.6385471229033,249.14433148503304,118.49421617431211,0.0,36.0,27.0,0.0,0.4375,0.28125,0.28125,md_cpsr_dqn,lambda_0p3__rho_0p08
303,1303013,thermal_stress,1.0,306.2059980034828,236.5242058634758,69.6817906498909,0.0,29.0,0.0,0.0,0.5,0.1875,0.3125,md_cpsr_dqn,lambda_0p3__rho_0p08
303,1303014,thermal_stress,1.0,289.1117627263069,205.7970059812069,83.31475567221642,5.0,33.0,0.0,2.0,0.515625,0.15625,0.328125,md_cpsr_dqn,lambda_0p3__rho_0p08
303,1303015,thermal_stress,1.0,298.23270389820374,217.29755276441574,80.93515244509015,2.0,32.0,3.0,0.0,0.5,0.171875,0.328125,md_cpsr_dqn,lambda_0p3__rho_0p08
303,1303016,thermal_stress,1.0,366.9177944126709,280.7355444431305,86.18225002914497,0.0,34.0,7.0,0.0,0.453125,0.265625,0.28125,md_cpsr_dqn,lambda_0p3__rho_0p08
303,1303017,thermal_stress,1.0,340.92209169745445,261.81132727861404,79.11076432943344,1.0,33.0,1.0,0.0,0.578125,0.21875,0.203125,md_cpsr_dqn,lambda_0p3__rho_0p08
303,1303018,thermal_stress,1.0,359.6639057420934,271.4720117151737,88.19189363948944,0.0,34.0,8.0,0.0,0.46875,0.21875,0.3125,md_cpsr_dqn,lambda_0p3__rho_0p08
303,1303019,thermal_stress,1.0,312.8544512987137,233.52489960193634,79.3295533657074,0.0,35.0,0.0,1.0,0.421875,0.28125,0.296875,md_cpsr_dqn,lambda_0p3__rho_0p08
303,1303000,nominal,1.0,336.3826797604561,259.33222126960754,77.05045983195305,5.0,33.0,0.0,1.0,0.484375,0.125,0.390625,md_cpsr_dqn,lambda_1__rho_0p03
303,1303001,nominal,1.0,309.7778339087963,247.67429706454277,62.10353749990463,0.0,29.0,0.0,0.0,0.515625,0.171875,0.3125,md_cpsr_dqn,lambda_1__rho_0p03
303,1303002,nominal,1.0,314.7628574371338,238.46352982521057,76.29932767152786,0.0,31.0,0.0,0.0,0.578125,0.125,0.296875,md_cpsr_dqn,lambda_1__rho_0p03
303,1303003,nominal,1.0,345.4700111746788,266.41566383838654,79.05434879660606,0.0,33.0,0.0,0.0,0.59375,0.140625,0.265625,md_cpsr_dqn,lambda_1__rho_0p03
303,1303004,nominal,1.0,331.6044771671295,242.9661968946457,88.63827979564667,0.0,36.0,0.0,0.0,0.515625,0.21875,0.265625,md_cpsr_dqn,lambda_1__rho_0p03
303,1303005,nominal,1.0,286.21265095472336,218.22741848230362,67.98523318767548,0.0,29.0,0.0,0.0,0.4375,0.21875,0.34375,md_cpsr_dqn,lambda_1__rho_0p03
303,1303006,nominal,1.0,337.4432469904423,265.92165979743004,71.52158814668655,0.0,31.0,0.0,2.0,0.515625,0.296875,0.1875,md_cpsr_dqn,lambda_1__rho_0p03
303,1303007,nominal,1.0,276.30841052532196,214.26563835144043,62.04277257621288,0.0,27.0,0.0,0.0,0.5625,0.203125,0.234375,md_cpsr_dqn,lambda_1__rho_0p03
303,1303008,nominal,1.0,345.80385756492615,264.80719780921936,80.9966594427824,0.0,34.0,0.0,0.0,0.53125,0.234375,0.234375,md_cpsr_dqn,lambda_1__rho_0p03
303,1303009,nominal,1.0,315.25366139411926,249.14623975753784,66.107421875,0.0,28.0,0.0,0.0,0.546875,0.1875,0.265625,md_cpsr_dqn,lambda_1__rho_0p03
303,1303010,nominal,1.0,341.38286145329477,250.34216648340225,91.04069651961326,0.0,36.0,0.0,3.0,0.4375,0.15625,0.40625,md_cpsr_dqn,lambda_1__rho_0p03
303,1303011,nominal,1.0,297.555579662323,231.7929064631462,65.76267367601395,0.0,29.0,0.0,0.0,0.453125,0.171875,0.375,md_cpsr_dqn,lambda_1__rho_0p03
303,1303012,nominal,1.0,316.63467920145786,220.383626639843,96.25105330667301,0.0,37.0,11.0,0.0,0.4375,0.25,0.3125,md_cpsr_dqn,lambda_1__rho_0p03
303,1303013,nominal,1.0,277.7763631939888,218.77331578731537,59.00304636359215,0.0,27.0,0.0,0.0,0.5,0.1875,0.3125,md_cpsr_dqn,lambda_1__rho_0p03
303,1303014,nominal,1.0,260.58607276678083,188.5532822906971,72.03279229402543,0.0,32.0,0.0,2.0,0.53125,0.140625,0.328125,md_cpsr_dqn,lambda_1__rho_0p03
303,1303015,nominal,1.0,282.3049686253071,208.03350469470024,74.27146601676941,0.0,31.0,0.0,1.0,0.515625,0.171875,0.3125,md_cpsr_dqn,lambda_1__rho_0p03
303,1303016,nominal,1.0,333.96373122930527,258.0802379846573,75.88349531590939,0.0,32.0,0.0,0.0,0.5,0.234375,0.265625,md_cpsr_dqn,lambda_1__rho_0p03
303,1303017,nominal,1.0,307.3222186565399,233.70719558000565,73.61502397060394,0.0,31.0,0.0,0.0,0.59375,0.203125,0.203125,md_cpsr_dqn,lambda_1__rho_0p03
303,1303018,nominal,1.0,324.7577229440212,243.15494593977928,81.60277861356735,0.0,33.0,0.0,0.0,0.5,0.1875,0.3125,md_cpsr_dqn,lambda_1__rho_0p03
303,1303019,nominal,1.0,291.5855404138565,208.51864278316498,83.06689840555191,0.0,35.0,0.0,1.0,0.46875,0.234375,0.296875,md_cpsr_dqn,lambda_1__rho_0p03
303,1303000,burst,1.0,366.1076470017433,269.08076775074005,97.02688044309616,16.0,34.0,0.0,1.0,0.46875,0.140625,0.390625,md_cpsr_dqn,lambda_1__rho_0p03
303,1303001,burst,1.0,327.9972674548626,260.02105888724327,67.97620935738087,2.0,31.0,0.0,0.0,0.5,0.21875,0.28125,md_cpsr_dqn,lambda_1__rho_0p03
303,1303002,burst,1.0,338.0436038970947,257.1009039878845,80.94269981980324,0.0,33.0,0.0,0.0,0.5625,0.125,0.3125,md_cpsr_dqn,lambda_1__rho_0p03
303,1303003,burst,1.0,373.0246034860611,289.6256076693535,83.39899632334709,0.0,34.0,0.0,0.0,0.5625,0.15625,0.28125,md_cpsr_dqn,lambda_1__rho_0p03
303,1303004,burst,1.0,361.1642842811636,255.65022867918015,105.51405654075668,0.0,38.0,18.0,0.0,0.5,0.25,0.25,md_cpsr_dqn,lambda_1__rho_0p03
303,1303005,burst,1.0,298.0292893052101,221.6844471693039,76.34484224021435,1.0,33.0,0.0,0.0,0.40625,0.234375,0.359375,md_cpsr_dqn,lambda_1__rho_0p03
303,1303006,burst,1.0,360.47396352887154,280.89120212197304,79.58276316523552,1.0,32.0,0.0,2.0,0.453125,0.3125,0.234375,md_cpsr_dqn,lambda_1__rho_0p03
303,1303007,burst,1.0,302.35410952568054,236.2016327381134,66.15247756242752,1.0,28.0,0.0,0.0,0.515625,0.203125,0.28125,md_cpsr_dqn,lambda_1__rho_0p03
303,1303008,burst,1.0,351.23286835710536,263.57470655441284,87.65816260735525,2.0,35.0,3.0,0.0,0.5,0.265625,0.234375,md_cpsr_dqn,lambda_1__rho_0p03
303,1303009,burst,1.0,327.3890716433525,254.96779826283455,72.42127352952957,0.0,30.0,0.0,0.0,0.53125,0.21875,0.25,md_cpsr_dqn,lambda_1__rho_0p03
303,1303010,burst,1.0,390.066130794101,267.5137882232666,122.55234203439261,0.0,37.0,30.0,3.0,0.359375,0.234375,0.40625,md_cpsr_dqn,lambda_1__rho_0p03
303,1303011,burst,1.0,315.5678858757019,245.58885151147842,69.97903501987457,1.0,31.0,0.0,0.0,0.4375,0.1875,0.375,md_cpsr_dqn,lambda_1__rho_0p03
303,1303012,burst,1.0,365.4078260618226,248.74928042292595,116.6585464137571,0.0,36.0,26.0,0.0,0.40625,0.28125,0.3125,md_cpsr_dqn,lambda_1__rho_0p03
303,1303013,burst,1.0,299.04100811481476,229.35921716690063,69.6817906498909,0.0,29.0,0.0,0.0,0.484375,0.1875,0.328125,md_cpsr_dqn,lambda_1__rho_0p03
303,1303014,burst,1.0,292.8430861473083,209.58930233120918,83.25378369688988,4.0,33.0,0.0,2.0,0.5,0.15625,0.34375,md_cpsr_dqn,lambda_1__rho_0p03
303,1303015,burst,1.0,301.5178228047017,219.85650426149368,81.66131925846372,2.0,33.0,3.0,1.0,0.484375,0.1875,0.328125,md_cpsr_dqn,lambda_1__rho_0p03
303,1303016,burst,1.0,363.2971315514669,279.71285593509674,83.58427572067828,2.0,34.0,5.0,0.0,0.4375,0.265625,0.296875,md_cpsr_dqn,lambda_1__rho_0p03
303,1303017,burst,1.0,340.8919479823112,260.6703317761421,80.22161742806435,1.0,33.0,3.0,0.0,0.5625,0.21875,0.21875,md_cpsr_dqn,lambda_1__rho_0p03
303,1303018,burst,1.0,358.0841633402124,271.2791847884655,86.80498007166533,0.0,34.0,4.0,0.0,0.453125,0.21875,0.328125,md_cpsr_dqn,lambda_1__rho_0p03
303,1303019,burst,1.0,312.6179050207138,233.28835201263428,79.3295533657074,0.0,35.0,0.0,1.0,0.421875,0.28125,0.296875,md_cpsr_dqn,lambda_1__rho_0p03
303,1303000,link_limited,1.0,473.5469271059026,348.5709244608879,124.97600449275862,14.0,37.0,16.0,1.0,0.625,0.046875,0.328125,md_cpsr_dqn,lambda_1__rho_0p03
303,1303001,link_limited,1.0,381.5622052550316,311.7159435749054,69.8462633639574,0.0,31.0,0.0,0.0,0.625,0.109375,0.265625,md_cpsr_dqn,lambda_1__rho_0p03
303,1303002,link_limited,1.0,383.423896473527,303.55940014123917,79.86449639189243,0.0,34.0,4.0,0.0,0.703125,0.078125,0.21875,md_cpsr_dqn,lambda_1__rho_0p03
303,1303003,link_limited,1.0,472.23187937067837,354.2659235596657,117.96595616864039,0.0,37.0,22.0,0.0,0.71875,0.078125,0.203125,md_cpsr_dqn,lambda_1__rho_0p03
303,1303004,link_limited,1.0,470.943018609251,332.8516369462013,138.09138208028224,0.0,38.0,19.0,0.0,0.578125,0.15625,0.265625,md_cpsr_dqn,lambda_1__rho_0p03
303,1303005,link_limited,1.0,370.3670339989469,280.1713326573372,90.1957018780515,0.0,34.0,11.0,0.0,0.578125,0.109375,0.3125,md_cpsr_dqn,lambda_1__rho_0p03
303,1303006,link_limited,1.0,427.05849440169663,332.3781515955925,94.68034328294138,0.0,33.0,13.0,2.0,0.671875,0.171875,0.15625,md_cpsr_dqn,lambda_1__rho_0p03
303,1303007,link_limited,1.0,341.0775409936905,272.9868592619896,68.09068267047405,0.0,29.0,0.0,0.0,0.703125,0.125,0.171875,md_cpsr_dqn,lambda_1__rho_0p03
303,1303008,link_limited,1.0,516.4556226598569,337.1433634161949,179.31225958638868,0.0,42.0,38.0,0.0,0.6875,0.125,0.1875,md_cpsr_dqn,lambda_1__rho_0p03
303,1303009,link_limited,1.0,392.424691093398,307.30606961250305,85.1186211232671,0.0,31.0,7.0,0.0,0.703125,0.109375,0.1875,md_cpsr_dqn,lambda_1__rho_0p03
303,1303010,link_limited,1.0,521.624335250569,341.9490644931793,179.67527057857578,0.0,41.0,31.0,3.0,0.59375,0.09375,0.3125,md_cpsr_dqn,lambda_1__rho_0p03
303,1303011,link_limited,1.0,418.6830224223137,325.22568666934967,93.45733827126026,0.0,38.0,1.0,0.0,0.609375,0.109375,0.28125,md_cpsr_dqn,lambda_1__rho_0p03
303,1303012,link_limited,1.0,508.859368110653,306.2489004433155,202.61046738421547,0.0,40.0,37.0,0.0,0.546875,0.171875,0.28125,md_cpsr_dqn,lambda_1__rho_0p03
303,1303013,link_limited,1.0,379.77592343091965,301.3871227502823,78.38880088925362,0.0,33.0,0.0,0.0,0.609375,0.109375,0.28125,md_cpsr_dqn,lambda_1__rho_0p03
303,1303014,link_limited,1.0,311.92581521868703,225.70068204402924,86.22513493299485,0.0,35.0,0.0,2.0,0.65625,0.109375,0.234375,md_cpsr_dqn,lambda_1__rho_0p03
303,1303015,link_limited,1.0,341.5025069117877,250.69121366739273,90.81129345301115,0.0,33.0,10.0,0.0,0.65625,0.109375,0.234375,md_cpsr_dqn,lambda_1__rho_0p03
303,1303016,link_limited,1.0,557.7649642469435,375.9101079106331,181.854856008485,0.0,42.0,36.0,0.0,0.625,0.1875,0.1875,md_cpsr_dqn,lambda_1__rho_0p03
303,1303017,link_limited,1.0,462.0828307382679,348.0300323963165,114.05279841645722,0.0,36.0,13.0,0.0,0.6875,0.140625,0.171875,md_cpsr_dqn,lambda_1__rho_0p03
303,1303018,link_limited,1.0,455.8721364953435,352.6832463145256,103.18889080666673,0.0,34.0,16.0,0.0,0.625,0.109375,0.265625,md_cpsr_dqn,lambda_1__rho_0p03
303,1303019,link_limited,1.0,482.37808836837377,302.1081147789955,180.26997394700626,0.0,39.0,33.0,1.0,0.59375,0.140625,0.265625,md_cpsr_dqn,lambda_1__rho_0p03
303,1303000,energy_limited,1.0,368.35730361938477,259.83757877349854,108.51972368359566,5.0,44.0,0.0,1.0,0.484375,0.125,0.390625,md_cpsr_dqn,lambda_1__rho_0p03
303,1303001,energy_limited,1.0,351.31228718161583,248.4393603503704,102.87292835116386,0.0,43.0,0.0,0.0,0.5,0.203125,0.296875,md_cpsr_dqn,lambda_1__rho_0p03
303,1303002,energy_limited,1.0,344.18112564086914,239.04769945144653,105.13342700898647,0.0,42.0,0.0,0.0,0.5625,0.125,0.3125,md_cpsr_dqn,lambda_1__rho_0p03
303,1303003,energy_limited,1.0,374.4002592045068,260.3880249261856,114.0122360664606,0.0,46.0,3.0,0.0,0.609375,0.109375,0.28125,md_cpsr_dqn,lambda_1__rho_0p03
303,1303004,energy_limited,1.0,358.35281348228455,243.52047449350357,114.83233878016472,0.0,46.0,0.0,0.0,0.515625,0.21875,0.265625,md_cpsr_dqn,lambda_1__rho_0p03
303,1303005,energy_limited,1.0,320.263807952404,217.71371108293533,102.55009754002094,0.0,42.0,0.0,0.0,0.421875,0.21875,0.359375,md_cpsr_dqn,lambda_1__rho_0p03
303,1303006,energy_limited,1.0,372.4996026456356,266.4592905342579,106.04031330347061,0.0,45.0,0.0,2.0,0.515625,0.296875,0.1875,md_cpsr_dqn,lambda_1__rho_0p03
303,1303007,energy_limited,1.0,308.12781339883804,215.00065392255783,93.12715947628021,0.0,40.0,0.0,0.0,0.5625,0.203125,0.234375,md_cpsr_dqn,lambda_1__rho_0p03
303,1303008,energy_limited,1.0,379.02631348371506,266.2129992842674,112.81331640481949,0.0,45.0,0.0,0.0,0.515625,0.21875,0.265625,md_cpsr_dqn,lambda_1__rho_0p03
303,1303009,energy_limited,1.0,346.69970601797104,249.79635608196259,96.90335083007812,0.0,43.0,0.0,0.0,0.546875,0.1875,0.265625,md_cpsr_dqn,lambda_1__rho_0p03
303,1303010,energy_limited,1.0,370.0622545421123,255.16329491138458,114.89896064400673,0.0,47.0,0.0,3.0,0.4375,0.140625,0.421875,md_cpsr_dqn,lambda_1__rho_0p03
303,1303011,energy_limited,1.0,339.1398655772209,231.55378878116608,107.58607703447342,0.0,45.0,0.0,0.0,0.4375,0.171875,0.390625,md_cpsr_dqn,lambda_1__rho_0p03
303,1303012,energy_limited,1.0,338.0051271351317,220.81847715377808,117.18665096483036,0.0,45.0,11.0,0.0,0.4375,0.25,0.3125,md_cpsr_dqn,lambda_1__rho_0p03
303,1303013,energy_limited,1.0,315.09785681962967,219.57461285591125,95.52324344217777,0.0,42.0,0.0,0.0,0.515625,0.171875,0.3125,md_cpsr_dqn,lambda_1__rho_0p03
303,1303014,energy_limited,1.0,297.80758106708527,189.12412413954735,108.68345814943314,0.0,45.0,0.0,2.0,0.53125,0.140625,0.328125,md_cpsr_dqn,lambda_1__rho_0p03
303,1303015,energy_limited,1.0,312.7434760928154,208.62990102171898,104.1135773807764,0.0,46.0,0.0,1.0,0.515625,0.171875,0.3125,md_cpsr_dqn,lambda_1__rho_0p03
303,1303016,energy_limited,1.0,364.56897324323654,259.1519038081169,105.4170697927475,0.0,43.0,0.0,0.0,0.484375,0.21875,0.296875,md_cpsr_dqn,lambda_1__rho_0p03
303,1303017,energy_limited,1.0,347.19963788986206,234.5196993947029,112.67994040250778,0.0,46.0,0.0,0.0,0.578125,0.1875,0.234375,md_cpsr_dqn,lambda_1__rho_0p03
303,1303018,energy_limited,1.0,349.30067932605743,243.79061594605446,105.51006536185741,0.0,44.0,0.0,0.0,0.5,0.1875,0.3125,md_cpsr_dqn,lambda_1__rho_0p03
303,1303019,energy_limited,1.0,320.89696431159973,208.94708240032196,111.94988471269608,0.0,45.0,0.0,1.0,0.46875,0.234375,0.296875,md_cpsr_dqn,lambda_1__rho_0p03
303,1303000,thermal_stress,1.0,366.6141086816788,269.3899058699608,97.22420567274094,16.0,34.0,0.0,1.0,0.46875,0.140625,0.390625,md_cpsr_dqn,lambda_1__rho_0p03
303,1303001,thermal_stress,1.0,330.99641981720924,260.87485042214394,70.12157201766968,2.0,31.0,0.0,0.0,0.484375,0.234375,0.28125,md_cpsr_dqn,lambda_1__rho_0p03
303,1303002,thermal_stress,1.0,338.4357155561447,257.49301743507385,80.94269981980324,0.0,33.0,0.0,0.0,0.5625,0.125,0.3125,md_cpsr_dqn,lambda_1__rho_0p03
303,1303003,thermal_stress,1.0,373.3195759654045,289.9205792546272,83.39899632334709,0.0,34.0,0.0,0.0,0.5625,0.15625,0.28125,md_cpsr_dqn,lambda_1__rho_0p03
303,1303004,thermal_stress,1.0,361.5742008012823,256.06014508008957,105.51405654075668,0.0,38.0,18.0,0.0,0.5,0.25,0.25,md_cpsr_dqn,lambda_1__rho_0p03
303,1303005,thermal_stress,1.0,298.33903539180756,221.94664132595062,76.39239530265331,1.0,33.0,0.0,0.0,0.40625,0.234375,0.359375,md_cpsr_dqn,lambda_1__rho_0p03
303,1303006,thermal_stress,1.0,360.78002774715424,281.1712535023689,79.60877487063408,1.0,32.0,0.0,2.0,0.453125,0.3125,0.234375,md_cpsr_dqn,lambda_1__rho_0p03
303,1303007,thermal_stress,1.0,302.81016033887863,236.6101309657097,66.20002919435501,1.0,28.0,0.0,0.0,0.515625,0.203125,0.28125,md_cpsr_dqn,lambda_1__rho_0p03
303,1303008,thermal_stress,1.0,351.4956434802247,263.82064831256866,87.67499615113272,2.0,35.0,3.0,0.0,0.5,0.265625,0.234375,md_cpsr_dqn,lambda_1__rho_0p03
303,1303009,thermal_stress,1.0,327.73858565092087,255.3173130452633,72.42127352952957,0.0,30.0,0.0,0.0,0.53125,0.21875,0.25,md_cpsr_dqn,lambda_1__rho_0p03
303,1303010,thermal_stress,1.0,390.4391421447327,267.8868000507355,122.55234203439261,0.0,37.0,30.0,3.0,0.359375,0.234375,0.40625,md_cpsr_dqn,lambda_1__rho_0p03
303,1303011,thermal_stress,1.0,315.94245558977127,245.94418334960938,69.99827253818512,1.0,31.0,0.0,0.0,0.4375,0.1875,0.375,md_cpsr_dqn,lambda_1__rho_0p03
303,1303012,thermal_stress,1.0,365.7471134918706,249.08856761455536,116.6585464137571,0.0,36.0,26.0,0.0,0.40625,0.28125,0.3125,md_cpsr_dqn,lambda_1__rho_0p03
303,1303013,thermal_stress,1.0,299.3880344033241,229.70624309778214,69.6817906498909,0.0,29.0,0.0,0.0,0.484375,0.1875,0.328125,md_cpsr_dqn,lambda_1__rho_0p03
303,1303014,thermal_stress,1.0,293.1856572270393,209.87090077996254,83.31475567221642,5.0,33.0,0.0,2.0,0.5,0.15625,0.34375,md_cpsr_dqn,lambda_1__rho_0p03
303,1303015,thermal_stress,1.0,301.86976900960246,220.1828564107418,81.68691396976743,2.0,33.0,3.0,1.0,0.484375,0.1875,0.328125,md_cpsr_dqn,lambda_1__rho_0p03
303,1303016,thermal_stress,1.0,363.6894984972105,280.00237733125687,83.68712162788958,2.0,34.0,5.0,0.0,0.4375,0.265625,0.296875,md_cpsr_dqn,lambda_1__rho_0p03
303,1303017,thermal_stress,1.0,341.18512981891627,260.9544646143913,80.2306682741642,1.0,33.0,3.0,0.0,0.5625,0.21875,0.21875,md_cpsr_dqn,lambda_1__rho_0p03
303,1303018,thermal_stress,1.0,358.4643490039125,271.6593696177006,86.80498007166533,0.0,34.0,4.0,0.0,0.453125,0.21875,0.328125,md_cpsr_dqn,lambda_1__rho_0p03
303,1303019,thermal_stress,1.0,312.8544512987137,233.52489960193634,79.3295533657074,0.0,35.0,0.0,1.0,0.421875,0.28125,0.296875,md_cpsr_dqn,lambda_1__rho_0p03
303,1303000,nominal,1.0,336.15852707624435,254.09868741035461,82.05984064936638,8.0,33.0,0.0,1.0,0.5,0.125,0.375,md_cpsr_dqn,lambda_1__rho_0p05
303,1303001,nominal,1.0,308.4346584379673,247.03134831786156,61.40330941975117,0.0,29.0,0.0,0.0,0.53125,0.1875,0.28125,md_cpsr_dqn,lambda_1__rho_0p05
303,1303002,nominal,1.0,310.36371409893036,233.56515336036682,76.79856187105179,0.0,31.0,0.0,0.0,0.609375,0.125,0.265625,md_cpsr_dqn,lambda_1__rho_0p05
303,1303003,nominal,1.0,345.14578231476247,258.61950784921646,86.52627525530757,0.0,35.0,6.0,0.0,0.640625,0.125,0.234375,md_cpsr_dqn,lambda_1__rho_0p05
303,1303004,nominal,1.0,332.69191758247104,241.57203376293182,91.11988441558563,0.0,36.0,5.0,0.0,0.546875,0.203125,0.25,md_cpsr_dqn,lambda_1__rho_0p05
303,1303005,nominal,1.0,279.876267850399,211.5898311138153,68.28643700480461,0.0,29.0,0.0,0.0,0.515625,0.1875,0.296875,md_cpsr_dqn,lambda_1__rho_0p05
303,1303006,nominal,1.0,336.3797700703144,258.0181023180485,78.36166968941689,0.0,33.0,0.0,2.0,0.578125,0.234375,0.1875,md_cpsr_dqn,lambda_1__rho_0p05
303,1303007,nominal,1.0,275.31472712755203,214.81842404603958,60.49630405008793,0.0,27.0,0.0,0.0,0.609375,0.1875,0.203125,md_cpsr_dqn,lambda_1__rho_0p05
303,1303008,nominal,1.0,346.73568630218506,266.86120027303696,79.87448652088642,0.0,34.0,0.0,0.0,0.578125,0.21875,0.203125,md_cpsr_dqn,lambda_1__rho_0p05
303,1303009,nominal,1.0,310.7651564478874,245.15957129001617,65.60558545589447,0.0,29.0,0.0,0.0,0.609375,0.15625,0.234375,md_cpsr_dqn,lambda_1__rho_0p05
303,1303010,nominal,1.0,334.306906956488,235.96953707933426,98.33737148647903,0.0,36.0,12.0,3.0,0.484375,0.171875,0.34375,md_cpsr_dqn,lambda_1__rho_0p05
303,1303011,nominal,1.0,298.30726170539856,226.0656909942627,72.24157017469406,0.0,31.0,0.0,0.0,0.5,0.15625,0.34375,md_cpsr_dqn,lambda_1__rho_0p05
303,1303012,nominal,1.0,325.9011080086972,219.17327299714088,106.72783486254468,0.0,37.0,19.0,0.0,0.484375,0.25,0.265625,md_cpsr_dqn,lambda_1__rho_0p05
303,1303013,nominal,1.0,272.0906007885933,212.14795511960983,59.94264540076256,0.0,27.0,0.0,0.0,0.5625,0.15625,0.28125,md_cpsr_dqn,lambda_1__rho_0p05
303,1303014,nominal,1.0,256.099694275856,182.62575152516365,73.47394164800644,0.0,32.0,0.0,2.0,0.5625,0.140625,0.296875,md_cpsr_dqn,lambda_1__rho_0p05
303,1303015,nominal,1.0,280.7320109307766,208.2002429664135,72.53176897764206,0.0,31.0,0.0,0.0,0.5625,0.15625,0.28125,md_cpsr_dqn,lambda_1__rho_0p05
303,1303016,nominal,1.0,333.55641819953917,256.7643372416496,76.79208031713962,0.0,33.0,1.0,0.0,0.5625,0.234375,0.203125,md_cpsr_dqn,lambda_1__rho_0p05
303,1303017,nominal,1.0,307.7630583643913,236.4919308423996,71.27112936973572,0.0,31.0,0.0,0.0,0.609375,0.1875,0.203125,md_cpsr_dqn,lambda_1__rho_0p05
303,1303018,nominal,1.0,325.5363990366459,246.64549747109413,78.89090278744698,0.0,33.0,0.0,0.0,0.53125,0.1875,0.28125,md_cpsr_dqn,lambda_1__rho_0p05
303,1303019,nominal,1.0,287.5480318049149,199.76179325580597,87.78623921966116,0.0,37.0,3.0,1.0,0.5,0.21875,0.28125,md_cpsr_dqn,lambda_1__rho_0p05
303,1303000,burst,1.0,365.04760724306107,266.9501156806946,98.09749287366867,16.0,34.0,0.0,1.0,0.46875,0.15625,0.375,md_cpsr_dqn,lambda_1__rho_0p05
303,1303001,burst,1.0,327.95531180500984,258.1176679432392,69.8376454859972,2.0,31.0,0.0,0.0,0.53125,0.203125,0.265625,md_cpsr_dqn,lambda_1__rho_0p05
303,1303002,burst,1.0,333.9579248120785,252.2353081703186,81.72261744642257,0.0,33.0,2.0,0.0,0.59375,0.125,0.28125,md_cpsr_dqn,lambda_1__rho_0p05
303,1303003,burst,1.0,376.0180972346142,285.9228520989418,90.0952456721142,0.0,35.0,6.0,0.0,0.59375,0.15625,0.25,md_cpsr_dqn,lambda_1__rho_0p05
303,1303004,burst,1.0,368.2147167557768,257.4420774579048,110.7726397002034,0.0,38.0,19.0,0.0,0.515625,0.25,0.234375,md_cpsr_dqn,lambda_1__rho_0p05
303,1303005,burst,1.0,293.6234093308449,217.17837071418762,76.44503758847713,1.0,33.0,0.0,0.0,0.484375,0.1875,0.328125,md_cpsr_dqn,lambda_1__rho_0p05
303,1303006,burst,1.0,355.2157299076078,272.364903062582,82.8508279179094,1.0,33.0,1.0,2.0,0.515625,0.3125,0.171875,md_cpsr_dqn,lambda_1__rho_0p05
303,1303007,burst,1.0,301.4431972503662,236.21216970682144,65.23102885484695,1.0,28.0,0.0,0.0,0.578125,0.1875,0.234375,md_cpsr_dqn,lambda_1__rho_0p05
303,1303008,burst,1.0,360.3816629219055,274.0437595844269,86.33790575146675,0.0,35.0,2.0,0.0,0.5625,0.234375,0.203125,md_cpsr_dqn,lambda_1__rho_0p05
303,1303009,burst,1.0,321.583314538002,248.47184216976166,73.11147266626358,0.0,30.0,0.0,0.0,0.59375,0.171875,0.234375,md_cpsr_dqn,lambda_1__rho_0p05
303,1303010,burst,1.0,408.4868505882569,258.72108775377274,149.7657631325073,0.0,38.0,32.0,3.0,0.40625,0.25,0.34375,md_cpsr_dqn,lambda_1__rho_0p05
303,1303011,burst,1.0,314.6556704044342,237.66306483745575,76.9926056265831,1.0,33.0,0.0,0.0,0.484375,0.171875,0.34375,md_cpsr_dqn,lambda_1__rho_0p05
303,1303012,burst,1.0,381.58091172613723,244.14341247081757,137.43749943413374,0.0,36.0,31.0,0.0,0.46875,0.28125,0.25,md_cpsr_dqn,lambda_1__rho_0p05
303,1303013,burst,1.0,289.89544689655304,220.21365654468536,69.6817906498909,0.0,29.0,0.0,0.0,0.5625,0.15625,0.28125,md_cpsr_dqn,lambda_1__rho_0p05
303,1303014,burst,1.0,291.6809534668922,196.37268021702766,95.30827223658562,8.0,33.0,0.0,2.0,0.546875,0.140625,0.3125,md_cpsr_dqn,lambda_1__rho_0p05
303,1303015,burst,1.0,301.0328159865264,221.5198594033718,79.51295837129389,3.0,32.0,1.0,0.0,0.53125,0.15625,0.3125,md_cpsr_dqn,lambda_1__rho_0p05
303,1303016,burst,1.0,373.1182433473597,269.0923129916191,104.0259310113917,0.0,34.0,20.0,0.0,0.515625,0.234375,0.25,md_cpsr_dqn,lambda_1__rho_0p05
303,1303017,burst,1.0,341.486690223217,263.63607373833656,77.85061672329903,1.0,33.0,0.0,0.0,0.578125,0.203125,0.21875,md_cpsr_dqn,lambda_1__rho_0p05
303,1303018,burst,1.0,361.9388925727368,266.0146290361881,95.92426320872305,0.0,34.0,15.0,0.0,0.5,0.21875,0.28125,md_cpsr_dqn,lambda_1__rho_0p05
303,1303019,burst,1.0,308.08666256749194,223.99005377292633,84.09660930120509,0.0,36.0,1.0,1.0,0.453125,0.265625,0.28125,md_cpsr_dqn,lambda_1__rho_0p05
303,1303000,link_limited,1.0,467.5371999909867,347.8497244119644,119.68747693502795,14.0,37.0,14.0,1.0,0.640625,0.046875,0.3125,md_cpsr_dqn,lambda_1__rho_0p05
303,1303001,link_limited,1.0,385.5738251209259,313.91034626960754,71.66348055005074,0.0,32.0,0.0,0.0,0.65625,0.109375,0.234375,md_cpsr_dqn,lambda_1__rho_0p05
303,1303002,link_limited,1.0,379.6189017276764,298.53380060195923,81.0850996952057,0.0,34.0,6.0,0.0,0.734375,0.0625,0.203125,md_cpsr_dqn,lambda_1__rho_0p05
303,1303003,link_limited,1.0,486.1620913769194,347.85686671733856,138.30522461487726,0.0,39.0,32.0,0.0,0.75,0.0625,0.1875,md_cpsr_dqn,lambda_1__rho_0p05
303,1303004,link_limited,1.0,476.37881616714157,333.6703271865845,142.7084903812661,0.0,38.0,21.0,0.0,0.609375,0.15625,0.234375,md_cpsr_dqn,lambda_1__rho_0p05
303,1303005,link_limited,1.0,373.33083210979794,275.48458456993103,97.8462458113322,0.0,34.0,13.0,0.0,0.59375,0.125,0.28125,md_cpsr_dqn,lambda_1__rho_0p05
303,1303006,link_limited,1.0,424.84123771030056,332.11506885290146,92.7261692150269,0.0,33.0,13.0,2.0,0.6875,0.15625,0.15625,md_cpsr_dqn,lambda_1__rho_0p05
303,1303007,link_limited,1.0,334.86280047893524,266.77211850881577,68.09068267047405,0.0,29.0,0.0,0.0,0.75,0.125,0.125,md_cpsr_dqn,lambda_1__rho_0p05
303,1303008,link_limited,1.0,518.1661858837159,337.07738214731216,181.0888035426887,0.0,42.0,41.0,0.0,0.734375,0.125,0.140625,md_cpsr_dqn,lambda_1__rho_0p05
303,1303009,link_limited,1.0,391.14097246719695,300.6786530613899,90.46231910778371,0.0,31.0,9.0,0.0,0.75,0.109375,0.140625,md_cpsr_dqn,lambda_1__rho_0p05
303,1303010,link_limited,1.0,443.0537807846004,308.57581716775894,134.4779632890159,1.0,37.0,24.0,3.0,0.640625,0.09375,0.265625,md_cpsr_dqn,lambda_1__rho_0p05
303,1303011,link_limited,1.0,412.0998877286911,317.10139787197113,94.99849194288254,0.0,39.0,0.0,0.0,0.65625,0.09375,0.25,md_cpsr_dqn,lambda_1__rho_0p05
303,1303012,link_limited,1.0,520.5520785198923,305.59433990716934,214.95773843390916,0.0,39.0,38.0,0.0,0.59375,0.171875,0.234375,md_cpsr_dqn,lambda_1__rho_0p05
303,1303013,link_limited,1.0,378.93070471286774,296.98046839237213,81.95023608207703,0.0,34.0,0.0,0.0,0.65625,0.109375,0.234375,md_cpsr_dqn,lambda_1__rho_0p05
303,1303014,link_limited,1.0,306.3603567446769,219.42675948143005,86.93359878316522,0.0,35.0,5.0,1.0,0.6875,0.109375,0.203125,md_cpsr_dqn,lambda_1__rho_0p05
303,1303015,link_limited,1.0,342.6326915288302,248.95345556735992,93.67923700455152,0.0,33.0,11.0,0.0,0.671875,0.109375,0.21875,md_cpsr_dqn,lambda_1__rho_0p05
303,1303016,link_limited,1.0,576.0170757244751,379.6619601845741,196.35511524187797,0.0,42.0,39.0,0.0,0.65625,0.15625,0.1875,md_cpsr_dqn,lambda_1__rho_0p05
303,1303017,link_limited,1.0,461.51009727641105,349.6772472858429,111.83285177870755,0.0,35.0,13.0,0.0,0.703125,0.140625,0.15625,md_cpsr_dqn,lambda_1__rho_0p05
303,1303018,link_limited,1.0,455.8721364953435,352.6832463145256,103.18889080666673,0.0,34.0,16.0,0.0,0.625,0.109375,0.265625,md_cpsr_dqn,lambda_1__rho_0p05
303,1303019,link_limited,1.0,494.5661391956867,298.11299228668213,196.45314690900466,0.0,39.0,39.0,1.0,0.640625,0.125,0.234375,md_cpsr_dqn,lambda_1__rho_0p05
303,1303000,energy_limited,1.0,368.1505106687546,254.59738260507584,113.55312848091125,8.0,45.0,0.0,1.0,0.5,0.125,0.375,md_cpsr_dqn,lambda_1__rho_0p05
303,1303001,energy_limited,1.0,348.537667542696,247.73548457026482,100.80218398571014,0.0,42.0,0.0,0.0,0.53125,0.1875,0.28125,md_cpsr_dqn,lambda_1__rho_0p05
303,1303002,energy_limited,1.0,339.4698326587677,234.28091567754745,105.18891805410385,0.0,42.0,0.0,0.0,0.609375,0.125,0.265625,md_cpsr_dqn,lambda_1__rho_0p05
303,1303003,energy_limited,1.0,375.5159988632053,259.25341629981995,116.26258268259467,0.0,46.0,6.0,0.0,0.640625,0.125,0.234375,md_cpsr_dqn,lambda_1__rho_0p05
303,1303004,energy_limited,1.0,355.2707464449069,240.30292958021164,114.96781725212539,0.0,46.0,2.0,0.0,0.53125,0.203125,0.265625,md_cpsr_dqn,lambda_1__rho_0p05
303,1303005,energy_limited,1.0,315.68199676275253,213.99648612737656,101.68551136553288,0.0,42.0,0.0,0.0,0.484375,0.1875,0.328125,md_cpsr_dqn,lambda_1__rho_0p05
303,1303006,energy_limited,1.0,365.4052329957485,258.7701426446438,106.63509213924408,0.0,45.0,0.0,2.0,0.578125,0.234375,0.1875,md_cpsr_dqn,lambda_1__rho_0p05
303,1303007,energy_limited,1.0,308.8646426796913,215.7374845147133,93.12715947628021,0.0,40.0,0.0,0.0,0.59375,0.203125,0.203125,md_cpsr_dqn,lambda_1__rho_0p05
303,1303008,energy_limited,1.0,379.5048204064369,267.35996466875076,112.14485692977905,0.0,45.0,0.0,0.0,0.578125,0.21875,0.203125,md_cpsr_dqn,lambda_1__rho_0p05
303,1303009,energy_limited,1.0,342.6343176960945,244.8713084757328,97.76300993561745,0.0,43.0,0.0,0.0,0.59375,0.171875,0.234375,md_cpsr_dqn,lambda_1__rho_0p05
303,1303010,energy_limited,1.0,360.6090596833766,236.52201735973358,124.08704370945095,0.0,48.0,12.0,3.0,0.46875,0.171875,0.359375,md_cpsr_dqn,lambda_1__rho_0p05
303,1303011,energy_limited,1.0,338.5530706644058,226.26597905158997,112.28709237277508,0.0,47.0,0.0,0.0,0.5,0.140625,0.359375,md_cpsr_dqn,lambda_1__rho_0p05
303,1303012,energy_limited,1.0,349.4028390275017,219.9258438050747,129.4769960270898,0.0,45.0,20.0,0.0,0.46875,0.25,0.28125,md_cpsr_dqn,lambda_1__rho_0p05
303,1303013,energy_limited,1.0,308.34935146570206,212.82610815763474,95.52324344217777,0.0,42.0,0.0,0.0,0.5625,0.15625,0.28125,md_cpsr_dqn,lambda_1__rho_0p05
303,1303014,energy_limited,1.0,292.8436202406883,183.2231642305851,109.62045401334763,0.0,46.0,0.0,2.0,0.5625,0.140625,0.296875,md_cpsr_dqn,lambda_1__rho_0p05
303,1303015,energy_limited,1.0,310.43677496910095,208.83653524518013,101.60024146735668,0.0,43.0,0.0,0.0,0.5625,0.15625,0.28125,md_cpsr_dqn,lambda_1__rho_0p05
303,1303016,energy_limited,1.0,365.954835832119,258.68422907590866,107.27060741186142,0.0,43.0,0.0,0.0,0.578125,0.203125,0.21875,md_cpsr_dqn,lambda_1__rho_0p05
303,1303017,energy_limited,1.0,345.98228669166565,236.28459239006042,109.69769358634949,0.0,45.0,0.0,0.0,0.609375,0.171875,0.21875,md_cpsr_dqn,lambda_1__rho_0p05
303,1303018,energy_limited,1.0,349.8276819884777,247.32966324687004,102.4980194568634,0.0,41.0,0.0,0.0,0.53125,0.1875,0.28125,md_cpsr_dqn,lambda_1__rho_0p05
303,1303019,energy_limited,1.0,315.8702633360581,200.1986335515976,115.67163067853014,0.0,46.0,3.0,1.0,0.5,0.21875,0.28125,md_cpsr_dqn,lambda_1__rho_0p05
303,1303000,thermal_stress,1.0,365.53948175907135,267.2446876168251,98.29479616880417,16.0,34.0,0.0,1.0,0.46875,0.15625,0.375,md_cpsr_dqn,lambda_1__rho_0p05
303,1303001,thermal_stress,1.0,328.4112841784954,258.47745248675346,69.93383379280567,2.0,31.0,0.0,0.0,0.53125,0.203125,0.265625,md_cpsr_dqn,lambda_1__rho_0p05
303,1303002,thermal_stress,1.0,334.35313382649423,252.63051807880402,81.72261744642257,0.0,33.0,2.0,0.0,0.59375,0.125,0.28125,md_cpsr_dqn,lambda_1__rho_0p05
303,1303003,thermal_stress,1.0,376.31398977125434,286.2187445163727,90.0952456721142,0.0,35.0,6.0,0.0,0.59375,0.15625,0.25,md_cpsr_dqn,lambda_1__rho_0p05
303,1303004,thermal_stress,1.0,361.5742008012823,256.06014508008957,105.51405654075668,0.0,38.0,18.0,0.0,0.5,0.25,0.25,md_cpsr_dqn,lambda_1__rho_0p05
303,1303005,thermal_stress,1.0,296.41768634319305,219.48731553554535,76.93037204444408,1.0,33.0,0.0,0.0,0.46875,0.203125,0.328125,md_cpsr_dqn,lambda_1__rho_0p05
303,1303006,thermal_stress,1.0,355.5258130286691,272.64897483587265,82.8768403385637,1.0,33.0,1.0,2.0,0.515625,0.3125,0.171875,md_cpsr_dqn,lambda_1__rho_0p05
303,1303007,thermal_stress,1.0,301.90264469385147,236.6240632534027,65.27858120203018,1.0,28.0,0.0,0.0,0.578125,0.1875,0.234375,md_cpsr_dqn,lambda_1__rho_0p05
303,1303008,thermal_stress,1.0,360.6282625365257,274.29035836458206,86.33790575146675,0.0,35.0,2.0,0.0,0.5625,0.234375,0.203125,md_cpsr_dqn,lambda_1__rho_0p05
303,1303009,thermal_stress,1.0,321.97593611478806,248.86446261405945,73.11147266626358,0.0,30.0,0.0,0.0,0.59375,0.171875,0.234375,md_cpsr_dqn,lambda_1__rho_0p05
303,1303010,thermal_stress,1.0,408.861387460167,259.09562438726425,149.7657631325073,0.0,38.0,32.0,3.0,0.40625,0.25,0.34375,md_cpsr_dqn,lambda_1__rho_0p05
303,1303011,thermal_stress,1.0,315.0660192966461,238.0541746020317,77.01184314489365,1.0,33.0,0.0,0.0,0.484375,0.171875,0.34375,md_cpsr_dqn,lambda_1__rho_0p05
303,1303012,thermal_stress,1.0,381.93329528011907,244.49579674005508,137.43749943413374,0.0,36.0,31.0,0.0,0.46875,0.28125,0.25,md_cpsr_dqn,lambda_1__rho_0p05
303,1303013,thermal_stress,1.0,290.2426064610481,220.56081718206406,69.6817906498909,0.0,29.0,0.0,0.0,0.5625,0.15625,0.28125,md_cpsr_dqn,lambda_1__rho_0p05
303,1303014,thermal_stress,1.0,292.0965078115463,196.68880513310432,95.4077016055584,8.0,33.0,0.0,2.0,0.546875,0.140625,0.3125,md_cpsr_dqn,lambda_1__rho_0p05
303,1303015,thermal_stress,1.0,301.43313577140606,221.8803552389145,79.55278238023554,3.0,32.0,1.0,0.0,0.53125,0.15625,0.3125,md_cpsr_dqn,lambda_1__rho_0p05
303,1303016,thermal_stress,1.0,373.4100261437426,269.384094953537,104.0259310113917,0.0,34.0,20.0,0.0,0.515625,0.234375,0.25,md_cpsr_dqn,lambda_1__rho_0p05
303,1303017,thermal_stress,1.0,341.8222600221634,263.9335278868675,77.88873413205147,2.0,33.0,0.0,0.0,0.578125,0.203125,0.21875,md_cpsr_dqn,lambda_1__rho_0p05
303,1303018,thermal_stress,1.0,362.34940460286145,266.42514166235924,95.92426320872305,0.0,34.0,15.0,0.0,0.5,0.21875,0.28125,md_cpsr_dqn,lambda_1__rho_0p05
303,1303019,thermal_stress,1.0,308.3278501399712,224.23123961687088,84.09660930120509,0.0,36.0,1.0,1.0,0.453125,0.265625,0.28125,md_cpsr_dqn,lambda_1__rho_0p05
303,1303000,nominal,1.0,335.76805609464645,257.2225514650345,78.54550597071648,4.0,33.0,0.0,1.0,0.484375,0.140625,0.375,md_cpsr_dqn,lambda_1__rho_0p08
303,1303001,nominal,1.0,310.9945196211338,249.5912106335163,61.40330941975117,0.0,29.0,0.0,0.0,0.53125,0.15625,0.3125,md_cpsr_dqn,lambda_1__rho_0p08
303,1303002,nominal,1.0,309.76053166389465,233.46120357513428,76.29932767152786,0.0,31.0,0.0,0.0,0.59375,0.125,0.28125,md_cpsr_dqn,lambda_1__rho_0p08
303,1303003,nominal,1.0,342.89918309891226,259.2774108052254,83.62177236819267,0.0,35.0,3.0,0.0,0.609375,0.140625,0.25,md_cpsr_dqn,lambda_1__rho_0p08
303,1303004,nominal,1.0,332.51672077178955,243.87844109535217,88.63827979564667,0.0,36.0,0.0,0.0,0.515625,0.203125,0.28125,md_cpsr_dqn,lambda_1__rho_0p08
303,1303005,nominal,1.0,284.9253019094467,214.7035215497017,70.22178176045418,0.0,30.0,0.0,0.0,0.4375,0.21875,0.34375,md_cpsr_dqn,lambda_1__rho_0p08
303,1303006,nominal,1.0,336.6063181459904,264.4967708289623,72.1095467209816,0.0,31.0,0.0,2.0,0.546875,0.265625,0.1875,md_cpsr_dqn,lambda_1__rho_0p08
303,1303007,nominal,1.0,274.8354089856148,212.01561105251312,62.81979741156101,0.0,27.0,0.0,0.0,0.59375,0.1875,0.21875,md_cpsr_dqn,lambda_1__rho_0p08
303,1303008,nominal,1.0,344.60434460639954,263.6076869368553,80.9966594427824,0.0,34.0,0.0,0.0,0.5625,0.21875,0.21875,md_cpsr_dqn,lambda_1__rho_0p08
303,1303009,nominal,1.0,311.42268627882004,246.54896020889282,64.8737261891365,0.0,28.0,0.0,0.0,0.59375,0.140625,0.265625,md_cpsr_dqn,lambda_1__rho_0p08
303,1303010,nominal,1.0,336.22156566979476,241.1532289981842,95.06833798291265,0.0,36.0,12.0,3.0,0.453125,0.1875,0.359375,md_cpsr_dqn,lambda_1__rho_0p08
303,1303011,nominal,1.0,296.78193098306656,223.97878098487854,72.80314868688583,0.0,31.0,0.0,0.0,0.484375,0.140625,0.375,md_cpsr_dqn,lambda_1__rho_0p08
303,1303012,nominal,1.0,321.8586999308452,228.46598467230797,93.3927157055721,0.0,37.0,2.0,0.0,0.46875,0.234375,0.296875,md_cpsr_dqn,lambda_1__rho_0p08
303,1303013,nominal,1.0,273.12475949525833,213.1821135878563,59.94264540076256,0.0,27.0,0.0,0.0,0.546875,0.15625,0.296875,md_cpsr_dqn,lambda_1__rho_0p08
303,1303014,nominal,1.0,260.58607276678083,188.5532822906971,72.03279229402543,0.0,32.0,0.0,2.0,0.53125,0.140625,0.328125,md_cpsr_dqn,lambda_1__rho_0p08
303,1303015,nominal,1.0,279.9649296104908,205.74583253264427,74.21909880638123,0.0,31.0,0.0,0.0,0.53125,0.171875,0.296875,md_cpsr_dqn,lambda_1__rho_0p08
303,1303016,nominal,1.0,333.01923241376875,255.51491284370422,77.50432018101215,0.0,33.0,1.0,0.0,0.515625,0.234375,0.25,md_cpsr_dqn,lambda_1__rho_0p08
303,1303017,nominal,1.0,308.91788071393967,232.86583709716797,76.05204379558563,0.0,32.0,0.0,0.0,0.59375,0.1875,0.21875,md_cpsr_dqn,lambda_1__rho_0p08
303,1303018,nominal,1.0,324.48716762437607,242.88278076052666,81.60438859238413,0.0,33.0,1.0,0.0,0.515625,0.1875,0.296875,md_cpsr_dqn,lambda_1__rho_0p08
303,1303019,nominal,1.0,289.7555559873581,206.68865835666656,83.06689840555191,0.0,35.0,0.0,1.0,0.484375,0.234375,0.28125,md_cpsr_dqn,lambda_1__rho_0p08
303,1303000,burst,1.0,365.04760724306107,266.9501156806946,98.09749287366867,16.0,34.0,0.0,1.0,0.46875,0.15625,0.375,md_cpsr_dqn,lambda_1__rho_0p08
303,1303001,burst,1.0,330.2006669342518,262.63996663689613,67.56070013344288,2.0,31.0,0.0,0.0,0.515625,0.1875,0.296875,md_cpsr_dqn,lambda_1__rho_0p08
303,1303002,burst,1.0,333.05699872279166,252.11282497644424,80.94417347812653,0.0,33.0,1.0,0.0,0.578125,0.125,0.296875,md_cpsr_dqn,lambda_1__rho_0p08
303,1303003,burst,1.0,372.9063993972986,282.9572561979294,89.94914439146221,0.0,35.0,6.0,0.0,0.578125,0.171875,0.25,md_cpsr_dqn,lambda_1__rho_0p08
303,1303004,burst,1.0,358.657815227073,256.60164856910706,102.05616729871586,0.0,38.0,17.0,0.0,0.5,0.234375,0.265625,md_cpsr_dqn,lambda_1__rho_0p08
303,1303005,burst,1.0,298.0292893052101,221.6844471693039,76.34484224021435,1.0,33.0,0.0,0.0,0.40625,0.234375,0.359375,md_cpsr_dqn,lambda_1__rho_0p08
303,1303006,burst,1.0,352.4459662139416,271.49255749583244,80.95340889692307,1.0,33.0,0.0,2.0,0.53125,0.296875,0.171875,md_cpsr_dqn,lambda_1__rho_0p08
303,1303007,burst,1.0,301.9338517189026,235.02528995275497,66.90856295824051,1.0,28.0,0.0,0.0,0.546875,0.1875,0.265625,md_cpsr_dqn,lambda_1__rho_0p08
303,1303008,burst,1.0,359.94989186525345,273.33770245313644,86.61218908429146,0.0,35.0,1.0,0.0,0.5625,0.21875,0.21875,md_cpsr_dqn,lambda_1__rho_0p08
303,1303009,burst,1.0,326.9747459292412,254.3647398352623,72.6100053191185,0.0,30.0,0.0,0.0,0.5625,0.171875,0.265625,md_cpsr_dqn,lambda_1__rho_0p08
303,1303010,burst,1.0,391.63612758647287,260.68448346853256,130.9516435814985,0.0,37.0,30.0,3.0,0.375,0.25,0.375,md_cpsr_dqn,lambda_1__rho_0p08
303,1303011,burst,1.0,312.45502042770386,236.13876217603683,76.31625699996948,1.0,32.0,0.0,0.0,0.46875,0.171875,0.359375,md_cpsr_dqn,lambda_1__rho_0p08
303,1303012,burst,1.0,384.13606419350725,244.39729806780815,139.73876646842595,0.0,37.0,32.0,0.0,0.453125,0.28125,0.265625,md_cpsr_dqn,lambda_1__rho_0p08
303,1303013,burst,1.0,292.69818007946014,223.01638954877853,69.6817906498909,0.0,29.0,0.0,0.0,0.53125,0.15625,0.3125,md_cpsr_dqn,lambda_1__rho_0p08
303,1303014,burst,1.0,288.7691482543945,205.5153644979,83.25378369688988,4.0,33.0,0.0,2.0,0.515625,0.15625,0.328125,md_cpsr_dqn,lambda_1__rho_0p08
303,1303015,burst,1.0,299.78669897223745,217.6407446861267,82.14595458413397,2.0,33.0,3.0,0.0,0.5,0.1875,0.3125,md_cpsr_dqn,lambda_1__rho_0p08
303,1303016,burst,1.0,358.2458775595559,273.8320963382721,84.41378090835937,2.0,34.0,6.0,0.0,0.453125,0.25,0.296875,md_cpsr_dqn,lambda_1__rho_0p08
303,1303017,burst,1.0,340.8919479823112,260.6703317761421,80.22161742806435,1.0,33.0,3.0,0.0,0.5625,0.21875,0.21875,md_cpsr_dqn,lambda_1__rho_0p08
303,1303018,burst,1.0,363.96900738720655,262.29775831103325,101.6712491655803,0.0,35.0,25.0,0.0,0.46875,0.21875,0.3125,md_cpsr_dqn,lambda_1__rho_0p08
303,1303019,burst,1.0,310.7882570028305,231.45870351791382,79.3295533657074,0.0,35.0,0.0,1.0,0.4375,0.28125,0.28125,md_cpsr_dqn,lambda_1__rho_0p08
303,1303000,link_limited,1.0,473.5469271059026,348.5709244608879,124.97600449275862,14.0,37.0,16.0,1.0,0.625,0.046875,0.328125,md_cpsr_dqn,lambda_1__rho_0p08
303,1303001,link_limited,1.0,382.281709253788,311.80034136772156,70.48136995732784,0.0,31.0,0.0,0.0,0.625,0.078125,0.296875,md_cpsr_dqn,lambda_1__rho_0p08
303,1303002,link_limited,1.0,380.040123451829,299.29766976833344,80.7424528490305,0.0,34.0,5.0,0.0,0.71875,0.078125,0.203125,md_cpsr_dqn,lambda_1__rho_0p08
303,1303003,link_limited,1.0,483.00481955879553,351.35687482357025,131.64794498854505,0.0,39.0,30.0,0.0,0.734375,0.0625,0.203125,md_cpsr_dqn,lambda_1__rho_0p08
303,1303004,link_limited,1.0,471.7892205734507,334.7720309495926,137.01719027950907,0.0,38.0,19.0,0.0,0.59375,0.15625,0.25,md_cpsr_dqn,lambda_1__rho_0p08
303,1303005,link_limited,1.0,387.25156462192535,303.1166330575943,84.13493204116821,0.0,34.0,0.0,0.0,0.59375,0.09375,0.3125,md_cpsr_dqn,lambda_1__rho_0p08
303,1303006,link_limited,1.0,423.02423815000395,330.9344913959503,92.08974782693724,0.0,33.0,11.0,2.0,0.6875,0.140625,0.171875,md_cpsr_dqn,lambda_1__rho_0p08
303,1303007,link_limited,1.0,337.31514298915863,269.22446101903915,68.09068267047405,0.0,29.0,0.0,0.0,0.71875,0.125,0.15625,md_cpsr_dqn,lambda_1__rho_0p08
303,1303008,link_limited,1.0,516.4556226598569,337.1433634161949,179.31225958638868,0.0,42.0,38.0,0.0,0.6875,0.125,0.1875,md_cpsr_dqn,lambda_1__rho_0p08
303,1303009,link_limited,1.0,390.5975444459448,301.95042222738266,88.64712394709674,0.0,31.0,8.0,0.0,0.71875,0.109375,0.171875,md_cpsr_dqn,lambda_1__rho_0p08
303,1303010,link_limited,1.0,521.0605618521857,346.17253214120865,174.8880295321631,0.0,41.0,31.0,3.0,0.59375,0.109375,0.296875,md_cpsr_dqn,lambda_1__rho_0p08
303,1303011,link_limited,1.0,419.5555648803711,324.8899847269058,94.6655796021223,0.0,39.0,0.0,0.0,0.640625,0.09375,0.265625,md_cpsr_dqn,lambda_1__rho_0p08
303,1303012,link_limited,1.0,519.9598851662167,305.1046368777752,214.85524810962775,0.0,39.0,38.0,0.0,0.578125,0.171875,0.25,md_cpsr_dqn,lambda_1__rho_0p08
303,1303013,link_limited,1.0,376.8454207777977,296.18612933158875,80.65929299592972,0.0,33.0,0.0,0.0,0.625,0.109375,0.265625,md_cpsr_dqn,lambda_1__rho_0p08
303,1303014,link_limited,1.0,312.65656101107595,225.69160318374634,86.96495806574822,0.0,35.0,0.0,2.0,0.65625,0.09375,0.25,md_cpsr_dqn,lambda_1__rho_0p08
303,1303015,link_limited,1.0,346.0123816121104,250.0356646180153,95.97671702389741,0.0,33.0,11.0,0.0,0.671875,0.125,0.203125,md_cpsr_dqn,lambda_1__rho_0p08
303,1303016,link_limited,1.0,559.9756862292513,380.6136013865471,179.36208451487892,0.0,42.0,36.0,0.0,0.640625,0.171875,0.1875,md_cpsr_dqn,lambda_1__rho_0p08
303,1303017,link_limited,1.0,449.49071700154235,342.7466306090355,106.74408646701278,0.0,36.0,13.0,0.0,0.703125,0.125,0.171875,md_cpsr_dqn,lambda_1__rho_0p08
303,1303018,link_limited,1.0,455.8721364953435,352.6832463145256,103.18889080666673,0.0,34.0,16.0,0.0,0.625,0.109375,0.265625,md_cpsr_dqn,lambda_1__rho_0p08
303,1303019,link_limited,1.0,482.7654074545175,297.24459594488144,185.52081186726397,0.0,39.0,33.0,1.0,0.625,0.125,0.25,md_cpsr_dqn,lambda_1__rho_0p08
303,1303000,energy_limited,1.0,368.35730361938477,259.83757877349854,108.51972368359566,5.0,44.0,0.0,1.0,0.484375,0.125,0.390625,md_cpsr_dqn,lambda_1__rho_0p08
303,1303001,energy_limited,1.0,349.9961987435818,248.7271972000599,101.26900267601013,0.0,42.0,0.0,0.0,0.53125,0.140625,0.328125,md_cpsr_dqn,lambda_1__rho_0p08
303,1303002,energy_limited,1.0,338.7562350034714,234.14975994825363,104.60647492110729,0.0,42.0,0.0,0.0,0.59375,0.125,0.28125,md_cpsr_dqn,lambda_1__rho_0p08
303,1303003,energy_limited,1.0,375.98231345415115,262.0839803814888,113.89833527803421,0.0,46.0,0.0,0.0,0.609375,0.125,0.265625,md_cpsr_dqn,lambda_1__rho_0p08
303,1303004,energy_limited,1.0,359.2650570869446,244.43271869421005,114.83233878016472,0.0,46.0,0.0,0.0,0.515625,0.203125,0.28125,md_cpsr_dqn,lambda_1__rho_0p08
303,1303005,energy_limited,1.0,319.3266469836235,216.7765507698059,102.55009754002094,0.0,42.0,0.0,0.0,0.453125,0.203125,0.34375,md_cpsr_dqn,lambda_1__rho_0p08
303,1303006,energy_limited,1.0,365.3046289384365,258.66953906416893,106.63509213924408,0.0,45.0,0.0,2.0,0.5625,0.25,0.1875,md_cpsr_dqn,lambda_1__rho_0p08
303,1303007,energy_limited,1.0,306.874829351902,212.77638792991638,94.09844100475311,0.0,40.0,0.0,0.0,0.59375,0.1875,0.21875,md_cpsr_dqn,lambda_1__rho_0p08
303,1303008,energy_limited,1.0,375.97947984933853,262.71591144800186,113.2635692358017,0.0,45.0,0.0,0.0,0.5625,0.203125,0.234375,md_cpsr_dqn,lambda_1__rho_0p08
303,1303009,energy_limited,1.0,343.3326806426048,246.42933148145676,96.90335083007812,0.0,43.0,0.0,0.0,0.578125,0.15625,0.265625,md_cpsr_dqn,lambda_1__rho_0p08
303,1303010,energy_limited,1.0,359.4735574991602,242.22310894727707,117.25044920753419,0.0,47.0,11.0,3.0,0.46875,0.171875,0.359375,md_cpsr_dqn,lambda_1__rho_0p08
303,1303011,energy_limited,1.0,336.5963162779808,221.32477921247482,115.27153970301151,0.0,48.0,0.0,0.0,0.46875,0.125,0.40625,md_cpsr_dqn,lambda_1__rho_0p08
303,1303012,energy_limited,1.0,341.2402563095093,226.75474140048027,114.48551639914513,0.0,45.0,0.0,0.0,0.46875,0.21875,0.3125,md_cpsr_dqn,lambda_1__rho_0p08
303,1303013,energy_limited,1.0,309.3835101723671,213.8602666258812,95.52324344217777,0.0,42.0,0.0,0.0,0.546875,0.15625,0.296875,md_cpsr_dqn,lambda_1__rho_0p08
303,1303014,energy_limited,1.0,297.75599801540375,188.1577023267746,109.59829515218735,0.0,45.0,0.0,2.0,0.53125,0.109375,0.359375,md_cpsr_dqn,lambda_1__rho_0p08
303,1303015,energy_limited,1.0,310.4034370779991,206.342228859663,104.06121017038822,0.0,46.0,0.0,0.0,0.53125,0.171875,0.296875,md_cpsr_dqn,lambda_1__rho_0p08
303,1303016,energy_limited,1.0,361.0780934691429,253.78964787721634,107.28844660520554,0.0,43.0,1.0,0.0,0.53125,0.21875,0.25,md_cpsr_dqn,lambda_1__rho_0p08
303,1303017,energy_limited,1.0,346.2105884552002,233.44371116161346,112.76687735319138,0.0,46.0,0.0,0.0,0.59375,0.1875,0.21875,md_cpsr_dqn,lambda_1__rho_0p08
303,1303018,energy_limited,1.0,351.4784461200237,244.16892674565315,107.30952053666115,0.0,45.0,0.0,1.0,0.5,0.171875,0.328125,md_cpsr_dqn,lambda_1__rho_0p08
303,1303019,energy_limited,1.0,318.6121269741015,201.06096839904785,117.5511604227976,0.0,46.0,2.0,1.0,0.5,0.1875,0.3125,md_cpsr_dqn,lambda_1__rho_0p08
303,1303000,thermal_stress,1.0,365.53948175907135,267.2446876168251,98.29479616880417,16.0,34.0,0.0,1.0,0.46875,0.15625,0.375,md_cpsr_dqn,lambda_1__rho_0p08
303,1303001,thermal_stress,1.0,330.656312674284,262.9994250237942,67.65688844025135,2.0,31.0,0.0,0.0,0.515625,0.1875,0.296875,md_cpsr_dqn,lambda_1__rho_0p08
303,1303002,thermal_stress,1.0,333.44916378760337,252.50499093532562,80.94417347812653,0.0,33.0,1.0,0.0,0.578125,0.125,0.296875,md_cpsr_dqn,lambda_1__rho_0p08
303,1303003,thermal_stress,1.0,373.1990610045641,283.2499170899391,89.94914439146221,0.0,35.0,6.0,0.0,0.578125,0.171875,0.25,md_cpsr_dqn,lambda_1__rho_0p08
303,1303004,thermal_stress,1.0,359.0678079815324,257.01164120435715,102.05616729871586,0.0,38.0,17.0,0.0,0.5,0.234375,0.265625,md_cpsr_dqn,lambda_1__rho_0p08
303,1303005,thermal_stress,1.0,298.33903539180756,221.94664132595062,76.39239530265331,1.0,33.0,0.0,0.0,0.40625,0.234375,0.359375,md_cpsr_dqn,lambda_1__rho_0p08
303,1303006,thermal_stress,1.0,352.75516253709793,271.7757431268692,80.97941988706589,1.0,33.0,0.0,2.0,0.53125,0.296875,0.171875,md_cpsr_dqn,lambda_1__rho_0p08
303,1303007,thermal_stress,1.0,302.3933375477791,235.43722426891327,66.95611530542374,1.0,28.0,0.0,0.0,0.546875,0.1875,0.265625,md_cpsr_dqn,lambda_1__rho_0p08
303,1303008,thermal_stress,1.0,360.19631576538086,273.58412688970566,86.61218908429146,0.0,35.0,1.0,0.0,0.5625,0.21875,0.21875,md_cpsr_dqn,lambda_1__rho_0p08
303,1303009,thermal_stress,1.0,326.30562084913254,253.88377970457077,72.4218402504921,0.0,30.0,0.0,0.0,0.546875,0.1875,0.265625,md_cpsr_dqn,lambda_1__rho_0p08
303,1303010,thermal_stress,1.0,392.0091589642652,261.0575153231621,130.9516435814985,0.0,37.0,30.0,3.0,0.375,0.25,0.375,md_cpsr_dqn,lambda_1__rho_0p08
303,1303011,thermal_stress,1.0,312.83612835407257,236.50063371658325,76.33549523353577,1.0,32.0,0.0,0.0,0.46875,0.171875,0.359375,md_cpsr_dqn,lambda_1__rho_0p08
303,1303012,thermal_stress,1.0,384.4849087515078,244.746142745018,139.73876646842595,0.0,37.0,32.0,0.0,0.453125,0.28125,0.265625,md_cpsr_dqn,lambda_1__rho_0p08
303,1303013,thermal_stress,1.0,293.0453024506569,223.36351108551025,69.6817906498909,0.0,29.0,0.0,0.0,0.53125,0.15625,0.3125,md_cpsr_dqn,lambda_1__rho_0p08
303,1303014,thermal_stress,1.0,289.1117627263069,205.7970059812069,83.31475567221642,5.0,33.0,0.0,2.0,0.515625,0.15625,0.328125,md_cpsr_dqn,lambda_1__rho_0p08
303,1303015,thermal_stress,1.0,300.13866520429883,217.96711817383766,82.17154929543769,2.0,33.0,3.0,0.0,0.5,0.1875,0.3125,md_cpsr_dqn,lambda_1__rho_0p08
303,1303016,thermal_stress,1.0,358.63843756474387,274.12181210517883,84.51662681557067,2.0,34.0,6.0,0.0,0.453125,0.25,0.296875,md_cpsr_dqn,lambda_1__rho_0p08
303,1303017,thermal_stress,1.0,341.18512981891627,260.9544646143913,80.2306682741642,1.0,33.0,3.0,0.0,0.5625,0.21875,0.21875,md_cpsr_dqn,lambda_1__rho_0p08
303,1303018,thermal_stress,1.0,364.35025043730496,262.6790012419224,101.6712491655803,0.0,35.0,25.0,0.0,0.46875,0.21875,0.3125,md_cpsr_dqn,lambda_1__rho_0p08
303,1303019,thermal_stress,1.0,311.0248056650162,231.69525408744812,79.3295533657074,0.0,35.0,0.0,1.0,0.4375,0.28125,0.28125,md_cpsr_dqn,lambda_1__rho_0p08
303,1303000,nominal,1.0,335.76805609464645,257.2225514650345,78.54550597071648,4.0,33.0,0.0,1.0,0.484375,0.140625,0.375,md_cpsr_dqn,lambda_3__rho_0p03
303,1303001,nominal,1.0,308.4346584379673,247.03134831786156,61.40330941975117,0.0,29.0,0.0,0.0,0.53125,0.1875,0.28125,md_cpsr_dqn,lambda_3__rho_0p03
303,1303002,nominal,1.0,310.4491090774536,234.59904891252518,75.85006183385849,0.0,31.0,0.0,0.0,0.625,0.125,0.25,md_cpsr_dqn,lambda_3__rho_0p03
303,1303003,nominal,1.0,343.4256180435494,255.8960851430893,87.52953494191914,0.0,35.0,6.0,0.0,0.640625,0.171875,0.1875,md_cpsr_dqn,lambda_3__rho_0p03
303,1303004,nominal,1.0,331.6044771671295,242.9661968946457,88.63827979564667,0.0,36.0,0.0,0.0,0.515625,0.21875,0.265625,md_cpsr_dqn,lambda_3__rho_0p03
303,1303005,nominal,1.0,284.91438686847687,215.76070880889893,69.15367969870567,0.0,30.0,0.0,0.0,0.46875,0.234375,0.296875,md_cpsr_dqn,lambda_3__rho_0p03
303,1303006,nominal,1.0,336.8228826224804,263.2541488111019,73.56873539090157,0.0,31.0,0.0,2.0,0.5625,0.265625,0.171875,md_cpsr_dqn,lambda_3__rho_0p03
303,1303007,nominal,1.0,274.5114427804947,214.98642128705978,59.52502267062664,0.0,27.0,0.0,0.0,0.59375,0.203125,0.203125,md_cpsr_dqn,lambda_3__rho_0p03
303,1303008,nominal,1.0,350.32745081186295,269.48704850673676,80.84040246903896,0.0,34.0,0.0,0.0,0.5625,0.234375,0.203125,md_cpsr_dqn,lambda_3__rho_0p03
303,1303009,nominal,1.0,309.5358615517616,246.06177616119385,63.474084317684174,0.0,28.0,0.0,0.0,0.609375,0.171875,0.21875,md_cpsr_dqn,lambda_3__rho_0p03
303,1303010,nominal,1.0,335.6891025977034,237.25148326158524,98.43762094544351,0.0,36.0,12.0,3.0,0.484375,0.1875,0.328125,md_cpsr_dqn,lambda_3__rho_0p03
303,1303011,nominal,1.0,295.1867575645447,222.94518619775772,72.24157017469406,0.0,31.0,0.0,0.0,0.515625,0.15625,0.328125,md_cpsr_dqn,lambda_3__rho_0p03
303,1303012,nominal,1.0,328.71425923759506,217.19998627901077,111.51427361423536,0.0,37.0,21.0,0.0,0.484375,0.265625,0.25,md_cpsr_dqn,lambda_3__rho_0p03
303,1303013,nominal,1.0,272.0906007885933,212.14795511960983,59.94264540076256,0.0,27.0,0.0,0.0,0.5625,0.15625,0.28125,md_cpsr_dqn,lambda_3__rho_0p03
303,1303014,nominal,1.0,254.41481020450593,180.94086757302284,73.47394164800644,0.0,32.0,0.0,2.0,0.5625,0.15625,0.28125,md_cpsr_dqn,lambda_3__rho_0p03
303,1303015,nominal,1.0,279.5101354420185,205.29103806614876,74.21909880638123,0.0,31.0,0.0,0.0,0.546875,0.171875,0.28125,md_cpsr_dqn,lambda_3__rho_0p03
303,1303016,nominal,1.0,333.55641819953917,256.7643372416496,76.79208031713962,0.0,33.0,1.0,0.0,0.5625,0.234375,0.203125,md_cpsr_dqn,lambda_3__rho_0p03
303,1303017,nominal,1.0,305.63643205165863,231.0039418041706,74.63249015808105,0.0,31.0,0.0,0.0,0.625,0.203125,0.171875,md_cpsr_dqn,lambda_3__rho_0p03
303,1303018,nominal,1.0,325.5363990366459,246.64549747109413,78.89090278744698,0.0,33.0,0.0,0.0,0.53125,0.1875,0.28125,md_cpsr_dqn,lambda_3__rho_0p03
303,1303019,nominal,1.0,289.7555559873581,206.68865835666656,83.06689840555191,0.0,35.0,0.0,1.0,0.484375,0.234375,0.28125,md_cpsr_dqn,lambda_3__rho_0p03
303,1303000,burst,1.0,365.04760724306107,266.9501156806946,98.09749287366867,16.0,34.0,0.0,1.0,0.46875,0.15625,0.375,md_cpsr_dqn,lambda_3__rho_0p03
303,1303001,burst,1.0,326.331288844347,262.4596839249134,63.87160466611385,2.0,30.0,0.0,0.0,0.515625,0.234375,0.25,md_cpsr_dqn,lambda_3__rho_0p03
303,1303002,burst,1.0,333.90857669615747,253.26893556118011,80.63964265489578,0.0,33.0,2.0,0.0,0.609375,0.125,0.265625,md_cpsr_dqn,lambda_3__rho_0p03
303,1303003,burst,1.0,375.9334525132552,283.1218361854553,92.8116171622649,0.0,35.0,9.0,0.0,0.59375,0.21875,0.1875,md_cpsr_dqn,lambda_3__rho_0p03
303,1303004,burst,1.0,361.1642842811636,255.65022867918015,105.51405654075668,0.0,38.0,18.0,0.0,0.5,0.25,0.25,md_cpsr_dqn,lambda_3__rho_0p03
303,1303005,burst,1.0,297.9106341600418,221.16539722681046,76.74523882567883,1.0,33.0,0.0,0.0,0.4375,0.25,0.3125,md_cpsr_dqn,lambda_3__rho_0p03
303,1303006,burst,1.0,353.94449231028557,271.36441645026207,82.58007735013962,1.0,33.0,0.0,2.0,0.546875,0.296875,0.15625,md_cpsr_dqn,lambda_3__rho_0p03
303,1303007,burst,1.0,300.67568016052246,236.2998487353325,64.37583047151566,1.0,28.0,0.0,0.0,0.5625,0.203125,0.234375,md_cpsr_dqn,lambda_3__rho_0p03
303,1303008,burst,1.0,360.100900828812,269.769968688488,90.33093282577747,0.0,36.0,11.0,0.0,0.515625,0.265625,0.21875,md_cpsr_dqn,lambda_3__rho_0p03
303,1303009,burst,1.0,324.7204877138138,251.78158766031265,72.93890136480331,0.0,30.0,0.0,0.0,0.5625,0.203125,0.234375,md_cpsr_dqn,lambda_3__rho_0p03
303,1303010,burst,1.0,399.021031540776,256.2697053551674,142.75132612600396,0.0,37.0,31.0,3.0,0.421875,0.25,0.328125,md_cpsr_dqn,lambda_3__rho_0p03
303,1303011,burst,1.0,309.866810798645,232.94312918186188,76.92368191480637,1.0,33.0,0.0,0.0,0.515625,0.171875,0.3125,md_cpsr_dqn,lambda_3__rho_0p03
303,1303012,burst,1.0,387.3226523043714,242.14882057905197,145.1738317253196,0.0,36.0,32.0,0.0,0.46875,0.296875,0.234375,md_cpsr_dqn,lambda_3__rho_0p03
303,1303013,burst,1.0,289.5936566591263,219.911865234375,69.6817906498909,0.0,29.0,0.0,0.0,0.546875,0.171875,0.28125,md_cpsr_dqn,lambda_3__rho_0p03
303,1303014,burst,1.0,282.0840649247169,198.01101484894753,84.07305049300194,5.0,33.0,0.0,2.0,0.546875,0.171875,0.28125,md_cpsr_dqn,lambda_3__rho_0p03
303,1303015,burst,1.0,300.25118139649663,217.18563759326935,83.06554410125052,2.0,33.0,5.0,0.0,0.515625,0.1875,0.296875,md_cpsr_dqn,lambda_3__rho_0p03
303,1303016,burst,1.0,356.1481105006097,270.7052245736122,85.44288573328235,2.0,34.0,6.0,0.0,0.46875,0.25,0.28125,md_cpsr_dqn,lambda_3__rho_0p03
303,1303017,burst,1.0,343.1936434866757,261.42795956134796,81.76568434256023,0.0,33.0,9.0,0.0,0.59375,0.234375,0.171875,md_cpsr_dqn,lambda_3__rho_0p03
303,1303018,burst,1.0,361.9388925727368,266.0146290361881,95.92426320872305,0.0,34.0,15.0,0.0,0.5,0.21875,0.28125,md_cpsr_dqn,lambda_3__rho_0p03
303,1303019,burst,1.0,310.7882570028305,231.45870351791382,79.3295533657074,0.0,35.0,0.0,1.0,0.4375,0.28125,0.28125,md_cpsr_dqn,lambda_3__rho_0p03
303,1303000,link_limited,1.0,467.5371999909867,347.8497244119644,119.68747693502795,14.0,37.0,14.0,1.0,0.640625,0.046875,0.3125,md_cpsr_dqn,lambda_3__rho_0p03
303,1303001,link_limited,1.0,385.7145220041275,315.2875324487686,70.42699128389359,0.0,31.0,0.0,0.0,0.671875,0.109375,0.21875,md_cpsr_dqn,lambda_3__rho_0p03
303,1303002,link_limited,1.0,379.6189017276764,298.53380060195923,81.0850996952057,0.0,34.0,6.0,0.0,0.734375,0.0625,0.203125,md_cpsr_dqn,lambda_3__rho_0p03
303,1303003,link_limited,1.0,471.0833101624177,353.2983459830284,117.78496474563329,0.0,37.0,22.0,0.0,0.75,0.09375,0.15625,md_cpsr_dqn,lambda_3__rho_0p03
303,1303004,link_limited,1.0,476.162345972552,333.16478729248047,142.99756008078054,0.0,38.0,21.0,0.0,0.609375,0.171875,0.21875,md_cpsr_dqn,lambda_3__rho_0p03
303,1303005,link_limited,1.0,377.0261230692455,282.22975021600723,94.79637112470361,0.0,34.0,13.0,0.0,0.609375,0.125,0.265625,md_cpsr_dqn,lambda_3__rho_0p03
303,1303006,link_limited,1.0,424.84123771030056,332.11506885290146,92.7261692150269,0.0,33.0,13.0,2.0,0.6875,0.15625,0.15625,md_cpsr_dqn,lambda_3__rho_0p03
303,1303007,link_limited,1.0,338.1814430952072,270.09076112508774,68.09068267047405,0.0,29.0,0.0,0.0,0.734375,0.125,0.140625,md_cpsr_dqn,lambda_3__rho_0p03
303,1303008,link_limited,1.0,518.1661858837159,337.07738214731216,181.0888035426887,0.0,42.0,41.0,0.0,0.734375,0.125,0.140625,md_cpsr_dqn,lambda_3__rho_0p03
303,1303009,link_limited,1.0,397.72665710468385,305.0217164158821,92.70494086761563,0.0,31.0,9.0,0.0,0.75,0.125,0.125,md_cpsr_dqn,lambda_3__rho_0p03
303,1303010,link_limited,1.0,470.1338749398107,311.123857319355,159.01001857413,0.0,38.0,30.0,3.0,0.625,0.125,0.25,md_cpsr_dqn,lambda_3__rho_0p03
303,1303011,link_limited,1.0,412.2964672446251,321.64434200525284,90.65212595462799,0.0,36.0,0.0,0.0,0.640625,0.125,0.234375,md_cpsr_dqn,lambda_3__rho_0p03
303,1303012,link_limited,1.0,519.0372671337782,303.1645931005478,215.8726738544166,0.0,39.0,38.0,0.0,0.59375,0.1875,0.21875,md_cpsr_dqn,lambda_3__rho_0p03
303,1303013,link_limited,1.0,378.93070471286774,296.98046839237213,81.95023608207703,0.0,34.0,0.0,0.0,0.65625,0.109375,0.234375,md_cpsr_dqn,lambda_3__rho_0p03
303,1303014,link_limited,1.0,308.96694829812645,221.04520976543427,87.92173918834328,0.0,35.0,9.0,1.0,0.703125,0.125,0.171875,md_cpsr_dqn,lambda_3__rho_0p03
303,1303015,link_limited,1.0,346.0123816121104,250.0356646180153,95.97671702389741,0.0,33.0,11.0,0.0,0.671875,0.125,0.203125,md_cpsr_dqn,lambda_3__rho_0p03
303,1303016,link_limited,1.0,557.7649642469435,375.9101079106331,181.854856008485,0.0,42.0,36.0,0.0,0.625,0.1875,0.1875,md_cpsr_dqn,lambda_3__rho_0p03
303,1303017,link_limited,1.0,462.0828307382679,348.0300323963165,114.05279841645722,0.0,36.0,13.0,0.0,0.6875,0.140625,0.171875,md_cpsr_dqn,lambda_3__rho_0p03
303,1303018,link_limited,1.0,457.47081098695764,356.6522613167763,100.81854946156513,0.0,34.0,15.0,0.0,0.640625,0.109375,0.25,md_cpsr_dqn,lambda_3__rho_0p03
303,1303019,link_limited,1.0,495.0983999562917,299.03621459007263,196.06218536621915,0.0,39.0,39.0,1.0,0.625,0.140625,0.234375,md_cpsr_dqn,lambda_3__rho_0p03
303,1303000,energy_limited,1.0,367.7600396871567,257.7212466597557,110.03879380226135,4.0,45.0,0.0,1.0,0.484375,0.140625,0.375,md_cpsr_dqn,lambda_3__rho_0p03
303,1303001,energy_limited,1.0,348.537667542696,247.73548457026482,100.80218398571014,0.0,42.0,0.0,0.0,0.53125,0.1875,0.28125,md_cpsr_dqn,lambda_3__rho_0p03
303,1303002,energy_limited,1.0,339.4359391927719,235.35359919071198,104.0823420137167,0.0,42.0,0.0,0.0,0.625,0.125,0.25,md_cpsr_dqn,lambda_3__rho_0p03
303,1303003,energy_limited,1.0,373.8044540196732,256.53051221370697,117.27394305766373,0.0,46.0,6.0,0.0,0.640625,0.171875,0.1875,md_cpsr_dqn,lambda_3__rho_0p03
303,1303004,energy_limited,1.0,356.2555241584778,241.9076572060585,114.34786638617516,0.0,46.0,0.0,0.0,0.53125,0.21875,0.25,md_cpsr_dqn,lambda_3__rho_0p03
303,1303005,energy_limited,1.0,319.80931401252747,217.34431636333466,102.46499718725681,0.0,42.0,0.0,0.0,0.46875,0.21875,0.3125,md_cpsr_dqn,lambda_3__rho_0p03
303,1303006,energy_limited,1.0,369.7274814546108,263.0923897922039,106.63509213924408,0.0,45.0,0.0,2.0,0.546875,0.265625,0.1875,md_cpsr_dqn,lambda_3__rho_0p03
303,1303007,energy_limited,1.0,308.8646426796913,215.7374845147133,93.12715947628021,0.0,40.0,0.0,0.0,0.59375,0.203125,0.203125,md_cpsr_dqn,lambda_3__rho_0p03
303,1303008,energy_limited,1.0,379.5048204064369,267.35996466875076,112.14485692977905,0.0,45.0,0.0,0.0,0.578125,0.21875,0.203125,md_cpsr_dqn,lambda_3__rho_0p03
303,1303009,energy_limited,1.0,342.6343176960945,244.8713084757328,97.76300993561745,0.0,43.0,0.0,0.0,0.59375,0.171875,0.234375,md_cpsr_dqn,lambda_3__rho_0p03
303,1303010,energy_limited,1.0,361.55223636197036,237.72359204292297,123.82864612208783,0.0,48.0,12.0,3.0,0.484375,0.1875,0.328125,md_cpsr_dqn,lambda_3__rho_0p03
303,1303011,energy_limited,1.0,333.8009113073349,221.51381933689117,112.28709237277508,0.0,47.0,0.0,0.0,0.53125,0.140625,0.328125,md_cpsr_dqn,lambda_3__rho_0p03
303,1303012,energy_limited,1.0,347.30573205359235,219.69827422499657,127.60745767958417,0.0,45.0,19.0,0.0,0.484375,0.25,0.265625,md_cpsr_dqn,lambda_3__rho_0p03
303,1303013,energy_limited,1.0,308.34935146570206,212.82610815763474,95.52324344217777,0.0,42.0,0.0,0.0,0.5625,0.15625,0.28125,md_cpsr_dqn,lambda_3__rho_0p03
303,1303014,energy_limited,1.0,291.1587361693382,181.5382802784443,109.62045401334763,0.0,46.0,0.0,2.0,0.5625,0.15625,0.28125,md_cpsr_dqn,lambda_3__rho_0p03
303,1303015,energy_limited,1.0,309.9486429095268,205.8874343931675,104.06121017038822,0.0,46.0,0.0,0.0,0.546875,0.171875,0.28125,md_cpsr_dqn,lambda_3__rho_0p03
303,1303016,energy_limited,1.0,364.644283015728,257.32570123672485,107.3185822558403,0.0,43.0,1.0,0.0,0.5625,0.234375,0.203125,md_cpsr_dqn,lambda_3__rho_0p03
303,1303017,energy_limited,1.0,344.17314863204956,230.93157264590263,113.24157786369324,0.0,46.0,0.0,0.0,0.609375,0.203125,0.1875,md_cpsr_dqn,lambda_3__rho_0p03
303,1303018,energy_limited,1.0,349.8276819884777,247.32966324687004,102.4980194568634,0.0,41.0,0.0,0.0,0.53125,0.1875,0.28125,md_cpsr_dqn,lambda_3__rho_0p03
303,1303019,energy_limited,1.0,315.8702633360581,200.1986335515976,115.67163067853014,0.0,46.0,3.0,1.0,0.5,0.21875,0.28125,md_cpsr_dqn,lambda_3__rho_0p03
303,1303000,thermal_stress,1.0,365.53948175907135,267.2446876168251,98.29479616880417,16.0,34.0,0.0,1.0,0.46875,0.15625,0.375,md_cpsr_dqn,lambda_3__rho_0p03
303,1303001,thermal_stress,1.0,326.7866594493389,262.8188646733761,63.967792972922325,2.0,30.0,0.0,0.0,0.515625,0.234375,0.25,md_cpsr_dqn,lambda_3__rho_0p03
303,1303002,thermal_stress,1.0,334.3073253324032,253.66768324375153,80.63964265489578,0.0,33.0,2.0,0.0,0.609375,0.125,0.265625,md_cpsr_dqn,lambda_3__rho_0p03
303,1303003,thermal_stress,1.0,376.2257996464148,283.41418385505676,92.8116171622649,0.0,35.0,9.0,0.0,0.59375,0.21875,0.1875,md_cpsr_dqn,lambda_3__rho_0p03
303,1303004,thermal_stress,1.0,361.5742008012823,256.06014508008957,105.51405654075668,0.0,38.0,18.0,0.0,0.5,0.25,0.25,md_cpsr_dqn,lambda_3__rho_0p03
303,1303005,thermal_stress,1.0,298.2250224351883,221.4322316646576,76.79279188811779,1.0,33.0,0.0,0.0,0.4375,0.25,0.3125,md_cpsr_dqn,lambda_3__rho_0p03
303,1303006,thermal_stress,1.0,355.30001930937743,273.5486416220665,81.75137911782242,1.0,33.0,1.0,2.0,0.53125,0.3125,0.15625,md_cpsr_dqn,lambda_3__rho_0p03
303,1303007,thermal_stress,1.0,301.1316973567009,236.70831537246704,64.42338210344315,1.0,28.0,0.0,0.0,0.5625,0.203125,0.234375,md_cpsr_dqn,lambda_3__rho_0p03
303,1303008,thermal_stress,1.0,360.33166736361727,270.00073421001434,90.33093282577747,0.0,36.0,11.0,0.0,0.515625,0.265625,0.21875,md_cpsr_dqn,lambda_3__rho_0p03
303,1303009,thermal_stress,1.0,325.08874875307083,252.1498465538025,72.93890136480331,0.0,30.0,0.0,0.0,0.5625,0.203125,0.234375,md_cpsr_dqn,lambda_3__rho_0p03
303,1303010,thermal_stress,1.0,399.39578066482613,256.64445436000824,142.75132612600396,0.0,37.0,31.0,3.0,0.421875,0.25,0.328125,md_cpsr_dqn,lambda_3__rho_0p03
303,1303011,thermal_stress,1.0,310.27727150917053,233.33435148000717,76.94291943311691,1.0,33.0,0.0,0.0,0.515625,0.171875,0.3125,md_cpsr_dqn,lambda_3__rho_0p03
303,1303012,thermal_stress,1.0,387.6718144359193,242.4979827105999,145.1738317253196,0.0,36.0,32.0,0.0,0.46875,0.296875,0.234375,md_cpsr_dqn,lambda_3__rho_0p03
303,1303013,thermal_stress,1.0,289.9407656788826,220.25897496938705,69.6817906498909,0.0,29.0,0.0,0.0,0.546875,0.171875,0.28125,md_cpsr_dqn,lambda_3__rho_0p03
303,1303014,thermal_stress,1.0,282.4622063875198,198.32671442627907,84.13549231886864,5.0,33.0,0.0,2.0,0.546875,0.171875,0.28125,md_cpsr_dqn,lambda_3__rho_0p03
303,1303015,thermal_stress,1.0,300.6031638410214,217.5120266377926,83.09113881255423,2.0,33.0,5.0,0.0,0.515625,0.1875,0.296875,md_cpsr_dqn,lambda_3__rho_0p03
303,1303016,thermal_stress,1.0,356.54069154623727,270.9949606657028,85.54573164049366,2.0,34.0,6.0,0.0,0.46875,0.25,0.28125,md_cpsr_dqn,lambda_3__rho_0p03
303,1303017,thermal_stress,1.0,343.48224056380695,261.71655693650246,81.76568434256023,0.0,33.0,9.0,0.0,0.59375,0.234375,0.171875,md_cpsr_dqn,lambda_3__rho_0p03
303,1303018,thermal_stress,1.0,362.34940460286145,266.42514166235924,95.92426320872305,0.0,34.0,15.0,0.0,0.5,0.21875,0.28125,md_cpsr_dqn,lambda_3__rho_0p03
303,1303019,thermal_stress,1.0,311.0248056650162,231.69525408744812,79.3295533657074,0.0,35.0,0.0,1.0,0.4375,0.28125,0.28125,md_cpsr_dqn,lambda_3__rho_0p03
303,1303000,nominal,1.0,334.1228339076042,256.1301335096359,77.99270126223564,3.0,33.0,0.0,1.0,0.5,0.140625,0.359375,md_cpsr_dqn,lambda_3__rho_0p05
303,1303001,nominal,1.0,307.58145263791084,247.36380323767662,60.217649549245834,0.0,29.0,0.0,0.0,0.546875,0.1875,0.265625,md_cpsr_dqn,lambda_3__rho_0p05
303,1303002,nominal,1.0,310.4491090774536,234.59904891252518,75.85006183385849,0.0,31.0,0.0,0.0,0.625,0.125,0.25,md_cpsr_dqn,lambda_3__rho_0p05
303,1303003,nominal,1.0,344.433957953155,256.25836688280106,88.1755920985341,0.0,35.0,7.0,0.0,0.65625,0.15625,0.1875,md_cpsr_dqn,lambda_3__rho_0p05
303,1303004,nominal,1.0,331.6044771671295,242.9661968946457,88.63827979564667,0.0,36.0,0.0,0.0,0.515625,0.21875,0.265625,md_cpsr_dqn,lambda_3__rho_0p05
303,1303005,nominal,1.0,284.91438686847687,215.76070880889893,69.15367969870567,0.0,30.0,0.0,0.0,0.46875,0.234375,0.296875,md_cpsr_dqn,lambda_3__rho_0p05
303,1303006,nominal,1.0,337.9792365729809,262.5523909628391,75.42684435844421,0.0,31.0,0.0,2.0,0.578125,0.265625,0.15625,md_cpsr_dqn,lambda_3__rho_0p05
303,1303007,nominal,1.0,272.7695258259773,212.27322244644165,60.49630405008793,0.0,27.0,0.0,0.0,0.609375,0.203125,0.1875,md_cpsr_dqn,lambda_3__rho_0p05
303,1303008,nominal,1.0,340.06460014728225,256.81381690502167,83.25078249720251,0.0,35.0,5.0,0.0,0.546875,0.265625,0.1875,md_cpsr_dqn,lambda_3__rho_0p05
303,1303009,nominal,1.0,309.5076180100441,244.1640418767929,65.34357768297195,0.0,28.0,0.0,0.0,0.59375,0.171875,0.234375,md_cpsr_dqn,lambda_3__rho_0p05
303,1303010,nominal,1.0,335.6891025977034,237.25148326158524,98.43762094544351,0.0,36.0,12.0,3.0,0.484375,0.1875,0.328125,md_cpsr_dqn,lambda_3__rho_0p05
303,1303011,nominal,1.0,296.1881356239319,224.93818163871765,71.24995374679565,0.0,31.0,0.0,0.0,0.53125,0.15625,0.3125,md_cpsr_dqn,lambda_3__rho_0p05
303,1303012,nominal,1.0,328.71425923759506,217.19998627901077,111.51427361423536,0.0,37.0,21.0,0.0,0.484375,0.265625,0.25,md_cpsr_dqn,lambda_3__rho_0p05
303,1303013,nominal,1.0,272.0906007885933,212.14795511960983,59.94264540076256,0.0,27.0,0.0,0.0,0.5625,0.15625,0.28125,md_cpsr_dqn,lambda_3__rho_0p05
303,1303014,nominal,1.0,254.0298142671585,180.55587127804756,73.47394164800644,0.0,32.0,0.0,2.0,0.578125,0.15625,0.265625,md_cpsr_dqn,lambda_3__rho_0p05
303,1303015,nominal,1.0,279.5101354420185,205.29103806614876,74.21909880638123,0.0,31.0,0.0,0.0,0.546875,0.171875,0.28125,md_cpsr_dqn,lambda_3__rho_0p05
303,1303016,nominal,1.0,329.55793509492474,249.75563913583755,79.80229561636054,0.0,33.0,6.0,0.0,0.546875,0.234375,0.21875,md_cpsr_dqn,lambda_3__rho_0p05
303,1303017,nominal,1.0,305.63643205165863,231.0039418041706,74.63249015808105,0.0,31.0,0.0,0.0,0.625,0.203125,0.171875,md_cpsr_dqn,lambda_3__rho_0p05
303,1303018,nominal,1.0,324.48716762437607,242.88278076052666,81.60438859238413,0.0,33.0,1.0,0.0,0.515625,0.1875,0.296875,md_cpsr_dqn,lambda_3__rho_0p05
303,1303019,nominal,1.0,289.7555559873581,206.68865835666656,83.06689840555191,0.0,35.0,0.0,1.0,0.484375,0.234375,0.28125,md_cpsr_dqn,lambda_3__rho_0p05
303,1303000,burst,1.0,365.04760724306107,266.9501156806946,98.09749287366867,16.0,34.0,0.0,1.0,0.46875,0.15625,0.375,md_cpsr_dqn,lambda_3__rho_0p05
303,1303001,burst,1.0,326.331288844347,262.4596839249134,63.87160466611385,2.0,30.0,0.0,0.0,0.515625,0.234375,0.25,md_cpsr_dqn,lambda_3__rho_0p05
303,1303002,burst,1.0,333.90857669615747,253.26893556118011,80.63964265489578,0.0,33.0,2.0,0.0,0.609375,0.125,0.265625,md_cpsr_dqn,lambda_3__rho_0p05
303,1303003,burst,1.0,376.50286317220326,284.03619039058685,92.46667337766289,0.0,35.0,7.0,0.0,0.625,0.171875,0.203125,md_cpsr_dqn,lambda_3__rho_0p05
303,1303004,burst,1.0,361.1642842811636,255.65022867918015,105.51405654075668,0.0,38.0,18.0,0.0,0.5,0.25,0.25,md_cpsr_dqn,lambda_3__rho_0p05
303,1303005,burst,1.0,297.13441359996796,222.3017856478691,74.83262823522091,1.0,33.0,0.0,0.0,0.453125,0.25,0.296875,md_cpsr_dqn,lambda_3__rho_0p05
303,1303006,burst,1.0,355.3967332777662,273.8021083176136,81.59462347003648,1.0,33.0,2.0,2.0,0.5625,0.296875,0.140625,md_cpsr_dqn,lambda_3__rho_0p05
303,1303007,burst,1.0,301.2572937011719,236.0262662768364,65.23102885484695,1.0,28.0,0.0,0.0,0.5625,0.203125,0.234375,md_cpsr_dqn,lambda_3__rho_0p05
303,1303008,burst,1.0,366.28082813127287,265.6253927350044,100.6554362009311,0.0,36.0,24.0,0.0,0.515625,0.28125,0.203125,md_cpsr_dqn,lambda_3__rho_0p05
303,1303009,burst,1.0,320.40389358997345,247.46499353647232,72.93890136480331,0.0,30.0,0.0,0.0,0.578125,0.1875,0.234375,md_cpsr_dqn,lambda_3__rho_0p05
303,1303010,burst,1.0,399.021031540776,256.2697053551674,142.75132612600396,0.0,37.0,31.0,3.0,0.421875,0.25,0.328125,md_cpsr_dqn,lambda_3__rho_0p05
303,1303011,burst,1.0,309.866810798645,232.94312918186188,76.92368191480637,1.0,33.0,0.0,0.0,0.515625,0.171875,0.3125,md_cpsr_dqn,lambda_3__rho_0p05
303,1303012,burst,1.0,387.91814484547604,241.76306584477425,146.15507923912043,0.0,36.0,32.0,0.0,0.453125,0.3125,0.234375,md_cpsr_dqn,lambda_3__rho_0p05
303,1303013,burst,1.0,289.89544689655304,220.21365654468536,69.6817906498909,0.0,29.0,0.0,0.0,0.5625,0.15625,0.28125,md_cpsr_dqn,lambda_3__rho_0p05
303,1303014,burst,1.0,282.0840649247169,198.01101484894753,84.07305049300194,5.0,33.0,0.0,2.0,0.546875,0.171875,0.28125,md_cpsr_dqn,lambda_3__rho_0p05
303,1303015,burst,1.0,300.25118139649663,217.18563759326935,83.06554410125052,2.0,33.0,5.0,0.0,0.515625,0.1875,0.296875,md_cpsr_dqn,lambda_3__rho_0p05
303,1303016,burst,1.0,369.89655935981665,266.7135060429573,103.18305307844085,2.0,34.0,20.0,0.0,0.5,0.25,0.25,md_cpsr_dqn,lambda_3__rho_0p05
303,1303017,burst,1.0,341.70267148787985,257.80653297901154,83.89614068443782,1.0,34.0,9.0,0.0,0.59375,0.21875,0.1875,md_cpsr_dqn,lambda_3__rho_0p05
303,1303018,burst,1.0,370.9249368854767,262.0856976211071,108.83923935377662,0.0,35.0,25.0,0.0,0.484375,0.234375,0.28125,md_cpsr_dqn,lambda_3__rho_0p05
303,1303019,burst,1.0,310.7882570028305,231.45870351791382,79.3295533657074,0.0,35.0,0.0,1.0,0.4375,0.28125,0.28125,md_cpsr_dqn,lambda_3__rho_0p05
303,1303000,link_limited,1.0,467.5371999909867,347.8497244119644,119.68747693502795,14.0,37.0,14.0,1.0,0.640625,0.046875,0.3125,md_cpsr_dqn,lambda_3__rho_0p05
303,1303001,link_limited,1.0,388.09366178512573,314.40109688043594,73.69256490468979,0.0,33.0,0.0,0.0,0.671875,0.125,0.203125,md_cpsr_dqn,lambda_3__rho_0p05
303,1303002,link_limited,1.0,378.7350786386728,298.6518224477768,80.08325583326817,0.0,34.0,4.0,0.0,0.734375,0.078125,0.1875,md_cpsr_dqn,lambda_3__rho_0p05
303,1303003,link_limited,1.0,492.53795253681363,348.3429818749428,144.19497045325454,0.0,39.0,34.0,0.0,0.75,0.09375,0.15625,md_cpsr_dqn,lambda_3__rho_0p05
303,1303004,link_limited,1.0,480.3557671214136,328.91530752182007,151.44046046386072,0.0,38.0,27.0,0.0,0.625,0.171875,0.203125,md_cpsr_dqn,lambda_3__rho_0p05
303,1303005,link_limited,1.0,379.17310914415316,284.255378305912,94.91772910970649,0.0,34.0,13.0,0.0,0.609375,0.140625,0.25,md_cpsr_dqn,lambda_3__rho_0p05
303,1303006,link_limited,1.0,423.4768766204543,329.4743703007698,94.0025060812658,0.0,33.0,16.0,2.0,0.703125,0.15625,0.140625,md_cpsr_dqn,lambda_3__rho_0p05
303,1303007,link_limited,1.0,334.86280047893524,266.77211850881577,68.09068267047405,0.0,29.0,0.0,0.0,0.75,0.125,0.125,md_cpsr_dqn,lambda_3__rho_0p05
303,1303008,link_limited,1.0,518.1661858837159,337.07738214731216,181.0888035426887,0.0,42.0,41.0,0.0,0.734375,0.125,0.140625,md_cpsr_dqn,lambda_3__rho_0p05
303,1303009,link_limited,1.0,400.75443755131755,303.1728999018669,97.58153794747376,0.0,31.0,10.0,0.0,0.765625,0.125,0.109375,md_cpsr_dqn,lambda_3__rho_0p05
303,1303010,link_limited,1.0,539.9037968974335,342.27565187215805,197.62814496567094,0.0,41.0,36.0,3.0,0.609375,0.125,0.265625,md_cpsr_dqn,lambda_3__rho_0p05
303,1303011,link_limited,1.0,412.0998877286911,317.10139787197113,94.99849194288254,0.0,39.0,0.0,0.0,0.65625,0.09375,0.25,md_cpsr_dqn,lambda_3__rho_0p05
303,1303012,link_limited,1.0,519.0372671337782,303.1645931005478,215.8726738544166,0.0,39.0,38.0,0.0,0.59375,0.1875,0.21875,md_cpsr_dqn,lambda_3__rho_0p05
303,1303013,link_limited,1.0,378.93070471286774,296.98046839237213,81.95023608207703,0.0,34.0,0.0,0.0,0.65625,0.109375,0.234375,md_cpsr_dqn,lambda_3__rho_0p05
303,1303014,link_limited,1.0,308.96694829812645,221.04520976543427,87.92173918834328,0.0,35.0,9.0,1.0,0.703125,0.125,0.171875,md_cpsr_dqn,lambda_3__rho_0p05
303,1303015,link_limited,1.0,348.3073879940989,251.42313742637634,96.8842505975249,0.0,33.0,12.0,0.0,0.6875,0.125,0.1875,md_cpsr_dqn,lambda_3__rho_0p05
303,1303016,link_limited,1.0,564.6081372966988,372.8578048944473,191.75033267047257,0.0,42.0,37.0,0.0,0.640625,0.203125,0.15625,md_cpsr_dqn,lambda_3__rho_0p05
303,1303017,link_limited,1.0,449.49071700154235,342.7466306090355,106.74408646701278,0.0,36.0,13.0,0.0,0.703125,0.125,0.171875,md_cpsr_dqn,lambda_3__rho_0p05
303,1303018,link_limited,1.0,455.8721364953435,352.6832463145256,103.18889080666673,0.0,34.0,16.0,0.0,0.625,0.109375,0.265625,md_cpsr_dqn,lambda_3__rho_0p05
303,1303019,link_limited,1.0,482.7654074545175,297.24459594488144,185.52081186726397,0.0,39.0,33.0,1.0,0.625,0.125,0.25,md_cpsr_dqn,lambda_3__rho_0p05
303,1303000,energy_limited,1.0,366.11481750011444,256.62882870435715,109.48598909378052,3.0,45.0,0.0,1.0,0.5,0.140625,0.359375,md_cpsr_dqn,lambda_3__rho_0p05
303,1303001,energy_limited,1.0,346.99918988347054,246.19700720906258,100.80218398571014,0.0,42.0,0.0,0.0,0.546875,0.171875,0.28125,md_cpsr_dqn,lambda_3__rho_0p05
303,1303002,energy_limited,1.0,339.4698326587677,234.28091567754745,105.18891805410385,0.0,42.0,0.0,0.0,0.609375,0.125,0.265625,md_cpsr_dqn,lambda_3__rho_0p05
303,1303003,energy_limited,1.0,374.8127939292788,256.89279395341873,117.92000021427869,0.0,46.0,7.0,0.0,0.65625,0.15625,0.1875,md_cpsr_dqn,lambda_3__rho_0p05
303,1303004,energy_limited,1.0,358.35281348228455,243.52047449350357,114.83233878016472,0.0,46.0,0.0,0.0,0.515625,0.21875,0.265625,md_cpsr_dqn,lambda_3__rho_0p05
303,1303005,energy_limited,1.0,318.7395918369293,216.2745960354805,102.46499718725681,0.0,42.0,0.0,0.0,0.46875,0.234375,0.296875,md_cpsr_dqn,lambda_3__rho_0p05
303,1303006,energy_limited,1.0,365.3046289384365,258.66953906416893,106.63509213924408,0.0,45.0,0.0,2.0,0.5625,0.25,0.1875,md_cpsr_dqn,lambda_3__rho_0p05
303,1303007,energy_limited,1.0,307.14693409204483,213.04849356412888,94.09844100475311,0.0,40.0,0.0,0.0,0.609375,0.203125,0.1875,md_cpsr_dqn,lambda_3__rho_0p05
303,1303008,energy_limited,1.0,373.20605728772796,257.30131047964096,115.90474797037756,0.0,47.0,5.0,0.0,0.546875,0.265625,0.1875,md_cpsr_dqn,lambda_3__rho_0p05
303,1303009,energy_limited,1.0,342.6343176960945,244.8713084757328,97.76300993561745,0.0,43.0,0.0,0.0,0.59375,0.171875,0.234375,md_cpsr_dqn,lambda_3__rho_0p05
303,1303010,energy_limited,1.0,361.55223636197036,237.72359204292297,123.82864612208783,0.0,48.0,12.0,3.0,0.484375,0.1875,0.328125,md_cpsr_dqn,lambda_3__rho_0p05
303,1303011,energy_limited,1.0,333.8009113073349,221.51381933689117,112.28709237277508,0.0,47.0,0.0,0.0,0.53125,0.140625,0.328125,md_cpsr_dqn,lambda_3__rho_0p05
303,1303012,energy_limited,1.0,347.30573205359235,219.69827422499657,127.60745767958417,0.0,45.0,19.0,0.0,0.484375,0.25,0.265625,md_cpsr_dqn,lambda_3__rho_0p05
303,1303013,energy_limited,1.0,306.5786593556404,209.84972369670868,96.7289362102747,0.0,42.0,0.0,0.0,0.578125,0.140625,0.28125,md_cpsr_dqn,lambda_3__rho_0p05
303,1303014,energy_limited,1.0,290.7737402319908,181.153283983469,109.62045401334763,0.0,46.0,0.0,2.0,0.578125,0.15625,0.265625,md_cpsr_dqn,lambda_3__rho_0p05
303,1303015,energy_limited,1.0,309.9486429095268,205.8874343931675,104.06121017038822,0.0,46.0,0.0,0.0,0.546875,0.171875,0.28125,md_cpsr_dqn,lambda_3__rho_0p05
303,1303016,energy_limited,1.0,359.9115684390982,250.30411159992218,109.6074568987807,0.0,43.0,6.0,0.0,0.546875,0.234375,0.21875,md_cpsr_dqn,lambda_3__rho_0p05
303,1303017,energy_limited,1.0,344.17314863204956,230.93157264590263,113.24157786369324,0.0,46.0,0.0,0.0,0.609375,0.203125,0.1875,md_cpsr_dqn,lambda_3__rho_0p05
303,1303018,energy_limited,1.0,349.0301240064123,243.51845076680183,105.51167534067419,0.0,44.0,1.0,0.0,0.515625,0.1875,0.296875,md_cpsr_dqn,lambda_3__rho_0p05
303,1303019,energy_limited,1.0,315.8702633360581,200.1986335515976,115.67163067853014,0.0,46.0,3.0,1.0,0.5,0.21875,0.28125,md_cpsr_dqn,lambda_3__rho_0p05
303,1303000,thermal_stress,1.0,365.53948175907135,267.2446876168251,98.29479616880417,16.0,34.0,0.0,1.0,0.46875,0.15625,0.375,md_cpsr_dqn,lambda_3__rho_0p05
303,1303001,thermal_stress,1.0,326.7866594493389,262.8188646733761,63.967792972922325,2.0,30.0,0.0,0.0,0.515625,0.234375,0.25,md_cpsr_dqn,lambda_3__rho_0p05
303,1303002,thermal_stress,1.0,334.3073253324032,253.66768324375153,80.63964265489578,0.0,33.0,2.0,0.0,0.609375,0.125,0.265625,md_cpsr_dqn,lambda_3__rho_0p05
303,1303003,thermal_stress,1.0,376.7957498466074,284.3290778398514,92.46667337766289,0.0,35.0,7.0,0.0,0.625,0.171875,0.203125,md_cpsr_dqn,lambda_3__rho_0p05
303,1303004,thermal_stress,1.0,361.5742008012823,256.06014508008957,105.51405654075668,0.0,38.0,18.0,0.0,0.5,0.25,0.25,md_cpsr_dqn,lambda_3__rho_0p05
303,1303005,thermal_stress,1.0,297.448966383934,222.5687870979309,74.88018129765987,1.0,33.0,0.0,0.0,0.453125,0.25,0.296875,md_cpsr_dqn,lambda_3__rho_0p05
303,1303006,thermal_stress,1.0,355.7237985369844,274.10316318273544,81.6206344601793,1.0,33.0,2.0,2.0,0.5625,0.296875,0.140625,md_cpsr_dqn,lambda_3__rho_0p05
303,1303007,thermal_stress,1.0,301.71673542261124,236.43815410137177,65.27858120203018,1.0,28.0,0.0,0.0,0.5625,0.203125,0.234375,md_cpsr_dqn,lambda_3__rho_0p05
303,1303008,thermal_stress,1.0,366.51509131295927,265.8596559166908,100.6554362009311,0.0,36.0,24.0,0.0,0.515625,0.28125,0.203125,md_cpsr_dqn,lambda_3__rho_0p05
303,1303009,thermal_stress,1.0,320.7721613049507,247.83325862884521,72.93890136480331,0.0,30.0,0.0,0.0,0.578125,0.1875,0.234375,md_cpsr_dqn,lambda_3__rho_0p05
303,1303010,thermal_stress,1.0,399.39578066482613,256.64445436000824,142.75132612600396,0.0,37.0,31.0,3.0,0.421875,0.25,0.328125,md_cpsr_dqn,lambda_3__rho_0p05
303,1303011,thermal_stress,1.0,310.27727150917053,233.33435148000717,76.94291943311691,1.0,33.0,0.0,0.0,0.515625,0.171875,0.3125,md_cpsr_dqn,lambda_3__rho_0p05
303,1303012,thermal_stress,1.0,388.26654910396564,242.11147010326385,146.15507923912043,0.0,36.0,32.0,0.0,0.453125,0.3125,0.234375,md_cpsr_dqn,lambda_3__rho_0p05
303,1303013,thermal_stress,1.0,290.2426064610481,220.56081718206406,69.6817906498909,0.0,29.0,0.0,0.0,0.5625,0.15625,0.28125,md_cpsr_dqn,lambda_3__rho_0p05
303,1303014,thermal_stress,1.0,282.4622063875198,198.32671442627907,84.13549231886864,5.0,33.0,0.0,2.0,0.546875,0.171875,0.28125,md_cpsr_dqn,lambda_3__rho_0p05
303,1303015,thermal_stress,1.0,300.6031638410214,217.5120266377926,83.09113881255423,2.0,33.0,5.0,0.0,0.515625,0.1875,0.296875,md_cpsr_dqn,lambda_3__rho_0p05
303,1303016,thermal_stress,1.0,370.2897754333297,267.0038760304451,103.28589898565215,2.0,34.0,20.0,0.0,0.5,0.25,0.25,md_cpsr_dqn,lambda_3__rho_0p05
303,1303017,thermal_stress,1.0,342.00115056808005,258.0959612727165,83.90519153053768,1.0,34.0,9.0,0.0,0.59375,0.21875,0.1875,md_cpsr_dqn,lambda_3__rho_0p05
303,1303018,thermal_stress,1.0,371.30610805237353,262.46686866879463,108.83923935377662,0.0,35.0,25.0,0.0,0.484375,0.234375,0.28125,md_cpsr_dqn,lambda_3__rho_0p05
303,1303019,thermal_stress,1.0,311.0248056650162,231.69525408744812,79.3295533657074,0.0,35.0,0.0,1.0,0.4375,0.28125,0.28125,md_cpsr_dqn,lambda_3__rho_0p05
303,1303000,nominal,1.0,335.76805609464645,257.2225514650345,78.54550597071648,4.0,33.0,0.0,1.0,0.484375,0.140625,0.375,md_cpsr_dqn,lambda_3__rho_0p08
303,1303001,nominal,1.0,308.4346584379673,247.03134831786156,61.40330941975117,0.0,29.0,0.0,0.0,0.53125,0.1875,0.28125,md_cpsr_dqn,lambda_3__rho_0p08
303,1303002,nominal,1.0,310.36371409893036,233.56515336036682,76.79856187105179,0.0,31.0,0.0,0.0,0.609375,0.125,0.265625,md_cpsr_dqn,lambda_3__rho_0p08
303,1303003,nominal,1.0,344.0522435005903,254.1049844622612,89.947260781765,0.0,35.0,8.0,0.0,0.65625,0.140625,0.203125,md_cpsr_dqn,lambda_3__rho_0p08
303,1303004,nominal,1.0,333.9879705798626,243.50660955905914,90.48136219799518,0.0,37.0,1.0,0.0,0.515625,0.21875,0.265625,md_cpsr_dqn,lambda_3__rho_0p08
303,1303005,nominal,1.0,284.91438686847687,215.76070880889893,69.15367969870567,0.0,30.0,0.0,0.0,0.46875,0.234375,0.296875,md_cpsr_dqn,lambda_3__rho_0p08
303,1303006,nominal,1.0,339.1123088300228,266.9928468763828,72.11946150660515,0.0,31.0,0.0,2.0,0.5625,0.28125,0.15625,md_cpsr_dqn,lambda_3__rho_0p08
303,1303007,nominal,1.0,275.4667618870735,214.97045904397964,60.49630405008793,0.0,27.0,0.0,0.0,0.59375,0.203125,0.203125,md_cpsr_dqn,lambda_3__rho_0p08
303,1303008,nominal,1.0,349.323647916317,267.3660967350006,81.95755192637444,0.0,35.0,0.0,0.0,0.5625,0.25,0.1875,md_cpsr_dqn,lambda_3__rho_0p08
303,1303009,nominal,1.0,309.7992566227913,244.72949194908142,65.06976616382599,0.0,28.0,0.0,0.0,0.59375,0.1875,0.21875,md_cpsr_dqn,lambda_3__rho_0p08
303,1303010,nominal,1.0,335.6891025977034,237.25148326158524,98.43762094544351,0.0,36.0,12.0,3.0,0.484375,0.1875,0.328125,md_cpsr_dqn,lambda_3__rho_0p08
303,1303011,nominal,1.0,294.1656572818756,220.8804577589035,73.28519958257675,0.0,31.0,0.0,0.0,0.53125,0.140625,0.328125,md_cpsr_dqn,lambda_3__rho_0p08
303,1303012,nominal,1.0,325.2394498436894,218.90381833910942,106.33563245825425,0.0,37.0,19.0,0.0,0.46875,0.28125,0.25,md_cpsr_dqn,lambda_3__rho_0p08
303,1303013,nominal,1.0,272.0906007885933,212.14795511960983,59.94264540076256,0.0,27.0,0.0,0.0,0.5625,0.15625,0.28125,md_cpsr_dqn,lambda_3__rho_0p08
303,1303014,nominal,1.0,252.57939573526383,179.7855974137783,72.79379769563675,0.0,32.0,0.0,2.0,0.59375,0.15625,0.25,md_cpsr_dqn,lambda_3__rho_0p08
303,1303015,nominal,1.0,279.5101354420185,205.29103806614876,74.21909880638123,0.0,31.0,0.0,0.0,0.546875,0.171875,0.28125,md_cpsr_dqn,lambda_3__rho_0p08
303,1303016,nominal,1.0,329.55793509492474,249.75563913583755,79.80229561636054,0.0,33.0,6.0,0.0,0.546875,0.234375,0.21875,md_cpsr_dqn,lambda_3__rho_0p08
303,1303017,nominal,1.0,305.63643205165863,231.0039418041706,74.63249015808105,0.0,31.0,0.0,0.0,0.625,0.203125,0.171875,md_cpsr_dqn,lambda_3__rho_0p08
303,1303018,nominal,1.0,324.48716762437607,242.88278076052666,81.60438859238413,0.0,33.0,1.0,0.0,0.515625,0.1875,0.296875,md_cpsr_dqn,lambda_3__rho_0p08
303,1303019,nominal,1.0,287.5480318049149,199.76179325580597,87.78623921966116,0.0,37.0,3.0,1.0,0.5,0.21875,0.28125,md_cpsr_dqn,lambda_3__rho_0p08
303,1303000,burst,1.0,365.04760724306107,266.9501156806946,98.09749287366867,16.0,34.0,0.0,1.0,0.46875,0.15625,0.375,md_cpsr_dqn,lambda_3__rho_0p08
303,1303001,burst,1.0,327.61140182614326,260.05070158839226,67.56070013344288,2.0,31.0,0.0,0.0,0.515625,0.21875,0.265625,md_cpsr_dqn,lambda_3__rho_0p08
303,1303002,burst,1.0,333.9579248120785,252.2353081703186,81.72261744642257,0.0,33.0,2.0,0.0,0.59375,0.125,0.28125,md_cpsr_dqn,lambda_3__rho_0p08
303,1303003,burst,1.0,375.243713051267,281.375155210495,93.86855891365558,0.0,35.0,9.0,0.0,0.609375,0.171875,0.21875,md_cpsr_dqn,lambda_3__rho_0p08
303,1303004,burst,1.0,361.1642842811636,255.65022867918015,105.51405654075668,0.0,38.0,18.0,0.0,0.5,0.25,0.25,md_cpsr_dqn,lambda_3__rho_0p08
303,1303005,burst,1.0,296.70354640483856,221.24545454978943,75.45809219777584,1.0,33.0,0.0,0.0,0.453125,0.234375,0.3125,md_cpsr_dqn,lambda_3__rho_0p08
303,1303006,burst,1.0,354.6617959593345,272.07962885499,82.58216591225155,1.0,33.0,8.0,2.0,0.5625,0.296875,0.140625,md_cpsr_dqn,lambda_3__rho_0p08
303,1303007,burst,1.0,301.2572937011719,236.0262662768364,65.23102885484695,1.0,28.0,0.0,0.0,0.5625,0.203125,0.234375,md_cpsr_dqn,lambda_3__rho_0p08
303,1303008,burst,1.0,366.28082813127287,265.6253927350044,100.6554362009311,0.0,36.0,24.0,0.0,0.515625,0.28125,0.203125,md_cpsr_dqn,lambda_3__rho_0p08
303,1303009,burst,1.0,320.40389358997345,247.46499353647232,72.93890136480331,0.0,30.0,0.0,0.0,0.578125,0.1875,0.234375,md_cpsr_dqn,lambda_3__rho_0p08
303,1303010,burst,1.0,395.5020523016639,259.30877059698105,136.19328051259004,0.0,37.0,30.0,3.0,0.390625,0.265625,0.34375,md_cpsr_dqn,lambda_3__rho_0p08
303,1303011,burst,1.0,309.866810798645,232.94312918186188,76.92368191480637,1.0,33.0,0.0,0.0,0.515625,0.171875,0.3125,md_cpsr_dqn,lambda_3__rho_0p08
303,1303012,burst,1.0,387.91814484547604,241.76306584477425,146.15507923912043,0.0,36.0,32.0,0.0,0.453125,0.3125,0.234375,md_cpsr_dqn,lambda_3__rho_0p08
303,1303013,burst,1.0,289.89544689655304,220.21365654468536,69.6817906498909,0.0,29.0,0.0,0.0,0.5625,0.15625,0.28125,md_cpsr_dqn,lambda_3__rho_0p08
303,1303014,burst,1.0,279.0461357474327,195.5029500424862,83.54318570494652,4.0,33.0,0.0,2.0,0.5625,0.1875,0.25,md_cpsr_dqn,lambda_3__rho_0p08
303,1303015,burst,1.0,300.25118139649663,217.18563759326935,83.06554410125052,2.0,33.0,5.0,0.0,0.515625,0.1875,0.296875,md_cpsr_dqn,lambda_3__rho_0p08
303,1303016,burst,1.0,369.89655935981665,266.7135060429573,103.18305307844085,2.0,34.0,20.0,0.0,0.5,0.25,0.25,md_cpsr_dqn,lambda_3__rho_0p08
303,1303017,burst,1.0,341.70267148787985,257.80653297901154,83.89614068443782,1.0,34.0,9.0,0.0,0.59375,0.21875,0.1875,md_cpsr_dqn,lambda_3__rho_0p08
303,1303018,burst,1.0,370.9249368854767,262.0856976211071,108.83923935377662,0.0,35.0,25.0,0.0,0.484375,0.234375,0.28125,md_cpsr_dqn,lambda_3__rho_0p08
303,1303019,burst,1.0,308.08666256749194,223.99005377292633,84.09660930120509,0.0,36.0,1.0,1.0,0.453125,0.265625,0.28125,md_cpsr_dqn,lambda_3__rho_0p08
303,1303000,link_limited,1.0,467.5371999909867,347.8497244119644,119.68747693502795,14.0,37.0,14.0,1.0,0.640625,0.046875,0.3125,md_cpsr_dqn,lambda_3__rho_0p08
303,1303001,link_limited,1.0,385.5738251209259,313.91034626960754,71.66348055005074,0.0,32.0,0.0,0.0,0.65625,0.109375,0.234375,md_cpsr_dqn,lambda_3__rho_0p08
303,1303002,link_limited,1.0,380.040123451829,299.29766976833344,80.7424528490305,0.0,34.0,5.0,0.0,0.71875,0.078125,0.203125,md_cpsr_dqn,lambda_3__rho_0p08
303,1303003,link_limited,1.0,492.53795253681363,348.3429818749428,144.19497045325454,0.0,39.0,34.0,0.0,0.75,0.09375,0.15625,md_cpsr_dqn,lambda_3__rho_0p08
303,1303004,link_limited,1.0,480.3557671214136,328.91530752182007,151.44046046386072,0.0,38.0,27.0,0.0,0.625,0.171875,0.203125,md_cpsr_dqn,lambda_3__rho_0p08
303,1303005,link_limited,1.0,379.17310914415316,284.255378305912,94.91772910970649,0.0,34.0,13.0,0.0,0.609375,0.140625,0.25,md_cpsr_dqn,lambda_3__rho_0p08
303,1303006,link_limited,1.0,448.45777389161515,335.4806676506996,112.9771054064506,0.0,33.0,29.0,2.0,0.6875,0.171875,0.140625,md_cpsr_dqn,lambda_3__rho_0p08
303,1303007,link_limited,1.0,334.86280047893524,266.77211850881577,68.09068267047405,0.0,29.0,0.0,0.0,0.75,0.125,0.125,md_cpsr_dqn,lambda_3__rho_0p08
303,1303008,link_limited,1.0,518.1661858837159,337.07738214731216,181.0888035426887,0.0,42.0,41.0,0.0,0.734375,0.125,0.140625,md_cpsr_dqn,lambda_3__rho_0p08
303,1303009,link_limited,1.0,400.75443755131755,303.1728999018669,97.58153794747376,0.0,31.0,10.0,0.0,0.765625,0.125,0.109375,md_cpsr_dqn,lambda_3__rho_0p08
303,1303010,link_limited,1.0,539.9037968974335,342.27565187215805,197.62814496567094,0.0,41.0,36.0,3.0,0.609375,0.125,0.265625,md_cpsr_dqn,lambda_3__rho_0p08
303,1303011,link_limited,1.0,410.45956218242645,316.7576581835747,93.70190508663654,0.0,38.0,0.0,0.0,0.640625,0.109375,0.25,md_cpsr_dqn,lambda_3__rho_0p08
303,1303012,link_limited,1.0,519.0372671337782,303.1645931005478,215.8726738544166,0.0,39.0,38.0,0.0,0.59375,0.1875,0.21875,md_cpsr_dqn,lambda_3__rho_0p08
303,1303013,link_limited,1.0,378.93070471286774,296.98046839237213,81.95023608207703,0.0,34.0,0.0,0.0,0.65625,0.109375,0.234375,md_cpsr_dqn,lambda_3__rho_0p08
303,1303014,link_limited,1.0,307.57415505111214,221.1711842417717,86.40297095835209,0.0,35.0,3.0,1.0,0.6875,0.125,0.1875,md_cpsr_dqn,lambda_3__rho_0p08
303,1303015,link_limited,1.0,346.0123816121104,250.0356646180153,95.97671702389741,0.0,33.0,11.0,0.0,0.671875,0.125,0.203125,md_cpsr_dqn,lambda_3__rho_0p08
303,1303016,link_limited,1.0,564.6081372966988,372.8578048944473,191.75033267047257,0.0,42.0,37.0,0.0,0.640625,0.203125,0.15625,md_cpsr_dqn,lambda_3__rho_0p08
303,1303017,link_limited,1.0,449.49071700154235,342.7466306090355,106.74408646701278,0.0,36.0,13.0,0.0,0.703125,0.125,0.171875,md_cpsr_dqn,lambda_3__rho_0p08
303,1303018,link_limited,1.0,455.8721364953435,352.6832463145256,103.18889080666673,0.0,34.0,16.0,0.0,0.625,0.109375,0.265625,md_cpsr_dqn,lambda_3__rho_0p08
303,1303019,link_limited,1.0,537.2699368526818,303.8900910615921,233.37984579108976,0.0,41.0,41.0,1.0,0.59375,0.15625,0.25,md_cpsr_dqn,lambda_3__rho_0p08
303,1303000,energy_limited,1.0,367.7600396871567,257.7212466597557,110.03879380226135,4.0,45.0,0.0,1.0,0.484375,0.140625,0.375,md_cpsr_dqn,lambda_3__rho_0p08
303,1303001,energy_limited,1.0,348.537667542696,247.73548457026482,100.80218398571014,0.0,42.0,0.0,0.0,0.53125,0.1875,0.28125,md_cpsr_dqn,lambda_3__rho_0p08
303,1303002,energy_limited,1.0,339.4698326587677,234.28091567754745,105.18891805410385,0.0,42.0,0.0,0.0,0.609375,0.125,0.265625,md_cpsr_dqn,lambda_3__rho_0p08
303,1303003,energy_limited,1.0,374.4310794767141,254.73941153287888,119.69166889750959,0.0,46.0,8.0,0.0,0.65625,0.140625,0.203125,md_cpsr_dqn,lambda_3__rho_0p08
303,1303004,energy_limited,1.0,359.78354202628134,244.0510174036026,115.73252518892288,0.0,46.0,1.0,0.0,0.515625,0.21875,0.265625,md_cpsr_dqn,lambda_3__rho_0p08
303,1303005,energy_limited,1.0,317.84602850675583,216.16051691770554,101.68551136553288,0.0,42.0,0.0,0.0,0.453125,0.21875,0.328125,md_cpsr_dqn,lambda_3__rho_0p08
303,1303006,energy_limited,1.0,365.3046289384365,258.66953906416893,106.63509213924408,0.0,45.0,0.0,2.0,0.5625,0.25,0.1875,md_cpsr_dqn,lambda_3__rho_0p08
303,1303007,energy_limited,1.0,306.874829351902,212.77638792991638,94.09844100475311,0.0,40.0,0.0,0.0,0.59375,0.1875,0.21875,md_cpsr_dqn,lambda_3__rho_0p08
303,1303008,energy_limited,1.0,382.4651050567627,267.8535903096199,114.61151739954948,0.0,47.0,0.0,0.0,0.5625,0.25,0.1875,md_cpsr_dqn,lambda_3__rho_0p08
303,1303009,energy_limited,1.0,342.6343176960945,244.8713084757328,97.76300993561745,0.0,43.0,0.0,0.0,0.59375,0.171875,0.234375,md_cpsr_dqn,lambda_3__rho_0p08
303,1303010,energy_limited,1.0,361.55223636197036,237.72359204292297,123.82864612208783,0.0,48.0,12.0,3.0,0.484375,0.1875,0.328125,md_cpsr_dqn,lambda_3__rho_0p08
303,1303011,energy_limited,1.0,333.8009113073349,221.51381933689117,112.28709237277508,0.0,47.0,0.0,0.0,0.53125,0.140625,0.328125,md_cpsr_dqn,lambda_3__rho_0p08
303,1303012,energy_limited,1.0,350.1389658754544,217.72432339191437,132.41464251334236,0.0,45.0,21.0,0.0,0.484375,0.265625,0.25,md_cpsr_dqn,lambda_3__rho_0p08
303,1303013,energy_limited,1.0,308.34935146570206,212.82610815763474,95.52324344217777,0.0,42.0,0.0,0.0,0.5625,0.15625,0.28125,md_cpsr_dqn,lambda_3__rho_0p08
303,1303014,energy_limited,1.0,292.4587478041649,182.83829167485237,109.62045401334763,0.0,46.0,0.0,2.0,0.578125,0.140625,0.28125,md_cpsr_dqn,lambda_3__rho_0p08
303,1303015,energy_limited,1.0,309.9486429095268,205.8874343931675,104.06121017038822,0.0,46.0,0.0,0.0,0.546875,0.171875,0.28125,md_cpsr_dqn,lambda_3__rho_0p08
303,1303016,energy_limited,1.0,359.9115684390982,250.30411159992218,109.6074568987807,0.0,43.0,6.0,0.0,0.546875,0.234375,0.21875,md_cpsr_dqn,lambda_3__rho_0p08
303,1303017,energy_limited,1.0,344.17314863204956,230.93157264590263,113.24157786369324,0.0,46.0,0.0,0.0,0.609375,0.203125,0.1875,md_cpsr_dqn,lambda_3__rho_0p08
303,1303018,energy_limited,1.0,349.0301240064123,243.51845076680183,105.51167534067419,0.0,44.0,1.0,0.0,0.515625,0.1875,0.296875,md_cpsr_dqn,lambda_3__rho_0p08
303,1303019,energy_limited,1.0,315.8702633360581,200.1986335515976,115.67163067853014,0.0,46.0,3.0,1.0,0.5,0.21875,0.28125,md_cpsr_dqn,lambda_3__rho_0p08
303,1303000,thermal_stress,1.0,365.53948175907135,267.2446876168251,98.29479616880417,16.0,34.0,0.0,1.0,0.46875,0.15625,0.375,md_cpsr_dqn,lambda_3__rho_0p08
303,1303001,thermal_stress,1.0,330.7648606598377,261.000442892313,69.76441812515259,2.0,31.0,0.0,0.0,0.5,0.234375,0.265625,md_cpsr_dqn,lambda_3__rho_0p08
303,1303002,thermal_stress,1.0,334.35313382649423,252.63051807880402,81.72261744642257,0.0,33.0,2.0,0.0,0.59375,0.125,0.28125,md_cpsr_dqn,lambda_3__rho_0p08
303,1303003,thermal_stress,1.0,375.5364000501111,281.6678412556648,93.86855891365558,0.0,35.0,9.0,0.0,0.609375,0.171875,0.21875,md_cpsr_dqn,lambda_3__rho_0p08
303,1303004,thermal_stress,1.0,361.5742008012823,256.06014508008957,105.51405654075668,0.0,38.0,18.0,0.0,0.5,0.25,0.25,md_cpsr_dqn,lambda_3__rho_0p08
303,1303005,thermal_stress,1.0,297.01825773715973,221.51261377334595,75.5056452602148,1.0,33.0,0.0,0.0,0.453125,0.234375,0.3125,md_cpsr_dqn,lambda_3__rho_0p08
303,1303006,thermal_stress,1.0,354.98882587299835,272.3806473016739,82.60817690239438,1.0,33.0,8.0,2.0,0.5625,0.296875,0.140625,md_cpsr_dqn,lambda_3__rho_0p08
303,1303007,thermal_stress,1.0,301.71673542261124,236.43815410137177,65.27858120203018,1.0,28.0,0.0,0.0,0.5625,0.203125,0.234375,md_cpsr_dqn,lambda_3__rho_0p08
303,1303008,thermal_stress,1.0,366.51509131295927,265.8596559166908,100.6554362009311,0.0,36.0,24.0,0.0,0.515625,0.28125,0.203125,md_cpsr_dqn,lambda_3__rho_0p08
303,1303009,thermal_stress,1.0,320.7721613049507,247.83325862884521,72.93890136480331,0.0,30.0,0.0,0.0,0.578125,0.1875,0.234375,md_cpsr_dqn,lambda_3__rho_0p08
303,1303010,thermal_stress,1.0,395.8749175613113,259.681636095047,136.19328051259004,0.0,37.0,30.0,3.0,0.390625,0.265625,0.34375,md_cpsr_dqn,lambda_3__rho_0p08
303,1303011,thermal_stress,1.0,310.27727150917053,233.33435148000717,76.94291943311691,1.0,33.0,0.0,0.0,0.515625,0.171875,0.3125,md_cpsr_dqn,lambda_3__rho_0p08
303,1303012,thermal_stress,1.0,388.26654910396564,242.11147010326385,146.15507923912043,0.0,36.0,32.0,0.0,0.453125,0.3125,0.234375,md_cpsr_dqn,lambda_3__rho_0p08
303,1303013,thermal_stress,1.0,290.2426064610481,220.56081718206406,69.6817906498909,0.0,29.0,0.0,0.0,0.5625,0.15625,0.28125,md_cpsr_dqn,lambda_3__rho_0p08
303,1303014,thermal_stress,1.0,279.4211142301559,195.81690827012062,83.60420703291894,5.0,33.0,0.0,2.0,0.5625,0.1875,0.25,md_cpsr_dqn,lambda_3__rho_0p08
303,1303015,thermal_stress,1.0,300.6031638410214,217.5120266377926,83.09113881255423,2.0,33.0,5.0,0.0,0.515625,0.1875,0.296875,md_cpsr_dqn,lambda_3__rho_0p08
303,1303016,thermal_stress,1.0,370.2897754333297,267.0038760304451,103.28589898565215,2.0,34.0,20.0,0.0,0.5,0.25,0.25,md_cpsr_dqn,lambda_3__rho_0p08
303,1303017,thermal_stress,1.0,342.00115056808005,258.0959612727165,83.90519153053768,1.0,34.0,9.0,0.0,0.59375,0.21875,0.1875,md_cpsr_dqn,lambda_3__rho_0p08
303,1303018,thermal_stress,1.0,371.30610805237353,262.46686866879463,108.83923935377662,0.0,35.0,25.0,0.0,0.484375,0.234375,0.28125,md_cpsr_dqn,lambda_3__rho_0p08
303,1303019,thermal_stress,1.0,308.3278501399712,224.23123961687088,84.09660930120509,0.0,36.0,1.0,1.0,0.453125,0.265625,0.28125,md_cpsr_dqn,lambda_3__rho_0p08
