variant,model_seed,episode,cost,rolling_cost,immediate_cost,penalty,energy_use,latency_ms,thermal_violation,energy_violation,queue_violation,contact_violation,epsilon,loss,td_loss,auxiliary_loss,preview_transition_scale
md_cbad_dqn,812,0,103.03328867256641,103.03328867256641,36.461854830384254,66.5714335590601,1.7272336520254612,21920.5168800354,0.0,27.0,0.0,3.0,0.9954761904761905,,,,0.85
md_cbad_dqn,812,1,158.71712352643664,130.87520609950153,43.368828266859055,115.34829522977526,1.8226012391969562,25169.48838043213,0.0,36.0,34.0,1.0,0.9909523809523809,1.5726816654205322,1.5647209882736206,0.02653559111058712,0.85
md_cbad_dqn,812,2,107.53173922896386,123.09405047598898,38.73057056963444,68.80116859972478,1.7282254798337817,22750.5037651062,0.0,32.0,0.0,1.0,0.9864285714285714,1.357752613723278,1.3497855812311172,0.026556801865808666,0.85
md_cbad_dqn,812,3,113.38717518746853,120.66733165385887,38.960541009902954,74.42663362622261,1.7524677095934749,23121.66534423828,0.0,30.0,0.0,1.0,0.981904761904762,1.1929194368422031,1.185259036719799,0.025534625397995114,0.85
md_cbad_dqn,812,4,107.51222983002663,118.03631128909242,39.711066260933876,67.80116383731365,1.6786982333287597,23026.617156982422,0.0,29.0,0.0,1.0,0.9773809523809524,1.0531779937446117,1.0473120138049126,0.01955326140159741,0.85
md_cbad_dqn,812,5,125.23700095713139,119.23642623376558,45.70256109535694,79.534438803792,1.7800285844132304,25224.43934249878,0.0,35.0,0.0,0.0,0.9728571428571429,0.8129268176853657,0.8105428703129292,0.00794646207941696,0.85
md_cbad_dqn,812,6,201.39619990531202,130.97353675827222,46.625752687454224,154.77044718805544,1.9690721053630114,27467.052101135254,0.0,35.0,33.0,1.0,0.9683333333333334,0.7957049645483494,0.7936762794852257,0.006762292643543333,0.85
md_cbad_dqn,812,7,114.4838050660491,128.91232029674433,42.697189413011074,71.78661577224732,1.787545332685113,24886.269916534424,0.0,31.0,1.0,0.0,0.9638095238095238,0.907605491578579,0.9046069011092186,0.009995324071496725,0.85
md_cbad_dqn,812,8,120.03438399732113,127.92588293014175,41.05096499621868,78.98341861367226,1.7511538825929165,23929.391719818115,0.0,33.0,0.0,0.0,0.9592857142857143,0.9037000685930252,0.8972439058125019,0.021520552050787956,0.85
md_cbad_dqn,812,9,130.12725418121397,128.14602005524898,40.83175392448902,89.29549998850403,1.819293518550694,24317.32989501953,0.0,35.0,8.0,0.0,0.9547619047619048,0.7011200562119484,0.69839958101511,0.009068253537407145,0.85
md_cbad_dqn,812,10,95.9106865376234,125.2155351900103,34.41341236233711,61.49727427959442,1.6779054775834084,21224.154876708984,0.0,28.0,0.0,0.0,0.9502380952380952,0.5531429629772902,0.5503920968621969,0.009169549855869263,0.85
md_cbad_dqn,812,11,147.01638361262127,127.0322725585612,40.330702513456345,106.68568103956031,1.838633019477129,24783.035551071167,0.0,36.0,17.0,1.0,0.9457142857142857,0.3974805027246475,0.394571278244257,0.009697411122033373,0.85
md_cbad_dqn,812,12,101.71860760450363,125.08506756209523,36.19417196512222,65.52443587779999,1.6822277093306184,21576.741119384766,0.0,28.0,0.0,1.0,0.9411904761904761,0.33031715638935566,0.328429764136672,0.0062913102738093585,0.85
md_cbad_dqn,812,13,133.03689361913783,125.65305513759827,43.82987625896931,89.20701719625575,1.869088721461594,26648.480918884277,0.0,33.0,13.0,0.0,0.9366666666666666,0.25792163610458374,0.2561325114220381,0.005963765695923939,0.85
md_cbad_dqn,812,14,114.97838167101145,124.94141023982583,42.50176887959242,72.47661270201206,1.7555019836872816,24092.37619781494,0.0,31.0,0.0,0.0,0.9321428571428572,0.24593058787286282,0.24436485208570957,0.005219120313995518,0.85
md_cbad_dqn,812,15,117.51752442121506,124.47741737616265,40.05608604848385,77.46143916249275,1.754819879308343,23729.434356689453,0.0,33.0,0.0,1.0,0.9276190476190476,0.5359067190438509,0.533916131593287,0.006635271100094542,0.85
md_cbad_dqn,812,16,120.79783482849598,124.26097134394695,41.05318684130907,79.74464762210846,1.729214201681316,23878.756629943848,0.0,34.0,0.0,0.0,0.9230952380952381,0.6327197775244713,0.6302495487034321,0.008234084118157625,0.85
md_cbad_dqn,812,17,96.51807182431222,122.71969914841169,32.47059202194214,64.04747992157937,1.6267374781891704,19308.825187683105,0.0,27.0,0.0,2.0,0.9185714285714286,0.3707922426983714,0.36887937411665916,0.0063762244244571775,0.85
md_cbad_dqn,812,18,161.5383037400614,124.76278360060378,42.10935412347317,119.4289496463905,1.885062630288303,25323.170309066772,0.0,36.0,34.0,2.0,0.914047619047619,0.2702734610065818,0.267697979696095,0.008584937488194555,0.85
md_cbad_dqn,812,19,125.42435094714165,124.79586196793068,43.229633539915085,82.19471734762192,1.8238489525392652,25238.677501678467,0.0,36.0,0.0,1.0,0.9095238095238095,0.25251715164631605,0.25031466875225306,0.007341610500589013,0.85
md_cbad_dqn,812,20,134.25080542796707,126.3567378057007,42.47715029120445,91.77365555399514,1.8247167523950338,24657.96094894409,0.0,37.0,14.0,0.0,0.905,0.23366198502480984,0.23146751150488853,0.0073149043309967965,0.85
md_cbad_dqn,812,21,190.6729462106043,127.95452893990907,44.48740166425705,146.18554472516115,1.994943111203611,27300.309051513672,0.0,35.0,29.0,1.0,0.9004761904761904,0.2438446320593357,0.24117441289126873,0.00890072897891514,0.85
md_cbad_dqn,812,22,131.9284506858714,129.17436451275444,45.790831565856934,86.13761843456103,1.8779040444642305,26609.332557678223,0.0,35.0,6.0,2.0,0.895952380952381,0.22845698706805706,0.22575911320745945,0.008992912305984646,0.85
md_cbad_dqn,812,23,111.02213038504124,129.05611227263307,37.64210218191147,73.38002818822861,1.726132720708847,22754.365350723267,0.0,31.0,0.0,0.0,0.8914285714285715,0.5872241202741861,0.5836007446050644,0.01207790884654969,0.85
md_cbad_dqn,812,24,116.54794366657734,129.50789796446062,38.940641686320305,77.60730183124542,1.73720714263618,23283.49897003174,0.0,32.0,0.0,1.0,0.8869047619047619,0.5475615747272968,0.5436102226376534,0.013171173457521945,0.85
md_cbad_dqn,812,25,122.93269130587578,129.39268248189785,41.596718311309814,81.33597329258919,1.7769178301095963,23943.426223754883,0.0,34.0,0.0,0.0,0.8823809523809524,0.3788719121366739,0.37522068060934544,0.012170758913271129,0.85
md_cbad_dqn,812,26,160.02623178443926,127.32418407585423,44.69047988951206,115.33575147769477,1.923324185423553,26564.368194580078,0.0,35.0,24.0,1.0,0.8778571428571429,0.2456076480448246,0.24191798083484173,0.012298889108933508,0.85
md_cbad_dqn,812,27,122.98442940791838,127.7492152929477,42.22798724472523,80.75644265493148,1.7935594664886594,25206.326736450195,0.0,33.0,11.0,1.0,0.8733333333333333,0.31423739064484835,0.31111606396734715,0.010404424974694848,0.85
md_cbad_dqn,812,28,121.15180714421399,127.80508645029235,38.77586976438761,82.3759383335007,1.7934934431686997,23565.756156921387,0.0,31.0,9.0,1.0,0.8688095238095238,0.22298875730484724,0.21965666115283966,0.011106989462859929,0.85
md_cbad_dqn,812,29,178.01421980333745,130.19943473139853,44.58799569308758,133.42622414005223,1.923755926080048,26604.052307128906,0.0,38.0,36.0,0.0,0.8642857142857143,0.296910316683352,0.29382324777543545,0.010290227248333395,0.85
md_cbad_dqn,812,30,121.05137531459332,131.456469170247,41.26632812619209,79.78504717350006,1.8021015813574195,24172.636596679688,0.0,32.0,0.0,0.0,0.8597619047619047,0.24121419340372086,0.23788262158632278,0.011105237936135381,0.85
md_cbad_dqn,812,31,105.8486420378089,129.3980820915064,39.90238016098738,65.94626262187958,1.753587638027966,23259.812549591064,0.0,28.0,0.0,2.0,0.8552380952380952,0.7615000670775771,0.7575002135708928,0.013332848262507468,0.85
md_cbad_dqn,812,32,109.5250676214695,129.78840509235468,40.53213258087635,68.9929347127676,1.689701826311648,23317.05103302002,0.0,30.0,0.0,2.0,0.8507142857142858,0.5106205213814974,0.5062712505459785,0.01449757267255336,0.85
md_cbad_dqn,812,33,105.86730419248343,128.42992562102197,36.514838956296444,69.35246578752995,1.7169725159183145,21712.837070465088,0.0,30.0,0.0,2.0,0.8461904761904762,0.4048147452995181,0.4002031357958913,0.015372026420664042,0.85
md_cbad_dqn,812,34,98.7202283591032,127.61701795542656,35.91212737560272,62.80810107290745,1.6390447709709406,20865.194694519043,0.0,30.0,0.0,1.0,0.8416666666666667,0.3569757742807269,0.35238257329910994,0.015310673392377794,0.85
md_cbad_dqn,812,35,103.14618821442127,126.89845114508687,35.50141413509846,67.64477422833443,1.6491873525083065,20743.676078796387,0.0,31.0,0.0,1.0,0.8371428571428572,0.38895465061068535,0.38429047353565693,0.015547244343906641,0.85
md_cbad_dqn,812,36,105.31838818639517,126.12447881298183,34.32959548383951,70.98879280686378,1.6345479460433125,20098.203420639038,0.0,31.0,0.0,0.0,0.8326190476190476,0.3478719871491194,0.3433017237111926,0.015234201506245881,0.85
md_cbad_dqn,812,37,93.32199829816818,125.96467513667463,32.38118380308151,60.94081446528435,1.5778598142787814,19353.502201080322,0.0,26.0,0.0,0.0,0.8280952380952381,0.31314325891435146,0.3086880762130022,0.014850618143100291,0.85
md_cbad_dqn,812,38,102.40999809652567,123.00825985449782,35.69293362647295,66.71706458926201,1.693712417036295,21280.0482711792,0.0,29.0,0.0,0.0,0.8235714285714286,0.3021922493353486,0.29807972721755505,0.013708405836950988,0.85
md_cbad_dqn,812,39,165.25692075421202,124.99988834485134,42.43233747780323,122.82458327640882,1.9085937179625034,25620.660804748535,0.0,37.0,23.0,0.0,0.819047619047619,0.6956717213615775,0.6901494218036532,0.018407659023068845,0.85
md_cbad_dqn,812,40,132.70469221926936,124.92258268441647,45.04905042052269,87.65564230538617,1.8769389437511563,26235.270179748535,0.0,36.0,11.0,1.0,0.8145238095238095,0.5376021023839712,0.531833540648222,0.019228537275921553,0.85
md_cbad_dqn,812,41,139.5796514825244,122.36791794801245,45.287486895918846,94.29216448229745,1.8538382006809115,25528.62632751465,0.0,39.0,9.0,1.0,0.81,0.4371614148840308,0.43146776501089334,0.018978833861183375,0.85
md_cbad_dqn,812,42,117.35797508060932,121.63939416774936,39.48353625833988,77.87443925440311,1.7316061900928617,22701.441032409668,0.0,34.0,0.0,2.0,0.8054761904761905,0.4559680391103029,0.44977569207549095,0.02064116479596123,0.85
md_cbad_dqn,812,43,117.37212119996548,121.95689370849557,40.29562006890774,77.07650077342987,1.7871067058295012,23488.009937286377,0.0,34.0,0.0,1.0,0.800952380952381,0.42561985459178686,0.41986157838255167,0.01919425919186324,0.85
md_cbad_dqn,812,44,108.88540890067816,121.57376697020061,42.27045487612486,66.61495414376259,1.8556021209806204,24849.25136566162,0.0,28.0,0.0,0.0,0.7964285714285715,0.3889575218781829,0.3826393447816372,0.02106058778008446,0.85
md_cbad_dqn,812,45,152.05751637268494,123.03000822354106,39.75006137788296,112.30745500970309,1.802276672795415,23523.58169746399,0.0,34.0,26.0,1.0,0.7919047619047619,0.39081037137657404,0.3850849634036422,0.0190846937475726,0.85
md_cbad_dqn,812,46,88.98223621547223,119.47780844509273,34.227970361709595,54.754265242815016,1.514905421063304,18852.891563415527,0.0,25.0,0.0,1.0,0.7873809523809524,0.4382712244987488,0.431833004578948,0.021460724470671266,0.85
md_cbad_dqn,812,47,102.74074760079384,118.46562435473649,37.082745276391506,65.65800230205059,1.6581764221191406,21145.477340698242,0.0,29.0,0.0,0.0,0.7828571428571429,0.7428662851452827,0.7357674613595009,0.023662743624299765,0.85
md_cbad_dqn,812,48,115.83618005514145,118.19984300028288,38.934716045856476,76.90146372616292,1.7602926082909107,22790.814617156982,0.0,35.0,0.0,2.0,0.7783333333333333,0.5240726489573717,0.5157653242349625,0.02769105287734419,0.85
md_cbad_dqn,812,49,105.55672640502453,114.57696833036724,36.33833783864975,69.21838846206666,1.6784796295687556,21091.376918792725,0.0,29.0,0.0,1.0,0.7738095238095238,0.4391001621261239,0.4319926993921399,0.023691538837738335,0.85
md_cbad_dqn,812,50,116.05959110013666,114.32737911964439,42.19387640058994,73.86571481875599,1.8385048173367977,25362.691944122314,0.0,31.0,4.0,1.0,0.7692857142857144,0.5161349205300212,0.5088090524077415,0.024419556139037013,0.85
md_cbad_dqn,812,51,102.0488900333643,114.13739151942215,35.44428117573261,66.60460852980614,1.7146116830408573,20963.614471435547,0.0,29.0,0.0,1.0,0.7647619047619048,0.46485784742981195,0.4576739128679037,0.023946443456225097,0.85
md_cbad_dqn,812,52,108.70214764773846,114.09624552073561,36.93549332022667,71.76665505766869,1.6847230736166239,21105.65314102173,0.0,32.0,0.0,1.0,0.7602380952380953,0.4199298080056906,0.4128698194399476,0.023533312953077257,0.85
md_cbad_dqn,812,53,106.20819664001465,114.11329014311215,36.626186683773994,69.58200944960117,1.7411205098032951,21813.62474822998,0.0,31.0,0.0,0.0,0.7557142857142858,0.4735203431919217,0.46659872215241194,0.02307206718251109,0.85
md_cbad_dqn,812,54,108.52938579916955,114.6037480151155,37.40335889160633,71.12602680325509,1.7192920381203294,21535.35122680664,0.0,31.0,0.0,1.0,0.7511904761904762,0.6682242108508945,0.6602366976439953,0.02662505768239498,0.85
md_cbad_dqn,812,55,119.01262603104115,115.39706990594648,39.92503443360329,79.08759121000767,1.769957666285336,23211.04969215393,0.0,33.0,0.0,2.0,0.7466666666666667,0.5865770010277629,0.5780810918658972,0.028319682809524238,0.85
md_cbad_dqn,812,56,120.67115479375056,116.16470823631425,38.24965803325176,82.42149769927197,1.7464052960276604,22718.868627548218,0.0,34.0,10.0,0.0,0.7421428571428572,0.5392125314101577,0.5294427312910557,0.03256598429288715,0.85
md_cbad_dqn,812,57,118.04057233035564,117.40063693792362,42.588487178087234,75.4520862698555,1.736568101681769,24218.268867492676,0.0,31.0,0.0,0.0,0.7376190476190476,0.4784541232511401,0.4704027259722352,0.026838001678697765,0.85
md_cbad_dqn,812,58,97.20691633224487,117.14048284970958,33.24059011042118,63.966325253248215,1.645941499620676,19869.683475494385,0.0,27.0,0.0,1.0,0.7330952380952381,0.45144332107156515,0.4434241885319352,0.026730462326668203,0.85
md_cbad_dqn,812,59,106.29180129766465,114.19222687688223,35.09284828603268,71.19895336925984,1.6568676345050335,20326.77503967285,0.0,31.0,0.0,2.0,0.7285714285714286,0.6253637690097094,0.6171020641922951,0.027539009344764054,0.85
md_cbad_dqn,812,60,88.88989842236042,112.00148718703676,33.7940766364336,55.09582180082798,1.6052661454305053,20147.801992416382,0.0,24.0,0.0,2.0,0.724047619047619,0.4819415584206581,0.47415527421981096,0.0259543017600663,0.85
md_cbad_dqn,812,61,120.81429801285267,111.0632195135532,39.96839813888073,80.84589930772782,1.7849653828889132,23126.147178649902,0.0,33.0,0.0,1.0,0.7195238095238095,0.5412957761436701,0.5326766632497311,0.02873037732206285,0.85
md_cbad_dqn,812,62,121.2416020333767,111.25740086119154,41.1190150976181,80.12258750200272,1.7846768563613296,23794.589893341064,0.0,34.0,0.0,0.0,0.7150000000000001,0.7013237187638879,0.6928160460665822,0.028358877636492252,0.85
md_cbad_dqn,812,63,96.81615895777941,110.22960274908223,34.13130062073469,62.684857964515686,1.6651608794927597,19810.607704162598,0.0,27.0,0.0,0.0,0.7104761904761905,0.7273869477212429,0.7177210096269846,0.03221978759393096,0.85
md_cbad_dqn,812,64,118.30599928796292,110.70063226844647,37.28108846396208,81.02491105496884,1.7470780359581113,21704.208423614502,0.0,34.0,0.0,1.0,0.7059523809523809,0.49181521125137806,0.4831518866121769,0.02887775271665305,0.85
md_cbad_dqn,812,65,111.7007674574852,108.68279482268649,38.18911123275757,73.51165582239628,1.7876279074698687,22592.982669830322,0.0,30.0,0.0,1.0,0.7014285714285715,0.5799257075414062,0.5702272411435843,0.03232819912955165,0.85
md_cbad_dqn,812,66,120.08275522381068,110.23782077310344,44.5460701584816,75.53668487906457,1.8418406965211034,25638.491958618164,0.0,31.0,1.0,0.0,0.6969047619047619,0.7070392686873674,0.6981669999659061,0.029574244981631637,0.85
md_cbad_dqn,812,67,118.2722644224763,111.01439661418753,39.89113824814558,78.38112607002259,1.7544446792453527,22897.108737945557,0.0,34.0,0.0,2.0,0.6923809523809523,0.5377435879781842,0.5286790486425161,0.030215117381885648,0.85
md_cbad_dqn,812,68,131.35346779574954,111.79026100121794,38.18754401803017,93.16592400123679,1.8436375902965665,22722.058559417725,0.0,39.0,6.0,2.0,0.687857142857143,0.4743593893945217,0.46562432777136564,0.02911687141750008,0.85
md_cbad_dqn,812,69,101.11173689365387,111.5680115256494,33.08561012148857,68.02612702548504,1.6577071445062757,19324.920249938965,0.0,29.0,0.0,1.0,0.6833333333333333,0.5050951726734638,0.49564186856150627,0.0315110218944028,0.85
md_cbad_dqn,812,70,109.70795059204102,111.25042950024462,38.775205709040165,70.93274515867233,1.719222721643746,22253.743728637695,0.0,30.0,0.0,1.0,0.6788095238095238,0.863824300467968,0.8538716547191143,0.03317545249592513,0.85
md_cbad_dqn,812,71,98.48654197454452,111.07231209730364,35.648426085710526,62.8381168872118,1.655521359294653,20459.534175872803,0.0,29.0,0.0,2.0,0.6742857142857144,0.7074016537517309,0.6962741948664188,0.037091553094796836,0.85
md_cbad_dqn,812,72,106.32762149721384,110.9535857897774,36.96693953126669,69.36068168282509,1.7443115450441837,21933.323307037354,0.0,29.0,0.0,0.0,0.6697619047619048,0.6420049741864204,0.6306079421192408,0.03799010755028576,0.85
md_cbad_dqn,812,73,100.655567958951,110.6759543557242,33.69122143089771,66.96434643864632,1.607165850698948,19253.18895149231,0.0,29.0,0.0,0.0,0.6652380952380952,0.5251933494582772,0.515272855758667,0.033068326534703374,0.85
md_cbad_dqn,812,74,126.08406010270119,111.5536880709008,42.07254593074322,84.01151363551617,1.830826984718442,23996.651878356934,0.0,35.0,0.0,0.0,0.6607142857142857,0.633184764534235,0.6221628002822399,0.03673990035895258,0.85
md_cbad_dqn,812,75,98.6669435352087,110.53640394610917,34.300470158457756,64.36647373437881,1.6406185077503324,19949.500129699707,0.0,28.0,0.0,0.0,0.6561904761904762,0.5317082526162267,0.5209342194721103,0.035913435160182416,0.85
md_cbad_dqn,812,76,103.73606777191162,109.68964959501723,34.944017976522446,68.79205086827278,1.6091920780017972,20081.028610229492,0.0,29.0,0.0,0.0,0.6516666666666667,0.5659325085580349,0.5548876859247684,0.03681606741156429,0.85
md_cbad_dqn,812,77,109.23189402371645,109.24921567968526,37.90126780420542,71.33062583208084,1.7278874395415187,22090.25417327881,0.0,31.0,0.0,0.0,0.6471428571428571,0.600197771564126,0.5898821325972676,0.03438547847326845,0.85
md_cbad_dqn,812,78,176.9736318269914,113.2375514544226,39.68913407623768,137.28449769114908,1.9434720976278186,25102.084815979004,0.0,38.0,34.0,1.0,0.6426190476190476,0.8030063230544329,0.7914715707302094,0.038449151907116175,0.85
md_cbad_dqn,812,79,108.81249269247056,113.36358602416291,36.831257581710815,71.98123490214348,1.6710015861317515,21019.572158813477,0.0,30.0,0.0,1.0,0.6380952380952382,0.71672697737813,0.7046144949272275,0.04037493315991014,0.85
md_cbad_dqn,812,80,126.61232973039151,115.24970758956447,41.304099410772324,85.30823087096215,1.7847586488351226,23671.298149108887,0.0,35.0,0.0,1.0,0.6335714285714286,0.687521655112505,0.675868658348918,0.03884330845903605,0.85
md_cbad_dqn,812,81,116.01156314611436,115.00957084622755,38.07149790227413,77.94006482660771,1.7633988037705421,22131.17025756836,0.0,35.0,0.0,1.0,0.6290476190476191,0.720815016888082,0.7090889727696776,0.03908680868335068,0.85
md_cbad_dqn,812,82,106.95636915564538,114.29530920234099,38.2825937718153,68.67377519011498,1.7524943351745605,22363.70859527588,0.0,30.0,0.0,1.0,0.6245238095238095,0.5886686118319631,0.5772073026746511,0.038204367039725184,0.85
md_cbad_dqn,812,83,112.82468881458044,115.09573569518105,36.04289286583662,76.7817956507206,1.7579632122069597,21410.565830230713,0.0,32.0,0.0,0.0,0.62,0.7277044225484133,0.7160298898816109,0.03891512274276465,0.85
md_cbad_dqn,812,84,135.8534331567389,115.97310738861984,39.27427124977112,96.57916242850843,1.834943775087595,22675.25457763672,0.0,37.0,14.0,1.0,0.6154761904761905,0.6124673113226891,0.6003387998789549,0.040428383043035865,0.85
md_cbad_dqn,812,85,107.1163490191102,115.74388646670108,38.777156971395016,68.3391924649477,1.676381042227149,21835.66020965576,0.0,29.0,0.0,0.0,0.6109523809523809,0.7558199046179652,0.7434480274096131,0.04123959760181606,0.85
md_cbad_dqn,812,86,119.96421365439892,115.73795938823051,39.76549156010151,80.19872249662876,1.790730381384492,23101.23447418213,0.0,34.0,0.0,0.0,0.6064285714285714,0.9989624060690403,0.9859148226678371,0.04349197121337056,0.85
md_cbad_dqn,812,87,113.70988546311855,115.5098404402626,39.01450212299824,74.69538375735283,1.713484350591898,21748.845138549805,0.0,31.0,0.0,2.0,0.6019047619047619,0.6889222506433725,0.6757074147462845,0.044049432734027505,0.85
md_cbad_dqn,812,88,124.05670725655489,115.14500241330286,43.23349007219076,80.8232174153321,1.8686980847269297,25108.125007629395,0.0,33.0,7.0,2.0,0.5973809523809523,0.80839629098773,0.7961347661912441,0.04087174637243152,0.85
md_cbad_dqn,812,89,112.893818500638,115.73410649365208,37.813335448503494,75.08048287332058,1.70132951810956,21575.63463973999,0.0,33.0,0.0,2.0,0.592857142857143,0.7627472970634699,0.7501238938421011,0.04207801085431129,0.85
md_cbad_dqn,812,90,104.55658660454043,115.47653829427706,34.79302377998829,69.76356267554053,1.7116864789277315,20459.117137908936,0.0,29.0,1.0,1.0,0.5883333333333334,0.7465142272412777,0.7342972457408905,0.040723275393247604,0.85
md_cbad_dqn,812,91,115.36757247447967,116.32058981927382,38.93837505578995,76.42919759750366,1.7102381717413664,22207.635105133057,0.0,33.0,0.0,2.0,0.5838095238095238,0.6983929425477982,0.6875696126371622,0.03607777238357812,0.85
md_cbad_dqn,812,92,112.04190818369389,116.6063041535978,36.54608064889908,75.49582707285882,1.7111014490947127,21293.572494506836,0.0,32.0,0.0,2.0,0.5792857142857144,0.6051152897998691,0.5932286195456982,0.039622246054932475,0.85
md_cbad_dqn,812,93,83.92422878146172,115.76973719472335,29.256650671362877,54.667578199505805,1.4850938189774752,16952.570976257324,0.0,26.0,0.0,1.0,0.5747619047619048,0.7153046429157257,0.7040221653878689,0.0376082380535081,0.85
md_cbad_dqn,812,94,102.99673028290272,114.6153707037334,37.55347317457199,65.44325718283653,1.6889695189893246,21364.162086486816,0.0,28.0,0.0,1.0,0.5702380952380952,0.9331473931670189,0.9197472017258406,0.044667298905551434,0.85
md_cbad_dqn,812,95,98.97690508514643,114.6308687812303,35.54286893457174,63.434035792946815,1.6344869518652558,19867.796237945557,0.0,30.0,0.0,0.0,0.5657142857142857,0.7085723839700222,0.695022851228714,0.04516510549001396,0.85
md_cbad_dqn,812,96,110.48314867317677,114.96822282629357,35.82369114458561,74.65945726037026,1.693295769393444,20501.684902191162,0.0,32.0,0.0,1.0,0.5611904761904762,0.7965042926371098,0.7823883704841137,0.04705310403369367,0.85
md_cbad_dqn,812,97,100.12325077652932,114.51279066393423,35.543502032756805,64.57974846065045,1.6689295386895537,20407.042972564697,0.0,27.0,0.0,3.0,0.5566666666666666,0.8543150778859854,0.8411393575370312,0.04391905025113374,0.85
md_cbad_dqn,812,98,98.45686909109354,110.58695252713933,35.95157419890165,62.50529569685459,1.6869990639388561,20739.761459350586,0.0,28.0,0.0,2.0,0.5521428571428572,0.8177007362246513,0.8045230936259031,0.04392547835595906,0.85
md_cbad_dqn,812,99,92.4104249805212,109.76684914154187,31.258936166763306,61.15148903727531,1.5773397898301482,17929.52112197876,0.0,27.0,0.0,2.0,0.5476190476190477,0.7631669696420431,0.7511670775711536,0.03999961668159813,0.85
md_cbad_dqn,812,100,110.72620585560799,108.97254294780267,38.0603786110878,72.66582749783993,1.7213376853615046,22176.327278137207,0.0,33.0,0.0,0.0,0.5430952380952381,0.7999363541603088,0.7862878739833832,0.0454949252307415,0.85
md_cbad_dqn,812,101,100.7342369645834,108.20867663872612,36.16845816373825,64.5657782047987,1.7499452382326126,21585.32741546631,0.0,29.0,0.0,1.0,0.5385714285714286,0.8601333182305098,0.8475152496248484,0.042060218984261155,0.85
md_cbad_dqn,812,102,91.96670798957348,107.45919358042252,32.7644427716732,59.2022652477026,1.6099255746230483,18975.542373657227,0.0,26.0,0.0,0.0,0.5340476190476191,0.8447432592511177,0.8304258026182652,0.04772488446906209,0.85
md_cbad_dqn,812,103,124.00981939733029,108.01845010956,41.91885744035244,82.0909623593092,1.843769702129066,24408.429193496704,0.0,34.0,0.0,1.0,0.5295238095238095,0.7187078073620796,0.705579886212945,0.04375974088907242,0.85
md_cbad_dqn,812,104,110.86604478210211,106.76908069082818,37.81740336865187,73.0486421585083,1.7496127896010876,22139.17850112915,0.0,30.0,0.0,2.0,0.525,0.8984131366014481,0.8844797909259796,0.046444467501714826,0.85
md_cbad_dqn,812,105,135.44756734371185,108.18564160705827,43.15616863965988,92.29139833152294,1.8104731449857354,24195.789625167847,0.0,39.0,0.0,0.0,0.5204761904761905,0.8747709281742573,0.8629724904894829,0.03932813985738903,0.85
md_cbad_dqn,812,106,111.82464455217124,107.77866315194687,36.2361750677228,75.58846948444844,1.693652655929327,21227.272840499878,0.0,32.0,0.0,1.0,0.5159523809523809,0.8551759496331215,0.8410729765892029,0.04700990812852979,0.85
md_cbad_dqn,812,107,103.51354129612446,107.26884594359717,36.23360104858875,67.27994015812874,1.6847604168578982,20713.962894439697,0.0,30.0,0.0,0.0,0.5114285714285716,0.8058584425598383,0.7934965286403894,0.04120638966560364,0.85
md_cbad_dqn,812,108,115.3668139666319,106.83435127910101,40.16859309375286,75.198220962286,1.7688313703984022,22611.91844177246,0.0,32.0,0.0,1.0,0.506904761904762,0.6891051083803177,0.6759857907891273,0.04373108025174588,0.85
md_cbad_dqn,812,109,105.54894482493401,106.46710759531584,35.9204126894474,69.62853212058545,1.6527409451082349,20377.029026031494,0.0,30.0,0.0,1.0,0.5023809523809524,0.8829238340258598,0.8697196952998638,0.04401377332396805,0.85
md_cbad_dqn,812,110,102.22362458109856,106.35045949414373,36.7854865565896,65.43813737630845,1.6864829622209072,21497.00496673584,0.0,28.0,0.0,1.0,0.4978571428571429,0.9923474118113518,0.9768671747297049,0.051600801292806864,0.85
md_cbad_dqn,812,111,110.72893410325051,106.11852757558229,41.14809547364712,69.58083894252778,1.7385196071118116,23116.7347946167,0.0,29.0,0.0,1.0,0.4933333333333334,0.8941874261945486,0.8805389236658812,0.045495017198845744,0.85
md_cbad_dqn,812,112,95.86095517873764,105.30947992533447,34.08284372091293,61.77811124920845,1.586035219952464,19259.75716972351,0.0,26.0,0.0,0.0,0.4888095238095238,0.8800968993455172,0.8658161275088787,0.0476025550160557,0.85
md_cbad_dqn,812,113,108.05193268954754,106.51586512073875,36.95333558320999,71.09859712123871,1.6610882198438048,20486.56676864624,0.0,31.0,0.0,3.0,0.4842857142857143,0.9565864652395248,0.9432169962674379,0.04456489777658135,0.85
md_cbad_dqn,812,114,100.70385834872722,106.40122152402998,33.94073003530502,66.76312834322452,1.6225444823503494,19163.824615478516,0.0,30.0,0.0,3.0,0.4797619047619047,0.8550877179950476,0.8396442085504532,0.05147833889350295,0.85
md_cbad_dqn,812,115,106.13353362083436,106.75905295081436,32.04306182265282,74.09047202169896,1.639987857080996,18491.398263931274,0.0,33.0,0.0,1.0,0.47523809523809524,0.7827610410749912,0.7696021012961864,0.04386315681040287,0.85
md_cbad_dqn,812,116,98.88862919807434,106.17932697705926,36.72376471757889,62.164864629507065,1.6256937915459275,20437.489456176758,0.0,27.0,0.0,0.0,0.47071428571428575,0.8787236846983433,0.8654365763068199,0.044290368794463575,0.85
md_cbad_dqn,812,117,120.32174004018307,107.18925144024195,40.909335270524025,79.4124044418335,1.8637771690264344,23632.45750427246,0.0,33.0,0.0,1.0,0.46619047619047627,0.9989141933619976,0.9846230205148458,0.04763726284727454,0.85
md_cbad_dqn,812,118,118.90217656791211,108.21151681408287,35.21343478560448,83.68874288499356,1.7072803219780326,20816.993980407715,0.0,35.0,0.0,1.0,0.46166666666666667,0.9467699490487576,0.9330675657838583,0.04567457246594131,0.85
md_cbad_dqn,812,119,95.30617594718933,108.35630436241627,34.96772800385952,60.33844855427742,1.5985819324851036,19606.419227600098,0.0,26.0,0.0,0.0,0.4571428571428572,0.9019589349627495,0.8883997164666653,0.0451974265743047,0.85
md_cbad_dqn,812,120,104.92742245793343,108.06636519253254,36.76051305234432,68.16690964400769,1.6611491478979588,20458.700469970703,0.0,32.0,0.0,2.0,0.4526190476190477,0.8228597845882177,0.8092148471623659,0.04548314260318875,0.85
md_cbad_dqn,812,121,96.70729704350234,107.86501819647852,34.026610143482685,62.68068660199642,1.603573514148593,19313.0733833313,0.0,28.0,0.0,1.0,0.4480952380952381,0.9095190782099962,0.8939869925379753,0.05177362821996212,0.85
md_cbad_dqn,812,122,113.77912214398384,108.955638904199,37.5515248849988,76.22759751975536,1.6694685854017735,20652.545944213867,0.0,32.0,0.0,0.0,0.4435714285714286,0.8919021151959896,0.8776501510292292,0.047506525879725814,0.85
md_cbad_dqn,812,123,92.93689519166946,107.40199269391596,31.490378938615322,61.44651558995247,1.537884445860982,17954.192180633545,0.0,27.0,0.0,0.0,0.439047619047619,0.9344376064836979,0.9184406660497189,0.053323122439906,0.85
md_cbad_dqn,812,124,107.06504809260369,107.21194285944105,40.116132616996765,66.94891540110112,1.7078831074759364,22804.88384628296,0.0,28.0,0.0,1.0,0.43452380952380953,0.7946155928075314,0.7801422961056232,0.04824430402368307,0.85
md_cbad_dqn,812,125,111.04399402439594,105.99176419347525,38.28499843925238,72.7589958012104,1.7128293542191386,21824.87028503418,0.0,31.0,0.0,0.0,0.43000000000000005,1.1853616312146187,1.1678551565855742,0.058354894164949656,0.85
md_cbad_dqn,812,126,91.42253542840481,104.97165873728693,32.29198348522186,59.13055173456669,1.576459737494588,18275.20552444458,0.0,26.0,0.0,1.0,0.42547619047619056,0.8777506276965141,0.8626637570559978,0.050289533217437565,0.85
md_cbad_dqn,812,127,74.50773294270039,103.52136831961575,29.100382953882217,45.40734978020191,1.5310397753491998,17238.26453781128,0.0,22.0,0.0,0.0,0.42095238095238097,0.8457779679447412,0.8313594777137041,0.04806162347085774,0.85
md_cbad_dqn,812,128,111.32288006842137,103.3191716247052,37.83973082900047,73.48314913511277,1.6815694104880095,21175.347358703613,0.0,32.0,0.0,3.0,0.41642857142857137,0.8964530415832996,0.8818802144378424,0.048576101660728455,0.85
md_cbad_dqn,812,129,109.74545815736056,103.52899729132653,36.25097943097353,73.49447868168355,1.8618501722812653,22412.60566329956,0.0,29.0,0.0,1.0,0.4119047619047619,0.9163295160979033,0.9018432796001434,0.04828746058046818,0.85
md_cbad_dqn,812,130,95.38425519466401,103.1870288220048,34.51994834840298,60.86430632472038,1.5717288125306368,19087.52011871338,0.0,26.0,0.0,1.0,0.4073809523809524,0.9527161568403244,0.9399069771170616,0.0426972268614918,0.85
md_cbad_dqn,812,131,109.8149160027504,103.14132791697982,35.13636061549187,74.67855549156666,1.7512141829356551,20981.98694229126,0.0,32.0,0.0,3.0,0.4028571428571429,1.1118344273418188,1.09862264059484,0.04403929319232702,0.85
md_cbad_dqn,812,132,104.65832146406174,103.58119623124601,34.38877581059933,70.26954602599145,1.6302916137501597,19157.019527435303,0.0,32.0,0.0,1.0,0.39833333333333343,1.0739089902490377,1.0605362504720688,0.04457578097935766,0.85
md_cbad_dqn,812,133,78.26407766640186,102.09180348008871,29.227006137371063,49.037072393298146,1.5037364913150668,16662.670387268066,0.0,22.0,0.0,2.0,0.39380952380952383,1.252683635801077,1.2376478500664234,0.050119282212108374,0.85
md_cbad_dqn,812,134,91.45292680859566,101.62925690308214,31.364260606467724,60.08866571784019,1.5972917098551989,17970.769512176514,0.0,27.0,0.0,2.0,0.38928571428571423,1.0103774964809418,0.9957020059227943,0.04891828331165016,0.85
md_cbad_dqn,812,135,87.82003215253353,100.7135818296671,33.289909735322,54.53012290894985,1.6021163240075111,19083.47386932373,0.0,25.0,0.0,2.0,0.38476190476190475,0.9405017830431461,0.9270101264119148,0.04497217899188399,0.85
md_cbad_dqn,812,136,112.81733362674713,101.41001705110074,37.12677253782749,75.69056128263473,1.6859607687219977,20890.76220703125,0.0,32.0,0.0,2.0,0.38023809523809526,0.919413099065423,0.9050487726926804,0.04788109567016363,0.85
md_cbad_dqn,812,137,107.25489760935307,100.75667492955924,36.98957881331444,70.26531879603863,1.6707778321579099,20658.767307281494,0.0,32.0,0.0,0.0,0.3757142857142858,0.9709369502961636,0.9573543276637793,0.045275403186678886,0.85
md_cbad_dqn,812,138,92.64692583680153,99.4439123930037,32.36725082248449,60.27967527508736,1.5885934811085463,18486.319932937622,0.0,28.0,0.0,0.0,0.3711904761904763,1.0351375229656696,1.022139847278595,0.04332561499904841,0.85
md_cbad_dqn,812,139,100.73949465155602,99.71557832822204,33.75341056287289,66.98608368635178,1.6418569814413786,19603.20835494995,0.0,30.0,0.0,0.0,0.3666666666666667,0.8861685618758202,0.8717673867940903,0.048003921052441,0.85
md_cbad_dqn,812,140,112.20891190469266,100.07965280056001,35.96205985546112,76.24685228765011,1.6859987443313003,20555.528045654297,0.0,31.0,0.0,2.0,0.3621428571428572,1.028422947973013,1.0134232435375452,0.04999902728013694,0.85
md_cbad_dqn,812,141,78.51329344511032,99.1699526206404,31.410688251256943,47.10260492563248,1.5141451228410006,17325.893659591675,0.0,22.0,0.0,1.0,0.3576190476190476,1.1652277205139399,1.1511784326285124,0.04683094914071262,0.85
md_cbad_dqn,812,142,89.5946491599083,97.96072897143662,30.19353275746107,59.4011156052351,1.5184779725968838,16695.15570449829,0.0,27.0,0.0,2.0,0.35309523809523813,1.122083943337202,1.1092618480324745,0.04274031729437411,0.85
md_cbad_dqn,812,143,82.31057196259499,97.4294128099829,27.192570731043816,55.118001425266264,1.4909864943474531,15814.988250732422,0.0,27.0,0.0,1.0,0.34857142857142864,0.8760722987353802,0.8631027024239302,0.04323197645135224,0.85
md_cbad_dqn,812,144,92.33810035139322,96.69306542292239,33.669052578508854,58.66904819011688,1.6294449595734477,19691.844806671143,0.0,26.0,0.0,1.0,0.34404761904761905,1.1220529060810804,1.1077359542250633,0.04772313660942018,0.85
md_cbad_dqn,812,145,95.19899249076843,95.900815346241,32.388508543372154,62.81048399209976,1.5917292973026633,18187.685760498047,0.0,28.0,0.0,0.0,0.33952380952380956,0.9858135785907507,0.9718502890318632,0.046544287353754044,0.85
md_cbad_dqn,812,146,93.49435295164585,96.00440622240305,32.59522318840027,60.89912982285023,1.5699590845033526,18603.535594940186,0.0,28.0,0.0,0.0,0.3350000000000001,0.8604197781533003,0.8475897405296564,0.04276679898612201,0.85
md_cbad_dqn,812,147,101.67647943794728,97.3628435471654,34.40065464377403,67.27582489848137,1.6369003904983401,19683.507900238037,0.0,30.0,0.0,1.0,0.3304761904761905,0.9329190999269485,0.9199354723095894,0.04327877704054117,0.85
md_cbad_dqn,812,148,110.07231555879116,97.30031532168388,34.017087891697884,76.05522724986076,1.6848761290311813,19446.778173446655,0.0,35.0,0.0,0.0,0.325952380952381,1.0994336064904928,1.0849574729800224,0.04825374763458967,0.85
md_cbad_dqn,812,149,116.832803273201,97.65468257747591,36.752365708351135,80.08043757975102,1.7293681148439646,21383.32695388794,0.0,34.0,0.0,1.0,0.3214285714285714,0.8389681745320559,0.8255340680480003,0.04478033725172281,0.85
md_cbad_dqn,812,150,106.03578492403031,98.18725906394424,36.10042730718851,69.93535735607148,1.675033513456583,20315.942878723145,0.0,29.0,0.0,3.0,0.3169047619047619,1.1722592376172543,1.1576068680733442,0.048841251409612596,0.85
md_cbad_dqn,812,151,91.31183879822493,97.26210520371797,31.819790668785572,59.49204805493355,1.5992507180199027,18382.711875915527,0.0,27.0,0.0,0.0,0.3123809523809524,0.9830544367432594,0.9705255925655365,0.04176282393746078,0.85
md_cbad_dqn,812,152,98.56401378810406,96.95738981992008,35.819074138998985,62.7449390232563,1.6444255877286196,20410.61563873291,0.0,27.0,0.0,1.0,0.30785714285714294,0.9114624429494143,0.8974035028368235,0.046863120049238205,0.85
md_cbad_dqn,812,153,102.15971069782972,98.15217147149147,36.1762880012393,65.98342227935791,1.7307362305000424,21243.64794921875,0.0,29.0,0.0,0.0,0.30333333333333345,0.8038270138204098,0.7908912394195795,0.043119217618368566,0.85
md_cbad_dqn,812,154,89.23003628104925,98.04102694511414,31.822310216724873,57.407726138830185,1.6736586755141616,19242.638900756836,0.0,25.0,0.0,0.0,0.29880952380952375,0.9654467329382896,0.9506952334195375,0.049171630991622806,0.85
md_cbad_dqn,812,155,77.76568960696459,97.5383098178357,28.72136975079775,49.04432036280632,1.510923937894404,16433.29817199707,0.0,23.0,0.0,2.0,0.29428571428571426,1.0651645064353943,1.051926851272583,0.04412550071720034,0.85
md_cbad_dqn,812,156,98.72246055305004,96.83356616415082,33.91744992882013,64.80501054227352,1.5860764160752296,18720.976303100586,0.0,30.0,0.0,0.0,0.2897619047619048,1.1377924531698227,1.1245261505246162,0.04422099841758609,0.85
md_cbad_dqn,812,157,93.74699527025223,96.1581710471958,32.34287469089031,61.404120713472366,1.6088244896382093,18733.34574508667,0.0,26.0,0.0,0.0,0.2852380952380953,1.0297212284058332,1.0162554439157248,0.04488597810268402,0.85
md_cbad_dqn,812,158,93.51459911465645,96.20155471108853,32.943972274661064,60.57062712311745,1.6473034247756004,18935.403453826904,0.0,27.0,0.0,0.0,0.2807142857142858,0.7366413902491331,0.7220891769975424,0.048507380997762084,0.85
md_cbad_dqn,812,159,94.60955749452114,95.89505785323679,30.531170278787613,64.07838743925095,1.5273960838094354,17123.750785827637,0.0,29.0,0.0,2.0,0.2761904761904763,1.1124045494943857,1.098540747538209,0.04621266317553818,0.85
md_cbad_dqn,812,160,102.60695208013058,95.4149598620087,35.31579279899597,67.29115951955319,1.7043316718190908,20253.56386947632,0.0,29.0,0.0,2.0,0.2716666666666666,0.8732638545334339,0.8603133428841829,0.04316836304496974,0.85
md_cbad_dqn,812,161,81.32015724480152,95.55530305199325,29.691797241568565,51.628359869122505,1.5397699177265167,16795.165840148926,0.0,23.0,0.0,0.0,0.2671428571428571,1.1011073291301727,1.0875796601176262,0.04509222065098584,0.85
md_cbad_dqn,812,162,126.15409080235986,97.38327513411583,36.40423473715782,89.74985637812642,1.743146131746471,20730.03720855713,0.0,37.0,11.0,1.0,0.26261904761904764,1.1109763197600842,1.0978736989200115,0.04367542499676347,0.85
md_cbad_dqn,812,163,89.63073769211769,97.74928342059196,30.07742729783058,59.55331112444401,1.5597709948197007,17616.613403320312,0.0,26.0,0.0,1.0,0.25809523809523816,0.9264972917735577,0.9122832491993904,0.04738013772293925,0.85
md_cbad_dqn,812,164,99.07253689467908,98.08600524775628,34.808666199445724,64.26387014389039,1.61348638497293,19732.379375457764,0.0,28.0,0.0,1.0,0.25357142857142867,1.2640548665076494,1.2485106401145458,0.05181410978548229,0.85
md_cbad_dqn,812,165,114.23970058560371,99.03804065249803,35.69904291629791,78.54065784811974,1.6771934442222118,20116.99214553833,0.0,33.0,0.0,0.0,0.24904761904761907,1.154085524380207,1.1381128244102001,0.05324227339588106,0.85
md_cbad_dqn,812,166,81.1517435759306,98.42091018371227,29.35804569721222,51.7936979085207,1.4992727218195796,16521.9566116333,0.0,24.0,0.0,1.0,0.2445238095238096,1.0375450402498245,1.0254870243370533,0.04019337031058967,0.85
md_cbad_dqn,812,167,85.78619431108237,97.62639592736903,32.16800510138273,53.61818935871124,1.5781194614246488,18312.329864501953,0.0,26.0,0.0,1.0,0.24,0.912031427025795,0.8993099555373192,0.042404933366924524,0.85
md_cbad_dqn,812,168,87.5052430063486,96.4980422997469,29.96824160218239,57.53700080811977,1.5404602065682411,16667.777599334717,0.0,27.0,0.0,2.0,0.2354761904761905,0.9828375577926636,0.9689091239124537,0.04642810474615544,0.85
md_cbad_dqn,812,169,95.60828650742769,95.43681646145822,32.19214753061533,63.41613903641701,1.5586928119882941,17739.844131469727,0.0,27.0,0.0,0.0,0.23095238095238102,0.9456271789968014,0.9314143117517233,0.04737624351400882,0.85
md_cbad_dqn,812,170,84.93288397192956,94.38167141385318,32.707478016614914,52.225406223535536,1.573719386011362,18215.17391204834,0.0,23.0,0.0,1.0,0.22642857142857142,0.9537814166396856,0.9403713475912809,0.04470022697933018,0.85
md_cbad_dqn,812,171,91.45318891108036,94.38873891949596,31.15731492638588,60.29587310552597,1.576386010274291,17741.214874267578,0.0,26.0,0.0,1.0,0.22190476190476194,1.3751954436302185,1.362214833498001,0.04326869244687259,0.85
md_cbad_dqn,812,172,111.40972266495228,95.03102436333839,37.82077173888683,73.58895061314107,1.7008469989523292,20553.549591064453,0.0,32.0,0.0,3.0,0.21738095238095245,1.189175322651863,1.1764010526239872,0.042580897570587695,0.85
md_cbad_dqn,812,173,97.27284342050552,94.78668099947217,31.360781580209732,65.91206200420856,1.566535221412778,17776.849227905273,0.0,30.0,0.0,1.0,0.21285714285714286,0.9994796197861433,0.9861299619078636,0.04449887666851282,0.85
md_cbad_dqn,812,174,89.19858081638813,94.7851082262391,30.86672994494438,58.33185124397278,1.5851745633408427,17762.932403564453,0.0,25.0,0.0,1.0,0.20833333333333337,1.1398916598409414,1.1275400966405869,0.04117187636438757,0.85
md_cbad_dqn,812,175,104.28359062373639,96.11100327707769,34.419674411416054,69.86391570568085,1.636334652081132,19191.11386489868,0.0,31.0,0.0,1.0,0.20380952380952377,1.2515332847833633,1.2388404794037342,0.04230935336090624,0.85
md_cbad_dqn,812,176,87.01656923592091,95.52570871122126,30.734517253935337,56.282051944732665,1.537937263958156,17297.172248840332,0.0,26.0,0.0,1.0,0.1992857142857143,1.2972258105874062,1.284167606383562,0.04352738056331873,0.85
md_cbad_dqn,812,177,95.85315587371588,95.63101674139442,33.277943439781666,62.575212597846985,1.6100276093930006,18994.46380996704,0.0,28.0,0.0,0.0,0.1947619047619048,1.1586812362074852,1.1455033496022224,0.04392628325149417,0.85
md_cbad_dqn,812,178,65.55309393256903,94.23294148229004,26.81364431232214,38.73944948613644,1.4319058377295732,15033.17512512207,0.0,21.0,0.0,0.0,0.19023809523809532,1.0898585096001625,1.0769568011164665,0.04300569382030517,0.85
md_cbad_dqn,812,179,83.73879041820764,93.68940312847437,29.309583641588688,54.42920662760734,1.4993449123576283,16203.827821731567,0.0,26.0,0.0,3.0,0.18571428571428583,0.9972378630191088,0.9846502803266048,0.041958609013818204,0.85
md_cbad_dqn,812,180,69.25704596936703,92.02190782293619,27.80167220532894,41.455373883247375,1.4655338013544679,15709.971782684326,0.0,20.0,0.0,0.0,0.18119047619047624,1.1289958413690329,1.1152531262487173,0.04580905055627227,0.85
md_cbad_dqn,812,181,92.12523006796837,92.56216146409454,30.094823472201824,62.030406126379965,1.5366398831829429,16878.697784423828,0.0,28.0,0.0,2.0,0.17666666666666664,1.3179890122264624,1.3050575479865074,0.043104841955937445,0.85
md_cbad_dqn,812,182,82.1919067516923,90.36405226156116,30.168095536530018,52.0238109767437,1.49204589612782,16905.07197380066,0.0,25.0,0.0,1.0,0.17214285714285715,1.0628534723073244,1.0483315456658602,0.04840645310468972,0.85
md_cbad_dqn,812,183,92.3338011443615,90.49920543417336,31.853515103459358,60.48028607070446,1.570534530095756,17965.192863464355,0.0,28.0,0.0,1.0,0.16761904761904767,1.1501424945890903,1.1367406994104385,0.04467259580269456,0.85
md_cbad_dqn,812,184,93.46801801919938,90.21897949039938,32.36475048959255,61.10326739549637,1.6141340602189302,18792.32413291931,0.0,26.0,0.0,1.0,0.16309523809523818,1.0184017233550549,1.0058125499635935,0.041963921510614455,0.85
md_cbad_dqn,812,185,75.03364356756211,88.2586766394973,27.803462326526642,47.23018083870411,1.4550005998462439,15527.275087356567,0.0,22.0,0.0,2.0,0.1585714285714287,1.2858974672853947,1.2738786041736603,0.0400628293864429,0.85
md_cbad_dqn,812,186,98.37574973702431,89.11987694755199,33.48179966211319,64.89395016431808,1.5791637198999524,18296.22124481201,0.0,29.0,0.0,0.0,0.1540476190476191,1.1404757853597403,1.1284509226679802,0.0400828942656517,0.85
md_cbad_dqn,812,187,69.79964779317379,88.32054962165655,28.9791753962636,40.82047238945961,1.4923783177509904,16583.675045013428,0.0,18.0,0.0,0.0,0.1495238095238095,1.137669574469328,1.1248317994177341,0.04279257287271321,0.85
md_cbad_dqn,812,188,81.78170645385981,88.03437279403211,29.083402015268803,52.698303991556166,1.495778870768845,16471.980812072754,0.0,25.0,0.0,1.0,0.14500000000000002,1.461261348798871,1.4494405519217253,0.03940266999416053,0.85
md_cbad_dqn,812,189,98.29350062906742,88.1686335001141,32.96366350352764,65.32983678281308,1.5888578882440925,18515.1397190094,0.0,28.0,0.0,3.0,0.14047619047619053,1.0528101958334446,1.0411688145250082,0.0388046083971858,0.85
md_cbad_dqn,812,190,86.4357763171196,88.2437781173736,32.06842543184757,54.36735095977783,1.5346213607117534,17913.06770324707,0.0,25.0,0.0,1.0,0.13595238095238105,1.1951253544539213,1.1827108543366194,0.041381673072464764,0.85
md_cbad_dqn,812,191,85.82606948316098,87.96242214597763,30.554277300834656,55.27179186940193,1.4980548992753029,16678.571613311768,0.0,25.0,0.0,1.0,0.13142857142857145,1.184367535635829,1.171358399093151,0.043363787699490786,0.85
md_cbad_dqn,812,192,87.94254644215107,86.78906333483756,31.064048625528812,56.87849786877632,1.573070341721177,17582.564533233643,0.0,25.0,0.0,1.0,0.12690476190476196,1.0600901655852795,1.047105684876442,0.04328165121842176,0.85
md_cbad_dqn,812,193,85.73722832202911,86.21228257991375,30.797774747014046,54.939453828334806,1.5633886475116014,17582.655563354492,0.0,27.0,0.0,2.0,0.12238095238095237,1.1407795082777739,1.1268564630299807,0.04641016619279981,0.85
md_cbad_dqn,812,194,90.45687383413315,86.275197230801,33.5131558701396,56.94371780753136,1.5963046122342348,18730.793968200684,0.0,26.0,0.0,0.0,0.11785714285714288,1.0516835488379002,1.0394096486270428,0.04091299744322896,0.85
md_cbad_dqn,812,195,60.917272724211216,84.10688133582472,26.33725569397211,34.5800166875124,1.3971895352005959,14387.640419006348,0.0,18.0,0.0,1.0,0.1133333333333334,1.3035593070089817,1.2917703874409199,0.039296447299420834,0.85
md_cbad_dqn,812,196,84.17049461603165,83.96457760483028,30.655648216605186,53.514847204089165,1.5625670794397593,17859.912971496582,0.0,26.0,0.0,1.0,0.1088095238095238,1.0754663571715355,1.0631237886846066,0.041141889058053493,0.85
md_cbad_dqn,812,197,83.3971952289343,83.3417795725912,29.5767690166831,53.8204261302948,1.5018103271722794,16742.16840362549,0.0,25.0,0.0,2.0,0.10428571428571431,1.2320282571017742,1.2178139202296734,0.04738116275984794,0.85
md_cbad_dqn,812,198,71.05538379549981,83.61689406573774,27.662651509046555,43.39273183941841,1.4563219659030437,15558.559520721436,0.0,22.0,0.0,2.0,0.09976190476190483,1.0120026096701622,1.0010745860636234,0.036426725797355175,0.85
md_cbad_dqn,812,199,74.74051855504513,83.16698047257961,28.05939620733261,46.681122317910194,1.4701114650815725,15646.481910705566,0.0,23.0,0.0,0.0,0.09523809523809534,0.9798372685909271,0.9684269838035107,0.03803427319508046,0.85
md_cbad_dqn,812,200,86.71386838704348,84.03982159346343,32.29695575684309,54.41691245138645,1.5816956646740437,18400.262619018555,0.0,25.0,0.0,0.0,0.09071428571428575,1.0289063639938831,1.0167893506586552,0.04039009427651763,0.85
md_cbad_dqn,812,201,88.9264000222087,83.87988009117545,28.669350028038025,60.257050240039824,1.4890258936211467,15972.70093345642,0.0,27.0,0.0,2.0,0.08619047619047626,1.1312357541173697,1.1191660594195127,0.040232333238236606,0.85
md_cbad_dqn,812,202,93.78422873616219,84.45949619039894,32.43560464680195,61.348623567819594,1.595744052901864,18631.971492767334,0.0,26.0,0.0,2.0,0.08166666666666667,1.0813970975577831,1.0703669656068087,0.03676710859872401,0.85
md_cbad_dqn,812,203,100.15236098468304,84.85042418241503,34.22176828980446,65.93059194982052,1.6498811719939113,19350.6743850708,0.0,29.0,0.0,1.0,0.07714285714285718,1.190629743039608,1.1790748052299023,0.03851645870599896,0.85
md_cbad_dqn,812,204,70.02864657342434,83.67845561012626,27.774797707796097,42.253849282860756,1.4385179011151195,15800.492820739746,0.0,20.0,0.0,1.0,0.0726190476190477,1.148383241146803,1.1368139311671257,0.038564375950954854,0.85
md_cbad_dqn,812,205,78.56299156844617,83.85492301017048,29.132957495748997,49.430033633112906,1.4848953513428569,16329.759391784668,0.0,24.0,0.0,1.0,0.06809523809523821,0.9939242266118526,0.9824207127094269,0.038345027598552406,0.85
md_cbad_dqn,812,206,67.31176431179047,82.30172373890878,27.94934569299221,39.362418559193614,1.423619233071804,15253.032096862793,0.0,18.0,0.0,3.0,0.06357142857142861,1.043120989575982,1.0321036651730537,0.03672437777277082,0.85
md_cbad_dqn,812,207,89.27544337809086,83.27551351815463,32.415707632899284,56.85973599851131,1.5444154562428594,17787.10289001465,0.0,27.0,0.0,2.0,0.059047619047619015,1.309260979294777,1.2981118746101856,0.0371637272182852,0.85
md_cbad_dqn,812,208,72.23987108021974,82.79842174947262,27.351938344538212,44.88793313801288,1.44904197845608,15431.776996612549,0.0,21.0,0.0,2.0,0.05452380952380953,1.3586837500333786,1.346908200532198,0.0392518105218187,0.85
md_cbad_dqn,812,209,76.86654582768679,81.7270740094036,28.7057800963521,48.16076617836952,1.4807828487828374,16003.820594787598,0.0,25.0,0.0,1.0,0.050000000000000044,1.2341768983751535,1.2251690030097961,0.030026323511265218,0.85
md_cbad_dqn,812,210,90.67135629355907,81.93885300822555,30.91918607801199,59.75217053592205,1.5701404782012105,17559.86935043335,0.0,27.0,0.0,3.0,0.050000000000000044,1.23597102612257,1.225624268874526,0.03448917856439948,0.85
md_cbad_dqn,812,211,89.5828597560525,82.12669252187014,29.662301771342754,59.92055816352367,1.5053156111389399,16199.413097381592,0.0,28.0,0.0,1.0,0.050000000000000044,1.149933136999607,1.138812854886055,0.03706761391367763,0.85
md_cbad_dqn,812,212,104.71024753153324,82.96507757633925,32.40493765473366,72.30531013011932,1.5847682738676667,18411.878673553467,0.0,30.0,0.0,2.0,0.050000000000000044,1.2181704491376877,1.2068062648177147,0.03788056340999901,0.85
md_cbad_dqn,812,213,92.57363047450781,83.30689768396317,30.64227156341076,61.93135875463486,1.4985287468880415,17075.654232025146,0.0,28.0,0.0,0.0,0.050000000000000044,1.0447361413389444,1.0327614583075047,0.03991562046576291,0.85
md_cbad_dqn,812,214,90.01275286227465,83.28469163537027,30.012870781123638,59.99988164901733,1.5301683619618416,16967.982765197754,0.0,27.0,0.0,2.0,0.050000000000000044,1.2969802990555763,1.2847899608314037,0.04063442279584706,0.85
md_cbad_dqn,812,215,63.087833017110825,83.39321965001525,24.071143552660942,39.016689360141754,1.3653704850003123,13286.536556243896,0.0,20.0,0.0,1.0,0.050000000000000044,1.1845886819064617,1.1732635889202356,0.037750285817310214,0.85
md_cbad_dqn,812,216,88.84607901573182,83.62699887000025,30.255234725773335,58.59084398448467,1.52262063883245,17017.73241043091,0.0,28.0,0.0,1.0,0.050000000000000044,1.0894466172903776,1.0769228003919125,0.041746020200662315,0.85
md_cbad_dqn,812,217,74.87444981187582,83.20086159914733,25.80790887773037,49.06654116511345,1.4199597984552383,14336.398036956787,0.0,24.0,0.0,0.0,0.050000000000000044,1.1128714997321367,1.1013708990067244,0.038335352088324726,0.85
md_cbad_dqn,812,218,71.82800171524286,83.23949249513448,27.725044295191765,44.102957010269165,1.4418316362425685,15527.616703033447,0.0,21.0,0.0,0.0,0.050000000000000044,1.111185371875763,1.099539801478386,0.03881857357919216,0.85
md_cbad_dqn,812,219,67.89765227735043,82.89734918124975,25.258312672376633,42.639339888095854,1.3915878785774112,14250.46150970459,0.0,21.0,0.0,2.0,0.050000000000000044,1.4175350032746792,1.406880646944046,0.03551447100471705,0.85
md_cbad_dqn,812,220,92.58507642298937,83.19090958304704,32.24998887628317,60.33508755415678,1.5417759036645293,17668.268535614014,0.0,26.0,0.0,1.0,0.050000000000000044,1.1088867131620646,1.0980150122195482,0.03623900085221976,0.85
md_cbad_dqn,812,221,71.62518164515495,82.32584866419435,27.104701921343803,44.5204793214798,1.4465023456141353,15426.458152770996,0.0,21.0,0.0,1.0,0.050000000000000044,1.1152194049209356,1.10355463065207,0.03888258233200759,0.85
md_cbad_dqn,812,222,92.64907465130091,82.26909095995128,30.661673836410046,61.987400740385056,1.544044272042811,17625.16036605835,0.0,27.0,0.0,0.0,0.050000000000000044,1.1380935851484537,1.1257208809256554,0.04124232451431453,0.85
md_cbad_dqn,812,223,84.11626936644316,81.4672863790393,29.62336404621601,54.49290513396263,1.4928277153521776,17083.910041809082,0.0,25.0,0.0,1.0,0.050000000000000044,1.259289475157857,1.2461113762110472,0.04392697394359857,0.85
md_cbad_dqn,812,224,83.8729761555791,82.15950285814704,31.60249338299036,52.270482474565505,1.558631943538785,17566.1863861084,0.0,25.0,0.0,2.0,0.050000000000000044,1.420718315988779,1.4095252808183432,0.037310080719180405,0.85
md_cbad_dqn,812,225,70.23678006976843,81.74319228321315,25.95309966057539,44.283680498600006,1.4312922144308686,14929.357301712036,0.0,20.0,0.0,0.0,0.050000000000000044,1.2482595685869455,1.2370378226041794,0.03740580228623003,0.85
md_cbad_dqn,812,226,70.12530792504549,81.88386946387591,25.53875233978033,44.58655586838722,1.3983961967751384,14597.277059555054,0.0,23.0,0.0,0.0,0.050000000000000044,1.1988662090152502,1.1877783499658108,0.036959488526917994,0.85
md_cbad_dqn,812,227,75.98559402823449,81.21937699638309,27.88177691400051,48.103817069530486,1.4580307574942708,15557.830394744873,0.0,23.0,0.0,1.0,0.050000000000000044,1.1530157215893269,1.1410632841289043,0.03984149033203721,0.85
md_cbad_dqn,812,228,86.45627994835377,81.93019743978978,32.31600533425808,54.140274703502655,1.5550640895962715,17995.963218688965,0.0,24.0,0.0,1.0,0.050000000000000044,1.2398366015404463,1.2288051135838032,0.03677163738757372,0.85
md_cbad_dqn,812,229,102.32412007451057,83.20307615213096,34.99411180615425,67.33000865578651,1.654224050231278,19818.915565490723,0.0,28.0,0.0,0.0,0.050000000000000044,1.022488435730338,1.0121684689074755,0.0343998788157478,0.85
md_cbad_dqn,812,230,85.81422870755196,82.96021977283063,30.06060601770878,55.753623166680335,1.5319020254537463,16881.308544158936,0.0,25.0,0.0,2.0,0.050000000000000044,1.2659108899533749,1.2552289813756943,0.03560642362572253,0.85
md_cbad_dqn,812,231,90.30199984461069,82.99617677725853,29.29242629557848,61.00957378745079,1.4812006326392293,16516.86735534668,0.0,28.0,0.0,0.0,0.050000000000000044,1.1726368349045515,1.162288822233677,0.034493424696847796,0.85
md_cbad_dqn,812,232,88.18573261797428,82.16995103158058,29.902035765349865,58.28369641304016,1.525808047503233,16852.03075027466,0.0,27.0,0.0,0.0,0.050000000000000044,1.4130533784627914,1.4015938378870487,0.03819844697136432,0.85
md_cbad_dqn,812,233,89.13158314079047,81.99784866489472,30.17630486190319,58.95527935922146,1.5116597199812531,17047.185443878174,0.0,26.0,0.0,1.0,0.050000000000000044,1.2421535514295101,1.2318989522755146,0.03418201149906963,0.85
md_cbad_dqn,812,234,95.398831397295,82.26715259164573,31.124840676784515,64.27399015426636,1.5622220085933805,17558.1258392334,0.0,28.0,0.0,0.0,0.050000000000000044,1.3076490815728903,1.2972124051302671,0.034788924967870116,0.85
md_cbad_dqn,812,235,81.26987927407026,83.1762549044937,29.183052591979504,52.0868264734745,1.5057864040136337,17090.488235473633,0.0,23.0,0.0,1.0,0.050000000000000044,1.4492214173078537,1.4383869227021933,0.03611492598429322,0.85
md_cbad_dqn,812,236,68.15267809629441,82.14158485852184,25.640058919787407,42.51261974275112,1.4075467642396688,14081.168857574463,0.0,22.0,0.0,1.0,0.050000000000000044,1.2720367666333914,1.2613958921283484,0.03546954528428614,0.85
md_cbad_dqn,812,237,66.97712486237288,81.74671861104669,26.71168563514948,40.26543939113617,1.4170920951291919,15128.748970031738,0.0,19.0,0.0,0.0,0.050000000000000044,0.9277310501784086,0.9176532533019781,0.03359264403115958,0.85
md_cbad_dqn,812,238,69.11169389784337,81.61090322017671,27.598904885351658,41.512789049744605,1.4475288027897477,15031.077945709229,0.0,22.0,0.0,1.0,0.050000000000000044,1.2718226816505194,1.2603293638676405,0.03831101197283715,0.85
md_cbad_dqn,812,239,74.84197149574757,81.95811918109658,28.18028423190117,46.661687740683554,1.4589542718604207,15819.60913848877,0.0,22.0,0.0,1.0,0.050000000000000044,1.0749073959887028,1.064037123695016,0.03623420814983547,0.85
md_cbad_dqn,812,240,89.73638225644827,81.8156844727695,30.071822695434093,59.66455965042114,1.5251698577776551,17072.32252883911,0.0,27.0,0.0,3.0,0.050000000000000044,1.2788693811744452,1.2679034359753132,0.0365531254792586,0.85
md_cbad_dqn,812,241,94.43631632030011,82.95624120652677,32.26183328777552,62.17448320388794,1.582238158211112,18001.33003425598,0.0,27.0,0.0,1.0,0.050000000000000044,1.199961118400097,1.1904011014848948,0.031866721459664404,0.85
md_cbad_dqn,812,242,74.47732948660851,82.04765394829215,29.530591145157814,44.94673796892166,1.480236193165183,16527.27906036377,0.0,22.0,0.0,1.0,0.050000000000000044,1.1954794339835644,1.1843378469347954,0.03713863296434283,0.85
md_cbad_dqn,812,243,86.31811140030622,82.1577460499853,30.428713895380497,55.889397743344304,1.540380378253758,17369.77053451538,0.0,26.0,0.0,2.0,0.050000000000000044,1.427866043522954,1.4183987118303776,0.031557786162011325,0.85
md_cbad_dqn,812,244,87.27843641638756,82.32801906302572,30.571899369359016,56.70653691291809,1.5250856531783938,16894.043369293213,0.0,27.0,0.0,1.0,0.050000000000000044,1.3715227767825127,1.3599187675863504,0.03868002747185528,0.85
md_cbad_dqn,812,245,81.46994565725326,82.88967734239995,29.823124885559082,51.64682066738605,1.5167889595031738,17243.823608398438,0.0,22.0,0.0,2.0,0.050000000000000044,1.474022014066577,1.463596671819687,0.03475114540196955,0.85
md_cbad_dqn,812,246,58.99168109893799,82.33299600109459,24.483339436352253,34.50834143161774,1.368518041446805,14117.023998260498,0.0,20.0,0.0,0.0,0.050000000000000044,1.0929528754204512,1.0825876370072365,0.03455080767162144,0.85
md_cbad_dqn,812,247,78.85738246440887,82.4765854229033,28.00938843935728,50.84799389839172,1.4791392982006073,15651.249034881592,0.0,23.0,0.0,2.0,0.050000000000000044,1.3376569282263517,1.3266688659787178,0.03662688750773668,0.85
md_cbad_dqn,812,248,67.42088018655777,81.5248154348135,26.695793837308884,40.72508590221405,1.4385955641046166,15075.899192810059,0.0,20.0,0.0,3.0,0.050000000000000044,1.0937125962227583,1.0827794298529625,0.036443875171244144,0.85
md_cbad_dqn,812,249,88.14184999614955,80.81570193089546,29.950297564268112,58.19155260324478,1.5302941566333175,16703.99074935913,0.0,26.0,0.0,1.0,0.050000000000000044,1.2832385748624802,1.2722942531108856,0.03648108581546694,0.85
md_cbad_dqn,812,250,87.2907763838768,80.88952931471171,29.723042488098145,57.56773389577866,1.55515112914145,17321.223987579346,0.0,26.0,0.0,4.0,0.050000000000000044,1.4764777198433876,1.4652163088321686,0.037538017495535314,0.85
md_cbad_dqn,812,251,79.63493194431067,80.3561759196967,28.769366785883904,50.86556503176689,1.4548534452915192,16067.39043045044,0.0,23.0,0.0,1.0,0.050000000000000044,1.3065156247466803,1.2958025094121695,0.03571038704831153,0.85
md_cbad_dqn,812,252,84.03783730566502,80.14878115408125,28.95346774160862,55.084370055794714,1.4899355545639992,16408.57596206665,0.0,26.0,0.0,1.0,0.050000000000000044,1.327290304005146,1.317148981615901,0.033804395236074924,0.85
md_cbad_dqn,812,253,75.35143376290799,79.45977368518712,27.79643403738737,47.55499986708164,1.4841258404776454,15900.144054412842,0.0,24.0,0.0,1.0,0.050000000000000044,1.5425884686410427,1.5320736542344093,0.03504941507708281,0.85
md_cbad_dqn,812,254,98.3395035892725,79.60680729478598,30.946897476911545,67.39260585904121,1.5535113411024213,17456.91170501709,0.0,30.0,0.0,2.0,0.050000000000000044,1.1135744825005531,1.1024531368166208,0.037071157596074045,0.85
md_cbad_dqn,812,255,75.98411415070295,79.34251903861761,27.68020322918892,48.303910720348355,1.459514512680471,15748.38325881958,0.0,22.0,0.0,3.0,0.050000000000000044,1.3595663253217936,1.347811272367835,0.03918346134014428,0.85
md_cbad_dqn,812,256,68.9154582425952,79.38065804593265,26.982066087424755,41.93339184224605,1.4548482932150364,15118.878723144531,0.0,20.0,0.0,3.0,0.050000000000000044,1.214506596326828,1.2050875462591648,0.031396858976222575,0.85
md_cbad_dqn,812,257,89.46798014640808,80.50520081013441,31.478570833802223,57.98940899968147,1.5584125081077218,17636.185508728027,0.0,26.0,0.0,1.0,0.050000000000000044,1.1317437142133713,1.121156219393015,0.03529165545478463,0.85
md_cbad_dqn,812,258,81.31294447928667,81.11526333920658,31.94300067424774,49.36994457244873,1.544417655095458,18272.167053222656,0.0,24.0,0.0,1.0,0.050000000000000044,1.3358458280563354,1.3242184519767761,0.03875787649303675,0.85
md_cbad_dqn,812,259,61.75995942205191,80.46116273552178,25.06999108940363,36.68996846675873,1.4024147987365723,14400.72667312622,0.0,20.0,0.0,0.0,0.050000000000000044,1.1529320515692234,1.142142342403531,0.035965705290436745,0.85
md_cbad_dqn,812,260,67.5595546618104,79.3523213557899,26.71126578003168,40.848289000988004,1.4310792377218604,14972.89183807373,0.0,21.0,0.0,2.0,0.050000000000000044,0.9687618631869555,0.9581642784178257,0.035325229400768876,0.85
md_cbad_dqn,812,261,85.53281031697989,78.9071460556239,30.556776948273182,54.97603301107883,1.5408269055187702,17288.5584564209,0.0,25.0,0.0,2.0,0.050000000000000044,1.4729457627981901,1.462082838639617,0.036209796904586256,0.85
md_cbad_dqn,812,262,79.23998773992062,79.1452789682895,28.65590537339449,50.584082224965094,1.4642313905060291,15780.421005249023,0.0,23.0,0.0,1.0,0.050000000000000044,1.0046877283602953,0.9945548865944147,0.03377611155156046,0.85
md_cbad_dqn,812,263,61.34338178485632,77.896542487517,25.00154846161604,36.341832995414734,1.3737674178555608,14099.589122772217,0.0,19.0,0.0,0.0,0.050000000000000044,1.2942073941230774,1.282191339880228,0.04005344957113266,0.85
md_cbad_dqn,812,264,79.17810871452093,77.49152610242368,27.24874011427164,51.929368793964386,1.4691273029893637,16116.225009918213,0.0,23.0,0.0,1.0,0.050000000000000044,1.172751197591424,1.1619662251323462,0.035949919605627656,0.85
md_cbad_dqn,812,265,89.73432689905167,77.90474516451359,32.11802989244461,57.61629681289196,1.5689216200262308,18331.261611938477,0.0,27.0,0.0,1.0,0.050000000000000044,1.3466229978948832,1.3348396942019463,0.03927765996195376,0.85
md_cbad_dqn,812,266,87.163863350451,79.31335427708925,29.170356534421444,57.993506622314456,1.4730560118332505,16135.97583770752,0.0,25.0,0.0,3.0,0.050000000000000044,1.216643501073122,1.2076352965086699,0.03002730628941208,0.85
md_cbad_dqn,812,267,73.36290084570646,79.03863019615412,27.241304755210876,46.12159591913223,1.428648834116757,15099.388648986816,0.0,23.0,0.0,0.0,0.050000000000000044,1.3285490777343512,1.3180176969617605,0.035104595590382814,0.85
md_cbad_dqn,812,268,77.73649035543204,79.55441070459784,28.820479042828083,48.91601128280163,1.4630510229617357,16286.657777786255,0.0,24.0,0.0,2.0,0.050000000000000044,1.1875934936106205,1.1775582693517208,0.033450781484134495,0.85
md_cbad_dqn,812,269,81.05853339284658,79.20024487443268,29.30841337889433,51.750120118260384,1.5169301675632596,16914.937675476074,0.0,26.0,0.0,1.0,0.050000000000000044,1.5066830106079578,1.4959177114069462,0.035884304670616984,0.85
md_cbad_dqn,812,270,72.14066470563412,78.44273929052056,26.436061158776283,45.704603576660155,1.4340497888624668,15275.513229370117,0.0,23.0,0.0,1.0,0.050000000000000044,1.1739423479884863,1.1625849474221468,0.03785798419266939,0.85
md_cbad_dqn,812,271,87.25946588814259,78.82396598771216,29.571861431002617,57.68760457634926,1.5086288219317794,16699.581550598145,0.0,26.0,0.0,1.0,0.050000000000000044,1.2175861708819866,1.2070252262055874,0.0352031288202852,0.85
md_cbad_dqn,812,272,81.51123580336571,78.69763591259718,29.95560099929571,51.55563473701477,1.5001692604273558,16676.963817596436,0.0,23.0,0.0,0.0,0.050000000000000044,1.187501210719347,1.177155651152134,0.034485182841308415,0.85
md_cbad_dqn,812,273,79.08178431093692,78.88415343999863,28.898204058408737,50.18358043134212,1.4885308658704162,16081.402778625488,0.0,25.0,0.0,3.0,0.050000000000000044,1.422898842021823,1.4116348903626204,0.037546523846685886,0.85
md_cbad_dqn,812,274,74.56397751271724,77.69537713617086,27.260849609971046,47.30312782824039,1.4339642068371177,15047.629707336426,0.0,23.0,0.0,2.0,0.050000000000000044,1.3100163526833057,1.3008814752101898,0.030449589481577277,0.85
md_cbad_dqn,812,275,78.22970344126225,77.80765660069883,27.79728664457798,50.43241694569588,1.4535051509737968,15354.873851776123,0.0,24.0,0.0,0.0,0.050000000000000044,1.2986447717994452,1.2872738167643547,0.03790315554942936,0.85
md_cbad_dqn,812,276,67.36890803575515,77.73032909035682,25.17189286649227,42.19701509475708,1.400163765065372,14182.056575775146,0.0,19.0,0.0,2.0,0.050000000000000044,1.5067904219031334,1.4960686676204205,0.035739163053222,0.85
md_cbad_dqn,812,277,84.78583021014929,77.49622159354388,27.47631374001503,57.309516701102254,1.4927643621340394,15755.673965454102,0.0,27.0,0.0,4.0,0.050000000000000044,1.2283192910254002,1.2178128380328417,0.0350215065991506,0.85
md_cbad_dqn,812,278,64.15641248375178,76.63839499376715,24.779300324618816,39.377112770080565,1.3914846125990152,14322.46453666687,0.0,20.0,0.0,2.0,0.050000000000000044,1.407991560176015,1.3979639206081629,0.03342546906787902,0.85
md_cbad_dqn,812,279,89.21305467486381,78.01104975640774,31.917572140693665,57.29548229575157,1.547499131411314,17741.848499298096,0.0,25.0,0.0,3.0,0.050000000000000044,1.2774942517280579,1.2679459974169731,0.031827444676309824,0.85
md_cbad_dqn,812,280,69.80160400271416,78.12315222345293,26.984452560544014,42.81715130805969,1.4335962273180485,14847.06328201294,0.0,20.0,0.0,0.0,0.050000000000000044,1.157785790041089,1.14824228733778,0.03181167505681515,0.85
md_cbad_dqn,812,281,74.99234753847122,77.59612908452749,29.125454612076283,45.866892874240875,1.4742360459640622,16075.135105133057,0.0,22.0,0.0,0.0,0.050000000000000044,1.1611777395009995,1.1510972995311022,0.03360148053616285,0.85
md_cbad_dqn,812,282,86.92512820661068,77.98038610786199,30.17072307318449,56.75440463423729,1.5295637594535947,17556.146270751953,0.0,26.0,0.0,0.0,0.050000000000000044,1.2939413711428642,1.2835730407387018,0.03456109459511936,0.85
md_cbad_dqn,812,283,80.0347331315279,78.91495367519558,27.663413800299168,52.37131914496422,1.455605762079358,15665.703506469727,0.0,25.0,0.0,1.0,0.050000000000000044,1.3384962417185307,1.3286881428211927,0.03269364626612514,0.85
md_cbad_dqn,812,284,67.27757540345192,78.31992700964213,25.953268341720104,41.324306935071945,1.419293088838458,14933.233680725098,0.0,22.0,0.0,1.0,0.050000000000000044,1.3258128222078085,1.3145981207489967,0.037382356938906014,0.85
md_cbad_dqn,812,285,89.91992675513029,78.32920700244605,29.487092666327953,60.43283408880234,1.516337476670742,17171.384017944336,0.0,26.0,0.0,1.0,0.050000000000000044,1.210141945630312,1.200322788208723,0.032730573671869934,0.85
md_cbad_dqn,812,286,94.49723123908043,78.69587539687754,31.030692033469677,63.46653928756714,1.5440548714250326,17374.03547668457,0.0,28.0,0.0,1.0,0.050000000000000044,1.2958352789282799,1.2851217966526747,0.035711545147933066,0.85
md_cbad_dqn,812,287,69.04505643248558,78.47998317621649,27.646497905254364,41.39855794608593,1.4450634587556124,15422.708843231201,0.0,20.0,0.0,0.0,0.050000000000000044,1.4780979007482529,1.4675771184265614,0.03506932547315955,0.85
md_cbad_dqn,812,288,78.38487155735493,78.51240223631264,28.99258255213499,49.39228904247284,1.4789997655898333,16180.578338623047,0.0,23.0,0.0,1.0,0.050000000000000044,1.4210204668343067,1.4108102042227983,0.03403424716088921,0.85
md_cbad_dqn,812,289,73.39196586012841,78.12907385967674,26.70930814743042,46.68265704214573,1.4137969594448805,15022.093238830566,0.0,22.0,0.0,1.0,0.050000000000000044,1.2546031642705202,1.2450392544269562,0.03187972633168101,0.85
md_cbad_dqn,812,290,92.58177724778652,79.15112948678436,32.801342606544495,59.780435758829114,1.5813492834568024,18769.876487731934,0.0,27.0,0.0,2.0,0.050000000000000044,1.4570572935044765,1.4465271458029747,0.03510047751478851,0.85
md_cbad_dqn,812,291,89.05338061749936,79.24082522325219,30.79428230971098,58.25909831523895,1.54438241943717,17420.122722625732,0.0,29.0,0.0,2.0,0.050000000000000044,1.5413376744836569,1.5304596610367298,0.036260130000300705,0.85
md_cbad_dqn,812,292,68.80463388562202,78.605495127365,27.75839088857174,41.046242862939835,1.462126956321299,15600.599197387695,0.0,21.0,0.0,0.0,0.050000000000000044,1.2857732772827148,1.2757802680134773,0.03331002383492887,0.85
md_cbad_dqn,812,293,80.66495604217053,78.68465371392668,27.58390175551176,53.081053936481474,1.491035726852715,15566.887969970703,0.0,26.0,0.0,1.0,0.050000000000000044,1.3138154838234186,1.3028509058058262,0.03654864034615457,0.85
md_cbad_dqn,812,294,71.14439518749714,78.51367459766568,28.99457725137472,42.149817794561386,1.473126234486699,16622.39886856079,0.0,20.0,0.0,1.0,0.050000000000000044,1.3526955116540194,1.3414596244692802,0.03745301044546068,0.85
md_cbad_dqn,812,295,72.22137032747268,78.2132579419762,27.603611901402473,44.61775841116905,1.427240839228034,15120.711242675781,0.0,21.0,0.0,2.0,0.050000000000000044,1.4993970654904842,1.4894068967550993,0.03330049221403897,0.85
md_cbad_dqn,812,296,82.20202179253101,78.95491362981498,30.937354624271393,51.26466688513756,1.521164889447391,17554.588779449463,0.0,27.0,0.0,0.0,0.050000000000000044,1.3214143067598343,1.311192475259304,0.03407274198252708,0.85
md_cbad_dqn,812,297,80.25958276540041,78.72860125757754,29.420116014778614,50.83946672081947,1.5133670968934894,16896.488945007324,0.0,24.0,0.0,0.0,0.050000000000000044,1.1788565590977669,1.1687423698604107,0.033713974175043404,0.85
md_cbad_dqn,812,298,74.20940304100513,79.23125078544021,27.09958665072918,47.10981647968292,1.439199272543192,15452.116577148438,0.0,21.0,0.0,3.0,0.050000000000000044,1.0012658406049013,0.9908318594098091,0.03477993106935173,0.85
md_cbad_dqn,812,299,75.43478227555752,78.54233716547489,27.575004413723946,47.859777802228926,1.4572984427213669,15615.334079742432,0.0,23.0,0.0,1.0,0.050000000000000044,1.417347913607955,1.4071935266256332,0.03384791768621653,0.85
md_cbad_dqn,812,300,80.05279317051172,79.05489662386478,30.407819882035255,49.64497335553169,1.520765938796103,17084.73077392578,0.0,23.0,0.0,2.0,0.050000000000000044,1.4268948882818222,1.4160956125706434,0.03599755116738379,0.85
md_cbad_dqn,812,301,81.03156931698322,79.35685771279037,32.1224096044898,48.909160032868385,1.5610692678019404,18144.161518096924,0.0,23.0,0.0,0.0,0.050000000000000044,1.418091792613268,1.4066262692213058,0.03821843885816634,0.85
md_cbad_dqn,812,302,90.37172032892704,79.5291873189062,33.41801130771637,56.95370899140835,1.5726944943889976,18958.172401428223,0.0,26.0,0.0,1.0,0.050000000000000044,1.6266223788261414,1.6158558931201696,0.03588825836777687,0.85
md_cbad_dqn,812,303,83.094357855618,79.68216855511069,30.25609117001295,52.83826647698879,1.5311705926433206,17346.186668395996,0.0,25.0,0.0,2.0,0.050000000000000044,1.3585005812346935,1.3481935821473598,0.0343566118972376,0.85
md_cbad_dqn,812,304,80.20020668208599,80.3283001190424,29.258118703961372,50.94208785891533,1.5093880612403154,17049.8991355896,0.0,25.0,0.0,1.0,0.050000000000000044,1.381940247491002,1.3715480379760265,0.03464071999769658,0.85
md_cbad_dqn,812,305,98.61126953512431,80.7628672580421,32.94699778407812,65.6642721682787,1.5991312516853213,18504.709636688232,0.0,29.0,0.0,1.0,0.050000000000000044,1.3527905642986298,1.3415756411850452,0.03738313273061067,0.85
md_cbad_dqn,812,306,79.13615521788597,79.99481345698237,30.30577053874731,48.83038456737995,1.5104324603453279,17116.550590515137,0.0,21.0,0.0,2.0,0.050000000000000044,1.5331341587007046,1.5243587084114552,0.02925148024223745,0.85
md_cbad_dqn,812,307,89.41713766604661,81.01341751866042,32.29721040278673,57.11992681622505,1.5774545334279537,17890.451278686523,0.0,27.0,0.0,4.0,0.050000000000000044,1.2891690842807293,1.2774553764611483,0.03904575004708022,0.85
md_cbad_dqn,812,308,74.07520065009594,80.79793397329749,29.179986350238323,44.89521417319774,1.467712165787816,16458.20629119873,0.0,21.0,0.0,2.0,0.050000000000000044,1.3279697969555855,1.3173382710665464,0.035438384278677404,0.85
md_cbad_dqn,812,309,76.59134055674076,80.9579027081281,29.620410814881325,46.97092941403389,1.4945592228323221,16858.22528076172,0.0,22.0,0.0,0.0,0.050000000000000044,1.3848077170550823,1.3736001215875149,0.03735864569898695,0.85
md_cbad_dqn,812,310,75.01311233639717,80.07946946255862,27.662394911050797,47.350717425346375,1.4780612802132964,16220.218688964844,0.0,22.0,0.0,0.0,0.050000000000000044,1.408183267340064,1.3975671455264091,0.03538707073312253,0.85
md_cbad_dqn,812,311,66.29731334894896,78.94166609913111,27.336773194372654,38.96054000556469,1.4547535311430693,15476.304382324219,0.0,19.0,0.0,2.0,0.050000000000000044,1.3829659055918455,1.3719145581126213,0.03683778166305274,0.85
md_cbad_dqn,812,312,72.86683101505041,79.14477595560253,28.936007641255856,43.93082368671894,1.4540534634143114,15814.30732345581,0.0,23.0,0.0,2.0,0.050000000000000044,1.532965898513794,1.523061215877533,0.03301562834531069,0.85
md_cbad_dqn,812,313,59.81243793070316,78.10215005002917,25.27762036025524,34.53481770455837,1.3834289908409119,14181.36937713623,0.0,17.0,0.0,1.0,0.050000000000000044,1.424996042624116,1.4158362001180649,0.03053281386382878,0.85
md_cbad_dqn,812,314,88.54725589901209,78.9722930856049,32.4872562661767,56.059999617934224,1.5570918824523687,18157.163272857666,0.0,25.0,0.0,2.0,0.050000000000000044,1.2523781582713127,1.2424631044268608,0.03305017575621605,0.85
md_cbad_dqn,812,315,72.11771175563335,78.96711015701294,26.921516492962837,45.19619497954845,1.4463495165109634,15163.763925552368,0.0,22.0,0.0,2.0,0.050000000000000044,1.5704255159944296,1.5608810745179653,0.031814811867661774,0.85
md_cbad_dqn,812,316,73.31595027446747,78.52280658110976,30.564952537417412,42.750997975468636,1.5310275936499238,17758.89151763916,0.0,22.0,0.0,0.0,0.050000000000000044,1.5281371232122183,1.5168105345219374,0.03775525512173772,0.85
md_cbad_dqn,812,317,69.7605024367571,77.9978525646776,27.28082747757435,42.47967510819435,1.4525055941194296,15270.330924987793,0.0,21.0,0.0,2.0,0.050000000000000044,1.5890209581702948,1.5762939974665642,0.04242317960597575,0.85
md_cbad_dqn,812,318,63.550176441669464,77.46489123471082,25.453909374773502,38.096267223358154,1.3823188915848732,14575.333576202393,0.0,21.0,0.0,2.0,0.050000000000000044,1.5174611378461123,1.5069329924881458,0.0350937913171947,0.85
md_cbad_dqn,812,319,79.06454307585955,77.64637927472592,28.92874101549387,50.13580211997032,1.4721499597653747,16338.894264221191,0.0,24.0,0.0,0.0,0.050000000000000044,1.534951837733388,1.522512063384056,0.04146589967422187,0.85
md_cbad_dqn,812,320,74.9645786434412,77.39196854837239,27.255257099866867,47.70932158827782,1.4441297696903348,15923.743991851807,0.0,23.0,0.0,2.0,0.050000000000000044,1.56111666187644,1.5491992197930813,0.03972478280775249,0.85
md_cbad_dqn,812,321,73.29236330986024,77.00500824801625,29.060522109270096,44.23184118568897,1.4717906713485718,16162.111322402954,0.0,21.0,0.0,2.0,0.050000000000000044,1.3883173875510693,1.3775129839777946,0.036014658166095614,0.85
md_cbad_dqn,812,322,78.24380329400302,76.39861239627005,29.083105586469173,49.16069751381874,1.4939200365915895,16474.516452789307,0.0,23.0,0.0,1.0,0.050000000000000044,1.6243039425462484,1.6130403690040112,0.03754524968098849,0.85
md_cbad_dqn,812,323,93.06041349619628,76.89691517829897,29.6912035420537,63.36921025216579,1.5234185885637999,16712.942901611328,0.0,28.0,0.0,3.0,0.050000000000000044,1.6942561231553555,1.6830462515354156,0.03736618999391794,0.85
md_cbad_dqn,812,324,60.232534976303576,75.89853159300985,25.79097481071949,34.44156018793583,1.39009765163064,14497.320056915283,0.0,19.0,0.0,1.0,0.050000000000000044,1.5124903321266174,1.5025037433952093,0.033288623206317425,0.85
md_cbad_dqn,812,325,67.72085277140141,74.3540107548237,26.39424492418766,41.32660783231258,1.40481489431113,14800.442054748535,0.0,19.0,0.0,2.0,0.050000000000000044,1.449082501232624,1.438114570453763,0.03655979363247752,0.85
md_cbad_dqn,812,326,68.58920483589172,73.82666323572398,27.540109924972057,41.04909499287605,1.4344322578981519,15193.99393081665,0.0,21.0,0.0,2.0,0.050000000000000044,1.4942354895174503,1.4837238527834415,0.03503873955924064,0.85
md_cbad_dqn,812,327,86.03130423277617,73.65737156406045,31.070047073066235,54.96125712990761,1.5371599392965436,17471.712940216064,0.0,27.0,0.0,1.0,0.050000000000000044,1.4899693243205547,1.4795953445136547,0.03457989636808634,0.85
md_cbad_dqn,812,328,84.13470396399498,74.1603467297554,28.806171372532845,55.328533217310905,1.5064377579838037,16855.730514526367,0.0,27.0,0.0,0.0,0.050000000000000044,1.636039599776268,1.623654991388321,0.0412820492638275,0.85
md_cbad_dqn,812,329,82.6005072697997,74.46080506540834,28.769943244755268,53.8305643081665,1.5033429227769375,16515.514097213745,0.0,24.0,0.0,3.0,0.050000000000000044,1.3975223749876022,1.3868374079465866,0.035616559092886746,0.85
md_cbad_dqn,812,330,88.88352210223675,75.15432555370033,30.503771625459194,58.3797503054142,1.5217123227193952,17344.1854057312,0.0,27.0,0.0,2.0,0.050000000000000044,1.4135833363980055,1.4024717807769775,0.03703858039807528,0.85
md_cbad_dqn,812,331,50.71277003884315,74.37509838819504,24.163203485310078,26.549566784501074,1.3410098049789667,13647.558185577393,0.0,17.0,0.0,1.0,0.050000000000000044,1.0723798405379057,1.0622147731482983,0.03388353274203837,0.85
md_cbad_dqn,812,332,65.14325080811977,73.98891937784852,26.59329119324684,38.54995973408222,1.43169922567904,15332.246822357178,0.0,21.0,0.0,1.0,0.050000000000000044,1.7035026457160711,1.6927733346819878,0.03576441865880042,0.85
md_cbad_dqn,812,333,73.04213132709265,74.65040404766799,29.488254122436047,43.55387744307518,1.4977880949154496,16890.913108825684,0.0,20.0,0.0,0.0,0.050000000000000044,1.821656346321106,1.8112567439675331,0.03466531808953732,0.85
md_cbad_dqn,812,334,77.75204627215862,74.11064356632531,28.96368809789419,48.78835801780224,1.494969286955893,16816.87446975708,0.0,24.0,0.0,1.0,0.050000000000000044,1.3376195915043354,1.3272219486534595,0.034658793127164245,0.85
md_cbad_dqn,812,335,74.21083081662655,74.21529951937497,27.214744418859482,46.99608618915081,1.452293706126511,15566.610847473145,0.0,23.0,0.0,1.0,0.050000000000000044,1.8437627218663692,1.832358729094267,0.03801339375786483,0.85
md_cbad_dqn,812,336,61.28849300891161,73.61392665609719,24.92992816120386,36.35856511592865,1.372791312634945,14031.774284362793,0.0,20.0,0.0,1.0,0.050000000000000044,1.2797091379761696,1.2706191577017307,0.030299963080324233,0.85
md_cbad_dqn,812,337,72.8506601125002,73.76843453988434,27.537235595285892,45.31342453956604,1.4311687257140875,15822.797563552856,0.0,22.0,0.0,3.0,0.050000000000000044,1.5926298089325428,1.5829156953841448,0.03238042688462883,0.85
md_cbad_dqn,812,338,102.49394249171019,75.71562284238638,35.07326381653547,67.42067894339561,1.6362699009478092,19870.400871276855,0.0,29.0,0.0,0.0,0.050000000000000044,1.4616379886865616,1.4510159753262997,0.03540674888063222,0.85
md_cbad_dqn,812,339,73.33124576658011,75.4289579769224,27.647785872220993,45.68345991671085,1.461947152391076,15892.4909324646,0.0,24.0,0.0,2.0,0.050000000000000044,1.5098131094127893,1.4999552592635155,0.03285949234850705,0.85
md_cbad_dqn,812,340,66.22574282437563,74.99201618596912,26.805833511054516,39.41990941762924,1.4226654060184956,15045.643999099731,0.0,19.0,0.0,0.0,0.050000000000000044,1.5584272239357233,1.5481233149766922,0.03434635465964675,0.85
md_cbad_dqn,812,341,80.0122230142355,75.32800917118789,27.226443618535995,52.78577951490879,1.4603361012414098,15536.381729125977,0.0,26.0,0.0,2.0,0.050000000000000044,1.8306792099028826,1.819966435432434,0.035709229530766606,0.85
md_cbad_dqn,812,342,84.4438665986061,75.63801233641804,30.045064136385918,54.39880238771438,1.5043412540107965,17133.145807266235,0.0,24.0,0.0,4.0,0.050000000000000044,1.3668921142816544,1.357397060841322,0.031650211894884706,0.85
md_cbad_dqn,812,343,82.99767911583186,75.13487561739981,30.611519381403923,52.38615951836109,1.519517533481121,17691.94802093506,0.0,24.0,0.0,2.0,0.050000000000000044,1.6921457089483738,1.6822893097996712,0.032854639925062656,0.85
md_cbad_dqn,812,344,94.69470619559289,76.85798417836429,32.800430968403816,61.894275748729704,1.59583655372262,18608.157829284668,0.0,29.0,0.0,1.0,0.050000000000000044,1.6692779753357172,1.6595340464264154,0.032479727640748024,0.85
md_cbad_dqn,812,345,66.5366073101759,76.79877190530301,26.458935260772705,40.0776723921299,1.4237763658165932,15208.289962768555,0.0,20.0,0.0,0.0,0.050000000000000044,1.6018751822412014,1.5923570580780506,0.03172710258513689,0.85
md_cbad_dqn,812,346,84.36330358982086,77.58747684299946,28.612358428537846,55.750944796204564,1.5161368949338794,16461.275104522705,0.0,25.0,0.0,4.0,0.050000000000000044,1.5045388489961624,1.4948134999722242,0.03241778875235468,0.85
md_cbad_dqn,812,347,91.51584831774235,77.86170404724777,30.452771827578545,61.06307693719864,1.5322976894676685,17408.33566093445,0.0,28.0,0.0,2.0,0.050000000000000044,1.2328468523919582,1.2230678498744965,0.03259665425866842,0.85
md_cbad_dqn,812,348,87.87648292779923,78.04879299543799,32.6786991879344,55.19778376221657,1.6030672248452902,18624.854724884033,0.0,26.0,0.0,2.0,0.050000000000000044,1.673030186444521,1.6621632520109415,0.03622307348996401,0.85
md_cbad_dqn,812,349,77.21745724976063,77.77964049443604,26.724789761006832,50.49266767501831,1.4332986157387495,15035.22057723999,0.0,24.0,0.0,1.0,0.050000000000000044,1.1914697922766209,1.1805039774626493,0.036552717443555593,0.85
md_cbad_dqn,812,350,75.07843387126923,77.08938608288766,28.111846320331097,46.96658779680729,1.4855531491339207,16404.172271728516,0.0,25.0,0.0,1.0,0.050000000000000044,1.4047645702958107,1.3943900279700756,0.03458178602159023,0.85
md_cbad_dqn,812,351,85.50410114973783,78.82895263843238,29.21364038437605,56.29046058654785,1.4880446093156934,16445.70142364502,0.0,26.0,0.0,0.0,0.050000000000000044,1.8616011999547482,1.8512569479644299,0.0344807697692886,0.85
md_cbad_dqn,812,352,71.68954070657492,79.15626713335514,27.000258930027485,44.689281940460205,1.4408574551343918,15225.504180908203,0.0,23.0,0.0,0.0,0.050000000000000044,1.6407027672976255,1.631488585844636,0.030713898013345897,0.85
md_cbad_dqn,812,353,74.06942963004113,79.20763204850257,28.276352047920227,45.79307776093483,1.4920940538868308,16311.847763061523,0.0,21.0,0.0,1.0,0.050000000000000044,1.6670131236314774,1.6564725767821074,0.03513513947837055,0.85
md_cbad_dqn,812,354,75.56376025080681,79.09821774743497,28.5737531632185,46.990006759762764,1.4636114817112684,15881.93367767334,0.0,23.0,0.0,0.0,0.050000000000000044,1.780327394604683,1.7711013182997704,0.030753655126318336,0.85
md_cbad_dqn,812,355,84.34736840724945,79.60504462696612,30.49855351448059,53.848815116286275,1.52348820772022,17331.525659561157,0.0,26.0,0.0,2.0,0.050000000000000044,1.4710407257080078,1.4615695867687464,0.03157044923864305,0.85
md_cbad_dqn,812,356,91.73804646134377,81.12752229958774,31.864155113697052,59.873890751600264,1.5782274482771754,18335.97931289673,0.0,28.0,0.0,1.0,0.050000000000000044,1.4498154651373625,1.4395926631987095,0.034076068084686995,0.85
md_cbad_dqn,812,357,64.8945689201355,80.7297177399695,25.82154820114374,39.07302111387253,1.3820169530808926,14515.123798370361,0.0,21.0,0.0,0.0,0.050000000000000044,1.439298054203391,1.429404892027378,0.03297721070703119,0.85
md_cbad_dqn,812,358,69.84307811111212,79.0971745209396,26.249266743659973,43.59381136000157,1.4205874474719167,14483.27328491211,0.0,21.0,0.0,3.0,0.050000000000000044,1.6380310226231813,1.6271973941475153,0.03611213434487581,0.85
md_cbad_dqn,812,359,86.43716034442187,79.75247024983169,32.480878703296185,53.95628156661987,1.558392956852913,17948.29267501831,0.0,25.0,0.0,1.0,0.050000000000000044,1.9662308637052774,1.955688752233982,0.03514040517620742,0.85
md_cbad_dqn,812,360,85.68361143916846,80.72536368057133,29.695108108222485,55.98850345015526,1.514502919279039,16859.476539611816,0.0,25.0,0.0,1.0,0.050000000000000044,1.655428770929575,1.6444629989564419,0.03655258344952017,0.85
md_cbad_dqn,812,361,80.13831850290299,80.73166845500471,28.16396302729845,51.974355021119116,1.4571023238822818,16036.056865692139,0.0,25.0,0.0,2.0,0.050000000000000044,1.7626117672771215,1.7519995030015707,0.03537427552510053,0.85
md_cbad_dqn,812,362,79.96301005780697,80.50762562796476,28.18168856203556,51.781321957707405,1.4821069994941354,16473.062789916992,0.0,25.0,0.0,0.0,0.050000000000000044,1.8306434899568558,1.8208598494529724,0.03261212329380214,0.85
md_cbad_dqn,812,363,86.2676755040884,80.67112544737758,29.74294565618038,56.52473023533821,1.5222876649349928,16832.575428009033,0.0,26.0,0.0,1.0,0.050000000000000044,1.2420825697481632,1.2316510044038296,0.034771866048686206,0.85
md_cbad_dqn,812,364,72.63911196738482,79.56834573596717,27.31671556085348,45.322396063804625,1.4829230681061745,15988.783298492432,0.0,22.0,0.0,2.0,0.050000000000000044,1.3853244576603174,1.3763642311096191,0.02986743045039475,0.85
md_cbad_dqn,812,365,83.69882590323687,80.42645666562021,30.49113681167364,53.207689955830574,1.506425584666431,17129.857704162598,0.0,25.0,0.0,0.0,0.050000000000000044,1.225904481485486,1.2162669133394957,0.03212521132081747,0.85
md_cbad_dqn,812,366,97.2889311388135,81.07273804306985,31.893073976039886,65.39585694670677,1.584934338927269,18060.597137451172,0.0,28.0,0.0,0.0,0.050000000000000044,1.7162348832935095,1.7061471808701754,0.033625669311732054,0.85
md_cbad_dqn,812,367,107.86488377451897,81.89018981590868,35.12027803808451,72.7446056842804,1.6336836889386177,19734.933792114258,0.0,31.0,0.0,3.0,0.050000000000000044,1.5840158313512802,1.5714264772832394,0.041964501375332475,0.85
md_cbad_dqn,812,368,73.84505114257335,81.18861822664738,28.064818024635315,45.780233803391454,1.464265001937747,15654.84572982788,0.0,22.0,0.0,2.0,0.050000000000000044,1.7190271317958832,1.7085884138941765,0.03479572536889464,0.85
md_cbad_dqn,812,369,83.81007174551488,81.5182489514351,29.20147842168808,54.608593517541884,1.520538343116641,17027.335624694824,0.0,26.0,0.0,2.0,0.050000000000000044,1.806386923417449,1.7956287022680044,0.03586074511986226,0.85
md_cbad_dqn,812,370,94.41749442517758,82.48520197913052,32.70773629844189,61.70975826084614,1.5785581339150667,18314.73663330078,0.0,28.0,0.0,3.0,0.050000000000000044,1.3251345809549093,1.3157839830964804,0.031168638495728374,0.85
md_cbad_dqn,812,371,80.74919104874134,82.24745647408068,29.204383805394173,51.54480733275413,1.5000521736219525,16518.57346343994,0.0,24.0,0.0,3.0,0.050000000000000044,1.2198972515761852,1.2096951678395271,0.03400695533491671,0.85
md_cbad_dqn,812,372,74.10953176766634,82.36845602713527,26.76186578720808,47.34766638278961,1.425718449987471,14932.886707305908,0.0,22.0,0.0,0.0,0.050000000000000044,1.6329804807901382,1.6224701888859272,0.03503438783809543,0.85
md_cbad_dqn,812,373,67.95516464263201,82.0627427777648,28.01790202409029,39.93726252913475,1.45840844232589,15930.632343292236,0.0,20.0,0.0,1.0,0.050000000000000044,1.4524211324751377,1.4424602687358856,0.03320288902614266,0.85
md_cbad_dqn,812,374,90.71989765018225,82.82054964773357,32.92740901559591,57.79248885810375,1.5941983619704843,18582.009342193604,0.0,26.0,0.0,0.0,0.050000000000000044,1.817443696781993,1.8062433190643787,0.03733453724998981,0.85
md_cbad_dqn,812,375,87.7953932210803,82.99295088842511,30.639965899288654,57.15542754530907,1.5500626657158136,17640.014392852783,0.0,25.0,0.0,2.0,0.050000000000000044,1.3809100314974785,1.3718532305210829,0.03018931928090751,0.85
md_cbad_dqn,812,376,57.48004915565252,81.28005102314056,25.19162930548191,32.28841981291771,1.3594409758225083,13898.195293426514,0.0,19.0,0.0,0.0,0.050000000000000044,1.6118885483592749,1.6025135423988104,0.031249937135726213,0.85
md_cbad_dqn,812,377,65.38469921201468,81.30455753773451,25.84377097338438,39.54092835783958,1.3846211321651936,14419.611145019531,0.0,19.0,0.0,1.0,0.050000000000000044,1.4731877651065588,1.4635076932609081,0.03226684592664242,0.85
md_cbad_dqn,812,378,84.30781195312738,82.02779422983528,30.295585125684738,54.01222690939903,1.5323701268061996,17141.470142364502,0.0,25.0,0.0,0.0,0.050000000000000044,1.5015297681093216,1.491828666999936,0.032336962525732815,0.85
md_cbad_dqn,812,379,74.84688039124012,81.44828023217619,27.820873826742172,47.02600699663162,1.4515125956386328,15549.700828552246,0.0,24.0,0.0,0.0,0.050000000000000044,1.6970883291214705,1.6873199455440044,0.03256124723702669,0.85
md_cbad_dqn,812,380,76.65942480415106,80.99707090042531,26.629235468804836,50.03018972277641,1.4507172349840403,15583.677013397217,0.0,23.0,0.0,0.0,0.050000000000000044,1.5602956525981426,1.5505477860569954,0.03249288443475962,0.85
md_cbad_dqn,812,381,83.25574841499329,81.15294239602983,29.496538743376732,53.759209448099135,1.5096686640754342,17157.885288238525,0.0,24.0,0.0,2.0,0.050000000000000044,1.5498392581939697,1.5407959073781967,0.030144447227939963,0.85
md_cbad_dqn,812,382,77.2187440559268,81.01572909593582,29.31869948655367,47.90004445016384,1.4764139913022518,16689.50560760498,0.0,23.0,0.0,2.0,0.050000000000000044,1.7790289670228958,1.7688122559338808,0.03405571775510907,0.85
md_cbad_dqn,812,383,87.91697426885366,81.0981940341741,30.83391597121954,57.083057925105095,1.5513572469353676,17643.428916931152,0.0,26.0,0.0,1.0,0.050000000000000044,1.8146805595606565,1.8039053864777088,0.03591724846046418,0.85
md_cbad_dqn,812,384,56.45520740747452,80.28899880617857,24.43500204384327,32.02020563185215,1.351542049087584,13612.061641693115,0.0,18.0,0.0,0.0,0.050000000000000044,1.733562285080552,1.724806897342205,0.029184590210206807,0.85
md_cbad_dqn,812,385,94.70620726048946,80.8393678740412,29.946680285036564,64.75952681899071,1.5488069672137499,17841.588926315308,0.0,29.0,0.0,0.0,0.050000000000000044,1.6243216879665852,1.6151287574321032,0.030643033678643405,0.85
md_cbad_dqn,812,386,79.00497491806746,79.9251700630039,28.76428946107626,50.24068554639816,1.4777424382045865,16119.212558746338,0.0,23.0,0.0,1.0,0.050000000000000044,1.460293136537075,1.449614990502596,0.035593859502114356,0.85
md_cbad_dqn,812,387,73.98808544278145,78.23133014641704,28.512887552380562,45.47519808411598,1.460863328538835,16308.264080047607,0.0,21.0,0.0,2.0,0.050000000000000044,1.4037691839039326,1.393878499045968,0.03296897339168936,0.85
md_cbad_dqn,812,388,84.22758777588606,78.75045697808267,29.834796905517578,54.39279102683067,1.5115005858242512,16981.13148498535,0.0,24.0,0.0,3.0,0.050000000000000044,1.5106557216495275,1.501252681016922,0.03134340175893158,0.85
md_cbad_dqn,812,389,59.061194758117196,77.51301312871279,26.15093994885683,32.91025521159172,1.397266000509262,14944.909317016602,0.0,17.0,0.0,2.0,0.050000000000000044,1.8098976090550423,1.8004878535866737,0.03136579319834709,0.85
md_cbad_dqn,812,390,66.2874851167202,76.10651266328992,26.540250428020954,39.74723500907421,1.4018763676285744,15005.405075073242,0.0,19.0,0.0,1.0,0.050000000000000044,1.8302187826484442,1.8187262564897537,0.03830840496812016,0.85
md_cbad_dqn,812,391,82.59783654808999,76.19894493825736,31.267374768853188,51.33046186864376,1.5255033941939473,17965.06312942505,0.0,24.0,0.0,2.0,0.050000000000000044,1.5153553374111652,1.5054121911525726,0.033143795910291374,0.85
md_cbad_dqn,812,392,78.70719046145678,76.42882787294687,30.026432260870934,48.680758357048035,1.5039968509227037,17232.762977600098,0.0,25.0,0.0,1.0,0.050000000000000044,1.6282810494303703,1.6189133375883102,0.031225754995830357,0.85
md_cbad_dqn,812,393,70.0661763548851,76.53437845855953,26.224464565515518,43.841711550951004,1.4101923312991858,14998.044218063354,0.0,21.0,0.0,1.0,0.050000000000000044,1.537944458425045,1.528800055384636,0.030481369700282812,0.85
md_cbad_dqn,812,394,89.40274208039045,76.46852068006993,31.455759711563587,57.94698205590248,1.5602073706686497,17980.609893798828,0.0,25.0,0.0,1.0,0.050000000000000044,1.5377904083579779,1.528433034196496,0.031191212474368513,0.85
md_cbad_dqn,812,395,67.95582523941994,75.4765422809869,27.845677867531776,40.11014698445797,1.4369339384138584,15577.675170898438,0.0,19.0,0.0,0.0,0.050000000000000044,1.4826644975692034,1.472620278596878,0.03348069253843278,0.85
md_cbad_dqn,812,396,65.6741544008255,75.88624754324556,26.592061519622803,39.0820928812027,1.427463885396719,15066.36095046997,0.0,20.0,0.0,0.0,0.050000000000000044,1.6524480246007442,1.642137423157692,0.034368607331998646,0.85
md_cbad_dqn,812,397,75.3054045766592,76.38228281147778,28.368018083274364,46.93738629221916,1.4547965675592422,15916.710971832275,0.0,23.0,0.0,3.0,0.050000000000000044,1.359558017924428,1.34946028329432,0.03365912544541061,0.85
md_cbad_dqn,812,398,67.46377485543489,75.54008095659314,25.946051694452763,41.51772269904613,1.3730745678767562,14664.648532867432,0.0,19.0,0.0,2.0,0.050000000000000044,1.7384094446897507,1.729159887880087,0.030831852927803993,0.85
md_cbad_dqn,812,399,102.37691459953786,76.91658266700804,32.54957976937294,69.82733481526375,1.588324467651546,18362.031394958496,0.0,30.0,0.0,1.0,0.050000000000000044,1.5376729741692543,1.5284392889589071,0.030778997694142163,0.85
md_cbad_dqn,812,400,80.5911568120122,77.1131692674011,28.923363775014877,51.667792314291,1.4744044439867139,16109.47265625,0.0,23.0,0.0,1.0,0.050000000000000044,1.3865312784910202,1.377248978242278,0.03094101615715772,0.85
md_cbad_dqn,812,401,93.15002757310867,77.60788322530688,32.81034591794014,60.33968040347099,1.6360041629523039,19251.407779693604,0.0,27.0,0.0,0.0,0.050000000000000044,1.8108943067491055,1.8016194701194763,0.030916141462512314,0.85
md_cbad_dqn,812,402,93.00406646728516,78.3971493458748,31.715662896633148,61.28840360045433,1.5328694256022573,17488.392253875732,0.0,29.0,0.0,0.0,0.050000000000000044,1.6872634515166283,1.6757870353758335,0.03825467056594789,0.85
md_cbad_dqn,812,403,83.52146267294884,78.17737376607955,30.66174429655075,52.85971864461899,1.5144192269071937,17229.59011077881,0.0,25.0,0.0,1.0,0.050000000000000044,1.596866112202406,1.5856392979621887,0.03742274141404778,0.85
md_cbad_dqn,812,404,74.64256885051728,79.08674183823169,28.291514724493027,46.3510537981987,1.4654519688338041,15978.13440322876,0.0,22.0,0.0,3.0,0.050000000000000044,1.5603434704244137,1.5504871234297752,0.032854424440301955,0.85
md_cbad_dqn,812,405,98.19799329638481,79.26133114002644,32.56563055515289,65.63236226439476,1.558391496539116,18328.600353240967,0.0,28.0,0.0,4.0,0.050000000000000044,1.6988555155694485,1.6903148889541626,0.028468742035329342,0.85
md_cbad_dqn,812,406,88.36583285778761,79.72937403701246,30.329978086054325,58.035854771733284,1.5157586392015219,17158.377738952637,0.0,27.0,0.0,0.0,0.050000000000000044,1.9020950868725777,1.892740961164236,0.03118047083262354,0.85
md_cbad_dqn,812,407,81.78498563319445,80.11921904653312,29.98712334781885,51.797862553596495,1.508160094730556,17014.584316253662,0.0,26.0,0.0,1.0,0.050000000000000044,1.6918599475175142,1.683273620903492,0.028621043427847326,0.85
md_cbad_dqn,812,408,80.12046620249748,79.91386296786368,29.316457025706768,50.804008930921555,1.5165844559669495,16697.400409698486,0.0,24.0,0.0,0.0,0.050000000000000044,1.7327103167772293,1.723508831113577,0.030671681743115187,0.85
md_cbad_dqn,812,409,83.57308287918568,81.13945737391711,29.20618560910225,54.36689691245556,1.51778628770262,16895.80035018921,0.0,24.0,0.0,0.0,0.050000000000000044,1.929707681760192,1.919017430394888,0.03563415026292205,0.85
md_cbad_dqn,812,410,91.46672269403935,82.39841925278307,31.465703561902046,60.00101834237576,1.5765835782513022,18096.017303466797,0.0,26.0,0.0,3.0,0.050000000000000044,1.5756135694682598,1.5662192292511463,0.03131451073568314,0.85
md_cbad_dqn,812,411,73.35685069859028,81.93636996030808,27.391209468245506,45.965641260147095,1.4395826244726777,15268.308658599854,0.0,23.0,0.0,0.0,0.050000000000000044,1.6242175363004208,1.6145888641476631,0.03209555323701352,0.85
md_cbad_dqn,812,412,80.58022810518742,82.03002184249462,28.936658330261707,51.64356964826584,1.485081042163074,16493.18099975586,0.0,23.0,0.0,0.0,0.050000000000000044,1.759970836341381,1.7499300688505173,0.03346921131014824,0.85
md_cbad_dqn,812,413,80.0946579053998,82.53144592002035,29.28903315216303,50.80562523007393,1.5166467418894172,16820.15968322754,0.0,23.0,0.0,1.0,0.050000000000000044,1.4060562066733837,1.3957790303975344,0.03425728587899357,0.85
md_cbad_dqn,812,414,64.77777109593153,81.3001973707974,25.037341378629208,39.74042986631393,1.3825832968577743,14273.091781616211,0.0,19.0,0.0,2.0,0.050000000000000044,1.5728063434362411,1.5640232115983963,0.029277147725224495,0.85
md_cbad_dqn,812,415,77.78760118484497,81.79178616806864,27.97976240515709,49.807838898897174,1.4596673091873527,15894.267349243164,0.0,22.0,0.0,3.0,0.050000000000000044,1.4142135698348284,1.4038597829639912,0.03451263951137662,0.85
md_cbad_dqn,812,416,62.80811376273632,81.64848413616419,24.924134120345116,37.883979538083075,1.3786970870569348,14302.282665252686,0.0,20.0,0.0,1.0,0.050000000000000044,1.5711303427815437,1.561279270797968,0.03283687902148813,0.85
md_cbad_dqn,812,417,96.5666445940733,82.7115461370349,31.235240265727043,65.33140388131142,1.5677113700658083,17831.114860534668,0.0,30.0,0.0,0.0,0.050000000000000044,1.5450209081172943,1.5338882952928543,0.037108675576746464,0.85
md_cbad_dqn,812,418,85.33528504520655,83.60512164652349,30.230767875909805,55.10451738536358,1.539720511995256,17184.68667602539,0.0,25.0,0.0,1.0,0.050000000000000044,1.7164589427411556,1.7065556664019823,0.033010884770192206,0.85
md_cbad_dqn,812,419,73.02586746364832,82.13756928972902,27.945539131760597,45.080327996611594,1.4573738602921367,16122.01070022583,0.0,23.0,0.0,2.0,0.050000000000000044,2.078944057226181,2.067888155579567,0.03685295348986983,0.85
md_cbad_dqn,812,420,73.21958015114069,81.76899045668543,27.00152228027582,46.2180580496788,1.4288163194432855,15274.388835906982,0.0,22.0,0.0,0.0,0.050000000000000044,1.6959101483225822,1.6858421005308628,0.0335601142141968,0.85
md_cbad_dqn,812,421,99.57316848784686,82.09014750242234,31.546223409473896,68.02694561481476,1.5649599200114608,17941.533542633057,0.0,29.0,0.0,2.0,0.050000000000000044,1.4928544741123915,1.4839388895779848,0.02971860463730991,0.85
md_cbad_dqn,812,422,75.50212660729885,81.21505050942304,26.839837573468685,48.66228875815868,1.4309799084439874,15484.567375183105,0.0,23.0,0.0,2.0,0.050000000000000044,1.860279368236661,1.8511244617402554,0.030516364611685276,0.85
md_cbad_dqn,812,423,80.09201716631651,81.04357823409141,29.436161674559116,50.65585543215275,1.516832704655826,16638.989295959473,0.0,24.0,0.0,0.0,0.050000000000000044,1.7359503172338009,1.7242856994271278,0.038882109336555004,0.85
md_cbad_dqn,812,424,87.51320268213749,81.6871099256724,30.033575102686882,57.47962710261345,1.5248033255338669,17303.721599578857,0.0,26.0,0.0,0.0,0.050000000000000044,1.8385626524686813,1.827649224549532,0.03637811401858926,0.85
md_cbad_dqn,812,425,79.62042996287346,80.75823175899684,29.111474968492985,50.50895482301712,1.4911256916821003,16620.521312713623,0.0,23.0,0.0,0.0,0.050000000000000044,2.036137130111456,2.0259288251399994,0.03402768215164542,0.85
md_cbad_dqn,812,426,86.18476919829845,80.64917857602238,32.11486607789993,54.0699030905962,1.5372423976659775,18060.380889892578,0.0,25.0,0.0,0.0,0.050000000000000044,1.8304853085428476,1.8196886740624905,0.03598880302160978,0.85
md_cbad_dqn,812,427,74.53388136178255,80.28662336245178,26.798332385718822,47.73554900586605,1.4671929841861129,15609.973392486572,0.0,24.0,0.0,3.0,0.050000000000000044,1.5012215841561556,1.4916538298130035,0.031892535858787596,0.85
md_cbad_dqn,812,428,88.12366504967213,80.68678330481052,31.07680305838585,57.04686212539673,1.5298561863601208,17711.43585205078,0.0,26.0,0.0,0.0,0.050000000000000044,1.7633977979421616,1.7538642436265945,0.031778431264683604,0.85
md_cbad_dqn,812,429,72.82298719882965,80.1492785207927,27.19015672802925,45.6328304708004,1.423161686398089,15152.047504425049,0.0,22.0,0.0,0.0,0.050000000000000044,1.209600666537881,1.2009314484894276,0.028897389071062207,0.85
md_cbad_dqn,812,430,82.02274495363235,79.67707963377237,29.356828793883324,52.665916591882706,1.463251563720405,16631.13028717041,0.0,24.0,0.0,0.0,0.050000000000000044,1.7635782547295094,1.7536883018910885,0.03296650678385049,0.85
md_cbad_dqn,812,431,87.20596365034581,80.36953528136014,29.30701833218336,57.89894531071186,1.5305821429938078,17008.789432525635,0.0,26.0,0.0,2.0,0.050000000000000044,1.934792272746563,1.9250931963324547,0.032330247457139194,0.85
md_cbad_dqn,812,432,87.14321653544903,80.69768470287325,30.469694659113884,56.67352259159088,1.522352509200573,17296.99342727661,0.0,26.0,0.0,0.0,0.050000000000000044,1.5449804924428463,1.5339205712080002,0.03686638944782317,0.85
md_cbad_dqn,812,433,69.09240217506886,80.14757191635667,26.765513367950916,42.326888859272,1.4185145543888211,15132.771587371826,0.0,21.0,0.0,0.0,0.050000000000000044,1.6705320365726948,1.6611252576112747,0.031355995568446815,0.85
md_cbad_dqn,812,434,74.66257846355438,80.64181228473782,28.05468539148569,46.60789334774017,1.4641321804374456,16010.142101287842,0.0,24.0,0.0,1.0,0.050000000000000044,1.8467482402920723,1.8373571932315826,0.03130353055894375,0.85
md_cbad_dqn,812,435,82.4293669551611,80.87390057325362,28.13521496206522,54.2941517919302,1.4776909202337265,15962.912338256836,0.0,26.0,0.0,1.0,0.050000000000000044,1.7429316975176334,1.7327847629785538,0.03382307314313948,0.85
md_cbad_dqn,812,436,73.71099448502063,81.41904460936786,27.77188501507044,45.9391100436449,1.4392812019214034,15736.062339782715,0.0,22.0,0.0,2.0,0.050000000000000044,1.8980364724993706,1.8876769691705704,0.034531683777458966,0.85
md_cbad_dqn,812,437,81.58639367073775,80.67003206320108,28.979687437415123,52.6067059725523,1.489858003333211,16201.655355453491,0.0,24.0,0.0,1.0,0.050000000000000044,1.6531903948634863,1.6433178037405014,0.03290862531866878,0.85
md_cbad_dqn,812,438,82.1763766258955,80.51208664223553,28.686624616384506,53.48975199460983,1.4636812014505267,15850.371578216553,0.0,24.0,0.0,1.0,0.050000000000000044,1.604498540982604,1.5945946909487247,0.03301285323686898,0.85
md_cbad_dqn,812,439,79.16987659186125,80.81928709864619,29.763361640274525,49.40651483237743,1.5251763192936778,17113.22036743164,0.0,23.0,0.0,2.0,0.050000000000000044,1.2803366519510746,1.2703428696841002,0.03331267659086734,0.85
md_cbad_dqn,812,440,83.0926871240139,81.31294244728983,29.1222815066576,53.970405334234236,1.481148057617247,16126.132049560547,0.0,24.0,0.0,1.0,0.050000000000000044,1.7145094480365515,1.7057582698762417,0.029170568683184683,0.85
md_cbad_dqn,812,441,80.50396851599217,80.35948244869711,30.04156917333603,50.46239940226078,1.5344707034528255,17131.676628112793,0.0,23.0,0.0,2.0,0.050000000000000044,1.6400590669363737,1.6305401287972927,0.03172978607472032,0.85
md_cbad_dqn,812,442,89.61596101820469,81.0651741692424,31.292204096913338,58.32375710010528,1.5645396523177624,17794.29216003418,0.0,26.0,0.0,2.0,0.050000000000000044,1.4737276304513216,1.4641324691474438,0.03198383131530136,0.85
md_cbad_dqn,812,443,74.80958487987519,80.80105255492033,27.578407898545265,47.231176698207854,1.4431887585669756,15623.456062316895,0.0,24.0,0.0,1.0,0.050000000000000044,1.6184482537209988,1.6094548366963863,0.02997803397011012,0.85
md_cbad_dqn,812,444,76.72372931391001,80.26157888650894,29.246661715209484,47.47706695795059,1.4744638530537486,16430.5899810791,0.0,22.0,0.0,2.0,0.050000000000000044,1.633975800126791,1.6240115948021412,0.03321401390712708,0.85
md_cbad_dqn,812,445,72.0753161534667,79.88432319603861,29.3635208979249,42.711794942617416,1.5004744594916701,16787.715353012085,0.0,22.0,0.0,0.0,0.050000000000000044,1.779309056699276,1.7694761008024216,0.0327765952097252,0.85
md_cbad_dqn,812,446,81.3917385339737,79.64467166282239,29.44624236226082,51.9454962015152,1.534617573954165,17317.133445739746,0.0,26.0,0.0,1.0,0.050000000000000044,1.642527375370264,1.6331903487443924,0.031123410211876035,0.85
md_cbad_dqn,812,447,73.66140873730183,79.60104803159834,28.368495911359787,45.29291328787804,1.4648211570456624,15879.37883758545,0.0,22.0,0.0,1.0,0.050000000000000044,1.6309724524617195,1.6215678937733173,0.03134851960930973,0.85
md_cbad_dqn,812,448,59.49536760151386,78.16963315919043,24.956208378076553,34.53915897011757,1.3776298491284251,14160.26390838623,0.0,18.0,0.0,0.0,0.050000000000000044,1.8913629576563835,1.8816614672541618,0.03233834414277226,0.85
md_cbad_dqn,812,449,83.63950668275356,78.71045913338662,30.409111320972443,53.2303948700428,1.5307749789208174,17452.866046905518,0.0,25.0,0.0,0.0,0.050000000000000044,1.725364888086915,1.7167328875511885,0.028773304540663958,0.85
md_cbad_dqn,812,450,58.36726173013449,77.52768497221173,24.70733030885458,33.659931391477585,1.3759741084650159,14045.825160980225,0.0,17.0,0.0,1.0,0.050000000000000044,1.6138430163264275,1.6042715702205896,0.03190483804792166,0.85
md_cbad_dqn,812,451,68.15887827426195,76.57533070340753,26.70418445020914,41.45469431579113,1.442071421071887,15041.584102630615,0.0,22.0,0.0,2.0,0.050000000000000044,1.3246466871351004,1.3150215428322554,0.032083782250992954,0.85
md_cbad_dqn,812,452,72.31668220460415,75.83400398686528,27.028236523270607,45.28844605386257,1.4270095024257898,14925.096946716309,0.0,22.0,0.0,0.0,0.050000000000000044,1.4612613394856453,1.4518366493284702,0.03141558053903282,0.85
md_cbad_dqn,812,453,62.544717465341094,75.5066197513789,26.282416693866253,36.26230063736439,1.4121304918080568,15018.27155303955,0.0,18.0,0.0,3.0,0.050000000000000044,1.7593609765172005,1.74991924315691,0.03147246176376939,0.85
md_cbad_dqn,812,454,88.68789406120777,76.20788553126157,31.09411546587944,57.59377831220627,1.5371194295585155,17621.064769744873,0.0,27.0,0.0,1.0,0.050000000000000044,1.5070770308375359,1.496489480137825,0.03529178665485233,0.85
md_cbad_dqn,812,455,85.58966160565615,76.36590026378632,28.012156389653683,57.57750524580479,1.4776524025946856,15920.077033996582,0.0,26.0,0.0,2.0,0.050000000000000044,1.6570335514843464,1.6463929787278175,0.03546854655724019,0.85
md_cbad_dqn,812,456,74.75329308956861,76.41801519401372,28.748532883822918,46.004760682582855,1.486354581080377,16212.262943267822,0.0,24.0,0.0,0.0,0.050000000000000044,1.811846811324358,1.8022686466574669,0.031927163479849696,0.85
md_cbad_dqn,812,457,82.44439261555672,76.46091514125467,30.088207706809044,52.356185460090636,1.4942571073770523,16755.387756347656,0.0,24.0,0.0,1.0,0.050000000000000044,1.8398935869336128,1.8294557370245457,0.034792818943969905,0.85
md_cbad_dqn,812,458,85.9354510948062,76.6488688647002,30.353531561791897,55.58191968202591,1.523379902355373,16895.908657073975,0.0,25.0,0.0,3.0,0.050000000000000044,1.6605077031999826,1.6512572057545185,0.030834995908662677,0.85
md_cbad_dqn,812,459,77.16136886924505,76.5484434785694,27.65044340491295,49.510925486683846,1.4470303039997816,15600.40242767334,0.0,25.0,0.0,2.0,0.050000000000000044,1.4965086169540882,1.4868711978197098,0.032124755904078484,0.85
md_cbad_dqn,812,460,82.24299507588148,76.50595887616278,31.13579346984625,51.10720144212246,1.5470719169825315,17903.728397369385,0.0,24.0,0.0,0.0,0.050000000000000044,1.894688617438078,1.8854993060231209,0.030631042434833944,0.85
md_cbad_dqn,812,461,83.19779997467995,76.64065044909717,29.963363155722618,53.234437042474745,1.5690258527174592,17893.186771392822,0.0,24.0,0.0,2.0,0.050000000000000044,1.9810591712594032,1.971927471458912,0.0304389571538195,0.85
md_cbad_dqn,812,462,88.00005206614733,76.5598550014943,30.037162348628044,57.962889501452445,1.513803199864924,16966.10977935791,0.0,26.0,0.0,2.0,0.050000000000000044,1.7341871000826359,1.7243947498500347,0.032641220139339566,0.85
md_cbad_dqn,812,463,70.33068935871124,76.3359102254361,27.05513834953308,43.275550979375836,1.4102204069495201,15220.054824829102,0.0,21.0,0.0,2.0,0.050000000000000044,1.5413261074572802,1.532778138294816,0.028493199148215353,0.85
md_cbad_dqn,812,464,100.05624181926251,77.50253585070374,34.447071850299835,65.60917025208474,1.6260708617046475,19564.35313796997,0.0,29.0,0.0,2.0,0.050000000000000044,1.5956287421286106,1.585952751338482,0.03225327515974641,0.85
md_cbad_dqn,812,465,91.12142488509417,78.45484128728509,31.134034022688866,59.98739048987627,1.5703687369823456,17852.47382736206,0.0,27.0,0.0,1.0,0.050000000000000044,1.6428076289594173,1.6311796866357327,0.03875985404010862,0.85
md_cbad_dqn,812,466,80.83440154194832,78.42697443768382,28.639984250068665,52.19441672563553,1.5243964483961463,16305.637825012207,0.0,23.0,0.0,2.0,0.050000000000000044,1.512487756088376,1.5031709540635347,0.031055962783284485,0.85
md_cbad_dqn,812,467,66.48666551709175,78.06823727667333,26.269844755530357,40.216820761561394,1.4204929964616895,14870.084327697754,0.0,20.0,0.0,0.0,0.050000000000000044,1.6274449974298477,1.6178385578095913,0.032021465012803674,0.85
md_cbad_dqn,812,468,79.96230895221234,79.09158434420826,27.975069619715214,51.98723957836628,1.4417996993288398,15816.484657287598,0.0,24.0,0.0,2.0,0.050000000000000044,1.9396318718791008,1.93024992197752,0.03127319284249097,0.85
md_cbad_dqn,812,469,82.27638799101115,79.02342840962113,29.703310012817383,52.573078179359435,1.4848480885848403,16458.566303253174,0.0,24.0,0.0,1.0,0.050000000000000044,1.7830510698258877,1.7724264338612556,0.03541551320813596,0.85
md_cbad_dqn,812,470,71.88605362921953,79.69936800457539,26.2530579790473,45.63299544155598,1.4514006432145834,15254.337997436523,0.0,24.0,0.0,1.0,0.050000000000000044,1.4101729318499565,1.4008540660142899,0.031062841648235917,0.85
md_cbad_dqn,812,471,73.52965618818999,79.9679069002718,26.679478153586388,46.850178176164626,1.420427368953824,15125.249473571777,0.0,23.0,0.0,1.0,0.050000000000000044,1.5938844829797745,1.585182961076498,0.02900507568847388,0.85
md_cbad_dqn,812,472,80.0371163725853,80.35392860867084,28.600497603416443,51.43661899268627,1.4892726419493556,16440.296466827393,0.0,23.0,0.0,2.0,0.050000000000000044,2.3374269157648087,2.328454926609993,0.029906586278229952,0.85
md_cbad_dqn,812,473,77.75079136490822,81.11423230364922,29.96279639005661,47.787994945049284,1.5317132687196136,17404.114601135254,0.0,24.0,0.0,2.0,0.050000000000000044,1.3533782064914703,1.343493215739727,0.032949987216852605,0.85
md_cbad_dqn,812,474,87.72634030282498,81.06615461573008,31.58169201016426,56.144648337364195,1.5686646783724427,17474.544464111328,0.0,26.0,0.0,2.0,0.050000000000000044,1.456003861501813,1.447713764384389,0.0276336568640545,0.85
md_cbad_dqn,812,475,73.91773612201214,80.48255834154787,26.665667176246643,47.25206873714924,1.4151517655700445,14916.735437393188,0.0,24.0,0.0,1.0,0.050000000000000044,1.387970658019185,1.3795938342809677,0.027922708308324218,0.85
md_cbad_dqn,812,476,92.63426274806261,81.37660682447256,32.437097661197186,60.197165086865425,1.5782109797000885,18640.21503829956,0.0,26.0,0.0,2.0,0.050000000000000044,2.0074990317225456,1.9988617226481438,0.0287910996703431,0.85
md_cbad_dqn,812,477,81.63723456859589,81.33624892212451,29.25387080013752,52.38336378335953,1.5127861946821213,16700.07458114624,0.0,22.0,0.0,1.0,0.050000000000000044,1.8011872954666615,1.7917874120175838,0.03133299702312797,0.85
md_cbad_dqn,812,478,103.16594468057156,82.19777360141278,36.14477274566889,67.0211720764637,1.6712947553023696,20708.291473388672,0.0,29.0,0.0,0.0,0.050000000000000044,1.5968603529036045,1.5877397526055574,0.030401945346966386,0.85
md_cbad_dqn,812,479,79.57865862697363,82.31863808929921,30.456107564270496,49.12255076467991,1.515818115323782,17063.07123184204,0.0,22.0,0.0,2.0,0.050000000000000044,1.5980740375816822,1.5882568024098873,0.03272414731327444,0.85
md_cbad_dqn,812,480,81.96290668100119,82.3046336695552,28.38788939267397,53.57501740753651,1.492080450989306,15869.599571228027,0.0,25.0,0.0,1.0,0.050000000000000044,1.532910656183958,1.5227856282144785,0.033750090980902314,0.85
md_cbad_dqn,812,481,75.20931996405125,81.90520966902376,28.776662923395634,46.43265746533871,1.4447193713858724,15724.305072784424,0.0,24.0,0.0,0.0,0.050000000000000044,1.5442413184791803,1.5348890852183104,0.031174097093753517,0.85
md_cbad_dqn,812,482,72.20757607519627,81.11558586947622,28.308650940656662,43.89892520904541,1.4743292992934585,16338.178615570068,0.0,21.0,0.0,3.0,0.050000000000000044,1.341403754428029,1.3323097042739391,0.03031341452151537,0.85
md_cbad_dqn,812,483,75.9899171590805,81.39854725949468,28.41313749551773,47.576779961586,1.463327237404883,16048.922420501709,0.0,22.0,0.0,1.0,0.050000000000000044,1.3305183816701174,1.321542464196682,0.02991974842734635,0.85
md_cbad_dqn,812,484,90.08294847607613,80.89988259233535,29.95541349053383,60.1275355219841,1.5330894207581878,17353.31742477417,0.0,27.0,0.0,3.0,0.050000000000000044,1.8866459801793098,1.8763224333524704,0.03441185143310577,0.85
md_cbad_dqn,812,485,75.04119208455086,80.09587095230818,28.34539559483528,46.69579626619816,1.4506656154990196,15772.434200286865,0.0,24.0,0.0,1.0,0.050000000000000044,1.626157397404313,1.6157955676317215,0.03453940793406218,0.85
md_cbad_dqn,812,486,73.60107792168856,79.7342047712952,26.20827093720436,47.392806708812714,1.4141474068164825,14869.100650787354,0.0,22.0,0.0,2.0,0.050000000000000044,1.9407603815197945,1.9315775111317635,0.030609513050876558,0.85
md_cbad_dqn,812,487,85.11312944293022,80.66552796758711,31.75528545677662,53.35784395635128,1.5390018783509731,17823.15382003784,0.0,24.0,0.0,5.0,0.050000000000000044,2.2102900967001915,2.198352873325348,0.039790733717381954,0.85
md_cbad_dqn,812,488,73.82384989410639,80.35860501468181,26.32458283752203,47.4992663115263,1.4303137818351388,15259.277809143066,0.0,23.0,0.0,0.0,0.050000000000000044,1.7915838211774826,1.7836270779371262,0.026522435597144067,0.85
md_cbad_dqn,812,489,83.51597184240818,80.42058420725166,29.30834700167179,54.20762485563755,1.4927258444949985,16385.43433189392,0.0,24.0,0.0,3.0,0.050000000000000044,1.494306394830346,1.484276719391346,0.033432226278819144,0.85
md_cbad_dqn,812,490,64.60601595789194,80.05658232368529,27.045300908386707,37.56071490049362,1.4603278925642371,15651.561832427979,0.0,18.0,0.0,1.0,0.050000000000000044,1.9703132417052984,1.9605697449296713,0.032478349399752915,0.85
md_cbad_dqn,812,491,61.95684839338064,79.47794193394482,25.43298678845167,36.52386154532432,1.3886551018804312,14225.593318939209,0.0,18.0,0.0,2.0,0.050000000000000044,2.0159045420587063,2.0060266330838203,0.03292643837630749,0.85
md_cbad_dqn,812,492,63.05563706308603,78.62886796846985,26.04227926582098,37.01335790157318,1.426160667091608,14720.124731063843,0.0,18.0,0.0,2.0,0.050000000000000044,1.902878724038601,1.8931634724140167,0.0323842215584591,0.85
md_cbad_dqn,812,493,76.25058015435934,78.55385740794242,27.46658346056938,48.783997148275375,1.5208896938711405,16218.75326538086,0.0,23.0,0.0,0.0,0.050000000000000044,1.4231240339577198,1.4133790265768766,0.03248334117233753,0.85
md_cbad_dqn,812,494,78.48825853317976,78.09195331946015,29.424700655043125,49.063558012247086,1.5014293054118752,16879.836833953857,0.0,23.0,0.0,0.0,0.050000000000000044,1.928191289305687,1.9189051315188408,0.030953808454796672,0.85
md_cbad_dqn,812,495,75.8411577358842,78.18812440015377,27.53033270686865,48.31082489490509,1.4297593710944057,15558.656219482422,0.0,23.0,0.0,1.0,0.050000000000000044,1.3884213920682669,1.3797623571008444,0.02886342501733452,0.85
md_cbad_dqn,812,496,83.43519202172756,77.72817086383701,30.859924763441086,52.57526748180389,1.5468762153759599,17630.560970306396,0.0,25.0,0.0,3.0,0.050000000000000044,1.9422508552670479,1.9328910410404205,0.03119936492294073,0.85
md_cbad_dqn,812,497,78.61253037303686,77.57693565405906,28.643346592783928,49.96918386220932,1.4496216243132949,16274.736045837402,0.0,25.0,0.0,2.0,0.050000000000000044,1.7284655757248402,1.7187471650540829,0.03239465341903269,0.85
md_cbad_dqn,812,498,96.31060416400433,77.2341686282307,33.78936218470335,62.521242225170134,1.6123044425621629,19082.388298034668,0.0,28.0,0.0,1.0,0.050000000000000044,1.5436388198286295,1.5347651522606611,0.029578892048448324,0.85
md_cbad_dqn,812,499,86.77252647280693,77.59386202052237,29.701373875141144,57.07115262746811,1.512531355023384,17140.4016456604,0.0,25.0,0.0,0.0,0.050000000000000044,1.7251086793839931,1.7162868715822697,0.029406084679067135,0.85
md_cbad_dqn,812,500,83.14056335687637,77.65274485431613,29.967840924859047,53.172722566127774,1.5198046080768108,16805.781860351562,0.0,25.0,0.0,3.0,0.050000000000000044,1.6107590813189745,1.6021291762590408,0.028766302741132677,0.85
md_cbad_dqn,812,501,80.02240646630526,77.89339917942883,30.14411812275648,49.87828838825226,1.545355592854321,17184.149209976196,0.0,24.0,0.0,1.0,0.050000000000000044,1.8986421823501587,1.8897374905645847,0.02968224964570254,0.85
md_cbad_dqn,812,502,77.89778133630753,78.17790944248438,29.522063709795475,48.37571739554405,1.483343462459743,16345.70087814331,0.0,23.0,0.0,1.0,0.050000000000000044,1.8811011668294668,1.8720608912408352,0.0301342565799132,0.85
md_cbad_dqn,812,503,87.41193827390671,78.7490104982257,29.65051458775997,57.7614240437746,1.5051016146317124,16726.636882781982,0.0,26.0,0.0,3.0,0.050000000000000044,1.7110300343483686,1.7017542757093906,0.030919148703105748,0.85
md_cbad_dqn,812,504,69.69471603035927,77.72959887593986,26.518835179507732,43.17588096261024,1.438558786176145,15522.791889190674,0.0,22.0,0.0,1.0,0.050000000000000044,1.7662456035614014,1.7564044371247292,0.03280381020158529,0.85
md_cbad_dqn,812,505,80.33497114032507,77.99428782872857,28.868000365793705,51.46697071492672,1.51146839838475,16363.803936004639,0.0,23.0,0.0,2.0,0.050000000000000044,1.905899852514267,1.8979587629437447,0.026470239623449743,0.85
md_cbad_dqn,812,506,75.03832271099091,78.06615006819369,28.48168781399727,46.556635254621504,1.4780662320554256,16055.198474884033,0.0,23.0,0.0,1.0,0.050000000000000044,1.5991670619696379,1.589508505538106,0.03219521010760218,0.85
md_cbad_dqn,812,507,83.53649526536465,77.98731835931542,30.539263732731342,52.99723118245602,1.5246173273772001,17435.101711273193,0.0,25.0,0.0,3.0,0.050000000000000044,1.5715575963258743,1.5615068264305592,0.03350256499834359,0.85
md_cbad_dqn,812,508,74.03604810237884,77.99792826972902,27.56516082584858,46.470887559652326,1.454440432600677,15391.819786071777,0.0,24.0,0.0,2.0,0.050000000000000044,1.9900067709386349,1.980822566896677,0.030614038812927902,0.85
md_cbad_dqn,812,509,57.376575618982315,76.69095845855773,23.07124722748995,34.30532795190811,1.3484700582921505,13386.727096557617,0.0,19.0,0.0,1.0,0.050000000000000044,2.0953761637210846,2.0861201845109463,0.03085340210236609,0.85
md_cbad_dqn,812,510,78.72526480555534,77.3969209009409,28.867174729704857,49.85809012055397,1.4851064160466194,16564.3715133667,0.0,25.0,0.0,2.0,0.050000000000000044,1.9107750840485096,1.9025414921343327,0.027445322484709322,0.85
md_cbad_dqn,812,511,84.42400951087475,78.5202789568156,30.712408512830734,53.71160068511963,1.5357120092958212,17996.864475250244,0.0,25.0,0.0,2.0,0.050000000000000044,1.9809238202869892,1.971399363130331,0.03174819122068584,0.85
md_cbad_dqn,812,512,71.54746561050415,78.9448703841865,25.69724629819393,45.850219416618344,1.4032881828024983,14346.192138671875,0.0,22.0,0.0,2.0,0.050000000000000044,1.533876672387123,1.523951867595315,0.03308262908831239,0.85
md_cbad_dqn,812,513,90.83051510155201,79.67386713154615,31.310686983168125,59.51982852816582,1.563196494244039,18036.3415184021,0.0,27.0,0.0,2.0,0.050000000000000044,1.943905457854271,1.9334902837872505,0.03471714735496789,0.85
md_cbad_dqn,812,514,75.46913678944111,79.5229110443592,27.55210331082344,47.917033806443214,1.4122278457507491,15363.071201324463,0.0,24.0,0.0,0.0,0.050000000000000044,1.6237572208046913,1.6138554811477661,0.03300578740891069,0.85
md_cbad_dqn,812,515,86.18810374438763,80.04025834478438,31.047892063856125,55.14021176993847,1.5637146746739745,18163.416496276855,0.0,25.0,0.0,1.0,0.050000000000000044,1.7914231549948454,1.780474929139018,0.03649409266654402,0.85
md_cbad_dqn,812,516,78.5145637780428,79.79422693260014,30.490952998399734,48.02361131608486,1.512932488694787,17430.183786392212,0.0,21.0,0.0,2.0,0.050000000000000044,1.9383536949753761,1.9296701923012733,0.02894504927098751,0.85
md_cbad_dqn,812,517,84.00409649610519,80.06380523875356,31.395902529358864,52.608193951845166,1.544320105575025,17696.18461227417,0.0,24.0,0.0,2.0,0.050000000000000044,1.764548271894455,1.7567029520869255,0.026151101803407073,0.85
md_cbad_dqn,812,518,71.23037900775671,78.80979398094118,26.60494154691696,44.62543739378452,1.4292397862300277,15183.296802520752,0.0,23.0,0.0,1.0,0.050000000000000044,2.111616326496005,2.1025159657001495,0.030334512935951352,0.85
md_cbad_dqn,812,519,75.66946612447501,78.25464096352458,27.867753475904465,47.801712253689765,1.44986417517066,15575.925350189209,0.0,23.0,0.0,1.0,0.050000000000000044,2.0667805895209312,2.0574773848056793,0.031010723439976573,0.85
md_cbad_dqn,812,520,76.88415531218052,77.9418205612898,29.331746086478233,47.55240901708603,1.481259997934103,17063.691566467285,0.0,23.0,0.0,1.0,0.050000000000000044,1.5793972108513117,1.5701146200299263,0.030941984383389354,0.85
md_cbad_dqn,812,521,79.85335417091846,77.93336794652046,29.38635717332363,50.466997146606445,1.4864263227209449,16658.351043701172,0.0,25.0,0.0,1.0,0.050000000000000044,1.6356303934007883,1.6266211345791817,0.030030816444195807,0.85
md_cbad_dqn,812,522,82.01063700169325,78.13901072978976,28.01102637499571,53.99961041808128,1.468896670266986,16038.530418395996,0.0,24.0,0.0,1.0,0.050000000000000044,1.6359219811856747,1.626506369560957,0.03138536983169615,0.85
md_cbad_dqn,812,523,66.52503108978271,77.09466537058354,26.929684959352016,39.59534603357315,1.4201906202360988,15435.373226165771,0.0,19.0,0.0,0.0,0.050000000000000044,2.165482934564352,2.1554733477532864,0.03336528944782913,0.85
md_cbad_dqn,812,524,85.02909349650145,77.86138424389064,30.36863223463297,54.66046139597893,1.551277562044561,17352.265369415283,0.0,26.0,0.0,0.0,0.050000000000000044,2.059595422819257,2.050154263153672,0.031470495043322444,0.85
md_cbad_dqn,812,525,83.0597046688199,77.99762092031538,28.218739978969097,54.8409643471241,1.5226276805624366,17081.587047576904,0.0,25.0,0.0,1.0,0.050000000000000044,1.4841359592974186,1.474415933713317,0.03240003657992929,0.85
md_cbad_dqn,812,526,69.38041387498379,77.71472547851504,26.230481915175915,43.149932116270065,1.4202412739396095,14838.77421760559,0.0,23.0,0.0,0.0,0.050000000000000044,2.089394086971879,2.0809425730258226,0.028171701356768608,0.85
md_cbad_dqn,812,527,70.3548781067133,77.05564462058246,26.318863041698933,44.0360150128603,1.418883079662919,15349.244148254395,0.0,20.0,0.0,1.0,0.050000000000000044,1.8626584447920322,1.8532430976629257,0.03138442593626678,0.85
md_cbad_dqn,812,528,85.72508507966995,77.64009646944703,30.60638388991356,55.11870101094246,1.5570746408775449,17576.575283050537,0.0,26.0,0.0,0.0,0.050000000000000044,1.5741383712738752,1.564014472067356,0.033746360801160336,0.85
md_cbad_dqn,812,529,86.12675105035305,79.07760524101556,30.213823400437832,55.912927746772766,1.5113737769424915,17052.96566772461,0.0,26.0,0.0,2.0,0.050000000000000044,2.2220644056797028,2.2118344828486443,0.03409978444688022,0.85
md_cbad_dqn,812,530,83.72935777157545,79.32780988931657,30.3668470159173,53.36251051723957,1.527681310661137,17503.23637008667,0.0,25.0,0.0,2.0,0.050000000000000044,2.0846610255539417,2.0758588016033173,0.02934072248172015,0.85
md_cbad_dqn,812,531,67.62947761416436,78.48808329448104,27.726632826030254,39.902844512462615,1.4661144278943539,15732.520790100098,0.0,20.0,0.0,1.0,0.050000000000000044,1.9251185599714518,1.9163107387721539,0.02935943892225623,0.85
md_cbad_dqn,812,532,73.61320223659277,78.59137012578547,27.001251347362995,46.61195057630539,1.433130948804319,14795.72671508789,0.0,23.0,0.0,0.0,0.050000000000000044,1.8729347046464682,1.863123370334506,0.032704468350857496,0.85
md_cbad_dqn,812,533,92.74078559279442,78.6868836503476,31.93300497531891,60.80778063237667,1.5539338747039437,17866.102184295654,0.0,27.0,0.0,3.0,0.050000000000000044,1.838461346924305,1.8284155577421188,0.03348591492976993,0.85
md_cbad_dqn,812,534,84.72692537307739,79.14977307952941,31.184046238660812,53.54287947714329,1.5677294358611107,17789.512466430664,0.0,25.0,0.0,2.0,0.050000000000000044,2.291786514222622,2.281682677567005,0.033679559477604926,0.85
md_cbad_dqn,812,535,64.64184952825308,78.07246036872269,24.293529115617275,40.3483203753829,1.3610820649191737,13561.12686920166,0.0,21.0,0.0,2.0,0.050000000000000044,1.8878663629293442,1.878748595714569,0.030392591492272913,0.85
md_cbad_dqn,812,536,76.54522553235293,77.9739934564382,29.018902763724327,47.526323372125624,1.5166389308869839,16980.66965484619,0.0,22.0,0.0,2.0,0.050000000000000044,2.0195939857512712,2.010105926543474,0.03162688424345106,0.85
md_cbad_dqn,812,537,80.25149340927601,77.78636330209673,28.095662720501423,52.15583094954491,1.4640249302610755,15751.677982330322,0.0,23.0,0.0,0.0,0.050000000000000044,1.5744039118289948,1.5660326592624187,0.027904168935492635,0.85
md_cbad_dqn,812,538,71.71296636760235,77.81049267008902,24.605160295963287,47.10780614614487,1.3901306949555874,14578.67892074585,0.0,23.0,0.0,0.0,0.050000000000000044,1.769531212747097,1.7608540132641792,0.028924051905050874,0.85
md_cbad_dqn,812,539,74.63845314234496,77.75894202098252,25.591440930962563,49.047012174129485,1.4172404054552317,14415.85400390625,0.0,24.0,0.0,2.0,0.050000000000000044,2.1288598962128162,2.1205882653594017,0.027572112740017474,0.85
md_cbad_dqn,812,540,72.84549148529769,77.55700882963836,27.25927821546793,45.58621326982975,1.4327906966209412,15275.531383514404,0.0,21.0,0.0,2.0,0.050000000000000044,1.6017831917852163,1.5927684474736452,0.030049124965444207,0.85
md_cbad_dqn,812,541,73.91709474474192,77.26019585832954,27.997625164687634,45.919469594955444,1.4525736141949892,16085.100994110107,0.0,21.0,0.0,0.0,0.050000000000000044,1.6488635279238224,1.640532273799181,0.027770836604759097,0.85
md_cbad_dqn,812,542,76.85028786361218,77.0021784014255,28.461426302790642,48.388861486315726,1.4703650195151567,16202.243949890137,0.0,24.0,0.0,1.0,0.050000000000000044,1.770680470392108,1.7611940614879131,0.031621349859051406,0.85
md_cbad_dqn,812,543,99.36738444119692,78.6442960689962,34.747713796794415,64.61967089772224,1.6582292886450887,19878.316150665283,0.0,29.0,0.0,1.0,0.050000000000000044,1.9284410309046507,1.9197436273097992,0.028991307830438018,0.85
md_cbad_dqn,812,544,62.85271990001202,77.53547738917173,25.357774265110493,37.49494538903237,1.3624777104705572,14226.082202911377,0.0,18.0,0.0,3.0,0.050000000000000044,1.6517721973359585,1.643922122195363,0.026166927302256227,0.85
md_cbad_dqn,812,545,61.19317281544208,76.44215079650283,26.083216033875942,35.10995643138885,1.440986088477075,15047.525085449219,0.0,18.0,0.0,2.0,0.050000000000000044,2.1707552187144756,2.161812534555793,0.02980891289189458,0.85
md_cbad_dqn,812,546,74.38094580173492,76.69217739284038,26.669837959110737,47.71110799908638,1.422842619009316,15037.422805786133,0.0,22.0,0.0,0.0,0.050000000000000044,1.4104294385761023,1.4012229926884174,0.030688158818520606,0.85
md_cbad_dqn,812,547,77.33880867362022,77.04137392118574,29.061330497264862,48.27747834026813,1.4854782009497285,16133.44058227539,0.0,22.0,0.0,2.0,0.050000000000000044,1.8280535340309143,1.8171515688300133,0.036339792306534946,0.85
md_cbad_dqn,812,548,78.76857937276364,76.69354863584041,30.099932312965393,48.66864705979824,1.4687662674114108,16522.781620025635,0.0,26.0,0.0,1.0,0.050000000000000044,2.200199268758297,2.1871873810887337,0.043373011983931065,0.85
md_cbad_dqn,812,549,85.64128944426776,76.66927555553617,29.684657499194145,55.95663202702999,1.5218796385452151,16920.618461608887,0.0,27.0,0.0,4.0,0.050000000000000044,2.0702625568956137,2.061573661863804,0.028962922864593565,0.85
md_cbad_dqn,812,550,76.20179693549872,76.29289751373233,28.782726608216763,47.419070252776145,1.468830001540482,16214.650173187256,0.0,23.0,0.0,1.0,0.050000000000000044,1.5159315094351768,1.5078669507056475,0.026881852885708213,0.85
md_cbad_dqn,812,551,88.0027149617672,77.31155938111246,29.471635788679123,58.53107899427414,1.51288728043437,16508.185554504395,0.0,27.0,0.0,0.0,0.050000000000000044,1.5033710282295942,1.494552843272686,0.029394014622084796,0.85
md_cbad_dqn,812,552,76.09647194296122,77.4357228664309,27.546865917742252,48.54960560798645,1.4689368465915322,15647.573028564453,0.0,23.0,0.0,1.0,0.050000000000000044,1.8120327405631542,1.8042148258537054,0.026059719384647906,0.85
md_cbad_dqn,812,553,62.245867596566676,75.91097696661951,24.44676809757948,37.79909963309765,1.3759909449145198,13756.810939788818,0.0,22.0,0.0,2.0,0.050000000000000044,1.4275113195180893,1.4184799510985613,0.030104522011242807,0.85
md_cbad_dqn,812,554,83.97564049959183,75.87341272294523,29.88600505143404,54.08963521718979,1.5039389468729496,16765.85855102539,0.0,25.0,0.0,1.0,0.050000000000000044,1.848812110722065,1.8388021141290665,0.03336661995854229,0.85
md_cbad_dqn,812,555,63.04188969880342,75.79341473147274,25.58824885636568,37.453640738129614,1.4067699639126658,14410.505256652832,0.0,19.0,0.0,1.0,0.050000000000000044,1.835730092599988,1.8264770489186049,0.030843453481793404,0.85
md_cbad_dqn,812,556,79.61768524497748,75.94703771710398,29.999757573008537,49.617927783727644,1.512393713928759,16927.93438720703,0.0,23.0,0.0,2.0,0.050000000000000044,1.8693485520780087,1.8608837872743607,0.028215832891874015,0.85
md_cbad_dqn,812,557,86.74328898787499,76.27162749603393,32.47319021821022,54.270099171996115,1.5795284984633327,18690.61013031006,0.0,25.0,0.0,1.0,0.050000000000000044,1.3689966909587383,1.3600901737809181,0.02968841337133199,0.85
md_cbad_dqn,812,558,70.41833364367486,76.20689585983754,27.005265280604362,43.41306849718094,1.4453150890767574,15231.46322441101,0.0,22.0,0.0,2.0,0.050000000000000044,1.860118618234992,1.850257519632578,0.03287029836792499,0.85
md_cbad_dqn,812,559,66.00125843584537,75.77503612451257,24.74080527573824,41.260453554987905,1.3691411474719644,13749.23274230957,0.0,21.0,0.0,2.0,0.050000000000000044,1.7094009406864643,1.7008631508797407,0.028459282824769616,0.85
md_cbad_dqn,812,560,68.4420737862587,75.55486523956061,26.82040424644947,41.6216694355011,1.4431060599163175,15159.676696777344,0.0,22.0,0.0,1.0,0.050000000000000044,2.010101092979312,2.000746116042137,0.031183255137875676,0.85
md_cbad_dqn,812,561,70.98879926651716,75.40845046564938,27.10178366303444,43.88701570034027,1.465342665091157,15394.735607147217,0.0,22.0,0.0,0.0,0.050000000000000044,1.6655656564980745,1.65753367356956,0.0267732945503667,0.85
md_cbad_dqn,812,562,67.20383835881948,74.92612799040974,26.813579060137272,40.39025953710079,1.4307024637237191,15090.666328430176,0.0,19.0,0.0,2.0,0.050000000000000044,2.060057397931814,2.0515951830893755,0.02820737357251346,0.85
md_cbad_dqn,812,563,82.48305791020394,74.0819116638601,29.768619760870934,52.71443816423416,1.5181705569848418,17227.943229675293,0.0,24.0,0.0,1.0,0.050000000000000044,1.5950977392494678,1.5865645334124565,0.028444028459489346,0.85
md_cbad_dqn,812,564,83.55725432932377,75.11713838532567,31.367093592882156,52.19016075134277,1.5536437900736928,18045.553400039673,0.0,24.0,0.0,1.0,0.050000000000000044,1.5135762728750706,1.5047849528491497,0.029304383671842515,0.85
md_cbad_dqn,812,565,78.8537037819624,76.00016493365169,28.537279963493347,50.31642436981201,1.45129946898669,15856.160766601562,0.0,22.0,0.0,0.0,0.050000000000000044,1.7853230014443398,1.7756742015480995,0.03216268983669579,0.85
md_cbad_dqn,812,566,81.10129830390215,76.33618255876006,29.3148323148489,51.786465594172476,1.4968534959480166,16707.07049560547,0.0,26.0,0.0,1.0,0.050000000000000044,2.4323794543743134,2.423398345708847,0.02993699023500085,0.85
md_cbad_dqn,812,567,78.37814191132784,76.38814922064543,30.469705693423748,47.90843632221222,1.5679958229884505,17688.989755630493,0.0,23.0,0.0,1.0,0.050000000000000044,2.2611007541418076,2.2511213310062885,0.03326483897399157,0.85
md_cbad_dqn,812,568,76.11787445098162,76.25561397455634,28.01716562360525,48.100708931684494,1.4569665184244514,16348.139804840088,0.0,23.0,0.0,0.0,0.050000000000000044,1.3737494107335806,1.3652247954159975,0.02841540251392871,0.85
md_cbad_dqn,812,569,85.50922937393189,76.24901097103955,32.00911648571491,53.50011267960072,1.5821666484698653,18609.11050415039,0.0,26.0,0.0,3.0,0.050000000000000044,1.824185961857438,1.8136030808091164,0.035276250331662595,0.85
md_cbad_dqn,812,570,96.45585921704769,77.261714085117,32.57551122456789,63.88034774661064,1.5772317862138152,18308.75680923462,0.0,28.0,0.0,2.0,0.050000000000000044,1.9090931750833988,1.9006751589477062,0.02806004765443504,0.85
md_cbad_dqn,812,571,67.06311186254024,76.21473393015563,26.309116803109646,40.75399521589279,1.3933228524401784,14595.76549911499,0.0,21.0,0.0,4.0,0.050000000000000044,1.2929935026913881,1.283124577254057,0.03289638482965529,0.85
md_cbad_dqn,812,572,83.47867022603751,76.58384384430946,31.02159109711647,52.45707871168852,1.514907218515873,17229.188831329346,0.0,23.0,0.0,1.0,0.050000000000000044,1.7096695825457573,1.700854405760765,0.029383850400336087,0.85
md_cbad_dqn,812,573,90.34006114304066,77.98855352163315,30.540171936154366,59.79988922178745,1.5632736925035715,17772.858108520508,0.0,28.0,0.0,0.0,0.050000000000000044,1.8029515594244003,1.7942103669047356,0.029137288685888052,0.85
md_cbad_dqn,812,574,71.36139929294586,77.35784146130086,25.42848615348339,45.93291333317757,1.3927587252110243,14375.275928497314,0.0,23.0,0.0,3.0,0.050000000000000044,1.8738640565425158,1.8626672588288784,0.037322630058042705,0.85
md_cbad_dqn,812,575,76.73698327839375,78.04259614028038,29.369722798466682,47.367260912060736,1.5048622656613588,16785.53461074829,0.0,25.0,0.0,2.0,0.050000000000000044,1.6036486215889454,1.594742989167571,0.029685471206903458,0.85
md_cbad_dqn,812,576,94.6593364059925,78.79467869833113,32.61400809139013,62.04532824754715,1.5810135640203953,18615.237564086914,0.0,28.0,0.0,2.0,0.050000000000000044,1.9754961654543877,1.9651680663228035,0.03442706656642258,0.85
md_cbad_dqn,812,577,100.83587495982647,79.49930799692869,33.29331564903259,67.54255938529968,1.62944988720119,19076.369621276855,0.0,29.0,0.0,2.0,0.050000000000000044,1.6897289995104074,1.679159514605999,0.035231648245826364,0.85
md_cbad_dqn,812,578,65.45484083145857,79.25113335631787,26.101744510233402,39.35309645533562,1.4248823625966907,14890.65902709961,0.0,20.0,0.0,0.0,0.050000000000000044,1.803372761234641,1.7923401277512312,0.036775435553863645,0.85
md_cbad_dqn,812,579,65.24851301312447,79.21349608518184,25.921308502554893,39.327204033732414,1.4090229142457247,15027.308361053467,0.0,20.0,0.0,1.0,0.050000000000000044,1.9025602843612432,1.8914497066289186,0.03703527641482651,0.85
md_cbad_dqn,812,580,87.04490884691477,80.14363783821463,30.281990617513657,56.76291813254356,1.530758791603148,17124.761573791504,0.0,28.0,0.0,2.0,0.050000000000000044,2.056902213022113,2.047816088423133,0.03028702619485557,0.85
md_cbad_dqn,812,581,86.06907720863819,80.8976517353207,28.38311292231083,57.68596492707729,1.4868779703974724,16060.651676177979,0.0,27.0,0.0,1.0,0.050000000000000044,1.604936819523573,1.5969453640282154,0.02663824358023703,0.85
md_cbad_dqn,812,582,79.95218021571637,81.53506882816554,28.801244020462036,51.15093647837639,1.4789293771609664,16364.403205871582,0.0,24.0,0.0,2.0,0.050000000000000044,1.757602047175169,1.7480846866965294,0.031724608270451427,0.85
md_cbad_dqn,812,583,74.7863935559988,81.15023561045527,26.831042237579823,47.95535134077072,1.4485066384077072,15271.127471923828,0.0,23.0,0.0,2.0,0.050000000000000044,1.730126092210412,1.7210912369191647,0.03011613921262324,0.85
md_cbad_dqn,812,584,66.30526949465275,80.28763636872172,26.497941501438618,39.80732777714729,1.39395831245929,14804.058069229126,0.0,20.0,0.0,0.0,0.050000000000000044,2.1062052473425865,2.097369361668825,0.029452941264025867,0.85
md_cbad_dqn,812,585,86.15664228945971,80.6527832940966,28.458833418786526,57.697809213399886,1.4843050139024854,16186.213474273682,0.0,27.0,0.0,2.0,0.050000000000000044,1.517474127933383,1.5091271456331015,0.02782329509500414,0.85
md_cbad_dqn,812,586,98.06632064282894,81.50103441104292,33.37405849248171,64.69226258993149,1.6203514253720641,19241.561473846436,0.0,28.0,0.0,1.0,0.050000000000000044,2.0236904434859753,2.0143443904817104,0.03115352662280202,0.85
md_cbad_dqn,812,587,78.6976949647069,81.51701206371187,27.17358247190714,51.52411210536957,1.4770579747855663,15791.988204956055,0.0,24.0,0.0,1.0,0.050000000000000044,1.9349693655967712,1.9259980786591768,0.02990416157990694,0.85
md_cbad_dqn,812,588,88.94673697650433,82.15845518998802,27.75940152257681,61.187334924936295,1.4729373306035995,15870.451709747314,0.0,29.0,0.0,0.0,0.050000000000000044,2.1991954185068607,2.1913619376719,0.026111605227924883,0.85
md_cbad_dqn,812,589,56.64927245825529,80.7154573442042,24.726852640509605,31.922419616580008,1.3579686656594276,13757.402555465698,0.0,18.0,0.0,2.0,0.050000000000000044,1.791089415550232,1.7821649350225925,0.02974834223277867,0.85
md_cbad_dqn,812,590,76.49247245490551,79.71728800609708,28.47373501956463,48.01873727142811,1.4794018026441336,16401.502584457397,0.0,23.0,0.0,0.0,0.050000000000000044,1.9473319370299578,1.9376635923981667,0.03222782374359667,0.85
md_cbad_dqn,812,591,86.57877663522959,80.69307124473156,30.970552280545235,55.60822442173958,1.5540571277961135,17893.843534469604,0.0,26.0,0.0,2.0,0.050000000000000044,1.821127688512206,1.8127539809793234,0.02791230834554881,0.85
md_cbad_dqn,812,592,75.15349535793067,80.2768125013262,26.89007019251585,48.26342470347881,1.4547157753258944,15771.222911834717,0.0,23.0,0.0,3.0,0.050000000000000044,2.159742046147585,2.151714514940977,0.026758472085930407,0.85
md_cbad_dqn,812,593,87.081837721169,80.11390133023262,29.719997942447662,57.3618398308754,1.5201436541974545,16819.657123565674,0.0,27.0,0.0,1.0,0.050000000000000044,1.812819803133607,1.8034314289689064,0.031294552027247846,0.85
md_cbad_dqn,812,594,64.6147975474596,79.77657124295831,25.764560043811798,38.85023790597916,1.3979274863377213,14395.36139678955,0.0,19.0,0.0,1.0,0.050000000000000044,1.8432133942842484,1.8326361421495676,0.03525751281995326,0.85
md_cbad_dqn,812,595,76.96742832064629,79.78809349507095,27.822534158825874,49.144894608855246,1.42945755738765,15323.88292312622,0.0,23.0,0.0,1.0,0.050000000000000044,1.7226111106574535,1.7131909262388945,0.031400610227137804,0.85
md_cbad_dqn,812,596,84.56467742621899,79.28336054608226,28.784573920071125,55.78010288774967,1.503078413195908,16485.27197265625,0.0,26.0,0.0,2.0,0.050000000000000044,1.8469311781227589,1.8374452330172062,0.03161993471439928,0.85
md_cbad_dqn,812,597,77.89686425030231,78.13641001060606,28.29006713628769,49.60679729282856,1.4972986159846187,16626.48634338379,0.0,25.0,0.0,1.0,0.050000000000000044,1.4064162466675043,1.3977967128157616,0.028731780592352152,0.85
md_cbad_dqn,812,598,94.8943578004837,79.60838585905732,30.93327632546425,63.961081117391586,1.5853513441979885,17938.049787521362,0.0,30.0,0.0,0.0,0.050000000000000044,1.4676514323800802,1.4588655959814787,0.0292861545458436,0.85
md_cbad_dqn,812,599,94.10104140639305,81.05101227872075,33.05481779575348,61.04622349143028,1.5855349591001868,18706.58334350586,0.0,28.0,0.0,1.0,0.050000000000000044,1.59416214376688,1.5855471640825272,0.028716621454805136,0.85
