variant,model_seed,episode,cost,rolling_cost,immediate_cost,penalty,energy_use,latency_ms,thermal_violation,energy_violation,queue_violation,contact_violation,epsilon,loss,td_loss,auxiliary_loss,preview_transition_scale
md_cbad_dqn,816,0,107.90568296015263,107.90568296015263,38.159915909171104,69.74576717019082,1.7034717109054327,22651.65615081787,0.0,31.0,0.0,1.0,0.9954761904761905,,,,0.85
md_cbad_dqn,816,1,126.14232472212775,117.0240038411402,44.383019007742405,81.75930571438533,1.7649812884628773,25483.607444763184,0.0,34.0,2.0,1.0,0.9909523809523809,1.3094440698623657,1.305266261100769,0.013925965875387192,0.85
md_cbad_dqn,816,2,121.83845387338916,118.62882051855651,40.915197007358074,80.92325705974618,1.815450169146061,24430.4175491333,0.0,32.0,7.0,1.0,0.9864285714285714,1.1567243002355099,1.152614988386631,0.013697686314117163,0.85
md_cbad_dqn,816,3,124.34898738419338,120.05886223496573,42.83472643047571,81.51426112508102,1.8628989020362496,25700.98861694336,0.0,34.0,2.0,1.0,0.981904761904762,1.1173617504537106,1.1138226464390755,0.01179702574154362,0.85
md_cbad_dqn,816,4,100.89800855517387,116.22669149900734,37.616696402430534,63.28131215274334,1.763281392864883,22890.14497566223,0.0,26.0,0.0,0.0,0.9773809523809524,0.9872582219541073,0.984104823321104,0.010511333821341395,0.85
md_cbad_dqn,816,5,107.2160205245018,114.72491300325642,39.849977910518646,67.36604262888432,1.7863801876083016,23626.409435272217,0.0,31.0,0.0,0.0,0.9728571428571429,0.8053287379443645,0.801827110350132,0.011672081833239645,0.85
md_cbad_dqn,816,6,168.212057699998,122.3659336742195,42.93295815587044,125.27909960373228,1.8375248815864325,25445.27409172058,0.0,37.0,31.0,0.0,0.9683333333333334,0.728179071098566,0.7247288711369038,0.011500652763061225,0.85
md_cbad_dqn,816,7,309.30356872080813,145.7331380550431,41.52468290925026,267.7788858115579,1.9959246581420302,26767.767963409424,0.0,41.0,57.0,1.0,0.9638095238095238,0.9295408688485622,0.9255528301000595,0.013293470721691847,0.85
md_cbad_dqn,816,8,118.41117706894875,142.69736461214373,40.86380858719349,77.54736782610416,1.7913096100091934,24154.84270477295,0.0,32.0,0.0,2.0,0.9592857142857143,1.1329367607831955,1.1277936473488808,0.017143727280199528,0.85
md_cbad_dqn,816,9,112.76508817076683,139.70413696800603,38.08078622817993,74.68430230021477,1.6956556104123592,22159.850301742554,0.0,31.0,0.0,0.0,0.9547619047619048,0.882462527602911,0.8779598772525787,0.015008821617811918,0.85
md_cbad_dqn,816,10,118.30943013131619,137.75916361921605,38.95576845109463,79.3536621272564,1.760083475150168,22420.668479919434,0.0,33.0,0.0,1.0,0.9502380952380952,0.7295011542737484,0.7257580794394016,0.01247689506271854,0.85
md_cbad_dqn,816,11,101.01580558717251,134.69721711654577,33.50816752016544,67.50763811171055,1.611597653478384,19706.33625793457,0.0,29.0,0.0,1.0,0.9457142857142857,0.5755469780415297,0.5708631072193384,0.015612906834576279,0.85
md_cbad_dqn,816,12,106.15839648620504,132.50192322190418,38.347787231206894,67.81060861424821,1.7543831206858158,23108.336280822754,0.0,30.0,6.0,1.0,0.9411904761904761,0.44139231368899345,0.4370107688009739,0.014605152420699596,0.85
md_cbad_dqn,816,13,108.19173676520586,130.76548133214,37.28816995769739,70.90356731414795,1.7096986221149564,22151.43532562256,0.0,31.0,0.0,0.0,0.9366666666666666,0.33559527061879635,0.33128094859421253,0.014381066837813705,0.85
md_cbad_dqn,816,14,120.14521869270969,130.05746382284465,38.797925874590874,81.34729269890953,1.77713886462152,23725.151977539062,0.0,32.0,12.0,1.0,0.9321428571428572,0.29489199351519346,0.2913049543276429,0.011956800881307572,0.85
md_cbad_dqn,816,15,131.71186575680971,130.16086394371746,42.398121647536755,89.313744019866,1.8279542326927185,25121.929836273193,0.0,39.0,2.0,0.0,0.9276190476190476,0.5911049218848348,0.5874586906284094,0.01215411548037082,0.85
md_cbad_dqn,816,16,112.31901317834854,129.11134331046046,35.97610279917717,76.34291076660156,1.653920310549438,20886.938026428223,0.0,34.0,0.0,0.0,0.9230952380952381,0.6729029174894094,0.6668911688029766,0.020039146183989942,0.85
md_cbad_dqn,816,17,154.4995240983179,130.52179779867478,46.45694810152054,108.04257607130313,1.8904873775318265,27037.699584960938,0.0,34.0,21.0,0.0,0.9185714285714286,0.45074354857206345,0.4451668504625559,0.018589001905638725,0.85
md_cbad_dqn,816,18,121.5385989816191,130.048997860935,39.24433906376362,82.29425890457652,1.7530255997553468,22988.82586669922,0.0,36.0,3.0,1.0,0.914047619047619,0.3258377816528082,0.32169111259281635,0.013822230277583003,0.85
md_cbad_dqn,816,19,129.21261672981922,130.0071788043792,43.98375375568867,85.22886303373521,1.8638508217409253,25928.068424224854,0.0,33.0,8.0,0.0,0.9095238095238095,0.3001859784126282,0.29589732084423304,0.014295520435553044,0.85
md_cbad_dqn,816,20,176.67105930322404,133.44544762153276,37.48422145843506,139.18683803850405,1.8443270232528448,23482.262649536133,0.0,37.0,31.0,0.0,0.905,0.30135034304112196,0.29696880001574755,0.01460514753125608,0.85
md_cbad_dqn,816,21,134.14632632234463,133.8456477015436,39.89659149944782,94.24973498680956,1.8366826232522726,24573.878772735596,0.0,33.0,21.0,0.0,0.9004761904761904,0.26585497986525297,0.2623266205191612,0.011761203699279577,0.85
md_cbad_dqn,816,22,103.9597200602293,132.95171101088562,39.87562058120966,64.08410039544106,1.716677377000451,23113.2594871521,0.0,29.0,0.0,0.0,0.895952380952381,0.24608676694333553,0.24266088102012873,0.011419619084335864,0.85
md_cbad_dqn,816,23,130.54250251368185,133.26138676736005,40.308173790574074,90.23432872310781,1.7766803707927465,23973.6273727417,0.0,34.0,16.0,1.0,0.8914285714285715,0.6139327343553305,0.6094067860394716,0.015086491242982447,0.85
md_cbad_dqn,816,24,105.76111109554768,133.50454189437875,36.703613102436066,69.05749751627445,1.6910339910537004,21385.748594284058,0.0,30.0,0.0,0.0,0.8869047619047619,0.596529096364975,0.5900630317628384,0.0215535385068506,0.85
md_cbad_dqn,816,25,130.22416366965723,134.65494905163652,44.04770343005657,86.17646049292041,1.8124755444005132,25679.89919281006,0.0,34.0,13.0,2.0,0.8823809523809524,0.39568291790783405,0.3899336662143469,0.019164172001183033,0.85
md_cbad_dqn,816,26,144.41313560145005,133.46500294670912,43.945059418678284,100.4680753632079,1.8556020138785243,25811.989822387695,0.0,35.0,14.0,0.0,0.8778571428571429,0.35581922624260187,0.350734094157815,0.0169504372170195,0.85
md_cbad_dqn,816,27,140.3901002786275,125.01932952460007,41.41030687093735,98.97979346729477,1.8800755692645907,24881.524589538574,0.0,35.0,20.0,1.0,0.8733333333333333,0.33585584722459316,0.33068336453288794,0.017241600260604173,0.85
md_cbad_dqn,816,28,123.24817826812362,125.26117958455879,39.10058259218931,84.14759594415523,1.8481795517727733,24419.746257781982,0.0,29.0,9.0,1.0,0.8688095238095238,0.3072548061609268,0.30213710479438305,0.017059003934264183,0.85
md_cbad_dqn,816,29,104.05067610144616,124.8254589810928,35.29022817313671,68.76044822633267,1.635742312297225,20650.681640625,0.0,30.0,0.0,2.0,0.8642857142857143,0.3458976335823536,0.3412490524351597,0.015495279454626143,0.85
md_cbad_dqn,816,30,104.19816684126855,124.1198958165904,35.99888839572668,68.1992781996727,1.6031356379389763,20541.076690673828,0.0,29.0,0.0,1.0,0.8597619047619047,0.32554659247398376,0.32046519219875336,0.016937995213083923,0.85
md_cbad_dqn,816,31,117.7873432368491,124.95847269907424,37.73171903192997,80.05562398140171,1.7818370442837477,23046.821407318115,0.0,33.0,4.0,0.0,0.8552380952380952,0.7207995839416981,0.7143809199333191,0.021395553543698043,0.85
md_cbad_dqn,816,32,134.27330453408874,126.36421810146844,42.45008027553558,91.82322410954153,1.84925736207515,25016.484008789062,0.0,34.0,17.0,1.0,0.8507142857142858,0.5003286954015493,0.4934500604867935,0.022928775171749294,0.85
md_cbad_dqn,816,33,157.16294578465659,128.812778552441,42.36985558271408,114.79309044036108,1.884796166792512,25941.929092407227,0.0,36.0,23.0,0.0,0.8461904761904762,0.5132902674376965,0.5054663866758347,0.026079591712914407,0.85
md_cbad_dqn,816,34,119.5432356393159,128.78267939977127,37.08796815574169,82.45526810942297,1.7994656804949045,23066.677179336548,0.0,33.0,4.0,0.0,0.8416666666666667,0.4310129452496767,0.42436904087662697,0.022146350471302867,0.85
md_cbad_dqn,816,35,122.73685144172046,128.3339286840168,39.170004934072495,83.56684671626422,1.8012872766703367,23599.99806213379,0.0,33.0,6.0,0.0,0.8371428571428572,0.4152775686234236,0.4085267707705498,0.022502649575471878,0.85
md_cbad_dqn,816,36,88.24991221129895,127.13047363566432,32.02577908337116,56.224132844805716,1.5927557228133082,18701.736907958984,0.0,24.0,0.0,1.0,0.8326190476190476,0.39230442233383656,0.38563989475369453,0.022215097909793258,0.85
md_cbad_dqn,816,37,109.91131533682346,124.9010631975896,38.610054828226566,71.30126057565212,1.6961786728352308,22259.31818008423,0.0,31.0,0.0,2.0,0.8280952380952381,0.36730100493878126,0.3602260733023286,0.023583107045851648,0.85
md_cbad_dqn,816,38,118.05225367993117,124.72674593250522,36.13994227349758,81.91231127232314,1.7064451705664396,21227.58363342285,0.0,35.0,0.0,1.0,0.8235714285714286,0.39002587646245956,0.38317473977804184,0.022837123717181385,0.85
md_cbad_dqn,816,39,128.01173246385545,124.66670171920703,44.67860873043537,83.3331241804549,1.8878262983635068,25867.48994064331,0.0,33.0,3.0,1.0,0.819047619047619,0.8855634368956089,0.876756738871336,0.029355661827139556,0.85
md_cbad_dqn,816,40,96.9014060497284,120.67821905653223,36.15814121067524,60.74326542019844,1.6436547711491585,20454.148376464844,0.0,26.0,0.0,0.0,0.8145238095238095,0.5777190420776606,0.568251509219408,0.031558448798023164,0.85
md_cbad_dqn,816,41,140.6838405372072,121.00509476727537,39.92396952211857,100.75987041904222,1.8090809769928455,23274.015396118164,0.0,37.0,22.0,2.0,0.81,0.5353300869464874,0.5266689620912075,0.02887041971553117,0.85
md_cbad_dqn,816,42,114.49717482924461,121.53196750572613,41.442326068878174,73.05484893918037,1.6887708846479654,23032.47621154785,0.0,31.0,0.0,0.0,0.8054761904761905,0.514027314260602,0.5056849578395486,0.027807857026346028,0.85
md_cbad_dqn,816,43,112.3388026893139,120.62178251450773,40.80614221096039,71.53266052305699,1.8010015953332186,24073.90711593628,0.0,30.0,0.0,1.0,0.800952380952381,0.4913616953417659,0.4836284164339304,0.025777594419196248,0.85
md_cbad_dqn,816,44,106.57427924275399,120.66244092186805,38.73244445025921,67.84183433055878,1.704567613080144,22175.455234527588,0.0,29.0,0.0,1.0,0.7964285714285715,0.4257499724626541,0.4178013065829873,0.02649556496180594,0.85
md_cbad_dqn,816,45,119.69701830202047,120.13608365348621,40.81416368484497,78.88285425954763,1.8174132583662868,23993.99398803711,0.0,32.0,1.0,1.0,0.7919047619047619,0.39526162948459387,0.3869188679382205,0.027809215476736426,0.85
md_cbad_dqn,816,46,112.86212010681629,118.55853287875452,36.31846471130848,76.54365563392639,1.7862024959176779,21980.73307800293,0.0,33.0,0.0,0.0,0.7873809523809524,0.5239154817536473,0.516284161247313,0.02543773304205388,0.85
md_cbad_dqn,816,47,106.13226120173931,116.84564092491011,38.76274624466896,67.36951485276222,1.8283388139680028,23761.252033233643,0.0,29.0,0.0,0.0,0.7828571428571429,0.7938739564269781,0.7846391834318638,0.030782550573349,0.85
md_cbad_dqn,816,48,113.0600810289383,116.33623606295085,37.549195632338524,75.51088491976262,1.7386952582746744,22233.86767578125,0.0,32.0,0.0,1.0,0.7783333333333333,0.5607491917908192,0.5505547076463699,0.03398159646894783,0.85
md_cbad_dqn,816,49,102.67682286500931,116.26754340112902,36.023548901081085,66.65327357649804,1.725765080191195,21139.998504638672,0.0,29.0,0.0,2.0,0.7738095238095238,0.5704886959865689,0.561174982227385,0.0310457096202299,0.85
md_cbad_dqn,816,50,107.69064445793629,116.44216728196241,38.69773681461811,68.99290823936462,1.6861073598265648,22296.397188186646,0.0,30.0,0.0,0.0,0.7692857142857144,0.45056710857897997,0.441137483343482,0.031432080431841314,0.85
md_cbad_dqn,816,51,97.76458442211151,115.44102934122552,34.636053912341595,63.12853121757507,1.6467047613114119,20246.71800994873,0.0,28.0,0.0,1.0,0.7647619047619048,0.49695421755313873,0.4877283340319991,0.030752938124351203,0.85
md_cbad_dqn,816,52,110.0278497338295,114.22875660121255,37.02817702293396,72.99967269599438,1.6840281281620264,21278.038986206055,0.0,31.0,0.0,0.0,0.7602380952380953,0.4614743944257498,0.4536710763350129,0.026011073612608016,0.85
md_cbad_dqn,816,53,104.6805782109499,111.60463822252723,38.578348740935326,66.10222939550877,1.6569721847772598,21918.7857131958,0.0,29.0,0.0,1.0,0.7557142857142858,0.49813724402338266,0.4892399776726961,0.02965753001626581,0.85
md_cbad_dqn,816,54,137.06985884969183,112.480969383046,41.147224590182304,95.92263367836424,1.869233289733529,24606.08378982544,0.0,38.0,8.0,3.0,0.7511904761904762,0.5967427315190434,0.5872230837121606,0.0317321615293622,0.85
md_cbad_dqn,816,55,101.31881591677666,111.41006760679882,37.24163378030062,64.07718160748482,1.6827916419133544,21578.459701538086,0.0,29.0,0.0,1.0,0.7466666666666667,0.6696607992053032,0.65941022336483,0.03416858776472509,0.85
md_cbad_dqn,816,56,119.69055903825502,112.98209994814661,40.24838525801897,79.44217366102676,1.8396066389977932,24092.705196380615,0.0,31.0,8.0,1.0,0.7421428571428572,0.6323421727865934,0.6222996413707733,0.033475112286396325,0.85
md_cbad_dqn,816,57,113.02901995182037,113.13798517889647,36.35791650414467,76.67110368609428,1.669275681488216,20869.907829284668,0.0,32.0,0.0,0.0,0.7376190476190476,0.616703737527132,0.6075896713882685,0.030380257754586637,0.85
md_cbad_dqn,816,58,129.35069769620895,113.70290737971035,42.723449781537056,86.62724792957306,1.8180985422804952,24547.100845336914,0.0,36.0,0.0,0.0,0.7330952380952381,0.563944349065423,0.5547402556985617,0.030680322786793113,0.85
md_cbad_dqn,816,59,117.88095872998238,113.19636869301674,40.65126429498196,77.22969425618649,1.763887862674892,23288.592140197754,0.0,31.0,0.0,1.0,0.7285714285714286,0.6140945572406054,0.6046767383813858,0.03139274788554758,0.85
md_cbad_dqn,816,60,194.0058383407175,118.05159030756617,47.341384053230286,146.66445443649883,1.9773445557802916,28077.279541015625,0.0,37.0,31.0,1.0,0.724047619047619,0.584617911837995,0.5752936527132988,0.03108084388077259,0.85
md_cbad_dqn,816,61,108.63135437071324,116.44896599924148,36.67025935649872,71.96109516322613,1.6998535301536322,21545.441593170166,0.0,32.0,0.0,1.0,0.7195238095238095,0.6040367763489485,0.5954901203513145,0.028488878277130425,0.85
md_cbad_dqn,816,62,106.94919132441282,116.07156682399989,40.383883975446224,66.56530722975731,1.746194003149867,23003.409072875977,0.0,30.0,0.0,1.0,0.7150000000000001,0.7595308143645525,0.750435121357441,0.03031900303903967,0.85
md_cbad_dqn,816,63,114.58404609560966,116.18382899431465,36.41659687459469,78.16744807362556,1.746486741118133,21755.348514556885,0.0,33.0,0.0,0.0,0.7104761904761905,0.7186735924333334,0.7085916167125106,0.03360656031873077,0.85
md_cbad_dqn,816,64,108.30385626852512,116.27030784560323,38.43621225655079,69.86764399707317,1.7557977251708508,22721.930110931396,0.0,30.0,0.0,2.0,0.7059523809523809,0.5853847470134497,0.5759591795504093,0.03141854261048138,0.85
md_cbad_dqn,816,65,117.70407345707363,116.17066060335587,36.51286593079567,81.19120800311512,1.7844148771837354,21692.649742126465,0.0,35.0,14.0,0.0,0.7014285714285715,0.6643220670521259,0.6536347325891256,0.03562443808186799,0.85
md_cbad_dqn,816,66,161.93048993234785,118.62407909463245,48.19173289835453,113.73875691478403,2.0236448710784316,28178.29606819153,0.0,38.0,23.0,1.0,0.6969047619047619,0.5383057612925768,0.5283570615574718,0.033162347855977714,0.85
md_cbad_dqn,816,67,106.94179044961929,118.66455555702646,36.7456042021513,70.19618641138076,1.7387908669188619,21835.715732574463,0.0,31.0,0.0,2.0,0.6923809523809523,0.6742926631122828,0.6648248378187418,0.031559407943859696,0.85
md_cbad_dqn,816,68,108.19148388653994,118.42112569990657,38.471867240965366,69.71961698830128,1.6460353434085846,21620.376026153564,0.0,30.0,0.0,1.0,0.687857142857143,0.5532727185636759,0.5437842067331076,0.0316283650463447,0.85
md_cbad_dqn,816,69,99.13311300873757,118.24394020709296,36.25739834457636,62.87571429908276,1.6128244595602155,20017.120693206787,0.0,28.0,0.0,3.0,0.6833333333333333,0.5587511947378516,0.5492304116487503,0.03173596772830933,0.85
md_cbad_dqn,816,70,127.12873714576217,119.21584484148423,40.106849528849125,87.02188740829679,1.8608276806771755,23956.05846786499,0.0,34.0,9.0,2.0,0.6788095238095238,0.8696047253906727,0.85927514731884,0.034431931329891086,0.85
md_cbad_dqn,816,71,110.33610453605652,119.84442084718148,36.14493203163147,74.19117199778557,1.6903529595583677,21080.398767471313,0.0,33.0,0.0,2.0,0.6742857142857144,0.7167644742876291,0.706535218283534,0.03409751923754811,0.85
md_cbad_dqn,816,72,90.41266931891441,118.86366182643576,33.31096809357405,57.10170103907585,1.584688512608409,19233.61678314209,0.0,25.0,0.0,3.0,0.6697619047619048,0.6095590814948082,0.5974731538444757,0.040286427829414606,0.85
md_cbad_dqn,816,73,111.30798782408237,119.19503230709238,41.64661732316017,69.66137081384659,1.7217858070507646,23450.991203308105,0.0,30.0,0.0,0.0,0.6652380952380952,0.7281092312186956,0.7175778429955244,0.03510461049154401,0.85
md_cbad_dqn,816,74,102.82948012202978,117.48301337070927,36.154586993157864,66.67489283084869,1.6396444439888,20825.211009979248,0.0,28.0,0.0,3.0,0.6607142857142857,0.6213735230267048,0.6113417614251375,0.03343919781036675,0.85
md_cbad_dqn,816,75,108.86239342391491,117.8601922460662,37.022988691926,71.83940500020981,1.742126040160656,22433.579471588135,0.0,28.0,0.0,2.0,0.6561904761904762,0.6544526051729918,0.6436835490167141,0.035896860994398594,0.85
md_cbad_dqn,816,76,108.32551727592946,117.29194015794992,38.961356803774834,69.3641609787941,1.6972991153597832,22394.65114593506,0.0,31.0,0.0,1.0,0.6516666666666667,0.650374062359333,0.6407669764012098,0.03202363767195493,0.85
md_cbad_dqn,816,77,121.91380202025175,117.73617926137146,37.00580967217684,84.90799205005169,1.7627692008391023,21728.490398406982,0.0,35.0,0.0,0.0,0.6471428571428571,0.5721643026918173,0.562288012355566,0.032920963829383254,0.85
md_cbad_dqn,816,78,106.95992746949196,116.61664075003561,31.899341464042664,75.06058603525162,1.637789260596037,18848.138671875,0.0,33.0,0.0,0.0,0.6426190476190476,0.9691594615578651,0.959409911185503,0.03249846841208637,0.85
md_cbad_dqn,816,79,112.12065755724907,116.32862569139895,39.585567608475685,72.5350898295641,1.686698324047029,21928.12091064453,0.0,33.0,0.0,1.0,0.6380952380952382,0.8069270793348551,0.7956582028418779,0.03756289999000728,0.85
md_cbad_dqn,816,80,106.58044646084309,111.95735609740522,39.17039017379284,67.41005610823632,1.649655656889081,21636.43776321411,0.0,29.0,0.0,1.0,0.6335714285714286,0.6445308774709702,0.6347378846257925,0.03264329978264868,0.85
md_cbad_dqn,816,81,110.67630037069321,112.05960339740425,38.331061378121376,72.3452388137579,1.6817116755992174,21192.51988220215,0.0,31.0,0.0,2.0,0.6290476190476191,0.9072321951389313,0.8958154581487179,0.038055772078223526,0.85
md_cbad_dqn,816,82,114.80076675415039,112.45218216889114,39.187047347426414,75.613719317317,1.7281588977202773,22099.237199783325,0.0,31.0,0.0,2.0,0.6245238095238095,0.6492367256432772,0.638743469491601,0.03497751767281443,0.85
md_cbad_dqn,816,83,116.93685027211905,112.56982237771658,39.6248761638999,77.31197436153889,1.751532112248242,22486.259048461914,0.0,33.0,0.0,1.0,0.62,0.8227140977978706,0.8137998655438423,0.029714099713601172,0.85
md_cbad_dqn,816,84,103.44134792089463,112.32669696033506,37.12634219229221,66.3150058478117,1.711582189425826,21693.550121307373,0.0,29.0,0.0,2.0,0.6154761904761905,0.6738563943654299,0.6652035787701607,0.028842714498750865,0.85
md_cbad_dqn,816,85,95.48403789103031,111.21569518203287,34.70626775175333,60.77776983380318,1.7225317964330316,20610.250492095947,0.0,28.0,0.0,0.0,0.6109523809523809,0.6697583552449942,0.6602860726416111,0.03157427941914648,0.85
md_cbad_dqn,816,86,102.19800553619862,108.22907096222544,35.16419015079737,67.03381518423558,1.6273763598874211,20143.38157272339,0.0,28.0,0.0,3.0,0.6064285714285714,0.9016395732760429,0.8927434533834457,0.02965369389858097,0.85
md_cbad_dqn,816,87,122.28567157685757,108.99626501858734,41.9529782384634,80.3326937109232,1.7655744794756174,23637.671253204346,0.0,34.0,0.0,0.0,0.6019047619047619,0.8084490541368723,0.7976650204509497,0.03594677906949073,0.85
md_cbad_dqn,816,88,109.2423491999507,109.04880828425787,37.407548286020756,71.83480054140091,1.7188134510070086,21829.44284439087,0.0,30.0,0.0,0.0,0.5973809523809523,0.7996107768267393,0.7892245054244995,0.03462092869449407,0.85
md_cbad_dqn,816,89,117.81212714314461,109.98275899097823,43.161413103342056,74.65071350336075,1.777332671917975,24374.748413085938,0.0,33.0,0.0,1.0,0.592857142857143,0.7489355318248272,0.7387904487550259,0.033816927345469594,0.85
md_cbad_dqn,816,90,96.9304124340415,108.47284275539218,34.97993319481611,61.9504788517952,1.6465213242918253,20598.62356185913,0.0,25.0,0.0,0.0,0.5883333333333334,0.7197880633175373,0.7092786803841591,0.03503125824499875,0.85
md_cbad_dqn,816,91,95.60741080343723,107.73640806876124,33.66704621165991,61.940364703536034,1.581965352408588,19155.748725891113,0.0,28.0,0.0,0.0,0.5838095238095238,0.7807102352380753,0.7721378430724144,0.028574645868502557,0.85
md_cbad_dqn,816,92,114.9746675491333,108.96450798027217,42.47399377822876,72.50067353248596,1.7642813874408603,24080.995643615723,0.0,33.0,0.0,0.0,0.5792857142857144,0.6938902121037245,0.6854824293404818,0.02802594134118408,0.85
md_cbad_dqn,816,93,100.41774872839451,108.41999602548779,36.09913390874863,64.31861517727376,1.630884686484933,20322.519647598267,0.0,29.0,0.0,1.0,0.5747619047619048,0.9428986553102732,0.9333253521472216,0.03191103972494602,0.85
md_cbad_dqn,816,94,115.14121514558792,109.03558277666568,38.927249908447266,76.21396565437317,1.70411441847682,22290.58504295349,0.0,32.0,0.0,0.0,0.5702380952380952,0.8460022024810314,0.83673688583076,0.030884402571246028,0.85
md_cbad_dqn,816,95,127.42522585126429,109.96372439803318,40.72547988593578,86.69974592062502,1.839804737828672,23366.238410949707,0.0,35.0,12.0,3.0,0.5657142857142857,0.7977440040558577,0.7879809644073248,0.03254347178153694,0.85
md_cbad_dqn,816,96,115.46894553303719,110.32089581088856,42.547779858112335,72.9211654663086,1.8786947168409824,25443.101512908936,0.0,29.0,0.0,1.0,0.5611904761904762,0.8227874841541052,0.8132031299173832,0.03194783290382475,0.85
md_cbad_dqn,816,97,110.16447800397873,109.73342961007488,37.27487114071846,72.88960701227188,1.7032469576224685,21423.39842224121,0.0,31.0,0.0,0.0,0.5566666666666666,0.7142932768911123,0.7034276835620403,0.036218671360984445,0.85
md_cbad_dqn,816,98,99.3450690060854,109.35268668690455,35.91517096757889,63.429897770285606,1.650507902726531,20781.3427734375,0.0,27.0,0.0,1.0,0.5521428571428572,0.9674993958324194,0.9590307287871838,0.028228937881067395,0.85
md_cbad_dqn,816,99,106.32525345683098,109.06291648188366,38.24357111752033,68.08168178796768,1.6755835684016347,21914.766792297363,0.0,29.0,0.0,1.0,0.5476190476190477,0.7131083160638809,0.7036313563585281,0.03158986521884799,0.85
md_cbad_dqn,816,100,103.51199071109295,108.90949369439616,36.1539723277092,67.35801769793034,1.6509044310078025,20282.674480438232,0.0,30.0,0.0,1.0,0.5430952380952381,0.6627494692802429,0.6546337883919477,0.027052254183217883,0.85
md_cbad_dqn,816,101,96.31201066076756,108.19127920889987,37.50830126553774,58.80370952188969,1.6214313991367817,21141.814609527588,0.0,26.0,0.0,0.0,0.5385714285714286,0.7743067145347595,0.7659572511911392,0.02783151902258396,0.85
md_cbad_dqn,816,102,109.3110718280077,107.91679446259272,39.55266897380352,69.75840330123901,1.7746713142842054,23349.674835205078,0.0,28.0,0.0,1.0,0.5340476190476191,0.9357892014086246,0.925434673205018,0.034515101462602615,0.85
md_cbad_dqn,816,103,115.33061636984348,107.83648276747894,40.019656628370285,75.31096033751965,1.7954890429973602,23543.3048248291,0.0,32.0,0.0,0.0,0.5295238095238095,0.8383546397089958,0.8292181305587292,0.03045503539033234,0.85
md_cbad_dqn,816,104,93.27130845934153,107.32798079440131,32.37032599002123,60.900982320308685,1.5965527556836605,18557.83451461792,0.0,27.0,0.0,0.0,0.525,0.8381362520158291,0.8293379284441471,0.02932775963563472,0.85
md_cbad_dqn,816,105,97.91862872987986,107.44971033634378,36.51515833288431,61.403470396995544,1.6678431807085872,21533.782154083252,0.0,27.0,0.0,0.0,0.5204761904761905,0.8997743185609579,0.8903459589928389,0.031427877489477396,0.85
md_cbad_dqn,816,106,83.64837837964296,106.522228978516,31.41636148095131,52.23201647400856,1.5404658550396562,18027.541347503662,0.0,25.0,0.0,1.0,0.5159523809523809,0.9530945811420679,0.9436383042484522,0.031520949327386916,0.85
md_cbad_dqn,816,107,89.6045130521059,104.88817105227842,34.3650366216898,55.239477175474164,1.5912153786048293,19246.46983718872,0.0,25.0,0.0,3.0,0.5114285714285716,0.8214048650115728,0.8124085627496243,0.029987678048200905,0.85
md_cbad_dqn,816,108,100.03687679767609,104.42789743216467,35.603758595883846,64.43311762809753,1.5841146297752857,19855.85655784607,0.0,31.0,0.0,0.0,0.506904761904762,0.8887961972504854,0.8820859156548977,0.02236759994411841,0.85
md_cbad_dqn,816,109,103.08105899840594,103.69134402492776,36.27345994859934,66.80759906470776,1.6661536060273647,20290.72797012329,0.0,30.0,0.0,3.0,0.5023809523809524,1.1236456856131554,1.1153131648898125,0.02777506283018738,0.85
md_cbad_dqn,816,110,102.08301609754562,103.94897420810295,34.34837697446346,67.73463904857635,1.648047554306686,19789.74990081787,0.0,30.0,0.0,0.0,0.4978571428571429,0.9881870597600937,0.9797938987612724,0.02797720313537866,0.85
md_cbad_dqn,816,111,90.46258813887835,103.69173307487499,34.766830660402775,55.69575774669647,1.553523350507021,19441.428287506104,0.0,26.0,0.0,0.0,0.4933333333333334,0.8338047731667757,0.8239940665662289,0.03270235983654857,0.85
md_cbad_dqn,816,112,91.87252501398325,102.53662594811749,32.70509748160839,59.16742756962776,1.5626579206436872,18822.468027114868,0.0,26.0,0.0,1.0,0.4888095238095238,0.8898917101323605,0.8816743083298206,0.027391337498556823,0.85
md_cbad_dqn,816,113,108.70038559436799,102.95075779141618,35.00568710267544,73.69469853639603,1.678111596032977,20237.897827148438,0.0,31.0,0.0,1.0,0.4842857142857143,0.9565416164696217,0.9453464653342962,0.037317136069759727,0.85
md_cbad_dqn,816,114,105.76981151998044,102.48218761013581,34.02183659374714,71.74797510504723,1.7974420823156834,21908.952419281006,0.0,28.0,0.0,1.0,0.4797619047619047,0.8341807574033737,0.8254352658987045,0.02915164828300476,0.85
md_cbad_dqn,816,115,107.57341954112053,101.48959729462862,35.07321386039257,72.50020602345467,1.6467916844412684,19934.730056762695,0.0,33.0,0.0,0.0,0.47523809523809524,0.7551695462316275,0.7450886406004429,0.03360300196800381,0.85
md_cbad_dqn,816,116,104.94456787407398,100.96337841168047,37.58794321119785,67.356625020504,1.7262433590367436,22043.40015411377,0.0,28.0,0.0,0.0,0.47071428571428575,0.9027376398444176,0.8947441894561052,0.026644845958799124,0.85
md_cbad_dqn,816,117,89.77284294515849,99.94379665873946,35.16533990949392,54.60750257372856,1.5683072684332728,19256.48650741577,0.0,24.0,0.0,1.0,0.46619047619047627,1.0337097495794296,1.0244246274232864,0.03095042717177421,0.85
md_cbad_dqn,816,118,99.59541054964066,99.95631373591722,38.47101464867592,61.12439616918564,1.628089414909482,21567.96462249756,0.0,27.0,0.0,1.0,0.46166666666666667,0.9956771023571491,0.9852287359535694,0.03482786600943655,0.85
md_cbad_dqn,816,119,86.28407696783543,98.95425491146746,30.40796250104904,55.87611421346664,1.5957002099603415,18028.022369384766,0.0,23.0,0.0,1.0,0.4571428571428572,0.9900483340024948,0.9816759638488293,0.027907933807000518,0.85
md_cbad_dqn,816,120,102.36258216351271,98.89678448408844,37.35948196053505,65.00310067981482,1.6860002679750323,21356.19079208374,0.0,27.0,0.0,1.0,0.4526190476190477,0.7730865590274334,0.7626522490754724,0.03478104469832033,0.85
md_cbad_dqn,816,121,108.18898803889752,99.49063335299493,38.309686958789825,69.87930097579957,1.7260393928736448,21816.15348815918,0.0,30.0,0.0,1.0,0.4480952380952381,0.8856414724141359,0.8770008645951748,0.028802030137740076,0.85
md_cbad_dqn,816,122,104.53944154083729,99.2520518386364,34.294970750808716,70.24447113275528,1.6477448176592588,19543.827919006348,0.0,31.0,0.0,1.0,0.4435714285714286,0.8149242382496595,0.807070005685091,0.026180768269114196,0.85
md_cbad_dqn,816,123,98.53574676811695,98.41230835855008,36.18183286488056,62.353913962841034,1.6333578042685986,20622.710441589355,0.0,27.0,0.0,1.0,0.439047619047619,0.9057256616652012,0.8973605614155531,0.027883664704859257,0.85
md_cbad_dqn,816,124,94.61587633192539,98.47953675217927,33.53431271016598,61.08156341314316,1.5858900249004364,19469.6669921875,0.0,27.0,0.0,0.0,0.43452380952380953,0.8411470800638199,0.8309079017490149,0.03413057012949139,0.85
md_cbad_dqn,816,125,69.4673186391592,97.05697124764325,27.51626518368721,41.95105341076851,1.4334880281239748,15699.858055114746,0.0,21.0,0.0,0.0,0.43000000000000005,1.1474825851619244,1.1382508091628551,0.030772582860663533,0.85
md_cbad_dqn,816,126,113.47699664533138,98.54840216092765,36.35948011279106,77.11751568317413,1.6788621852174401,20924.316539764404,0.0,32.0,0.0,0.0,0.42547619047619056,1.0307886637747288,1.0189894437789917,0.03933072555810213,0.85
md_cbad_dqn,816,127,87.30558170378208,98.43345559351147,32.88401375710964,54.42156797647476,1.5940892240032554,19291.84839630127,0.0,24.0,0.0,1.0,0.42095238095238097,0.9243786130100489,0.915069229900837,0.031031280057504773,0.85
md_cbad_dqn,816,128,102.56409974396229,98.55981674082577,34.451638758182526,68.11246117949486,1.6551885837689042,19656.132987976074,0.0,30.0,0.0,0.0,0.41642857142857137,0.9648225493729115,0.9538756683468819,0.0364896017126739,0.85
md_cbad_dqn,816,129,83.8521306887269,97.59837032534182,31.081618510186672,52.77051219344139,1.5347100319340825,17676.802444458008,0.0,23.0,0.0,0.0,0.4119047619047619,1.0299519319087267,1.0210968498140574,0.029516972310375422,0.85
md_cbad_dqn,816,130,97.87460493296385,97.38794976711273,35.97392366081476,61.90068206191063,1.6081716371700168,20549.464506149292,0.0,28.0,0.0,0.0,0.4073809523809524,0.8254911676049232,0.8169853668659925,0.02835266082547605,0.85
md_cbad_dqn,816,131,91.43348201364279,97.43649446085097,33.782301761209965,57.651180773973465,1.6622486114501953,19941.946453094482,0.0,24.0,0.0,2.0,0.4028571428571429,1.0601138733327389,1.0508414655923843,0.030908012413419783,0.85
md_cbad_dqn,816,132,94.09726288169622,97.54773135423662,34.942289896309376,59.15497289597988,1.6713257525116205,20314.637073516846,0.0,27.0,0.0,0.0,0.39833333333333343,1.0736843533813953,1.0654120836406946,0.02757425035815686,0.85
md_cbad_dqn,816,133,117.17660989165306,97.97154256910086,40.53075259923935,76.64585754573345,1.7672805609181523,23015.039611816406,0.0,33.0,0.0,2.0,0.39380952380952383,1.184059802442789,1.1735832765698433,0.03492179501336068,0.85
md_cbad_dqn,816,134,112.28258358836175,98.29718117251993,38.409364245831966,73.8732201397419,1.7082084054127336,21830.054389953613,0.0,31.0,0.0,1.0,0.38928571428571423,0.8901191297918558,0.8816608879715204,0.028194096055813134,0.85
md_cbad_dqn,816,135,102.88852697014809,98.0629365439713,34.41032426804304,68.47820211350918,1.6111018788069487,19644.647930145264,0.0,30.0,0.0,1.0,0.38476190476190475,0.9260262157768011,0.9172029979526997,0.029410729301162064,0.85
md_cbad_dqn,816,136,79.46589078158141,96.78900268934669,31.823365941643715,47.64252526462078,1.5526797007769346,18333.399684906006,0.0,23.0,0.0,2.0,0.38023809523809526,0.9551775101572275,0.945617413148284,0.03186700528021902,0.85
md_cbad_dqn,816,137,98.889712870121,97.24484618559481,36.75291296839714,62.136799827218056,1.663280250504613,20957.22421646118,0.0,27.0,0.0,0.0,0.3757142857142858,0.8690351583063602,0.8600569032132626,0.029927532363217324,0.85
md_cbad_dqn,816,138,95.78378304094076,97.05426481015982,31.452335260808468,64.33144775032997,1.5896742707118392,18404.424465179443,0.0,29.0,0.0,0.0,0.3711904761904763,1.0986280553042889,1.089784100651741,0.029479864984750748,0.85
md_cbad_dqn,816,139,85.49578734636307,97.0148503290862,30.507029488682747,54.988758289813994,1.507357720285654,17121.646171569824,0.0,25.0,0.0,1.0,0.3666666666666667,0.9897527042776346,0.9806292802095413,0.030411398387514055,0.85
md_cbad_dqn,816,140,98.94334788620472,96.84388861522079,34.15382921695709,64.78951844573021,1.6534268045797944,19700.530670166016,0.0,28.0,0.0,0.0,0.3621428571428572,0.8928712420165539,0.8837686292827129,0.030342031037434936,0.85
md_cbad_dqn,816,141,89.49468872845173,95.9091736496985,32.88419325649738,56.61049526333809,1.5688094086945057,18906.842807769775,0.0,27.0,0.0,2.0,0.3576190476190476,1.0460324343293905,1.0359434448182583,0.03362994687631726,0.85
md_cbad_dqn,816,142,129.83922654390335,97.17416289985181,43.59475576877594,86.24447026848793,1.8450711900368333,24994.51685333252,0.0,35.0,0.0,1.0,0.35309523809523813,0.899573715403676,0.8908487483859062,0.029083209577947855,0.85
md_cbad_dqn,816,143,102.526062682271,97.3736786955595,35.18600481748581,67.34005768597126,1.6334053678438067,19862.567260742188,0.0,29.0,0.0,0.0,0.34857142857142864,0.9825539477169514,0.9731227159500122,0.03143739223014563,0.85
md_cbad_dqn,816,144,101.39470931887627,97.71262034490705,35.95916610956192,65.4355438053608,1.6532880403101444,20599.593505859375,0.0,28.0,0.0,0.0,0.34404761904761905,0.9910006746649742,0.9823577869683504,0.028809587471187115,0.85
md_cbad_dqn,816,145,96.36313662827015,99.0574112443626,34.861632868647575,61.50150372982025,1.6312888152897358,19978.427547454834,0.0,26.0,0.0,2.0,0.33952380952380956,0.7822069060057402,0.7712962236255407,0.03636891569476575,0.85
md_cbad_dqn,816,146,86.59708027541637,97.71341542586684,32.010419458150864,54.58666089177132,1.5331488773226738,18101.184423446655,0.0,24.0,0.0,1.0,0.3350000000000001,1.1274387165904045,1.117921119555831,0.031725307810120285,0.85
md_cbad_dqn,816,147,107.38242121040821,98.71725740119815,35.870455883443356,71.51196479797363,1.6084943069145083,20170.546911239624,0.0,32.0,0.0,0.0,0.3304761904761905,1.0178991481661797,1.0099842809140682,0.0263828655006364,0.85
md_cbad_dqn,816,148,83.26193577051163,97.75214920252563,29.135497495532036,54.126438438892365,1.5084659680724144,16901.34000968933,0.0,24.0,0.0,0.0,0.325952380952381,0.9403389301151037,0.9320486634969711,0.027634207624942064,0.85
md_cbad_dqn,816,149,105.07023495733738,98.81305441595613,35.842548325657845,69.2276862591505,1.6541119627654552,20486.021869659424,0.0,30.0,0.0,2.0,0.3214285714285714,1.020359693095088,1.0101625062525272,0.03399060876108706,0.85
md_cbad_dqn,816,150,110.30037957727909,99.4343431481719,38.34967228770256,71.95070694684982,1.6888648141175508,21771.837142944336,0.0,30.0,0.0,2.0,0.3169047619047619,0.9669692888855934,0.9579013343900442,0.03022646449971944,0.85
md_cbad_dqn,816,151,97.10968951880932,99.71815352343023,31.473162174224854,65.63652700185776,1.5767169604077935,17970.728973388672,0.0,29.0,0.0,1.0,0.3123809523809524,0.9450348243117332,0.9369038958102465,0.027103135362267494,0.85
md_cbad_dqn,816,152,101.05635328739882,100.06610804371536,33.35492569208145,67.70142731964589,1.5735103050246835,18571.904012680054,0.0,31.0,0.0,2.0,0.30785714285714294,0.8874594327062368,0.8781861811876297,0.030910854344256222,0.85
md_cbad_dqn,816,153,87.83797366917133,98.59917623259126,31.353077948093414,56.48489585518837,1.5202739061787724,17805.319316864014,0.0,26.0,0.0,1.0,0.30333333333333345,0.9724949710071087,0.9638754520565271,0.028731747646816075,0.85
md_cbad_dqn,816,154,79.89897406846285,96.97999575659632,27.596424788236618,52.30254891514778,1.498679150827229,15926.055515289307,0.0,26.0,0.0,2.0,0.29880952380952375,1.1713023129850626,1.1625382378697395,0.02921359916217625,0.85
md_cbad_dqn,816,155,99.5221678107977,96.81167779862882,35.907557889819145,63.61461009979248,1.6245655212551355,20192.44536590576,0.0,29.0,0.0,2.0,0.29428571428571426,0.8896034900099039,0.8811501171439886,0.028177923522889614,0.85
md_cbad_dqn,816,156,88.99927688539029,97.28834710381925,30.829044461250305,58.17023194730282,1.5767618864774704,17802.363967895508,0.0,27.0,0.0,3.0,0.2897619047619048,1.0944861583411694,1.0851607788354158,0.031084622954949737,0.85
md_cbad_dqn,816,157,77.75787805318832,96.23175536297262,28.25056219100952,49.507316055893895,1.4678694559261203,15900.114921569824,0.0,23.0,0.0,4.0,0.2852380952380953,0.9437386207282543,0.9335704389959574,0.033893930609337986,0.85
md_cbad_dqn,816,158,92.41012671589851,96.0630725467205,33.654751390218735,58.755375400185585,1.55389585159719,19302.424589157104,0.0,26.0,0.0,0.0,0.2807142857142858,1.019463824108243,1.0098936855793,0.03190043300855905,0.85
md_cbad_dqn,816,159,93.88674379885197,96.48262036934496,32.81939671188593,61.06734670698643,1.555490885861218,18475.517951965332,0.0,28.0,0.0,2.0,0.2761904761904763,1.0419770665466785,1.0321527924388647,0.032747579156421125,0.85
md_cbad_dqn,816,160,77.90503079593182,95.4307045148313,28.299142852425575,49.60588821172714,1.4623918971046805,16361.574237823486,0.0,23.0,0.0,1.0,0.2716666666666666,1.2937947884202003,1.2851054444909096,0.028964538767468184,0.85
md_cbad_dqn,816,161,94.17399486899376,95.66466982185841,34.16710563004017,60.006889909505844,1.6748008141294122,19704.093338012695,0.0,28.0,0.0,0.0,0.2671428571428571,0.8812660556286573,0.8717871159315109,0.03159648121800274,0.85
md_cbad_dqn,816,162,96.2299043238163,93.98420371085406,31.970347203314304,64.25955751538277,1.5709664225578308,18208.136489868164,0.0,28.0,0.0,0.0,0.26261904761904764,0.9275184646248817,0.9189312681555748,0.028623969526961446,0.85
md_cbad_dqn,816,163,95.65926170647144,93.64086366206408,32.97594603896141,62.68331480324268,1.574399714358151,18711.281021118164,0.0,26.0,0.0,3.0,0.25809523809523816,0.9635696057230234,0.9541127886623144,0.03152276377659291,0.85
md_cbad_dqn,816,164,76.50187844336033,92.39622211828828,29.44410775601864,47.05777050852775,1.4868861408904195,16747.479496002197,0.0,22.0,0.0,3.0,0.25357142857142867,1.2072005905210972,1.197914008051157,0.030955248163081706,0.85
md_cbad_dqn,816,165,81.76257360130549,91.66619396694004,30.84961199015379,50.91296156644821,1.509027843363583,16962.20951271057,0.0,24.0,0.0,2.0,0.24904761904761907,1.078966960310936,1.0709717813879251,0.02665058255661279,0.85
md_cbad_dqn,816,166,96.8149981200695,92.1770898591727,35.434453427791595,61.38054458796978,1.602177488617599,19687.995708465576,0.0,30.0,0.0,0.0,0.2445238095238096,1.1586371883749962,1.1493697464466095,0.030891466652974486,0.85
md_cbad_dqn,816,167,95.1667141765356,91.56630450747907,31.691102363169193,63.4756121635437,1.5352435791864991,17918.60454940796,0.0,28.0,0.0,0.0,0.24,0.8502256032079458,0.8410572987049818,0.030561023275367916,0.85
md_cbad_dqn,816,168,88.87417317926884,91.84691637791693,33.479848220944405,55.39432479441166,1.5448416359722614,18670.91841506958,0.0,26.0,0.0,1.0,0.2354761904761905,1.0766439232975245,1.0678763277828693,0.029225322883576155,0.85
md_cbad_dqn,816,169,100.4758737847209,91.6171983192861,33.67910543829203,66.79676800370217,1.5923899710178375,18716.992588043213,0.0,29.0,0.0,2.0,0.23095238095238102,0.9496715515851974,0.940400306135416,0.030904175247997046,0.85
md_cbad_dqn,816,170,70.63252359032631,89.63380551993848,27.082348071038723,43.550175645947455,1.4587395135313272,15746.708881378174,0.0,22.0,0.0,1.0,0.22642857142857142,1.107225889340043,1.0987284258008003,0.028324870741926134,0.85
md_cbad_dqn,816,171,74.10722115039826,88.48368210151793,27.999650947749615,46.107569554448126,1.4522533854469657,15845.382801055908,0.0,23.0,0.0,1.0,0.22190476190476194,1.1212506890296936,1.1132867150008678,0.02654660667758435,0.85
md_cbad_dqn,816,172,86.48823974430562,87.75527642436327,30.5167036652565,55.97153618335724,1.535756609402597,17482.6137008667,0.0,26.0,0.0,1.0,0.21738095238095245,1.2397360764443874,1.229587022215128,0.03383024677168578,0.85
md_cbad_dqn,816,173,86.27756704539061,87.67725609317424,30.104750372469425,56.17281638979912,1.525713344104588,17545.57559967041,0.0,25.0,0.0,2.0,0.21285714285714286,0.9359822534024715,0.9258383605629206,0.03381300263572484,0.85
md_cbad_dqn,816,174,100.73110459148884,88.71886261932553,35.68214523792267,65.04895953238011,1.6145791364833713,19522.776905059814,0.0,29.0,0.0,2.0,0.20833333333333337,0.9248852021992207,0.9166116304695606,0.02757858589757234,0.85
md_cbad_dqn,816,175,85.6898992806673,88.02724919281903,31.454051837325096,54.23584745824337,1.5503407148644328,17972.391773223877,0.0,24.0,0.0,0.0,0.20380952380952377,1.180429384112358,1.1718150470405817,0.028714496409520507,0.85
md_cbad_dqn,816,176,83.90439065098762,87.77250488109887,30.708537332713604,53.19585325121879,1.5226753829047084,17430.661418914795,0.0,24.0,0.0,3.0,0.1992857142857143,1.0613922290503979,1.051338193938136,0.03351349197328091,0.85
md_cbad_dqn,816,177,84.40207283198833,88.10471462003888,31.99850558489561,52.40356720983982,1.563476481474936,18527.39084625244,0.0,25.0,0.0,0.0,0.1947619047619048,1.079742405563593,1.0695026628673077,0.034132457338273525,0.85
md_cbad_dqn,816,178,73.54300675541162,87.16135862201453,27.754135638475418,45.78887169063091,1.4653938617557287,16167.376823425293,0.0,23.0,0.0,0.0,0.19023809523809532,1.1870553493499756,1.1783049441874027,0.029168024309910834,0.85
md_cbad_dqn,816,179,88.06204082071781,86.87012347310782,30.282501839101315,57.77953904867172,1.4980990448966622,16813.502799987793,0.0,26.0,0.0,0.0,0.18571428571428583,1.1687533482909203,1.1590259708464146,0.032424584263935685,0.85
md_cbad_dqn,816,180,96.43384699523449,87.79656428307295,31.40049460530281,65.03335279226303,1.5945018390193582,18498.077598571777,0.0,26.0,0.0,0.0,0.18119047619047624,1.3013859130442142,1.2922147661447525,0.030570500995963812,0.85
md_cbad_dqn,816,181,95.46180354356765,87.86095471680164,31.980155125260353,63.481648209691045,1.5763258077204227,18412.36234664917,0.0,29.0,0.0,3.0,0.17666666666666664,1.2100531086325645,1.198908492922783,0.03714872256387025,0.85
md_cbad_dqn,816,182,72.95291566997767,86.69710528410971,28.38924180716276,44.563673654198645,1.4482943955808878,16016.958526611328,0.0,21.0,0.0,1.0,0.17214285714285715,1.1097213085740805,1.099932562559843,0.032629140885546803,0.85
md_cbad_dqn,816,183,92.2733907416463,86.52781173586847,30.67223773151636,61.601152622699736,1.5473368093371391,17669.70439529419,0.0,27.0,0.0,1.0,0.16761904761904767,1.0694695115089417,1.0599401146173477,0.03176460776012391,0.85
md_cbad_dqn,816,184,91.46260561943055,87.27584809467197,32.576992988586426,58.88561282455921,1.5783059047535062,18234.1372756958,0.0,27.0,0.0,1.0,0.16309523809523818,1.0598134435713291,1.0506707020103931,0.030475818435661495,0.85
md_cbad_dqn,816,185,80.47122698277235,87.21128076374532,29.376541189849377,51.09468558430672,1.5028252098709345,17112.420246124268,0.0,24.0,0.0,0.0,0.1585714285714287,1.0981078874319792,1.0892045702785254,0.02967772271949798,0.85
md_cbad_dqn,816,186,90.50076470524073,86.89556909300389,30.66612470149994,59.834639608860016,1.5308740362524986,17326.765464782715,0.0,26.0,0.0,0.0,0.1540476190476191,1.1132454611361027,1.1024467200040817,0.035995813086628914,0.85
md_cbad_dqn,816,187,78.95209722965956,86.08483824566008,30.574936874210835,48.37716020643711,1.526711861602962,17265.00049972534,0.0,23.0,0.0,0.0,0.1495238095238095,1.2935273461043835,1.2843055371195078,0.030739364679902792,0.85
md_cbad_dqn,816,188,83.90533951222896,85.83639656230807,29.975812949240208,53.92952661514282,1.482002911157906,16590.863092422485,0.0,24.0,0.0,2.0,0.14500000000000002,1.0785833094269037,1.0684481766074896,0.03378375212196261,0.85
md_cbad_dqn,816,189,83.54797074943781,84.99000141054393,31.581122636795044,51.96684889495373,1.517196956090629,17792.99299430847,0.0,24.0,0.0,1.0,0.14047619047619053,1.0997428372502327,1.0899564940482378,0.03262112883385271,0.85
md_cbad_dqn,816,190,73.02978611141444,85.10986453659834,29.814764954149723,43.21502106785774,1.5054589230567217,17122.22200012207,0.0,22.0,0.0,2.0,0.13595238095238105,1.185611940920353,1.1754714995622635,0.033801464131101966,0.85
md_cbad_dqn,816,191,78.43667118251324,85.32633703820407,29.268934905529022,49.167735904455185,1.4836273025721312,16469.581550598145,0.0,23.0,0.0,2.0,0.13142857142857145,0.8841171283274889,0.8756257072091103,0.02830475859809667,0.85
md_cbad_dqn,816,192,83.53331481665373,85.17859079182149,30.663176529109478,52.87013840675354,1.5255093397572637,17381.155570983887,0.0,26.0,0.0,2.0,0.12690476190476196,1.0405450891703367,1.0304949320852757,0.0335005100350827,0.85
md_cbad_dqn,816,193,71.83734088689089,84.45657948389649,28.69840183109045,43.13893862366676,1.4644558234140277,16215.99500656128,0.0,20.0,0.0,2.0,0.12238095238095237,1.3457277361303568,1.3367773350328207,0.02983464242424816,0.85
md_cbad_dqn,816,194,78.42927920967341,83.34148821480572,27.442901454865932,50.986377665400504,1.4675464229658246,15684.95461654663,0.0,24.0,0.0,1.0,0.11785714285714288,1.0781235862523317,1.069203969091177,0.02973203337751329,0.85
md_cbad_dqn,816,195,85.43977148085833,83.32898182481527,30.47987125813961,54.95990073680878,1.5375249963253736,17515.95006942749,0.0,24.0,0.0,0.0,0.1133333333333334,1.2579283639788628,1.2490121740847826,0.029720640392042696,0.85
md_cbad_dqn,816,196,68.78964314609766,82.57324444957078,27.88982842117548,40.89981472492218,1.4674167009070516,15877.31314277649,0.0,21.0,0.0,0.0,0.1088095238095238,1.2939876355230808,1.2831453680992126,0.03614088916219771,0.85
md_cbad_dqn,816,197,89.0746444106102,82.80687302850188,31.215101823210716,57.85954260230064,1.5527530563995242,17447.595775604248,0.0,26.0,0.0,1.0,0.10428571428571431,1.1994201261550188,1.1893728207796812,0.033491052337922156,0.85
md_cbad_dqn,816,198,98.5580508261919,84.05762523204089,33.15019704401493,65.40785390138626,1.5683636423200369,18484.58380126953,0.0,29.0,0.0,3.0,0.09976190476190483,1.0078216269612312,0.9991014655679464,0.02906722202897072,0.85
md_cbad_dqn,816,199,95.18164697289467,84.41360553964974,32.71093196421862,62.47071598470211,1.568611117079854,18085.697647094727,0.0,29.0,0.0,1.0,0.09523809523809534,0.9660517182201147,0.9575560986995697,0.0283187156310305,0.85
md_cbad_dqn,816,200,87.33428953737021,83.95862766675653,30.2168238312006,57.11746553480625,1.5297766048461199,17224.69797897339,0.0,26.0,0.0,3.0,0.09071428571428575,1.2635254003107548,1.25281803868711,0.03569118236191571,0.85
md_cbad_dqn,816,201,90.81963486969471,83.72651923306287,32.18048118054867,58.63915419578552,1.6055063903331757,18544.157165527344,0.0,26.0,0.0,1.0,0.08619047619047626,1.052355920895934,1.043157197535038,0.030662389937788248,0.85
md_cbad_dqn,816,202,76.67352793514729,83.91254984632135,27.639023005962372,49.034505718946455,1.479922684840858,16034.459400177002,0.0,24.0,0.0,1.0,0.08166666666666667,1.2509624883532524,1.2421875968575478,0.029249653802253306,0.85
md_cbad_dqn,816,203,79.98649264425039,83.29820494145156,29.58417359739542,50.40231903195381,1.48170755058527,16557.95534324646,0.0,24.0,0.0,2.0,0.07714285714285718,1.063206197693944,1.0537316389381886,0.03158184629864991,0.85
md_cbad_dqn,816,204,76.11418187618256,82.53078375428916,28.613929636776447,47.500252440571785,1.4739783834666014,16226.716709136963,0.0,24.0,0.0,0.0,0.0726190476190477,1.1044154278934002,1.0955255087465048,0.02963306161109358,0.85
md_cbad_dqn,816,205,84.0052347123623,82.70748414076866,32.667710095644,51.33752461671829,1.5676386328414083,18331.446334838867,0.0,24.0,0.0,2.0,0.06809523809523821,1.2020904496312141,1.1923462748527527,0.03248058876488358,0.85
md_cbad_dqn,816,206,77.29461082816124,82.04717644691468,27.489386953413486,49.80522342026234,1.452319665811956,15578.585088729858,0.0,26.0,0.0,0.0,0.06357142857142861,1.2099535688757896,1.1994983665645123,0.03485063824336976,0.85
md_cbad_dqn,816,207,85.33933160603047,82.36653816573323,31.824450828135014,53.51488026380539,1.5726706078276038,17925.794746398926,0.0,23.0,0.0,1.0,0.059047619047619015,1.281284660100937,1.2716927826404572,0.03197289851959795,0.85
md_cbad_dqn,816,208,70.94859720021486,81.71870105013252,26.500370047986507,44.44822698831558,1.4255737764760852,14939.341148376465,0.0,22.0,0.0,0.0,0.05452380952380953,1.1453719716519117,1.1350861340761185,0.03428613278083503,0.85
md_cbad_dqn,816,209,85.22300458103419,81.80245274171234,30.18566209822893,55.03734224438667,1.5087735373526812,16881.78476333618,0.0,25.0,0.0,3.0,0.050000000000000044,0.9678569175302982,0.9579204935580492,0.03312140400521457,0.85
md_cbad_dqn,816,210,82.30739127099514,82.26633299969137,30.626119300723076,51.681272715330124,1.528391974978149,17296.24499130249,0.0,23.0,0.0,0.0,0.050000000000000044,0.814753457903862,0.8057810515165329,0.029908006195910275,0.85
md_cbad_dqn,816,211,76.75780689716339,82.18238978542388,28.670721538364887,48.087085515260696,1.4642050052061677,15679.65601348877,0.0,23.0,0.0,0.0,0.050000000000000044,1.5000149048864841,1.4894657544791698,0.03516391746234149,0.85
md_cbad_dqn,816,212,68.85366450995207,81.4484072700888,28.661887787282467,40.19177621603012,1.475990604609251,16051.457138061523,0.0,20.0,0.0,1.0,0.050000000000000044,1.0246310234069824,1.0155972503125668,0.03011258819606155,0.85
md_cbad_dqn,816,213,84.02935722470284,82.0580080869794,30.162357158958912,53.866999715566635,1.4984036404639482,16982.968292236328,0.0,25.0,0.0,1.0,0.050000000000000044,1.3276084903627634,1.3175781648606062,0.033434479613788426,0.85
md_cbad_dqn,816,214,68.71872362643481,81.57248030781747,27.30554047226906,41.41318362355232,1.4415681632235646,15076.034740447998,0.0,21.0,0.0,2.0,0.050000000000000044,1.105052124708891,1.0946754608303308,0.03458890412002802,0.85
md_cbad_dqn,816,215,82.46761321574449,81.42387239456177,28.244157537817955,54.22345572263002,1.4934644401073456,16103.783975601196,0.0,23.0,0.0,3.0,0.050000000000000044,0.9079155176877975,0.8989234939217567,0.029973394819535315,0.85
md_cbad_dqn,816,216,78.82260567843915,81.92552052117885,31.207255147397518,47.61535064280033,1.5356185408309102,17421.501834869385,0.0,23.0,0.0,2.0,0.050000000000000044,0.997537961229682,0.9869178030639887,0.03540052892640233,0.85
md_cbad_dqn,816,217,86.42248711884022,81.79291265659036,28.551769003272057,57.87071778774261,1.4565254030749202,15389.597679138184,0.0,27.0,0.0,1.0,0.050000000000000044,1.0810822863131762,1.071106193587184,0.03325365181080997,0.85
md_cbad_dqn,816,218,93.24632714092732,81.52732647232713,30.98267212510109,62.263655641674994,1.5588078564032912,17636.332195281982,0.0,27.0,0.0,2.0,0.050000000000000044,1.2440897393971682,1.234097609296441,0.0333070409251377,0.85
md_cbad_dqn,816,219,58.492025814950466,79.69284541442991,26.491908006370068,32.00011768937111,1.4181477157399058,15339.569526672363,0.0,17.0,0.0,0.0,0.050000000000000044,1.126061674207449,1.115706518292427,0.03451717959251255,0.85
md_cbad_dqn,816,220,82.9896489918232,79.47561338715256,29.476612448692322,53.513036811351775,1.488755182363093,16128.667469024658,0.0,24.0,0.0,1.0,0.050000000000000044,0.9772363565862179,0.9673167392611504,0.03306538355536759,0.85
md_cbad_dqn,816,221,79.80913745760918,78.9250885165483,29.112222582101822,50.69691399633884,1.4804387465119362,16254.197444915771,0.0,24.0,0.0,2.0,0.050000000000000044,0.8865066077560186,0.8765298761427402,0.03325580293312669,0.85
md_cbad_dqn,816,222,65.40998766571283,78.36191150307657,25.443260557949543,39.96672737598419,1.3903377149254084,14072.93900680542,0.0,20.0,0.0,0.0,0.050000000000000044,1.1198047641664743,1.1108056120574474,0.02999715821351856,0.85
md_cbad_dqn,816,223,74.20044009536505,78.0726088756323,28.938757874071598,45.26168240010738,1.4565033614635468,16424.060543060303,0.0,21.0,0.0,1.0,0.050000000000000044,1.0621312651783228,1.0527314320206642,0.03133274067658931,0.85
md_cbad_dqn,816,224,78.39712221324444,78.1867558924854,28.616785272955894,49.780337089300154,1.4819323513656855,16237.583030700684,0.0,23.0,0.0,2.0,0.050000000000000044,1.0705893002450466,1.0613810159265995,0.03069431136827916,0.85
md_cbad_dqn,816,225,92.67192415893078,78.62009036481382,32.34615379571915,60.32577061653137,1.5480623170733452,18054.976219177246,0.0,26.0,0.0,1.0,0.050000000000000044,1.1572759300470352,1.1487991362810135,0.02825595752801746,0.85
md_cbad_dqn,816,226,78.9085144340992,78.70078554511072,29.19438824802637,49.71412626802921,1.502748160623014,16572.84296989441,0.0,23.0,0.0,1.0,0.050000000000000044,1.359422031790018,1.3504825178533792,0.029798441450111568,0.85
md_cbad_dqn,816,227,81.4796338185668,78.50780065573753,30.583932153880596,50.89570142626762,1.5201825397089124,17454.286323547363,0.0,26.0,0.0,3.0,0.050000000000000044,1.2168460339307785,1.2075141612440348,0.03110624453984201,0.85
md_cbad_dqn,816,228,84.51052570343018,79.18589708089829,31.149652540683746,53.36087331175804,1.5513889975845814,17431.813747406006,0.0,24.0,0.0,0.0,0.050000000000000044,1.0038981102406979,0.9954309109598398,0.028224024805240333,0.85
md_cbad_dqn,816,229,79.48670157790184,78.89908193074167,28.65947402268648,50.827227145433426,1.4828863432630897,16145.752193450928,0.0,24.0,0.0,0.0,0.050000000000000044,1.2406049836426973,1.2318507079035044,0.029180984711274505,0.85
md_cbad_dqn,816,230,83.64811898171902,78.96611831627787,29.31782591342926,54.33029308319092,1.495219868607819,16508.394729614258,0.0,25.0,0.0,1.0,0.050000000000000044,1.1580223068594933,1.149691380560398,0.027769762556999922,0.85
md_cbad_dqn,816,231,77.6267318829894,79.00956456556918,28.403212778270245,49.22351958155632,1.486513634212315,16075.810203552246,0.0,23.0,0.0,3.0,0.050000000000000044,1.1414809618145227,1.1327881887555122,0.028975905966944993,0.85
md_cbad_dqn,816,232,71.05459133684636,79.11961090691389,26.692282989621162,44.362307929992674,1.4236870892345905,14946.694610595703,0.0,23.0,0.0,1.0,0.050000000000000044,0.8572427034378052,0.8492009844630957,0.02680568117648363,0.85
md_cbad_dqn,816,233,85.78456358611584,79.20737122498454,29.922569260001183,55.86199390888214,1.5205493122339249,16957.94984817505,0.0,25.0,0.0,1.0,0.050000000000000044,1.1951825860887766,1.1856702081859112,0.031707888236269355,0.85
md_cbad_dqn,816,234,88.49748665094376,80.19630937620998,31.255177184939384,57.242309898138046,1.5481264283880591,17646.397491455078,0.0,26.0,0.0,1.0,0.050000000000000044,1.2990930285304785,1.288290461525321,0.03600856743287295,0.85
md_cbad_dqn,816,235,73.82931538820267,79.7643944848329,28.082261472940445,45.74705412387848,1.4677687054499984,15717.880519866943,0.0,23.0,0.0,1.0,0.050000000000000044,0.9917243588715792,0.9805778861045837,0.03715490782633424,0.85
md_cbad_dqn,816,236,88.52750448137522,80.24963942497969,31.12241116911173,57.40509310364723,1.5439050728455186,17788.75616455078,0.0,27.0,0.0,1.0,0.050000000000000044,1.1837439835071564,1.1744148805737495,0.031097039696760476,0.85
md_cbad_dqn,816,237,81.84541070461273,80.02078560426833,28.922655254602432,52.922755151987076,1.4798770993947983,16353.018299102783,0.0,24.0,0.0,0.0,0.050000000000000044,1.25703208707273,1.2462658304721117,0.03588751284405589,0.85
md_cbad_dqn,816,238,91.88611812889576,79.95277515366675,30.78578270971775,61.10033518075943,1.5676803663372993,17957.590141296387,0.0,28.0,0.0,0.0,0.050000000000000044,1.1435146741569042,1.1341943610459566,0.03106777067296207,0.85
md_cbad_dqn,816,239,67.21660054475069,80.38900389015676,26.31318263709545,40.90341806411743,1.419241569004953,14853.828304290771,0.0,21.0,0.0,0.0,0.050000000000000044,1.3437433056533337,1.3330256137996912,0.03572565340436995,0.85
md_cbad_dqn,816,240,99.32863500714302,81.20595319092273,30.556211315095425,68.7724235355854,1.595665647648275,17969.63670349121,0.0,31.0,0.0,1.0,0.050000000000000044,1.3968869894742966,1.386830184608698,0.03352266864385456,0.85
md_cbad_dqn,816,241,71.78039482533931,80.80451605930924,28.53813925385475,43.24225580990314,1.496729283593595,16333.96203994751,0.0,21.0,0.0,2.0,0.050000000000000044,1.3587480504065752,1.34975023008883,0.029992727446369827,0.85
md_cbad_dqn,816,242,79.78976637274027,81.52350499466061,28.4898683950305,51.29989759027958,1.4713428318500519,15852.070362091064,0.0,24.0,0.0,1.0,0.050000000000000044,1.0646555740386248,1.0548153035342693,0.03280089108739048,0.85
md_cbad_dqn,816,243,86.27696979045868,82.1273314794153,29.23093532025814,57.04603499174118,1.4991925302892923,16344.5246925354,0.0,26.0,0.0,1.0,0.050000000000000044,1.1989028714597225,1.1905347406864166,0.027893763268366456,0.85
md_cbad_dqn,816,244,93.16889431327581,82.86592008441686,32.268466517329216,60.90042808651924,1.5750912753865123,17933.712371826172,0.0,27.0,0.0,0.0,0.050000000000000044,1.1593654248863459,1.1499364171177149,0.03143009287305176,0.85
md_cbad_dqn,816,245,74.10297227799893,81.93747249037028,28.277717605233192,45.82525480687618,1.440523175522685,15553.604574203491,0.0,22.0,0.0,1.0,0.050000000000000044,1.0095808673650026,1.0000084228813648,0.03190816566348076,0.85
md_cbad_dqn,816,246,80.05772400796414,81.99493296906353,29.348484739661217,50.70923922359943,1.4983864352107048,16268.913486480713,0.0,24.0,0.0,1.0,0.050000000000000044,1.1073031965643167,1.09760014526546,0.032343558967113495,0.85
md_cbad_dqn,816,247,78.09584983587266,81.82574376992883,28.524008810520172,49.571840637922286,1.4744410263374448,16311.496635437012,0.0,25.0,0.0,1.0,0.050000000000000044,1.1094118356704712,1.0994529817253351,0.03319616406224668,0.85
md_cbad_dqn,816,248,88.17636560946703,82.00903576523066,28.798245042562485,59.378119844198224,1.5105410618707538,16475.576831817627,0.0,26.0,0.0,2.0,0.050000000000000044,1.3279802519828081,1.318238828331232,0.032471427344717085,0.85
md_cbad_dqn,816,249,79.67401260882616,82.01840131677689,28.453638538718224,51.220374181866646,1.4793558046221733,16058.340383529663,0.0,25.0,0.0,1.0,0.050000000000000044,1.3707647733390331,1.3608943801373243,0.03290134819690138,0.85
md_cbad_dqn,816,250,86.92975051999092,82.18248289369048,32.016368478536606,54.91338187754154,1.5645794002339244,18081.96940612793,0.0,26.0,0.0,2.0,0.050000000000000044,1.3383007869124413,1.3277874495834112,0.03504449862521142,0.85
md_cbad_dqn,816,251,80.62722005695105,82.33250730238855,30.827518731355667,49.79970142245293,1.532375257462263,17215.98295211792,0.0,23.0,0.0,0.0,0.050000000000000044,1.4044521301984787,1.3954316526651382,0.03006826585624367,0.85
md_cbad_dqn,816,252,82.0758965164423,82.88357256136834,30.34128611534834,51.73461063206196,1.528104204684496,17498.302185058594,0.0,25.0,0.0,0.0,0.050000000000000044,1.2062317095696926,1.1970391850918531,0.030641769408248365,0.85
md_cbad_dqn,816,253,86.00459963083267,82.89457436360419,28.59987559169531,57.40472428500652,1.4863411579281092,16427.00924873352,0.0,27.0,0.0,0.0,0.050000000000000044,1.1888791415840387,1.1802137419581413,0.028884635539725423,0.85
md_cbad_dqn,816,254,79.65050959289074,82.45222551070154,29.58300679922104,50.06750297248364,1.4826880656182766,16184.063739776611,0.0,24.0,0.0,3.0,0.050000000000000044,1.42427565343678,1.413804717361927,0.0349030785728246,0.85
md_cbad_dqn,816,255,71.58041768670083,82.33978062562645,27.033383786678314,44.547033907473086,1.4247494572773576,14924.746196746826,0.0,22.0,0.0,1.0,0.050000000000000044,1.3142398428171873,1.3025142829865217,0.039085245109163225,0.85
md_cbad_dqn,816,256,88.53207063674927,82.34000893339515,31.506613075733185,57.025457829236984,1.553537885658443,17988.627883911133,0.0,25.0,0.0,0.0,0.050000000000000044,1.3132942467927933,1.3033558689057827,0.03312791383359581,0.85
md_cbad_dqn,816,257,86.41940202116966,82.56870849922299,31.1378683000803,55.2815337061882,1.536295311525464,16884.544052124023,0.0,25.0,0.0,2.0,0.050000000000000044,1.3993042316287756,1.3882896453142166,0.0367152999388054,0.85
md_cbad_dqn,816,258,92.98723652213812,82.62376441888512,33.28618352860212,59.70105278491974,1.5843308763578534,18907.54290008545,0.0,27.0,0.0,0.0,0.050000000000000044,1.3088414669036865,1.2983190957456827,0.03507458884268999,0.85
md_cbad_dqn,816,259,85.6920183390379,83.54753530859946,30.188154578208923,55.50386362671852,1.509192164056003,17109.317415237427,0.0,25.0,0.0,1.0,0.050000000000000044,1.2773246690630913,1.2669970989227295,0.034425241174176335,0.85
md_cbad_dqn,816,260,79.45377736687661,82.55379242658616,28.262877240777016,51.19089933633804,1.4587549902498722,15683.051795959473,0.0,25.0,0.0,3.0,0.050000000000000044,1.1545673962682486,1.1452159378677607,0.031171506503596902,0.85
md_cbad_dqn,816,261,74.51162035912276,82.69035370327533,28.60033567994833,45.91128527522087,1.4561981474980712,16176.07897567749,0.0,22.0,0.0,1.0,0.050000000000000044,1.3538497164845467,1.3439834732562304,0.032887513865716755,0.85
md_cbad_dqn,816,262,81.29650593549013,82.76569068141283,30.7110710516572,50.58543461561203,1.533665887080133,17352.931297302246,0.0,23.0,0.0,0.0,0.050000000000000044,1.3886529579758644,1.3777782171964645,0.036249106051400304,0.85
md_cbad_dqn,816,263,87.74505572021008,82.83909497790039,27.952678114175797,59.79237748682499,1.47835136577487,15838.013345718384,0.0,27.0,0.0,1.0,0.050000000000000044,1.3110188879072666,1.30204514041543,0.02991248364560306,0.85
md_cbad_dqn,816,264,89.39092886596919,82.65019670553507,29.685757145285606,59.705171757936476,1.5068259611725807,16741.381801605225,0.0,26.0,0.0,2.0,0.050000000000000044,1.3378292117267847,1.3288886956870556,0.029801710974425077,0.85
md_cbad_dqn,816,265,89.90835043042898,83.44046561315656,29.934830844402313,59.97351963818073,1.5136446924880147,16949.658729553223,0.0,28.0,0.0,0.0,0.050000000000000044,1.745853554457426,1.7359455041587353,0.03302679501939565,0.85
md_cbad_dqn,816,266,87.96297384202481,83.83572810485961,29.940476402640343,58.022497260570525,1.5255647180601954,16959.888999938965,0.0,25.0,0.0,1.0,0.050000000000000044,1.1427189465612173,1.132514026015997,0.03401639801450074,0.85
md_cbad_dqn,816,267,84.40708447247744,84.15128983668986,29.33380451798439,55.073280334472656,1.48629348911345,16535.101524353027,0.0,26.0,0.0,1.0,0.050000000000000044,1.4924996718764305,1.4823535438627005,0.033820406068116426,0.85
md_cbad_dqn,816,268,80.10284707844258,83.74761391013863,28.419270895421505,51.68357611596584,1.4549752781167626,16000.47787284851,0.0,23.0,0.0,1.0,0.050000000000000044,1.1547247171401978,1.1443103831261396,0.03471443150192499,0.85
md_cbad_dqn,816,269,84.97219707369804,84.01252313338222,29.536231860518456,55.435965079069135,1.5187965482473373,16849.26526451111,0.0,25.0,0.0,2.0,0.050000000000000044,1.178304884582758,1.1689408905804157,0.03121328807901591,0.85
md_cbad_dqn,816,270,84.09313822090625,83.87069251842797,29.185525223612785,54.90761359333992,1.519721650518477,16447.752994537354,0.0,24.0,0.0,2.0,0.050000000000000044,1.2952744774520397,1.285627018660307,0.032158195856027305,0.85
md_cbad_dqn,816,271,77.44047331213952,83.7113551811874,27.931408680975437,49.509064295887946,1.4647021554410458,15722.495183944702,0.0,25.0,0.0,1.0,0.050000000000000044,0.9909965042024851,0.9821963980793953,0.029333692276850343,0.85
md_cbad_dqn,816,272,83.93428894132376,83.80427480243148,28.74570596218109,55.18858280777931,1.4927718210965395,16604.92011642456,0.0,25.0,0.0,0.0,0.050000000000000044,1.2698714658617973,1.2605442889034748,0.031090621137991548,0.85
md_cbad_dqn,816,273,68.14213380217552,82.91115151099861,27.33381526172161,40.80831852555275,1.4423023294657469,15384.619596481323,0.0,22.0,0.0,2.0,0.050000000000000044,1.1929945405572653,1.1844792123883963,0.02838439808692783,0.85
md_cbad_dqn,816,274,69.92913400679826,82.42508273169399,27.29802632331848,42.63110763132572,1.4323154129087925,15323.254470825195,0.0,20.0,0.0,2.0,0.050000000000000044,1.3127827886492014,1.3041034918278456,0.028931022388860583,0.85
md_cbad_dqn,816,275,58.881495447456835,81.79013661973178,25.58517125248909,33.296323829889296,1.4015052653849125,14311.157447814941,0.0,17.0,0.0,1.0,0.050000000000000044,1.0309482291340828,1.021118439733982,0.03276597976218909,0.85
md_cbad_dqn,816,276,79.92017744630576,81.35954196020961,29.267934270203114,50.65224298238754,1.4870050381869078,16294.642574310303,0.0,24.0,0.0,1.0,0.050000000000000044,1.5033530052751303,1.4940275438129902,0.031084846588782966,0.85
md_cbad_dqn,816,277,79.49981393665075,81.01356255598367,28.006760768592358,51.49305307865143,1.4522395376116037,15901.00210571289,0.0,23.0,0.0,0.0,0.050000000000000044,1.250636987388134,1.2414262183010578,0.030702557181939483,0.85
md_cbad_dqn,816,278,78.17213027179241,80.27280724346639,28.595870800316334,49.576260074973106,1.4738036384806037,16260.35933303833,0.0,24.0,0.0,1.0,0.050000000000000044,1.2369041685014963,1.2268816120922565,0.03340854437556118,0.85
md_cbad_dqn,816,279,88.82984488606454,80.42969857081772,31.518092699348927,57.31175179183483,1.5623580776154995,18111.632987976074,0.0,28.0,0.0,1.0,0.050000000000000044,1.225418832153082,1.2166466284543276,0.02924071263987571,0.85
md_cbad_dqn,816,280,86.78257979750633,80.7961386923492,31.51692845672369,55.2656513184309,1.617024490609765,18687.86870574951,0.0,26.0,0.0,3.0,0.050000000000000044,1.4578760415315628,1.4483272954821587,0.031829081941396,0.85
md_cbad_dqn,816,281,77.14751596152783,80.92793347246946,26.88027188181877,50.26724397540092,1.4358150865882635,15229.820417404175,0.0,23.0,0.0,1.0,0.050000000000000044,1.5377442315220833,1.5284057073295116,0.031128469854593277,0.85
md_cbad_dqn,816,282,101.76526068150997,81.95137120977046,32.978902354836464,68.78635811805725,1.597673710435629,18859.905529022217,0.0,30.0,0.0,0.0,0.050000000000000044,1.5606323778629303,1.5502655133605003,0.034556216560304165,0.85
md_cbad_dqn,816,283,90.95411048829556,82.11182394817472,31.11246657371521,59.84164388477802,1.55535682849586,17590.26820373535,0.0,27.0,0.0,2.0,0.050000000000000044,1.2345507722347975,1.2253821045160294,0.030562173575162888,0.85
md_cbad_dqn,816,284,79.83942711502314,81.63424886062742,29.170157939195633,50.669269078969954,1.4640432288870215,16109.202659606934,0.0,23.0,0.0,1.0,0.050000000000000044,1.2587025258690119,1.2493117172271013,0.03130267735105008,0.85
md_cbad_dqn,816,285,85.12438606619835,81.3950506424159,31.14937548339367,53.97501101493835,1.5478227091953158,17515.793350219727,0.0,24.0,0.0,1.0,0.050000000000000044,1.447459826245904,1.437400920316577,0.033529697568155825,0.85
md_cbad_dqn,816,286,77.38708829879761,80.86625636525454,27.935346893966198,49.451741963624954,1.4636006047949195,15850.885643005371,0.0,24.0,0.0,1.0,0.050000000000000044,1.665006808936596,1.6556674465537071,0.031131166615523398,0.85
md_cbad_dqn,816,287,85.63196533918381,80.92750040858985,30.115882977843285,55.516082897782326,1.5278728678822517,17453.235424041748,0.0,25.0,0.0,0.0,0.050000000000000044,1.5522361490875483,1.5426918864250183,0.031814187532290816,0.85
md_cbad_dqn,816,288,72.71017071157694,80.55786659024656,27.615468092262745,45.094702664017674,1.435292162001133,15036.197528839111,0.0,22.0,0.0,2.0,0.050000000000000044,0.8977623004466295,0.8872854169458151,0.0349229663843289,0.85
md_cbad_dqn,816,289,60.19100435078144,79.31880695410074,25.647307977080345,34.54369634389877,1.3822333244606853,14619.729621887207,0.0,18.0,0.0,0.0,0.050000000000000044,1.1991868484765291,1.1898906230926514,0.030987407779321074,0.85
md_cbad_dqn,816,290,95.21257249265909,79.87477866768837,35.25132945924997,59.9612432718277,1.6127972565591335,19325.090579986572,0.0,25.0,0.0,0.0,0.050000000000000044,1.2406649105250835,1.2317341733723879,0.02976911049336195,0.85
md_cbad_dqn,816,291,84.0375607162714,80.20463303789496,29.871346175670624,54.16621458530426,1.5249917525798082,16979.289642333984,0.0,26.0,0.0,1.0,0.050000000000000044,1.0592864714562893,1.0493108816444874,0.03325201396364719,0.85
md_cbad_dqn,816,292,73.90345967561007,79.70309157460929,28.193696595728397,45.70976243913174,1.4728516973555088,16044.873329162598,0.0,22.0,0.0,1.0,0.050000000000000044,1.46751176007092,1.4577914662659168,0.032400993863120675,0.85
md_cbad_dqn,816,293,94.64872179925442,81.02842097446323,31.249729856848717,63.39899165928364,1.5546755297109485,17722.204231262207,0.0,28.0,0.0,0.0,0.050000000000000044,1.2305119428783655,1.2206670492887497,0.03281629434786737,0.85
md_cbad_dqn,816,294,51.86338445544243,80.12513349689543,22.103210777044296,29.760173693299294,1.2912139482796192,12740.81173324585,0.0,19.0,0.0,1.0,0.050000000000000044,1.4352259542793036,1.4253208097070456,0.03301714803092182,0.85
md_cbad_dqn,816,295,75.44947914034128,80.95353268153966,27.23838136345148,48.211097702383995,1.426575731486082,15233.310855865479,0.0,24.0,0.0,0.0,0.050000000000000044,1.3681198041886091,1.3575994223356247,0.03506795328576118,0.85
md_cbad_dqn,816,296,83.29884514957666,81.1224660667032,30.621898092329502,52.67694666981697,1.5296609280630946,17545.586025238037,0.0,25.0,0.0,0.0,0.050000000000000044,1.333959786221385,1.323888260871172,0.033571762731298804,0.85
md_cbad_dqn,816,297,64.52803681790829,80.37387721076607,25.05943702161312,39.4685997068882,1.3545344760641456,13732.393314361572,0.0,21.0,0.0,0.0,0.050000000000000044,1.3926632851362228,1.383068861439824,0.03198147565126419,0.85
md_cbad_dqn,816,298,84.19369066655636,80.67495523050427,29.17760320007801,55.01608754098415,1.4996366873383522,16444.10022354126,0.0,26.0,0.0,2.0,0.050000000000000044,1.5421583391726017,1.5323398485779762,0.03272832522634417,0.85
md_cbad_dqn,816,299,95.72684429734946,81.01980520106852,31.65760749578476,64.06923677921296,1.588089537806809,18094.427101135254,0.0,30.0,0.0,1.0,0.050000000000000044,1.5148077253252268,1.5048872493207455,0.03306825028266758,0.85
md_cbad_dqn,816,300,94.36559225022793,81.39895582370461,32.5587038397789,61.8068885743618,1.5815305542200804,18353.611839294434,0.0,27.0,0.0,1.0,0.050000000000000044,1.3598783183842897,1.3512223344296217,0.02885331877041608,0.85
md_cbad_dqn,816,301,79.33234835565091,81.50819744341077,29.483730986714363,49.84861674308777,1.4919996522367,16441.724086761475,0.0,23.0,0.0,1.0,0.050000000000000044,1.349683428183198,1.3393554743379354,0.034426491358317435,0.85
md_cbad_dqn,816,302,90.41372708380223,80.94062076352539,31.370254069566727,59.04347259700298,1.5617892807349563,17669.512729644775,0.0,27.0,0.0,1.0,0.050000000000000044,1.3303074464201927,1.320395139977336,0.03304106101859361,0.85
md_cbad_dqn,816,303,66.94739259034395,79.74028486862781,26.931995175778866,40.01539748907089,1.41422120295465,15000.147123336792,0.0,20.0,0.0,0.0,0.050000000000000044,1.5029579382389784,1.4942679405212402,0.028966641519218683,0.85
md_cbad_dqn,816,304,90.6061269491911,80.27861986033619,32.14820799231529,58.45791882276535,1.5642183125019073,18066.716011047363,0.0,25.0,0.0,0.0,0.050000000000000044,1.4478558450937271,1.4376275651156902,0.03409423504490405,0.85
md_cbad_dqn,816,305,73.10415980964899,79.67760854750873,26.983649738132954,46.120510667562485,1.4481909330934286,15369.68268585205,0.0,20.0,0.0,0.0,0.050000000000000044,1.6338219419121742,1.624529305845499,0.03097545716445893,0.85
md_cbad_dqn,816,306,78.39872617274523,79.72819044120611,28.433380775153637,49.96534550189972,1.4660000810399652,16014.038347244263,0.0,22.0,0.0,0.0,0.050000000000000044,1.545066175982356,1.534771852195263,0.034314380027353764,0.85
md_cbad_dqn,816,307,80.16977983117104,79.45508116580547,28.582783557474613,51.5869960129261,1.47431883495301,15986.409610748291,0.0,24.0,0.0,1.0,0.050000000000000044,1.399625025689602,1.3907649386674166,0.02953362965490669,0.85
md_cbad_dqn,816,308,83.12423981130124,79.97578462079169,29.56071040034294,53.56352927684784,1.50937370210886,16534.383666992188,0.0,26.0,0.0,2.0,0.050000000000000044,1.4783652070909739,1.4683383200317621,0.03342294879257679,0.85
md_cbad_dqn,816,309,76.46676970422268,80.78957288846375,27.008026033639908,49.4587440431118,1.446381731890142,14971.940883636475,0.0,23.0,0.0,3.0,0.050000000000000044,1.2643268499523401,1.2552044373005629,0.030408087302930653,0.85
md_cbad_dqn,816,310,82.14615947902203,80.1362522377819,30.198493108153343,51.94766668379307,1.5308202942833304,16861.296169281006,0.0,24.0,0.0,1.0,0.050000000000000044,1.5647709239274263,1.5563123896718025,0.028195037506520748,0.85
md_cbad_dqn,816,311,89.15763595700264,80.39225599981846,30.886964097619057,58.27067182958126,1.5537011856213212,17517.523265838623,0.0,27.0,0.0,2.0,0.050000000000000044,1.2843892499804497,1.2758894301950932,0.028332739137113094,0.85
md_cbad_dqn,816,312,85.84626072645187,80.98939605236055,30.699837997555733,55.14642271399498,1.5606111017987132,17621.28653907776,0.0,27.0,0.0,0.0,0.050000000000000044,1.4431533180177212,1.433523204177618,0.032100424519740045,0.85
md_cbad_dqn,816,313,64.90097593516111,79.50200875915587,25.89022084325552,39.01075533032417,1.4092117780819535,15089.478874206543,0.0,19.0,0.0,0.0,0.050000000000000044,1.3639731965959072,1.3548816554248333,0.030305186635814607,0.85
md_cbad_dqn,816,314,74.81993277072907,80.6498361749202,27.54821528494358,47.27171760499478,1.4258370837196708,15469.299263000488,0.0,22.0,0.0,4.0,0.050000000000000044,1.1832602247595787,1.1739021893590689,0.03119344951119274,0.85
md_cbad_dqn,816,315,78.98765374869109,80.8267449053377,28.229946684092283,50.75770757496357,1.4692287631332874,15914.339765548706,0.0,24.0,0.0,1.0,0.050000000000000044,1.2936110850423574,1.283555556088686,0.033518393989652395,0.85
md_cbad_dqn,816,316,77.61883384883404,80.54274434030057,28.121111825108528,49.49772190451622,1.4533085720613599,15913.02534866333,0.0,23.0,0.0,1.0,0.050000000000000044,1.4022824931889772,1.3931475766003132,0.030449697864241898,0.85
md_cbad_dqn,816,317,84.26062599718571,81.52937379926445,31.25408322364092,53.00654278099537,1.557648055255413,17727.836307525635,0.0,24.0,0.0,1.0,0.050000000000000044,1.182518558576703,1.1730112563818693,0.03169100696686655,0.85
md_cbad_dqn,816,318,98.02662465274334,82.2210204985738,34.910699620842934,63.115924555063245,1.6547569250687957,19676.07525253296,0.0,28.0,0.0,3.0,0.050000000000000044,1.4049882516264915,1.3954899422824383,0.031661040033213794,0.85
md_cbad_dqn,816,319,81.29268535971642,81.49931255169214,27.770368292927742,53.52231687307358,1.4765561474487185,15908.739120483398,0.0,23.0,0.0,0.0,0.050000000000000044,1.4850713424384594,1.475882951170206,0.030627920292317867,0.85
md_cbad_dqn,816,320,76.51952485740185,80.60700918205083,28.434538677334785,48.08498629927635,1.4882072573527694,16119.21639251709,0.0,23.0,0.0,0.0,0.050000000000000044,1.4125443324446678,1.4034393411129713,0.030349987326189876,0.85
md_cbad_dqn,816,321,76.44062170386314,80.46242284946143,28.064468182623386,48.37615340948105,1.4942191196605563,16219.668716430664,0.0,23.0,0.0,0.0,0.050000000000000044,1.6515140496194363,1.6431805845350027,0.027778245392255485,0.85
md_cbad_dqn,816,322,75.3074634373188,79.70710966713727,27.451748482882977,47.85571536421776,1.4812839394435287,16007.402339935303,0.0,25.0,0.0,0.0,0.050000000000000044,1.5905831400305033,1.5821043942123652,0.028262485866434872,0.85
md_cbad_dqn,816,323,96.40418151021004,81.17994911313056,33.3354534804821,63.06872779130936,1.6013556402176619,19221.842056274414,0.0,28.0,0.0,0.0,0.050000000000000044,1.3581872768700123,1.3488778546452522,0.031031346996314824,0.85
md_cbad_dqn,816,324,99.711608761549,81.63522320374847,33.86460913717747,65.84700014591218,1.5962732313200831,18928.532329559326,0.0,29.0,0.0,1.0,0.050000000000000044,1.0516463052481413,1.0426118429750204,0.03011485852766782,0.85
md_cbad_dqn,816,325,82.75440023243428,82.11773522488775,32.26107790321112,50.49332227706909,1.5771427499130368,18517.394525527954,0.0,23.0,0.0,2.0,0.050000000000000044,1.284256026148796,1.2743064519017935,0.03316520026419312,0.85
md_cbad_dqn,816,326,90.97040722668171,82.74631927758458,30.83847224712372,60.13193472623825,1.5129602290689945,17415.006282806396,0.0,27.0,0.0,2.0,0.050000000000000044,1.5316987372934818,1.5228522457182407,0.02948829240631312,0.85
md_cbad_dqn,816,327,87.91975475102663,83.13381802357735,31.46000887453556,56.45974551141262,1.5305409878492355,17684.382678985596,0.0,26.0,0.0,0.0,0.050000000000000044,1.6139779854565859,1.6053524799644947,0.028751695877872407,0.85
md_cbad_dqn,816,328,95.75700706392527,83.76545638620856,32.78884357213974,62.9681636929512,1.5586804673075676,18038.989212036133,0.0,30.0,0.0,2.0,0.050000000000000044,1.6263243854045868,1.6166460886597633,0.03226106567308307,0.85
md_cbad_dqn,816,329,58.04965019226074,82.84460041061045,25.169437438249588,32.88021242618561,1.3650684179738164,13992.366165161133,0.0,18.0,0.0,1.0,0.050000000000000044,1.3050278946757317,1.295104580000043,0.03307770914398134,0.85
md_cbad_dqn,816,330,55.99769127815962,81.53717700056733,25.71317868679762,30.284512904286384,1.3734998917207122,14570.768119812012,0.0,19.0,0.0,3.0,0.050000000000000044,1.50930505245924,1.5009351409971714,0.027899664361029863,0.85
md_cbad_dqn,816,331,74.68520146757365,80.81355527609588,27.754640631377697,46.93056111931801,1.4417281653732061,15664.720249176025,0.0,23.0,0.0,1.0,0.050000000000000044,1.7049941327422857,1.6936367079615593,0.03785808151587844,0.85
md_cbad_dqn,816,332,86.63115702718497,80.85280009113254,29.95170232653618,56.679455482959746,1.5169603312388062,17091.474731445312,0.0,25.0,0.0,3.0,0.050000000000000044,1.452447485178709,1.4424774646759033,0.033233370748348534,0.85
md_cbad_dqn,816,333,84.33560737371445,81.8245316630602,29.954228073358536,54.38137983679771,1.527353790588677,17252.037796020508,0.0,24.0,0.0,1.0,0.050000000000000044,1.3035069592297077,1.2952549885958433,0.027506538783200085,0.85
md_cbad_dqn,816,334,80.53869360685349,82.11046970486642,28.397323228418827,52.141370698809624,1.4849859662353992,16226.577102661133,0.0,24.0,0.0,0.0,0.050000000000000044,1.4591286405920982,1.448408992961049,0.035732153337448835,0.85
md_cbad_dqn,816,335,74.78311152756214,81.90024259380996,28.458613194525242,46.32449823617935,1.4984205616638064,16749.07092666626,0.0,22.0,0.0,0.0,0.050000000000000044,1.5401381272822618,1.5293055232614279,0.03610871254932135,0.85
md_cbad_dqn,816,336,87.41627661883831,82.3901147323102,29.58169834315777,57.83457808196545,1.54910727776587,17323.859519958496,0.0,27.0,0.0,1.0,0.050000000000000044,1.35941675119102,1.3491664994508028,0.03416749637108296,0.85
md_cbad_dqn,816,337,88.01291644722224,82.577729254812,29.524585358798504,58.488331192731856,1.4751556916162372,16421.085582733154,0.0,27.0,0.0,2.0,0.050000000000000044,1.2427293881773949,1.233798684552312,0.02976901875808835,0.85
md_cbad_dqn,816,338,85.07007295638323,81.929901669994,29.63189696520567,55.43817542493343,1.490432477556169,16157.605072021484,0.0,26.0,0.0,6.0,0.050000000000000044,1.3837473131716251,1.37462486512959,0.030408185091800988,0.85
md_cbad_dqn,816,339,81.21158182770014,81.9258464933932,28.093009427189827,53.11857240796089,1.4808914950117469,15953.101402282715,0.0,25.0,0.0,1.0,0.050000000000000044,1.2454300504177809,1.2359661813825369,0.03154623170848936,0.85
md_cbad_dqn,816,340,75.27701342403888,81.86372092172505,28.230754747986794,47.04625866115093,1.4733714424073696,16218.16032409668,0.0,21.0,0.0,2.0,0.050000000000000044,1.451917227357626,1.4424190409481525,0.03166059544309974,0.85
md_cbad_dqn,816,341,94.47079646587372,82.76522965982556,32.08506312966347,62.38573403656483,1.5985020389780402,18319.237197875977,0.0,29.0,0.0,1.0,0.050000000000000044,1.3958672750741243,1.3863841779530048,0.03161029622424394,0.85
md_cbad_dqn,816,342,88.82271684855223,83.44099233038725,30.520484156906605,58.30223251283169,1.5244731549173594,17070.00103378296,0.0,26.0,0.0,1.0,0.050000000000000044,1.4057995826005936,1.3957545068114996,0.03348360466770828,0.85
md_cbad_dqn,816,343,58.656634874641895,81.55361499860882,25.114039160311222,33.54259532690048,1.3873170213773847,14039.664978027344,0.0,17.0,0.0,0.0,0.050000000000000044,1.5479003358632326,1.5377988778054714,0.0336715851444751,0.85
md_cbad_dqn,816,344,77.8432711005211,80.46019811555745,29.512166798114777,48.331104108691214,1.5076386667788029,16905.793922424316,0.0,24.0,0.0,2.0,0.050000000000000044,1.306979976594448,1.2974376063793898,0.03180788259487599,0.85
md_cbad_dqn,816,345,88.32121233642101,80.7385387207568,31.244408831000328,57.076802372932434,1.5231600925326347,17613.804035186768,0.0,25.0,0.0,0.0,0.050000000000000044,1.4508962221443653,1.4417287539690733,0.030558250728063285,0.85
md_cbad_dqn,816,346,93.65424527525902,80.87273062318563,30.80857402086258,62.8456715375185,1.5413754964247346,17404.718906402588,0.0,28.0,0.0,2.0,0.050000000000000044,1.4740434736013412,1.4643113352358341,0.03244043095037341,0.85
md_cbad_dqn,816,347,85.30422113984824,80.74195394262672,31.064938455820084,54.2392830491066,1.5666377674788237,18161.528312683105,0.0,26.0,0.0,1.0,0.050000000000000044,1.6791028790175915,1.6694275587797165,0.03225107560865581,0.85
md_cbad_dqn,816,348,91.64165586233139,80.53618638254703,31.04418632388115,60.59747005999088,1.567713314667344,17750.091369628906,0.0,27.0,0.0,0.0,0.050000000000000044,1.7224119435995817,1.7123666480183601,0.03348429570905864,0.85
md_cbad_dqn,816,349,83.24987797439098,81.79619777165354,29.090089716017246,54.1597880423069,1.4586433535441756,16031.09052658081,0.0,26.0,0.0,0.0,0.050000000000000044,1.4932253882288933,1.4831474535167217,0.03359304158948362,0.85
md_cbad_dqn,816,350,87.50910615324975,83.37176851540805,31.028994739055634,56.48011147379875,1.5177683858200908,17561.834060668945,0.0,27.0,0.0,1.0,0.050000000000000044,1.4968409575521946,1.486932683736086,0.03302757709752768,0.85
md_cbad_dqn,816,351,90.1211439460516,84.14356563933195,30.74905176460743,59.37209233045578,1.5683316169306636,17512.187870025635,0.0,28.0,0.0,1.0,0.050000000000000044,1.3960088957101107,1.3871681522578,0.029469160945154727,0.85
md_cbad_dqn,816,352,87.05889553576708,84.16495256476105,30.09214263409376,56.96675270795822,1.5237118126824498,17416.714611053467,0.0,26.0,0.0,1.0,0.050000000000000044,1.3724091444164515,1.3628413528203964,0.031892639701254666,0.85
md_cbad_dqn,816,353,72.75787791609764,83.58606609188021,28.02388846874237,44.73398956656456,1.4510724721476436,15775.03925704956,0.0,21.0,0.0,2.0,0.050000000000000044,1.336063040420413,1.3263122532516718,0.03250260220374912,0.85
md_cbad_dqn,816,354,84.81156889498234,83.79970985628665,29.311307087540627,55.50026118159294,1.4425926003605127,16047.578525543213,0.0,25.0,0.0,1.0,0.050000000000000044,1.4736518505960703,1.4644164368510246,0.030784707167185843,0.85
md_cbad_dqn,816,355,83.72103285193444,84.24660592250527,30.4737861007452,53.247246825695036,1.536571066826582,17152.904165267944,0.0,25.0,0.0,3.0,0.050000000000000044,1.128845676779747,1.1206061486154795,0.02746510528959334,0.85
md_cbad_dqn,816,356,46.680728086829184,82.20982849590482,22.063915863633156,24.61681247651577,1.294496014714241,12535.537017822266,0.0,16.0,0.0,1.0,0.050000000000000044,1.5023622252047062,1.4928183481097221,0.03181292279623449,0.85
md_cbad_dqn,816,357,80.92502392828465,81.85543386995793,27.879649356007576,53.04537349939346,1.467855821363628,15781.83791732788,0.0,24.0,0.0,2.0,0.050000000000000044,1.8111822716891766,1.802738532423973,0.028145805234089494,0.85
md_cbad_dqn,816,358,89.02663052976132,82.05326174862685,31.58910381793976,57.43752669692039,1.569230922497809,18010.474994659424,0.0,27.0,0.0,1.0,0.050000000000000044,1.300980405882001,1.2908037174493074,0.0339222353650257,0.85
md_cbad_dqn,816,359,83.24379904717208,82.15487260960045,30.853159181773663,52.39063956737518,1.5483976341784,17859.89594268799,0.0,24.0,0.0,1.0,0.050000000000000044,1.7347499653697014,1.726374987512827,0.027916605584323406,0.85
md_cbad_dqn,816,360,75.2882428765297,82.15543408222497,28.934774950146675,46.353467643260956,1.4846229562535882,16212.856449127197,0.0,21.0,0.0,1.0,0.050000000000000044,1.3728002589195967,1.3634298294782639,0.031234782771207392,0.85
md_cbad_dqn,816,361,75.88702119886875,81.22624531887473,26.05552837252617,49.831492483615875,1.4278079951182008,14967.986576080322,0.0,24.0,0.0,2.0,0.050000000000000044,1.694182276725769,1.684858724474907,0.031078488565981388,0.85
md_cbad_dqn,816,362,87.4942015260458,81.1598195527494,31.333282619714737,56.16091911494732,1.549969200976193,17856.82681274414,0.0,25.0,0.0,0.0,0.050000000000000044,1.4353159107267857,1.4252575319260359,0.033527923631481826,0.85
md_cbad_dqn,816,363,78.14608762413263,82.13429219022393,27.810782864689827,50.335304856300354,1.4663924910128117,15909.904880523682,0.0,24.0,0.0,2.0,0.050000000000000044,1.4465339500457048,1.4378014318645,0.029108387883752584,0.85
md_cbad_dqn,816,364,76.9529340133071,82.08977533586324,28.703382797539234,48.249551051855086,1.5251868832856417,16711.782417297363,0.0,22.0,0.0,3.0,0.050000000000000044,1.6238210331648588,1.6156410053372383,0.027266758028417826,0.85
md_cbad_dqn,816,365,68.95268594771623,81.121349016428,25.647444300353527,43.305241885781285,1.4221624918282032,14385.345123291016,0.0,21.0,0.0,2.0,0.050000000000000044,1.7996911350637674,1.7907135002315044,0.029925398295745254,0.85
md_cbad_dqn,816,366,74.1954155638814,80.14840753085912,27.41376920044422,46.78164640069008,1.4515754412859678,15581.88123703003,0.0,23.0,0.0,0.0,0.050000000000000044,1.393705254420638,1.3844329547137022,0.030907702283002436,0.85
md_cbad_dqn,816,367,88.29168476462364,80.29778071209788,29.63075689971447,58.6609285056591,1.4918002504855394,17083.65789794922,0.0,25.0,0.0,3.0,0.050000000000000044,1.4396844655275345,1.429191466420889,0.03497667843475938,0.85
md_cbad_dqn,816,368,97.85465243160725,80.60843054056167,35.570861876010895,62.28379027247429,1.6258587362244725,20003.59231185913,0.0,26.0,0.0,3.0,0.050000000000000044,1.7131723575294018,1.7040668725967407,0.030351611669175327,0.85
md_cbad_dqn,816,369,70.11714071929455,79.95179367780686,26.480939142405987,43.636201405525206,1.4205553829669952,15003.248374938965,0.0,22.0,0.0,3.0,0.050000000000000044,1.3469993025064468,1.3362349513918161,0.03588120744097978,0.85
md_cbad_dqn,816,370,66.8837091177702,78.92052382603289,25.899405479431152,40.98430313169956,1.4142186241224408,14937.06336402893,0.0,20.0,0.0,0.0,0.050000000000000044,1.4068296998739243,1.398393265902996,0.028121412848122418,0.85
md_cbad_dqn,816,371,97.90910432636738,79.30992184504868,33.68250799179077,64.22659623026848,1.6224208706989884,19445.55989074707,0.0,28.0,0.0,2.0,0.050000000000000044,1.4319824557751417,1.4232103414833546,0.029240365605801344,0.85
md_cbad_dqn,816,372,91.88447779417038,79.55120095796885,30.935960553586483,60.94851744174957,1.555844634771347,17690.91346359253,0.0,28.0,0.0,0.0,0.050000000000000044,1.480350298807025,1.4712476581335068,0.030342059675604105,0.85
md_cbad_dqn,816,373,77.9911600664258,79.81286506548525,29.179623633623123,48.811536306142806,1.4927372932434082,16344.35189819336,0.0,22.0,0.0,1.0,0.050000000000000044,1.2999147772789001,1.2904614675790071,0.03151106368750334,0.85
md_cbad_dqn,816,374,81.44058186709881,79.64431571409108,27.729265704751015,53.71131616234779,1.4735011290758848,15550.573974609375,0.0,24.0,0.0,2.0,0.050000000000000044,1.262810107320547,1.254044346511364,0.029219220159575343,0.85
md_cbad_dqn,816,375,61.4979671984911,78.5331624314189,25.00909125804901,36.488876044750214,1.367911061272025,14522.632774353027,0.0,20.0,0.0,1.0,0.050000000000000044,1.5351787395775318,1.5253582336008549,0.03273503656964749,0.85
md_cbad_dqn,816,376,98.13541665673256,81.10589685991408,31.987556591629982,66.14785975217819,1.595698137767613,18387.952522277832,0.0,28.0,0.0,0.0,0.050000000000000044,1.320215905085206,1.310366727411747,0.032830588635988533,0.85
md_cbad_dqn,816,377,66.00041953921318,80.3596666404605,25.17177377641201,40.82864550948143,1.4084190856665373,14550.999588012695,0.0,20.0,0.0,5.0,0.050000000000000044,1.7234031334519386,1.7133562378585339,0.03348963870666921,0.85
md_cbad_dqn,816,378,93.596878503263,80.58817903913558,33.18215607851744,60.41472254395485,1.576469681225717,18631.683376312256,0.0,26.0,0.0,3.0,0.050000000000000044,1.5024267006665468,1.4920012913644314,0.03475140011869371,0.85
md_cbad_dqn,816,379,49.769975411891934,78.91448785737158,23.670964032411575,26.099011394381524,1.3454594863578677,13641.46231842041,0.0,16.0,0.0,2.0,0.050000000000000044,1.512467673048377,1.5022715274244547,0.03398714738432318,0.85
md_cbad_dqn,816,380,92.00504218041897,79.75032782256605,30.176501765847206,61.82854063808918,1.5657972479239106,17531.657848358154,0.0,27.0,0.0,1.0,0.050000000000000044,1.0654810313135386,1.0555167086422443,0.033214418799616396,0.85
md_cbad_dqn,816,381,67.3232347741723,79.32213850133121,27.52763933688402,39.79559522867203,1.4725081603974104,15963.604194641113,0.0,20.0,0.0,1.0,0.050000000000000044,1.6279783882200718,1.6191646456718445,0.029379109968431294,0.85
md_cbad_dqn,816,382,58.54926514625549,77.8748916823417,23.73265314102173,34.81661193072796,1.3886142512783408,13893.303714752197,0.0,19.0,0.0,0.0,0.050000000000000044,1.4173380322754383,1.4080867692828178,0.030837520491331816,0.85
md_cbad_dqn,816,383,81.33271273225546,78.03422293774784,29.192998357117176,52.1397143304348,1.5036343475803733,16641.174016952515,0.0,24.0,0.0,0.0,0.050000000000000044,1.5899270437657833,1.5807428658008575,0.03061391948722303,0.85
md_cbad_dqn,816,384,75.21883016228676,77.94751774519682,27.202205397188663,48.016624534130095,1.4650666108354926,15623.786148071289,0.0,24.0,0.0,2.0,0.050000000000000044,1.5486799497157335,1.5390171725302935,0.032209228607825935,0.85
md_cbad_dqn,816,385,71.52619566768408,78.07619323119522,27.297261521220207,44.22893442213535,1.4176532253623009,15124.20468711853,0.0,23.0,0.0,1.0,0.050000000000000044,1.5607692077755928,1.5510759633034468,0.03231084474828094,0.85
md_cbad_dqn,816,386,53.78633495569229,77.05573920078577,22.333135902881622,31.45319918692112,1.3191217565909028,12562.728427886963,0.0,17.0,0.0,1.0,0.050000000000000044,1.866181118413806,1.857557637616992,0.02874489570967853,0.85
md_cbad_dqn,816,387,91.99650199115277,77.24098006211223,30.833133034408092,61.16336912810802,1.535249274224043,17730.215324401855,0.0,28.0,0.0,1.0,0.050000000000000044,1.5276338793337345,1.5191246084868908,0.028364239493384957,0.85
md_cbad_dqn,816,388,70.523472443223,75.87442106269302,27.130499690771103,43.392972469329834,1.4348648879677057,15085.308082580566,0.0,21.0,0.0,0.0,0.050000000000000044,1.4957304764539003,1.4860473740845919,0.03227693436201662,0.85
md_cbad_dqn,816,389,73.65535260289907,76.05133165687323,28.39143917709589,45.26391327679157,1.4787320606410503,16257.586837768555,0.0,22.0,0.0,3.0,0.050000000000000044,1.579738810658455,1.56998710334301,0.03250574809499085,0.85
md_cbad_dqn,816,390,71.44192206263543,76.27924230411648,27.100342020392418,44.34158026576042,1.4478508792817593,15344.871730804443,0.0,22.0,0.0,1.0,0.050000000000000044,1.553320236504078,1.5440864954143763,0.030779141234233975,0.85
md_cbad_dqn,816,391,72.07735905051231,74.98765504032373,26.26888196915388,45.80847683548927,1.4218913475051522,14918.99768447876,0.0,23.0,0.0,0.0,0.050000000000000044,1.6807316914200783,1.6717733703553677,0.029861041577532887,0.85
md_cbad_dqn,816,392,92.13919420838356,75.00039086103439,31.148676179349422,60.99051724672317,1.5365270972251892,17685.60906600952,0.0,27.0,0.0,2.0,0.050000000000000044,1.5776867363601923,1.5680595133453608,0.03209077985957265,0.85
md_cbad_dqn,816,393,87.2459332048893,75.46312951795757,30.478254944086075,56.76767808198929,1.5761265670880675,17956.381015777588,0.0,25.0,0.0,2.0,0.050000000000000044,1.542146310210228,1.5321239866316319,0.0334077290026471,0.85
md_cbad_dqn,816,394,82.71901407837868,75.52705112852155,28.462784506380558,54.25622999668121,1.4872385431081057,16119.069881439209,0.0,24.0,0.0,0.0,0.050000000000000044,1.7306263651698828,1.7206197399646044,0.0333553128875792,0.85
md_cbad_dqn,816,395,89.78493922352791,76.9413997297734,30.41399320960045,59.370945864915846,1.5266379164531827,17297.172790527344,0.0,27.0,0.0,3.0,0.050000000000000044,2.3927208464592695,2.3828209917992353,0.03299942996818572,0.85
md_cbad_dqn,816,396,81.13068206757308,76.09116300031545,28.109143771231174,53.021538817882536,1.5018911734223366,16294.183681488037,0.0,24.0,0.0,1.0,0.050000000000000044,1.6979223415255547,1.6879876796156168,0.033115523867309093,0.85
md_cbad_dqn,816,397,95.63729699850083,77.57300687327981,32.57991223037243,63.05738487243652,1.5963348783552647,18787.99359893799,0.0,28.0,0.0,1.0,0.050000000000000044,1.7842002883553505,1.7748659551143646,0.031114347744733095,0.85
md_cbad_dqn,816,398,91.79922401160002,77.48312414869667,33.032870300114155,58.76635308563709,1.620509758591652,19054.80757522583,0.0,28.0,0.0,0.0,0.050000000000000044,1.6117567270994186,1.603313647210598,0.02814364491496235,0.85
md_cbad_dqn,816,399,69.83076743036509,78.48616374962033,26.343916229903698,43.486851543188095,1.4258169075474143,15434.71939086914,0.0,22.0,0.0,0.0,0.050000000000000044,1.623114574700594,1.6145861186087132,0.028428178979083896,0.85
md_cbad_dqn,816,400,72.64627513289452,77.5182253972441,28.28796175122261,44.35831309854984,1.5085979271680117,16239.872898101807,0.0,22.0,0.0,1.0,0.050000000000000044,1.4235171414911747,1.414147401228547,0.031232454464770854,0.85
md_cbad_dqn,816,401,85.61695920079947,78.43291161857546,28.00062544643879,57.61633361279964,1.49571190495044,16154.165096282959,0.0,27.0,0.0,2.0,0.050000000000000044,1.446142142638564,1.4370558224618435,0.03028772061225027,0.85
md_cbad_dqn,816,402,82.66019196808338,79.63845795966685,28.58069672435522,54.079495549201965,1.4906573379412293,16169.500818252563,0.0,25.0,0.0,0.0,0.050000000000000044,1.8100290335714817,1.7996956296265125,0.0344446114031598,0.85
md_cbad_dqn,816,403,73.27492279708386,79.23556846290828,26.92809446156025,46.346827977895735,1.4453620705753565,15194.285526275635,0.0,21.0,0.0,4.0,0.050000000000000044,1.5831429027020931,1.5742516815662384,0.029637431493029,0.85
md_cbad_dqn,816,404,86.0831166818738,79.77878278888764,30.165177546441555,55.91793913543224,1.5057277819141746,16969.94789123535,0.0,26.0,0.0,1.0,0.050000000000000044,1.368340713903308,1.3582515586167574,0.0336305241798982,0.85
md_cbad_dqn,816,405,72.75193307697774,79.84006965935232,26.792015932500362,45.95991707742214,1.4320892691612244,15383.34105682373,0.0,22.0,0.0,1.0,0.050000000000000044,1.4832753203809261,1.4742218814790249,0.03017807740252465,0.85
md_cbad_dqn,816,406,75.03457869589329,80.90248184636236,27.459680065512657,47.57489870488644,1.449860273860395,15436.502700805664,0.0,23.0,0.0,1.0,0.050000000000000044,1.4521903600543737,1.4422380849719048,0.03317423234693706,0.85
md_cbad_dqn,816,407,99.217224919796,81.26351799279453,32.2176553979516,66.99956960380078,1.585068803280592,18353.535850524902,0.0,29.0,0.0,1.0,0.050000000000000044,1.4262328781187534,1.4171055182814598,0.03042449476197362,0.85
md_cbad_dqn,816,408,68.5530192181468,81.16499533154072,26.095777586102486,42.4572417140007,1.4317281814292073,14652.07170677185,0.0,20.0,0.0,0.0,0.050000000000000044,1.4641640521585941,1.4548990298062563,0.030883360654115677,0.85
md_cbad_dqn,816,409,104.4885866343975,82.70665703311563,34.234128192067146,70.25445829331875,1.610378310084343,19369.548667907715,0.0,31.0,0.0,2.0,0.050000000000000044,1.3144471663981676,1.305433377623558,0.030045936116948724,0.85
md_cbad_dqn,816,410,82.68442210555077,83.26878203526141,27.426425084471703,55.25799670815468,1.4457023963332176,15782.586486816406,0.0,27.0,0.0,0.0,0.050000000000000044,1.5402443520724773,1.530843649059534,0.03133569797500968,0.85
md_cbad_dqn,816,411,68.7491452112794,83.10237134329975,27.197580866515636,41.55156391263008,1.4121454088017344,15215.373310089111,0.0,22.0,0.0,2.0,0.050000000000000044,1.690176896750927,1.6811815425753593,0.02998450305312872,0.85
md_cbad_dqn,816,412,71.37003140896559,82.06391320332885,26.946556724607944,44.42347490787506,1.4348255852237344,15462.193252563477,0.0,22.0,0.0,2.0,0.050000000000000044,1.3566818628460169,1.3473662808537483,0.03105190582573414,0.85
md_cbad_dqn,816,413,70.27575812488794,81.21540444932879,26.54761151969433,43.72814658284187,1.4329532943665981,15227.975467681885,0.0,22.0,0.0,2.0,0.050000000000000044,2.101097770035267,2.0909248888492584,0.03390955284703523,0.85
md_cbad_dqn,816,414,68.2634676426649,80.4926271275431,26.114854402840137,42.14861302375793,1.4430763022974133,15953.292388916016,0.0,20.0,0.0,3.0,0.050000000000000044,2.059639673680067,2.0506188571453094,0.03006951231509447,0.85
md_cbad_dqn,816,415,73.60714165270329,79.68373724900187,27.581711873412132,46.02543009221554,1.4671879652887583,15579.999713897705,0.0,21.0,0.0,1.0,0.050000000000000044,1.3374767284840345,1.32702162489295,0.03485039668157697,0.85
md_cbad_dqn,816,416,92.43608469665051,80.24900738045575,32.2861974388361,60.14988767504692,1.606355900876224,18459.5482711792,0.0,28.0,0.0,1.0,0.050000000000000044,1.2887296881526709,1.2785471584647894,0.03394171979743987,0.85
md_cbad_dqn,816,417,75.58103307336569,79.24619418419898,27.274195961654186,48.30683724582195,1.4558458300307393,15392.338802337646,0.0,24.0,0.0,1.0,0.050000000000000044,1.6224921494722366,1.6129830405116081,0.03169691422954202,0.85
md_cbad_dqn,816,418,76.83829959630967,78.49814796343448,28.098434813320637,48.7398644849658,1.4988560853525996,16187.439931869507,0.0,22.0,0.0,1.0,0.050000000000000044,1.7533454466611147,1.7412023469805717,0.04047701938543469,0.85
md_cbad_dqn,816,419,66.44598986208439,78.32890908502044,26.61942356824875,39.82656632363796,1.3988273050636053,14702.622959136963,0.0,21.0,0.0,2.0,0.050000000000000044,1.7888390328735113,1.7795898914337158,0.030830477131530643,0.85
md_cbad_dqn,816,420,84.7623997926712,78.93471531800927,30.897929564118385,53.86447033286095,1.5768818622455,17598.67071914673,0.0,24.0,0.0,2.0,0.050000000000000044,1.3389787636697292,1.3292347323149443,0.03248009376693517,0.85
md_cbad_dqn,816,421,83.04238270223141,78.80598649308085,30.172359831631184,52.87002243101597,1.5298221092671156,16836.206741333008,0.0,25.0,0.0,1.0,0.050000000000000044,1.8041386380791664,1.795856837183237,0.02760603791102767,0.85
md_cbad_dqn,816,422,71.33605322241783,78.23977955579758,26.826355502009392,44.50969755649567,1.489975563250482,16029.631938934326,0.0,22.0,0.0,2.0,0.050000000000000044,1.5138757918030024,1.5036584362387657,0.034057875629514456,0.85
md_cbad_dqn,816,423,79.05851344317198,78.52895908810198,29.177792243659496,49.88072143793106,1.5307077998295426,17027.52642059326,0.0,24.0,0.0,2.0,0.050000000000000044,1.4176646079868078,1.4087287113070488,0.02978629933204502,0.85
md_cbad_dqn,816,424,80.45721045285464,78.24766377665102,30.123834416270256,50.33337599933147,1.5098799653351307,17344.312801361084,0.0,25.0,0.0,2.0,0.050000000000000044,1.4033908545970917,1.3938536942005157,0.03179050865583122,0.85
md_cbad_dqn,816,425,83.69792547225953,78.79496339641511,29.569278374314308,54.12864659130573,1.5113697443157434,16824.646015167236,0.0,25.0,0.0,2.0,0.050000000000000044,1.2893651220947504,1.281086027622223,0.02759694412816316,0.85
md_cbad_dqn,816,426,77.93466802686453,78.9399678629637,28.767520546913147,49.16714735329151,1.4891084805130959,16489.407928466797,0.0,23.0,0.0,2.0,0.050000000000000044,1.3283071145415306,1.3177241943776608,0.03527636802755296,0.85
md_cbad_dqn,816,427,84.12673994898796,78.18544361442329,30.56079463660717,53.56594501435757,1.5434679621830583,17601.047302246094,0.0,25.0,0.0,1.0,0.050000000000000044,1.648630566895008,1.638404231518507,0.03408776642754674,0.85
md_cbad_dqn,816,428,65.50005692392588,78.03279549971224,25.8128300011158,39.68722709417343,1.3990146555006504,14578.421615600586,0.0,20.0,0.0,1.0,0.050000000000000044,1.8014102540910244,1.7917431145906448,0.0322237933287397,0.85
md_cbad_dqn,816,429,81.16458674818277,76.86659550540149,30.166963137686253,50.99762361049652,1.519456342794001,17127.943782806396,0.0,24.0,0.0,2.0,0.050000000000000044,1.264593543484807,1.254923665896058,0.03223287174478173,0.85
md_cbad_dqn,816,430,74.37939232736827,76.45134401649237,29.082582898437977,45.29680989086628,1.4885759772732854,16464.671188354492,0.0,24.0,0.0,2.0,0.050000000000000044,1.7698991298675537,1.7613002844154835,0.02866283862385899,0.85
md_cbad_dqn,816,431,79.23464388549328,76.97561895020307,28.16867746412754,51.06596587002277,1.473864140920341,16134.315628051758,0.0,23.0,0.0,2.0,0.050000000000000044,1.445342006161809,1.4352227468043566,0.03373088384978473,0.85
md_cbad_dqn,816,432,81.32303395867348,77.47326907768846,27.46773487329483,53.855299055576324,1.4334999285638332,15574.666481018066,0.0,24.0,0.0,0.0,0.050000000000000044,1.847062587738037,1.8376723006367683,0.031300879432819784,0.85
md_cbad_dqn,816,433,68.36149932444096,77.37755613766612,24.432306319475174,43.92919275164604,1.3891622722148895,14076.712409973145,0.0,22.0,0.0,1.0,0.050000000000000044,1.9846200160682201,1.9754253663122654,0.030648747575469315,0.85
md_cbad_dqn,816,434,92.32538539916277,78.580652025491,31.650152884423733,60.67523241043091,1.609204651787877,18287.77936553955,0.0,27.0,0.0,2.0,0.050000000000000044,1.4029108379036188,1.394692612811923,0.02739410288631916,0.85
md_cbad_dqn,816,435,75.53569916039706,78.6770799008757,27.828662991523743,47.707035759091376,1.4814611384645104,16244.56106185913,0.0,24.0,0.0,1.0,0.050000000000000044,1.9077536184340715,1.8986292127519846,0.030414650100283325,0.85
md_cbad_dqn,816,436,86.37858508676291,78.37420492038132,30.064630709588528,56.31395388543606,1.5356458676978946,17590.41562271118,0.0,26.0,0.0,2.0,0.050000000000000044,1.4724005870521069,1.462305672466755,0.03364972583949566,0.85
md_cbad_dqn,816,437,69.4393846616149,78.06712249979378,27.30276694148779,42.13661740720272,1.4371369294822216,15506.20724105835,0.0,22.0,0.0,0.0,0.050000000000000044,1.282116198912263,1.27326281927526,0.02951129386201501,0.85
md_cbad_dqn,816,438,87.29606361091138,78.59001070052386,29.339400246739388,57.95666369199753,1.5304733477532864,16921.13775253296,0.0,27.0,0.0,2.0,0.050000000000000044,1.6470619812607765,1.638859586790204,0.027341329609043896,0.85
md_cbad_dqn,816,439,93.37486142069102,79.93645427845419,32.9512929841876,60.423567885160445,1.6112262392416596,18963.496925354004,0.0,26.0,0.0,1.0,0.050000000000000044,1.5790971349924803,1.56982128508389,0.0309195100562647,0.85
md_cbad_dqn,816,440,81.76993228197098,79.78683090291919,28.156857185065746,53.61307526826859,1.4810511702671647,16238.600452423096,0.0,24.0,0.0,3.0,0.050000000000000044,1.6990427803248167,1.6900364868342876,0.03002101695165038,0.85
md_cbad_dqn,816,441,50.27818546891213,78.14862104125322,23.085600651800632,27.192584735155105,1.3233106276020408,13065.286849975586,0.0,16.0,0.0,3.0,0.050000000000000044,1.7283597514033318,1.7189253326505423,0.0314480229280889,0.85
md_cbad_dqn,816,442,91.75065415352583,79.16935108780862,31.61702899634838,60.13362540304661,1.5594011787325144,17760.158615112305,0.0,27.0,0.0,0.0,0.050000000000000044,1.6797321029007435,1.6714183650910854,0.027712493436411023,0.85
md_cbad_dqn,816,443,96.78444895148277,80.05564786322415,30.214069344103336,66.5703791975975,1.5783460615202785,17680.26465988159,0.0,32.0,0.0,2.0,0.050000000000000044,1.7063096426427364,1.6970197651535273,0.03096627036575228,0.85
md_cbad_dqn,816,444,85.226836258173,80.29412915349008,30.061702206730843,55.16513484120369,1.5106257908046246,16993.840866088867,0.0,27.0,0.0,1.0,0.050000000000000044,1.6515280082821846,1.640773693099618,0.035847671795636415,0.85
md_cbad_dqn,816,445,70.93145055472851,79.65580540761353,26.233799271285534,44.697651052474974,1.4334610383957624,15194.79296875,0.0,23.0,0.0,2.0,0.050000000000000044,1.604034261777997,1.5952238142490387,0.02936822222545743,0.85
md_cbad_dqn,816,446,76.13233334720135,79.56568867363038,26.877346731722355,49.2549859970808,1.4363855980336666,15181.057090759277,0.0,24.0,0.0,1.0,0.050000000000000044,1.4991927109658718,1.4898697324097157,0.031076593440957367,0.85
md_cbad_dqn,816,447,76.15669426321983,79.16718638934196,28.616337090730667,47.540357410907745,1.4699265863746405,16357.233093261719,0.0,24.0,0.0,0.0,0.050000000000000044,1.514454547315836,1.505841750651598,0.028709311736747622,0.85
md_cbad_dqn,816,448,69.96636856496335,79.39050197139383,27.176733568310738,42.789634534716605,1.4394720830023289,15825.640266418457,0.0,21.0,0.0,1.0,0.050000000000000044,1.5303454548120499,1.5207567289471626,0.03196241450496018,0.85
md_cbad_dqn,816,449,74.19965968430043,79.04225561819972,27.943929195404053,46.255730578303336,1.4821284981444478,16033.081497192383,0.0,22.0,0.0,1.0,0.050000000000000044,1.467572333291173,1.4581745006144047,0.031326111988164485,0.85
md_cbad_dqn,816,450,85.59477373957634,79.60302468881012,29.930217929184437,55.66455554962158,1.5216572191566229,16909.865688323975,0.0,25.0,0.0,0.0,0.050000000000000044,1.7594658471643925,1.7502564564347267,0.030698029440827668,0.85
md_cbad_dqn,816,451,81.60105682313443,79.72134533569218,29.33190506696701,52.269152069091795,1.5554036498069763,17219.812091827393,0.0,23.0,0.0,1.0,0.050000000000000044,1.5500462837517262,1.5418589897453785,0.027291005360893905,0.85
md_cbad_dqn,816,452,64.7537636846304,78.89288182199003,25.603451542556286,39.15031201541424,1.3957957783713937,14784.816774368286,0.0,19.0,0.0,1.0,0.050000000000000044,1.560612041503191,1.5504879653453827,0.03374690725468099,0.85
md_cbad_dqn,816,453,86.93100277334452,79.8213569944352,29.681285299360752,57.24971753358841,1.545745499432087,17638.7098197937,0.0,25.0,0.0,0.0,0.050000000000000044,1.6040720660239458,1.5936415828764439,0.03476830362342298,0.85
md_cbad_dqn,816,454,94.53968358039856,79.93207190349699,32.417311400175095,62.12237159907818,1.5910985944792628,18224.904720306396,0.0,28.0,0.0,0.0,0.050000000000000044,1.677213054150343,1.6649232972413301,0.04096588119864464,0.85
md_cbad_dqn,816,455,64.3147898197174,79.371026436463,25.340748012065887,38.97404197156429,1.3970937663689256,14622.785514831543,0.0,20.0,0.0,4.0,0.050000000000000044,1.8571598939597607,1.8466426134109497,0.035057589993812144,0.85
md_cbad_dqn,816,456,83.68939374387264,79.23656686931848,30.1722644045949,53.51712994277477,1.525490333326161,17075.49625968933,0.0,25.0,0.0,0.0,0.050000000000000044,1.7959032878279686,1.7861771285533905,0.032420585630461574,0.85
md_cbad_dqn,816,457,89.01826074719429,80.21551067359745,30.56802301108837,58.45023833215237,1.50622733309865,16914.257331848145,0.0,27.0,0.0,0.0,0.050000000000000044,1.7676099613308907,1.758172944188118,0.03145669074729085,0.85
md_cbad_dqn,816,458,75.59278233349323,79.63034660972654,27.36664491146803,48.22613775730133,1.5047224424779415,16270.03669166565,0.0,23.0,0.0,2.0,0.050000000000000044,1.665652859956026,1.6555859595537186,0.033556316047906876,0.85
md_cbad_dqn,816,459,77.91262054592372,78.8572345659882,29.982580490410328,47.93003966808319,1.4898209581151605,17007.266330718994,0.0,24.0,0.0,1.0,0.050000000000000044,1.559236017987132,1.5493929348886013,0.032810257631354034,0.85
md_cbad_dqn,816,460,82.86115309745074,78.91179560676218,28.320937387645245,54.54021562039852,1.4779519475996494,16049.57678604126,0.0,26.0,0.0,2.0,0.050000000000000044,1.6043629180639982,1.5939391925930977,0.03474576841108501,0.85
md_cbad_dqn,816,461,80.94946150481701,80.44535940855742,29.316616222262383,51.63284549117088,1.5268139634281397,17195.745180130005,0.0,24.0,0.0,0.0,0.050000000000000044,1.4027170073240995,1.3933639489114285,0.031176878488622606,0.85
md_cbad_dqn,816,462,74.57687723040581,79.58667056240142,27.50599867105484,47.070878171920775,1.4578761626034975,15583.203422546387,0.0,24.0,0.0,1.0,0.050000000000000044,1.5533822644501925,1.5439454559236765,0.03145608364138752,0.85
md_cbad_dqn,816,463,72.8559282720089,78.39024452842773,26.576969549059868,46.27895876765251,1.4579341653734446,15378.520412445068,0.0,23.0,0.0,0.0,0.050000000000000044,1.6506418567150831,1.64190211892128,0.029132403782568872,0.85
md_cbad_dqn,816,464,87.46299366652966,78.50205239884556,31.445027358829975,56.01796664297581,1.5454680537804961,17802.838611602783,0.0,26.0,0.0,0.0,0.050000000000000044,1.4052790757268667,1.3964884262531996,0.029302142560482025,0.85
md_cbad_dqn,816,465,47.073848485946655,77.30917229540646,21.791557371616364,25.28229132294655,1.316960602067411,12883.596530914307,0.0,14.0,0.0,1.0,0.050000000000000044,1.6511615738272667,1.6421016827225685,0.03019968420267105,0.85
md_cbad_dqn,816,466,78.49737880378962,77.42742456823586,29.282205425202847,49.215173840522766,1.5029890025034547,17072.944778442383,0.0,24.0,0.0,1.0,0.050000000000000044,1.654808584600687,1.6455722860991955,0.03078762354562059,0.85
md_cbad_dqn,816,467,87.22817799001932,77.98099875457584,30.668854020535946,56.559324252605435,1.5187765769660473,17116.661415100098,0.0,25.0,0.0,4.0,0.050000000000000044,1.6364617310464382,1.6268922705203295,0.03189829317852855,0.85
md_cbad_dqn,816,468,94.36037613153458,79.20069913290442,32.720898009836674,61.63947826325894,1.6033814391121268,18838.811462402344,0.0,29.0,0.0,3.0,0.050000000000000044,1.5123895537108183,1.5026931427419186,0.03232141863554716,0.85
md_cbad_dqn,816,469,72.1882943212986,79.10013086475433,27.916540876030922,44.27175348997116,1.4751282446086407,16271.181018829346,0.0,22.0,0.0,1.0,0.050000000000000044,1.719895489513874,1.709742059931159,0.033844773075543344,0.85
md_cbad_dqn,816,470,76.61173585802317,78.65097897067666,27.779198057949543,48.83253809809685,1.453983748331666,15876.039730072021,0.0,23.0,0.0,1.0,0.050000000000000044,1.6548823527991772,1.645004078745842,0.03292757796589285,0.85
md_cbad_dqn,816,471,90.62391869723797,79.10212206438185,31.02001528441906,59.60390406847,1.602054507471621,18296.22858428955,0.0,26.0,0.0,1.0,0.050000000000000044,1.4424696117639542,1.4327931236475706,0.03225500707048923,0.85
md_cbad_dqn,816,472,68.13221351504326,79.27104455590248,25.79185749590397,42.34035564661026,1.418079810217023,15047.961795806885,0.0,19.0,0.0,3.0,0.050000000000000044,1.5057644043117762,1.4962164964526892,0.03182638238649815,0.85
md_cbad_dqn,816,473,80.31799685955048,78.94039426021278,28.012158952653408,52.30583789944649,1.4824686627835035,15745.119598388672,0.0,24.0,0.0,1.0,0.050000000000000044,1.4431430157274008,1.433838926255703,0.031013587140478194,0.85
md_cbad_dqn,816,474,76.83645901083946,78.05523303173483,27.060916014015675,49.77554327249527,1.4677686551585793,15645.532749176025,0.0,23.0,0.0,0.0,0.050000000000000044,1.6966302320361137,1.6884574964642525,0.027242478681728244,0.85
md_cbad_dqn,816,475,83.54515568166971,79.01675132483244,28.81265515089035,54.73250079154968,1.460316052660346,16235.602603912354,0.0,24.0,0.0,1.0,0.050000000000000044,1.471714362502098,1.4628108497709036,0.029678418184630573,0.85
md_cbad_dqn,816,476,89.24298175424337,79.29443072535096,29.425202660262585,59.81777936220169,1.5395606830716133,17085.166149139404,0.0,25.0,0.0,2.0,0.050000000000000044,1.4652183391153812,1.4559999890625477,0.030727887991815805,0.85
md_cbad_dqn,816,477,83.5147437542677,79.01925487570465,28.684333808720112,54.830409938097,1.5073383701965213,16362.693298339844,0.0,25.0,0.0,2.0,0.050000000000000044,1.7271394990384579,1.7178489863872528,0.03096834453754127,0.85
md_cbad_dqn,816,478,81.10878950357437,79.29505523420872,29.403666004538536,51.705123245716095,1.537842134013772,17289.437698364258,0.0,23.0,0.0,0.0,0.050000000000000044,1.8039828911423683,1.7945771161466837,0.03135257656686008,0.85
md_cbad_dqn,816,479,79.20131151378155,79.3594897826016,27.32628220319748,51.87502929568291,1.4760388229042292,15790.052536010742,0.0,23.0,0.0,0.0,0.050000000000000044,1.3230399060994387,1.3125680275261402,0.03490630094893277,0.85
md_cbad_dqn,816,480,71.69250918030738,78.80105758674442,26.83285054564476,44.85965848565102,1.446992906741798,15278.486415863037,0.0,22.0,0.0,4.0,0.050000000000000044,1.6021294724196196,1.593052739277482,0.03025579359382391,0.85
md_cbad_dqn,816,481,69.96351475417615,78.25176024921238,26.5990559309721,43.36445885300636,1.447600464336574,15610.919673919678,0.0,21.0,0.0,1.0,0.050000000000000044,1.4601938426494598,1.4516656324267387,0.028427328914403915,0.85
md_cbad_dqn,816,482,76.61097541600466,78.35346515849233,26.946847639977932,49.6641272097826,1.416236449033022,15189.394073486328,0.0,24.0,0.0,1.0,0.050000000000000044,1.570031689479947,1.5615381821990013,0.028311671456322074,0.85
md_cbad_dqn,816,483,64.37508746534586,77.92942311815918,26.12988755106926,38.24520005583763,1.3878500955179334,14774.112098693848,0.0,20.0,0.0,3.0,0.050000000000000044,1.683077683672309,1.6737714819610119,0.031020722584798932,0.85
md_cbad_dqn,816,484,82.3953839108348,77.67604263037444,28.90349257737398,53.49189115464687,1.5302128279581666,16944.4158782959,0.0,23.0,0.0,2.0,0.050000000000000044,1.9161127414554358,1.9069697596132755,0.030476576648652554,0.85
md_cbad_dqn,816,485,76.3239203915,79.1385462256521,28.47083419561386,47.853086307644844,1.4523249994963408,15515.950988769531,0.0,23.0,0.0,0.0,0.050000000000000044,1.8900898024439812,1.8798326924443245,0.03419041819870472,0.85
md_cbad_dqn,816,486,82.07149370014668,79.31725197046995,29.085018180310726,52.98647525906563,1.526941267773509,16694.680828094482,0.0,24.0,0.0,1.0,0.050000000000000044,1.4901304952800274,1.4815690033137798,0.02853825653437525,0.85
md_cbad_dqn,816,487,75.65476155281067,78.73858114860953,27.06241685897112,48.592345058918,1.4537785314023495,15684.617919921875,0.0,23.0,0.0,1.0,0.050000000000000044,1.9897957053035498,1.9812503550201654,0.028484475566074252,0.85
md_cbad_dqn,816,488,73.09318499267101,77.67522159166634,26.40045613795519,46.69272877275944,1.415205581113696,14941.994213104248,0.0,24.0,0.0,0.0,0.050000000000000044,2.267588123679161,2.2582632042467594,0.03108304471243173,0.85
md_cbad_dqn,816,489,85.05092872083188,78.31835331164301,28.473724529147148,56.57720402777195,1.5035957032814622,16313.632266998291,0.0,23.0,0.0,1.0,0.050000000000000044,1.9361440613865852,1.927655702456832,0.028294580755755305,0.85
md_cbad_dqn,816,490,82.34328384101391,78.60493071079256,27.51955209672451,54.82373126745224,1.4792963014915586,15899.01581954956,0.0,25.0,0.0,2.0,0.050000000000000044,1.824261512607336,1.815757431089878,0.02834692201577127,0.85
md_cbad_dqn,816,491,77.48435632884502,77.9479525923729,27.732665918767452,49.751690566539764,1.5020311931148171,16192.611839294434,0.0,24.0,0.0,1.0,0.050000000000000044,1.7603445835411549,1.7499153651297092,0.03476408787537366,0.85
md_cbad_dqn,816,492,71.55587118119001,78.11913547568024,27.671458773314953,43.884412720799446,1.438790320418775,15603.170280456543,0.0,22.0,0.0,1.0,0.050000000000000044,1.4343758709728718,1.4242691583931446,0.03368903510272503,0.85
md_cbad_dqn,816,493,70.33441456407309,77.61995636090637,27.829916395246983,42.50449810922146,1.4646853459998965,16095.195194244385,0.0,22.0,0.0,0.0,0.050000000000000044,1.3720475565642118,1.363190207630396,0.029524505604058504,0.85
md_cbad_dqn,816,494,79.91489032059908,77.77387792639436,29.827745236456394,50.08714463710785,1.507393958978355,16675.537982940674,0.0,23.0,0.0,1.0,0.050000000000000044,1.6451372168958187,1.635845024138689,0.030974006280303,0.85
md_cbad_dqn,816,495,77.34495647251606,77.46386796593666,28.78961981832981,48.5553360581398,1.4852101942524314,16318.478477478027,0.0,24.0,0.0,1.0,0.050000000000000044,1.8042590972036123,1.795452419668436,0.029355630627833307,0.85
md_cbad_dqn,816,496,75.97543294876814,76.80049052566292,27.482222594320774,48.49321019053459,1.4611613182350993,15959.446460723877,0.0,22.0,0.0,3.0,0.050000000000000044,1.7853777464479208,1.7757489010691643,0.032096132170408964,0.85
md_cbad_dqn,816,497,57.76693553477526,75.51310011468829,25.229395031929016,32.53754034638405,1.3901564124971628,14205.862422943115,0.0,17.0,0.0,0.0,0.050000000000000044,1.4387813713401556,1.4290064312517643,0.03258307988289744,0.85
md_cbad_dqn,816,498,87.64991157501936,75.84015621826055,29.95437141507864,57.69554054737091,1.5242923172190785,17236.236293792725,0.0,26.0,0.0,0.0,0.050000000000000044,1.5201246608048677,1.510906232520938,0.030728054349310696,0.85
md_cbad_dqn,816,499,88.38243665695191,76.29921247541905,30.495588421821594,57.88684845864773,1.5209036385640502,16981.582195281982,0.0,26.0,0.0,1.0,0.050000000000000044,2.016810828819871,2.007441110908985,0.031232420238666236,0.85
md_cbad_dqn,816,500,80.05439441800118,76.71730673730374,27.640641264617443,52.41375292241573,1.4803364062681794,15945.520584106445,0.0,22.0,0.0,1.0,0.050000000000000044,1.778317615389824,1.7689361162483692,0.03127166931517422,0.85
md_cbad_dqn,816,501,74.55923056155443,76.94709252767265,26.872829489409924,47.68640064001083,1.4584440691396594,15407.170335769653,0.0,24.0,0.0,3.0,0.050000000000000044,1.9031652305275202,1.8925059381872416,0.035531083354726434,0.85
md_cbad_dqn,816,502,63.67777203023434,76.30043235838414,24.582959592342377,39.09481257200241,1.396926075220108,13873.464336395264,0.0,19.0,0.0,0.0,0.050000000000000044,1.6822807304561138,1.6724155433475971,0.03288392524700612,0.85
md_cbad_dqn,816,503,80.19614199101925,77.09148508466781,28.18745395541191,52.00868845283985,1.4870916474610567,15973.20922279358,0.0,24.0,0.0,2.0,0.050000000000000044,1.7061397582292557,1.6980695836246014,0.026900601224042475,0.85
md_cbad_dqn,816,504,85.27549804002047,77.23549079112709,30.941408969461918,54.33408933877945,1.5245924284681678,17402.656322479248,0.0,24.0,0.0,0.0,0.050000000000000044,1.2971114329993725,1.2874153722077608,0.03232021548319608,0.85
md_cbad_dqn,816,505,72.87975324094296,77.06328243359924,26.839646890759468,46.04010624587536,1.4481200575828552,15960.028285980225,0.0,21.0,0.0,1.0,0.050000000000000044,1.9006597772240639,1.8916781209409237,0.029938854044303298,0.85
md_cbad_dqn,816,506,97.14058723449708,77.81673711031677,32.61919052898884,64.52139661610127,1.585181126371026,18683.800729751587,0.0,28.0,0.0,3.0,0.050000000000000044,1.6491439957171679,1.640577020123601,0.02855665166862309,0.85
md_cbad_dqn,816,507,74.98418980240822,77.78320852279664,27.4145977050066,47.56959239542484,1.4480955954641104,15556.173763275146,0.0,23.0,0.0,1.0,0.050000000000000044,1.6487384960055351,1.6390438079833984,0.03231559775304049,0.85
md_cbad_dqn,816,508,78.62579519599676,78.05983903296293,28.499405294656754,50.126389893889424,1.4660038705915213,15986.39953994751,0.0,23.0,0.0,2.0,0.050000000000000044,1.8063381686806679,1.7980494797229767,0.027629004907794297,0.85
md_cbad_dqn,816,509,73.30993728339672,77.47278946109117,27.10316914319992,46.20676790177822,1.4231399474665523,15497.21410369873,0.0,22.0,0.0,0.0,0.050000000000000044,1.9577222280204296,1.9489731006324291,0.029163831379264593,0.85
md_cbad_dqn,816,510,75.41352504044771,77.12630152106286,26.234880082309246,49.178644734621045,1.432285781018436,15240.389026641846,0.0,23.0,0.0,4.0,0.050000000000000044,1.9658894017338753,1.956919815391302,0.029898589244112372,0.85
md_cbad_dqn,816,511,48.65282640606165,75.68472502492368,22.22702769935131,26.42579847574234,1.3222300568595529,12865.438611984253,0.0,15.0,0.0,0.0,0.050000000000000044,1.6634652931243181,1.6555294059216976,0.026452957186847925,0.85
md_cbad_dqn,816,512,85.65214314460755,76.38953862309457,27.441233210265636,58.21090907752514,1.514590211212635,16255.651569366455,0.0,28.0,0.0,1.0,0.050000000000000044,1.7476202230900526,1.7393538411706686,0.02755462285131216,0.85
md_cbad_dqn,816,513,67.39330207109451,76.24248299844564,25.320209227502346,42.07309301495552,1.3848500801250339,14307.848197937012,0.0,21.0,0.0,2.0,0.050000000000000044,1.6376473996788263,1.6279789507389069,0.03222819522488862,0.85
md_cbad_dqn,816,514,84.07460084706545,76.45046852476895,28.888287618756294,55.18631317615509,1.508240109309554,16762.402503967285,0.0,26.0,0.0,1.0,0.050000000000000044,1.409460349008441,1.3994996678084135,0.03320226876530796,0.85
md_cbad_dqn,816,515,77.9619544327259,76.48131842277944,27.385341301560402,50.576612907648084,1.468130529858172,16113.421039581299,0.0,24.0,0.0,3.0,0.050000000000000044,1.8232263252139091,1.8141477461904287,0.030261963023804128,0.85
md_cbad_dqn,816,516,91.94519010931253,77.27980628080665,30.98517892509699,60.96001157164574,1.5415070792660117,17231.204820632935,0.0,29.0,0.0,0.0,0.050000000000000044,2.007608402520418,1.9988189078867435,0.02929828828200698,0.85
md_cbad_dqn,816,517,83.36108446121216,78.55951372712852,27.830742098391056,55.53034222126007,1.4907167237251997,16121.113988876343,0.0,25.0,0.0,2.0,0.050000000000000044,1.7753781471401453,1.7654160521924496,0.0332069726428017,0.85
md_cbad_dqn,816,518,81.95854729562998,78.27494551315905,28.442346684634686,53.51620047688484,1.4934064159169793,16123.249267578125,0.0,26.0,0.0,2.0,0.050000000000000044,1.6424357034265995,1.6333883479237556,0.03015783231239766,0.85
md_cbad_dqn,816,519,84.98126524090767,78.10488694235684,30.647167220711708,54.33409802019596,1.5673757921904325,17934.351600646973,0.0,26.0,0.0,2.0,0.050000000000000044,1.641193700954318,1.6320086866617203,0.03061672323383391,0.85
md_cbad_dqn,816,520,98.71190771460533,79.03776260718705,32.36974365264177,66.34216436743736,1.5647430708631873,18330.881763458252,0.0,29.0,0.0,0.0,0.050000000000000044,1.4551203660666943,1.4467344339936972,0.02795306802727282,0.85
md_cbad_dqn,816,521,82.75275933742523,79.44743904598059,28.27659510076046,54.47616404294968,1.4778114082291722,15938.81368637085,0.0,26.0,0.0,1.0,0.050000000000000044,1.8472982831299305,1.838128561154008,0.030565750785171986,0.85
md_cbad_dqn,816,522,83.74219627976417,80.45066025845708,29.636784620583057,54.10541211366653,1.538607188500464,17364.61288833618,0.0,26.0,0.0,4.0,0.050000000000000044,1.8873346783220768,1.8772975895553827,0.03345689468551427,0.85
md_cbad_dqn,816,523,84.40948560088873,80.66132743895054,28.3443743288517,56.065111100673676,1.4808283876627684,16021.229499816895,0.0,26.0,0.0,0.0,0.050000000000000044,1.6133778374642134,1.6042020060122013,0.03058608144056052,0.85
md_cbad_dqn,816,524,87.31820642352105,80.76346285812556,29.61760012805462,57.70060589313507,1.5120403664186597,16789.7625541687,0.0,26.0,0.0,2.0,0.050000000000000044,1.7672909200191498,1.7569120526313782,0.0345962819410488,0.85
md_cbad_dqn,816,525,73.82253942787648,80.81060216747224,29.490490958094597,44.33204864859581,1.4974192343652248,16686.843280792236,0.0,22.0,0.0,1.0,0.050000000000000044,2.2244353350251913,2.215231478214264,0.03067957516759634,0.85
md_cbad_dqn,816,526,86.89901772290469,80.29852369189264,30.464398570358753,56.43461879491806,1.4940579757094383,17065.592294692993,0.0,25.0,0.0,2.0,0.050000000000000044,1.5915430150926113,1.5824720859527588,0.03023640695028007,0.85
md_cbad_dqn,816,527,77.32521757483482,80.41557508051397,29.06373281031847,48.26148460805416,1.4783862978219986,16486.722328186035,0.0,25.0,0.0,0.0,0.050000000000000044,1.693800661712885,1.684590194374323,0.030701564042828977,0.85
md_cbad_dqn,816,528,86.1097112685442,80.78977088414135,30.476026341319084,55.63368482291698,1.524524231441319,17096.010398864746,0.0,25.0,0.0,2.0,0.050000000000000044,1.6688755881041288,1.6601417977362871,0.02911264158319682,0.85
md_cbad_dqn,816,529,69.01928849518299,80.57523844473064,24.49380122870207,44.52548731863499,1.4101713979616761,14323.237468719482,0.0,24.0,0.0,2.0,0.050000000000000044,2.141147807240486,2.1320584565401077,0.030297804856672883,0.85
md_cbad_dqn,816,530,84.7838727235794,81.04375582888723,29.891254991292953,54.892617493867874,1.511641745455563,17192.307159423828,0.0,26.0,0.0,1.0,0.050000000000000044,1.722130024805665,1.7128193266689777,0.031035653431899846,0.85
md_cbad_dqn,816,531,67.35273222774268,81.97875111997129,25.57913674414158,41.773595893383025,1.386718618683517,14182.626972198486,0.0,22.0,0.0,3.0,0.050000000000000044,1.7739280369132757,1.7652730979025364,0.028849771595560014,0.85
md_cbad_dqn,816,532,72.21202164292336,81.30674504488708,27.26931143552065,44.94271052777767,1.4434865666553378,15581.320419311523,0.0,22.0,0.0,1.0,0.050000000000000044,1.3633724823594093,1.3550758194178343,0.02765554655343294,0.85
md_cbad_dqn,816,533,82.17706227302551,82.04593305498364,29.218877106904984,52.95818501710892,1.510302796959877,17016.415676116943,0.0,24.0,0.0,0.0,0.050000000000000044,1.3956389650702477,1.386725576594472,0.02971132122911513,0.85
md_cbad_dqn,816,534,70.50479733198881,81.3674428792298,27.444905288517475,43.05989260971546,1.4510704521089792,15693.465118408203,0.0,20.0,0.0,0.0,0.050000000000000044,1.9560521077364683,1.9470148645341396,0.030124217621050775,0.85
md_cbad_dqn,816,535,91.49887199103833,82.04428875714541,31.80637291073799,59.692498886585234,1.6099243015050888,18590.130298614502,0.0,27.0,0.0,1.0,0.050000000000000044,1.8948005251586437,1.8842032123357058,0.03532440692652017,0.85
md_cbad_dqn,816,536,69.4971735432744,80.9218879288435,27.701880298554897,41.795293393731114,1.432935587130487,15823.613998413086,0.0,20.0,0.0,2.0,0.050000000000000044,2.1240887735038996,2.1153878066688776,0.029003229981753975,0.85
md_cbad_dqn,816,537,63.42861119061708,79.92526426531376,25.103469468653202,38.32514197528362,1.3923881640657783,14582.511009216309,0.0,18.0,0.0,1.0,0.050000000000000044,1.0898716617375612,1.0816768575459719,0.027315984247252345,0.85
md_cbad_dqn,816,538,88.18610453605652,80.23664212733507,29.61255691945553,58.573547810316086,1.507771329022944,16628.535692214966,0.0,26.0,0.0,0.0,0.050000000000000044,1.3057367894798517,1.2959880195558071,0.03249590005725622,0.85
md_cbad_dqn,816,539,83.47302531599999,80.1612301310897,29.882456444203854,53.590568938851355,1.5450863540172577,17435.029224395752,0.0,24.0,0.0,2.0,0.050000000000000044,1.8785466328263283,1.8699198067188263,0.028756086598150432,0.85
md_cbad_dqn,816,540,68.73648136854172,78.66245881378651,26.65704447031021,42.079436630010605,1.415193966589868,15151.615829467773,0.0,21.0,0.0,0.0,0.050000000000000044,1.657486204057932,1.6479634381830692,0.03174249758012593,0.85
md_cbad_dqn,816,541,87.05345267355442,78.87749348059297,30.804065838456154,56.24938638806343,1.51122310385108,17492.3762550354,0.0,26.0,0.0,3.0,0.050000000000000044,1.8987219631671906,1.8887317553162575,0.033300707465969026,0.85
md_cbad_dqn,816,542,77.17252122610807,78.54900972791016,27.448196314275265,49.72432480752468,1.495592376217246,15671.80160522461,0.0,23.0,0.0,1.0,0.050000000000000044,1.3577597737312317,1.3480988889932632,0.03220302669797093,0.85
md_cbad_dqn,816,543,95.43190819174052,79.10013085745275,31.40696732699871,64.02494084239007,1.564537157304585,17902.532508850098,0.0,29.0,0.0,1.0,0.050000000000000044,1.1050208937376738,1.0958413667976856,0.03059841296635568,0.85
md_cbad_dqn,816,544,54.32572737634182,77.45050690509379,23.2405167222023,31.0852104306221,1.3360753171145916,13110.749572753906,0.0,18.0,0.0,4.0,0.050000000000000044,1.921361230313778,1.9114504046738148,0.03303608682472259,0.85
md_cbad_dqn,816,545,83.69506841152906,77.94413335427643,29.743447944521904,53.95161998271942,1.519600541330874,16959.520084381104,0.0,25.0,0.0,1.0,0.050000000000000044,1.6481088623404503,1.638288639485836,0.03273408184759319,0.85
md_cbad_dqn,816,546,86.52938840091228,77.9256518881768,29.683048874139786,56.84633970558643,1.5307594472542405,16853.93674468994,0.0,24.0,0.0,3.0,0.050000000000000044,1.7510566972196102,1.7421096581965685,0.029823503689840436,0.85
md_cbad_dqn,816,547,69.7949278280139,77.54913740083575,26.243197597563267,43.551730647683144,1.4326220247894526,14918.349708557129,0.0,22.0,0.0,2.0,0.050000000000000044,1.6084025707095861,1.5995907448232174,0.029372720629908144,0.85
md_cbad_dqn,816,548,71.98988586068154,76.84314613044263,27.832776196300983,44.15710968673229,1.479541995562613,16026.358924865723,0.0,22.0,0.0,2.0,0.050000000000000044,1.9962239563465118,1.988309983164072,0.026379956281743944,0.85
md_cbad_dqn,816,549,68.35768776535988,76.81006609395146,25.85046035051346,42.50722741484642,1.4353977292776108,15120.195934295654,0.0,20.0,0.0,1.0,0.050000000000000044,1.683339398354292,1.6731028892099857,0.03412170568481088,0.85
md_cbad_dqn,816,550,81.62050981968642,76.65189794875683,28.345724165439606,53.274785274267195,1.4884029179811478,16323.960224151611,0.0,25.0,0.0,3.0,0.050000000000000044,1.6247514262795448,1.6152518726885319,0.031665161601267755,0.85
md_cbad_dqn,816,551,92.10927986353636,77.88972533054651,32.09781477600336,60.01146551966667,1.5856676222756505,18321.55881500244,0.0,26.0,0.0,1.0,0.050000000000000044,1.6406543478369713,1.6316084582358599,0.030152963008731604,0.85
md_cbad_dqn,816,552,66.2117669299245,77.58971259489657,25.765026174485683,40.44674056172371,1.392831977456808,14544.620223999023,0.0,21.0,0.0,3.0,0.050000000000000044,1.8522023353725672,1.8439278919249773,0.027581537142395973,0.85
md_cbad_dqn,816,553,69.92128076851368,76.97692351967098,26.465663135051727,43.45561743974686,1.4189655426889658,15231.818523406982,0.0,20.0,0.0,3.0,0.050000000000000044,1.8203434012830257,1.809677179902792,0.03555407596286386,0.85
md_cbad_dqn,816,554,83.51334854960442,77.62735108055175,29.896053567528725,53.61729468405247,1.5034668622538447,17114.22007369995,0.0,26.0,0.0,2.0,0.050000000000000044,2.0162178426980972,2.005178142338991,0.03679891617503017,0.85
md_cbad_dqn,816,555,69.9142159551382,76.54811827875675,26.01653565466404,43.897680687904355,1.4094105204567313,14598.70520401001,0.0,21.0,0.0,2.0,0.050000000000000044,1.7811590489000082,1.7713581677526236,0.032669598469510674,0.85
md_cbad_dqn,816,556,73.22481864094735,76.73450053364039,26.665524423122406,46.559294471144675,1.4216307075694203,15008.207401275635,0.0,22.0,0.0,1.0,0.050000000000000044,1.957636022940278,1.947993528097868,0.03214169305283576,0.85
md_cbad_dqn,816,557,68.0347752302885,76.96480873562396,27.03085808455944,41.0039175927639,1.435992087237537,15380.871368408203,0.0,21.0,0.0,3.0,0.050000000000000044,1.6635835599154234,1.6546884588897228,0.0296504027210176,0.85
md_cbad_dqn,816,558,81.43375159949065,76.62719108879567,29.669029630720615,51.764721953868865,1.5524604870006442,17468.757236480713,0.0,24.0,0.0,2.0,0.050000000000000044,1.3163356091827154,1.3057651780545712,0.035234824288636446,0.85
md_cbad_dqn,816,559,49.637975515425204,74.93543859876694,22.94717051833868,26.690804728865622,1.3002258241176605,12473.950244903564,0.0,16.0,0.0,1.0,0.050000000000000044,1.5317475385963917,1.5239417366683483,0.02601933409459889,0.85
md_cbad_dqn,816,560,97.5043383255601,76.37383144661786,32.71093241870403,64.79340624958277,1.6172105558216572,18771.6734085083,0.0,29.0,0.0,2.0,0.050000000000000044,1.5999838095158339,1.59186633490026,0.027058244682848454,0.85
md_cbad_dqn,816,561,78.07668705433608,75.92499316565696,28.293713100254536,49.78297414779663,1.5365972947329283,16980.08344268799,0.0,23.0,0.0,1.0,0.050000000000000044,2.160427913069725,2.1522884517908096,0.027131404262036085,0.85
md_cbad_dqn,816,562,82.05882750600577,76.16930847965183,28.1404914483428,53.918335953354834,1.498225400224328,16203.278545379639,0.0,25.0,0.0,2.0,0.050000000000000044,1.7858827505260706,1.7775035984814167,0.027930487063713372,0.85
md_cbad_dqn,816,563,88.67583999186755,75.83150506965818,30.31546726077795,58.36037285029888,1.5217950362712145,17090.593952178955,0.0,27.0,0.0,2.0,0.050000000000000044,1.5408030916005373,1.5323684439063072,0.02811549638863653,0.85
md_cbad_dqn,816,564,80.20380774140358,77.12540908791127,28.4683131352067,51.73549443483353,1.4875201601535082,16394.541412353516,0.0,25.0,0.0,1.0,0.050000000000000044,1.8783495854586363,1.869618160650134,0.029104677494615316,0.85
md_cbad_dqn,816,565,80.80375591218471,76.98084346294405,28.6898091211915,52.11394639611244,1.5102552808821201,16582.160232543945,0.0,23.0,0.0,3.0,0.050000000000000044,1.6613937243819237,1.6521664187312126,0.03075766866095364,0.85
md_cbad_dqn,816,566,77.17839729934931,76.5132939078659,25.7860566675663,51.39234031140804,1.4152084710076451,14574.824642181396,0.0,24.0,0.0,1.0,0.050000000000000044,1.7775670271366835,1.76872712187469,0.029466312611475587,0.85
md_cbad_dqn,816,567,66.57020203769207,76.35205761834979,25.391885302960873,41.17831715941429,1.380816787481308,14312.9794216156,0.0,21.0,0.0,0.0,0.050000000000000044,1.628738796338439,1.6176917273551226,0.036823543603532016,0.85
md_cbad_dqn,816,568,74.225680218637,76.46384733624758,27.076387964189053,47.14929141998291,1.4375949874520302,15565.772312164307,0.0,25.0,0.0,1.0,0.050000000000000044,1.838612575083971,1.8283495604991913,0.034210048732347786,0.85
md_cbad_dqn,816,569,61.24846149981022,76.10838602297011,25.16739708930254,36.08106429874897,1.386142311617732,14261.503240585327,0.0,21.0,0.0,1.0,0.050000000000000044,1.6837575696408749,1.6731225457042456,0.0354500220855698,0.85
md_cbad_dqn,816,570,78.36990870386362,75.94585596717894,27.36752202361822,51.00238727629185,1.4540443057194352,15831.672267913818,0.0,23.0,0.0,4.0,0.050000000000000044,2.0744217969477177,2.0650356635451317,0.031287060934118927,0.85
md_cbad_dqn,816,571,75.04898674041033,75.09284131102264,28.696256823837757,46.35272942483425,1.4735431699082255,16274.69958114624,0.0,22.0,0.0,1.0,0.050000000000000044,1.8969587478786707,1.8880037683993578,0.029849939630366862,0.85
md_cbad_dqn,816,572,75.71349194049836,75.56792756155133,27.59799387305975,48.11549764275551,1.4419148648157716,15374.377006530762,0.0,23.0,0.0,1.0,0.050000000000000044,1.6526712831109762,1.6445566415786743,0.027048762305639684,0.85
md_cbad_dqn,816,573,85.91551175862551,76.36763911105693,28.791708700358868,57.1238036096096,1.5239108195528388,16855.25841140747,0.0,25.0,0.0,2.0,0.050000000000000044,1.5246255602687597,1.5152872391045094,0.03112768882419914,0.85
md_cbad_dqn,816,574,69.65945413857699,75.67494439050556,26.39694945514202,43.26250481009483,1.4467938775196671,15223.419414520264,0.0,22.0,0.0,2.0,0.050000000000000044,1.4109295960515738,1.4019268956035376,0.030008990317583084,0.85
md_cbad_dqn,816,575,87.16135340929031,76.53730126321318,29.411741346120834,57.74961218237877,1.5190184330567718,17034.2986869812,0.0,25.0,0.0,2.0,0.050000000000000044,1.5738912392407656,1.5652447640895844,0.02882154705002904,0.85
md_cbad_dqn,816,576,83.1399906128645,77.03305986180904,29.160209849476814,53.9797802567482,1.5081627946346998,16441.105812072754,0.0,25.0,0.0,2.0,0.050000000000000044,1.6764551419764757,1.6678577363491058,0.02865803602617234,0.85
md_cbad_dqn,816,577,82.02017232328653,77.73232971645892,28.420336328446865,53.59983595013618,1.520795420743525,16928.372787475586,0.0,24.0,0.0,4.0,0.050000000000000044,1.85742923989892,1.8479439057409763,0.03161781618837267,0.85
md_cbad_dqn,816,578,89.96418151259422,78.1588512121141,30.669951796531677,59.29422950744629,1.5423254827037454,17618.253772735596,0.0,27.0,0.0,0.0,0.050000000000000044,1.9007489755749702,1.8924360275268555,0.027709848014637828,0.85
md_cbad_dqn,816,579,83.51368140429258,79.85263650655746,29.019398264586926,54.4942833930254,1.5368162477388978,16554.170764923096,0.0,26.0,0.0,0.0,0.050000000000000044,1.5994499307125807,1.5903021767735481,0.030492493766359985,0.85
md_cbad_dqn,816,580,93.14813940376044,79.63482656046747,32.87605930119753,60.27207978963852,1.5610525077208877,18374.30948638916,0.0,28.0,0.0,2.0,0.050000000000000044,2.0241031460464,2.0142397582530975,0.03287796291988343,0.85
md_cbad_dqn,816,581,86.61887328326702,80.06193587191403,29.551730543375015,57.0671426653862,1.4958536373451352,16594.63611984253,0.0,26.0,0.0,0.0,0.050000000000000044,1.5757660679519176,1.5671056061983109,0.028868258697912097,0.85
md_cbad_dqn,816,582,77.77187903225422,79.84758844822645,28.642047747969627,49.12983161211014,1.4913998078554869,16429.08009338379,0.0,22.0,0.0,1.0,0.050000000000000044,2.0318696685135365,2.023449368774891,0.028067647945135832,0.85
md_cbad_dqn,816,583,59.58335494995117,78.39296419613065,24.023653760552406,35.559700816869736,1.375681228004396,14132.484603881836,0.0,19.0,0.0,0.0,0.050000000000000044,1.6947818137705326,1.6863570511341095,0.02808248344808817,0.85
md_cbad_dqn,816,584,91.26032052338124,78.94578983522952,32.02605414390564,59.234267035126685,1.6071424623951316,18540.260215759277,0.0,26.0,0.0,2.0,0.050000000000000044,1.7566365730017424,1.7461366951465607,0.03499956871382892,0.85
md_cbad_dqn,816,585,76.33830698132515,78.72251738868655,27.487204767763615,48.8511025339365,1.4320153333246708,15391.639572143555,0.0,23.0,0.0,2.0,0.050000000000000044,1.8453987464308739,1.8348095789551735,0.03529719647485763,0.85
md_cbad_dqn,816,586,55.08606854230165,77.61790095083417,23.28157127648592,31.804497250914572,1.3515095729380846,13014.615322113037,0.0,17.0,0.0,1.0,0.050000000000000044,1.7488479502499104,1.7388134598731995,0.033448288682848215,0.85
md_cbad_dqn,816,587,88.2541326880455,78.70209748335184,30.70846638083458,57.545666724443436,1.5650109378620982,17727.092124938965,0.0,26.0,0.0,1.0,0.050000000000000044,1.3794459383934736,1.3686906844377518,0.03585082397330552,0.85
md_cbad_dqn,816,588,72.9230597704649,78.63696646094323,26.65945413708687,46.263605260849,1.437294201925397,15409.080165863037,0.0,20.0,0.0,1.0,0.050000000000000044,1.8275963105261326,1.8195133693516254,0.02694311155937612,0.85
md_cbad_dqn,816,589,69.6506696432829,79.05707686811687,25.97047459334135,43.6801945656538,1.403071136213839,14572.498279571533,0.0,22.0,0.0,1.0,0.050000000000000044,1.9083170648664236,1.8999598398804665,0.027857381850481033,0.85
md_cbad_dqn,816,590,94.24008496254683,79.85058568105103,30.8973390981555,63.34274592399597,1.5579596813768148,17706.04730606079,0.0,28.0,0.0,1.0,0.050000000000000044,1.7358444761484861,1.7266758382320404,0.030562056694179773,0.85
md_cbad_dqn,816,591,83.65692921876908,80.28098280496897,31.151337683200836,52.50559143126011,1.512906183488667,17207.064949035645,0.0,25.0,0.0,2.0,0.050000000000000044,1.6541573833674192,1.6452563684433699,0.02967002708464861,0.85
md_cbad_dqn,816,592,62.20956695973873,79.60578655593099,25.879655420780182,36.329911613464354,1.3862585332244635,14171.216760635376,0.0,19.0,0.0,1.0,0.050000000000000044,1.7567375116050243,1.7472196407616138,0.03172631689812988,0.85
md_cbad_dqn,816,593,79.05883633494378,79.2629527847469,29.021569468080997,50.037267410755156,1.5045039523392916,16448.87855529785,0.0,24.0,0.0,1.0,0.050000000000000044,1.821146434172988,1.8118556458503008,0.03096935828216374,0.85
md_cbad_dqn,816,594,75.46633461117744,79.55329680837693,28.667107686400414,46.79922780394554,1.5021538566797972,16780.241374969482,0.0,23.0,0.0,0.0,0.050000000000000044,2.0134425554424524,2.0050282552838326,0.028047668281942606,0.85
md_cbad_dqn,816,595,72.87205884754658,78.83883208028973,27.85543230175972,45.01662682890892,1.4633384738117456,15563.23717880249,0.0,21.0,0.0,1.0,0.050000000000000044,1.9952638689428568,1.9869356248527765,0.027760787634178996,0.85
md_cbad_dqn,816,596,85.41196077317,78.952430588305,27.90405571460724,57.50790458917618,1.4802807085216045,15899.055381774902,0.0,26.0,0.0,2.0,0.050000000000000044,2.1517500281333923,2.1427227556705475,0.03009088453836739,0.85
md_cbad_dqn,816,597,80.46477496922016,78.87466072060168,27.714878365397453,52.74989664852619,1.4459762955084443,15772.300273895264,0.0,24.0,0.0,2.0,0.050000000000000044,1.9195267781615257,1.9101981669664383,0.031095331185497344,0.85
md_cbad_dqn,816,598,80.9787490516901,78.42538909755648,28.992816008627415,51.98593287169933,1.4952744087204337,16559.770473480225,0.0,25.0,0.0,0.0,0.050000000000000044,2.1838645599782467,2.1747447289526463,0.030399468960240483,0.85
md_cbad_dqn,816,599,90.20782819390297,78.76009643703699,33.263833075761795,56.94399532675743,1.6063611228019,19182.943408966064,0.0,26.0,0.0,1.0,0.050000000000000044,1.5185277853161097,1.5094805601984262,0.030157407862134278,0.85
