scenario,policy,model_seed,total_cost,immediate_cost,penalty,energy_use,latency_ms,transmitted_mbit,thermal_violation,energy_violation,queue_violation,contact_violation,planning_time_ms,maximum_heat,minimum_energy,threshold_free_episode,onboard_fraction,ground_fraction,hybrid_fraction
burst,contextual_bandit,800,135.19157961325104,31.562500536814333,103.62907910474891,1.7022942745126783,18866.996651172638,1474.140149497986,0.0,34.0,29.85,1.85,0.0,0.19049414917826651,0.0,0.0,0.0,0.490625,0.509375
burst,contextual_bandit,801,125.62081907076251,32.44107785522938,93.17974112798882,1.7121477076783775,19302.946035385132,1400.957252881676,0.0,32.95,23.6,2.0,0.0,0.1901033975183964,0.0,0.0,0.00234375,0.46953125,0.528125
burst,contextual_bandit,802,124.3702108161962,31.98119731247425,92.38901354730784,1.6985385668929667,19049.603934860228,1481.807481214404,0.0,33.85,26.65,1.95,0.0,0.1900545537471771,0.0,0.0,0.0,0.50703125,0.49296875
burst,contextual_bandit,803,120.89240019888805,30.919379783794284,89.9730204527192,1.6892116953153162,18634.632086181642,1447.4839973270894,0.0,33.15,18.4,1.35,0.0,0.19014043286442756,0.0,0.0,0.0,0.49140625,0.50859375
burst,contextual_bandit,804,134.3148844361297,31.876172776147722,102.43871169201945,1.7007718981709332,19064.92578897476,1456.5613331109284,0.0,33.8,32.15,2.25,0.0,0.19054863303899766,0.0,0.0,0.0,0.503125,0.496875
burst,contextual_bandit,805,141.44882080085222,32.49360631406307,108.95521444879118,1.7324152183253319,19455.0972694397,1486.5008011877537,0.0,33.7,30.7,2.0,0.0,0.18998393043875694,0.0,0.0,0.0,0.484375,0.515625
burst,contextual_bandit,806,130.37878128792727,31.942299615964295,98.43648171331368,1.6969202236272394,18959.21108121872,1519.3367518603802,0.0,32.9,28.15,1.95,0.0,0.1904345601797104,0.0,0.0,0.0,0.5125,0.4875
burst,contextual_bandit,807,126.73061021692975,31.701741598919035,95.02886865228338,1.6892087863758207,18908.725446510314,1485.0531850814818,0.0,32.95,26.9,2.3,0.0,0.19013873860239983,0.0,0.0,0.0,0.51328125,0.48671875
burst,contextual_bandit,808,154.12004148102992,31.956119994446635,122.16392147838765,1.716938591003418,19202.830770015717,1523.0812532544137,0.0,34.25,34.05,1.8,0.0,0.19036770313978196,0.0,0.0,0.0,0.515625,0.484375
burst,contextual_bandit,809,128.35924575897187,32.3283482581377,96.03089751685289,1.703578435909003,19126.57657995224,1448.0507347613573,0.0,33.85,24.2,2.1,0.0,0.18996774554252624,0.0,0.0,0.0015625,0.484375,0.5140625
burst,contextual_bandit,810,123.52009533508858,31.19498535580933,92.3251099066361,1.6848887790460139,18778.242564201355,1464.29419285357,0.0,33.6,25.25,1.75,0.0,0.19025125727057457,0.0,0.0,0.0,0.5140625,0.4859375
burst,contextual_bandit,811,126.95976950687775,32.37541027441621,94.58435927604745,1.7038825692143291,19232.973262119292,1430.41946375221,0.0,33.25,25.95,2.65,0.0,0.19034552052617074,0.0,0.0,0.00078125,0.4953125,0.50390625
burst,contextual_bandit,812,126.64486243709345,31.6562320034951,94.98863051816245,1.692751755286008,18930.956614494324,1488.498536157608,0.0,33.0,26.3,1.95,0.0,0.19017805457115172,0.0,0.0,0.0,0.51015625,0.48984375
burst,contextual_bandit,813,128.98519123743188,31.93406251296401,97.05112877736698,1.7121928055770694,19129.896720314027,1480.18565312922,0.0,33.75,26.8,1.9,0.0,0.19053050577640535,0.0,0.0,0.00234375,0.49453125,0.503125
burst,contextual_bandit,814,127.3432506860177,31.82920638024807,95.51404431173009,1.6961685612797737,18975.635748195647,1510.5450226545333,0.0,32.65,26.45,2.0,0.0,0.19022102281451225,0.0,0.0,0.0,0.50703125,0.49296875
burst,contextual_bandit,815,122.40698044174565,31.528417695686223,90.87856275649025,1.6963040179107338,18978.03128452301,1473.1801424860955,0.0,33.3,20.95,1.45,0.0,0.1907609760761261,0.0,0.0,0.0,0.5015625,0.4984375
burst,contextual_bandit,816,119.86479346242963,30.58434187695384,89.28045163017927,1.6821094881743193,18617.625107860564,1499.616099345684,0.0,32.45,22.6,1.75,0.0,0.19011010080575944,0.0,0.0,0.0,0.5203125,0.4796875
burst,contextual_bandit,817,138.37146200473308,31.74583375453949,106.62562820996045,1.7133420812431723,19113.46450557709,1491.0321993082762,0.0,33.95,32.45,1.75,0.0,0.19008340016007425,0.0,0.0,0.0,0.503125,0.496875
burst,contextual_bandit,818,126.23672188651685,31.58331645689905,94.65340538603189,1.6876170415431262,18861.906327438355,1488.5200668990612,0.0,32.75,25.2,1.95,0.0,0.19013076648116112,0.0,0.0,0.0,0.51875,0.48125
burst,contextual_bandit,819,124.51847257509367,31.50124957151711,93.01722296408848,1.6926535739097743,18851.90578660965,1483.24822845459,0.0,33.25,27.1,1.75,0.0,0.1904958479106426,0.0,0.0,0.0,0.50859375,0.49140625
burst,fixed_ground,800,323.21808759597207,31.906870494782925,291.3112171011892,2.28542957236059,27154.227786827087,2564.5744918346404,0.0,40.1,48.2,3.2,0.0,0.19007307067513465,0.0,0.0,0.0,1.0,0.0
burst,fixed_ground,801,320.9000089773828,32.32779430821538,288.5722146691675,2.364331470709294,28202.9900434494,2558.949777030945,0.0,38.75,50.25,3.55,0.0,0.19004034101963044,0.0,0.0,0.0,1.0,0.0
burst,fixed_ground,802,321.4279819021263,32.28564638085663,289.14233552126973,2.305429658200592,27425.638431358337,2598.511531972885,0.0,39.6,48.15,3.35,0.0,0.1899535022675991,0.0,0.0,0.0,1.0,0.0
burst,fixed_ground,803,320.935326742121,31.79919706694782,289.13612967517327,2.2966366609558464,27247.275732040405,2551.1922342300413,0.0,39.6,48.15,2.5,0.0,0.18999627307057382,0.0,0.0,0.0,1.0,0.0
burst,fixed_ground,804,318.9205323124391,31.649218313395977,287.2713139990432,2.2898105782456697,27201.677820968627,2529.294681787491,0.0,38.9,48.8,3.4,0.0,0.19008583649992944,0.0,0.0,0.0,1.0,0.0
burst,fixed_ground,805,314.47173576909495,32.401435707882044,282.070300061213,2.3298149813432247,27785.765112113953,2595.202732563019,0.0,38.5,47.35,3.5,0.0,0.189907818287611,0.0,0.0,0.0,1.0,0.0
burst,fixed_ground,806,316.5197600134919,32.074738655984405,284.4450213575075,2.2878093955572694,27187.510505485534,2585.931413793564,0.0,38.85,47.2,3.1,0.0,0.19009329453110696,0.0,0.0,0.0,1.0,0.0
burst,fixed_ground,807,315.981189467992,31.933978823944926,284.04721064404714,2.2908803868107497,27213.209783744813,2566.1566968917846,0.0,38.7,47.7,3.05,0.0,0.19001390784978867,0.0,0.0,0.0,1.0,0.0
burst,fixed_ground,808,324.00874610350576,32.1175189640373,291.89122713946847,2.312313329940662,27507.150277900695,2575.8109001636503,0.0,39.7,49.4,3.2,0.0,0.19011886045336723,0.0,0.0,0.0,1.0,0.0
burst,fixed_ground,809,325.56053165919997,32.49987851716578,293.0606531420343,2.338628439512104,27895.4030462265,2601.4874980449677,0.0,39.8,48.6,3.15,0.0,0.18996432274580002,0.0,0.0,0.0,1.0,0.0
burst,fixed_ground,810,316.2785652342377,31.662525448948145,284.6160397852896,2.275367123959586,26979.938335800172,2546.251531124115,0.0,38.75,48.6,2.75,0.0,0.18994989171624183,0.0,0.0,0.0,1.0,0.0
burst,fixed_ground,811,322.14680630699166,32.40177402123809,289.74503228575367,2.3493548065423964,27990.29565410614,2581.0082584381103,0.0,39.25,49.65,3.25,0.0,0.18992212861776353,0.0,0.0,0.0,1.0,0.0
burst,fixed_ground,812,313.9586286939235,32.02290325276554,281.93572544115807,2.3180981245823205,27566.09026584625,2554.739402294159,0.0,38.65,47.5,3.2,0.0,0.19011113047599792,0.0,0.0,0.0,1.0,0.0
burst,fixed_ground,813,323.8636141556811,32.16890160031617,291.694712555365,2.2980479975696655,27332.302053642274,2588.7365341186523,0.0,39.65,48.55,3.15,0.0,0.19007183834910393,0.0,0.0,0.0,1.0,0.0
burst,fixed_ground,814,316.41812790124646,31.82086407355964,284.5972638276869,2.257016736548394,26765.025307655334,2581.4819852828978,0.0,39.1,47.45,3.15,0.0,0.1899552561342716,0.0,0.0,0.0,1.0,0.0
burst,fixed_ground,815,325.0120240963448,31.922332652658223,293.0896914436867,2.2829776412807403,27124.36658554077,2570.7163883686067,0.0,40.2,49.05,2.6,0.0,0.19011976197361946,0.0,0.0,0.0,1.0,0.0
burst,fixed_ground,816,310.67193135480204,31.35218763872981,279.31974371607237,2.240661972668022,26523.727828979492,2529.2632811546328,0.0,38.1,47.5,3.1,0.0,0.18987985849380493,0.0,0.0,0.0,1.0,0.0
burst,fixed_ground,817,321.1525646647907,31.987393159046768,289.165171505744,2.3068408692255615,27420.52947616577,2560.3834652423857,0.0,39.55,48.3,3.15,0.0,0.18997323215007783,0.0,0.0,0.0,1.0,0.0
burst,fixed_ground,818,316.6319061608109,31.868185836076737,284.76372032473427,2.2843123224563895,27115.084269332885,2564.2945905685424,0.0,38.85,49.0,3.0,0.0,0.18998493775725364,0.0,0.0,0.0,1.0,0.0
burst,fixed_ground,819,316.85640506390143,31.722987948730587,285.13341711517086,2.2679003284312786,26888.093788528444,2559.2180284500123,0.0,39.05,47.3,2.9,0.0,0.19004174321889877,0.0,0.0,0.0,1.0,0.0
burst,fixed_onboard,800,297.32061396531014,68.01429335698485,229.30632061354078,2.083929382869974,38219.354221725465,75.64391846247017,0.0,38.45,37.2,0.0,0.0,0.19966893047094345,0.0,0.0,1.0,0.0,0.0
burst,fixed_onboard,801,288.48965641153603,68.78451213687659,219.70514425826823,2.09688054388389,38614.48549308777,76.71027441695333,0.0,37.2,35.15,0.0,0.0,0.20011999309062958,0.0,0.0,1.0,0.0,0.0
burst,fixed_onboard,802,289.05922078629584,68.8664213001728,220.1927994898484,2.095136407809332,38557.023288345335,77.36500315666198,0.0,37.7,36.45,0.0,0.0,0.20115116536617278,0.0,0.0,1.0,0.0,0.0
burst,fixed_onboard,803,283.2181909913421,67.2938997834921,215.92429117953785,2.064826499391347,37685.356917190555,76.02571741007269,0.0,37.6,35.55,0.0,0.0,0.20024444460868834,0.0,0.0,1.0,0.0,0.0
burst,fixed_onboard,804,292.57313336262104,68.4067375920713,224.16639577800044,2.095629911124706,38563.62359428406,75.36089062727987,0.0,37.7,36.1,0.0,0.0,0.19897738322615624,0.0,0.0,1.0,0.0,0.0
burst,fixed_onboard,805,289.6414545217007,69.21465175226331,220.42680279402444,2.1010635052341966,38738.98636322022,78.57581673189998,0.0,37.7,35.55,0.0,0.0,0.1981462948024273,0.0,0.0,1.0,0.0,0.0
burst,fixed_onboard,806,285.62859931531545,68.59909913986921,217.02950018140683,2.0904117279220373,38412.066526794435,77.22821652144194,0.0,37.55,35.65,0.0,0.0,0.2005194015800953,0.0,0.0,1.0,0.0,0.0
burst,fixed_onboard,807,288.4510120734647,68.65283124372363,219.79818086326878,2.092676596157253,38479.04849014282,76.69416308254003,0.0,37.8,36.05,0.0,0.0,0.20090079233050345,0.0,0.0,1.0,0.0,0.0
burst,fixed_onboard,808,297.6514805363789,68.99511330425739,228.65636721498527,2.1000060675665737,38692.36873893738,76.51455344185233,0.0,38.35,37.45,0.0,0.0,0.20022249445319176,0.0,0.0,1.0,0.0,0.0
burst,fixed_onboard,809,305.5557303926721,69.76354587599636,235.7921845084802,2.1178090976085513,39206.08465003967,77.75080691166222,0.0,38.7,37.9,0.0,0.0,0.20098784044384957,0.0,0.0,1.0,0.0,0.0
burst,fixed_onboard,810,289.5977064867839,67.69312033057213,221.90458612789968,2.0745694883167745,37955.88846549988,75.58018014989793,0.0,37.75,35.55,0.0,0.0,0.1988405130803585,0.0,0.0,1.0,0.0,0.0
burst,fixed_onboard,811,293.8669588891938,68.59839166551828,225.26856718046224,2.0885332266800107,38383.89516792297,78.45406597740948,0.0,37.65,36.3,0.0,0.0,0.19790200963616372,0.0,0.0,1.0,0.0,0.0
burst,fixed_onboard,812,277.04936531025913,68.1202675446868,208.92909775812186,2.0791420554742217,38096.10281677246,76.75747466385364,0.0,37.55,35.25,0.0,0.0,0.20097422525286673,0.0,0.0,1.0,0.0,0.0
burst,fixed_onboard,813,293.34089706192907,68.86547376736999,224.4754233012647,2.094475836213678,38542.37198257446,78.84922390505672,0.0,37.65,35.85,0.0,0.0,0.20169577971100808,0.0,0.0,1.0,0.0,0.0
burst,fixed_onboard,814,288.01605399701,68.74138834849,219.2746656462849,2.0913170358166098,38434.642652130125,77.52258896529675,0.0,37.7,35.35,0.0,0.0,0.19636781364679337,0.0,0.0,1.0,0.0,0.0
burst,fixed_onboard,815,293.24451069100945,69.04752870947122,224.19698199345925,2.1011586402077227,38726.90485305786,77.52302548252047,0.0,37.85,36.25,0.0,0.0,0.19922865256667138,0.0,0.0,1.0,0.0,0.0
burst,fixed_onboard,816,285.01818015867474,67.85764071568846,217.16053945937762,2.080552573921159,38124.72638168335,75.65828319005668,0.0,37.4,35.15,0.0,0.0,0.19845723882317542,0.0,0.0,1.0,0.0,0.0
burst,fixed_onboard,817,291.56014072138817,68.40401507765054,223.15612567354,2.086423373548314,38304.35315132141,76.64629734940827,0.0,38.1,36.7,0.0,0.0,0.1984769806265831,0.0,0.0,1.0,0.0,0.0
burst,fixed_onboard,818,291.03206689350304,68.37753951773047,222.65452738992877,2.089236606284976,38378.77219734192,77.53653251826763,0.0,37.95,36.3,0.0,0.0,0.19966507330536842,0.0,0.0,1.0,0.0,0.0
burst,fixed_onboard,819,283.4830863251537,67.99067736193538,215.49240895725794,2.080726945679635,38115.81398086548,74.54800479710102,0.0,37.4,35.55,0.0,0.0,0.19883705154061318,0.0,0.0,1.0,0.0,0.0
burst,immediate_argmin,800,247.53307895378674,29.996315827593207,217.53676312768366,1.9451362216379493,22179.42425022125,2089.5192496716977,0.0,35.1,36.8,2.55,0.0,0.19049414917826651,0.0,0.0,0.0,0.79140625,0.20859375
burst,immediate_argmin,801,247.50505366782767,30.167898319661617,217.3371553500287,1.9679293441586196,22547.81196756363,2090.843885624409,0.0,33.85,36.5,3.2,0.0,0.190092995762825,0.0,0.0,0.0,0.796875,0.203125
burst,immediate_argmin,802,239.14808753530846,30.193312760442495,208.95477476965056,1.9394815328996629,22127.59710483551,2099.102638721466,0.0,35.1,36.7,2.55,0.0,0.1900545537471771,0.0,0.0,0.0,0.7875,0.2125
burst,immediate_argmin,803,232.7932055821621,29.70692302547395,203.08628257196182,1.9299980727490038,21923.135862731935,2048.4081478476523,0.0,34.2,35.15,2.0,0.0,0.1901075430214405,0.0,0.0,0.0,0.784375,0.215625
burst,immediate_argmin,804,248.66117765301357,29.703036829456686,218.95814081983158,1.9452402438037097,22187.53331012726,2085.0570245355366,0.0,34.9,37.45,2.9,0.0,0.19054863303899766,0.0,0.0,0.0,0.79765625,0.20234375
burst,immediate_argmin,805,244.5521146273514,30.3888814214617,214.16323319322368,2.00246094209142,22958.145378112793,2155.4692602962255,0.0,34.45,36.55,2.9,0.0,0.18996869027614594,0.0,0.0,0.0,0.80078125,0.19921875
burst,immediate_argmin,806,240.4924774907551,30.165723599866034,210.32675388194843,1.9600648266728968,22386.01119403839,2141.2341986894608,0.0,34.25,36.0,2.7,0.0,0.1905160628259182,0.0,0.0,0.0,0.8015625,0.1984375
burst,immediate_argmin,807,245.23106936688654,30.01791553273797,215.213153839364,1.9470767166931182,22300.94815797806,2128.58943297267,0.0,34.05,36.75,2.8,0.0,0.19013873860239983,0.0,0.0,0.0,0.81640625,0.18359375
burst,immediate_argmin,808,248.79351491644366,30.123602685332298,218.66991224005204,1.9588051213882864,22439.79171743393,2130.7951140254736,0.0,35.15,38.0,2.4,0.0,0.19069145023822784,0.0,0.0,0.0,0.80703125,0.19296875
burst,immediate_argmin,809,251.85483279557224,30.4238300524652,221.43100274683235,1.971795267611742,22622.47523107529,2131.035495829582,0.0,34.9,37.7,2.85,0.0,0.18996432274580002,0.0,0.0,0.0,0.80234375,0.19765625
burst,immediate_argmin,810,239.56862827936146,29.540450123697518,210.02817815417384,1.8938689183909445,21496.897443580627,2048.0739728868007,0.0,34.2,36.1,2.25,0.0,0.19024549499154092,0.0,0.0,0.0,0.78671875,0.21328125
burst,immediate_argmin,811,249.1715558970051,30.378524305298924,218.79303157680505,1.9901683642528951,22830.6414229393,2122.8352797612547,0.0,34.25,37.7,2.95,0.0,0.19018554389476777,0.0,0.0,0.00078125,0.803125,0.19609375
burst,immediate_argmin,812,230.1846139792264,29.875527776405214,200.3090861909003,1.925620819348842,21944.899441432954,2065.298565289378,0.0,33.55,35.75,2.5,0.0,0.19017805457115172,0.0,0.0,0.0,0.78984375,0.21015625
burst,immediate_argmin,813,239.3367900333738,30.079807927832007,209.256982108522,1.9375715091824532,22105.835084438324,2092.9451682925223,0.0,34.25,35.15,2.7,0.0,0.19053050577640535,0.0,0.0,0.0,0.790625,0.209375
burst,immediate_argmin,814,234.71477683945113,29.75677477568388,204.95800207941346,1.9144572189077735,21734.565940666198,2117.284064652026,0.0,33.6,35.2,2.8,0.0,0.19031768813729286,0.0,0.0,0.00078125,0.78828125,0.2109375
burst,immediate_argmin,815,236.30749723297976,29.912285631522536,206.39521158357584,1.9312053312547506,21957.317260074615,2071.101968893409,0.0,34.35,34.7,2.15,0.0,0.19062942937016486,0.0,0.0,0.0,0.775,0.225
burst,immediate_argmin,816,231.45730937587078,29.389631052687765,202.06767834665234,1.9077660505194216,21597.14192504883,2052.172147923708,0.0,33.75,34.25,2.75,0.0,0.19010672718286514,0.0,0.0,0.0,0.78125,0.21875
burst,immediate_argmin,817,247.42286039433733,30.032960318028927,217.38990009195467,1.9504258422646672,22295.172496414183,2106.6129882991313,0.0,34.7,37.9,2.65,0.0,0.19005806595087052,0.0,0.0,0.0,0.8,0.2
burst,immediate_argmin,818,233.8426444215967,29.865294329077006,203.97735009475488,1.9230389920528979,21927.902682304382,2074.976154306531,0.0,33.6,34.35,2.45,0.0,0.19013076648116112,0.0,0.0,0.0,0.79140625,0.20859375
burst,immediate_argmin,819,235.37568055589207,29.557462757080792,205.81821779434094,1.8995624993462115,21561.50658302307,2073.427948305011,0.0,34.3,35.9,2.4,0.0,0.19025564193725586,0.0,0.0,0.00078125,0.7875,0.21171875
burst,md_cbad_dqn,800,96.96786360248925,31.08348842486739,65.88437527932226,1.5688807908911258,17577.92926530838,1014.9177450060845,0.0,28.9,0.0,1.4,0.0,0.1919797368347645,0.0,0.0,0.00078125,0.3125,0.68671875
burst,md_cbad_dqn,801,99.48351261392236,32.86359452158213,66.61991812959313,1.5985279634594918,18440.469000434874,918.3420934572816,0.0,29.1,0.0,1.4,0.0,0.19209709241986275,0.0,0.0,0.04375,0.27421875,0.68203125
burst,md_cbad_dqn,802,96.19852253630758,31.929246801137925,64.26927564166486,1.577409012010321,17900.276473522186,949.0723684549332,0.0,28.7,0.0,1.4,0.0,0.19062386229634284,0.0,0.0,0.0,0.28359375,0.71640625
burst,md_cbad_dqn,803,94.39793811611831,31.11526595763862,63.28267203181982,1.569952491670847,17505.99670677185,1008.6775282397866,0.0,28.3,0.0,0.95,0.0,0.1924815446138382,0.0,0.0,0.03515625,0.296875,0.66796875
burst,md_cbad_dqn,804,96.94982281059026,31.50707096233964,65.44275171861052,1.580600730003789,17880.873177719117,1046.5059780165552,0.0,29.1,0.0,1.8,0.0,0.19207115843892097,0.0,0.0,0.03046875,0.33359375,0.6359375
burst,md_cbad_dqn,805,98.44625931695103,32.23830116800964,66.2079580129683,1.6016855761408806,18199.8673992157,930.7743877381087,0.0,28.95,0.0,1.2,0.0,0.1904309667646885,0.0,0.0,0.0,0.25234375,0.74765625
burst,md_cbad_dqn,806,97.72258399605752,32.26332770101726,65.45925620898603,1.5902296993415803,18184.192295074463,1052.546445056796,0.0,28.6,0.0,1.45,0.0,0.19300064519047738,0.0,0.0,0.0375,0.325,0.6375
burst,md_cbad_dqn,807,96.58592354029417,31.78401944003999,64.80190421313048,1.5740632257889957,17813.462409973145,921.0984530776739,0.0,28.4,0.0,1.45,0.0,0.19142023250460624,0.0,0.0,0.0,0.26953125,0.73046875
burst,md_cbad_dqn,808,98.12753984346986,31.948314191401003,66.17922569826246,1.577226601820439,17870.381196880342,929.6351792126894,0.0,29.0,0.0,1.3,0.0,0.1926097884774208,0.0,0.0,0.00078125,0.26484375,0.734375
burst,md_cbad_dqn,809,101.97986423701047,33.28775370009244,68.69211053505539,1.6011377686169,18394.15046892166,784.7856347829104,0.0,29.75,0.0,1.15,0.0,0.19199434146285058,0.0,0.0,0.0,0.184375,0.815625
burst,md_cbad_dqn,810,95.71014757886529,31.072819874808193,64.63732765376568,1.5709665948990732,17709.541959285736,1106.2781315982343,0.0,28.4,0.0,1.35,0.0,0.19178858324885367,0.0,0.0,0.0234375,0.36953125,0.60703125
burst,md_cbad_dqn,811,99.35850452132523,32.06437750421465,67.29412700295448,1.589518864871934,17941.732633399963,912.4073507577181,0.0,29.3,0.0,1.65,0.0,0.19096107184886932,0.0,0.0,0.0,0.240625,0.759375
burst,md_cbad_dqn,812,93.87679346308111,30.70877769961953,63.16801583498716,1.5869275618810206,17850.52940969467,1226.7298573702574,0.0,28.1,0.0,1.8,0.0,0.1920882284641266,0.0,0.0,0.0,0.41796875,0.58203125
burst,md_cbad_dqn,813,97.96870778925717,31.521990850567818,66.4467169021815,1.5854692331515252,17866.39157857895,1013.7956920564175,0.0,29.1,0.0,1.5,0.0,0.19142150655388832,0.0,0.0,0.0,0.303125,0.696875
burst,md_cbad_dqn,814,96.15448890827597,31.680522549897432,64.47396634794771,1.5771276131737977,17790.622945976258,1016.2189972430467,0.0,28.5,0.0,1.3,0.0,0.19197046682238578,0.0,0.0,0.00078125,0.296875,0.70234375
burst,md_cbad_dqn,815,97.25821932092309,31.949594759196042,65.3086246407032,1.5803617410361768,17938.60785179138,905.9176123321056,0.0,28.85,0.0,0.85,0.0,0.19248755499720574,0.0,0.0,0.0015625,0.2515625,0.746875
burst,md_cbad_dqn,816,93.40339076049625,30.824625201895834,62.57876551389694,1.5617829391732811,17498.183355808258,1027.9163275748492,0.0,27.7,0.0,1.05,0.0,0.19129121154546738,0.0,0.0,0.0,0.325,0.675
burst,md_cbad_dqn,817,96.35634672112764,31.197247796133162,65.15909878343344,1.5780192373786122,17730.684889507294,1003.0929215997458,0.0,28.5,0.0,1.4,0.0,0.190986081212759,0.0,0.0,0.0,0.28984375,0.71015625
burst,md_cbad_dqn,818,98.16346058048308,31.31604019626975,66.84742065913976,1.5794602440670134,17703.157890701295,1086.8341752827168,0.0,29.0,0.0,1.6,0.0,0.19126395434141158,0.0,0.0,0.0,0.3453125,0.6546875
burst,md_cbad_dqn,819,93.96274704530836,31.208180656284092,62.7545663804561,1.5688864536583425,17691.576764774323,998.9429994046689,0.0,28.0,0.0,0.95,0.0,0.19208334311842917,0.0,0.0,0.0,0.3046875,0.6953125
burst,mpc_h4,800,108.37703927597222,31.16631990931928,77.21071920050498,1.6772882064804435,18719.760728740694,1435.482071530819,0.0,32.55,4.15,1.15,317.25585980457254,0.19066066667437553,0.0,0.0,0.00625,0.49375,0.5
burst,mpc_h4,801,109.63974366110726,32.16409520357847,77.47564857040508,1.6986025772988795,19255.029994392396,1374.3092204354703,0.0,32.2,4.65,1.05,312.7647800371051,0.190092995762825,0.0,0.0,0.00703125,0.475,0.51796875
burst,mpc_h4,802,108.31998847536299,31.543249740824102,76.77673882506345,1.6847879169508815,18873.928845596314,1454.9251820743084,0.0,32.5,3.9,1.15,312.7464250137564,0.1900545537471771,0.0,0.0,0.00546875,0.49375,0.50078125
burst,mpc_h4,803,106.7885309009444,30.879405638948082,75.90912527130953,1.6751924187410623,18592.89759206772,1420.9350088454783,0.0,32.05,5.05,0.9,317.0437700289767,0.19014043286442756,0.0,0.0,0.00234375,0.4921875,0.50546875
burst,mpc_h4,804,109.00545509380083,31.39388511404395,77.61156991866211,1.6841482947580517,18861.226779174805,1406.833296686411,0.0,32.7,3.95,1.05,316.51613496942446,0.19068318232893944,0.0,0.0,0.00546875,0.4859375,0.50859375
burst,mpc_h4,805,109.71276284873326,32.19989389441908,77.51286891259095,1.7095890875905753,19309.65583229065,1419.4718734696507,0.0,32.35,4.25,1.0,307.67920000944287,0.18996869027614594,0.0,0.0,0.00546875,0.47109375,0.5234375
burst,mpc_h4,806,108.30124739224554,31.820248073339464,76.48099933045448,1.6908673467114568,19037.462861824035,1445.9632996924222,0.0,32.1,5.1,1.05,310.69553004344925,0.19054488241672515,0.0,0.0,0.00625,0.49375,0.5
burst,mpc_h4,807,108.73040189267199,31.78700623959303,76.94339568660658,1.6781580620910972,18897.7196557045,1426.1633212834597,0.0,32.3,4.75,1.45,305.67145508830436,0.19013873860239983,0.0,0.0,0.00390625,0.4984375,0.49765625
burst,mpc_h4,808,111.00061044270407,31.912684183195232,79.08792614886771,1.687634763494134,19023.653400230407,1422.9116500094533,0.0,32.85,5.65,1.0,309.8838850099128,0.19069549515843393,0.0,0.0,0.00390625,0.48984375,0.50625
burst,mpc_h4,809,112.28058394732504,32.21213789992034,80.06844611073464,1.6956554866861553,19149.779619693756,1419.0683173887433,0.0,33.05,5.7,1.25,306.3128499430604,0.18996432274580002,0.0,0.0,0.00703125,0.48203125,0.5109375
burst,mpc_h4,810,106.87194927810519,30.802676140889524,76.06927313423544,1.6636862541083246,18520.15146226883,1444.9646460056306,0.0,32.25,2.95,0.85,309.14824998471886,0.19025125727057457,0.0,0.0,0.00390625,0.5078125,0.48828125
burst,mpc_h4,811,110.82669154520688,31.99225464463234,78.83443700935301,1.6884524051565677,19052.67451429367,1411.4002610474824,0.0,32.3,4.8,1.55,307.0605649787467,0.19034552052617074,0.0,0.0,0.0046875,0.48125,0.5140625
burst,mpc_h4,812,105.85582434384557,31.28600641787052,74.56981803736122,1.6777969870250673,18799.52499189377,1441.699992018193,0.0,31.65,3.8,0.9,305.05981483729556,0.19017805457115172,0.0,0.0,0.003125,0.49765625,0.49921875
burst,mpc_h4,813,108.95376355954768,31.46506404168904,77.48869937890532,1.685639169998467,18927.605695152284,1458.662946496904,0.0,32.45,2.5,1.15,304.7852350748144,0.19053050577640535,0.0,0.0,0.00546875,0.50078125,0.49375
burst,mpc_h4,814,105.6357831532176,31.288133246451615,74.34764988068896,1.6743993384763598,18690.747935581207,1464.4548325315118,0.0,31.5,3.95,1.15,304.28512000944465,0.19031768813729286,0.0,0.0,0.00546875,0.48984375,0.5046875
burst,mpc_h4,815,108.53857690880304,31.372875238209964,77.16570156591243,1.684242443786934,18878.394067001344,1453.2663015790283,0.0,32.4,3.6,0.85,301.8808050546795,0.19072078689932823,0.0,0.0,0.0015625,0.4953125,0.503125
burst,mpc_h4,816,105.007709254726,30.653934997692705,74.35377427416964,1.6706560186110437,18574.52650604248,1444.6025372996926,0.0,31.5,2.15,0.75,302.4770299147349,0.19010672718286514,0.0,0.0,0.00390625,0.5,0.49609375
burst,mpc_h4,817,109.71519891915966,31.623267979547382,78.09193089043843,1.6962373930495231,18998.149274253847,1441.9961181595922,0.0,32.65,4.2,0.9,302.9882700066082,0.19005806595087052,0.0,0.0,0.00390625,0.48515625,0.5109375
burst,mpc_h4,818,108.36691023198637,31.41064062155783,76.95626960446808,1.6770049862097949,18814.683441829682,1437.6921282798053,0.0,32.0,5.0,1.0,306.5070799959358,0.19013076648116112,0.0,0.0,0.00625,0.5015625,0.4921875
burst,mpc_h4,819,105.01829547346847,30.781929545104504,74.23636603937763,1.6642170946579427,18529.426197147368,1477.4426059499383,0.0,31.75,2.9,1.5,310.68044011481106,0.19050498828291892,0.0,0.0,0.003125,0.51328125,0.48359375
burst,standard_dqn,800,96.93589175067842,31.24413519576192,65.69175659291446,1.5693602957762778,17630.029446029665,990.224080722779,0.0,28.85,0.0,1.35,0.0,0.19192990362644197,0.0,0.0,0.00859375,0.3046875,0.68671875
burst,standard_dqn,801,103.94120704539121,34.55622324347496,69.3849838436395,1.6347767825238406,18838.360723304748,634.168539981544,0.0,29.75,0.0,0.85,0.0,0.19192809760570526,0.0,0.0,0.0328125,0.071875,0.8953125
burst,standard_dqn,802,97.94545792572201,32.99348399117589,64.95197404369712,1.5952906868420542,18078.11786260605,711.5505977123976,0.0,28.8,0.0,1.15,0.0,0.19068478122353555,0.0,0.0,0.0,0.12421875,0.87578125
burst,standard_dqn,803,97.23730033606292,32.834292182698846,64.40300805836917,1.6036855003330857,18610.778849029542,1078.3334880724549,0.0,28.5,0.0,1.1,0.0,0.1924028918147087,0.0,0.0,0.12890625,0.3421875,0.52890625
burst,standard_dqn,804,99.75719758346676,33.650617179647085,66.10658039152622,1.604576836619526,18420.178201389313,692.4111588053405,0.0,29.25,0.0,1.1,0.0,0.19259915575385095,0.0,0.0,0.03671875,0.1265625,0.83671875
burst,standard_dqn,805,100.57807256534696,32.356190209835766,68.22188237711786,1.6199425716418774,18359.187044334412,1039.565946574509,0.0,29.4,0.0,1.65,0.0,0.19009340330958366,0.0,0.0,0.00078125,0.3,0.69921875
burst,standard_dqn,806,98.58813963793219,32.57755599506199,66.01058363094926,1.6012975290883333,18366.8924243927,1065.9808845415712,0.0,28.7,0.0,1.45,0.0,0.19321633353829384,0.0,0.0,0.059375,0.31875,0.621875
burst,standard_dqn,807,97.76102939762175,32.4648051019758,65.29622424647212,1.5862051835749298,17952.55069065094,793.2016201674938,0.0,28.6,0.0,1.1,0.0,0.19185218065977097,0.0,0.0,0.0,0.1828125,0.8171875
burst,standard_dqn,808,99.20591635465622,32.81882943212986,66.38708704173565,1.5903112687636167,18087.932861804962,760.7477268755435,0.0,29.15,0.0,1.0,0.0,0.1926097884774208,0.0,0.0,0.0015625,0.16171875,0.83671875
burst,standard_dqn,809,101.40062963545321,32.899747741222384,68.50088179513811,1.599502693908289,18235.476092720033,821.0822391092777,0.0,29.7,0.0,1.15,0.0,0.19159199222922324,0.0,0.0,0.0,0.1921875,0.8078125
burst,standard_dqn,810,95.96325268357992,30.836133651062845,65.12711898446084,1.5681617177091538,17559.996808624266,1117.7566301621496,0.0,28.55,0.0,1.3,0.0,0.19211526587605476,0.0,0.0,0.003125,0.36640625,0.63046875
burst,standard_dqn,811,99.63570427000522,32.32094783969224,67.31475650295616,1.5883378153666854,18053.3175195694,855.5142493396997,0.0,29.4,0.0,1.5,0.0,0.19093716517090797,0.0,0.0,0.0,0.22890625,0.77109375
burst,standard_dqn,812,94.54031833514571,31.075992109626533,63.46432627990841,1.5853076837491245,17880.7048207283,1152.6685139071196,0.0,28.15,0.0,1.65,0.0,0.1920882284641266,0.0,0.0,0.0203125,0.3859375,0.59375
burst,standard_dqn,813,98.44886180147529,31.58047136440873,66.86839046798647,1.5900763921439647,17936.83883113861,1061.7267971098422,0.0,29.35,0.0,1.65,0.0,0.19200022742152215,0.0,0.0,0.0,0.33125,0.66875
burst,standard_dqn,814,96.1283870740235,32.064526131376624,64.06386096648872,1.5761420970316977,17856.848920059205,903.2514109373093,0.0,28.55,0.0,1.05,0.0,0.19200584441423416,0.0,0.0,0.00078125,0.24140625,0.7578125
burst,standard_dqn,815,98.33483389347792,32.20755281038582,66.12728115797043,1.595441883476451,18337.59777545929,1069.4704293269665,0.0,29.0,0.0,0.75,0.0,0.19248755499720574,0.0,0.0,0.04609375,0.35,0.60390625
burst,standard_dqn,816,93.55865715354682,30.449486627057194,63.109170531332495,1.5681249927729368,17475.921158409117,1102.7028073102235,0.0,27.85,0.0,1.1,0.0,0.19129121154546738,0.0,0.0,0.0,0.3546875,0.6453125
burst,standard_dqn,817,96.50747027911247,31.796295468509197,64.71117480576038,1.574910475127399,17786.222237300874,874.8702398091555,0.0,28.4,0.0,1.1,0.0,0.1911615662276745,0.0,0.0,0.0,0.225,0.775
burst,standard_dqn,818,98.38793900333346,32.313531341031194,66.07440768502653,1.5769061511848121,17877.885674285888,859.2421208262443,0.0,28.9,0.0,1.3,0.0,0.1916259080171585,0.0,0.0,0.0,0.2328125,0.7671875
burst,standard_dqn,819,94.98598581627012,32.0276684531942,62.958317410200834,1.572398966178298,17831.912919616698,823.3070223748684,0.0,28.05,0.0,0.85,0.0,0.1927759386599064,0.0,0.0,0.0,0.209375,0.790625
burst,threshold,800,241.90429794761266,32.02528567425907,209.87901228452952,1.9649134388659149,23075.05018234253,2046.8072145730257,0.0,34.4,35.05,1.05,0.0,0.19049414917826651,0.0,0.0,0.02578125,0.76328125,0.2109375
burst,threshold,801,237.7227671709631,32.39457705579698,205.32819009020668,1.9812945364508778,23380.5591506958,2007.440400531143,0.0,33.65,33.7,1.1,0.0,0.190092995762825,0.0,0.0,0.02734375,0.75,0.22265625
burst,threshold,802,245.74891326402786,32.251042602211236,213.4978706603265,1.969429236697033,23151.030743026735,2067.98477942124,0.0,34.9,35.8,0.9,0.0,0.1900545537471771,0.0,0.0,0.02421875,0.7625,0.21328125
burst,threshold,803,235.94995957660973,31.593007277324794,204.3569522989124,1.9653765850700438,22914.45902557373,2047.1307209670545,0.0,34.1,34.15,0.85,0.0,0.1901075430214405,0.0,0.0,0.01875,0.76796875,0.21328125
burst,threshold,804,245.28230340633678,31.809478342905642,213.47282507535206,1.9737810189370066,23162.426525592804,2032.919799540937,0.0,34.75,35.45,1.0,0.0,0.19054863303899766,0.0,0.0,0.02421875,0.76171875,0.2140625
burst,threshold,805,237.35902538202498,32.50367009565234,204.85535530723428,2.0067407776601613,23611.356688308715,2072.5563976190983,0.0,34.4,34.45,1.05,0.0,0.18996869027614594,0.0,0.0,0.02421875,0.75078125,0.225
burst,threshold,806,232.01839016149643,32.05569475442171,199.96269543315174,1.9408202565740793,22713.282687568666,2056.7287938423456,0.0,33.5,33.75,1.25,0.0,0.1905160628259182,0.0,0.0,0.0203125,0.75546875,0.22421875
burst,threshold,807,239.16593069341215,32.12111104466021,207.04481964577172,1.9658883924596011,23151.311617565156,2055.6716071721166,0.0,33.75,34.05,0.75,0.0,0.19013873860239983,0.0,0.0,0.02421875,0.771875,0.20390625
burst,threshold,808,248.56894862294158,32.45186618603766,216.11708243094344,1.9888240234926342,23417.120650863646,2077.8591795027255,0.0,34.95,35.75,0.75,0.0,0.19069145023822784,0.0,0.0,0.01875,0.765625,0.215625
burst,threshold,809,250.57691209798662,32.714208682626484,217.8627034034392,1.9952133923768998,23587.282275104524,2083.9953249588607,0.0,35.1,35.95,0.9,0.0,0.18996432274580002,0.0,0.0,0.0265625,0.7625,0.2109375
burst,threshold,810,242.36247451210784,31.64866112433374,210.71381339075432,1.9585726768244058,22972.825120735168,2056.617942197621,0.0,34.4,34.95,0.65,0.0,0.19024549499154092,0.0,0.0,0.0234375,0.7765625,0.2
burst,threshold,811,244.28032289075705,32.638515995815396,211.64180688749107,1.9916058849077671,23471.070185947417,2048.666596277058,0.0,34.25,34.8,1.15,0.0,0.19018554389476777,0.0,0.0,0.02265625,0.753125,0.22421875
burst,threshold,812,232.14235869012882,31.918266529217362,200.2240921668719,1.9411881864536553,22782.038187885286,2027.4317040719093,0.0,33.5,33.3,0.9,0.0,0.19017805457115172,0.0,0.0,0.0234375,0.76171875,0.21484375
burst,threshold,813,242.36251015352758,32.0758314255625,210.28667872871014,1.9617817035876215,23010.717877483366,2062.11631488502,0.0,34.55,34.8,0.8,0.0,0.19053050577640535,0.0,0.0,0.02421875,0.76171875,0.2140625
burst,threshold,814,228.51590411435276,31.749570191651582,196.76633392568144,1.9456484442576767,22764.869563007356,2088.9848558679223,0.0,33.45,33.15,1.15,0.0,0.19031768813729286,0.0,0.0,0.021875,0.76484375,0.21328125
burst,threshold,815,236.48810742806518,31.89151632152498,204.59659111622597,1.9516562941484152,22860.572435474394,2054.4965822041036,0.0,34.2,34.2,1.0,0.0,0.19062942937016486,0.0,0.0,0.01796875,0.7578125,0.22421875
burst,threshold,816,226.21370575172529,31.21181206069887,195.00189368208572,1.932042439514771,22462.14325313568,2030.721440730989,0.0,33.7,33.4,1.1,0.0,0.19010672718286514,0.0,0.0,0.01875,0.7625,0.21875
burst,threshold,817,240.79336318219399,32.08267366103828,208.7106895211557,1.9837164944969117,23238.5739528656,2052.370941185206,0.0,34.45,34.55,1.1,0.0,0.19005806595087052,0.0,0.0,0.0171875,0.759375,0.2234375
burst,threshold,818,232.78502094448126,31.63427937999368,201.1507415734283,1.9340498986188321,22626.281623840332,2032.5034905552864,0.0,33.5,33.75,0.85,0.0,0.19013076648116112,0.0,0.0,0.025,0.76328125,0.21171875
burst,threshold,819,234.56189245026684,31.471188185736537,203.09070426453033,1.9386367982719093,22594.859783172607,2072.9444285459817,0.0,33.9,34.45,1.15,0.0,0.19025564193725586,0.0,0.0,0.02109375,0.76953125,0.209375
energy_limited,contextual_bandit,800,131.95437282053237,27.001184490323066,104.95318833020929,1.5837163898162543,16836.94091272354,1443.6536039978266,0.0,42.65,7.85,1.95,0.0,0.19068145900964736,0.0,0.0,0.0,0.55546875,0.44453125
energy_limited,contextual_bandit,801,133.66190438919955,28.046641694754364,105.61526264564388,1.615041031083092,17438.30266828537,1401.2212512999772,0.0,43.5,11.7,2.05,0.0,0.1901033975183964,0.0,0.0,0.0,0.5359375,0.4640625
energy_limited,contextual_bandit,802,136.97678593608651,27.977340378239752,108.99944552916202,1.6047507517971098,17397.51559228897,1484.5576141774654,0.0,43.35,15.1,1.95,0.0,0.1900545537471771,0.0,0.0,0.0,0.58046875,0.41953125
energy_limited,contextual_bandit,803,131.9593619768513,27.13912038579583,104.82024168940313,1.583057150291279,16911.815287017824,1439.781786596775,0.0,42.75,6.05,1.55,0.0,0.19008041322231292,0.0,0.0,0.0,0.57109375,0.42890625
energy_limited,contextual_bandit,804,136.08453033179975,27.509109630063175,108.5754207263235,1.5982483685947955,17243.812523269655,1447.9640100985766,0.0,42.75,17.65,2.25,0.0,0.19068318232893944,0.0,0.0,0.0,0.57578125,0.42421875
energy_limited,contextual_bandit,805,134.9245379599643,28.01935045272112,106.90518754337847,1.6198650259524583,17515.456099796294,1461.742680928111,0.0,42.05,13.2,2.15,0.0,0.19007574915885925,0.0,0.0,0.0,0.55390625,0.44609375
energy_limited,contextual_bandit,806,136.2540016175719,27.94306230954826,108.31093931621929,1.5970896289218217,17268.11691713333,1496.9813602507115,0.0,43.05,13.25,2.15,0.0,0.1904345601797104,0.0,0.0,0.0,0.58125,0.41875
energy_limited,contextual_bandit,807,137.91735969284892,28.040118252113462,109.87724141763866,1.5921284962445497,17277.186591529848,1475.5614438146354,0.0,43.5,16.7,2.3,0.0,0.19013873860239983,0.0,0.0,0.00078125,0.584375,0.41484375
energy_limited,contextual_bandit,808,138.01438441045667,27.893489434197544,110.12089508466508,1.598043497093022,17240.86750898361,1459.3723831534385,0.0,43.9,15.25,1.75,0.0,0.19037174805998802,0.0,0.0,0.0,0.56640625,0.43359375
energy_limited,contextual_bandit,809,135.52734194128544,27.971810234710574,107.55553171141773,1.6033272955566644,17262.8351521492,1454.486396613717,0.0,43.45,13.5,2.1,0.0,0.18996774554252624,0.0,0.0,0.0,0.55625,0.44375
energy_limited,contextual_bandit,810,132.62596491267573,27.096240439638496,105.52972458032559,1.5878674297127873,16980.610276317595,1467.0812245607376,0.0,42.0,15.1,1.85,0.0,0.19026631712913514,0.0,0.0,0.0,0.57578125,0.42421875
energy_limited,contextual_bandit,811,137.39454546426757,28.048866878077387,109.34567859773858,1.6145702881272883,17439.35419740677,1441.393362095952,0.0,43.15,17.55,2.35,0.0,0.1904884919524193,0.0,0.0,0.0,0.55390625,0.44609375
energy_limited,contextual_bandit,812,135.90227193614618,27.744676254317163,108.15759585132972,1.6014462117105723,17305.39559879303,1465.9061324596405,0.0,43.0,14.75,2.0,0.0,0.19017805457115172,0.0,0.0,0.0,0.575,0.425
energy_limited,contextual_bandit,813,132.72105179051576,27.414961537346244,105.30609025428711,1.6027206842321902,17202.072733497618,1482.5870290338994,0.0,42.75,9.35,1.95,0.0,0.19053050577640535,0.0,0.0,0.00234375,0.5734375,0.42421875
energy_limited,contextual_bandit,814,131.39464003564729,27.58882236741483,103.80581774907125,1.6010007245466114,17176.89301586151,1502.3738129049539,0.0,42.4,12.85,1.9,0.0,0.19034304991364479,0.0,0.0,0.0,0.565625,0.434375
energy_limited,contextual_bandit,815,139.02394697481833,27.72339228577912,111.3005547862693,1.6040553872473537,17298.854223060607,1472.2286816984415,0.0,43.7,14.6,1.35,0.0,0.19062942937016486,0.0,0.0,0.0,0.57109375,0.42890625
energy_limited,contextual_bandit,816,132.5939882296353,27.005331403017045,105.58865689851636,1.590732204914093,17029.69708814621,1481.6073240578176,0.0,41.75,14.5,1.95,0.0,0.1902904689311981,0.0,0.0,0.0,0.58515625,0.41484375
energy_limited,contextual_bandit,817,137.65411382637132,27.809233905747533,109.8448799392502,1.6112230449449272,17390.41829776764,1464.8315242916347,0.0,43.8,13.9,1.8,0.0,0.19008340016007425,0.0,0.0,0.0,0.56484375,0.43515625
energy_limited,contextual_bandit,818,128.89651780032804,27.16079245209694,101.73572529458693,1.579851613426581,16934.511846351623,1473.3441216997803,0.0,41.6,9.85,2.2,0.0,0.1901866689324379,0.0,0.0,0.0015625,0.5828125,0.415625
energy_limited,contextual_bandit,819,129.96071517152373,27.095153936743735,102.86556127911095,1.5813474081922323,16955.169370174408,1509.240204897523,0.0,41.45,11.4,1.9,0.0,0.1904958479106426,0.0,0.0,0.0,0.59140625,0.40859375
energy_limited,fixed_ground,800,332.1391845949988,28.302072088420392,303.83711250434334,2.0380278425756844,23564.115426063538,2300.05749001503,0.0,47.75,48.2,3.0,0.0,0.19007307067513465,0.0,0.0,0.0,1.0,0.0
energy_limited,fixed_ground,801,334.8028448868134,28.552213860303162,306.2506310280004,2.0813876209314914,24156.695299339295,2297.969362783432,0.0,49.3,50.25,3.45,0.0,0.19004034101963044,0.0,0.0,0.0,1.0,0.0
energy_limited,fixed_ground,802,330.6501854386085,28.760415428131818,301.88977001196685,2.0654421348590404,23967.357494544984,2336.4183875083922,0.0,47.4,48.15,3.15,0.0,0.1899535022675991,0.0,0.0,0.0,1.0,0.0
energy_limited,fixed_ground,803,328.93658620771595,28.271933191269635,300.66465301570133,2.0512816345319154,23717.991351699828,2292.795631122589,0.0,47.5,48.15,2.45,0.0,0.18999627307057382,0.0,0.0,0.0,1.0,0.0
energy_limited,fixed_ground,804,328.6057098566165,27.966208643093704,300.6395012127779,2.0240518445614724,23394.4631690979,2266.4353037834167,0.0,47.95,48.7,3.3,0.0,0.19008583649992944,0.0,0.0,0.0,1.0,0.0
energy_limited,fixed_ground,805,320.4340466975781,28.72666197270155,291.7073847241316,2.0692761050071566,24018.939034843446,2331.3327914237975,0.0,46.6,47.25,3.25,0.0,0.189907818287611,0.0,0.0,0.0,1.0,0.0
energy_limited,fixed_ground,806,323.20997272406794,28.44337503761053,294.7665976901827,2.036739188525826,23564.161983680726,2319.697540950775,0.0,46.45,47.2,3.0,0.0,0.19009329453110696,0.0,0.0,0.0,1.0,0.0
energy_limited,fixed_ground,807,323.84611500442514,28.33751413077116,295.5086008743991,2.0352107313461603,23554.22201900482,2306.4438603401186,0.0,47.15,47.65,2.85,0.0,0.19001390784978867,0.0,0.0,0.0,1.0,0.0
energy_limited,fixed_ground,808,334.3408141700282,28.462484854459763,305.8783293110981,2.048068740637973,23734.57987937927,2314.495408630371,0.0,48.15,49.4,3.0,0.0,0.19011886045336723,0.0,0.0,0.0,1.0,0.0
energy_limited,fixed_ground,809,333.8874844472019,28.69999119527638,305.1874932526707,2.0669072203803807,23998.213022232056,2328.565577030182,0.0,47.8,48.5,3.1,0.0,0.18996432274580002,0.0,0.0,0.0,1.0,0.0
energy_limited,fixed_ground,810,323.10520116728367,28.089531182870267,295.0156699866486,2.0204189594835045,23324.964699554443,2288.842792701721,0.0,47.35,48.6,2.75,0.0,0.18994989171624183,0.0,0.0,0.0,1.0,0.0
energy_limited,fixed_ground,811,333.47069112231463,28.693346152827143,304.7773449709777,2.0798965063877404,24136.014816474915,2317.6336002349854,0.0,48.65,49.55,3.15,0.0,0.18992212861776353,0.0,0.0,0.0,1.0,0.0
energy_limited,fixed_ground,812,321.7228450676951,28.392996701225638,293.32984836646955,2.0521588735748084,23754.22905368805,2300.1672562599183,0.0,46.8,47.45,3.1,0.0,0.19011113047599792,0.0,0.0,0.0,1.0,0.0
energy_limited,fixed_ground,813,334.019951844139,28.514103792235254,305.5058480489236,2.0394576090388,23609.287085914613,2324.8731417179106,0.0,47.75,48.55,3.05,0.0,0.19007183834910393,0.0,0.0,0.0,1.0,0.0
energy_limited,fixed_ground,814,324.50504664044627,28.318928534910082,296.18611810628136,2.019063798990101,23334.355374145507,2321.124336767197,0.0,47.1,47.45,2.95,0.0,0.1899552561342716,0.0,0.0,0.0,1.0,0.0
energy_limited,fixed_ground,815,333.5610008345528,28.49072975590825,305.07027108013466,2.0487799280788748,23739.433139038087,2316.7067710876463,0.0,47.95,49.05,2.3,0.0,0.19011976197361946,0.0,0.0,0.0,1.0,0.0
energy_limited,fixed_ground,816,316.38392126671187,27.942419150471686,288.44150211624026,2.005997743923217,23133.796261787415,2278.0309733867643,0.0,46.7,47.5,2.9,0.0,0.18987985849380493,0.0,0.0,0.0,1.0,0.0
energy_limited,fixed_ground,817,332.03919762901256,28.511236628144978,303.52796100459295,2.066027078451589,23955.321230506896,2305.6699141025542,0.0,48.0,48.3,2.95,0.0,0.18997323215007783,0.0,0.0,0.0,1.0,0.0
energy_limited,fixed_ground,818,324.1684515523757,28.19775857627392,295.9706929761019,2.0228828217834236,23370.20681705475,2299.930909729004,0.0,47.65,49.0,2.85,0.0,0.18998493775725364,0.0,0.0,0.0,1.0,0.0
energy_limited,fixed_ground,819,323.45356351541477,28.225875847414137,295.22768767023587,2.0241303775459527,23387.877724647522,2302.933242511749,0.0,46.5,47.3,2.8,0.0,0.19004174321889877,0.0,0.0,0.0,1.0,0.0
energy_limited,fixed_onboard,800,240.42801070421933,63.444795961678025,176.98321458384396,1.9454009497072549,34198.591201019284,67.8757426571101,0.0,46.4,28.4,0.0,0.0,0.19966893047094345,0.0,0.0,1.0,0.0,0.0
energy_limited,fixed_onboard,801,238.45474772859365,64.2768164806068,174.17793124724182,1.959780644159764,34628.37308006287,68.8830027770251,0.0,46.5,26.5,0.0,0.0,0.20011999309062958,0.0,0.0,1.0,0.0,0.0
energy_limited,fixed_onboard,802,240.10491663569957,64.59642803445459,175.5084885729328,1.9644027499947696,34758.81194038391,69.71490559764206,0.0,46.95,26.35,0.0,0.0,0.20115116536617278,0.0,0.0,1.0,0.0,0.0
energy_limited,fixed_onboard,803,228.3685543155372,62.931342931091784,165.43721142914893,1.9321128255687654,33826.38750076294,68.03236838690937,0.0,46.75,24.5,0.0,0.0,0.20024444460868834,0.0,0.0,1.0,0.0,0.0
energy_limited,fixed_onboard,804,236.09502371294798,63.918515127152205,172.1765085902661,1.9593734239693732,34603.02885246277,67.5245300475508,0.0,46.25,26.35,0.0,0.0,0.19897738322615624,0.0,0.0,1.0,0.0,0.0
energy_limited,fixed_onboard,805,237.20119010345638,64.62384093031287,172.5773491560072,1.9624638007022441,34709.88973503113,70.4563685707748,0.0,45.7,25.9,0.0,0.0,0.1981462948024273,0.0,0.0,1.0,0.0,0.0
energy_limited,fixed_onboard,806,236.70986471051725,64.27274313941598,172.43712155843528,1.9585972343105822,34580.884344863895,69.25068722143769,0.0,46.8,25.75,0.0,0.0,0.2005194015800953,0.0,0.0,1.0,0.0,0.0
energy_limited,fixed_onboard,807,246.33641203888504,64.40545816645026,181.93095370181652,1.9622166025452317,34689.41362037659,69.13048653453589,0.0,46.85,27.25,0.0,0.0,0.20090079233050345,0.0,0.0,1.0,0.0,0.0
energy_limited,fixed_onboard,808,250.4805009609833,64.58601374179125,185.8944872445241,1.9659941741265357,34797.97552871704,68.79820061177016,0.0,47.05,29.65,0.0,0.0,0.20022249445319176,0.0,0.0,1.0,0.0,0.0
energy_limited,fixed_onboard,809,256.2450214018002,65.01597794890404,191.2290434812084,1.9753035520203412,35067.57461357117,69.7061578091234,0.0,47.1,30.2,0.0,0.0,0.20098784044384957,0.0,0.0,1.0,0.0,0.0
energy_limited,fixed_onboard,810,232.67150423350185,63.34820053726435,169.32330370592325,1.9417634256649763,34097.397249984744,67.98531919904053,0.0,46.55,27.25,0.0,0.0,0.1988405130803585,0.0,0.0,1.0,0.0,0.0
energy_limited,fixed_onboard,811,241.72014724540708,64.04652845486999,177.6736188993156,1.9507843838538974,34380.96173210144,70.469846412912,0.0,46.75,28.25,0.0,0.0,0.19736271649599074,0.0,0.0,1.0,0.0,0.0
energy_limited,fixed_onboard,812,228.41352036277948,63.982758175581694,164.4307622035891,1.9516112529672682,34388.482012176515,69.15713081993162,0.0,46.45,24.3,0.0,0.0,0.20097422525286673,0.0,0.0,1.0,0.0,0.0
energy_limited,fixed_onboard,813,235.59580366864802,64.32811546251178,171.26768818378451,1.9570441148243845,34549.144640731814,70.87222402468323,0.0,46.35,27.15,0.0,0.0,0.20159272626042365,0.0,0.0,1.0,0.0,0.0
energy_limited,fixed_onboard,814,239.00114101770524,64.34969137832522,174.65144974070787,1.9580142504535616,34562.13324737549,69.47169887945056,0.0,46.4,26.6,0.0,0.0,0.19636781364679337,0.0,0.0,1.0,0.0,0.0
energy_limited,fixed_onboard,815,242.86395910122246,64.53786959946156,178.32608940490337,1.9644511075224727,34757.17566871643,69.64133677370846,0.0,46.6,26.45,0.0,0.0,0.19922865256667138,0.0,0.0,1.0,0.0,0.0
energy_limited,fixed_onboard,816,230.71076956514267,63.47512865290046,167.2356409770623,1.9461033252067863,34220.808791351315,68.18427496217191,0.0,46.2,24.8,0.0,0.0,0.19845723882317542,0.0,0.0,1.0,0.0,0.0
energy_limited,fixed_onboard,817,242.3013942365348,64.1488716378808,178.1525226992369,1.9563975148368626,34527.05598297119,68.97467159517109,0.0,46.75,27.75,0.0,0.0,0.1984769806265831,0.0,0.0,1.0,0.0,0.0
energy_limited,fixed_onboard,818,235.83356017204375,63.811349550634624,172.02221048431846,1.9514564903918654,34375.139322662355,69.3848266709596,0.0,46.4,26.6,0.0,0.0,0.19966507330536842,0.0,0.0,1.0,0.0,0.0
energy_limited,fixed_onboard,819,233.36377153962104,63.80403783097863,169.55973362668607,1.9514592580497265,34360.89327850342,67.13985120281578,0.0,46.2,24.95,0.0,0.0,0.19883705154061318,0.0,0.0,1.0,0.0,0.0
energy_limited,immediate_argmin,800,229.44470487949593,26.74428000189364,202.700424899209,1.7728298950009047,19579.08205127716,1885.3260020554067,0.0,43.45,32.95,2.4,0.0,0.19049414917826651,0.0,0.0,0.0,0.796875,0.203125
energy_limited,immediate_argmin,801,229.2583620937315,26.906278073042632,202.35208404453076,1.7907937381416559,19878.673999118804,1897.5926681816577,0.0,43.3,32.4,3.15,0.0,0.190092995762825,0.0,0.0,0.0,0.80234375,0.19765625
energy_limited,immediate_argmin,802,228.63094544736023,27.137604273483156,201.4933412074047,1.7928866878617555,19891.431135368348,1914.9829330325126,0.0,43.6,32.4,2.4,0.0,0.1900545537471771,0.0,0.0,0.0,0.79609375,0.20390625
energy_limited,immediate_argmin,803,213.42466489016428,26.550388469547034,186.8742764645757,1.7530100711621344,19255.997285842896,1838.8390645802021,0.0,43.05,29.25,1.9,0.0,0.1901075430214405,0.0,0.0,0.0,0.77578125,0.22421875
energy_limited,immediate_argmin,804,226.17852415679081,26.441939050704242,199.73658518506272,1.7635916939936578,19462.67021780014,1878.0862911969423,0.0,42.7,32.45,2.75,0.0,0.19054863303899766,0.0,0.0,0.0,0.79921875,0.20078125
energy_limited,immediate_argmin,805,233.2241994003558,27.117968894913794,206.10623047526718,1.8258407653309405,20293.548983955385,1950.2344576209784,0.0,42.75,31.65,2.7,0.0,0.18996869027614594,0.0,0.0,0.0,0.8046875,0.1953125
energy_limited,immediate_argmin,806,231.21804565332323,26.997943649813532,204.22010193086652,1.8070940715260804,20064.25533390045,1956.0927573084832,0.0,43.25,31.65,2.6,0.0,0.1905160628259182,0.0,0.0,0.0,0.8140625,0.1859375
energy_limited,immediate_argmin,807,230.37502264767505,26.848566530272365,203.52645615055775,1.7755521757062525,19719.212628650665,1928.697765403986,0.0,43.3,32.4,2.65,0.0,0.19013873860239983,0.0,0.0,0.0,0.8203125,0.1796875
energy_limited,immediate_argmin,808,237.7884282183357,26.972989103198053,210.81543916505652,1.7929339434951543,19924.204924964906,1933.347932627797,0.0,43.9,33.35,2.25,0.0,0.19069145023822784,0.0,0.0,0.0,0.81171875,0.18828125
energy_limited,immediate_argmin,809,232.712731615011,27.05686243958771,205.65586915269904,1.78147843638435,19766.707828235627,1907.1176717877388,0.0,43.7,33.5,2.8,0.0,0.18996432274580002,0.0,0.0,0.0,0.8,0.2
energy_limited,immediate_argmin,810,225.11848826290748,26.4340587105602,198.6844295001932,1.741372960107401,19149.665229415892,1867.444963824749,0.0,42.3,33.05,2.25,0.0,0.19024549499154092,0.0,0.0,0.0,0.79375,0.20625
energy_limited,immediate_argmin,811,235.19226541894585,27.090735119953752,208.10153036269463,1.8027262108400464,20018.06164560318,1914.8712740465999,0.0,43.5,34.0,2.85,0.0,0.19018554389476777,0.0,0.0,0.00078125,0.80390625,0.1953125
energy_limited,immediate_argmin,812,220.21276017341364,26.856715366989373,193.35604482430568,1.7813194487709552,19722.03734960556,1893.9707321494818,0.0,43.45,31.05,2.35,0.0,0.19017805457115172,0.0,0.0,0.0,0.79765625,0.20234375
energy_limited,immediate_argmin,813,216.59216442548504,26.850809728726745,189.74135471277702,1.7597216235939412,19414.108892726897,1882.551843124628,0.0,42.95,29.45,2.7,0.0,0.19053050577640535,0.0,0.0,0.0,0.7875,0.2125
energy_limited,immediate_argmin,814,218.90372513863457,26.679099199175834,192.22462593834118,1.7572227941360326,19336.09382915497,1914.753442621231,0.0,42.85,30.0,2.6,0.0,0.19031768813729286,0.0,0.0,0.0,0.78828125,0.21171875
energy_limited,immediate_argmin,815,222.1583537812885,26.793314746394753,195.36503909300825,1.7654848364647477,19469.086708545685,1875.2139247506857,0.0,43.5,30.1,1.8,0.0,0.19062942937016486,0.0,0.0,0.0,0.78203125,0.21796875
energy_limited,immediate_argmin,816,210.87141473264472,26.30912122540176,184.56229355529925,1.7436925029847772,19122.076519298553,1849.5147522926331,0.0,41.8,28.5,2.55,0.0,0.19010672718286514,0.0,0.0,0.0,0.78046875,0.21953125
energy_limited,immediate_argmin,817,230.27548913800214,26.93676308877766,203.33872600265835,1.788482948113233,19811.985338401795,1899.6102172911167,0.0,44.35,33.75,2.45,0.0,0.19005806595087052,0.0,0.0,0.0,0.79609375,0.20390625
energy_limited,immediate_argmin,818,218.6855340385764,26.623391344770788,192.06214267666925,1.748570299660787,19288.342699432375,1874.6342560619116,0.0,42.5,29.3,2.4,0.0,0.19013076648116112,0.0,0.0,0.0,0.79453125,0.20546875
energy_limited,immediate_argmin,819,215.96240483644124,26.505605317279695,189.45679960000035,1.7435814923606814,19164.849770736695,1873.3213289648295,0.0,42.55,29.9,2.2,0.0,0.19025564193725586,0.0,0.0,0.0,0.78515625,0.21484375
energy_limited,md_cbad_dqn,800,117.67034970492125,27.400413213670255,90.26993654042482,1.4640862388536333,15713.837065696716,947.1067522376776,0.0,38.65,0.0,1.35,0.0,0.19240895733237268,0.0,0.0,0.0,0.32890625,0.67109375
energy_limited,md_cbad_dqn,801,119.02122444666922,29.453508437797428,89.56771602749825,1.4919561276677995,16518.04979019165,767.6811129584909,0.0,38.1,0.0,1.2,0.0,0.19258396476507186,0.0,0.0,0.046875,0.23125,0.721875
energy_limited,md_cbad_dqn,802,119.30345480948685,28.426632125675678,90.87682255752385,1.4793145014904439,16111.18787355423,870.8446849972009,0.0,38.95,0.0,1.45,0.0,0.19068478122353555,0.0,0.0,0.0,0.28671875,0.71328125
energy_limited,md_cbad_dqn,803,116.56373684830965,27.786214788258075,88.77752202689648,1.4692757934797556,15782.360530853271,938.1725603587926,0.0,38.0,0.0,1.05,0.0,0.19287349730730058,0.0,0.0,0.0390625,0.31796875,0.64296875
energy_limited,md_cbad_dqn,804,118.81543670535089,28.421542654559016,90.39389407873153,1.4862725069746374,16287.41965341568,1001.2202347248792,0.0,38.2,0.0,1.75,0.0,0.19290023520588875,0.0,0.0,0.0640625,0.3578125,0.578125
energy_limited,md_cbad_dqn,805,117.85977102003991,28.408758287131786,89.45101279884577,1.4917202790733426,16168.133084106445,856.3092958927155,0.0,38.1,0.0,1.45,0.0,0.19218797683715821,0.0,0.0,0.0,0.2546875,0.7453125
energy_limited,md_cbad_dqn,806,118.75172445431352,29.22936285585165,89.52236147329212,1.4927809074986726,16583.357479286195,972.0392335779965,0.0,38.4,0.0,1.35,0.0,0.19321633353829384,0.0,0.0,0.06796875,0.33984375,0.5921875
energy_limited,md_cbad_dqn,807,118.09461640916766,28.29623483605683,89.79838156864047,1.4743783508427442,16021.4289935112,861.0294408619404,0.0,38.55,0.0,1.3,0.0,0.1920482933521271,0.0,0.0,0.0,0.28046875,0.71953125
energy_limited,md_cbad_dqn,808,119.60857157133519,28.537708244472743,91.07086337268353,1.4745993431657554,16066.97956237793,844.0740597009659,0.0,39.05,0.0,1.15,0.0,0.1926097884774208,0.0,0.0,0.0,0.26875,0.73125
energy_limited,md_cbad_dqn,809,122.74890618078412,29.76910357326269,92.9798026227951,1.4956905578728765,16433.111877632142,669.2878293335438,0.0,39.6,0.0,1.1,0.0,0.1933676518499851,0.0,0.0,0.0,0.1578125,0.8421875
energy_limited,md_cbad_dqn,810,116.98283455327153,27.59560004286468,89.38723455250263,1.4745788640342652,15994.26888923645,1060.886665415764,0.0,38.1,0.0,1.3,0.0,0.19227258563041688,0.0,0.0,0.02890625,0.39609375,0.575
energy_limited,md_cbad_dqn,811,119.16155360221862,28.393661884590983,90.76789163678885,1.4811267296317965,15965.462607479096,818.7529141545295,0.0,38.6,0.0,1.7,0.0,0.19096107184886932,0.0,0.0,0.0,0.2375,0.7625
energy_limited,md_cbad_dqn,812,116.88621469728648,27.37369397357106,89.51252057135105,1.500640331208706,16283.727238559723,1207.2129649192095,0.0,38.6,0.0,1.95,0.0,0.1920882284641266,0.0,0.0,0.0,0.46796875,0.53203125
energy_limited,md_cbad_dqn,813,118.3915996850282,27.772075149416924,90.6195245281607,1.4785790361929685,15987.425930404663,958.8581012487411,0.0,38.65,0.0,1.45,0.0,0.19169784635305404,0.0,0.0,0.0,0.33671875,0.66328125
energy_limited,md_cbad_dqn,814,117.12510084867476,27.945564468577505,89.17953644305467,1.472437279112637,15859.640456676483,933.3352937817574,0.0,38.25,0.0,1.1,0.0,0.19197046682238578,0.0,0.0,0.00078125,0.29921875,0.7
energy_limited,md_cbad_dqn,815,119.23211950145662,28.455331966653468,90.77678763836623,1.4775408770423382,16096.304655075073,828.1515026658774,0.0,39.2,0.0,0.75,0.0,0.19287444427609443,0.0,0.0,0.003125,0.2625,0.734375
energy_limited,md_cbad_dqn,816,114.20184661738574,27.106264908611774,87.09558170169592,1.4592146278824658,15650.605568790435,965.8294446259737,0.0,37.55,0.0,0.9,0.0,0.19159540235996247,0.0,0.0,0.0,0.34375,0.65625
energy_limited,md_cbad_dqn,817,118.21017716579141,27.77033906020224,90.43983790814876,1.4796837016008795,15951.188216781617,911.4858010828495,0.0,39.15,0.0,1.2,0.0,0.19107408672571183,0.0,0.0,0.0,0.2890625,0.7109375
energy_limited,md_cbad_dqn,818,117.72909271337092,27.43587559238076,90.29321708001197,1.4726803437341005,15820.45494775772,1033.1319017350675,0.0,38.6,0.0,1.75,0.0,0.1917575128376484,0.0,0.0,0.0,0.378125,0.621875
energy_limited,md_cbad_dqn,819,116.57278694264592,27.693095786124466,88.8796911520511,1.472039395943284,15881.366860485077,942.396104696393,0.0,38.15,0.0,1.0,0.0,0.1927759386599064,0.0,0.0,0.0,0.31875,0.68125
energy_limited,mpc_h4,800,126.27445428340812,27.070986201241613,99.2034680054255,1.5832711296156048,16983.343490695952,1416.6276200927794,0.0,41.95,1.35,1.2,314.72220509313047,0.19066066667437553,0.0,0.0,0.0046875,0.55703125,0.43828125
energy_limited,mpc_h4,801,126.46402594884248,27.807718495279552,98.65630761337789,1.6040745664853602,17372.80899400711,1381.983075620234,0.0,42.1,1.7,1.3,313.6316801130306,0.190092995762825,0.0,0.0,0.003125,0.5375,0.459375
energy_limited,mpc_h4,802,127.1109581234385,27.664182408154012,99.44677564375891,1.5969049902167172,17279.633830070496,1427.3332905352115,0.0,42.1,1.2,1.2,318.24478998896666,0.1900545537471771,0.0,0.0,0.00546875,0.5484375,0.44609375
energy_limited,mpc_h4,803,124.86739314774687,26.93731115348637,97.93008210676425,1.584005741076544,16935.992798423766,1410.155479026586,0.0,41.65,1.3,0.95,317.38766988855787,0.19014043286442756,0.0,0.0,0.0015625,0.55234375,0.44609375
energy_limited,mpc_h4,804,125.02903025451727,27.076802965626122,97.95222725946135,1.5778163274750114,17023.031692790984,1401.111991301179,0.0,41.25,0.8,1.25,315.61625493341126,0.19068318232893944,0.0,0.0,0.00390625,0.559375,0.43671875
energy_limited,mpc_h4,805,125.92469698508735,27.93178884088993,97.99290820864493,1.6109814416151493,17466.403718185426,1403.0021229714155,0.0,41.5,1.1,1.0,306.5309249155689,0.18996869027614594,0.0,0.0,0.00546875,0.52890625,0.465625
energy_limited,mpc_h4,806,125.88567764674049,27.710952044278383,98.17472551491778,1.5957097224891186,17224.42461929321,1427.9963630355894,0.0,41.85,1.65,1.15,312.4207397690043,0.19054488241672515,0.0,0.0,0.00703125,0.54140625,0.4515625
energy_limited,mpc_h4,807,126.5439060333672,27.682989797741175,98.86091640177398,1.5956852453760804,17259.046897029875,1426.8819428563118,0.0,42.15,1.55,1.35,306.98593496344984,0.19013873860239983,0.0,0.0,0.003125,0.55546875,0.44140625
energy_limited,mpc_h4,808,129.06189954514656,27.723439433798195,101.33846022906752,1.591733028460294,17226.556602573393,1423.3153626397252,0.0,42.9,1.9,0.9,308.4069300151896,0.19069549515843393,0.0,0.0,0.00390625,0.54921875,0.446875
energy_limited,mpc_h4,809,128.1876168608187,27.790569305419922,100.39704764182554,1.5966087937355042,17284.619644355775,1418.6011734090746,0.0,42.25,1.4,1.25,307.7029649808537,0.18996432274580002,0.0,0.0,0.00390625,0.55078125,0.4453125
energy_limited,mpc_h4,810,124.54986316347791,26.911708369478582,97.63815480033233,1.5704860787838697,16835.772506427766,1435.9095073461533,0.0,41.05,0.7,0.85,308.0275700369384,0.19025125727057457,0.0,0.0,0.00546875,0.5671875,0.42734375
energy_limited,mpc_h4,811,127.88904632164906,27.839094303175806,100.04995201884579,1.6076174453366547,17382.820075798034,1410.7753243833781,0.0,42.45,1.4,1.4,304.0966450877022,0.19034552052617074,0.0,0.0,0.0046875,0.540625,0.4546875
energy_limited,mpc_h4,812,125.05273008194351,27.3975494813174,97.6551807287761,1.5868144737090915,17110.357850551605,1393.9710844032466,0.0,41.7,1.5,0.8,307.8335850557778,0.19017805457115172,0.0,0.0,0.00390625,0.5375,0.45859375
energy_limited,mpc_h4,813,125.97976061331633,27.44836124740541,98.53139939832094,1.5969913526903838,17226.822615242003,1425.6799694046379,0.0,41.55,1.2,1.25,302.2836500662379,0.19053050577640535,0.0,0.0,0.0046875,0.553125,0.4421875
energy_limited,mpc_h4,814,124.85223761078191,27.34372307434678,97.5085144500084,1.587407442787662,17059.182839870453,1463.8683510497212,0.0,41.45,1.25,1.2,304.9414699955378,0.19031768813729286,0.0,0.0,0.00546875,0.55546875,0.4390625
energy_limited,mpc_h4,815,126.06011943227588,27.278618329390884,98.78150125226914,1.5961516634561121,17152.32342596054,1442.8150698281825,0.0,42.0,0.9,0.75,303.16386501071975,0.19072078689932823,0.0,0.0,0.003125,0.55390625,0.44296875
energy_limited,mpc_h4,816,122.83265075447616,26.885488103330136,95.94716273720022,1.578043649997562,16920.60346927643,1406.1058481127025,0.0,40.75,0.65,0.85,303.3483848965261,0.19010672718286514,0.0,0.0,0.0046875,0.55390625,0.44140625
energy_limited,mpc_h4,817,128.40369890066964,27.66044863164425,100.74325004290026,1.605872433958575,17395.19167556763,1430.606265822053,0.0,42.75,1.6,0.9,303.7179601553362,0.19005806595087052,0.0,0.0,0.00234375,0.5546875,0.44296875
energy_limited,mpc_h4,818,125.26631066936295,27.282851371541618,97.98345925349038,1.5882448818534614,17099.823777770995,1434.2799116626381,0.0,41.65,0.95,1.1,304.5253449352458,0.19013076648116112,0.0,0.0,0.0046875,0.565625,0.4296875
energy_limited,mpc_h4,819,123.72716756389393,26.92958537749946,96.79758218974723,1.5734907661564648,16879.93075437546,1447.1964887715876,0.0,41.0,1.3,1.35,307.9609699489083,0.19050498828291892,0.0,0.0,0.0046875,0.56484375,0.43046875
energy_limited,standard_dqn,800,117.81755170866847,27.604475994035603,90.21307576753199,1.4673160664271563,15779.442718315124,928.1496274285018,0.0,38.7,0.0,1.25,0.0,0.19240895733237268,0.0,0.0,0.01640625,0.31796875,0.665625
energy_limited,standard_dqn,801,125.39345322765409,31.648529624193905,93.74492346152664,1.5436200639698654,17143.774069976807,491.5987860694528,0.0,39.75,0.0,0.7,0.0,0.19413160234689714,0.0,0.0,0.0375,0.02265625,0.93984375
energy_limited,standard_dqn,802,122.36237151414157,30.08306296207011,92.27930849023163,1.5072992395143956,16432.59562997818,590.3188030004501,0.0,39.35,0.0,0.95,0.0,0.19252266064286233,0.0,0.0,0.0,0.090625,0.909375
energy_limited,standard_dqn,803,119.51550200499594,29.866798875108362,89.6487033161521,1.5147335274145006,17135.14680900574,1038.2601479627192,0.0,38.15,0.0,1.15,0.0,0.19287349730730058,0.0,0.0,0.15625,0.375,0.46875
energy_limited,standard_dqn,804,122.45801898635924,30.821159275621177,91.63685964405536,1.5152137012220919,16739.904633426668,552.3503597773612,0.0,38.8,0.0,1.05,0.0,0.19290023520588875,0.0,0.0,0.0546875,0.07578125,0.86953125
energy_limited,standard_dqn,805,118.61623614557088,28.324591379612684,90.29164479799569,1.513551659602672,16406.88487329483,990.3897161900998,0.0,38.2,0.0,1.85,0.0,0.19210346788167953,0.0,0.0,0.0,0.3203125,0.6796875
energy_limited,standard_dqn,806,119.6200952152163,29.781038323789836,89.83905680537224,1.5051493829116225,16865.54697532654,981.5572078868747,0.0,38.6,0.0,1.35,0.0,0.19321633353829384,0.0,0.0,0.1015625,0.33359375,0.56484375
energy_limited,standard_dqn,807,119.34994618356227,29.177724833413958,90.17222136914731,1.486881756503135,16143.827453231812,697.0137148171664,0.0,38.6,0.0,1.0,0.0,0.1928681492805481,0.0,0.0,0.0,0.1640625,0.8359375
energy_limited,standard_dqn,808,121.36679640039802,29.60839336607605,91.75840321481228,1.494269978394732,16316.016070079804,638.0279833734036,0.0,39.35,0.0,0.8,0.0,0.19284197986125945,0.0,0.0,0.0015625,0.1296875,0.86875
energy_limited,standard_dqn,809,122.56029400095345,29.555318270251156,93.00497581079603,1.496027111262083,16328.171506404877,678.010126966238,0.0,39.6,0.0,1.05,0.0,0.1931212030351162,0.0,0.0,0.0,0.153125,0.846875
energy_limited,standard_dqn,810,116.6964229797572,27.05427716001868,89.64214578919112,1.4661758807953447,15746.383213043213,1065.6216433092952,0.0,38.2,0.0,1.35,0.0,0.19211526587605476,0.0,0.0,0.00234375,0.396875,0.60078125
energy_limited,standard_dqn,811,119.20432534635067,28.621398711577058,90.58292667239905,1.4787174498196691,16029.804573249818,769.3667654305697,0.0,38.65,0.0,1.6,0.0,0.19198724254965782,0.0,0.0,0.00078125,0.2203125,0.77890625
energy_limited,standard_dqn,812,117.4281544917822,27.744467766210438,89.68368674233555,1.4944689437747,16268.608204746246,1131.2735056135803,0.0,38.7,0.0,1.7,0.0,0.19224330335855483,0.0,0.0,0.028125,0.43046875,0.54140625
energy_limited,standard_dqn,813,119.6140082836151,27.87458262704313,91.739425695315,1.4925470090005546,16159.690986061096,1062.4884983181953,0.0,38.95,0.0,1.8,0.0,0.19227656722068787,0.0,0.0,0.0,0.38828125,0.61171875
energy_limited,standard_dqn,814,117.78499498687684,28.502885930240154,89.28210903465748,1.4723196028731764,15988.474015426636,821.5021244496107,0.0,38.25,0.0,0.8,0.0,0.1921501949429512,0.0,0.0,0.0,0.24609375,0.75390625
energy_limited,standard_dqn,815,120.39375966668129,28.892694841325284,91.50106478884817,1.5013350632973015,16696.813578987123,1051.6901955019682,0.0,39.25,0.0,0.8,0.0,0.19248755499720574,0.0,0.0,0.07265625,0.39609375,0.53125
energy_limited,standard_dqn,816,114.56227389365435,26.863784207776188,87.69848974138498,1.470535935414955,15721.334960365295,1071.344853451848,0.0,37.8,0.0,1.3,0.0,0.19160798490047454,0.0,0.0,0.0,0.39296875,0.60703125
energy_limited,standard_dqn,817,120.32643326677382,28.94532328695059,91.38110984161497,1.4822215104475618,16119.682366085053,728.545086658001,0.0,39.45,0.0,1.0,0.0,0.19198180213570595,0.0,0.0,0.0,0.18515625,0.81484375
energy_limited,standard_dqn,818,118.58448413424193,28.573896330967546,90.01058788113296,1.4691790603566914,15943.506478500367,784.354903382063,0.0,38.6,0.0,1.15,0.0,0.19320783838629724,0.0,0.0,0.0,0.23828125,0.76171875
energy_limited,standard_dqn,819,118.3545112222433,28.914048227854074,89.44046285897494,1.4763416745699942,16074.84562473297,699.9880537211895,0.0,38.35,0.0,0.8,0.0,0.1927759386599064,0.0,0.0,0.0,0.18046875,0.81953125
energy_limited,threshold,800,247.71276342242464,28.48792320564389,219.22484020225215,1.839119641808793,20926.57536907196,1936.6354621812702,0.0,43.65,34.15,1.5,0.0,0.19049414917826651,0.0,0.0,0.015625,0.809375,0.175
energy_limited,threshold,801,244.78212290153442,28.872500605508684,215.90962233439623,1.8565123162698,21283.80511636734,1920.2848076701164,0.0,43.6,34.1,1.65,0.0,0.190092995762825,0.0,0.0,0.01484375,0.8078125,0.17734375
energy_limited,threshold,802,251.5587498262177,28.891748372837903,222.667001507024,1.8473228969145565,21093.797722434996,1961.604018638283,0.0,44.05,35.55,1.3,0.0,0.1900545537471771,0.0,0.0,0.0125,0.809375,0.178125
energy_limited,threshold,803,245.89129443719713,28.260226613655686,217.6310678224239,1.8373335064854472,20824.50081062317,1950.5872575059534,0.0,43.55,35.0,1.1,0.0,0.1901075430214405,0.0,0.0,0.0078125,0.81875,0.1734375
energy_limited,threshold,804,248.38665887359303,28.276090306043624,220.11056857649015,1.8335897161159664,20865.68608856201,1919.248358745873,0.0,43.3,35.15,1.35,0.0,0.19054863303899766,0.0,0.0,0.0171875,0.81015625,0.17265625
energy_limited,threshold,805,241.7407998601647,28.869178109243514,212.87162176023443,1.8691239904146641,21323.49088611603,1960.096410229057,0.0,43.0,33.65,1.45,0.0,0.18996869027614594,0.0,0.0,0.0140625,0.79921875,0.18671875
energy_limited,threshold,806,249.9437464356718,28.74768346250057,221.1960629571525,1.8387332858517766,20974.87837715149,1980.4685850970448,0.0,43.3,34.75,1.55,0.0,0.1905160628259182,0.0,0.0,0.01171875,0.81796875,0.1703125
energy_limited,threshold,807,245.723278567514,28.60140133164823,217.1218772310229,1.8349161866586656,20905.822041797637,1956.1567959010601,0.0,43.4,34.1,1.25,0.0,0.19013873860239983,0.0,0.0,0.01171875,0.815625,0.17265625
energy_limited,threshold,808,257.63945563244795,28.680783574283122,228.95867207455612,1.8553248242940754,21179.49891643524,1978.9456188350916,0.0,44.3,36.8,1.0,0.0,0.19069145023822784,0.0,0.0,0.00859375,0.8234375,0.16796875
energy_limited,threshold,809,258.951990318491,28.925228928029536,230.0267613342096,1.8596985741052776,21252.48504304886,1980.651916757226,0.0,44.3,36.6,1.55,0.0,0.18996432274580002,0.0,0.0,0.0125,0.8125,0.175
energy_limited,threshold,810,249.9860320154461,28.146050410345197,221.8399815954152,1.83523975382559,20909.635968589784,1955.9786492526532,0.0,42.95,35.45,1.0,0.0,0.19024549499154092,0.0,0.0,0.015625,0.8296875,0.1546875
energy_limited,threshold,811,257.29454386169976,28.92824134491384,228.36630258346867,1.8621064672712238,21300.017614650726,1960.7563243940472,0.0,44.1,36.7,1.7,0.0,0.19018554389476777,0.0,0.0,0.01328125,0.815625,0.17109375
energy_limited,threshold,812,240.87780347335053,28.681368123367427,212.19643534625783,1.8303789337631315,20897.19815454483,1932.5385545805098,0.0,43.6,33.25,1.2,0.0,0.19017805457115172,0.0,0.0,0.01484375,0.80703125,0.178125
energy_limited,threshold,813,243.7380438704162,28.679884120076895,215.05815977380865,1.8336954968050123,20872.6619351387,1945.1673519015312,0.0,43.25,34.35,1.35,0.0,0.19053050577640535,0.0,0.0,0.0140625,0.80546875,0.18046875
energy_limited,threshold,814,237.441161676714,28.488205422088505,208.9529563064071,1.8258253699168563,20764.740273571013,1974.3370410069824,0.0,43.3,32.45,1.55,0.0,0.19031768813729286,0.0,0.0,0.01328125,0.8109375,0.17578125
energy_limited,threshold,815,237.77092771826045,28.435220035910607,209.33570770544665,1.8190664724912495,20634.851119709016,1924.7192031383515,0.0,43.5,32.55,1.3,0.0,0.19062942937016486,0.0,0.0,0.00703125,0.796875,0.19609375
energy_limited,threshold,816,239.4100179905031,28.10741725228727,211.30260078515448,1.8271554418839515,20722.386582374573,1938.4210030376912,0.0,42.55,33.85,1.3,0.0,0.19010672718286514,0.0,0.0,0.01328125,0.81796875,0.16875
energy_limited,threshold,817,248.26034540399345,28.83457088507712,219.42577448725143,1.8554492267314344,21157.912627983093,1942.7579894304276,0.0,44.6,35.1,1.45,0.0,0.19005806595087052,0.0,0.0,0.00703125,0.80234375,0.190625
energy_limited,threshold,818,239.8450466094742,28.473842509835958,211.37120408846235,1.8163992270361633,20745.358442115783,1925.8987873524427,0.0,42.7,32.75,1.1,0.0,0.19013076648116112,0.0,0.0,0.01875,0.8125,0.16875
energy_limited,threshold,819,242.19335507430318,28.251263674348593,213.94209138319084,1.827099382923916,20731.161849594115,1960.3688921011985,0.0,42.95,34.05,1.4,0.0,0.19025564193725586,0.0,0.0,0.01171875,0.81640625,0.171875
link_limited,contextual_bandit,800,143.2965891384461,33.46991107240319,109.82667807945396,1.8809834269806742,21797.55852060318,952.1353283494711,0.0,39.2,26.45,1.3,0.0,0.19068145900964736,0.0,0.0,0.00078125,0.296875,0.70234375
link_limited,contextual_bandit,801,140.2613368860464,34.78065276779235,105.48068416146741,1.9263157225213945,22657.65780763626,882.0640210233629,0.0,40.1,26.3,1.25,0.0,0.19012051746249198,0.0,0.0,0.0046875,0.25234375,0.74296875
link_limited,contextual_bandit,802,140.71965356898622,34.17745929434896,106.54219439943452,1.889191067405045,22144.59253940582,978.706824657321,0.0,39.4,29.7,1.6,0.0,0.19030980318784713,0.0,0.0,0.0,0.3078125,0.6921875
link_limited,contextual_bandit,803,127.22498244844617,32.61026482321322,94.614717735129,1.8617709795478732,21479.918506145477,965.4107430964708,0.0,37.5,14.6,0.95,0.0,0.19026170074939727,0.0,0.0,0.0,0.3125,0.6875
link_limited,contextual_bandit,804,134.82073010292578,33.49817685335874,101.32255316574802,1.8829572324641048,21951.085722255706,959.9704069793224,0.0,38.3,27.15,1.55,0.0,0.19070774540305138,0.0,0.0,0.00078125,0.31171875,0.6875
link_limited,contextual_bandit,805,147.05760797741908,34.58046242520213,112.47714554923668,1.92576504079625,22626.082765865325,951.6730183213949,0.0,39.55,33.8,1.35,0.0,0.19017350524663926,0.0,0.0,0.0,0.284375,0.715625
link_limited,contextual_bandit,806,135.0313423911896,33.62841429971159,101.40292811308471,1.8776803656946868,21819.59694261551,1011.2757867846638,0.0,38.05,24.95,1.5,0.0,0.19089410379528998,0.0,0.0,0.00234375,0.3171875,0.68046875
link_limited,contextual_bandit,807,140.9117714740475,33.741263719648124,107.1705076750507,1.8788191048894078,21953.885316562653,985.1744097851217,0.0,38.1,29.95,1.4,0.0,0.190305857360363,0.0,0.0,0.00234375,0.31171875,0.6859375
link_limited,contextual_bandit,808,148.05447760709066,34.13192693889141,113.9225505929484,1.9003841828089207,22268.43763484955,974.883868020773,0.0,39.85,28.8,1.15,0.0,0.19069549515843393,0.0,0.0,0.00390625,0.2984375,0.69765625
link_limited,contextual_bandit,809,132.01775073005246,33.725472749397156,98.29227797245966,1.8686332646757364,21817.74570350647,986.8299580067396,0.0,37.9,21.8,1.6,0.0,0.19020617604255677,0.0,0.0,0.0,0.30703125,0.69296875
link_limited,contextual_bandit,810,146.1493247922636,33.79046870432794,112.35885614083479,1.8984958172310145,22093.152353096008,948.8534705948084,0.0,39.7,35.4,1.05,0.0,0.1903582766652107,0.0,0.0,0.01015625,0.2953125,0.69453125
link_limited,contextual_bandit,811,140.3237624796077,34.215828059613706,106.107934349586,1.8997460620012134,22246.417946910857,953.7723199367523,0.0,39.2,28.25,1.75,0.0,0.19047330617904662,0.0,0.0,0.003125,0.29296875,0.70390625
link_limited,contextual_bandit,812,137.52351334036646,33.8578638408333,103.66564957925436,1.8895877120550721,22129.198264884948,986.9060557812452,0.0,38.55,26.4,1.45,0.0,0.1903713047504425,0.0,0.0,0.0,0.31328125,0.68671875
link_limited,contextual_bandit,813,131.91492002723686,33.47611472159624,98.43880518456868,1.8802820717915893,21819.970192813875,995.1088935106993,0.0,38.15,20.45,1.5,0.0,0.19053050577640535,0.0,0.0,0.0015625,0.31015625,0.68828125
link_limited,contextual_bandit,814,128.86335395578394,33.38154086209833,95.48181322779604,1.8607324505690486,21695.114872074126,1018.419214193523,0.0,37.25,23.2,1.35,0.0,0.1903360031545162,0.0,0.0,0.00078125,0.328125,0.67109375
link_limited,contextual_bandit,815,137.1604359750151,33.63329572714865,103.52714024265109,1.8855662001762539,21950.916599559783,976.4849212013185,0.0,39.15,25.3,0.95,0.0,0.1911936469376087,0.0,0.0,0.00078125,0.303125,0.69609375
link_limited,contextual_bandit,816,132.7644756022508,32.58796436004341,100.17651132490883,1.8626172565389425,21462.6618642807,1003.3596519432962,0.0,37.25,23.15,1.2,0.0,0.1903030514717102,0.0,0.0,0.00078125,0.32578125,0.6734375
link_limited,contextual_bandit,817,137.96624034372894,33.98343620188534,103.9828040468487,1.8999500500038267,22244.297349357606,962.7780810832977,0.0,39.8,24.85,1.05,0.0,0.19013738110661507,0.0,0.0,0.0,0.2953125,0.7046875
link_limited,contextual_bandit,818,136.89884271389386,33.644991248846054,103.25385152465245,1.8810683821793646,21861.547698783874,964.5893975049257,0.0,39.05,25.85,1.8,0.0,0.19024380147457123,0.0,0.0,0.0,0.3015625,0.6984375
link_limited,contextual_bandit,819,132.1051174663276,33.26353699453175,98.84158042820997,1.8664579168427735,21722.120572280885,1016.9588543534279,0.0,37.95,25.5,1.2,0.0,0.1906510151922703,0.0,0.0,0.0,0.3265625,0.6734375
link_limited,fixed_ground,800,409.257520174584,39.23533794023096,370.0221822343532,3.7642486019060017,47860.26188697815,2300.05749001503,0.0,50.95,55.45,3.0,0.0,0.19007307067513465,0.0,0.0,0.0,1.0,0.0
link_limited,fixed_ground,801,422.2016032860265,39.937221314013,382.26438197201367,3.8542479415889828,49456.7122882843,2297.969362783432,0.0,52.85,56.9,3.45,0.0,0.19004034101963044,0.0,0.0,0.0,1.0,0.0
link_limited,fixed_ground,802,405.7596689762666,39.83663262277842,365.9230363534883,3.7982772280927746,48581.17391929626,2336.4183875083922,0.0,50.4,54.85,3.15,0.0,0.1899535022675991,0.0,0.0,0.0,1.0,0.0
link_limited,fixed_ground,803,407.6530979309022,39.09014666453004,368.5629512663723,3.75669163079001,47758.46614227295,2292.795631122589,0.0,50.35,56.1,2.45,0.0,0.18999627307057382,0.0,0.0,0.0,1.0,0.0
link_limited,fixed_ground,804,412.56025541033944,38.631495744735005,373.92875966560445,3.7073464316315947,47095.10144958496,2266.4353037834167,0.0,51.4,56.4,3.3,0.0,0.19008583649992944,0.0,0.0,0.0,1.0,0.0
link_limited,fixed_ground,805,412.39769017651963,39.91405143886804,372.48363873765163,3.842636080412194,48879.80499649048,2331.3327914237975,0.0,51.5,56.1,3.25,0.0,0.189907818287611,0.0,0.0,0.0,1.0,0.0
link_limited,fixed_ground,806,398.6994273877726,38.92326025441289,359.7761671333598,3.681049384083599,46852.79621200562,2319.697540950775,0.0,49.25,55.0,3.0,0.0,0.19009329453110696,0.0,0.0,0.0,1.0,0.0
link_limited,fixed_ground,807,406.4961705397163,39.223551012575626,367.27261952714076,3.746632661530748,47745.4157043457,2306.4438603401186,0.0,50.55,55.55,2.85,0.0,0.19001390784978867,0.0,0.0,0.0,1.0,0.0
link_limited,fixed_ground,808,416.0373922302052,39.523307933285835,376.51408429691946,3.7887934505008163,48314.18738059998,2314.495408630371,0.0,51.65,56.95,3.0,0.0,0.19011886045336723,0.0,0.0,0.0,1.0,0.0
link_limited,fixed_ground,809,409.8740231992221,39.87594088241458,369.99808231680765,3.818803935870528,48833.65711479187,2328.565577030182,0.0,51.0,55.7,3.1,0.0,0.18996432274580002,0.0,0.0,0.0,1.0,0.0
link_limited,fixed_ground,810,413.07625198775065,39.00539979673922,374.0708521910115,3.7356822814326733,47582.45096664429,2288.842792701721,0.0,51.2,57.0,2.75,0.0,0.18994989171624183,0.0,0.0,0.0,1.0,0.0
link_limited,fixed_ground,811,423.2065411189719,40.075903065502644,383.1306380534694,3.8590715443715453,49430.58618469238,2317.6336002349854,0.0,52.9,57.0,3.15,0.0,0.18992212861776353,0.0,0.0,0.0,1.0,0.0
link_limited,fixed_ground,812,407.5819954259576,39.301442201808094,368.28055322414957,3.7440819137264043,47995.21948814392,2300.1672562599183,0.0,50.45,55.7,3.1,0.0,0.19011113047599792,0.0,0.0,0.0,1.0,0.0
link_limited,fixed_ground,813,412.77477045120094,39.29253779835999,373.48223265284105,3.7357824105769395,47561.363021850586,2324.8731417179106,0.0,51.05,56.8,3.05,0.0,0.19007183834910393,0.0,0.0,0.0,1.0,0.0
link_limited,fixed_ground,814,403.49392153110284,38.670864609256384,364.82305692184656,3.652551910886541,46338.658190917966,2321.124336767197,0.0,50.15,55.15,2.95,0.0,0.1899552561342716,0.0,0.0,0.0,1.0,0.0
link_limited,fixed_ground,815,413.3610343851484,39.53212399072945,373.82891039441904,3.7842794828116895,48275.865315246585,2316.7067710876463,0.0,51.5,56.15,2.3,0.0,0.19011976197361946,0.0,0.0,0.0,1.0,0.0
link_limited,fixed_ground,816,408.45084670256307,38.58361545577645,369.8672312467867,3.6823216646444052,46780.899602890015,2278.0309733867643,0.0,50.55,56.7,2.9,0.0,0.18987985849380493,0.0,0.0,0.0,1.0,0.0
link_limited,fixed_ground,817,410.025902912563,40.01621852815151,370.00968438441157,3.8578128662891684,49521.94821357727,2305.6699141025542,0.0,50.85,55.55,2.95,0.0,0.18997323215007783,0.0,0.0,0.0,1.0,0.0
link_limited,fixed_ground,818,412.86881951587065,39.08057455979288,373.78824495607785,3.7129320913460107,47554.242686080936,2299.930909729004,0.0,51.45,56.1,2.85,0.0,0.18998493775725364,0.0,0.0,0.0,1.0,0.0
link_limited,fixed_ground,819,405.277379674207,38.888783717527986,366.38859595667907,3.695999433565885,47083.22903251648,2302.933242511749,0.0,49.95,56.45,2.8,0.0,0.19004174321889877,0.0,0.0,0.0,1.0,0.0
link_limited,fixed_onboard,800,211.64245133310556,62.69523702934384,148.94721434697507,1.9454009497072549,34667.61819114685,67.8757426571101,0.0,36.15,28.4,0.0,0.0,0.19966893047094345,0.0,0.0,1.0,0.0,0.0
link_limited,fixed_onboard,801,208.74054387021812,63.52258878275752,145.21795506361872,1.959780644159764,35127.157717895505,68.8830027770251,0.0,35.6,26.5,0.0,0.0,0.20011999309062958,0.0,0.0,1.0,0.0,0.0
link_limited,fixed_onboard,802,210.38879371488844,63.849955319613215,146.53883839527518,1.9644027499947696,35246.073974227904,69.71490559764206,0.0,36.2,26.35,0.0,0.0,0.20115116536617278,0.0,0.0,1.0,0.0,0.0
link_limited,fixed_onboard,803,198.16590090376138,62.16821454688907,135.99768643510342,1.9321128255687654,34308.43479614258,68.03236838690937,0.0,35.5,24.5,0.0,0.0,0.20024444460868834,0.0,0.0,1.0,0.0,0.0
link_limited,fixed_onboard,804,207.45989840818942,63.166041082143785,144.29385732008518,1.9593734239693732,35085.64503288269,67.5245300475508,0.0,35.85,26.35,0.0,0.0,0.19897738322615624,0.0,0.0,1.0,0.0,0.0
link_limited,fixed_onboard,805,208.58693206445872,63.86419829800725,144.72273370163146,1.9624638007022441,35200.218483734134,70.4563685707748,0.0,35.55,25.9,0.0,0.0,0.1981462948024273,0.0,0.0,1.0,0.0,0.0
link_limited,fixed_onboard,806,206.46409566352517,63.50465132445097,142.95944435248526,1.9585972343105822,35047.6525642395,69.25068722143769,0.0,35.65,25.75,0.0,0.0,0.2005194015800953,0.0,0.0,1.0,0.0,0.0
link_limited,fixed_onboard,807,216.63783426158875,63.65505851358175,152.98277574577185,1.9622166025452317,35168.68856887818,69.13048653453589,0.0,35.95,27.25,0.0,0.0,0.20090079233050345,0.0,0.0,1.0,0.0,0.0
link_limited,fixed_onboard,808,220.74495546955615,63.85122459307313,156.89373095024376,1.9659941741265357,35280.20349349976,68.79820061177016,0.0,36.55,29.65,0.0,0.0,0.20022249445319176,0.0,0.0,1.0,0.0,0.0
link_limited,fixed_onboard,809,227.71648851753025,64.29132268503308,163.42516588912162,1.9753035520203412,35551.995595550536,69.7061578091234,0.0,36.75,30.2,0.0,0.0,0.20098784044384957,0.0,0.0,1.0,0.0,0.0
link_limited,fixed_onboard,810,203.2260363143906,62.59301187694073,140.6330245380327,1.9417634256649763,34578.36000404358,67.98531919904053,0.0,35.85,27.25,0.0,0.0,0.1988405130803585,0.0,0.0,1.0,0.0,0.0
link_limited,fixed_onboard,811,212.36340412351487,63.30683618634939,149.05656789171695,1.9507843838538974,34885.29424591064,70.469846412912,0.0,35.95,28.25,0.0,0.0,0.19736271649599074,0.0,0.0,1.0,0.0,0.0
link_limited,fixed_onboard,812,197.67792068775,63.21642425060272,134.46149636636676,1.9516112529672682,34872.51787643433,69.15713081993162,0.0,35.5,24.3,0.0,0.0,0.20097422525286673,0.0,0.0,1.0,0.0,0.0
link_limited,fixed_onboard,813,206.88701192468406,63.571506682038304,143.3155052933097,1.9570441148243845,35024.48929519653,70.87222402468323,0.0,35.65,27.15,0.0,0.0,0.20159272626042365,0.0,0.0,1.0,0.0,0.0
link_limited,fixed_onboard,814,209.2770912036598,63.579937297105786,145.69715393337611,1.9580142504535616,35021.624698257445,69.47169887945056,0.0,35.55,26.6,0.0,0.0,0.19636781364679337,0.0,0.0,1.0,0.0,0.0
link_limited,fixed_onboard,815,213.60436244495958,63.787393786013126,149.81696864181012,1.9644511075224727,35240.87964057922,69.64133677370846,0.0,35.9,26.45,0.0,0.0,0.19922865256667138,0.0,0.0,1.0,0.0,0.0
link_limited,fixed_onboard,816,201.36010514024647,62.70249915793538,138.65760587278754,1.9461033252067863,34694.528462600705,68.18427496217191,0.0,35.45,24.8,0.0,0.0,0.19845723882317542,0.0,0.0,1.0,0.0,0.0
link_limited,fixed_onboard,817,212.43259696260097,63.40999064296484,149.02260636657476,1.9563975148368626,35023.11723823547,68.97467159517109,0.0,36.2,27.75,0.0,0.0,0.1984769806265831,0.0,0.0,1.0,0.0,0.0
link_limited,fixed_onboard,818,206.6556756030247,63.04914199709892,143.6065335627124,1.9514564903918654,34839.81558189392,69.3848266709596,0.0,35.9,26.6,0.0,0.0,0.19966507330536842,0.0,0.0,1.0,0.0,0.0
link_limited,fixed_onboard,819,203.0502156515345,63.02233197763562,140.02788361056895,1.9514592580497265,34815.58005332947,67.13985120281578,0.0,35.65,24.95,0.0,0.0,0.19883705154061318,0.0,0.0,1.0,0.0,0.0
link_limited,immediate_argmin,800,271.1443617059564,32.01023216210306,239.13412954459847,2.2475139691494403,26698.685822105406,1555.9738429754973,0.0,38.6,39.9,2.1,0.0,0.19066066667437553,0.0,0.0,0.0015625,0.64453125,0.35390625
link_limited,immediate_argmin,801,277.0688835565969,32.50807039923966,244.56081315363207,2.325441884249449,27734.837689208984,1606.7598753355444,0.0,38.45,41.8,3.0,0.0,0.19065449014306068,0.0,0.0,0.00078125,0.65390625,0.3453125
link_limited,immediate_argmin,802,272.971802693602,32.58141088522971,240.39039180911746,2.2780502419453112,27143.78007888794,1604.036602151394,0.0,39.5,41.6,2.25,0.0,0.1905098207294941,0.0,0.0,0.0015625,0.64609375,0.35234375
link_limited,immediate_argmin,803,266.30037768188635,31.95438450500369,234.34599319327398,2.2346859602723272,26431.918153762817,1526.2007341727615,0.0,38.25,39.8,1.75,0.0,0.19014043286442756,0.0,0.0,0.0015625,0.63125,0.3671875
link_limited,immediate_argmin,804,271.1158042609358,31.873023312166332,239.24278092790792,2.267215520842001,26953.140007686616,1579.0694388784468,0.0,38.15,40.1,2.6,0.0,0.19107052609324454,0.0,0.0,0.0015625,0.65390625,0.34453125
link_limited,immediate_argmin,805,269.58497168015685,32.79562298543751,236.7893487044051,2.3320224741473794,27823.487247276305,1604.1198423236608,0.0,38.1,39.05,2.35,0.0,0.19009340330958366,0.0,0.0,0.00078125,0.640625,0.35859375
link_limited,immediate_argmin,806,270.06161555422943,32.29035350307822,237.7712620422106,2.2585947144776584,26852.945258808137,1610.6532042190433,0.0,38.95,41.0,2.4,0.0,0.19127859622240068,0.0,0.0,0.00234375,0.6515625,0.34609375
link_limited,immediate_argmin,807,283.3624473469223,32.450026689469816,250.91242066192285,2.320588260749355,27682.874933052062,1651.2057132273912,0.0,39.3,42.65,2.55,0.0,0.190305857360363,0.0,0.0,0.00078125,0.68046875,0.31875
link_limited,immediate_argmin,808,283.9171040535292,32.42381717674434,251.49328686113867,2.299384730309248,27431.984485435485,1628.0211799770593,0.0,39.8,42.95,2.15,0.0,0.19079644083976746,0.0,0.0,0.00078125,0.66796875,0.33125
link_limited,immediate_argmin,809,277.3211969085766,32.49650485627353,244.82469205006797,2.3040160852950065,27442.74445362091,1618.5973019450903,0.0,39.05,41.05,2.7,0.0,0.19020275324583052,0.0,0.0,0.0015625,0.65703125,0.34140625
link_limited,immediate_argmin,810,261.32473534004754,31.615136550739408,229.70959879452357,2.217097158776596,26190.6332239151,1553.4263504207133,0.0,37.9,39.25,1.95,0.0,0.1903582766652107,0.0,0.0,0.00078125,0.63828125,0.3609375
link_limited,immediate_argmin,811,283.07651855617235,32.72514183819294,250.35137672021455,2.3114816907793285,27576.171266651152,1592.7899319455028,0.0,39.35,42.95,2.65,0.0,0.19047330617904662,0.0,0.0,0.00078125,0.646875,0.35234375
link_limited,immediate_argmin,812,263.84596220049053,32.2248900860548,231.62107213231715,2.256877531297505,26786.347712516785,1577.8839733205737,0.0,38.95,40.8,2.2,0.0,0.1903713047504425,0.0,0.0,0.0015625,0.63515625,0.36328125
link_limited,immediate_argmin,813,265.5025725585815,32.23722886517644,233.26534371054146,2.26695227175951,26912.067743492127,1582.050862121582,0.0,38.55,39.1,2.5,0.0,0.1909714326262474,0.0,0.0,0.0,0.6421875,0.3578125
link_limited,immediate_argmin,814,267.659694658234,32.059001724421975,235.60069293306702,2.2644752228632568,26768.700110816957,1622.8540247883648,0.0,38.15,39.75,2.05,0.0,0.1909000962972641,0.0,0.0,0.00234375,0.64765625,0.35
link_limited,immediate_argmin,815,279.10945513778,32.33021007068455,246.77924507007575,2.267883310653269,26946.897528266905,1580.1403552025556,0.0,39.75,41.95,1.7,0.0,0.1911936469376087,0.0,0.0,0.0,0.64375,0.35625
link_limited,immediate_argmin,816,252.38665350064383,31.45884988643229,220.9278035851543,2.227132394956425,26267.51051273346,1552.184733094275,0.0,37.4,37.1,2.25,0.0,0.1906631827354431,0.0,0.0,0.00234375,0.63125,0.36640625
link_limited,immediate_argmin,817,277.9299333313718,32.53612588085234,245.3938074594602,2.2812931078020484,27317.686926841736,1593.680846619606,0.0,39.4,40.6,2.3,0.0,0.19055087715387345,0.0,0.0,0.0,0.64921875,0.35078125
link_limited,immediate_argmin,818,272.5357388393994,32.08880813866854,240.44693069104514,2.2666363905183973,26937.72995414734,1597.6453044451773,0.0,38.9,41.3,2.2,0.0,0.1905344933271408,0.0,0.0,0.0015625,0.65859375,0.33984375
link_limited,immediate_argmin,819,274.2689193273847,31.86578835397959,242.40313096148424,2.267963548749685,26896.117795562743,1608.4592617206276,0.0,38.55,41.05,2.1,0.0,0.19096250981092452,0.0,0.0,0.003125,0.65703125,0.33984375
link_limited,md_cbad_dqn,800,101.48076406925917,31.110549729317427,70.37021426394583,1.6803199757356198,19450.331839942934,618.7032165169716,0.0,30.25,0.0,0.95,0.0,0.1924587905406952,0.0,0.0,0.00078125,0.128125,0.87109375
link_limited,md_cbad_dqn,801,106.06360719569027,33.55913097336888,72.50447620928288,1.7220669949892908,20648.45366449356,553.1736982814967,0.0,30.7,0.0,0.75,0.0,0.19319853708148002,0.0,0.0,0.08515625,0.0890625,0.82578125
link_limited,md_cbad_dqn,802,101.3511214902997,31.841738557443023,69.50938290566206,1.6988477831706406,19849.236467266084,609.0026266634464,0.0,30.15,0.0,1.05,0.0,0.19153287410736083,0.0,0.0,0.0,0.11328125,0.88671875
link_limited,md_cbad_dqn,803,99.95992085956037,32.02062477469444,67.93929616048932,1.6851346149109303,19738.41234254837,603.7022389318794,0.0,29.8,0.0,0.5,0.0,0.19367759302258492,0.0,0.0,0.06875,0.115625,0.815625
link_limited,md_cbad_dqn,804,103.19531866222621,32.50283695347607,70.69248162418604,1.7080836195033045,20235.432099056245,634.5666965484619,0.0,30.45,0.0,1.0,0.0,0.19290023520588875,0.0,0.0,0.08046875,0.13984375,0.7796875
link_limited,md_cbad_dqn,805,101.63041532389819,32.00497989915311,69.62543545678258,1.7145389386918395,20090.516076374053,612.0149954110384,0.0,29.9,0.0,0.9,0.0,0.19208426028490067,0.0,0.0,0.0,0.10234375,0.89765625
link_limited,md_cbad_dqn,806,101.97338624812663,33.020057344064114,68.95332891225816,1.7071832345798612,20367.830813694,633.6455198898911,0.0,29.55,0.0,1.0,0.0,0.19345005601644516,0.0,0.0,0.08828125,0.13125,0.78046875
link_limited,md_cbad_dqn,807,102.41318507239222,31.857449600473046,70.55573543503881,1.6943285799585284,19742.678261470795,594.1983925014734,0.0,29.9,0.0,0.9,0.0,0.1928681492805481,0.0,0.0,0.0,0.09765625,0.90234375
link_limited,md_cbad_dqn,808,103.54924747362733,31.9577948320657,71.59145274475216,1.6951737435534597,19793.831335926057,586.976134583354,0.0,30.8,0.0,0.65,0.0,0.19378030747175218,0.0,0.0,0.00078125,0.090625,0.90859375
link_limited,md_cbad_dqn,809,105.53317735090852,32.67604531832039,72.85713210001589,1.7077815152239055,20073.866098976134,529.9824961364269,0.0,31.1,0.0,0.85,0.0,0.1933676518499851,0.0,0.0,0.0,0.053125,0.946875
link_limited,md_cbad_dqn,810,101.64923506185411,31.86381249204278,69.78542261153459,1.6946859004441648,19908.247219467165,680.5739956758916,0.0,30.1,0.0,0.6,0.0,0.19229903370141982,0.0,0.0,0.06328125,0.1671875,0.76953125
link_limited,md_cbad_dqn,811,104.07385874681174,31.858097810670735,72.21576095327734,1.7028004320338368,19871.196922302246,575.2341233193874,0.0,30.55,0.0,1.1,0.0,0.19174859225749968,0.0,0.0,0.0,0.08984375,0.91015625
link_limited,md_cbad_dqn,812,100.04759702913464,31.152051625028253,68.89554541006684,1.7320906082168221,20276.31878128052,795.4139214128256,0.0,29.75,0.0,1.2,0.0,0.19385460242629052,0.0,0.0,0.0,0.23203125,0.76796875
link_limited,md_cbad_dqn,813,102.34549247205258,31.412022939696907,70.9334695532173,1.6991601915098726,19766.59516057968,650.8875433057547,0.0,30.45,0.0,0.9,0.0,0.19340190514922143,0.0,0.0,0.0,0.13828125,0.86171875
link_limited,md_cbad_dqn,814,100.76069255404175,31.600402016937732,69.16029055759311,1.6876896483823658,19623.756462574005,625.094369699061,0.0,29.75,0.0,0.65,0.0,0.19209640249609947,0.0,0.0,0.00234375,0.11640625,0.88125
link_limited,md_cbad_dqn,815,101.74987028501928,32.04379113465548,69.70607922375203,1.69634180967696,19855.64379787445,575.3066680837422,0.0,30.15,0.0,0.5,0.0,0.19287444427609443,0.0,0.0,0.009375,0.0875,0.903125
link_limited,md_cbad_dqn,816,97.72878878101707,30.740963328629732,66.98782543450594,1.6732026055455207,19323.398375988007,650.4178060323,0.0,29.05,0.0,0.65,0.0,0.192550165951252,0.0,0.0,0.0,0.14609375,0.85390625
link_limited,md_cbad_dqn,817,102.59657727241515,31.55051288306713,71.04606441169977,1.709177777171135,19930.443524360657,645.3260689020157,0.0,30.55,0.0,0.75,0.0,0.19202126935124397,0.0,0.0,0.0,0.12578125,0.87421875
link_limited,md_cbad_dqn,818,101.78868292719126,31.08847489953041,70.70020800717175,1.693292572395876,19619.374267005922,689.547847506404,0.0,30.0,0.0,0.9,0.0,0.19279746040701867,0.0,0.0,0.0,0.17109375,0.82890625
link_limited,md_cbad_dqn,819,99.3445143699646,31.39871629141271,67.94579808712005,1.6912405124399812,19679.336782836916,628.3511161386966,0.0,29.55,0.0,0.8,0.0,0.19291035011410712,0.0,0.0,0.0,0.12109375,0.87890625
link_limited,mpc_h4,800,116.35047838836927,32.133746416121724,84.21673217378574,1.8202331494539976,21117.67935371399,979.3596814602613,0.0,35.6,1.95,1.05,316.2378749460913,0.1910373218357563,0.0,0.0,0.00859375,0.32421875,0.6671875
link_limited,mpc_h4,801,118.92628372026084,33.366426040232184,85.55985782792267,1.8461359517183156,21715.78183813095,973.4996800884604,0.0,35.4,4.7,1.0,313.3440848905593,0.19065449014306068,0.0,0.0,0.0125,0.3109375,0.6765625
link_limited,mpc_h4,802,116.67700115840812,32.85283189341426,83.82416922774095,1.8399773336946965,21503.84631500244,994.6967019170522,0.0,35.4,2.55,1.05,315.099194960203,0.19062342420220374,0.0,0.0,0.00625,0.32421875,0.66953125
link_limited,mpc_h4,803,113.3138012790741,31.764664149284364,81.54913710035994,1.8178404682315885,21003.3671125412,988.8223048247397,0.0,34.55,1.9,0.6,316.11008995678276,0.19088492467999457,0.0,0.0,0.0046875,0.33046875,0.66484375
link_limited,mpc_h4,804,115.42887669594347,32.22152103558183,83.20735558548333,1.8255989263299852,21280.40256986618,984.240845502168,0.0,34.85,2.85,0.9,317.22515000146814,0.19109508916735649,0.0,0.0,0.009375,0.32890625,0.66171875
link_limited,mpc_h4,805,115.45282477183441,32.867863178625704,82.58496173514229,1.848493881803006,21684.588290023803,990.6665280655027,0.0,34.5,4.05,0.9,307.09375505684875,0.1901625446975231,0.0,0.0,0.00859375,0.31640625,0.675
link_limited,mpc_h4,806,115.52894151181556,32.684562059864405,82.8443793752102,1.8420158294495195,21419.779447937013,1001.5954587049782,0.0,34.8,3.95,0.95,311.34324015001766,0.19168416261672974,0.0,0.0,0.0125,0.31875,0.66875
link_limited,mpc_h4,807,116.81256953160062,32.8525727044791,83.95999692770437,1.8441996389999986,21528.6978055954,988.7704389244318,0.0,35.5,3.25,1.0,307.83614501706325,0.19108686298131944,0.0,0.0,0.0046875,0.32421875,0.67109375
link_limited,mpc_h4,808,117.58688426948284,32.757049079239366,84.82983517981265,1.8374888636637479,21463.400980186463,1004.6784603431821,0.0,35.45,3.15,0.8,309.3932199291885,0.19118911772966385,0.0,0.0,0.00546875,0.32734375,0.6671875
link_limited,mpc_h4,809,119.26970475620953,33.11286146007478,86.1568433430734,1.843271137867123,21540.98547992706,998.7890412673354,0.0,36.1,3.3,1.15,308.76444997265935,0.19034712463617326,0.0,0.0,0.0078125,0.321875,0.6703125
link_limited,mpc_h4,810,114.11112807700047,31.877637765184044,82.23349038781234,1.8123001538217067,21008.86661567688,1002.7584276795387,0.0,34.8,3.35,0.6,309.7118349862285,0.19093986600637436,0.0,0.0,0.0078125,0.33671875,0.65546875
link_limited,mpc_h4,811,117.07942003545335,32.7815692614764,84.29785070170634,1.8450984950643032,21581.457482910155,984.764958947897,0.0,35.1,2.85,1.1,310.0392251799349,0.19096484482288362,0.0,0.0,0.0078125,0.31953125,0.67265625
link_limited,mpc_h4,812,114.6433653688961,32.51391580067575,82.12944972468253,1.8369471996091307,21510.700096702574,1001.7282207094133,0.0,34.55,3.85,0.65,306.02311498951167,0.19177591651678086,0.0,0.0,0.009375,0.3375,0.653125
link_limited,mpc_h4,813,116.566449167554,32.580415641888976,83.9860333457335,1.84844804238528,21499.49923019409,992.8437712326646,0.0,35.5,1.5,1.05,303.64491988439113,0.1910531386733055,0.0,0.0,0.00703125,0.31875,0.67421875
link_limited,mpc_h4,814,115.32666651965795,32.60470504127443,82.72196153538046,1.8306650226004422,21308.56591691971,1024.540653592348,0.0,34.7,3.95,0.75,306.2622099649161,0.19100722596049308,0.0,0.0,0.009375,0.33125,0.659375
link_limited,mpc_h4,815,116.72268139457171,32.56342323422432,84.15925826018517,1.8401528812479229,21424.39917669296,996.3829586483538,0.0,35.35,2.55,0.55,303.0723500298336,0.19160412698984147,0.0,0.0,0.003125,0.3265625,0.6703125
link_limited,mpc_h4,816,111.14012294395631,31.623592538386582,79.51653040184445,1.8168902379460632,21016.362720680238,1002.7410399660469,0.0,33.85,1.9,0.5,301.55661996104755,0.1906631827354431,0.0,0.0,0.00859375,0.33828125,0.653125
link_limited,mpc_h4,817,115.86047758227453,32.72525057829917,83.13522719471023,1.8411913300864398,21586.586931037902,999.5951359778643,0.0,35.45,2.0,0.7,305.8207549038343,0.19055087715387345,0.0,0.0,0.0046875,0.32578125,0.66953125
link_limited,mpc_h4,818,113.52054600840775,32.19451250359416,81.32603341540663,1.818243285221979,21203.406111717224,1004.3283905521035,0.0,34.4,2.05,0.85,304.84097005683,0.1905344933271408,0.0,0.0,0.0140625,0.3453125,0.640625
link_limited,mpc_h4,819,114.31996086304748,32.29706025309861,82.02290052761995,1.8211251966189592,21255.299160385133,1017.8561586394906,0.0,34.8,2.3,1.15,306.27200487069786,0.19156674146652222,0.0,0.0,0.01015625,0.34296875,0.646875
link_limited,standard_dqn,800,101.52647027470172,31.346755612641573,70.1797146013379,1.6837241786532104,19536.756924438476,614.9494953222572,0.0,30.2,0.0,0.8,0.0,0.19240895733237268,0.0,0.0,0.021875,0.12421875,0.85390625
link_limited,standard_dqn,801,106.6183982039988,33.7429333742708,72.87546479508282,1.7293611351400613,20556.15838842392,479.3707787580788,0.0,30.75,0.0,0.6,0.0,0.19288040623068808,0.0,0.0,0.053125,0.01484375,0.93203125
link_limited,standard_dqn,802,102.2861579322815,32.55163415707648,69.7345238314569,1.7050860039424152,19949.53915681839,515.4898365736008,0.0,30.25,0.0,0.95,0.0,0.19252266064286233,0.0,0.0,0.0,0.0375,0.9625
link_limited,standard_dqn,803,102.9774903523922,34.06843292713165,68.90905743271112,1.7246276151854545,21078.47566232681,647.5068224258721,0.0,29.9,0.0,0.5,0.0,0.19376712292432785,0.0,0.0,0.17578125,0.15859375,0.665625
link_limited,standard_dqn,804,103.97643163479866,33.59326246455312,70.38316912814975,1.7067846554797144,20327.32336215973,478.17166471332314,0.0,30.4,0.0,0.85,0.0,0.19290023520588875,0.0,0.0,0.07578125,0.02890625,0.8953125
link_limited,standard_dqn,805,104.22573542244731,32.09660107903183,72.1291345334053,1.750124036287889,20485.130790233612,709.3085397273302,0.0,30.55,0.0,1.25,0.0,0.19067251980304717,0.0,0.0,0.003125,0.15625,0.840625
link_limited,standard_dqn,806,102.85502751715481,33.85772042460739,68.99730703666806,1.7155129085294902,20752.345451450346,630.2394265539945,0.0,29.55,0.0,0.85,0.0,0.19363948553800583,0.0,0.0,0.125,0.13046875,0.74453125
link_limited,standard_dqn,807,102.84469677217305,32.23819537125528,70.60650138154627,1.6988298776559532,19806.659144878387,546.3360675662756,0.0,29.9,0.0,0.9,0.0,0.1928681492805481,0.0,0.0,0.0,0.0609375,0.9390625
link_limited,standard_dqn,808,104.76118713855745,32.81350297369063,71.94768421441316,1.7036405495367943,20034.406262493132,516.9034448266029,0.0,30.9,0.0,0.65,0.0,0.19378030747175218,0.0,0.0,0.0140625,0.04296875,0.94296875
link_limited,standard_dqn,809,105.41347065955401,32.61136580742895,72.8021049515903,1.7083689599763603,20052.55964012146,533.1004179298877,0.0,31.1,0.0,0.85,0.0,0.1933676518499851,0.0,0.0,0.0,0.053125,0.946875
link_limited,standard_dqn,810,101.62276840955019,31.009975019842386,70.61279343590141,1.6915607784874738,19575.202065753936,688.8305849343539,0.0,30.35,0.0,0.7,0.0,0.192303928732872,0.0,0.0,0.01171875,0.16484375,0.8234375
link_limited,standard_dqn,811,104.75079374633728,31.914668414369224,72.83612527534366,1.7068666859529913,19949.537356567384,577.0785025835037,0.0,30.7,0.0,1.1,0.0,0.19150350987911224,0.0,0.0,0.00234375,0.09609375,0.9015625
link_limited,standard_dqn,812,101.8544684664905,31.891010711342098,69.96345770299435,1.7332999819889665,20437.362878608703,748.5578441664577,0.0,30.1,0.0,1.1,0.0,0.19392531290650367,0.0,0.0,0.0546875,0.209375,0.7359375
link_limited,standard_dqn,813,103.68846814088525,31.56772779300809,72.12074031956493,1.7164569198619575,20001.447773838045,712.585252353549,0.0,30.75,0.0,1.2,0.0,0.19383469820022584,0.0,0.0,0.00859375,0.17578125,0.815625
link_limited,standard_dqn,814,100.68994603835047,31.82921958975494,68.8607263994217,1.6842084569390863,19615.8638630867,578.3235530748964,0.0,29.7,0.0,0.65,0.0,0.1922101117670536,0.0,0.0,0.00234375,0.084375,0.91328125
link_limited,standard_dqn,815,103.80014279343189,33.015791446343066,70.78435150429607,1.7214918090961873,20605.15093421936,678.6350529175252,0.0,30.5,0.0,0.55,0.0,0.19292750135064124,0.0,0.0,0.090625,0.17265625,0.73671875
link_limited,standard_dqn,816,98.5353580082208,30.55826923586428,67.97708868592977,1.6922272889874876,19512.49918832779,712.1148766607046,0.0,29.35,0.0,0.75,0.0,0.192550165951252,0.0,0.0,0.0,0.1828125,0.8171875
link_limited,standard_dqn,817,103.34339089773596,32.200903467833996,71.14248733192683,1.7063770313747226,19974.636178970337,549.7180548846721,0.0,30.55,0.0,0.6,0.0,0.19251176863908767,0.0,0.0,0.0,0.06015625,0.93984375
link_limited,standard_dqn,818,101.44512842968106,31.52065794467926,69.92447059415281,1.679471617937088,19474.48410434723,579.1809261649847,0.0,29.6,0.0,0.8,0.0,0.19326601251959802,0.0,0.0,0.0,0.09375,0.90625
link_limited,standard_dqn,819,100.01177576929331,32.01607575099915,67.99570001661777,1.6875567832030356,19673.656034755706,531.3820270121098,0.0,29.65,0.0,0.7,0.0,0.19329758062958718,0.0,0.0,0.0,0.0546875,0.9453125
link_limited,threshold,800,225.7043548869001,36.390375785902144,189.3139790860968,2.0076316526625306,25254.412033367156,1320.5240647368132,0.0,36.05,35.1,0.95,0.0,0.19350500255823136,0.0,0.0,0.1265625,0.50625,0.3671875
link_limited,threshold,801,222.01637961848832,36.84029327221215,185.1760863298849,2.0401250480208546,25693.312799453735,1299.5592672862113,0.0,35.7,32.5,1.1,0.0,0.19131782948970794,0.0,0.0,0.1328125,0.4765625,0.390625
link_limited,threshold,802,236.55092219849107,36.49612302519381,200.0547991464752,2.056981204915792,25784.773931121825,1385.941461148113,0.0,36.8,36.6,0.8,0.0,0.19136547520756722,0.0,0.0,0.11875,0.52421875,0.35703125
link_limited,threshold,803,219.7633264140129,36.23289663940668,183.53042978578208,2.0163905734661967,25344.465934658052,1318.3272410526872,0.0,35.4,32.15,0.9,0.0,0.19239677339792252,0.0,0.0,0.1328125,0.51015625,0.35703125
link_limited,threshold,804,218.10232301267007,36.44737213775515,181.6549508696995,2.01268124692142,25370.1943816185,1301.7651436828078,0.0,35.5,31.95,1.05,0.0,0.19214797243475915,0.0,0.0,0.1296875,0.49140625,0.37890625
link_limited,threshold,805,218.07729290529292,36.966830344498156,181.11046254812877,2.0509740670677274,25887.067699241637,1324.1099338501692,0.0,35.85,31.85,1.05,0.0,0.19182368218898774,0.0,0.0,0.12265625,0.48359375,0.39375
link_limited,threshold,806,235.36683648366935,36.05921748839319,199.3076190250785,2.0548762818798423,25633.98947868347,1409.1017375722527,0.0,36.15,35.15,1.15,0.0,0.19432292953133584,0.0,0.0,0.11328125,0.52890625,0.3578125
link_limited,threshold,807,236.12015243962574,36.32854119949043,199.7916112438606,2.051758136600256,25739.477034568787,1377.1624219160526,0.0,36.7,35.7,0.7,0.0,0.19137863591313362,0.0,0.0,0.128125,0.521875,0.35
link_limited,threshold,808,241.83362743900744,36.920318755507466,204.91330867977467,2.0656444780062886,26098.30206851959,1392.4111500017345,0.0,36.5,35.1,0.7,0.0,0.19175636693835257,0.0,0.0,0.1203125,0.5328125,0.346875
link_limited,threshold,809,233.19687883470147,37.34373073391616,195.8531481022754,2.045576987601817,25974.3294716835,1364.4360181815923,0.0,36.3,34.0,0.85,0.0,0.19333241805434226,0.0,0.0,0.1375,0.50703125,0.35546875
link_limited,threshold,810,227.80564699827465,35.78665351308882,192.0189934918914,2.028597065154463,25359.38983440399,1365.7795678604393,0.0,36.0,33.95,0.65,0.0,0.19074560850858688,0.0,0.0,0.12578125,0.52890625,0.3453125
link_limited,threshold,811,229.4671356468722,36.9002470433712,192.5668886057362,2.042296688398346,25699.39416913986,1325.0245933331548,0.0,36.5,33.55,1.15,0.0,0.19112361147999762,0.0,0.0,0.1234375,0.4890625,0.3875
link_limited,threshold,812,228.3615301149601,36.028718353807925,192.33281173582017,2.054019335284829,25748.66135406494,1377.6061960816382,0.0,36.6,35.1,0.95,0.0,0.1916644476354122,0.0,0.0,0.11484375,0.534375,0.35078125
link_limited,threshold,813,223.0709439468019,36.46394995599985,186.60699400793837,2.026313124690205,25436.538997650146,1345.831243481487,0.0,36.3,33.3,0.75,0.0,0.19291826337575912,0.0,0.0,0.13046875,0.50234375,0.3671875
link_limited,threshold,814,224.3154580743863,35.86201490722597,188.45344316268998,2.036501401197165,25352.358158302308,1399.2284539826214,0.0,35.7,32.25,1.0,0.0,0.19202914759516715,0.0,0.0,0.11875,0.521875,0.359375
link_limited,threshold,815,240.62185816182424,36.34496616348624,204.2768919789665,2.040607826737687,25610.03676586151,1366.523769621551,0.0,36.8,36.5,0.85,0.0,0.19264795556664466,0.0,0.0,0.11640625,0.521875,0.36171875
link_limited,threshold,816,208.10778550016002,35.37263553142547,172.73514994712787,2.005724093411118,24968.373561763765,1339.3210586246103,0.0,34.85,31.4,1.0,0.0,0.19183915928006173,0.0,0.0,0.121875,0.50859375,0.36953125
link_limited,threshold,817,223.31057636837664,36.953176353499295,186.35739999997617,2.0257084608078,25672.52810411453,1314.2888563331217,0.0,35.85,33.55,1.05,0.0,0.19132431373000144,0.0,0.0,0.12578125,0.50078125,0.3734375
link_limited,threshold,818,225.54305542501956,35.99524853341281,189.54780690576285,2.02505856892094,25323.153402900694,1364.980113955587,0.0,36.1,34.75,0.65,0.0,0.19131514802575111,0.0,0.0,0.11640625,0.51875,0.36484375
link_limited,threshold,819,227.60191328652212,35.679425097256896,191.92248818404985,2.053631893219426,25654.041723537444,1417.441504921019,0.0,35.8,34.35,1.15,0.0,0.19243054389953612,0.0,0.0,0.11953125,0.5421875,0.33828125
nominal,contextual_bandit,800,101.38172183019533,27.568089339509605,73.81363256109371,1.5951987687963993,17078.954851818085,1443.510973829031,0.0,30.0,14.85,1.95,0.0,0.19049414917826651,0.0,0.0,0.0,0.56171875,0.43828125
nominal,contextual_bandit,801,101.3158121159321,28.33437200859189,72.98144017178774,1.6165337429847568,17514.03151760101,1396.6928073979914,0.0,30.3,15.45,2.1,0.0,0.1901033975183964,0.0,0.0,0.00234375,0.53671875,0.4609375
nominal,contextual_bandit,802,100.96011677693025,28.244363744184376,72.7157531139572,1.6078432180453093,17468.226176452637,1464.628670066595,0.0,30.1,17.75,1.95,0.0,0.1900545537471771,0.0,0.0,0.0,0.57421875,0.42578125
nominal,contextual_bandit,803,93.01786168134545,27.119130045548083,65.89873168497118,1.5825273064896463,16880.904859733582,1426.7897830635309,0.0,28.55,7.25,1.45,0.0,0.19014043286442756,0.0,0.0,0.0,0.5609375,0.4390625
nominal,contextual_bandit,804,101.79120747796412,27.82850335650146,73.96270407489654,1.6010472672060132,17316.59312162399,1446.6721454963088,0.0,30.15,21.0,2.15,0.0,0.19054863303899766,0.0,0.0,0.00078125,0.575,0.42421875
nominal,contextual_bandit,805,104.31467767888834,28.410380982980133,75.90429663853874,1.623137046257034,17615.060193824767,1450.8271026849748,0.0,29.55,20.8,2.15,0.0,0.18998393043875694,0.0,0.0,0.0,0.55390625,0.44609375
nominal,contextual_bandit,806,101.61386667125193,28.22408228479326,73.3897843868312,1.600642674230039,17339.75954875946,1486.3869036853314,0.0,29.45,18.85,2.1,0.0,0.1904345601797104,0.0,0.0,0.0,0.57734375,0.42265625
nominal,contextual_bandit,807,101.2312982768079,27.890565689653158,73.34073258603715,1.594533237023279,17242.29254283905,1471.5151320956647,0.0,29.3,16.45,2.35,0.0,0.19013873860239983,0.0,0.0,0.00078125,0.57734375,0.421875
nominal,contextual_bandit,808,106.16799193812736,28.247293596714734,77.92069832911918,1.6085679217241704,17385.15757789612,1453.4100358247756,0.0,30.85,21.55,1.7,0.0,0.19036770313978196,0.0,0.0,0.0,0.5578125,0.4421875
nominal,contextual_bandit,809,100.88226705167888,28.175528111308815,72.70673897613285,1.6073033845517783,17350.640661907197,1434.3197699852287,0.0,30.45,15.1,2.05,0.0,0.18996774554252624,0.0,0.0,0.00234375,0.54921875,0.4484375
nominal,contextual_bandit,810,100.03326804876033,27.460565829277037,72.57270222544375,1.5940621613524855,17138.475926971434,1458.2536895543337,0.0,29.9,18.35,1.7,0.0,0.19025125727057457,0.0,0.0,0.0,0.57890625,0.42109375
nominal,contextual_bandit,811,104.68492548822476,28.447370845079423,76.23755464165522,1.615269526373595,17519.472155284882,1436.602850614488,0.0,30.5,21.35,2.45,0.0,0.19034552052617074,0.0,0.0,0.00078125,0.55546875,0.44375
nominal,contextual_bandit,812,98.98410527588538,27.984703256189825,70.99940212176851,1.602167066326365,17353.128665161134,1462.2113020420074,0.0,29.15,15.8,2.05,0.0,0.19017805457115172,0.0,0.0,0.0,0.5734375,0.4265625
nominal,contextual_bandit,813,99.92001566328297,27.88726645298302,72.03274932801914,1.608873130241409,17355.457434272765,1472.502683982253,0.0,30.25,12.35,2.0,0.0,0.19053050577640535,0.0,0.0,0.00234375,0.5703125,0.42734375
nominal,contextual_bandit,814,98.32489703728693,28.02790319658816,70.29699384554165,1.6021396703086794,17282.179329776765,1490.7067798793316,0.0,29.35,16.75,1.95,0.0,0.19022102281451225,0.0,0.0,0.0,0.56484375,0.43515625
nominal,contextual_bandit,815,101.37726829382562,27.791456543654203,73.58581169242942,1.6066791548393666,17321.33333263397,1466.8943375945091,0.0,29.95,14.35,1.35,0.0,0.1907609760761261,0.0,0.0,0.0,0.56484375,0.43515625
nominal,contextual_bandit,816,95.14785131023577,26.97561729028821,68.17223394544175,1.5890232556965203,16989.483061122894,1471.5752802968025,0.0,28.35,13.25,2.0,0.0,0.19011010080575944,0.0,0.0,0.0,0.58046875,0.41953125
nominal,contextual_bandit,817,104.27708852401142,28.13050519488752,76.14658320022886,1.617906610528007,17515.51569252014,1447.919207301736,0.0,30.55,19.35,1.6,0.0,0.19008340016007425,0.0,0.0,0.0,0.56171875,0.43828125
nominal,contextual_bandit,818,98.63002980348033,27.648278994858266,70.98175087567728,1.5869370449800044,17093.003320884705,1464.3137183487415,0.0,29.05,14.75,2.05,0.0,0.19013076648116112,0.0,0.0,0.0,0.5796875,0.4203125
nominal,contextual_bandit,819,98.54402441759603,27.736200278624892,70.80782416467565,1.5960579806473105,17214.240920925142,1478.5520886659622,0.0,29.05,19.15,1.85,0.0,0.1904958479106426,0.0,0.0,0.0,0.58046875,0.41953125
nominal,fixed_ground,800,304.0299045001965,28.302072088420392,275.72783241177615,2.0380278425756844,23564.115426063538,2300.05749001503,0.0,37.8,48.2,3.0,0.0,0.19007307067513465,0.0,0.0,0.0,1.0,0.0
nominal,fixed_ground,801,303.607154960666,28.552213860303162,275.0549411003629,2.0813876209314914,24156.695299339295,2297.969362783432,0.0,36.55,50.25,3.45,0.0,0.19004034101963044,0.0,0.0,0.0,1.0,0.0
nominal,fixed_ground,802,304.32334302923624,28.760415428131818,275.5629276011045,2.0654421348590404,23967.357494544984,2336.4183875083922,0.0,37.55,48.15,3.15,0.0,0.1899535022675991,0.0,0.0,0.0,1.0,0.0
nominal,fixed_ground,803,301.3915885756595,28.271933191269635,273.11965538438994,2.0512816345319154,23717.991351699828,2292.795631122589,0.0,37.4,48.15,2.45,0.0,0.18999627307057382,0.0,0.0,0.0,1.0,0.0
nominal,fixed_ground,804,300.2508073783091,27.966208643093704,272.2845987352155,2.0240518445614724,23394.4631690979,2266.4353037834167,0.0,37.05,48.7,3.3,0.0,0.19008583649992944,0.0,0.0,0.0,1.0,0.0
nominal,fixed_ground,805,292.7789349987719,28.72666197270155,264.0522730260704,2.0692761050071566,24018.939034843446,2331.3327914237975,0.0,36.15,47.25,3.25,0.0,0.189907818287611,0.0,0.0,0.0,1.0,0.0
nominal,fixed_ground,806,296.1690814731,28.44337503761053,267.72570643548954,2.036739188525826,23564.161983680726,2319.697540950775,0.0,36.55,47.2,3.0,0.0,0.19009329453110696,0.0,0.0,0.0,1.0,0.0
nominal,fixed_ground,807,294.0065784820964,28.33751413077116,265.66906435132535,2.0352107313461603,23554.22201900482,2306.4438603401186,0.0,36.35,47.65,2.85,0.0,0.19001390784978867,0.0,0.0,0.0,1.0,0.0
nominal,fixed_ground,808,306.8454071457043,28.462484854459763,278.3829222912446,2.048068740637973,23734.57987937927,2314.495408630371,0.0,37.8,49.4,3.0,0.0,0.19011886045336723,0.0,0.0,0.0,1.0,0.0
nominal,fixed_ground,809,306.7061577308088,28.69999119527638,278.0061665355325,2.0669072203803807,23998.213022232056,2328.565577030182,0.0,37.75,48.5,3.1,0.0,0.18996432274580002,0.0,0.0,0.0,1.0,0.0
nominal,fixed_ground,810,296.0498526048345,28.089531182870267,267.9603214219643,2.0204189594835045,23324.964699554443,2288.842792701721,0.0,36.45,48.6,2.75,0.0,0.18994989171624183,0.0,0.0,0.0,1.0,0.0
nominal,fixed_ground,811,305.52948409502847,28.693346152827143,276.8361379422014,2.0798965063877404,24136.014816474915,2317.6336002349854,0.0,37.55,49.55,3.15,0.0,0.18992212861776353,0.0,0.0,0.0,1.0,0.0
nominal,fixed_ground,812,292.9027693367158,28.392996701225638,264.50977263549015,2.0521588735748084,23754.22905368805,2300.1672562599183,0.0,36.15,47.45,3.1,0.0,0.19011113047599792,0.0,0.0,0.0,1.0,0.0
nominal,fixed_ground,813,306.2785785547626,28.514103792235254,277.7644747625274,2.0394576090388,23609.287085914613,2324.8731417179106,0.0,37.6,48.55,3.05,0.0,0.19007183834910393,0.0,0.0,0.0,1.0,0.0
nominal,fixed_ground,814,294.67822888504526,28.318928534910082,266.35930035013524,2.019063798990101,23334.355374145507,2321.124336767197,0.0,36.65,47.45,2.95,0.0,0.1899552561342716,0.0,0.0,0.0,1.0,0.0
nominal,fixed_ground,815,304.5887721793338,28.49072975590825,276.09804242342557,2.0487799280788748,23739.433139038087,2316.7067710876463,0.0,38.0,49.05,2.3,0.0,0.19011976197361946,0.0,0.0,0.0,1.0,0.0
nominal,fixed_ground,816,287.801518281914,27.942419150471686,259.8590991314424,2.005997743923217,23133.796261787415,2278.0309733867643,0.0,35.55,47.5,2.9,0.0,0.18987985849380493,0.0,0.0,0.0,1.0,0.0
nominal,fixed_ground,817,301.81773901707726,28.511236628144978,273.30650238893236,2.066027078451589,23955.321230506896,2305.6699141025542,0.0,37.55,48.3,2.95,0.0,0.18997323215007783,0.0,0.0,0.0,1.0,0.0
nominal,fixed_ground,818,294.49274298874997,28.19775857627392,266.2949844124761,2.0228828217834236,23370.20681705475,2299.930909729004,0.0,36.25,49.0,2.85,0.0,0.18998493775725364,0.0,0.0,0.0,1.0,0.0
nominal,fixed_ground,819,296.86778579535087,28.225875847414137,268.6419099479368,2.0241303775459527,23387.877724647522,2302.933242511749,0.0,36.95,47.3,2.8,0.0,0.19004174321889877,0.0,0.0,0.0,1.0,0.0
nominal,fixed_onboard,800,211.43138923108577,62.484174800664185,148.94721434697507,1.9454009497072549,34198.591201019284,67.8757426571101,0.0,36.15,28.4,0.0,0.0,0.19966893047094345,0.0,0.0,1.0,0.0,0.0
nominal,fixed_onboard,801,208.5160906988755,63.29813560694456,145.21795506361872,1.959780644159764,34628.37308006287,68.8830027770251,0.0,35.6,26.5,0.0,0.0,0.20011999309062958,0.0,0.0,1.0,0.0,0.0
nominal,fixed_onboard,802,210.169525900282,63.63068747222424,146.53883839527518,1.9644027499947696,34758.81194038391,69.71490559764206,0.0,36.2,26.35,0.0,0.0,0.20115116536617278,0.0,0.0,1.0,0.0,0.0
nominal,fixed_onboard,803,197.9489796383381,61.951293205469845,135.99768643510342,1.9321128255687654,33826.38750076294,68.03236838690937,0.0,35.5,24.5,0.0,0.0,0.20024444460868834,0.0,0.0,1.0,0.0,0.0
nominal,fixed_onboard,804,207.24272112591566,62.948863895237444,144.29385732008518,1.9593734239693732,34603.02885246277,67.5245300475508,0.0,35.85,26.35,0.0,0.0,0.19897738322615624,0.0,0.0,1.0,0.0,0.0
nominal,fixed_onboard,805,208.36628396348655,63.64355029538274,144.72273370163146,1.9624638007022441,34709.88973503113,70.4563685707748,0.0,35.55,25.9,0.0,0.0,0.1981462948024273,0.0,0.0,1.0,0.0,0.0
nominal,fixed_onboard,806,206.254049977161,63.29460569173098,142.95944435248526,1.9585972343105822,34580.884344863895,69.25068722143769,0.0,35.65,25.75,0.0,0.0,0.2005194015800953,0.0,0.0,1.0,0.0,0.0
nominal,fixed_onboard,807,216.4221605891809,63.439384718984364,152.98277574577185,1.9622166025452317,34689.41362037659,69.13048653453589,0.0,35.95,27.25,0.0,0.0,0.20090079233050345,0.0,0.0,1.0,0.0,0.0
nominal,fixed_onboard,808,220.5279530375078,63.6342221967876,156.89373095024376,1.9659941741265357,34797.97552871704,68.79820061177016,0.0,36.55,29.65,0.0,0.0,0.20022249445319176,0.0,0.0,1.0,0.0,0.0
nominal,fixed_onboard,809,227.49849904448538,64.07333316877484,163.42516588912162,1.9753035520203412,35067.57461357117,69.7061578091234,0.0,36.75,30.2,0.0,0.0,0.20098784044384957,0.0,0.0,1.0,0.0,0.0
nominal,fixed_onboard,810,203.00960320355745,62.376578672230245,140.6330245380327,1.9417634256649763,34097.397249984744,67.98531919904053,0.0,35.85,27.25,0.0,0.0,0.1988405130803585,0.0,0.0,1.0,0.0,0.0
nominal,fixed_onboard,811,212.13645450848338,63.07988662347198,149.05656789171695,1.9507843838538974,34380.96173210144,70.469846412912,0.0,35.95,28.25,0.0,0.0,0.19736271649599074,0.0,0.0,1.0,0.0,0.0
nominal,fixed_onboard,812,197.460104389295,62.99860807731748,134.46149636636676,1.9516112529672682,34388.482012176515,69.15713081993162,0.0,35.5,24.3,0.0,0.0,0.20097422525286673,0.0,0.0,1.0,0.0,0.0
nominal,fixed_onboard,813,206.67310679137708,63.357601520419124,143.3155052933097,1.9570441148243845,34549.144640731814,70.87222402468323,0.0,35.65,27.15,0.0,0.0,0.20159272626042365,0.0,0.0,1.0,0.0,0.0
nominal,fixed_onboard,814,209.0703200131953,63.37316606491804,145.69715393337611,1.9580142504535616,34562.13324737549,69.47169887945056,0.0,35.55,26.6,0.0,0.0,0.19636781364679337,0.0,0.0,1.0,0.0,0.0
nominal,fixed_onboard,815,213.38669582568855,63.56972712501884,149.81696864181012,1.9644511075224727,34757.17566871643,69.64133677370846,0.0,35.9,26.45,0.0,0.0,0.19922865256667138,0.0,0.0,1.0,0.0,0.0
nominal,fixed_onboard,816,201.14693112272772,62.489325277507305,138.65760587278754,1.9461033252067863,34220.808791351315,68.18427496217191,0.0,35.45,24.8,0.0,0.0,0.19845723882317542,0.0,0.0,1.0,0.0,0.0
nominal,fixed_onboard,817,212.2093695600331,63.186763191968204,149.02260636657476,1.9563975148368626,34527.05598297119,68.97467159517109,0.0,36.2,27.75,0.0,0.0,0.1984769806265831,0.0,0.0,1.0,0.0,0.0
nominal,fixed_onboard,818,206.44657124983524,62.840037676692006,143.6065335627124,1.9514564903918654,34375.139322662355,69.3848266709596,0.0,35.9,26.6,0.0,0.0,0.19966507330536842,0.0,0.0,1.0,0.0,0.0
nominal,fixed_onboard,819,202.84560659720748,62.817722918838264,140.02788361056895,1.9514592580497265,34360.89327850342,67.13985120281578,0.0,35.65,24.95,0.0,0.0,0.19883705154061318,0.0,0.0,1.0,0.0,0.0
nominal,immediate_argmin,800,197.67300048788235,26.74428000189364,170.92872048300848,1.7728298950009047,19579.08205127716,1885.3260020554067,0.0,31.6,32.95,2.4,0.0,0.19049414917826651,0.0,0.0,0.0,0.796875,0.203125
nominal,immediate_argmin,801,200.12043902212358,26.906278073042632,173.21416094684577,1.7907937381416559,19878.673999118804,1897.5926681816577,0.0,30.8,32.4,3.15,0.0,0.190092995762825,0.0,0.0,0.0,0.80234375,0.19765625
nominal,immediate_argmin,802,195.85104091164945,27.137604273483156,168.7134366463619,1.7928866878617555,19891.431135368348,1914.9829330325126,0.0,31.45,32.4,2.4,0.0,0.1900545537471771,0.0,0.0,0.0,0.79609375,0.20390625
nominal,immediate_argmin,803,179.16590881198064,26.550388469547034,152.61552033721821,1.7530100711621344,19255.997285842896,1838.8390645802021,0.0,30.0,29.25,1.9,0.0,0.1901075430214405,0.0,0.0,0.0,0.77578125,0.22421875
nominal,immediate_argmin,804,194.99398556096537,26.441939050704242,168.55204651771174,1.7635916939936578,19462.67021780014,1878.0862911969423,0.0,31.35,32.45,2.75,0.0,0.19054863303899766,0.0,0.0,0.0,0.79921875,0.20078125
nominal,immediate_argmin,805,202.52999491985682,27.117968894913794,175.41202601898254,1.8258407653309405,20293.548983955385,1950.2344576209784,0.0,30.7,31.65,2.7,0.0,0.18996869027614594,0.0,0.0,0.0,0.8046875,0.1953125
nominal,immediate_argmin,806,199.64219202100725,26.997943649813532,172.64424837119367,1.8070940715260804,20064.25533390045,1956.0927573084832,0.0,30.6,31.65,2.6,0.0,0.1905160628259182,0.0,0.0,0.0,0.8140625,0.1859375
nominal,immediate_argmin,807,199.49293527967848,26.848566530272365,172.6443687494061,1.7755521757062525,19719.212628650665,1928.697765403986,0.0,30.4,32.4,2.65,0.0,0.19013873860239983,0.0,0.0,0.0,0.8203125,0.1796875
nominal,immediate_argmin,808,205.11128336605506,26.972989103198053,178.1382942859538,1.7929339434951543,19924.204924964906,1933.347932627797,0.0,31.5,33.35,2.25,0.0,0.19069145023822784,0.0,0.0,0.0,0.81171875,0.18828125
nominal,immediate_argmin,809,200.8278549411189,27.05686243958771,173.77099253170599,1.78147843638435,19766.707828235627,1907.1176717877388,0.0,31.45,33.5,2.8,0.0,0.18996432274580002,0.0,0.0,0.0,0.8,0.2
nominal,immediate_argmin,810,195.06381684170748,26.4340587105602,168.62975812742198,1.741372960107401,19149.665229415892,1867.444963824749,0.0,31.0,33.05,2.25,0.0,0.19024549499154092,0.0,0.0,0.0,0.79375,0.20625
nominal,immediate_argmin,811,205.01302828068947,27.090735119953752,177.92229319128313,1.8027262108400464,20018.06164560318,1914.8712740465999,0.0,31.4,34.0,2.85,0.0,0.19018554389476777,0.0,0.0,0.00078125,0.80390625,0.1953125
nominal,immediate_argmin,812,186.5891016691511,26.856715366989373,159.7323863468652,1.7813194487709552,19722.03734960556,1893.9707321494818,0.0,30.45,31.05,2.35,0.0,0.19017805457115172,0.0,0.0,0.0,0.79765625,0.20234375
nominal,immediate_argmin,813,184.73880694978703,26.850809728726745,157.88799718455243,1.7597216235939412,19414.108892726897,1882.551843124628,0.0,30.65,29.45,2.7,0.0,0.19053050577640535,0.0,0.0,0.0,0.7875,0.2125
nominal,immediate_argmin,814,186.84115627162845,26.67851675748825,160.16263955698105,1.7571930991951377,19335.744317817687,1914.541647912562,0.0,30.4,30.0,2.6,0.0,0.19031768813729286,0.0,0.0,0.00078125,0.78828125,0.2109375
nominal,immediate_argmin,815,188.89031048718653,26.793314746394753,162.09699571694992,1.7654848364647477,19469.086708545685,1875.2139247506857,0.0,30.75,30.1,1.8,0.0,0.19062942937016486,0.0,0.0,0.0,0.78203125,0.21796875
nominal,immediate_argmin,816,178.6571025128015,26.30912122540176,152.34798129410524,1.7436925029847772,19122.076519298553,1849.5147522926331,0.0,29.35,28.5,2.55,0.0,0.19010672718286514,0.0,0.0,0.0,0.78046875,0.21953125
nominal,immediate_argmin,817,196.64449533314502,26.93676308877766,169.70773221381995,1.788482948113233,19811.985338401795,1899.6102172911167,0.0,31.25,33.75,2.45,0.0,0.19005806595087052,0.0,0.0,0.0,0.79609375,0.20390625
nominal,immediate_argmin,818,187.64912671681037,26.623391344770788,161.02573537278462,1.748570299660787,19288.342699432375,1874.6342560619116,0.0,29.95,29.3,2.4,0.0,0.19013076648116112,0.0,0.0,0.0,0.79453125,0.20546875
nominal,immediate_argmin,819,182.9710116852325,26.505605317279695,156.4654063612473,1.7435814923606814,19164.849770736695,1873.3213289648295,0.0,30.35,29.9,2.2,0.0,0.19025564193725586,0.0,0.0,0.0,0.78515625,0.21484375
nominal,md_cbad_dqn,800,76.91263533040882,27.593639502301812,49.318995779305695,1.464028325304389,15742.536759853363,934.609083789587,0.0,23.5,0.0,1.45,0.0,0.1919797368347645,0.0,0.0,0.00078125,0.32265625,0.6765625
nominal,md_cbad_dqn,801,79.32086886383593,29.05498170144856,50.265887195169924,1.491857251757756,16467.555332183838,840.2415982082487,0.0,23.85,0.0,1.45,0.0,0.19209709241986275,0.0,0.0,0.0375,0.27578125,0.68671875
nominal,md_cbad_dqn,802,78.07548269368708,28.4100700058043,49.66541266972199,1.4809016343671828,16128.80795583725,888.0538776487113,0.0,23.2,0.0,1.35,0.0,0.19062386229634284,0.0,0.0,0.0,0.29609375,0.70390625
nominal,md_cbad_dqn,803,75.54002681106329,27.514833445101978,48.0251933182776,1.4652861083857716,15671.26027393341,929.6973528191447,0.0,22.8,0.0,1.0,0.0,0.1924815446138382,0.0,0.0,0.021875,0.315625,0.6625
nominal,md_cbad_dqn,804,76.22703555040061,28.003237295150758,48.22379828393459,1.4757761043030768,16086.6525888443,977.2689605176449,0.0,23.1,0.0,1.8,0.0,0.19207115843892097,0.0,0.0,0.03125,0.3546875,0.6140625
nominal,md_cbad_dqn,805,78.43554242916404,28.556796892732383,49.87874549210072,1.4939156465698034,16274.703841781617,860.0042479723692,0.0,23.65,0.0,1.35,0.0,0.1904309667646885,0.0,0.0,0.0,0.2625,0.7375
nominal,md_cbad_dqn,806,78.17561815917492,28.589864790067075,49.585753344893455,1.4831782950554042,16267.095977878571,974.223283738643,0.0,23.4,0.0,1.45,0.0,0.19300064519047738,0.0,0.0,0.03359375,0.34140625,0.625
nominal,md_cbad_dqn,807,78.41049346670509,28.275711270421745,50.13478227674961,1.474899641936645,16001.058345127105,865.0547491550445,0.0,23.8,0.0,1.5,0.0,0.19142023250460624,0.0,0.0,0.0,0.2796875,0.7203125
nominal,md_cbad_dqn,808,78.42068771317602,28.428437826596202,49.99224999368191,1.4755047059152275,16012.262092018127,845.1489170372486,0.0,23.9,0.0,1.35,0.0,0.1926097884774208,0.0,0.0,0.0,0.2625,0.7375
nominal,md_cbad_dqn,809,82.28726274520159,29.47125287950039,52.81600985601544,1.4931257830467075,16381.292897987365,716.311627420783,0.0,24.65,0.0,1.15,0.0,0.19199434146285058,0.0,0.0,0.0,0.1875,0.8125
nominal,md_cbad_dqn,810,75.23522086165846,27.412533343210818,47.82268755830824,1.4710768439341337,15863.40790939331,1053.1849514707924,0.0,23.15,0.0,1.45,0.0,0.19178858324885367,0.0,0.0,0.02109375,0.38671875,0.5921875
nominal,md_cbad_dqn,811,79.13695784218609,28.339366384595632,50.7975915492326,1.4813448801636695,16037.008653831483,844.339947733283,0.0,24.35,0.0,1.55,0.0,0.19096107184886932,0.0,0.0,0.0,0.2640625,0.7359375
nominal,md_cbad_dqn,812,75.25175973571837,27.375396655127407,47.87636302247643,1.489972470421344,16182.71717967987,1162.4090770483017,0.0,22.7,0.0,1.9,0.0,0.1920882284641266,0.0,0.0,0.0,0.44609375,0.55390625
nominal,md_cbad_dqn,813,76.67000809289515,27.777859004586936,48.89214906670153,1.47864097841084,15973.814916419982,953.3636078447104,0.0,23.55,0.0,1.5,0.0,0.19142150655388832,0.0,0.0,0.0,0.3296875,0.6703125
nominal,md_cbad_dqn,814,76.97295657329262,28.057127791643143,48.91582871496677,1.4734705589246004,15953.168159389495,950.6160019993782,0.0,23.2,0.0,1.15,0.0,0.19197046682238578,0.0,0.0,0.00078125,0.31796875,0.68125
nominal,md_cbad_dqn,815,78.37579214632511,28.32460261322558,50.05118941575289,1.4771503563039006,16060.061036872863,854.5856954246759,0.0,23.45,0.0,0.8,0.0,0.19248755499720574,0.0,0.0,0.0015625,0.27265625,0.72578125
nominal,md_cbad_dqn,816,73.99459961049259,27.225809729471802,46.7687898311019,1.4609113867860288,15715.541283035278,979.0239223688841,0.0,22.45,0.0,1.1,0.0,0.19129121154546738,0.0,0.0,0.0,0.35546875,0.64453125
nominal,md_cbad_dqn,817,77.31853541441262,27.927981371432544,49.39055399641394,1.4771511920262128,15997.637485313415,897.7724716663361,0.0,23.6,0.0,1.35,0.0,0.190986081212759,0.0,0.0,0.0,0.290625,0.709375
nominal,md_cbad_dqn,818,78.25541942868382,27.575297001190485,50.6801227221638,1.4757536565419287,15905.823503303527,1045.0210017502309,0.0,24.0,0.0,1.7,0.0,0.19126395434141158,0.0,0.0,0.0,0.38828125,0.61171875
nominal,md_cbad_dqn,819,75.89123880527913,27.892805000953377,47.998433778807524,1.4723429678939284,15938.418261623383,909.2983216494322,0.0,22.5,0.0,1.0,0.0,0.19208334311842917,0.0,0.0,0.0,0.303125,0.696875
nominal,mpc_h4,800,90.33356362420759,27.29252003133297,63.04104370835862,1.577961015375331,16939.153851222993,1407.9962288558484,0.0,28.6,1.2,1.15,314.3627199693583,0.19066066667437553,0.0,0.0,0.00625,0.55,0.44375
nominal,mpc_h4,801,92.62092047061796,28.029228423163296,64.59169209215815,1.5985710797365755,17395.083003520966,1383.9373285077513,0.0,28.9,1.8,1.25,313.3582651033066,0.190092995762825,0.0,0.0,0.00546875,0.54296875,0.4515625
nominal,mpc_h4,802,91.29294236031835,27.824688555300234,63.4682538266248,1.59324154201895,17217.22917842865,1418.2001704603433,0.0,28.9,1.95,1.2,314.68180004740134,0.1900545537471771,0.0,0.0,0.0046875,0.54375,0.4515625
nominal,mpc_h4,803,88.83946986198988,27.092644595354795,61.74682535939481,1.5820700231939555,16935.122576522826,1412.7402406014503,0.0,27.9,1.35,0.95,317.7102800051216,0.19014043286442756,0.0,0.0,0.00234375,0.5578125,0.43984375
nominal,mpc_h4,804,90.97002189004567,27.432225410267712,63.537796468602096,1.587463053688407,17141.33923511505,1411.9918429762124,0.0,29.1,1.8,1.15,313.0198250117246,0.19068318232893944,0.0,0.0,0.00546875,0.559375,0.43515625
nominal,mpc_h4,805,91.97104512543284,28.172144907712937,63.798900180467,1.6069521066267043,17456.04842796326,1397.7277237847447,0.0,28.55,1.45,0.95,305.0169699534308,0.18996869027614594,0.0,0.0,0.00703125,0.53046875,0.4625
nominal,mpc_h4,806,91.51470259187525,27.92846496626735,63.58623755557244,1.595335807139054,17327.372083854676,1439.3715484701097,0.0,28.65,1.95,1.0,310.46092496835627,0.19054488241672515,0.0,0.0,0.00703125,0.559375,0.43359375
nominal,mpc_h4,807,91.8823603542542,27.981446738541127,63.900913628006535,1.5838033667765559,17223.770762729644,1435.1755342304707,0.0,28.55,1.0,1.4,305.8901949203573,0.19013873860239983,0.0,0.0,0.00390625,0.56796875,0.428125
nominal,mpc_h4,808,92.8042901621853,27.87163888812065,64.93265135453092,1.5930957502685488,17267.092565727235,1421.804145155847,0.0,29.3,1.75,0.9,308.80971489823423,0.19069549515843393,0.0,0.0,0.003125,0.55234375,0.44453125
nominal,mpc_h4,809,93.03142429670933,27.917954120412467,65.11347032344582,1.592414444545284,17266.17866125107,1432.9114417217672,0.0,29.1,2.05,1.35,306.79889008169994,0.18996432274580002,0.0,0.0,0.0078125,0.55625,0.4359375
nominal,mpc_h4,810,89.74697274342603,27.101126785576344,62.64584590793079,1.5754641364794224,16900.440119457246,1415.6745575100183,0.0,28.4,1.0,0.85,305.7052849326283,0.19025125727057457,0.0,0.0,0.0046875,0.56171875,0.43359375
nominal,mpc_h4,811,92.9483444006014,27.894905390962958,65.05343905508698,1.5999531311448663,17356.498987197876,1422.084788686037,0.0,29.05,1.65,1.55,309.44215510971844,0.19034552052617074,0.0,0.0,0.00390625,0.5515625,0.44453125
nominal,mpc_h4,812,88.05715004704487,27.536113638430834,60.521036435808654,1.578538815304637,17059.94621934891,1407.1104503534734,0.0,27.7,2.05,0.85,302.336395077873,0.19017805457115172,0.0,0.0,0.003125,0.5484375,0.4484375
nominal,mpc_h4,813,90.64144781238079,27.536476727202533,63.104971070649626,1.590478170150891,17178.407825660706,1431.9206304207444,0.0,28.65,0.85,1.2,305.0319751317147,0.19053050577640535,0.0,0.0,0.00625,0.5578125,0.4359375
nominal,mpc_h4,814,89.15434472359081,27.588097827509046,61.566246929236854,1.5833058765623718,17065.48547105789,1450.3719096466898,0.0,27.95,1.4,1.2,304.9256099620834,0.19031768813729286,0.0,0.0,0.00546875,0.553125,0.44140625
nominal,mpc_h4,815,91.21670931175444,27.49251123815775,63.72419806949888,1.5938208006322383,17163.090442180634,1443.2597085155546,0.0,28.65,1.2,0.9,304.5791349490173,0.19072078689932823,0.0,0.0,0.0015625,0.5578125,0.440625
nominal,mpc_h4,816,87.83151431189468,27.029518403857946,60.80199601383498,1.579558144742623,16961.12076892853,1407.806456656754,0.0,27.6,1.55,0.7,301.23183488612995,0.19010672718286514,0.0,0.0,0.00390625,0.559375,0.43671875
nominal,mpc_h4,817,92.99149861390781,27.874879809096456,65.1166187925179,1.5984697898849844,17307.196015453337,1419.3876103132964,0.0,29.15,1.25,0.75,303.0506600625813,0.19005806595087052,0.0,0.0,0.00390625,0.54765625,0.4484375
nominal,mpc_h4,818,90.28310170978696,27.43737026825547,62.84573149145037,1.5772681820206345,17024.656716632842,1424.3850074872375,0.0,28.15,1.2,1.05,303.9911299943924,0.19013076648116112,0.0,0.0,0.00546875,0.56328125,0.43125
nominal,mpc_h4,819,88.42386402734822,27.170287173613907,61.253576913338954,1.5799987332895398,16999.19597978592,1460.6416345432401,0.0,27.8,1.4,1.3,306.7909249220975,0.19050498828291892,0.0,0.0,0.003125,0.57421875,0.42265625
nominal,standard_dqn,800,76.98174737520516,27.67265189141035,49.309095605984325,1.4655928100459277,15796.512957000732,913.6933752395213,0.0,23.45,0.0,1.25,0.0,0.19192990362644197,0.0,0.0,0.0078125,0.3171875,0.675
nominal,standard_dqn,801,84.77831991583109,30.75269057825208,54.02562930069864,1.528565024631098,16818.35949230194,581.1776679426432,0.0,25.2,0.0,0.9,0.0,0.19192809760570526,0.0,0.0,0.02734375,0.07265625,0.9
nominal,standard_dqn,802,80.38384502522648,29.606306390091778,50.777538732737305,1.498006730666384,16275.542234897614,643.2809539556504,0.0,23.65,0.0,1.2,0.0,0.19068478122353555,0.0,0.0,0.0,0.12421875,0.87578125
nominal,standard_dqn,803,78.0087751647085,28.732700173929334,49.276074997484685,1.4955320816021413,16529.853349304198,1020.7026222996413,0.0,22.9,0.0,1.2,0.0,0.1924028918147087,0.0,0.0,0.09375,0.36796875,0.53828125
nominal,standard_dqn,804,79.43519517868756,29.781429069489242,49.65376601457596,1.4967529429122806,16382.045410346986,638.5681876681745,0.0,23.6,0.0,1.15,0.0,0.19259915575385095,0.0,0.0,0.025,0.13359375,0.84140625
nominal,standard_dqn,805,81.31940414428712,28.484597363695503,52.834806726574904,1.5211090801749378,16551.748253440855,1002.2417366117239,0.0,24.45,0.0,1.8,0.0,0.19009340330958366,0.0,0.0,0.0015625,0.32890625,0.66953125
nominal,standard_dqn,806,79.29859193950891,28.88367134965956,50.41492061033845,1.4938762655481697,16483.045704460143,1002.9613688148559,0.0,23.55,0.0,1.5,0.0,0.19321633353829384,0.0,0.0,0.05625,0.34765625,0.59609375
nominal,standard_dqn,807,79.74930172108114,28.89125880934298,50.85804288864136,1.485269522620365,16121.613736915588,748.6668953210116,0.0,24.15,0.0,1.2,0.0,0.19185218065977097,0.0,0.0,0.0,0.19921875,0.80078125
nominal,standard_dqn,808,79.87016797609627,29.258845398947596,50.611322496682405,1.487863082718104,16223.174902629853,699.167416548729,0.0,24.1,0.0,1.0,0.0,0.1926097884774208,0.0,0.0,0.0,0.17265625,0.82734375
nominal,standard_dqn,809,82.17804942682385,29.255351919308303,52.92269751384854,1.4939554563723505,16266.240755081177,724.1950414061546,0.0,24.7,0.0,1.1,0.0,0.19159199222922324,0.0,0.0,0.0,0.18046875,0.81953125
nominal,standard_dqn,810,75.20933013282716,27.10827821046114,48.10105187989771,1.4672793563455344,15712.651867485047,1070.4891814686357,0.0,23.4,0.0,1.35,0.0,0.19211526587605476,0.0,0.0,0.003125,0.390625,0.60625
nominal,standard_dqn,811,79.72675613239407,28.438259228691457,51.28849701397121,1.4833311626221986,16076.672760200501,827.4772381544113,0.0,24.45,0.0,1.6,0.0,0.19093716517090797,0.0,0.0,0.0,0.25546875,0.74453125
nominal,standard_dqn,812,75.91715834163129,27.62636135146022,48.29079691007733,1.4880827156826855,16164.625364208221,1104.2161628644913,0.0,22.8,0.0,1.8,0.0,0.1920882284641266,0.0,0.0,0.0171875,0.41484375,0.56796875
nominal,standard_dqn,813,78.02645029447973,27.791553107649086,50.23489715255796,1.4912545080762356,16150.806139564515,1049.7559506654738,0.0,23.9,0.0,1.75,0.0,0.19200022742152215,0.0,0.0,0.0,0.38359375,0.61640625
nominal,standard_dqn,814,77.3338821516931,28.459767150878907,48.87411516174674,1.4730045142117887,16025.595031356812,852.5730235487223,0.0,23.25,0.0,0.95,0.0,0.19200584441423416,0.0,0.0,0.00078125,0.265625,0.73359375
nominal,standard_dqn,815,79.50423024706542,28.412243305519223,51.09198669865727,1.4949239250272512,16474.442901802064,1050.2040603157134,0.0,23.55,0.0,0.8,0.0,0.19248755499720574,0.0,0.0,0.04140625,0.39296875,0.565625
nominal,standard_dqn,816,73.96119295500219,26.96548480503261,46.9957082259655,1.4663188645150513,15725.698558807373,1042.8449578493833,0.0,22.5,0.0,1.2,0.0,0.19129121154546738,0.0,0.0,0.0,0.3859375,0.6140625
nominal,standard_dqn,817,79.0482258001715,28.791441663354636,50.25678410440683,1.4815420635044574,16107.545196723939,764.9085750102997,0.0,23.75,0.0,1.05,0.0,0.1911615662276745,0.0,0.0,0.0,0.20546875,0.79453125
nominal,standard_dqn,818,78.23945750616491,28.381333902105688,49.85812367670238,1.4707996070384979,15931.704956626892,842.4646664679051,0.0,23.75,0.0,1.35,0.0,0.1916259080171585,0.0,0.0,0.0,0.27109375,0.72890625
nominal,standard_dqn,819,77.10502220489084,28.78162510599941,48.32339701488614,1.4746452999301254,16078.57557144165,733.3847742587328,0.0,22.75,0.0,0.85,0.0,0.1927759386599064,0.0,0.0,0.0,0.20625,0.79375
nominal,threshold,800,191.53293296655508,28.56219814196229,162.97073483427855,1.8052640228997916,20517.92744617462,1852.1973642222583,0.0,31.05,30.05,1.05,0.0,0.19049414917826651,0.0,0.0,0.02421875,0.7703125,0.20546875
nominal,threshold,801,198.03976717641885,28.930171658471227,169.1095954948508,1.8312286082655191,20954.18314857483,1845.9376998089253,0.0,31.05,29.85,1.1,0.0,0.190092995762825,0.0,0.0,0.02578125,0.76875,0.20546875
nominal,threshold,802,186.7258350282887,28.714833607152105,158.01100143231247,1.8026917810551821,20477.031630706788,1856.084811640531,0.0,31.2,29.85,0.8,0.0,0.1900545537471771,0.0,0.0,0.021875,0.7609375,0.2171875
nominal,threshold,803,183.86795403187816,28.148358330875634,155.7195956853563,1.7966102018021046,20264.1206577301,1849.9040853068232,0.0,30.25,28.9,0.85,0.0,0.1901075430214405,0.0,0.0,0.01640625,0.77265625,0.2109375
nominal,threshold,804,190.70605613589905,28.329730055481196,162.37632609159374,1.7981627290602773,20390.14072647095,1832.1455484986304,0.0,31.4,30.25,1.0,0.0,0.19054863303899766,0.0,0.0,0.021875,0.7640625,0.2140625
nominal,threshold,805,188.39567961797596,28.86533804424107,159.5303415484029,1.8411061372607946,20940.543684196473,1878.5745754636823,0.0,30.35,28.3,1.05,0.0,0.18996869027614594,0.0,0.0,0.0203125,0.7578125,0.221875
nominal,threshold,806,183.4946489758823,28.58404434323311,154.91060465053062,1.789726100768894,20261.101537322997,1876.5582338556646,0.0,30.4,28.85,1.25,0.0,0.1905160628259182,0.0,0.0,0.0171875,0.76171875,0.22109375
nominal,threshold,807,192.2076903971835,28.67246218584478,163.53522821580907,1.8083662665449083,20591.797159481048,1868.443048716709,0.0,30.5,29.75,0.75,0.0,0.19013873860239983,0.0,0.0,0.021875,0.77578125,0.20234375
nominal,threshold,808,197.98229997451034,28.975092079117893,169.00720788049125,1.8220298245083542,20759.53308725357,1876.8083310693503,0.0,31.8,30.45,0.75,0.0,0.19069145023822784,0.0,0.0,0.01484375,0.7671875,0.21796875
nominal,threshold,809,196.23971110988575,29.01832552626729,167.22138560671527,1.8139152884017675,20700.194547367097,1863.5545055828989,0.0,31.6,30.1,0.9,0.0,0.18996432274580002,0.0,0.0,0.02421875,0.76015625,0.215625
nominal,threshold,810,192.15270211397248,28.16799184270203,163.9847102757408,1.7967499603051693,20380.077028656007,1859.410207760334,0.0,30.95,30.25,0.7,0.0,0.19024549499154092,0.0,0.0,0.021875,0.78046875,0.19765625
nominal,threshold,811,196.53306691981408,29.04393645785749,167.48913046791705,1.8192577962297947,20763.642449855804,1856.2404745578765,0.0,31.45,30.1,1.15,0.0,0.19018554389476777,0.0,0.0,0.02265625,0.7625,0.21484375
nominal,threshold,812,184.50966767009817,28.6361048784107,155.873562798393,1.794212389457971,20438.072077846526,1852.2981721334158,0.0,30.25,29.3,0.9,0.0,0.19017805457115172,0.0,0.0,0.0234375,0.77109375,0.20546875
nominal,threshold,813,185.04218294995215,28.362134551629424,156.68004840800847,1.7924066883977503,20290.139887714387,1865.3524969011546,0.0,30.85,28.8,0.8,0.0,0.19053050577640535,0.0,0.0,0.021875,0.7703125,0.2078125
nominal,threshold,814,177.96799580556092,28.391993053257465,149.57600273553965,1.786842530639842,20224.753509807586,1880.0233010217548,0.0,29.8,27.15,1.15,0.0,0.19031768813729286,0.0,0.0,0.01953125,0.7640625,0.21640625
nominal,threshold,815,188.74952116203343,28.39675215780735,160.35276898336446,1.7979307380504905,20342.905192279817,1865.1330347508192,0.0,30.5,29.2,0.95,0.0,0.19062942937016486,0.0,0.0,0.0140625,0.76640625,0.21953125
nominal,threshold,816,176.46209426580114,27.87908227592707,148.58301196826739,1.781608138838783,20050.428289699554,1844.4474734179676,0.0,29.45,27.3,1.1,0.0,0.19010672718286514,0.0,0.0,0.01875,0.7671875,0.2140625
nominal,threshold,817,187.81998036121468,28.59479710794985,159.2251832413439,1.8160008137114345,20587.302631950377,1856.9833589814602,0.0,30.95,29.6,1.1,0.0,0.19005806595087052,0.0,0.0,0.01484375,0.76171875,0.2234375
nominal,threshold,818,183.75650748858442,28.239752988144755,155.51675448106818,1.7779043461661785,20173.110881614684,1840.730523008108,0.0,30.2,28.0,0.75,0.0,0.19013076648116112,0.0,0.0,0.025,0.7703125,0.2046875
nominal,threshold,819,179.42923978959382,28.03219524733722,151.39704453629614,1.7816253079567104,20099.794792175293,1881.1888539679348,0.0,29.95,29.2,1.15,0.0,0.19025564193725586,0.0,0.0,0.01875,0.77734375,0.20390625
reduced_coupling,contextual_bandit,800,26.071134825735914,25.684040419757366,0.3870944059785499,1.6405882776714862,17709.264562511446,1779.3982503414154,0.0,0.0,1.7,0.95,0.0,0.18984707370400428,0.443683385848999,0.25,0.00078125,0.7453125,0.25390625
reduced_coupling,contextual_bandit,801,26.010489872193027,25.804897058010102,0.20559281418293035,1.6565240363124758,17849.472393894197,1742.1857295632362,0.0,0.0,0.95,1.25,0.0,0.18965169861912728,0.4357370868325233,0.25,0.01015625,0.70390625,0.2859375
reduced_coupling,contextual_bandit,802,26.403932106174913,25.995895674452186,0.4080364317227313,1.6671770639717578,18072.39018974304,1802.0181458204984,0.0,0.0,3.3,1.35,0.0,0.18962727785110473,0.4304105550050735,0.15,0.0,0.73515625,0.26484375
reduced_coupling,contextual_bandit,803,25.29638242945075,25.249075513333082,0.047306916117668185,1.5860382084269076,16668.636779212953,1550.277171844244,0.0,0.0,0.0,0.5,0.0,0.1896702192723751,0.47097497880458833,0.65,0.0,0.6015625,0.3984375
reduced_coupling,contextual_bandit,804,26.094384217150587,25.73271959722042,0.3616646199301695,1.654921350022778,18043.1441781044,1827.5663199603557,0.0,0.0,3.5,1.45,0.0,0.18987431526184081,0.43653846681118014,0.2,0.0,0.78125,0.21875
reduced_coupling,contextual_bandit,805,26.614925223365145,26.096554052084684,0.5183711712804648,1.675093539664522,18195.239359951018,1810.7849726229906,0.0,0.0,3.1,1.3,0.0,0.18959196507930756,0.42645240724086764,0.1,0.0,0.73515625,0.26484375
reduced_coupling,contextual_bandit,806,26.24720820800883,25.877572880685328,0.3696353273234985,1.64507046174258,17746.439198303222,1800.1919039994477,0.0,0.0,2.25,1.3,0.0,0.18981728032231332,0.44146391451358796,0.1,0.00234375,0.72734375,0.2703125
reduced_coupling,contextual_bandit,807,25.884433877175354,25.686994049698114,0.19743982747724137,1.6340704672969877,17543.234543323517,1749.5620281033218,0.0,0.0,1.15,1.25,0.0,0.1896693676710129,0.44689801037311555,0.15,0.00078125,0.703125,0.29609375
reduced_coupling,contextual_bandit,808,26.406203156608065,25.861125986278058,0.5450771703300059,1.6676987300626933,18054.14664993286,1824.0641962766647,0.0,0.0,2.7,1.1,0.0,0.18978385329246522,0.43011937141418455,0.15,0.0,0.74375,0.25625
reduced_coupling,contextual_bandit,809,26.319373233969003,25.987358170375227,0.33201506359377736,1.6519564964342863,17872.1327586174,1779.5035294033587,0.0,0.0,1.95,1.15,0.0,0.18958387076854705,0.4380209431052208,0.15,0.0015625,0.72421875,0.27421875
reduced_coupling,contextual_bandit,810,25.488493321614257,25.369928643479945,0.11856467813431304,1.6349873162806035,17608.446097278596,1792.4841516554357,0.0,0.0,0.7,0.7,0.0,0.18972562849521638,0.4465053901076317,0.45,0.0,0.75234375,0.24765625
reduced_coupling,contextual_bandit,811,26.540729300948396,26.19050425030291,0.35022505064548903,1.6816839432809503,18343.871628952027,1830.9817797228693,0.0,0.0,3.0,1.1,0.0,0.18977276012301444,0.42315727174282075,0.15,0.0015625,0.76171875,0.23671875
reduced_coupling,contextual_bandit,812,25.988190200056852,25.742625012248755,0.2455651878080955,1.6468687420710921,17693.88762245178,1735.7912600845098,0.0,0.0,1.8,1.35,0.0,0.18968902826309203,0.4405611723661423,0.0,0.0,0.6984375,0.3015625
reduced_coupling,contextual_bandit,813,26.169942828343814,25.928662479296328,0.24128034904748463,1.6579538732767105,17992.01377811432,1836.072461298108,0.0,0.0,1.9,1.0,0.0,0.18986525237560273,0.435022209584713,0.2,0.00234375,0.75703125,0.240625
reduced_coupling,contextual_bandit,814,26.01390510397234,25.723246850445868,0.29065825352647523,1.6486332030501216,17750.647987937926,1838.58658618927,0.0,0.0,2.2,0.85,0.0,0.18971051052212715,0.4396825060248375,0.3,0.0,0.73671875,0.26328125
reduced_coupling,contextual_bandit,815,25.795659607289025,25.617876483127475,0.1777831241615521,1.6369425524957477,17512.320363616942,1740.1155425805598,0.0,0.0,0.85,0.65,0.0,0.1899804875254631,0.44552784562110903,0.4,0.00078125,0.69296875,0.30625
reduced_coupling,contextual_bandit,816,25.246289409285854,25.1529496088624,0.09333980042345291,1.6130783366505057,17162.4975815773,1708.9519065260888,0.0,0.0,0.15,1.0,0.0,0.1896550513803959,0.45745990723371505,0.4,0.0,0.69296875,0.30703125
reduced_coupling,contextual_bandit,817,26.052231683925964,25.848836460337044,0.20339522358892106,1.6652564134914427,18015.342282295227,1802.6801286160946,0.0,0.0,1.2,1.1,0.0,0.1896416999399662,0.4313709124922752,0.15,0.0,0.7390625,0.2609375
reduced_coupling,contextual_bandit,818,26.218706402516368,25.663599356263877,0.5551070462524951,1.6495194983668626,17817.517623806,1801.34707891047,0.0,0.0,3.55,1.0,0.0,0.18966538459062576,0.4392372310161591,0.25,0.0,0.74765625,0.25234375
reduced_coupling,contextual_bandit,819,25.944491189493704,25.501945891231298,0.44254529826240807,1.6402174105402083,17717.909615516663,1821.603998169303,0.0,0.0,2.1,0.7,0.0,0.1898479238152504,0.44389035254716874,0.35,0.0,0.7578125,0.2421875
reduced_coupling,fixed_ground,800,50.7602273500143,27.23164619728923,23.52858115272507,1.8828255267813803,21491.16446247101,2300.05749001503,0.0,0.0,26.1,1.25,0.0,0.1896365351974964,0.32256516367197036,0.0,0.0,1.0,0.0
reduced_coupling,fixed_ground,801,54.70760534799528,27.44408078417182,27.263524563823466,1.9189347960054874,21994.21607456207,2297.969362783432,0.0,0.0,27.55,1.4,0.0,0.18962016999721526,0.3045320898294449,0.0,0.0,1.0,0.0
reduced_coupling,fixed_ground,802,53.257426255625695,27.65777788795531,25.59964836767039,1.9058547789230942,21835.63777923584,2336.4183875083922,0.0,0.0,27.2,1.55,0.0,0.18957675322890283,0.31107204854488374,0.0,0.0,1.0,0.0
reduced_coupling,fixed_ground,803,51.56435109396116,27.188843667879702,24.375507426081462,1.8928471710532904,21605.683086776735,2292.795631122589,0.0,0.0,24.95,0.6,0.0,0.18959813937544823,0.3175708994269371,0.0,0.0,1.0,0.0
reduced_coupling,fixed_ground,804,50.7726830209739,26.913363852351903,23.859319168621997,1.871254309779033,21346.72164440155,2266.4353037834167,0.0,0.0,26.15,1.5,0.0,0.1896429181098938,0.3283723309636116,0.0,0.0,1.0,0.0
reduced_coupling,fixed_ground,805,51.4412488497785,27.643119026347996,23.798129823430507,1.9113724290393292,21909.268876838683,2331.3327914237975,0.0,0.0,25.5,1.7,0.0,0.18955390825867652,0.308313200622797,0.0,0.0,1.0,0.0
reduced_coupling,fixed_ground,806,51.16501228187615,27.37897385433316,23.786038427542994,1.8823787717614322,21505.07429714203,2319.697540950775,0.0,0.0,25.75,1.45,0.0,0.1896466478705406,0.3228100873529911,0.0,0.0,1.0,0.0
reduced_coupling,fixed_ground,807,51.294370972623256,27.287597972154618,24.00677300046863,1.8843258901499211,21536.719456481933,2306.4438603401186,0.0,0.0,26.3,1.25,0.0,0.18960695266723632,0.3217706702649593,0.0,0.0,1.0,0.0
reduced_coupling,fixed_ground,808,52.95326656378961,27.39682557731867,25.55644098647094,1.8932639229577035,21665.469157791136,2314.495408630371,0.0,0.0,27.0,1.4,0.0,0.18965943083167075,0.31733712628483773,0.0,0.0,1.0,0.0
reduced_coupling,fixed_ground,809,55.192557852838306,27.60357641763985,27.588981435198463,1.9065504816360772,21858.382884788512,2328.565577030182,0.0,0.15,27.65,1.25,0.0,0.18958215937018394,0.31072431430220604,0.0,0.0,1.0,0.0
reduced_coupling,fixed_ground,810,50.47969219638286,27.05656262524426,23.4231295711386,1.8708474807906896,21323.794514083864,2288.842792701721,0.0,0.0,26.85,0.85,0.0,0.18957494571805,0.32857567742466925,0.0,0.0,1.0,0.0
reduced_coupling,fixed_ground,811,54.162370813188645,27.57924356460571,26.58312724858294,1.9178765571676195,21974.54933052063,2317.6336002349854,0.0,0.0,27.55,1.3,0.0,0.18956106379628182,0.30506123080849645,0.0,0.0,1.0,0.0
reduced_coupling,fixed_ground,812,50.50437445845064,27.284004118666054,23.220370339784584,1.8905338324140757,21601.768042755128,2300.1672562599183,0.0,0.05,24.7,1.75,0.0,0.1896555669605732,0.318729018419981,0.0,0.0,1.0,0.0
reduced_coupling,fixed_ground,813,51.89570313125421,27.46101119928062,24.434691931973582,1.8875272264704108,21577.324898910523,2324.8731417179106,0.0,0.0,27.05,1.4,0.0,0.189635918289423,0.32023590952157976,0.0,0.0,1.0,0.0
reduced_coupling,fixed_ground,814,50.51975197859815,27.29249338209629,23.227258596501862,1.870876335259527,21351.578483581543,2321.124336767197,0.0,0.0,24.75,0.9,0.0,0.18957762643694878,0.3285612478852272,0.0,0.0,1.0,0.0
reduced_coupling,fixed_ground,815,53.12891401905805,27.420814894884824,25.70809912417322,1.8936157336924224,21666.504242515563,2316.7067710876463,0.0,0.0,26.65,0.8,0.0,0.1896598793566227,0.31719153225421903,0.0,0.0,1.0,0.0
reduced_coupling,fixed_ground,816,48.81201680789018,26.936410788074134,21.87560601981605,1.861670197872445,21202.91676979065,2278.0309733867643,0.0,0.0,24.45,1.05,0.0,0.18953992947936057,0.33316434919834137,0.0,0.0,1.0,0.0
reduced_coupling,fixed_ground,817,51.226224946237096,27.40116199888289,23.82506294735421,1.904367249784991,21798.481430435182,2305.6699141025542,0.0,0.0,25.5,1.25,0.0,0.18958661705255508,0.3118158310651779,0.0,0.0,1.0,0.0
reduced_coupling,fixed_ground,818,50.76988231042349,27.157536759600042,23.61234555082345,1.872922829957679,21365.552167320253,2299.930909729004,0.0,0.0,26.45,1.2,0.0,0.18959246948361397,0.32753586396574974,0.0,0.0,1.0,0.0
reduced_coupling,fixed_ground,819,49.82129800727178,27.186967625841497,22.634330381430278,1.874500761507079,21387.234057235717,2302.933242511749,0.0,0.0,25.65,1.05,0.0,0.18962087258696556,0.32674904018640516,0.0,0.0,1.0,0.0
reduced_coupling,fixed_onboard,800,59.20749720484018,59.20749720484018,0.0,1.9454009497072549,34187.97902069092,67.8757426571101,0.0,0.0,0.0,0.0,0.0,0.19443446397781372,0.29129901304841044,1.0,1.0,0.0,0.0
reduced_coupling,fixed_onboard,801,60.02073158696294,60.02073158696294,0.0,1.959780644159764,34617.07173690796,68.8830027770251,0.0,0.0,0.0,0.0,0.0,0.19465999752283097,0.2841091871261597,1.0,1.0,0.0,0.0
reduced_coupling,fixed_onboard,802,60.34061526954174,60.34061526954174,0.0,1.9644027499947696,34747.77614784241,69.71490559764206,0.0,0.0,0.0,0.0,0.0,0.1951755814254284,0.2817981444299221,1.0,1.0,0.0,0.0
reduced_coupling,fixed_onboard,803,58.66517072096467,58.66517072096467,0.0,1.9321128255687654,33815.454935455324,68.03236838690937,0.0,0.0,0.0,0.0,0.0,0.19472222179174423,0.2979431256651878,1.0,1.0,0.0,0.0
reduced_coupling,fixed_onboard,804,59.67071878015995,59.67071878015995,0.0,1.9593734239693732,34592.15430603027,67.5245300475508,0.0,0.0,0.0,0.0,0.0,0.19408869072794915,0.2843127720057964,1.0,1.0,0.0,0.0
reduced_coupling,fixed_onboard,805,60.37667350322008,60.37667350322008,0.0,1.9624638007022441,34698.747066879274,70.4563685707748,0.0,0.0,0.0,0.0,0.0,0.19367314800620078,0.28276762515306475,1.0,1.0,0.0,0.0
reduced_coupling,fixed_onboard,806,60.009871082007884,60.009871082007884,0.0,1.9585972343105822,34570.26231880188,69.25068722143769,0.0,0.0,0.0,0.0,0.0,0.19485969766974448,0.2847008630633354,1.0,1.0,0.0,0.0
reduced_coupling,fixed_onboard,807,60.1607862867415,60.1607862867415,0.0,1.9622166025452317,34678.51298027039,69.13048653453589,0.0,0.0,0.0,0.0,0.0,0.19505039528012275,0.28289125114679337,1.0,1.0,0.0,0.0
reduced_coupling,fixed_onboard,808,60.340214932709934,60.340214932709934,0.0,1.9659941741265357,34787.104919433594,68.79820061177016,0.0,0.0,0.0,0.0,0.0,0.19471124634146691,0.28100245669484136,1.0,1.0,0.0,0.0
reduced_coupling,fixed_onboard,809,60.78848456591368,60.78848456591368,0.0,1.9753035520203412,35056.63583908081,69.7061578091234,0.0,0.0,0.0,0.0,0.0,0.19509391859173775,0.2763477861881256,1.0,1.0,0.0,0.0
reduced_coupling,fixed_onboard,810,59.0901813596487,59.0901813596487,0.0,1.9417634256649763,34086.67373085022,67.98531919904053,0.0,0.0,0.0,0.0,0.0,0.19402025863528252,0.2931177906692028,1.0,1.0,0.0,0.0
reduced_coupling,fixed_onboard,811,59.8041334927082,59.8041334927082,0.0,1.9507843838538974,34369.57779083252,70.469846412912,0.0,0.0,0.0,0.0,0.0,0.1932813584804535,0.2886073462665081,1.0,1.0,0.0,0.0
reduced_coupling,fixed_onboard,812,59.70562368631363,59.70562368631363,0.0,1.9516112529672682,34377.59514160156,69.15713081993162,0.0,0.0,0.0,0.0,0.0,0.1950871117413044,0.2881938897073269,1.0,1.0,0.0,0.0
reduced_coupling,fixed_onboard,813,60.07748140841723,60.07748140841723,0.0,1.9570441148243845,34538.34285087585,70.87222402468323,0.0,0.0,0.0,0.0,0.0,0.1953963615000248,0.285477502644062,1.0,1.0,0.0,0.0
reduced_coupling,fixed_onboard,814,60.090234361588955,60.090234361588955,0.0,1.9580142504535616,34551.60827484131,69.47169887945056,0.0,0.0,0.0,0.0,0.0,0.19278390631079673,0.28499242290854454,1.0,1.0,0.0,0.0
reduced_coupling,fixed_onboard,815,60.28332035392523,60.28332035392523,0.0,1.9644511075224727,34746.27663841248,69.64133677370846,0.0,0.0,0.0,0.0,0.0,0.1942143276333809,0.2817739501595497,1.0,1.0,0.0,0.0
reduced_coupling,fixed_onboard,816,59.21350993514061,59.21350993514061,0.0,1.9461033252067863,34210.1282535553,68.18427496217191,0.0,0.0,0.0,0.0,0.0,0.1938286192715168,0.2909478761255741,1.0,1.0,0.0,0.0
reduced_coupling,fixed_onboard,817,59.89078778102994,59.89078778102994,0.0,1.9563975148368626,34515.9768825531,68.97467159517109,0.0,0.0,0.0,0.0,0.0,0.19383849278092385,0.2858007483184338,1.0,1.0,0.0,0.0
reduced_coupling,fixed_onboard,818,59.56134465411306,59.56134465411306,0.0,1.9514564903918654,34364.56969337464,69.3848266709596,0.0,0.0,0.0,0.0,0.0,0.1944325387477875,0.2882712557911873,1.0,1.0,0.0,0.0
reduced_coupling,fixed_onboard,819,59.539101988822225,59.539101988822225,0.0,1.9514592580497265,34350.53885307312,67.13985120281578,0.0,0.0,0.0,0.0,0.0,0.19401852563023567,0.2882698468863964,1.0,1.0,0.0,0.0
reduced_coupling,immediate_argmin,800,26.33384443464763,25.470650012791157,0.8631944218564751,1.6414753207471222,17618.421797275543,1754.6106376290322,0.0,0.0,2.5,1.0,0.0,0.18984707370400428,0.4432398572564125,0.2,0.0,0.721875,0.278125
reduced_coupling,immediate_argmin,801,26.829436892287486,25.690933519229294,1.1385033730581937,1.6707984531763942,18085.32111158371,1797.4204684525728,0.0,0.0,2.55,1.2,0.0,0.18964649811387063,0.42859987616539,0.2,0.0,0.740625,0.259375
reduced_coupling,immediate_argmin,802,26.780573536856366,25.899816810712217,0.8807567261441506,1.6735705420840532,18125.256103801727,1822.4244175314902,0.0,0.0,3.6,1.25,0.0,0.18962727785110473,0.42721379846334456,0.2,0.0,0.73984375,0.26015625
reduced_coupling,immediate_argmin,803,26.25721930978988,25.326435650512575,0.9307836592773017,1.6408105541486293,17578.432387542725,1747.9417477697134,0.0,0.0,2.35,0.5,0.0,0.18965377435088157,0.4435888364911079,0.5,0.0,0.71796875,0.28203125
reduced_coupling,immediate_argmin,804,26.38681440635282,25.297462791576983,1.0893516147758349,1.6526506694499403,17809.72991323471,1798.028843346238,0.0,0.0,2.6,1.35,0.0,0.18987431526184081,0.43767373710870744,0.25,0.0,0.74609375,0.25390625
reduced_coupling,immediate_argmin,805,27.592818517322474,25.89576881341636,1.6970497039061154,1.690087713021785,18294.651609516142,1831.1040500968695,0.0,0.0,4.55,1.3,0.0,0.18958434462547302,0.4189552992582321,0.1,0.0,0.7359375,0.2640625
reduced_coupling,immediate_argmin,806,27.239936162027114,25.71580287925899,1.5241332827681224,1.6576469887979328,17874.819419193267,1812.478266876936,0.0,0.0,2.9,1.25,0.0,0.18985803201794624,0.4351756602525711,0.15,0.0,0.7328125,0.2671875
reduced_coupling,immediate_argmin,807,27.58998059962274,25.694570999965073,1.8954095996576714,1.6602345894556492,17999.71029253006,1843.379164004326,0.0,0.0,4.3,1.25,0.0,0.1896693676710129,0.4338159754872322,0.15,0.0,0.7625,0.2375
reduced_coupling,immediate_argmin,808,26.960018709504446,25.735810884833334,1.224207824671115,1.6703342472668736,18078.216772842406,1818.641923174262,0.0,0.0,3.7,1.05,0.0,0.18994572684168815,0.42880160063505174,0.2,0.0,0.74375,0.25625
reduced_coupling,immediate_argmin,809,27.19721590976986,25.86749740689993,1.3297185028699317,1.6713941584806888,18116.368953418732,1823.8248381376266,0.0,0.0,2.95,1.2,0.0,0.18958215937018394,0.42830211073160174,0.15,0.0,0.7484375,0.2515625
reduced_coupling,immediate_argmin,810,25.555019659207467,25.256012867763637,0.2990067914438314,1.6354367008432746,17547.343276023865,1777.6324957609177,0.0,0.0,1.0,0.65,0.0,0.18972274735569955,0.446280699968338,0.45,0.0,0.73671875,0.26328125
reduced_coupling,immediate_argmin,811,27.005071393799405,25.854089843854307,1.1509815499450957,1.684193363133818,18244.072956562042,1819.4052901685238,0.0,0.0,3.75,1.05,0.0,0.18969277143478394,0.4219025239348412,0.15,0.0,0.74296875,0.25703125
reduced_coupling,immediate_argmin,812,27.07606439715832,25.587473354488612,1.4885910426697062,1.66161299389787,17881.95576133728,1783.7441727608443,0.0,0.0,3.5,1.3,0.0,0.18968902826309203,0.43318905383348466,0.05,0.0,0.725,0.275
reduced_coupling,immediate_argmin,813,26.28769705648754,25.687714376673103,0.5999826798144421,1.652140777092427,17792.626604652403,1793.545385760069,0.0,0.0,1.95,1.1,0.0,0.18986525237560273,0.4379287466406822,0.25,0.0,0.7296875,0.2703125
reduced_coupling,immediate_argmin,814,26.400700012249494,25.522256780788304,0.8784432314611953,1.6501296507194638,17709.787584877013,1826.7449370354414,0.0,0.0,2.65,0.8,0.0,0.18975884318351746,0.4389342486858368,0.3,0.0,0.72890625,0.27109375
reduced_coupling,immediate_argmin,815,26.826421816253877,25.596171302720904,1.2302505135329718,1.6620171163231134,17897.491237068178,1797.4727739155292,0.0,0.0,3.1,0.65,0.0,0.18991471379995345,0.43299058824777603,0.35,0.0,0.728125,0.271875
reduced_coupling,immediate_argmin,816,25.2679038396656,25.141182021051645,0.12672181861395365,1.6274302345700562,17384.923080158234,1741.2746963381767,0.0,0.0,0.6,1.0,0.0,0.18965336456894874,0.45028397887945176,0.4,0.0,0.71484375,0.28515625
reduced_coupling,immediate_argmin,817,26.556191661278355,25.719994787871837,0.8361968734065186,1.6797120126895606,18161.591506004333,1814.3399866402149,0.0,0.0,3.1,1.1,0.0,0.18962903320789337,0.4241430848836899,0.1,0.0,0.7390625,0.2609375
reduced_coupling,immediate_argmin,818,27.140674796289442,25.49481114856899,1.645863647720454,1.6478576248511672,17771.019742679597,1801.4027536958456,0.0,0.0,3.65,0.95,0.0,0.18966538459062576,0.4400681421160698,0.3,0.0,0.74765625,0.25234375
reduced_coupling,immediate_argmin,819,25.793505465327392,25.333943525701763,0.4595619396256329,1.634868152765557,17529.05020484924,1785.4404741674662,0.0,0.0,1.15,0.7,0.0,0.18972782045602798,0.4465649455785751,0.4,0.0,0.728125,0.271875
reduced_coupling,md_cbad_dqn,800,27.479022386074064,27.390673174336552,0.08834921173751359,1.455342909367755,15694.020102405548,998.0908757194877,0.0,0.0,0.0,0.7,0.0,0.1905898667871952,0.5363024324178696,0.45,0.00234375,0.37421875,0.6234375
reduced_coupling,md_cbad_dqn,801,27.93719009153545,27.867339811474086,0.06985028006136423,1.476833858434111,16072.225585365295,983.5175870090723,0.0,0.0,0.0,0.9,0.0,0.1906485453248024,0.5255819961428643,0.35,0.0,0.3515625,0.6484375
reduced_coupling,md_cbad_dqn,802,28.576750183999536,28.506998281553386,0.06975190244615084,1.4721213160548359,16015.927553939819,852.2655654102564,0.0,0.0,0.0,0.95,0.0,0.18991193249821664,0.5279381930828094,0.4,0.0,0.27421875,0.72578125
reduced_coupling,md_cbad_dqn,803,26.942044954225423,26.90899970047176,0.03304525375366213,1.4488932084292174,15382.237708377837,939.8704150736332,0.0,0.0,0.0,0.3,0.0,0.19084077402949334,0.5395473003387451,0.8,0.0,0.32578125,0.67421875
reduced_coupling,md_cbad_dqn,804,27.302325209453706,27.227939824014904,0.07438538543879991,1.4554453257005662,15696.630049800873,980.3205471783876,0.0,0.0,0.0,0.8,0.0,0.19063557907938958,0.5362761795520783,0.4,0.0,0.36328125,0.63671875
reduced_coupling,md_cbad_dqn,805,28.623128185495734,28.54412378296256,0.07900440253317362,1.485508114239201,16230.816806793213,874.3449738532305,0.0,0.0,0.0,0.85,0.0,0.18981548324227332,0.5212448894977569,0.45,0.0,0.28046875,0.71953125
reduced_coupling,md_cbad_dqn,806,28.065477743074297,27.97944083996117,0.08603690311312681,1.463873455952853,15870.264454460144,939.3959190934896,0.0,0.0,0.0,0.85,0.0,0.1911003217101097,0.5320621520280838,0.45,0.0,0.32109375,0.67890625
reduced_coupling,md_cbad_dqn,807,27.979454747065898,27.890979966148734,0.08847478091716773,1.4642127289902418,15783.071077728271,907.649103808403,0.0,0.0,0.0,1.05,0.0,0.19031011387705804,0.5318631142377853,0.35,0.0,0.2953125,0.7046875
reduced_coupling,md_cbad_dqn,808,27.921802367232736,27.862940059415997,0.0588623078167439,1.4633381188847125,15779.110831165313,878.114837795496,0.0,0.0,0.0,0.7,0.0,0.19090489521622658,0.5322942540049553,0.45,0.0,0.28046875,0.71953125
reduced_coupling,md_cbad_dqn,809,29.012107277289033,28.953256665170194,0.05885061211884026,1.4825572360772639,16169.437950325013,772.5344927996397,0.0,0.0,0.0,0.75,0.0,0.19059716984629632,0.5227202087640762,0.4,0.0,0.2203125,0.7796875
reduced_coupling,md_cbad_dqn,810,27.022694644108412,26.944450257346034,0.07824438676238063,1.4503405138850212,15495.02387046814,1043.2920147649943,0.0,0.0,0.0,0.45,0.0,0.19049429073929786,0.538828632235527,0.6,0.00546875,0.3828125,0.61171875
reduced_coupling,md_cbad_dqn,811,28.04069530747831,27.969703991338612,0.07099131613969809,1.468666024506092,15896.314852905274,884.0464710265398,0.0,0.0,0.0,0.85,0.0,0.19008053541183473,0.5296658664941788,0.4,0.0,0.2984375,0.7015625
reduced_coupling,md_cbad_dqn,812,27.34780629426241,27.23904261253774,0.10876368172466763,1.4653683132492006,15876.360301303863,1130.8836785286665,0.0,0.0,0.0,1.25,0.0,0.19064411371946335,0.5313079968094826,0.05,0.0,0.43125,0.56875
reduced_coupling,md_cbad_dqn,813,27.620653994977477,27.536101610586048,0.0845523843914271,1.464806965738535,15696.264829826356,958.4385679632426,0.0,0.0,0.0,0.8,0.0,0.19031075313687323,0.5315953269600868,0.45,0.0,0.321875,0.678125
reduced_coupling,md_cbad_dqn,814,27.908251005560157,27.83167653121054,0.076574474349618,1.4616686983034015,15902.75137720108,1020.9679711699486,0.0,0.0,0.0,0.7,0.0,0.19058523327112198,0.5331645771861077,0.45,0.00078125,0.37265625,0.6265625
reduced_coupling,md_cbad_dqn,815,28.08519791997969,28.067257429286837,0.017940490692853944,1.467894969182089,15853.914720535278,881.9567566365004,0.0,0.0,0.0,0.25,0.0,0.19084377735853195,0.5300513938069343,0.75,0.0,0.28125,0.71875
reduced_coupling,md_cbad_dqn,816,27.142166945412754,27.08111929446459,0.06104765094816689,1.4504961194004864,15673.200115013122,1039.8907963752747,0.0,0.0,0.0,0.6,0.0,0.1902456060051918,0.5387508109211921,0.6,0.0,0.40234375,0.59765625
reduced_coupling,md_cbad_dqn,817,27.6034834336862,27.541143557429315,0.0623398762568832,1.4643976059742272,15820.650887680054,953.7844889253378,0.0,0.0,0.0,0.8,0.0,0.19009303897619248,0.5318000063300132,0.4,0.0,0.3296875,0.6703125
reduced_coupling,md_cbad_dqn,818,27.29768531449139,27.21888670399785,0.07879861049354081,1.4612403495702893,15718.941815280914,1090.4088267445563,0.0,0.0,0.0,0.7,0.0,0.19023197814822196,0.5333765938878059,0.5,0.0,0.41640625,0.58359375
reduced_coupling,md_cbad_dqn,819,28.058021282479167,27.984245132282375,0.07377615019679074,1.4581247850786894,15842.051678943633,863.5220434606075,0.0,0.0,0.0,0.6,0.0,0.1906416706740856,0.5349338680505753,0.55,0.0,0.29140625,0.70859375
reduced_coupling,mpc_h4,800,25.59512353310884,25.507479697093366,0.08764383601547301,1.6265924484934657,17394.513505649567,1699.6165848501028,0.0,0.0,0.65,0.8,316.9559550471604,0.18984707370400428,0.4506812751293182,0.4,0.00234375,0.69140625,0.30625
reduced_coupling,mpc_h4,801,25.838455385585092,25.710510908439755,0.12794447714533996,1.651291941292584,17784.223446750642,1738.7648444883525,0.0,0.0,0.9,1.05,308.62263020826504,0.18964649811387063,0.4383531272411346,0.25,0.0015625,0.70859375,0.28984375
reduced_coupling,mpc_h4,802,25.99788840205456,25.901145448163152,0.09674295389140604,1.652429621014744,17780.79066848755,1748.1464012295007,0.0,0.0,1.05,1.0,315.3612550406251,0.18962727785110473,0.43778423964977264,0.35,0.00234375,0.69765625,0.3
reduced_coupling,mpc_h4,803,25.393694922186587,25.325887229666115,0.06780769252047199,1.6134683403652161,17202.661108493805,1682.0590739309787,0.0,0.0,0.75,0.45,313.31714008701965,0.1896702192723751,0.4572599411010742,0.55,0.00078125,0.68515625,0.3140625
reduced_coupling,mpc_h4,804,25.459037291682748,25.35093372128904,0.1081035703937085,1.6331835511140524,17539.84959154129,1738.279653158784,0.0,0.0,0.8,1.1,315.1654400629923,0.18987431526184081,0.44740728139877317,0.25,0.00078125,0.7171875,0.28203125
reduced_coupling,mpc_h4,805,26.067538889386373,25.948761050775648,0.11877783861072388,1.6578566304408013,17840.517500019072,1746.49961591959,0.0,0.0,0.85,1.2,304.4643751112744,0.18958434462547302,0.43507082760334015,0.25,0.0,0.6921875,0.3078125
reduced_coupling,mpc_h4,806,25.962240604028267,25.823500238358974,0.13874036566929537,1.6290736520662903,17482.289839363097,1731.2763736657798,0.0,0.0,1.25,1.1,306.8544950510841,0.18985803201794624,0.44946229457855225,0.2,0.00234375,0.68828125,0.309375
reduced_coupling,mpc_h4,807,25.87238489883767,25.74367517642677,0.1287097224108992,1.6358490876853466,17639.918442440034,1771.3691758304835,0.0,0.0,1.05,1.1,304.29927498917095,0.1896693676710129,0.4460086986422539,0.25,0.00078125,0.7234375,0.27578125
reduced_coupling,mpc_h4,808,25.86565312550568,25.744662357494235,0.12099076801144559,1.6386693839915096,17631.733146762846,1748.8786556333303,0.0,0.0,0.9,0.95,304.48443502536975,0.18994774892926217,0.4446339622139931,0.25,0.0,0.70703125,0.29296875
reduced_coupling,mpc_h4,809,25.995557334153528,25.86551663093269,0.13004070322084224,1.6391861957497895,17644.782608890535,1746.902391114831,0.0,0.0,1.05,1.1,305.03788988571614,0.18958215937018394,0.4444060310721397,0.15,0.0,0.70703125,0.29296875
reduced_coupling,mpc_h4,810,25.266193379266447,25.21398415863514,0.052209220631309304,1.6125054829288274,17200.2309545517,1713.8864722490312,0.0,0.0,0.15,0.45,304.74981499719433,0.18972562849521638,0.4577462747693062,0.65,0.0015625,0.7,0.2984375
reduced_coupling,mpc_h4,811,25.98302050427722,25.86462605968118,0.11839444459604338,1.6602535946294665,17868.379775714875,1743.0045320659876,0.0,0.0,1.15,0.95,305.53727499209344,0.18969277143478394,0.4338723599910736,0.2,0.0015625,0.7015625,0.296875
reduced_coupling,mpc_h4,812,25.696513432012626,25.613693502917886,0.08281992909473837,1.627114665787667,17421.630630493164,1698.2584378503263,0.0,0.0,0.55,1.05,302.2995550534688,0.18968902826309203,0.4504381790757179,0.1,0.003125,0.68203125,0.31484375
reduced_coupling,mpc_h4,813,25.772419658062056,25.68528986386955,0.08712979419250913,1.6375973869580775,17563.460566425325,1742.7060662955046,0.0,0.0,0.15,0.95,305.90172498486936,0.18986525237560273,0.445200414955616,0.35,0.00078125,0.70078125,0.2984375
reduced_coupling,mpc_h4,814,25.562297400960325,25.475367047265173,0.08693035369515219,1.6250593131408095,17331.645532608032,1758.1141269370914,0.0,0.0,0.75,0.6,303.2685649523046,0.18975884318351746,0.4514693900942802,0.45,0.00234375,0.6921875,0.30546875
reduced_coupling,mpc_h4,815,25.692066622163548,25.601307961717247,0.09075866044630196,1.6381182805169374,17527.712392997742,1733.2109154701234,0.0,0.0,0.85,0.65,302.0516200514976,0.18991471379995345,0.4449399709701538,0.45,0.0,0.6921875,0.3078125
reduced_coupling,mpc_h4,816,25.166305329874156,25.11513984836638,0.05116548150777822,1.6174638791475444,17202.626154232024,1701.4344772547483,0.0,0.0,0.0,0.8,299.2061050143093,0.18965336456894874,0.45526714622974396,0.55,0.003125,0.6875,0.309375
reduced_coupling,mpc_h4,817,25.816547242698256,25.722454027831553,0.09409321486670078,1.6594153395388276,17855.670408535003,1760.2596679478884,0.0,0.0,0.55,1.0,301.98364480165765,0.18962903320789337,0.4342913866043091,0.15,0.00078125,0.709375,0.28984375
reduced_coupling,mpc_h4,818,25.639367127126558,25.550843970105053,0.08852315702150643,1.6189787741284818,17362.735261440277,1719.7235603064298,0.0,0.0,0.8,0.7,300.9512850898318,0.18966538459062576,0.4545075610280037,0.4,0.0015625,0.703125,0.2953125
reduced_coupling,mpc_h4,819,25.423335632939157,25.318160209804773,0.1051754231343827,1.6104614353273063,17172.273859977722,1725.2809178069233,0.0,0.0,0.45,0.6,303.0273099662736,0.1898479238152504,0.4587682709097862,0.5,0.00078125,0.69375,0.30546875
reduced_coupling,standard_dqn,800,27.453337781503798,27.36342671215534,0.08991106934845453,1.456694314396009,15736.672600650787,1018.2454235941171,0.0,0.0,0.0,0.75,0.0,0.19056494981050492,0.535626745223999,0.45,0.0,0.390625,0.609375
reduced_coupling,standard_dqn,801,29.065768813192847,28.992277968674898,0.0734908445179463,1.5044902054592968,16216.232935810089,790.1513727605343,0.0,0.0,0.0,0.8,0.0,0.1905640482902527,0.5117538437247277,0.35,0.0,0.184375,0.815625
reduced_coupling,standard_dqn,802,29.312392885088922,29.250933193415403,0.06145969167351728,1.4896210551727562,16139.506183624268,688.774136376381,0.0,0.0,0.0,0.8,0.0,0.1899423912167549,0.5191883504390716,0.5,0.0,0.15234375,0.84765625
reduced_coupling,standard_dqn,803,26.786752464994787,26.744794056192042,0.04195840880274776,1.453303610952571,15397.140570354462,1023.8251913845539,0.0,0.0,0.0,0.5,0.0,0.19080144613981248,0.5373421117663384,0.65,0.0,0.3640625,0.6359375
reduced_coupling,standard_dqn,804,28.475532413721083,28.40736984089017,0.06816257283091551,1.465947526274249,15944.884415340424,808.6525331974029,0.0,0.0,0.0,0.85,0.0,0.19089957773685456,0.531025105714798,0.4,0.0,0.2578125,0.7421875
reduced_coupling,standard_dqn,805,28.092442821115252,27.995855598151685,0.09658722296357161,1.5106481519993396,16282.784086608886,1096.8654341392219,0.0,0.0,0.0,0.95,0.0,0.1896467015147209,0.5086748465895653,0.45,0.00625,0.36875,0.625
reduced_coupling,standard_dqn,806,27.973311656266453,27.883923448622227,0.08938820764422423,1.4654148140456527,15894.435258293151,979.7411708205939,0.0,0.0,0.0,0.9,0.0,0.191208166629076,0.5312914609909057,0.4,0.0,0.34375,0.65625
reduced_coupling,standard_dqn,807,28.216586119867863,28.129036406613885,0.08754971325397498,1.4697308424860238,15851.39468164444,869.4231771975756,0.0,0.0,0.0,1.0,0.0,0.19052608907222748,0.5291334733366966,0.4,0.0,0.2671875,0.7328125
reduced_coupling,standard_dqn,808,28.552607624977828,28.491045912355183,0.06156171262264256,1.4705640042200685,15963.496363162994,786.5995000898838,0.0,0.0,0.0,0.75,0.0,0.19090489521622658,0.5286813095211983,0.4,0.0,0.23203125,0.76796875
reduced_coupling,standard_dqn,809,28.768876273557545,28.710025661438703,0.05885061211884026,1.4804661471862346,16050.019416046143,792.3249505728484,0.0,0.0,0.0,0.75,0.0,0.19039599522948264,0.5237657785415649,0.4,0.0,0.225,0.775
reduced_coupling,standard_dqn,810,26.662382286041975,26.581450970470904,0.08093131557106975,1.4540212966967374,15474.494597053528,1127.9611254408956,0.0,0.0,0.0,0.5,0.0,0.19065763279795647,0.5369882404804229,0.6,0.00625,0.421875,0.571875
reduced_coupling,standard_dqn,811,28.247621114030483,28.178663267940284,0.06895784609019762,1.4728174057323487,15970.430643177033,862.8413777381181,0.0,0.0,0.0,0.8,0.0,0.19006858244538308,0.5275901779532433,0.45,0.0,0.284375,0.715625
reduced_coupling,standard_dqn,812,27.356012624129654,27.252906136587264,0.1031064875423909,1.4653325608000158,15841.872576236725,1080.7858879610897,0.0,0.0,0.0,1.25,0.0,0.19064411371946335,0.5313258334994316,0.05,0.01328125,0.403125,0.58359375
reduced_coupling,standard_dqn,813,27.70747478887439,27.620352978631853,0.08712181024253374,1.4717958749271929,15853.048614215852,997.5571844190359,0.0,0.0,0.0,0.8,0.0,0.19060011357069015,0.5281009063124656,0.45,0.0,0.35078125,0.64921875
reduced_coupling,standard_dqn,814,28.317570861056446,28.23888274654746,0.07868811450898652,1.4627863511908799,15899.915387916564,900.9758255630732,0.0,0.0,0.0,0.75,0.0,0.1906029224395752,0.5326057121157646,0.4,0.00703125,0.29609375,0.696875
reduced_coupling,standard_dqn,815,27.677394381165506,27.653640133515,0.02375424765050413,1.4692776419688016,15976.717933654785,1054.7653425700962,0.0,0.0,0.0,0.25,0.0,0.19084377735853195,0.5293600901961326,0.75,0.00078125,0.39453125,0.6046875
reduced_coupling,standard_dqn,816,26.864235109314325,26.803230906277896,0.06100420303642753,1.4497792397160083,15560.69555568695,1045.9289658635855,0.0,0.0,0.0,0.55,0.0,0.1902456060051918,0.5391092702746392,0.6,0.0,0.3984375,0.6015625
reduced_coupling,standard_dqn,817,28.38328191805631,28.321702392026783,0.06157952602952723,1.4696097870357334,15961.348412704469,846.0771394729614,0.0,0.0,0.0,0.75,0.0,0.1901807814836502,0.5291939616203308,0.45,0.0,0.26015625,0.73984375
reduced_coupling,standard_dqn,818,27.82910402417183,27.75454647988081,0.07455754429101949,1.4599537451285869,15666.781883239746,952.6600461304188,0.0,0.0,0.0,0.75,0.0,0.19041295424103738,0.5340198799967766,0.5,0.0,0.32265625,0.67734375
reduced_coupling,standard_dqn,819,28.389360155984757,28.326252967119217,0.06310718886554245,1.4616344533395023,15947.714712238312,797.4430159151555,0.0,0.0,0.0,0.6,0.0,0.1909879669547081,0.5331790238618851,0.55,0.0,0.2578125,0.7421875
reduced_coupling,threshold,800,26.176561972871422,26.176561972871422,0.0,1.6434311515651643,17829.432637882233,1689.603810185939,0.0,0.0,0.0,0.0,0.0,0.18984707370400428,0.44226195216178893,1.0,0.01484375,0.6859375,0.29921875
reduced_coupling,threshold,801,26.64659531079233,26.64659531079233,0.0,1.664215080672875,18258.753236293793,1700.4415159083903,0.0,0.0,0.0,0.0,0.0,0.18964649811387063,0.43189156949520113,1.0,0.0203125,0.6921875,0.2875
reduced_coupling,threshold,802,26.766925365105273,26.766925365105273,0.0,1.6707209206651896,18312.418881607056,1726.8731106691062,0.0,0.0,0.0,0.0,0.0,0.18962727785110473,0.42863865196704865,1.0,0.0203125,0.69375,0.2859375
reduced_coupling,threshold,803,25.9983666934073,25.9983666934073,0.0,1.6354716651141643,17648.115476894378,1682.7604953795671,0.0,0.0,0.0,0.0,0.0,0.18965377435088157,0.4462582960724831,1.0,0.00859375,0.68203125,0.309375
reduced_coupling,threshold,804,26.263337833806872,26.263337833806872,0.0,1.6525354290846734,18102.444916439057,1712.8126471556723,0.0,0.0,0.0,0.0,0.0,0.18987431526184081,0.43773138225078584,1.0,0.01875,0.70546875,0.27578125
reduced_coupling,threshold,805,26.998060446977615,26.998060446977615,0.0,1.6748035269323736,18379.59475593567,1701.1444465719164,0.0,0.0,0.0,0.0,0.0,0.18958434462547302,0.426597398519516,1.0,0.02109375,0.66953125,0.309375
reduced_coupling,threshold,806,26.70886522680521,26.70886522680521,0.0,1.6535837214905769,18124.13111333847,1722.4707002736627,0.0,0.0,0.0,0.0,0.0,0.18985803201794624,0.43720730394124985,1.0,0.01875,0.690625,0.290625
reduced_coupling,threshold,807,26.748857756331564,26.748857756331564,0.0,1.6564078772906214,18204.801109313965,1740.2042176812888,0.0,0.0,0.0,0.0,0.0,0.1896693676710129,0.4357657790184021,1.0,0.01953125,0.70703125,0.2734375
reduced_coupling,threshold,808,26.685582396353322,26.684371398389338,0.0012109979639836287,1.662264487100765,18209.200759410858,1714.694690258801,0.0,0.0,0.05,0.0,0.0,0.18994572684168815,0.43283648490905763,0.95,0.015625,0.69140625,0.29296875
reduced_coupling,threshold,809,26.859367011487485,26.859367011487485,0.0,1.6692779035307468,18357.170408153535,1740.84248284325,0.0,0.0,0.0,0.0,0.0,0.18958215937018394,0.42936025112867354,1.0,0.01953125,0.7015625,0.27890625
reduced_coupling,threshold,810,25.71914690025151,25.71914690025151,0.0,1.6375408532563598,17719.446690273286,1736.8973769396544,0.0,0.0,0.0,0.0,0.0,0.18972274735569955,0.44522863030433657,1.0,0.00859375,0.71875,0.27265625
reduced_coupling,threshold,811,26.817916600371024,26.81557748094201,0.0023391194290135475,1.6807589456439018,18418.12988843918,1726.9072026908398,0.0,0.0,0.1,0.0,0.0,0.18969277143478394,0.4236197292804718,0.95,0.0171875,0.69375,0.2890625
reduced_coupling,threshold,812,26.70265801474452,26.70265801474452,0.0,1.6543560673482716,18124.73703365326,1678.4491930894553,0.0,0.0,0.0,0.0,0.0,0.18968902826309203,0.4368143126368523,1.0,0.021875,0.675,0.303125
reduced_coupling,threshold,813,26.38318609111011,26.38318609111011,0.0,1.6537762274499983,18034.043620109558,1737.6702674746514,0.0,0.0,0.0,0.0,0.0,0.18986525237560273,0.43711103200912477,1.0,0.0171875,0.70078125,0.28203125
reduced_coupling,threshold,814,26.255068072676657,26.255068072676657,0.0,1.6505922731477767,17888.27593975067,1760.8028258398176,0.0,0.0,0.0,0.0,0.0,0.18975884318351746,0.4387029618024826,1.0,0.0140625,0.6921875,0.29375
reduced_coupling,threshold,815,26.38230082988739,26.38230082988739,0.0,1.6536328200250865,17979.298771095277,1711.8590400829912,0.0,0.0,0.0,0.0,0.0,0.18991471379995345,0.43718274533748624,1.0,0.0125,0.684375,0.303125
reduced_coupling,threshold,816,25.716598886996508,25.716598886996508,0.0,1.6321735839359461,17644.306052684784,1697.5992705717683,0.0,0.0,0.0,0.0,0.0,0.18965336456894874,0.44791231900453565,1.0,0.01484375,0.69375,0.29140625
reduced_coupling,threshold,817,26.575965820252897,26.575965820252897,0.0,1.6722434739116578,18304.808316612245,1733.9274438872933,0.0,0.0,0.0,0.0,0.0,0.18962903320789337,0.4278773725032806,1.0,0.0171875,0.696875,0.2859375
reduced_coupling,threshold,818,26.354842755571006,26.354842755571006,0.0,1.6415669075679034,17897.72295026779,1706.6039985641837,0.0,0.0,0.0,0.0,0.0,0.18966538459062576,0.4432135298848152,1.0,0.015625,0.69765625,0.28671875
reduced_coupling,threshold,819,25.902622220292688,25.902622220292688,0.0,1.632534525031224,17681.66192111969,1736.1251147925855,0.0,0.0,0.0,0.0,0.0,0.18972782045602798,0.4477317616343498,1.0,0.0125,0.70390625,0.28359375
static,contextual_bandit,800,24.727972542867064,24.727972542867064,0.0,1.6144267643336208,17421.003017616273,1894.9765104234218,0.0,0.0,0.0,0.4,0.0,0.1891999989748001,0.8859999775886536,0.7,0.0,0.80859375,0.19140625
static,contextual_bandit,801,24.68548724167049,24.68548724167049,0.0,1.5908915009349585,16789.081745147705,1704.8974089503288,0.0,0.0,0.0,0.35,0.0,0.1891999989748001,0.8859999775886536,0.65,0.0,0.6640625,0.3359375
static,contextual_bandit,802,24.897662450745703,24.897662450745703,0.0,1.5891046835575253,16716.58645362854,1690.3926781207324,0.0,0.0,0.0,0.4,0.0,0.1891999989748001,0.8859999775886536,0.65,0.0,0.6390625,0.3609375
static,contextual_bandit,803,24.673347034305333,24.673347034305333,0.0,1.5242217163089662,15608.192948150634,1380.0654845774175,0.0,0.0,0.0,0.2,0.0,0.1891999989748001,0.8859999775886536,0.8,0.0,0.48828125,0.51171875
static,contextual_bandit,804,24.53246473260224,24.53246473260224,0.0,1.6119402702897787,17385.43518743515,1893.505578237772,0.0,0.0,0.0,0.55,0.0,0.1891999989748001,0.8859999775886536,0.6,0.0,0.809375,0.190625
static,contextual_bandit,805,25.00787752084434,25.00787752084434,0.0,1.6327790655661374,17613.188331222533,1877.3399085819722,0.0,0.0,0.0,0.45,0.0,0.1891999989748001,0.8859999775886536,0.65,0.0,0.775,0.225
static,contextual_bandit,806,24.74035912975669,24.74035912975669,0.0,1.5987142332829536,16895.779496765135,1786.6485861927272,0.0,0.0,0.0,0.55,0.0,0.1891999989748001,0.8859999775886536,0.55,0.0,0.6921875,0.3078125
static,contextual_bandit,807,24.872553088888527,24.872553088888527,0.0,1.5619845004752277,16264.577371788026,1569.2099345982074,0.0,0.0,0.0,0.6,0.0,0.1891999989748001,0.8859999775886536,0.55,0.0,0.57734375,0.42265625
static,contextual_bandit,808,24.675446891784667,24.675446891784667,0.0,1.5971780367195607,16914.158533763886,1755.4323569208384,0.0,0.0,0.0,0.35,0.0,0.1891999989748001,0.8859999775886536,0.65,0.0,0.690625,0.309375
static,contextual_bandit,809,24.82162941284478,24.82162941284478,0.0,1.5829386616591363,16616.53546438217,1665.817142060399,0.0,0.0,0.0,0.6,0.0,0.1891999989748001,0.8859999775886536,0.45,0.0,0.63125,0.36875
static,contextual_bandit,810,24.371606313064696,24.371606313064696,0.0,1.5777622126974165,16793.98427696228,1800.5823574602605,0.0,0.0,0.0,0.25,0.0,0.1891999989748001,0.8859999775886536,0.75,0.0,0.75390625,0.24609375
static,contextual_bandit,811,24.99525699801743,24.99525699801743,0.0,1.6489874217193574,17822.22360982895,1912.768003383279,0.0,0.0,0.0,0.45,0.0,0.1891999989748001,0.8859999775886536,0.7,0.0,0.790625,0.209375
static,contextual_bandit,812,24.578668623045086,24.578668623045086,0.0,1.592497210390866,16746.73487071991,1715.5493898302316,0.0,0.0,0.0,0.45,0.0,0.1891999989748001,0.8859999775886536,0.6,0.0,0.66171875,0.33828125
static,contextual_bandit,813,24.813664193823932,24.813664193823932,0.0,1.6057614996097982,17152.059373760225,1832.0089783102273,0.0,0.0,0.0,0.3,0.0,0.1891999989748001,0.8859999775886536,0.7,0.00078125,0.74375,0.25546875
static,contextual_bandit,814,24.59648684374988,24.59648684374988,0.0,1.5977252094075083,16914.403425884248,1835.6760653197766,0.0,0.0,0.0,0.35,0.0,0.1891999989748001,0.8859999775886536,0.7,0.0,0.71640625,0.28359375
static,contextual_bandit,815,24.688193129003047,24.688193129003047,0.0,1.5562753709033132,16211.33003578186,1598.2113981872797,0.0,0.0,0.0,0.15,0.0,0.1891999989748001,0.8859999775886536,0.85,0.0,0.596875,0.403125
static,contextual_bandit,816,24.20867650322616,24.20867650322616,0.0,1.562690254719928,16402.353887367248,1709.4207981944085,0.0,0.0,0.0,0.35,0.0,0.1891999989748001,0.8859999775886536,0.7,0.0,0.6796875,0.3203125
static,contextual_bandit,817,24.769273553043604,24.769273553043604,0.0,1.6096408418845385,17246.296597862245,1816.682834482193,0.0,0.0,0.0,0.3,0.0,0.1891999989748001,0.8859999775886536,0.75,0.0,0.7515625,0.2484375
static,contextual_bandit,818,24.66123411245644,24.66123411245644,0.0,1.6117017032112926,17316.58175058365,1895.7443244606256,0.0,0.0,0.0,0.35,0.0,0.1891999989748001,0.8859999775886536,0.65,0.0,0.79140625,0.20859375
static,contextual_bandit,819,24.41200453825295,24.41200453825295,0.0,1.581719257030636,16788.886604690553,1806.7484606683254,0.0,0.0,0.0,0.5,0.0,0.1891999989748001,0.8859999775886536,0.55,0.0,0.734375,0.265625
static,fixed_ground,800,26.386434554308654,26.386434554308654,0.0,1.7633314880076796,19880.648634719848,2300.05749001503,0.0,0.0,0.0,0.4,0.0,0.1891999989748001,0.8859999775886536,0.7,0.0,1.0,0.0
static,fixed_ground,801,26.578727662190794,26.578727662190794,0.0,1.7950258039403706,20327.522297668456,2297.969362783432,0.0,0.0,0.0,0.35,0.0,0.1891999989748001,0.8859999775886536,0.65,0.0,1.0,0.0
static,fixed_ground,802,26.788669446483254,26.788669446483254,0.0,1.7830208568368107,20180.27649230957,2336.4183875083922,0.0,0.0,0.0,0.4,0.0,0.1891999989748001,0.8859999775886536,0.65,0.0,1.0,0.0
static,fixed_ground,803,26.340374895557762,26.340374895557762,0.0,1.7719611435662954,19977.81642036438,2292.795631122589,0.0,0.0,0.0,0.2,0.0,0.1891999989748001,0.8859999775886536,0.8,0.0,1.0,0.0
static,fixed_ground,804,26.088048274442553,26.088048274442553,0.0,1.753890846297145,19766.8808052063,2266.4353037834167,0.0,0.0,0.0,0.55,0.0,0.1891999989748001,0.8859999775886536,0.6,0.0,1.0,0.0
static,fixed_ground,805,26.788136133924127,26.788136133924127,0.0,1.7896802498959006,20268.517695236205,2331.3327914237975,0.0,0.0,0.0,0.45,0.0,0.1891999989748001,0.8859999775886536,0.65,0.0,1.0,0.0
static,fixed_ground,806,26.54524220712483,26.54524220712483,0.0,1.76425918485038,19913.459476661683,2319.697540950775,0.0,0.0,0.0,0.55,0.0,0.1891999989748001,0.8859999775886536,0.55,0.0,1.0,0.0
static,fixed_ground,807,26.458630617335437,26.458630617335437,0.0,1.7675540820229798,19962.228948783875,2306.4438603401186,0.0,0.0,0.0,0.6,0.0,0.1891999989748001,0.8859999775886536,0.55,0.0,1.0,0.0
static,fixed_ground,808,26.555826063454152,26.555826063454152,0.0,1.7736356003209948,20052.655530929565,2314.495408630371,0.0,0.0,0.0,0.35,0.0,0.1891999989748001,0.8859999775886536,0.65,0.0,1.0,0.0
static,fixed_ground,809,26.73855407088995,26.73855407088995,0.0,1.7836177074816078,20202.317532539368,2328.565577030182,0.0,0.0,0.0,0.6,0.0,0.1891999989748001,0.8859999775886536,0.45,0.0,1.0,0.0
static,fixed_ground,810,26.23371495977044,26.23371495977044,0.0,1.7545313976239414,19754.953262138366,2288.842792701721,0.0,0.0,0.0,0.25,0.0,0.1891999989748001,0.8859999775886536,0.75,0.0,1.0,0.0
static,fixed_ground,811,26.706813772395254,26.706813772395254,0.0,1.7936501417774706,20301.667484474183,2317.6336002349854,0.0,0.0,0.0,0.45,0.0,0.1891999989748001,0.8859999775886536,0.7,0.0,1.0,0.0
static,fixed_ground,812,26.424201969429852,26.424201969429852,0.0,1.768573916517198,19960.09398880005,2300.1672562599183,0.0,0.0,0.0,0.45,0.0,0.1891999989748001,0.8859999775886536,0.6,0.0,1.0,0.0
static,fixed_ground,813,26.62353357002139,26.62353357002139,0.0,1.7697451712563634,19988.694381904603,2324.8731417179106,0.0,0.0,0.0,0.35,0.0,0.1891999989748001,0.8859999775886536,0.7,0.0,1.0,0.0
static,fixed_ground,814,26.47495264522731,26.47495264522731,0.0,1.7553525421302765,19793.05002708435,2321.124336767197,0.0,0.0,0.0,0.35,0.0,0.1891999989748001,0.8859999775886536,0.7,0.0,1.0,0.0
static,fixed_ground,815,26.571812352910637,26.571812352910637,0.0,1.7736126475967466,20049.106710243224,2316.7067710876463,0.0,0.0,0.0,0.15,0.0,0.1891999989748001,0.8859999775886536,0.85,0.0,1.0,0.0
static,fixed_ground,816,26.133137269690632,26.133137269690632,0.0,1.7489121458493173,19682.165704536437,2278.0309733867643,0.0,0.0,0.0,0.35,0.0,0.1891999989748001,0.8859999775886536,0.7,0.0,1.0,0.0
static,fixed_ground,817,26.53230851665139,26.53230851665139,0.0,1.780839222855866,20134.667724990846,2305.6699141025542,0.0,0.0,0.0,0.3,0.0,0.1891999989748001,0.8859999775886536,0.75,0.0,1.0,0.0
static,fixed_ground,818,26.333099338039755,26.333099338039755,0.0,1.7565603113733232,19796.800633239745,2299.930909729004,0.0,0.0,0.0,0.35,0.0,0.1891999989748001,0.8859999775886536,0.65,0.0,1.0,0.0
static,fixed_ground,819,26.362994673475622,26.362994673475622,0.0,1.758424121234566,19822.142051696777,2302.933242511749,0.0,0.0,0.0,0.5,0.0,0.1891999989748001,0.8859999775886536,0.55,0.0,1.0,0.0
static,fixed_onboard,800,55.46366708688438,55.46366708688438,0.0,1.9454009497072549,34177.80529785156,67.8757426571101,0.0,0.0,0.0,0.0,0.0,0.1891999989748001,0.8859999775886536,1.0,1.0,0.0,0.0
static,fixed_onboard,801,56.27380013987422,56.27380013987422,0.0,1.959780644159764,34606.25469055176,68.8830027770251,0.0,0.0,0.0,0.0,0.0,0.1891999989748001,0.8859999775886536,1.0,1.0,0.0,0.0
static,fixed_onboard,802,56.58317126072943,56.58317126072943,0.0,1.9644027499947696,34737.19963417053,69.71490559764206,0.0,0.0,0.0,0.0,0.0,0.1891999989748001,0.8859999775886536,1.0,1.0,0.0,0.0
static,fixed_onboard,803,54.967744966968894,54.967744966968894,0.0,1.9321128255687654,33804.98135643006,68.03236838690937,0.0,0.0,0.0,0.0,0.0,0.1891999989748001,0.8859999775886536,1.0,1.0,0.0,0.0
static,fixed_onboard,804,55.94112952053547,55.94112952053547,0.0,1.9593734239693732,34581.73789291382,67.5245300475508,0.0,0.0,0.0,0.0,0.0,0.1891999989748001,0.8859999775886536,1.0,1.0,0.0,0.0
static,fixed_onboard,805,56.65754702910781,56.65754702910781,0.0,1.9624638007022441,34688.063828659055,70.4563685707748,0.0,0.0,0.0,0.0,0.0,0.1891999989748001,0.8859999775886536,1.0,1.0,0.0,0.0
static,fixed_onboard,806,56.27232005596161,56.27232005596161,0.0,1.9585972343105822,34560.07847595215,69.25068722143769,0.0,0.0,0.0,0.0,0.0,0.1891999989748001,0.8859999775886536,1.0,1.0,0.0,0.0
static,fixed_onboard,807,56.399264784902336,56.399264784902336,0.0,1.9622166025452317,34668.067600631715,69.13048653453589,0.0,0.0,0.0,0.0,0.0,0.1891999989748001,0.8859999775886536,1.0,1.0,0.0,0.0
static,fixed_onboard,808,56.54153844788671,56.54153844788671,0.0,1.9659941741265357,34776.68478851319,68.79820061177016,0.0,0.0,0.0,0.0,0.0,0.1891999989748001,0.8859999775886536,1.0,1.0,0.0,0.0
static,fixed_onboard,809,56.95971695482731,56.95971695482731,0.0,1.9753035520203412,35046.148529052734,69.7061578091234,0.0,0.0,0.0,0.0,0.0,0.1891999989748001,0.8859999775886536,1.0,1.0,0.0,0.0
static,fixed_onboard,810,55.38612220659852,55.38612220659852,0.0,1.9417634256649763,34076.394145584105,67.98531919904053,0.0,0.0,0.0,0.0,0.0,0.1891999989748001,0.8859999775886536,1.0,1.0,0.0,0.0
static,fixed_onboard,811,56.06556264460087,56.06556264460087,0.0,1.9507843838538974,34358.673110961914,70.469846412912,0.0,0.0,0.0,0.0,0.0,0.1891999989748001,0.8859999775886536,1.0,1.0,0.0,0.0
static,fixed_onboard,812,56.001613123714925,56.001613123714925,0.0,1.9516112529672682,34367.16108932495,69.15713081993162,0.0,0.0,0.0,0.0,0.0,0.1891999989748001,0.8859999775886536,1.0,1.0,0.0,0.0
static,fixed_onboard,813,56.35532280877233,56.35532280877233,0.0,1.9570441148243845,34527.97953681946,70.87222402468323,0.0,0.0,0.0,0.0,0.0,0.1891999989748001,0.8859999775886536,1.0,1.0,0.0,0.0
static,fixed_onboard,814,56.359654711559415,56.359654711559415,0.0,1.9580142504535616,34541.51351737976,69.47169887945056,0.0,0.0,0.0,0.0,0.0,0.1891999989748001,0.8859999775886536,1.0,1.0,0.0,0.0
static,fixed_onboard,815,56.51683701500296,56.51683701500296,0.0,1.9644511075224727,34735.83044242859,69.64133677370846,0.0,0.0,0.0,0.0,0.0,0.1891999989748001,0.8859999775886536,1.0,1.0,0.0,0.0
static,fixed_onboard,816,55.51811615489423,55.51811615489423,0.0,1.9461033252067863,34199.89124298096,68.18427496217191,0.0,0.0,0.0,0.0,0.0,0.1891999989748001,0.8859999775886536,1.0,1.0,0.0,0.0
static,fixed_onboard,817,56.145168270170686,56.145168270170686,0.0,1.9563975148368626,34505.36132125855,68.97467159517109,0.0,0.0,0.0,0.0,0.0,0.1891999989748001,0.8859999775886536,1.0,1.0,0.0,0.0
static,fixed_onboard,818,55.8334780883044,55.8334780883044,0.0,1.9514564903918654,34354.43233757019,69.3848266709596,0.0,0.0,0.0,0.0,0.0,0.1891999989748001,0.8859999775886536,1.0,1.0,0.0,0.0
static,fixed_onboard,819,55.83367512524128,55.83367512524128,0.0,1.9514592580497265,34340.61393089294,67.13985120281578,0.0,0.0,0.0,0.0,0.0,0.1891999989748001,0.8859999775886536,1.0,1.0,0.0,0.0
static,immediate_argmin,800,24.416987100988628,24.416987100988628,0.0,1.5671754313632846,16428.112744808197,1668.513108277321,0.0,0.0,0.0,0.4,0.0,0.1891999989748001,0.8859999775886536,0.7,0.0,0.65625,0.34375
static,immediate_argmin,801,24.629752362519504,24.629752362519504,0.0,1.5948993186932057,16849.40128965378,1716.1949254840613,0.0,0.0,0.0,0.35,0.0,0.1891999989748001,0.8859999775886536,0.65,0.0,0.67109375,0.32890625
static,immediate_argmin,802,24.86360119506717,24.86360119506717,0.0,1.5952978283632546,16905.769593048095,1744.0631789147853,0.0,0.0,0.0,0.4,0.0,0.1891999989748001,0.8859999775886536,0.65,0.0,0.68203125,0.31796875
static,immediate_argmin,803,24.293595341965556,24.293595341965556,0.0,1.5704987255390734,16452.218849372864,1664.5488540381193,0.0,0.0,0.0,0.2,0.0,0.1891999989748001,0.8859999775886536,0.8,0.0,0.65703125,0.34296875
static,immediate_argmin,804,24.293789560347797,24.293789560347797,0.0,1.573504202067852,16565.923550319672,1710.3565465837717,0.0,0.0,0.0,0.55,0.0,0.1891999989748001,0.8859999775886536,0.6,0.0,0.68203125,0.31796875
static,immediate_argmin,805,24.849295896664263,24.849295896664263,0.0,1.6019458102528006,16937.290008640288,1733.261728566885,0.0,0.0,0.0,0.45,0.0,0.1891999989748001,0.8859999775886536,0.65,0.0,0.66640625,0.33359375
static,immediate_argmin,806,24.70015258155763,24.70015258155763,0.0,1.5812131778337062,16670.564402484895,1740.5122474819423,0.0,0.0,0.0,0.55,0.0,0.1891999989748001,0.8859999775886536,0.55,0.0,0.675,0.325
static,immediate_argmin,807,24.66843314617872,24.66843314617872,0.0,1.5808158319443464,16748.206628704073,1744.2695398628712,0.0,0.0,0.0,0.6,0.0,0.1891999989748001,0.8859999775886536,0.55,0.0,0.69453125,0.30546875
static,immediate_argmin,808,24.64950353950262,24.64950353950262,0.0,1.5872967201750725,16764.75257959366,1718.6385499328376,0.0,0.0,0.0,0.35,0.0,0.1891999989748001,0.8859999775886536,0.65,0.0,0.67265625,0.32734375
static,immediate_argmin,809,24.768739754334092,24.768739754334092,0.0,1.5864432778675108,16771.220605564118,1718.5272254139186,0.0,0.0,0.0,0.6,0.0,0.1891999989748001,0.8859999775886536,0.45,0.0,0.67421875,0.32578125
static,immediate_argmin,810,24.213449877873064,24.213449877873064,0.0,1.5583403509110212,16307.57312335968,1680.6855959504842,0.0,0.0,0.0,0.25,0.0,0.1891999989748001,0.8859999775886536,0.75,0.0,0.66484375,0.33515625
static,immediate_argmin,811,24.755333010852336,24.755333010852336,0.0,1.6042420367244632,16976.46573219299,1728.9735777258873,0.0,0.0,0.0,0.45,0.0,0.1891999989748001,0.8859999775886536,0.7,0.0,0.67734375,0.32265625
static,immediate_argmin,812,24.53964712396264,24.53964712396264,0.0,1.5823940857313574,16654.735294151305,1711.8066839545966,0.0,0.0,0.0,0.45,0.0,0.1891999989748001,0.8859999775886536,0.6,0.0,0.66875,0.33125
static,immediate_argmin,813,24.707592089101674,24.707592089101674,0.0,1.5805197648704052,16670.372714328765,1715.5062801420688,0.0,0.0,0.0,0.35,0.0,0.1891999989748001,0.8859999775886536,0.7,0.0,0.6734375,0.3265625
static,immediate_argmin,814,24.525018205493687,24.525018205493687,0.0,1.5713279754854739,16474.16752328873,1735.0499594330788,0.0,0.0,0.0,0.35,0.0,0.1891999989748001,0.8859999775886536,0.7,0.0,0.66328125,0.33671875
static,immediate_argmin,815,24.56794989183545,24.56794989183545,0.0,1.5837087526917457,16679.39935646057,1720.2086114019155,0.0,0.0,0.0,0.15,0.0,0.1891999989748001,0.8859999775886536,0.85,0.0,0.6703125,0.3296875
static,immediate_argmin,816,24.162711378932,24.162711378932,0.0,1.565827990276739,16386.25965862274,1685.6120353341103,0.0,0.0,0.0,0.35,0.0,0.1891999989748001,0.8859999775886536,0.7,0.0,0.665625,0.334375
static,immediate_argmin,817,24.647878305241466,24.647878305241466,0.0,1.5978264650329947,16869.612634658813,1713.9625145733357,0.0,0.0,0.0,0.3,0.0,0.1891999989748001,0.8859999775886536,0.75,0.0,0.66875,0.33125
static,immediate_argmin,818,24.467709592357277,24.467709592357277,0.0,1.572919659782201,16571.245757865905,1719.3098942875863,0.0,0.0,0.0,0.35,0.0,0.1891999989748001,0.8859999775886536,0.65,0.0,0.684375,0.315625
static,immediate_argmin,819,24.321114818751813,24.321114818751813,0.0,1.5660219336859882,16406.191221237183,1708.9398081928491,0.0,0.0,0.0,0.5,0.0,0.1891999989748001,0.8859999775886536,0.55,0.0,0.66484375,0.33515625
static,md_cbad_dqn,800,28.23258827738464,28.23258827738464,0.0,1.4699575854931026,16639.829837608337,1046.319318473339,0.0,0.0,0.0,0.2,0.0,0.1891999989748001,0.8859999775886536,0.85,0.140625,0.43203125,0.42734375
static,md_cbad_dqn,801,26.59801324419677,26.59801324419677,0.0,1.4733686894644051,15912.278413581847,1253.7209898740052,0.0,0.0,0.0,0.35,0.0,0.1891999989748001,0.8859999775886536,0.65,0.0,0.4953125,0.5046875
static,md_cbad_dqn,802,27.654222605749965,27.654222605749965,0.0,1.4592107710428537,15839.273243141175,1087.656121712923,0.0,0.0,0.0,0.4,0.0,0.1891999989748001,0.8859999775886536,0.65,0.0,0.4109375,0.5890625
static,md_cbad_dqn,803,27.13346870839596,27.13346870839596,0.0,1.4390896850265562,15198.431409931183,893.946326816082,0.0,0.0,0.0,0.2,0.0,0.1891999989748001,0.8859999775886536,0.8,0.0,0.296875,0.703125
static,md_cbad_dqn,804,26.605072538927196,26.605072538927196,0.0,1.4428334412164987,15395.601342773438,1100.8572825551032,0.0,0.0,0.0,0.55,0.0,0.1891999989748001,0.8859999775886536,0.6,0.0,0.41640625,0.58359375
static,md_cbad_dqn,805,26.377453307807446,26.377453307807446,0.0,1.540294351009652,17037.317428779603,1668.046425384283,0.0,0.0,0.0,0.45,0.0,0.1891999989748001,0.8859999775886536,0.65,0.0,0.71875,0.28125
static,md_cbad_dqn,806,27.805439876019953,27.805439876019953,0.0,1.4537572369445115,15773.630304718017,1028.6232239812612,0.0,0.0,0.0,0.55,0.0,0.1891999989748001,0.8859999775886536,0.55,0.0,0.37421875,0.62578125
static,md_cbad_dqn,807,28.421275906264782,28.421275906264782,0.0,1.4617866107728332,15666.493246364593,826.4589177459478,0.0,0.0,0.0,0.6,0.0,0.1891999989748001,0.8859999775886536,0.55,0.0,0.23515625,0.76484375
static,md_cbad_dqn,808,29.613190864771603,29.613190864771603,0.0,1.483027730556205,16065.686759090424,654.5964121907949,0.0,0.0,0.0,0.35,0.0,0.1891999989748001,0.8859999775886536,0.65,0.0,0.13671875,0.86328125
static,md_cbad_dqn,809,27.342611460015178,27.342611460015178,0.0,1.4616644692141563,15877.42017698288,1133.2582143753766,0.0,0.0,0.0,0.6,0.0,0.1891999989748001,0.8859999775886536,0.45,0.0,0.43984375,0.56015625
static,md_cbad_dqn,810,25.953079217672347,25.953079217672347,0.0,1.4652093234937638,15844.542182350158,1371.0681887913495,0.0,0.0,0.0,0.25,0.0,0.1891999989748001,0.8859999775886536,0.75,0.0546875,0.57109375,0.37421875
static,md_cbad_dqn,811,28.86856103129685,28.86856103129685,0.0,1.470061802258715,15945.395731163026,745.225872335583,0.0,0.0,0.0,0.45,0.0,0.1891999989748001,0.8859999775886536,0.7,0.00546875,0.2140625,0.78046875
static,md_cbad_dqn,812,26.830856738612056,26.830856738612056,0.0,1.4506278571207076,15698.6785905838,1169.21264334023,0.0,0.0,0.0,0.45,0.0,0.1891999989748001,0.8859999775886536,0.6,0.00234375,0.4609375,0.53671875
static,md_cbad_dqn,813,27.885381515696643,27.885381515696643,0.0,1.454327041329816,15631.946783542633,931.0278368830681,0.0,0.0,0.0,0.35,0.0,0.1891999989748001,0.8859999775886536,0.7,0.00078125,0.31484375,0.684375
static,md_cbad_dqn,814,27.802808014303444,27.802808014303444,0.0,1.4617537852842362,16121.928747177124,1136.122991484776,0.0,0.0,0.0,0.3,0.0,0.1891999989748001,0.8859999775886536,0.7,0.0640625,0.43828125,0.49765625
static,md_cbad_dqn,815,28.63884641751647,28.63884641751647,0.0,1.4614234791137277,15871.91810798645,865.5504101902246,0.0,0.0,0.0,0.15,0.0,0.1891999989748001,0.8859999775886536,0.85,0.0,0.28125,0.71875
static,md_cbad_dqn,816,26.13639882095158,26.13639882095158,0.0,1.454560165060684,15770.869160556793,1334.2551836192608,0.0,0.0,0.0,0.35,0.0,0.1891999989748001,0.8859999775886536,0.7,0.0,0.5703125,0.4296875
static,md_cbad_dqn,817,27.385773908719422,27.385773908719422,0.0,1.4536225317511708,15654.159079456329,1008.4578547090292,0.0,0.0,0.0,0.3,0.0,0.1891999989748001,0.8859999775886536,0.75,0.0,0.36328125,0.63671875
static,md_cbad_dqn,818,26.176297736167907,26.176297736167907,0.0,1.4671504977159202,15906.063876724244,1369.371057984233,0.0,0.0,0.0,0.35,0.0,0.1891999989748001,0.8859999775886536,0.65,0.0,0.5796875,0.4203125
static,md_cbad_dqn,819,27.120557491853834,27.120557491853834,0.0,1.4442798738367855,15612.031506061554,1071.6703109562397,0.0,0.0,0.0,0.5,0.0,0.1891999989748001,0.8859999775886536,0.55,0.0,0.4125,0.5875
static,mpc_h4,800,24.416987100988628,24.416987100988628,0.0,1.5671754313632846,16428.112744808197,1668.513108277321,0.0,0.0,0.0,0.4,313.1528249476105,0.1891999989748001,0.8859999775886536,0.7,0.0,0.65625,0.34375
static,mpc_h4,801,24.629752362519504,24.629752362519504,0.0,1.5948993186932057,16849.40128965378,1716.1949254840613,0.0,0.0,0.0,0.35,308.41915492201224,0.1891999989748001,0.8859999775886536,0.65,0.0,0.67109375,0.32890625
static,mpc_h4,802,24.86360119506717,24.86360119506717,0.0,1.5952978283632546,16905.769593048095,1744.0631789147853,0.0,0.0,0.0,0.4,314.54951509367675,0.1891999989748001,0.8859999775886536,0.65,0.0,0.68203125,0.31796875
static,mpc_h4,803,24.293595341965556,24.293595341965556,0.0,1.5704987255390734,16452.218849372864,1664.5488540381193,0.0,0.0,0.0,0.2,312.72604995174333,0.1891999989748001,0.8859999775886536,0.8,0.0,0.65703125,0.34296875
static,mpc_h4,804,24.293789560347797,24.293789560347797,0.0,1.573504202067852,16565.923550319672,1710.3565465837717,0.0,0.0,0.0,0.55,309.19754483620636,0.1891999989748001,0.8859999775886536,0.6,0.0,0.68203125,0.31796875
static,mpc_h4,805,24.849295896664263,24.849295896664263,0.0,1.6019458102528006,16937.290008640288,1733.261728566885,0.0,0.0,0.0,0.45,304.263790033292,0.1891999989748001,0.8859999775886536,0.65,0.0,0.66640625,0.33359375
static,mpc_h4,806,24.70015258155763,24.70015258155763,0.0,1.5812131778337062,16670.564402484895,1740.5122474819423,0.0,0.0,0.0,0.55,302.2086297743954,0.1891999989748001,0.8859999775886536,0.55,0.0,0.675,0.325
static,mpc_h4,807,24.66843314617872,24.66843314617872,0.0,1.5808158319443464,16748.206628704073,1744.2695398628712,0.0,0.0,0.0,0.6,307.73718983400613,0.1891999989748001,0.8859999775886536,0.55,0.0,0.69453125,0.30546875
static,mpc_h4,808,24.64950353950262,24.64950353950262,0.0,1.5872967201750725,16764.75257959366,1718.6385499328376,0.0,0.0,0.0,0.35,308.31834006821737,0.1891999989748001,0.8859999775886536,0.65,0.0,0.67265625,0.32734375
static,mpc_h4,809,24.768739754334092,24.768739754334092,0.0,1.5864432778675108,16771.220605564118,1718.5272254139186,0.0,0.0,0.0,0.6,303.9819899597205,0.1891999989748001,0.8859999775886536,0.45,0.0,0.67421875,0.32578125
static,mpc_h4,810,24.213449877873064,24.213449877873064,0.0,1.5583403509110212,16307.57312335968,1680.6855959504842,0.0,0.0,0.0,0.25,302.79205000260845,0.1891999989748001,0.8859999775886536,0.75,0.0,0.66484375,0.33515625
static,mpc_h4,811,24.755333010852336,24.755333010852336,0.0,1.6042420367244632,16976.46573219299,1728.9735777258873,0.0,0.0,0.0,0.45,305.21893999539316,0.1891999989748001,0.8859999775886536,0.7,0.0,0.67734375,0.32265625
static,mpc_h4,812,24.53964712396264,24.53964712396264,0.0,1.5823940857313574,16654.735294151305,1711.8066839545966,0.0,0.0,0.0,0.45,300.444989989046,0.1891999989748001,0.8859999775886536,0.6,0.0,0.66875,0.33125
static,mpc_h4,813,24.707592089101674,24.707592089101674,0.0,1.5805197648704052,16670.372714328765,1715.5062801420688,0.0,0.0,0.0,0.35,303.5437900631223,0.1891999989748001,0.8859999775886536,0.7,0.0,0.6734375,0.3265625
static,mpc_h4,814,24.525018205493687,24.525018205493687,0.0,1.5713279754854739,16474.16752328873,1735.0499594330788,0.0,0.0,0.0,0.35,299.7405950212851,0.1891999989748001,0.8859999775886536,0.7,0.0,0.66328125,0.33671875
static,mpc_h4,815,24.56794989183545,24.56794989183545,0.0,1.5837087526917457,16679.39935646057,1720.2086114019155,0.0,0.0,0.0,0.15,301.4744500804227,0.1891999989748001,0.8859999775886536,0.85,0.0,0.6703125,0.3296875
static,mpc_h4,816,24.162711378932,24.162711378932,0.0,1.565827990276739,16386.25965862274,1685.6120353341103,0.0,0.0,0.0,0.35,301.0461948288139,0.1891999989748001,0.8859999775886536,0.7,0.0,0.665625,0.334375
static,mpc_h4,817,24.647878305241466,24.647878305241466,0.0,1.5978264650329947,16869.612634658813,1713.9625145733357,0.0,0.0,0.0,0.3,302.4856750678737,0.1891999989748001,0.8859999775886536,0.75,0.0,0.66875,0.33125
static,mpc_h4,818,24.467709592357277,24.467709592357277,0.0,1.572919659782201,16571.245757865905,1719.3098942875863,0.0,0.0,0.0,0.35,299.0662499854807,0.1891999989748001,0.8859999775886536,0.65,0.0,0.684375,0.315625
static,mpc_h4,819,24.321114818751813,24.321114818751813,0.0,1.5660219336859882,16406.191221237183,1708.9398081928491,0.0,0.0,0.0,0.5,308.34464508807287,0.1891999989748001,0.8859999775886536,0.55,0.0,0.66484375,0.33515625
static,standard_dqn,800,26.313609712943435,26.313609712943435,0.0,1.455708140740171,15713.113861846923,1277.0842629760505,0.0,0.0,0.0,0.4,0.0,0.1891999989748001,0.8859999775886536,0.7,0.0,0.53515625,0.46484375
static,standard_dqn,801,25.799438298493623,25.799438298493623,0.0,1.531620729668066,16435.898509407045,1578.3756875097752,0.0,0.0,0.0,0.35,0.0,0.1891999989748001,0.8859999775886536,0.65,0.0,0.628125,0.371875
static,standard_dqn,802,30.75198931582272,30.75198931582272,0.0,1.5169465532526374,17659.806124687195,781.825818670541,0.0,0.0,0.0,0.3,0.0,0.1891999989748001,0.8859999775886536,0.75,0.2109375,0.23359375,0.55546875
static,standard_dqn,803,26.792398043349387,26.792398043349387,0.0,1.4433331390377133,15247.398220252991,999.8963055215776,0.0,0.0,0.0,0.2,0.0,0.1891999989748001,0.8859999775886536,0.8,0.0125,0.3484375,0.6390625
static,standard_dqn,804,27.540093733742832,27.540093733742832,0.0,1.4631770501378925,16211.967705821991,1155.3096963204443,0.0,0.0,0.0,0.5,0.0,0.1891999989748001,0.8859999775886536,0.6,0.06015625,0.4703125,0.46953125
static,standard_dqn,805,27.2362183496356,27.2362183496356,0.0,1.6746139875147492,19190.633210372926,1987.2035452395678,0.0,0.0,0.0,0.45,0.0,0.1891999989748001,0.8859999775886536,0.65,0.1328125,0.83984375,0.02734375
static,standard_dqn,806,28.962279262021184,28.962279262021184,0.0,1.4652344984933734,16005.925953865051,830.3638978928327,0.0,0.0,0.0,0.55,0.0,0.1891999989748001,0.8859999775886536,0.55,0.0359375,0.26015625,0.70390625
static,standard_dqn,807,26.570021465420723,26.570021465420723,0.0,1.4681712368037552,15655.214374446869,1237.410516327247,0.0,0.0,0.0,0.6,0.0,0.1891999989748001,0.8859999775886536,0.55,0.01796875,0.4546875,0.52734375
static,standard_dqn,808,28.615060731396078,28.615060731396078,0.0,1.4614430453162641,15856.096383571625,797.7840477734804,0.0,0.0,0.0,0.35,0.0,0.1891999989748001,0.8859999775886536,0.65,0.00859375,0.24296875,0.7484375
static,standard_dqn,809,27.666008608415723,27.666008608415723,0.0,1.4589841627981515,15743.737401866912,1036.8538661688567,0.0,0.0,0.0,0.6,0.0,0.1891999989748001,0.8859999775886536,0.45,0.0,0.371875,0.628125
static,standard_dqn,810,26.171862675622105,26.171862675622105,0.0,1.437704927707091,15213.831203842163,1170.917944827676,0.0,0.0,0.0,0.25,0.0,0.1891999989748001,0.8859999775886536,0.75,0.0015625,0.44453125,0.55390625
static,standard_dqn,811,26.264750003814697,26.264750003814697,0.0,1.5107331532984971,16564.34393453598,1473.1899698674679,0.0,0.0,0.0,0.45,0.0,0.1891999989748001,0.8859999775886536,0.7,0.0,0.6390625,0.3609375
static,standard_dqn,812,26.845979307219388,26.845979307219388,0.0,1.4626278052572161,15913.361710453033,1195.536482689157,0.0,0.0,0.0,0.45,0.0,0.1891999989748001,0.8859999775886536,0.6,0.0546875,0.46953125,0.47578125
static,standard_dqn,813,27.606450309604405,27.606450309604405,0.0,1.458691590698436,15679.383194446564,988.1688732773066,0.0,0.0,0.0,0.35,0.0,0.1891999989748001,0.8859999775886536,0.7,0.0,0.35,0.65
static,standard_dqn,814,29.84815705269575,29.84815705269575,0.0,1.4903243877459318,17479.174454116823,1060.7624375160783,0.0,0.0,0.0,0.3,0.0,0.1891999989748001,0.8859999775886536,0.7,0.175,0.41796875,0.40703125
static,standard_dqn,815,28.434779572486878,28.434779572486878,0.0,1.4614311795216053,15896.926298809052,924.8016354933382,0.0,0.0,0.0,0.15,0.0,0.1891999989748001,0.8859999775886536,0.85,0.01328125,0.31328125,0.6734375
static,standard_dqn,816,25.95790294110775,25.95790294110775,0.0,1.4499584750737995,15575.731083774566,1300.9464075386525,0.0,0.0,0.0,0.35,0.0,0.1891999989748001,0.8859999775886536,0.7,0.0,0.5421875,0.4578125
static,standard_dqn,817,26.871194934844972,26.871194934844972,0.0,1.4674887435510755,15863.525383472443,1262.736415964365,0.0,0.0,0.0,0.3,0.0,0.1891999989748001,0.8859999775886536,0.75,0.0,0.48671875,0.51328125
static,standard_dqn,818,26.64035879932344,26.64035879932344,0.0,1.4544902434572577,15613.371472644805,1232.7261652112006,0.0,0.0,0.0,0.35,0.0,0.1891999989748001,0.8859999775886536,0.65,0.0,0.48515625,0.51484375
static,standard_dqn,819,28.24199303239584,28.24199303239584,0.0,1.449836163315922,15850.25619621277,870.3363503158092,0.0,0.0,0.0,0.5,0.0,0.1891999989748001,0.8859999775886536,0.55,0.00078125,0.31484375,0.684375
static,threshold,800,24.601003531366587,24.601003531366587,0.0,1.5712619004771113,16562.38673658371,1660.9485508151351,0.0,0.0,0.0,0.0,0.0,0.1891999989748001,0.8859999775886536,1.0,0.00625,0.653125,0.340625
static,threshold,801,24.745327293872833,24.745327293872833,0.0,1.5972765197977423,16929.425148296355,1709.1830894812942,0.0,0.0,0.0,0.0,0.0,0.1891999989748001,0.8859999775886536,1.0,0.00546875,0.66796875,0.3265625
static,threshold,802,25.00264778062701,25.00264778062701,0.0,1.597454851353541,17006.252018737792,1738.2133584842086,0.0,0.0,0.0,0.0,0.0,0.1891999989748001,0.8859999775886536,1.0,0.00625,0.68046875,0.31328125
static,threshold,803,24.384587530419232,24.384587530419232,0.0,1.5727087923325598,16518.93887310028,1660.1072582393886,0.0,0.0,0.0,0.0,0.0,0.1891999989748001,0.8859999775886536,1.0,0.003125,0.6546875,0.3421875
static,threshold,804,24.62642330005765,24.62642330005765,0.0,1.5779291754588485,16771.605851650238,1692.9217628367246,0.0,0.0,0.0,0.0,0.0,0.1891999989748001,0.8859999775886536,1.0,0.009375,0.675,0.315625
static,threshold,805,25.101041862741113,25.101041862741113,0.0,1.605927167693153,17093.29296236038,1717.8350404769183,0.0,0.0,0.0,0.0,0.0,0.1891999989748001,0.8859999775886536,1.0,0.00703125,0.66015625,0.3328125
static,threshold,806,24.99176339097321,24.99176339097321,0.0,1.587195783155039,16871.640220737456,1724.9909381382167,0.0,0.0,0.0,0.0,0.0,0.1891999989748001,0.8859999775886536,1.0,0.00859375,0.66796875,0.3234375
static,threshold,807,24.947601276263594,24.947601276263594,0.0,1.5858435928355903,16931.261608028413,1731.7063838645815,0.0,0.0,0.0,0.0,0.0,0.1891999989748001,0.8859999775886536,1.0,0.009375,0.68984375,0.30078125
static,threshold,808,24.835300104320048,24.835300104320048,0.0,1.5917060098610818,16902.25736093521,1712.0338403970004,0.0,0.0,0.0,0.0,0.0,0.1891999989748001,0.8859999775886536,1.0,0.00546875,0.66953125,0.325
static,threshold,809,25.11036749072373,25.11036749072373,0.0,1.5927335695829243,16997.03061800003,1702.1954080611467,0.0,0.0,0.0,0.0,0.0,0.1891999989748001,0.8859999775886536,1.0,0.009375,0.6671875,0.3234375
static,threshold,810,24.31019850485027,24.31019850485027,0.0,1.560093452455476,16376.447831916808,1676.5864977002143,0.0,0.0,0.0,0.0,0.0,0.1891999989748001,0.8859999775886536,1.0,0.00390625,0.6640625,0.33203125
static,threshold,811,24.906646878272294,24.906646878272294,0.0,1.6069368904456496,17084.18556098938,1721.2672302991152,0.0,0.0,0.0,0.0,0.0,0.1891999989748001,0.8859999775886536,1.0,0.00703125,0.67421875,0.31875
static,threshold,812,24.658861929178236,24.658861929178236,0.0,1.5852526776492595,16750.47219352722,1705.9889507256448,0.0,0.0,0.0,0.0,0.0,0.1891999989748001,0.8859999775886536,1.0,0.00703125,0.66640625,0.3265625
static,threshold,813,24.884341653808953,24.884341653808953,0.0,1.5842571933753788,16794.88987054825,1707.053366011381,0.0,0.0,0.0,0.0,0.0,0.1891999989748001,0.8859999775886536,1.0,0.00546875,0.6703125,0.32421875
static,threshold,814,24.67613741979003,24.67613741979003,0.0,1.5741105353925378,16575.97714509964,1728.9212561756372,0.0,0.0,0.0,0.0,0.0,0.1891999989748001,0.8859999775886536,1.0,0.00546875,0.6609375,0.33359375
static,threshold,815,24.66839577332139,24.66839577332139,0.0,1.584221736714244,16727.98761100769,1713.5606030732392,0.0,0.0,0.0,0.0,0.0,0.1891999989748001,0.8859999775886536,1.0,0.00234375,0.66796875,0.3296875
static,threshold,816,24.255161080509424,24.255161080509424,0.0,1.567682967754081,16458.90006275177,1680.6255810931325,0.0,0.0,0.0,0.0,0.0,0.1891999989748001,0.8859999775886536,1.0,0.00546875,0.6640625,0.33046875
static,threshold,817,24.83446501605213,24.83446501605213,0.0,1.6009486527647823,16986.185704803465,1703.9762686669826,0.0,0.0,0.0,0.0,0.0,0.1891999989748001,0.8859999775886536,1.0,0.0046875,0.66484375,0.33046875
static,threshold,818,24.609465515986084,24.609465515986084,0.0,1.5761399410665036,16677.333836936952,1712.1275267526507,0.0,0.0,0.0,0.0,0.0,0.1891999989748001,0.8859999775886536,1.0,0.00546875,0.68125,0.31328125
static,threshold,819,24.554139330238105,24.554139330238105,0.0,1.5704998122993856,16566.065159606933,1699.3130039140583,0.0,0.0,0.0,0.0,0.0,0.1891999989748001,0.8859999775886536,1.0,0.0078125,0.66015625,0.33203125
thermal_stress,contextual_bandit,800,132.5836417940859,31.510412702709438,101.0732291584317,1.7019157698843628,18827.149525356293,1473.1705836713313,0.0,34.0,28.15,1.85,0.0,0.36251491606235503,0.0,0.0,0.0,0.4859375,0.5140625
thermal_stress,contextual_bandit,801,125.51142979867878,32.67812813334167,92.83330165043594,1.7103981654159726,19319.344001197816,1393.4984329722822,0.0,33.1,23.7,2.0,0.0,0.36209297329187395,0.0,0.0,0.00078125,0.47109375,0.528125
thermal_stress,contextual_bandit,802,124.8230787783637,32.14172581098974,92.68135296774649,1.6986615465022623,19072.905751419068,1477.8301900058984,0.0,33.8,27.2,1.95,0.0,0.3620549708604813,0.0,0.0,0.0,0.50859375,0.49140625
thermal_stress,contextual_bandit,803,124.0061776652672,31.252264499291776,92.7539132028558,1.6884554941672831,18700.230493927003,1441.8394379794597,0.0,33.3,21.9,1.3,0.0,0.3620790123939514,0.0,0.0,0.0,0.4984375,0.5015625
thermal_stress,contextual_bandit,804,133.55067852080813,31.919163991883398,101.6315145900195,1.700527094071731,19057.255189228057,1456.9201691776514,0.0,33.8,31.6,2.25,0.0,0.3625486075878143,0.0,0.0,0.0,0.503125,0.496875
thermal_stress,contextual_bandit,805,143.60322846924737,32.63208789862692,110.97114051921145,1.7349154276773333,19483.95898246765,1485.1256493389606,0.0,33.8,31.45,1.95,0.0,0.36198016107082365,0.0,0.0,0.0,0.4828125,0.5171875
thermal_stress,contextual_bandit,806,132.14725688455013,32.08562451414764,100.0616324065378,1.6959392300341278,18988.868076992036,1521.4780109375715,0.0,32.95,29.9,1.9,0.0,0.36216086745262144,0.0,0.0,0.0,0.51796875,0.48203125
thermal_stress,contextual_bandit,807,128.65167197550494,31.95548859871924,96.69618340956825,1.688979651639238,18967.80127658844,1476.0267402678728,0.0,33.0,29.15,2.3,0.0,0.3620138823986053,0.0,0.0,0.00078125,0.51640625,0.4828125
thermal_stress,contextual_bandit,808,154.91950294551353,32.109434937313196,122.81006800074974,1.71745866346173,19231.246343708037,1516.7941673219204,0.0,34.35,34.85,1.85,0.0,0.36227975487709047,0.0,0.0,0.0,0.515625,0.484375
thermal_stress,contextual_bandit,809,127.9364327337759,32.41438974626362,95.52204296329789,1.7015254935249686,19122.099767017364,1444.6930469840765,0.0,33.85,23.75,2.1,0.0,0.36196429580450057,0.0,0.0,0.0015625,0.48671875,0.51171875
thermal_stress,contextual_bandit,810,123.17196291562826,31.255325930938124,91.91663693886906,1.6849472732283175,18766.038927268983,1463.7272668391465,0.0,33.6,25.0,1.75,0.0,0.36225123405456544,0.0,0.0,0.0,0.5125,0.4875
thermal_stress,contextual_bandit,811,126.1982483775354,32.41891419291496,93.77933417679733,1.7021834491752088,19221.26170911789,1429.99028256163,0.0,33.1,24.6,2.65,0.0,0.3623454973101616,0.0,0.0,0.0015625,0.49609375,0.50234375
thermal_stress,contextual_bandit,812,127.57450877321101,31.900792760401963,95.67371600014305,1.6942545659374446,18986.9910200119,1488.837964272499,0.0,33.15,27.35,1.95,0.0,0.36217803359031675,0.0,0.0,0.0,0.5109375,0.4890625
thermal_stress,contextual_bandit,813,129.7867476738043,32.15108848772943,97.63565923599376,1.7117253372445702,19152.285192203522,1473.0677405685187,0.0,33.95,28.75,1.9,0.0,0.36232965588569643,0.0,0.0,0.00234375,0.49453125,0.503125
thermal_stress,contextual_bandit,814,130.09703694256152,31.990233374014498,98.10680351825562,1.697957844985649,19031.021356105804,1512.0563113689423,0.0,32.75,27.3,1.9,0.0,0.36197363436222074,0.0,0.0,0.0,0.5109375,0.4890625
thermal_stress,contextual_bandit,815,127.13817561125538,31.92143285535276,95.21674273727618,1.7012852226383983,19090.917070102692,1466.8939703568817,0.0,33.85,25.15,1.35,0.0,0.3623988166451454,0.0,0.0,0.00078125,0.50234375,0.496875
thermal_stress,contextual_bandit,816,124.70910927241152,30.838954117149115,93.87015522678799,1.6851143213920294,18697.044849491118,1502.5811866044999,0.0,32.65,25.75,1.7,0.0,0.3620959252119064,0.0,0.0,0.0,0.5265625,0.4734375
thermal_stress,contextual_bandit,817,139.72988006689542,31.84587999470532,107.88400008411102,1.7140937451738865,19123.589729881285,1494.976059052348,0.0,34.05,32.7,1.75,0.0,0.36205804347991943,0.0,0.0,0.0,0.50390625,0.49609375
thermal_stress,contextual_bandit,818,124.87623706555628,31.578709441050886,93.29752768038476,1.685423200391233,18825.923147201538,1492.9123583734035,0.0,32.55,23.8,1.95,0.0,0.3621307462453842,0.0,0.0,0.0,0.5203125,0.4796875
thermal_stress,contextual_bandit,819,125.8286688711687,31.72141584008932,94.10725297296484,1.695165530499071,18921.899449443816,1478.459408709407,0.0,33.4,27.05,1.75,0.0,0.36242605894804003,0.0,0.0,0.0,0.51015625,0.48984375
thermal_stress,fixed_ground,800,323.21808759597207,31.906870494782925,291.3112171011892,2.28542957236059,27154.227786827087,2564.5744918346404,0.0,40.1,48.2,3.2,0.0,0.3620730474591255,0.0,0.0,0.0,1.0,0.0
thermal_stress,fixed_ground,801,320.9000089773828,32.32779430821538,288.5722146691675,2.364331470709294,28202.9900434494,2558.949777030945,0.0,38.75,50.25,3.55,0.0,0.3620403170585632,0.0,0.0,0.0,1.0,0.0
thermal_stress,fixed_ground,802,321.4279819021263,32.28564638085663,289.14233552126973,2.305429658200592,27425.638431358337,2598.511531972885,0.0,39.6,48.15,3.35,0.0,0.36195348352193835,0.0,0.0,0.0,1.0,0.0
thermal_stress,fixed_ground,803,320.935326742121,31.79919706694782,289.13612967517327,2.2966366609558464,27247.275732040405,2551.1922342300413,0.0,39.6,48.15,2.5,0.0,0.36199625581502914,0.0,0.0,0.0,1.0,0.0
thermal_stress,fixed_ground,804,318.9205323124391,31.649218313395977,287.2713139990432,2.2898105782456697,27201.677820968627,2529.294681787491,0.0,38.9,48.8,3.4,0.0,0.3620858132839203,0.0,0.0,0.0,1.0,0.0
thermal_stress,fixed_ground,805,314.47173576909495,32.401435707882044,282.070300061213,2.3298149813432247,27785.765112113953,2595.202732563019,0.0,38.5,47.35,3.5,0.0,0.3619077935814857,0.0,0.0,0.0,1.0,0.0
thermal_stress,fixed_ground,806,316.5197600134919,32.074738655984405,284.4450213575075,2.2878093955572694,27187.510505485534,2585.931413793564,0.0,38.85,47.2,3.1,0.0,0.3620932728052139,0.0,0.0,0.0,1.0,0.0
thermal_stress,fixed_ground,807,315.981189467992,31.933978823944926,284.04721064404714,2.2908803868107497,27213.209783744813,2566.1566968917846,0.0,38.7,47.7,3.05,0.0,0.3620138823986053,0.0,0.0,0.0,1.0,0.0
thermal_stress,fixed_ground,808,324.00874610350576,32.1175189640373,291.89122713946847,2.312313329940662,27507.150277900695,2575.8109001636503,0.0,39.7,49.4,3.2,0.0,0.3621188387274742,0.0,0.0,0.0,1.0,0.0
thermal_stress,fixed_ground,809,325.56053165919997,32.49987851716578,293.0606531420343,2.338628439512104,27895.4030462265,2601.4874980449677,0.0,39.8,48.6,3.15,0.0,0.36196429580450057,0.0,0.0,0.0,1.0,0.0
thermal_stress,fixed_ground,810,316.2785652342377,31.662525448948145,284.6160397852896,2.275367123959586,26979.938335800172,2546.251531124115,0.0,38.75,48.6,2.75,0.0,0.3619498685002327,0.0,0.0,0.0,1.0,0.0
thermal_stress,fixed_ground,811,322.14680630699166,32.40177402123809,289.74503228575367,2.3493548065423964,27990.29565410614,2581.0082584381103,0.0,39.25,49.65,3.25,0.0,0.36192210465669633,0.0,0.0,0.0,1.0,0.0
thermal_stress,fixed_ground,812,313.9586286939235,32.02290325276554,281.93572544115807,2.3180981245823205,27566.09026584625,2554.739402294159,0.0,38.65,47.5,3.2,0.0,0.3621111109852791,0.0,0.0,0.0,1.0,0.0
thermal_stress,fixed_ground,813,323.8636141556811,32.16890160031617,291.694712555365,2.2980479975696655,27332.302053642274,2588.7365341186523,0.0,39.65,48.55,3.15,0.0,0.3620718136429787,0.0,0.0,0.0,1.0,0.0
thermal_stress,fixed_ground,814,316.41812790124646,31.82086407355964,284.5972638276869,2.257016736548394,26765.025307655334,2581.4819852828978,0.0,39.1,47.45,3.15,0.0,0.36195522993803025,0.0,0.0,0.0,1.0,0.0
thermal_stress,fixed_ground,815,325.0120240963448,31.922332652658223,293.0896914436867,2.2829776412807403,27124.36658554077,2570.7163883686067,0.0,40.2,49.05,2.6,0.0,0.3621197357773781,0.0,0.0,0.0,1.0,0.0
thermal_stress,fixed_ground,816,310.67193135480204,31.35218763872981,279.31974371607237,2.240661972668022,26523.727828979492,2529.2632811546328,0.0,38.1,47.5,3.1,0.0,0.36187983602285384,0.0,0.0,0.0,1.0,0.0
thermal_stress,fixed_ground,817,321.1525646647907,31.987393159046768,289.165171505744,2.3068408692255615,27420.52947616577,2560.3834652423857,0.0,39.55,48.3,3.15,0.0,0.36197321116924286,0.0,0.0,0.0,1.0,0.0
thermal_stress,fixed_ground,818,316.6319061608109,31.868185836076737,284.76372032473427,2.2843123224563895,27115.084269332885,2564.2945905685424,0.0,38.85,49.0,3.0,0.0,0.3619849160313606,0.0,0.0,0.0,1.0,0.0
thermal_stress,fixed_ground,819,316.85640506390143,31.722987948730587,285.13341711517086,2.2679003284312786,26888.093788528444,2559.2180284500123,0.0,39.05,47.3,2.9,0.0,0.3620417222380638,0.0,0.0,0.0,1.0,0.0
thermal_stress,fixed_onboard,800,297.82058174527435,68.51426114588976,229.30632061354078,2.083929382869974,38219.354221725465,75.64391846247017,0.0,38.45,37.2,0.0,0.0,0.371668903529644,0.0,0.0,1.0,0.0,0.0
thermal_stress,fixed_onboard,801,288.98962405515465,69.28447979092599,219.70514425826823,2.09688054388389,38614.48549308777,76.71027441695333,0.0,37.2,35.15,0.0,0.0,0.37211996912956236,0.0,0.0,1.0,0.0,0.0
thermal_stress,fixed_onboard,802,289.5591885595545,69.36638907939195,220.1927994898484,2.095136407809332,38557.023288345335,77.36500315666198,0.0,37.7,36.45,0.0,0.0,0.3731511399149895,0.0,0.0,1.0,0.0,0.0
thermal_stress,fixed_onboard,803,283.71815872585773,67.79386754781008,215.92429117953785,2.064826499391347,37685.356917190555,76.02571741007269,0.0,37.6,35.55,0.0,0.0,0.37224442064762114,0.0,0.0,1.0,0.0,0.0
thermal_stress,fixed_onboard,804,293.0731011418402,68.90670540556312,224.16639577800044,2.095629911124706,38563.62359428406,75.36089062727987,0.0,37.7,36.1,0.0,0.0,0.370977358520031,0.0,0.0,1.0,0.0,0.0
thermal_stress,fixed_onboard,805,290.1414222830385,69.71461950466036,220.42680279402444,2.1010635052341966,38738.98636322022,78.57581673189998,0.0,37.7,35.55,0.0,0.0,0.370146270096302,0.0,0.0,1.0,0.0,0.0
thermal_stress,fixed_onboard,806,286.12856690156457,69.0990667052567,217.02950018140683,2.0904117279220373,38412.066526794435,77.22821652144194,0.0,37.55,35.65,0.0,0.0,0.37251937240362165,0.0,0.0,1.0,0.0,0.0
thermal_stress,fixed_onboard,807,288.9509798586443,69.1527989782393,219.79818086326878,2.092676596157253,38479.04849014282,76.69416308254003,0.0,37.8,36.05,0.0,0.0,0.3729007691144943,0.0,0.0,1.0,0.0,0.0
thermal_stress,fixed_onboard,808,298.1514482820704,69.49508102610707,228.65636721498527,2.1000060675665737,38692.36873893738,76.51455344185233,0.0,38.35,37.45,0.0,0.0,0.3722224697470665,0.0,0.0,1.0,0.0,0.0
thermal_stress,fixed_onboard,809,306.05569808844473,70.26351357623935,235.7921845084802,2.1178090976085513,39206.08465003967,77.75080691166222,0.0,38.7,37.9,0.0,0.0,0.3729878157377243,0.0,0.0,1.0,0.0,0.0
thermal_stress,fixed_onboard,810,290.09767419298737,68.19308806210756,221.90458612789968,2.0745694883167745,37955.88846549988,75.58018014989793,0.0,37.75,35.55,0.0,0.0,0.3708404928445816,0.0,0.0,1.0,0.0,0.0
thermal_stress,fixed_onboard,811,294.36692658720165,69.09835937544703,225.26856718046224,2.0885332266800107,38383.89516792297,78.45406597740948,0.0,37.65,36.3,0.0,0.0,0.3693626940250397,0.0,0.0,1.0,0.0,0.0
thermal_stress,fixed_onboard,812,277.5493330999091,68.62023533731698,208.92909775812186,2.0791420554742217,38096.10281677246,76.75747466385364,0.0,37.55,35.25,0.0,0.0,0.37297420054674146,0.0,0.0,1.0,0.0,0.0
thermal_stress,fixed_onboard,813,293.84086498494446,69.3654416769743,224.4754233012647,2.094475836213678,38542.37198257446,78.84922390505672,0.0,37.65,35.85,0.0,0.0,0.37359270006418227,0.0,0.0,1.0,0.0,0.0
thermal_stress,fixed_onboard,814,288.5160217166245,69.24135604277254,219.2746656462849,2.0913170358166098,38434.642652130125,77.52258896529675,0.0,37.7,35.35,0.0,0.0,0.36836778968572614,0.0,0.0,1.0,0.0,0.0
thermal_stress,fixed_onboard,815,293.7444784918353,69.54749652221798,224.19698199345925,2.1011586402077227,38726.90485305786,77.52302548252047,0.0,37.85,36.25,0.0,0.0,0.37122863382101057,0.0,0.0,1.0,0.0,0.0
thermal_stress,fixed_onboard,816,285.5181479371488,68.3576084703207,217.16053945937762,2.080552573921159,38124.72638168335,75.65828319005668,0.0,37.4,35.15,0.0,0.0,0.3704572141170502,0.0,0.0,1.0,0.0,0.0
thermal_stress,fixed_onboard,817,292.060108445473,68.90398281365633,223.15612567354,2.086423373548314,38304.35315132141,76.64629734940827,0.0,38.1,36.7,0.0,0.0,0.37047696113586426,0.0,0.0,1.0,0.0,0.0
thermal_stress,fixed_onboard,818,291.53203479640183,68.87750740125776,222.65452738992877,2.089236606284976,38378.77219734192,77.53653251826763,0.0,37.95,36.3,0.0,0.0,0.37166505604982375,0.0,0.0,1.0,0.0,0.0
thermal_stress,fixed_onboard,819,283.9830540857464,68.49064514189959,215.49240895725794,2.080726945679635,38115.81398086548,74.54800479710102,0.0,37.4,35.55,0.0,0.0,0.370837028324604,0.0,0.0,1.0,0.0,0.0
thermal_stress,immediate_argmin,800,254.50152394291436,30.129953599721194,224.37157034021294,1.9550473531708121,22344.207052230835,2117.4134099602697,0.0,35.3,38.1,2.55,0.0,0.3624251067638397,0.0,0.0,0.0,0.80625,0.19375
thermal_stress,immediate_argmin,801,252.0732841977187,30.26905914694071,221.8042250541308,1.9756527021992951,22659.132594394683,2107.7320232391357,0.0,34.15,37.4,3.2,0.0,0.36209297329187395,0.0,0.0,0.0,0.80546875,0.19453125
thermal_stress,immediate_argmin,802,248.63886962174757,30.329405585676433,218.3094640368162,1.9531662063207478,22353.123197746278,2127.9707071244716,0.0,35.35,38.35,2.55,0.0,0.3620549708604813,0.0,0.0,0.0,0.80625,0.19375
thermal_stress,immediate_argmin,803,238.8054482440801,29.81774663068354,208.98770162047464,1.9368077368475496,22043.00817565918,2067.0296924233435,0.0,34.45,36.05,2.05,0.0,0.3620803952217102,0.0,0.0,0.0,0.79609375,0.20390625
thermal_stress,immediate_argmin,804,252.88594019014909,29.815200974419714,223.07073920604367,1.9504392339382322,22291.57924194336,2101.866329583526,0.0,35.05,38.25,2.9,0.0,0.3624629661440849,0.0,0.0,0.0,0.81015625,0.18984375
thermal_stress,immediate_argmin,805,247.9954750835288,30.490682175755502,217.5047929003227,2.005488985357806,23033.92557563782,2168.95890276134,0.0,34.65,37.1,2.9,0.0,0.36196866631507874,0.0,0.0,0.0,0.81171875,0.18828125
thermal_stress,immediate_argmin,806,244.92592656812448,30.267367772758007,214.65855879238626,1.9645272666122764,22477.21805820465,2159.907858020067,0.0,34.4,37.05,2.75,0.0,0.36234210729599,0.0,0.0,0.0,0.8140625,0.1859375
thermal_stress,immediate_argmin,807,249.8197245597932,30.114042741432787,219.70568182357584,1.9576601701788605,22469.223163795472,2147.234105527401,0.0,34.15,37.5,2.8,0.0,0.3620138823986053,0.0,0.0,0.0,0.828125,0.171875
thermal_stress,immediate_argmin,808,257.12685099940154,30.266430252417923,226.86042076188477,1.972726646112278,22668.66601924896,2161.95172188282,0.0,35.45,39.85,2.45,0.0,0.36212713420391085,0.0,0.0,0.0,0.82578125,0.17421875
thermal_stress,immediate_argmin,809,259.4696822141946,30.536396007984877,228.93328620546467,1.9839407610706985,22807.241453266142,2153.117731875181,0.0,35.15,39.55,2.85,0.0,0.36196429580450057,0.0,0.0,0.0,0.81484375,0.18515625
thermal_stress,immediate_argmin,810,246.00394449806504,29.66228940933943,216.34165509319595,1.9018552670720965,21634.407370471956,2070.8032480418683,0.0,34.5,37.6,2.3,0.0,0.3621213436126709,0.0,0.0,0.0,0.80078125,0.19921875
thermal_stress,immediate_argmin,811,252.8467030396726,30.472938685119153,222.37376433965227,1.9968655627686531,22941.26845636368,2135.4691382691262,0.0,34.3,38.65,2.95,0.0,0.36196989715099337,0.0,0.0,0.00078125,0.8125,0.18671875
thermal_stress,immediate_argmin,812,238.20339963829798,30.005881115794182,208.19751851207297,1.9398781356867403,22166.322915267945,2090.2185924828054,0.0,34.05,36.7,2.5,0.0,0.36217803359031675,0.0,0.0,0.0,0.80546875,0.19453125
thermal_stress,immediate_argmin,813,246.42405484093624,30.213603750243784,216.21045109218258,1.9488015424925833,22282.60003128052,2114.464509987831,0.0,34.45,36.15,2.7,0.0,0.36232965588569643,0.0,0.0,0.0,0.80390625,0.19609375
thermal_stress,immediate_argmin,814,243.05884776200728,29.906010535359382,213.15283721919732,1.925318828271702,21942.39422340393,2152.1280216887594,0.0,33.85,36.8,2.85,0.0,0.3620619311928749,0.0,0.0,0.00078125,0.81171875,0.1875
thermal_stress,immediate_argmin,815,241.43031112323956,30.033646491914986,211.39666462685423,1.940003015100956,22108.577100276947,2094.148868635297,0.0,34.45,35.75,2.15,0.0,0.3623988166451454,0.0,0.0,0.0,0.7890625,0.2109375
thermal_stress,immediate_argmin,816,238.17765171235973,29.52404763996601,208.65360408617735,1.9168300358578563,21761.743889808655,2087.0391350626946,0.0,34.05,35.3,2.75,0.0,0.36208640933036806,0.0,0.0,0.0,0.80078125,0.19921875
thermal_stress,immediate_argmin,817,252.23035979857022,30.129840752109885,222.10051905391092,1.9580837938468902,22423.838476371766,2126.097846633196,0.0,35.0,38.6,2.65,0.0,0.3620031997561455,0.0,0.0,0.0,0.8125,0.1875
thermal_stress,immediate_argmin,818,242.51178842221384,30.001575841754676,212.51021258492952,1.9338704888243228,22110.393213844298,2105.225236821175,0.0,33.95,36.45,2.45,0.0,0.3621307462453842,0.0,0.0,0.0,0.81015625,0.18984375
thermal_stress,immediate_argmin,819,244.54048371185232,29.702446231245993,214.83803748209644,1.9112155604176224,21763.743546772002,2098.986758115888,0.0,34.6,37.8,2.4,0.0,0.3621617153286934,0.0,0.0,0.00078125,0.80625,0.19296875
thermal_stress,md_cbad_dqn,800,97.13091475106776,31.23104527182877,65.8998695190996,1.5688968881964684,17569.73054742813,1018.6188980847597,0.0,28.95,0.0,1.45,0.0,0.36392987668514254,0.0,0.0,0.0,0.31328125,0.68671875
thermal_stress,md_cbad_dqn,801,99.77055388689041,33.015407817810775,66.75514617413282,1.5993670706637204,18444.14979915619,921.2721710577607,0.0,29.15,0.0,1.4,0.0,0.3640970677137375,0.0,0.0,0.04375,0.275,0.68125
thermal_stress,md_cbad_dqn,802,96.46016729347409,32.07484393902123,64.38532326094807,1.5782656418625265,17913.647807502748,954.8447297394275,0.0,28.7,0.0,1.4,0.0,0.36262384206056597,0.0,0.0,0.0,0.2875,0.7125
thermal_stress,md_cbad_dqn,803,94.56295376442372,31.258517414703967,63.30443642050028,1.5698961402289568,17500.235251617432,1010.1224210776388,0.0,28.3,0.0,0.95,0.0,0.3640109196305275,0.0,0.0,0.034375,0.29765625,0.66796875
thermal_stress,md_cbad_dqn,804,97.1767283744365,31.6686689581722,65.5080593715608,1.5810850497335196,17887.398180007935,1057.9206649437547,0.0,29.1,0.0,1.8,0.0,0.36327980160713197,0.0,0.0,0.0296875,0.33984375,0.63046875
thermal_stress,md_cbad_dqn,805,98.79661692418158,32.42456392962485,66.37205302342772,1.6029251953586936,18232.54653015137,936.1692654639482,0.0,29.0,0.0,1.1,0.0,0.3623177245259285,0.0,0.0,0.0,0.25703125,0.74296875
thermal_stress,md_cbad_dqn,806,97.8839095275849,32.44593790248037,65.43797171711921,1.590031027374789,18186.063962745666,1051.755554780364,0.0,28.6,0.0,1.5,0.0,0.3650006204843521,0.0,0.0,0.0375,0.325,0.6375
thermal_stress,md_cbad_dqn,807,97.07460541918874,31.97292038537562,65.10168509602548,1.576279190601781,17843.90359325409,929.9355019003153,0.0,28.45,0.0,1.45,0.0,0.36322409361600877,0.0,0.0,0.0,0.27578125,0.72421875
thermal_stress,md_cbad_dqn,808,98.31694540135562,32.12569597773254,66.19124955847859,1.5774615111295134,17877.553684139253,936.5790071099997,0.0,29.0,0.0,1.3,0.0,0.36460976749658586,0.0,0.0,0.00078125,0.26953125,0.7296875
thermal_stress,md_cbad_dqn,809,102.20776880554855,33.45501113049686,68.75275767058135,1.6017489191144705,18395.853497123717,788.8915642052889,0.0,29.85,0.0,1.1,0.0,0.36324320286512374,0.0,0.0,0.0,0.1859375,0.8140625
thermal_stress,md_cbad_dqn,810,95.77339465975761,31.261211355030536,64.51218328759074,1.5708904472645373,17706.118234539033,1095.5819249719382,0.0,28.35,0.0,1.35,0.0,0.3642990097403526,0.0,0.0,0.02578125,0.3625,0.61171875
thermal_stress,md_cbad_dqn,811,99.99057144805789,32.29039629101753,67.7001752486825,1.5922157148830594,17993.141366767883,922.7581654518842,0.0,29.45,0.0,1.65,0.0,0.36285716891288755,0.0,0.0,0.0,0.24921875,0.75078125
thermal_stress,md_cbad_dqn,812,94.00377055175602,30.841498898342252,63.16227162957191,1.586950761685148,17850.095534420012,1228.5833442658186,0.0,28.1,0.0,1.8,0.0,0.3640882045030594,0.0,0.0,0.0,0.41875,0.58125
thermal_stress,md_cbad_dqn,813,98.19455919578671,31.668288798630236,66.52627045638859,1.5860188995487987,17864.86439599991,1020.8384120464325,0.0,29.15,0.0,1.5,0.0,0.36305311471223833,0.0,0.0,0.0,0.30546875,0.69453125
thermal_stress,md_cbad_dqn,814,96.50395708277821,31.85280633829534,64.65115079514683,1.5782636713702232,17818.22585000992,1019.4166679710149,0.0,28.65,0.0,1.25,0.0,0.3630511686205864,0.0,0.0,0.00078125,0.3015625,0.69765625
thermal_stress,md_cbad_dqn,815,97.5144623567909,32.12883031629026,65.3856321015954,1.5809617599006742,17942.582965660094,912.0077063977718,0.0,28.85,0.0,0.8,0.0,0.3644875302910805,0.0,0.0,0.0015625,0.2546875,0.74375
thermal_stress,md_cbad_dqn,816,93.70474494598805,30.94180695079267,62.76293804436922,1.562990505900234,17505.35589532852,1033.1385998398066,0.0,27.7,0.0,1.05,0.0,0.3632692113518715,0.0,0.0,0.0,0.328125,0.671875
thermal_stress,md_cbad_dqn,817,96.50717731259763,31.34807848446071,65.15909878343344,1.5780192373786122,17730.684889507294,1003.0929215997458,0.0,28.5,0.0,1.4,0.0,0.36298605501651765,0.0,0.0,0.0,0.28984375,0.71015625
thermal_stress,md_cbad_dqn,818,98.3357378052175,31.455788414552806,66.87994953893124,1.5798759683035315,17707.488241767882,1085.8217500925064,0.0,29.05,0.0,1.55,0.0,0.3632639333605766,0.0,0.0,0.0,0.34375,0.65625
thermal_stress,md_cbad_dqn,819,94.1120462049544,31.370345529541375,62.74170066423714,1.568816023832187,17693.449569034576,1002.6169157981873,0.0,28.0,0.0,0.95,0.0,0.3640833184123039,0.0,0.0,0.0,0.30703125,0.69296875
thermal_stress,mpc_h4,800,108.82731564505147,31.343010000139476,77.48430559089527,1.675441946554929,18724.522971057893,1441.2407028764487,0.0,32.6,4.25,1.2,312.0219851494767,0.3625916227698326,0.0,0.0,0.00625,0.5,0.49375
thermal_stress,mpc_h4,801,109.96160562806915,32.34746051207185,77.6141451238204,1.6995483577717097,19279.959221458434,1371.6009587310255,0.0,32.2,5.0,1.05,314.47571995668113,0.36209297329187395,0.0,0.0,0.00703125,0.4734375,0.51953125
thermal_stress,mpc_h4,802,109.23619557072008,31.81008485145867,77.426110848529,1.686244781082496,18944.51753177643,1443.6775343477725,0.0,32.65,3.95,1.15,317.2441049886402,0.36205453276634214,0.0,0.0,0.00546875,0.49609375,0.4984375
thermal_stress,mpc_h4,803,108.09704570403491,31.23161851130426,76.86542726351118,1.6741173875983804,18643.649021720885,1416.0522987015545,0.0,32.35,5.95,0.95,318.49322519265115,0.3620803952217102,0.0,0.0,0.00234375,0.4953125,0.50234375
thermal_stress,mpc_h4,804,110.00975281003284,31.68013996630907,78.32961281131375,1.6864001743029804,18936.84535102844,1397.0496903955936,0.0,32.85,4.35,1.05,307.28059499524534,0.36249147951602934,0.0,0.0,0.00546875,0.48671875,0.5078125
thermal_stress,mpc_h4,805,111.15681453261418,32.53537267372012,78.6214417568211,1.7127555563580246,19383.852660942077,1411.059501864016,0.0,32.6,5.95,0.9,307.11344490991905,0.36196866631507874,0.0,0.0,0.00546875,0.46796875,0.5265625
thermal_stress,mpc_h4,806,108.58252370221422,31.9775771278888,76.6049465933244,1.6893137049861253,19034.72108974457,1446.5969873793424,0.0,32.1,5.7,1.05,309.48255988187157,0.36243453770875933,0.0,0.0,0.00625,0.4953125,0.4984375
thermal_stress,mpc_h4,807,109.43818278705994,32.00614733546972,77.43203545308033,1.682303261756897,18976.9972571373,1418.5783012419938,0.0,32.4,4.7,1.45,308.7832950055599,0.36213871240615847,0.0,0.0,0.00390625,0.496875,0.49921875
thermal_stress,mpc_h4,808,111.5822948281378,32.08471675738692,79.4975781247676,1.6888014297932386,19050.07133407593,1419.8367619469761,0.0,32.85,6.45,1.0,310.7495400530752,0.3624712660908699,0.0,0.0,0.003125,0.490625,0.50625
thermal_stress,mpc_h4,809,113.7153365604482,32.576907535642384,81.13842907323456,1.6991587015800178,19247.374427127837,1407.820268329233,0.0,33.15,7.85,1.2,306.6023651568685,0.36196429580450057,0.0,0.0,0.00703125,0.48046875,0.5125
thermal_stress,mpc_h4,810,107.29718506386644,31.04682986661792,76.25035525387294,1.6628580366261303,18559.82514028549,1432.7115123480557,0.0,32.2,3.7,0.85,305.9056698868517,0.3622454717755318,0.0,0.0,0.00390625,0.509375,0.48671875
thermal_stress,mpc_h4,811,111.8950567091753,32.29564068801701,79.59941608076292,1.691127721592784,19137.923245716094,1409.5496507674457,0.0,32.5,5.25,1.5,305.5187198333442,0.36210803091526034,0.0,0.0,0.0046875,0.48359375,0.51171875
thermal_stress,mpc_h4,812,106.8118602061774,31.548091535270213,75.26376877111748,1.6794469916261732,18863.035792541505,1438.3836847148837,0.0,31.8,4.35,0.9,307.27245496818796,0.36217803359031675,0.0,0.0,0.00390625,0.50078125,0.4953125
thermal_stress,mpc_h4,813,110.03911724541781,31.812483710423113,78.22663356628712,1.6898125984240324,18994.668804454803,1451.5648689731956,0.0,32.7,3.4,1.05,302.364245132776,0.36232965588569643,0.0,0.0,0.00546875,0.496875,0.49765625
thermal_stress,mpc_h4,814,107.03836587664514,31.668624823540448,75.36974107620148,1.6775259827263653,18779.005053043365,1449.8055006042123,0.0,31.75,5.3,1.1,304.95107505703345,0.36224070340394976,0.0,0.0,0.00546875,0.48828125,0.50625
thermal_stress,mpc_h4,815,109.38392768944406,31.625540480390192,77.75838726232553,1.686190215498209,18926.62903633118,1445.3687411077321,0.0,32.7,3.75,0.75,303.7082400114741,0.3624096527695656,0.0,0.0,0.0015625,0.49453125,0.50390625
thermal_stress,mpc_h4,816,105.99680821724539,30.932261489704253,75.06454676628417,1.6745757907163352,18671.663267326356,1438.4159348145126,0.0,31.8,3.9,0.7,302.97998496098444,0.36208640933036806,0.0,0.0,0.00390625,0.50234375,0.49375
thermal_stress,mpc_h4,817,109.96001724358867,31.76491712927818,78.19510009717416,1.694700863957405,19009.068606567384,1438.4127477124334,0.0,32.7,4.3,0.85,303.2518899766728,0.3620031997561455,0.0,0.0,0.00390625,0.48828125,0.5078125
thermal_stress,mpc_h4,818,109.0569655292204,31.624557312950493,77.43240817342908,1.6775195120833815,18849.96840314865,1440.4248394161464,0.0,32.0,5.55,1.0,306.12434000940993,0.3621307462453842,0.0,0.0,0.00625,0.50703125,0.48671875
thermal_stress,mpc_h4,819,105.86670300924236,31.113273871317507,74.75342925452644,1.6653161759953945,18609.41290330887,1466.1099876895546,0.0,31.9,3.65,1.45,305.88710994343273,0.36242605894804003,0.0,0.0,0.003125,0.51484375,0.48203125
thermal_stress,standard_dqn,800,97.07253056943418,31.41035751439631,65.66217306919395,1.5690756209660321,17628.67810096741,990.3533353023231,0.0,28.8,0.0,1.4,0.0,0.36392987668514254,0.0,0.0,0.00859375,0.3046875,0.68671875
thermal_stress,standard_dqn,801,104.19933550924063,34.7717497639358,69.42758573003114,1.635010111052543,18839.217416191103,633.5895303294062,0.0,29.75,0.0,0.85,0.0,0.3639280736446381,0.0,0.0,0.0328125,0.07109375,0.89609375
thermal_stress,standard_dqn,802,98.10918431140483,33.164243913441894,64.94494041323662,1.595207367138937,18082.195965862273,718.8845233798027,0.0,28.75,0.0,1.15,0.0,0.3626803532242775,0.0,0.0,0.0015625,0.1296875,0.86875
thermal_stress,standard_dqn,803,97.47629679486155,33.02764303199947,64.44865392118693,1.603615882899612,18628.01406402588,1082.0422411039472,0.0,28.5,0.0,1.1,0.0,0.3640109196305275,0.0,0.0,0.1296875,0.34609375,0.52421875
thermal_stress,standard_dqn,804,99.93050855696201,33.82744477763772,66.10306377708912,1.6045853357762099,18418.903251361848,693.8462288670241,0.0,29.25,0.0,1.1,0.0,0.3645991325378418,0.0,0.0,0.03671875,0.128125,0.83515625
thermal_stress,standard_dqn,805,100.83318546451628,32.50427860692143,68.32890692502261,1.619243264524266,18358.396931266783,1040.4759852439165,0.0,29.4,0.0,1.7,0.0,0.36198016107082365,0.0,0.0,0.0,0.30078125,0.69921875
thermal_stress,standard_dqn,806,98.73341433294118,32.72734615020454,66.00606819540262,1.6010504662059248,18363.476998901366,1067.157464917004,0.0,28.7,0.0,1.45,0.0,0.3652163103222847,0.0,0.0,0.059375,0.31953125,0.62109375
thermal_stress,standard_dqn,807,98.16932587020099,32.63391961287707,65.53540635138751,1.5882838399149477,17984.96261434555,807.6979339122772,0.0,28.6,0.0,1.05,0.0,0.36246076971292496,0.0,0.0,0.0,0.19140625,0.80859375
thermal_stress,standard_dqn,808,99.42758030615747,32.96182313077152,66.46575707852841,1.5908295303117483,18085.97965364456,773.4575003683567,0.0,29.15,0.0,1.0,0.0,0.36460976749658586,0.0,0.0,0.0015625,0.16796875,0.83046875
thermal_stress,standard_dqn,809,101.58299847945571,33.03231564648449,68.5506828765571,1.5998347397893666,18226.067394828795,828.7663205176592,0.0,29.75,0.0,1.15,0.0,0.36358854472637175,0.0,0.0,0.0,0.19609375,0.80390625
thermal_stress,standard_dqn,810,95.97890697471797,30.98258810862899,64.99631884634495,1.5674152269028128,17551.609641647337,1108.462093631178,0.0,28.55,0.0,1.25,0.0,0.3642725616693497,0.0,0.0,0.003125,0.3625,0.634375
thermal_stress,standard_dqn,811,99.85661103010179,32.495329254865645,67.36128191754223,1.5888151134364308,18062.21092853546,858.3410818606615,0.0,29.4,0.0,1.45,0.0,0.36296104788780215,0.0,0.0,0.0,0.23046875,0.76953125
thermal_stress,standard_dqn,812,94.61143663927912,31.22256074845791,63.38887598395347,1.584994908887893,17871.705399036407,1152.6826628994197,0.0,28.1,0.0,1.65,0.0,0.3640882045030594,0.0,0.0,0.01953125,0.38515625,0.5953125
thermal_stress,standard_dqn,813,98.61527081340552,31.76526841521263,66.8500024484843,1.58997982875444,17940.009966087342,1061.8290023267268,0.0,29.35,0.0,1.65,0.0,0.364000204205513,0.0,0.0,0.0,0.33203125,0.66796875
thermal_stress,standard_dqn,814,96.4756460467726,32.237139388173816,64.2385065766424,1.577213613782078,17871.114278030396,906.3219344735146,0.0,28.55,0.0,1.05,0.0,0.3631500005722046,0.0,0.0,0.00078125,0.24375,0.75546875
thermal_stress,standard_dqn,815,98.48960258021951,32.36442300491035,66.12517949745059,1.5949000114109366,18335.80582561493,1071.9576687056572,0.0,29.05,0.0,0.75,0.0,0.3644875302910805,0.0,0.0,0.04453125,0.353125,0.60234375
thermal_stress,standard_dqn,816,93.84343377895654,30.602124965563416,63.241308747082954,1.568710946943611,17480.810936546324,1105.5096865206956,0.0,27.9,0.0,1.05,0.0,0.36296961456537247,0.0,0.0,0.0,0.35546875,0.64453125
thermal_stress,standard_dqn,817,96.68080679245294,31.95618404150009,64.7246228057146,1.5750001268927007,17789.008369350435,876.9641498118639,0.0,28.4,0.0,1.1,0.0,0.36311414539813996,0.0,0.0,0.0,0.22578125,0.77421875
thermal_stress,standard_dqn,818,98.55597535301,32.4767231317237,66.07925239525736,1.576941070565954,17880.100096321105,859.2099447607994,0.0,28.9,0.0,1.3,0.0,0.36362588554620745,0.0,0.0,0.0,0.2328125,0.7671875
thermal_stress,standard_dqn,819,95.23693076632917,32.25024073906243,62.98668998703361,1.5726432441733778,17847.14961833954,819.9366363942623,0.0,28.05,0.0,0.85,0.0,0.3647759109735489,0.0,0.0,0.0,0.20859375,0.79140625
thermal_stress,threshold,800,244.14742063606508,32.18178835734725,211.96563227275738,1.9691856893710793,23146.94696483612,2056.070611986518,0.0,34.45,35.25,1.05,0.0,0.3624251067638397,0.0,0.0,0.02578125,0.76875,0.20546875
thermal_stress,threshold,801,238.90096848637546,32.564250671491024,206.33671779588545,1.9831709104590118,23413.427143669127,2008.673542843014,0.0,33.7,33.65,1.1,0.0,0.36209297329187395,0.0,0.0,0.028125,0.75078125,0.22109375
thermal_stress,threshold,802,248.36366473343833,32.366409953683615,215.9972547797547,1.972832475276664,23207.460962104797,2075.649866280705,0.0,34.95,36.5,0.9,0.0,0.3620549708604813,0.0,0.0,0.0234375,0.76953125,0.20703125
thermal_stress,threshold,803,237.40665742962966,31.801479046046733,205.60517837799497,1.96596933407709,22966.92506504059,2051.282177272439,0.0,34.25,34.5,0.85,0.0,0.3620803952217102,0.0,0.0,0.01953125,0.77265625,0.2078125
thermal_stress,threshold,804,247.4698065652267,31.99954539462924,215.47026117059744,1.978109478810802,23250.70330877304,2038.5156712040305,0.0,34.8,36.0,1.0,0.0,0.3624629661440849,0.0,0.0,0.02421875,0.76796875,0.2078125
thermal_stress,threshold,805,241.31051899781414,32.66995593570173,208.6405630770136,2.0106125485617667,23697.61374397278,2081.430345120281,0.0,34.55,35.05,1.05,0.0,0.36196866631507874,0.0,0.0,0.02421875,0.759375,0.21640625
thermal_stress,threshold,806,236.81939258167236,32.18128255829215,204.638110033811,1.945243019098416,22804.876139068605,2071.131564120203,0.0,33.6,34.95,1.25,0.0,0.36234210729599,0.0,0.0,0.02109375,0.76640625,0.2125
thermal_stress,threshold,807,240.31922455119638,32.295347998291255,208.02387655812058,1.9685530630405992,23209.232439041138,2057.41398040615,0.0,33.8,34.4,0.75,0.0,0.3620138823986053,0.0,0.0,0.0234375,0.775,0.2015625
thermal_stress,threshold,808,254.11650886215534,32.67739397250116,221.439114887419,2.0031885259319098,23625.881560325623,2095.7388770312073,0.0,35.35,37.0,0.75,0.0,0.36212713420391085,0.0,0.0,0.01796875,0.7734375,0.20859375
thermal_stress,threshold,809,251.33859911348776,33.0118422023952,218.32675691556292,2.000130315916613,23703.920956897735,2078.128990729153,0.0,35.25,36.25,0.9,0.0,0.36196429580450057,0.0,0.0,0.0265625,0.76328125,0.21015625
thermal_stress,threshold,810,244.78331165698054,31.89946938417852,212.88384227652733,1.961319940397516,23069.689859104157,2054.5510377660394,0.0,34.5,35.05,0.65,0.0,0.3621213436126709,0.0,0.0,0.02421875,0.78203125,0.19375
thermal_stress,threshold,811,246.37703127049477,32.832924388349056,213.54410686128412,1.9983787468168885,23598.68963880539,2046.309057201445,0.0,34.5,35.05,1.15,0.0,0.36196989715099337,0.0,0.0,0.02265625,0.75703125,0.2203125
thermal_stress,threshold,812,235.52649156561364,32.13463814780116,203.39185340291132,1.946270313160494,22892.954907417297,2027.6280386783183,0.0,33.65,33.6,0.9,0.0,0.36217803359031675,0.0,0.0,0.0234375,0.76796875,0.20859375
thermal_stress,threshold,813,246.696688384943,32.28322471641004,214.41346366853296,1.9670549512375146,23111.711246109007,2073.9794838517905,0.0,34.75,35.4,0.8,0.0,0.36232965588569643,0.0,0.0,0.02421875,0.76953125,0.20625
thermal_stress,threshold,814,231.72044085319484,31.979998856782913,199.74044199790205,1.9479309570044279,22870.076553630828,2093.5139473095537,0.0,33.65,34.05,1.15,0.0,0.3620619311928749,0.0,0.0,0.0234375,0.77578125,0.20078125
thermal_stress,threshold,815,238.29893395241956,32.078553178161386,206.2203807735131,1.9552729358896612,22919.634484004975,2059.1855737745764,0.0,34.2,34.4,1.0,0.0,0.3623988166451454,0.0,0.0,0.01640625,0.76171875,0.221875
thermal_stress,threshold,816,231.0745019903925,31.47639374025166,199.59810825163095,1.9377870842348783,22610.382637023926,2046.9042912468315,0.0,33.8,34.05,1.05,0.0,0.36208640933036806,0.0,0.0,0.01875,0.775,0.20625
thermal_stress,threshold,817,245.46796400464163,32.28133813291788,213.1866258665084,1.9932660338934511,23399.64058933258,2067.5665245734153,0.0,34.8,35.45,1.1,0.0,0.3620031997561455,0.0,0.0,0.0171875,0.76953125,0.21328125
thermal_stress,threshold,818,237.53520055228455,31.858753768354653,205.67644679063542,1.9382602620404215,22722.553034591674,2041.8217195391655,0.0,33.9,34.85,0.85,0.0,0.3621307462453842,0.0,0.0,0.025,0.7734375,0.2015625
thermal_stress,threshold,819,238.2578974467875,31.676484345272183,206.58141310226037,1.945138562656939,22722.735356998444,2073.0167842693627,0.0,34.1,35.15,1.15,0.0,0.3621617153286934,0.0,0.0,0.0203125,0.778125,0.2015625
